iter,rho,price_mean,imb_mean,primal_res,dual_res
1,0.3,8.388341302535673,-17.9611376751189,970.4934777318539,Inf
2,0.3,-14.45253081150323,76.13624038012969,4478.598917757267,1009.1082631023589
3,0.315,82.04997826987372,-360.420201984601,19552.206415654062,2871.8542203923653
4,0.33075000000000004,56.06439135436181,89.73802911632627,8828.396766971851,3298.810429884555
5,0.3472875000000001,210.19311823599023,-596.3749086533845,32134.112575737036,5122.338355803969
6,0.3646518750000001,206.14715588038,14.47541707857835,10491.867061038149,5697.186825067425
7,0.38288446875000015,368.3843540242949,-650.3564634770263,34967.21302592427,5559.65795520057
8,0.4020286921875002,413.5732450726536,-167.49667234028558,13881.044163257755,5598.585531770821
9,0.4221301267968752,600.3638389759815,-775.7490952962556,42290.203003527095,5518.047896060696
10,0.443236633136719,697.0740951306772,-371.37467490842374,21901.238952370353,5550.0782064504465
11,0.465398464793555,859.4261249098785,-698.536733395455,38030.767600278225,3889.733283242541
12,0.48866838803323276,965.9706620447024,-423.873425417146,24454.088157223116,4922.319922551796
13,0.5131018074348944,1115.1470629453606,-664.9621146576267,36341.07361926751,3750.776247816197
14,0.5387568978066392,1209.0616395679947,-387.08225187604256,23288.59807021736,5355.513989332859
15,0.5656947426969712,1338.968225608163,-599.9198040690114,33258.91988308506,3987.9622371271153
16,0.5939794798318198,1414.9904636946396,-324.6206600041014,20986.684103567357,5882.489853069197
17,0.6236784538234108,1523.2175136634678,-517.8012580680711,29257.736198377963,4200.08664144365
18,0.6548623765145813,1599.486721109514,-337.4038161001205,20789.064007407804,4794.14586864419
19,0.6876054953403105,1679.156928184741,-394.90122231666135,22955.104627247536,2640.705712551937
20,0.721985770107326,1738.7053933101188,-272.9207651462963,17988.521112576876,3845.7718671481425
21,0.7580850586126924,1804.9894511713671,-280.8979516165661,17535.34876381466,2636.5538142023543
22,0.7959893115433271,1852.4278078017408,-185.8842512395721,14153.304923336374,3699.672954118075
23,0.8357887771204935,1895.9202875520011,-157.57982246679938,12220.263939307746,2957.191428709399
24,0.8775782159765182,1926.5645373555003,-102.66180767568079,10206.739391850942,3312.775440186862
25,0.9214571267753442,1945.5728630065362,-58.881281446162234,8375.322787649784,3281.5190487553527
26,0.9675299831141114,1951.82321482793,-17.902403001016538,7161.283705571058,3364.411458960783
27,1.015906482269817,1945.1472579725767,17.680472338564854,6570.583164396719,3408.937233646799
28,1.0667018063833078,1926.7048193397088,46.51675274621252,6494.965944001934,3394.6051982845174
29,1.1200368967024732,1902.7163462134047,67.79308912449017,6689.41770687241,3382.366944580137
30,1.1760387415375968,1876.405943684756,83.31094978902573,7083.074836443793,3328.0271987554806
31,1.2348406786144768,1850.14234681116,93.17954213357615,7410.755203806013,3263.575235388643
32,1.2965827125452007,1824.9631799813267,100.09203035807634,7728.290371744862,3247.77714656139
33,1.3614118481724609,1801.4045665635474,104.92999316109652,7957.735528408106,3210.766456973635
34,1.429482440581084,1776.2507084341416,106.70019837989243,7977.520045925228,3105.0420522563445
35,1.5009565626101382,1749.4086346999838,105.28103869356931,7767.331249190578,3002.276977036368
36,1.5760043907406451,1721.0478212196924,102.8552006812811,7466.306354876108,2913.859691634923
37,1.6548046102776774,1691.1596790286194,100.2259010012922,7125.188775678562,2838.3654122540593
38,1.7375448407915615,1659.8259952864487,97.15518438690661,6737.847001275005,2746.1245394495472
39,1.8244220828311397,1627.4323864035393,92.8725425187526,6280.204164782932,2659.1362931341982
40,1.9156431869726969,1594.3951535819997,87.58004036911528,5789.418689869786,2582.228976524872
41,2.0114253463213316,1560.8037894516851,82.33843232657284,5332.630716036258,2523.656884372425
42,2.111996613637398,1526.6076184324436,77.50431994405726,4920.654196044581,2462.9322277171336
43,2.2175964443192684,1491.9832474905616,72.56108993931467,4530.081975283141,2405.8861641184367
44,2.328476266535232,1457.0681176400608,67.65642466153186,4185.593775340757,2347.7218548423753
45,2.4449000798619935,1422.0180383574425,62.79974248772382,3880.0408506945773,2298.2023704724443
46,2.567145083855093,1386.9146941673957,58.155504397285426,3606.49148869699,2276.350981929992
47,2.695502338047848,1351.597419804327,54.10071313913845,3390.3120701000016,2254.3620360999016
48,2.8302774549502403,1315.897618252728,50.565591153402046,3206.78499472693,2203.822108546533
49,2.9717913276977526,1279.711022893186,47.3925947770713,3026.905642970777,2130.0500430039883
50,3.1203808940826403,1243.0046180736192,44.45064726565564,2841.222172477466,2054.7042882865494
51,3.2763999387867724,1206.0651873857337,41.36184600697447,2651.5315221291503,1972.6916686298657
52,3.440219935726111,1169.1455332813516,38.224412165151804,2459.67262079899,1902.8812817272978
53,3.612230932512417,1132.361060365175,35.21447398033709,2264.198741906794,1829.7556308889596
54,3.792842479138038,1095.9478017483273,32.232180755495705,2077.0810086184,1762.9737461576892
55,3.792842479138038,1061.1759915875566,29.882726463474537,1931.3047021249688,1676.547610901345
56,3.792842479138038,1027.4240219603366,28.161437293694245,1816.143786028623,1592.4265526789131
57,3.792842479138038,994.5894273659692,26.598070242402677,1716.4904044740151,1520.9715303706143
58,3.792842479138038,962.3114905604192,25.385575439207404,1635.1280245084918,1455.6743994676604
59,3.792842479138038,929.920551690834,24.73247377198049,1580.0597215021628,1389.9410253856765
60,3.792842479138038,897.0585456309151,24.361322855351307,1545.196091542151,1319.9441594815194
61,3.792842479138038,864.5427514258952,24.104668445447896,1524.8695480712677,1267.85674161803
62,3.98248460309494,830.9310859384553,23.73053501222165,1499.07347989269,1217.92075182974
63,4.181608833249688,796.3109515359978,23.278604803848733,1469.3577951184707,1172.4806940382655
64,4.390689274912172,759.8818858400501,22.649035216520765,1431.0342002320485,1143.991972366991
65,4.610223738657781,722.5358903012436,21.46936459678937,1362.0605991244277,1134.6603930322951
66,4.84073492559067,684.6548662841616,20.135867144580907,1284.4772692890074,1117.7973729148282
67,4.84073492559067,647.7620584716952,19.039393566249196,1219.8770692148219,1096.9115796601252
68,4.84073492559067,611.5530062677044,18.14225780958026,1166.9308355891674,1081.2205431025332
69,4.84073492559067,575.6980949322075,17.441571206027156,1125.3010210897505,1070.4526438668122
70,4.84073492559067,540.031564732371,16.844595599470807,1089.890377547853,1057.4294618181304
71,4.84073492559067,504.5120910658179,16.286547293434992,1056.507004094859,1039.471259034132
72,4.84073492559067,469.2303345210338,15.706357456124449,1022.2731722976066,1020.6534707662604
73,4.84073492559067,435.5053366112921,15.013336189911534,981.6550734656598,1017.9872382283221
74,4.84073492559067,403.5285043502945,14.23510638333017,936.9074384602388,1021.7094623898508
75,4.84073492559067,373.2767335744552,13.467161842777214,891.7397520412419,1028.5655956334608
76,4.84073492559067,344.7504499373294,12.699027814297619,847.1406199376651,1024.5429593036545
77,4.610223738657781,318.75010785993385,12.153283792355026,813.7151218975803,1013.6715234492358
78,4.390689274912172,294.84999612667133,11.730156537311677,787.6361033067394,1009.5834168020991
79,4.181608833249688,272.88974206989997,11.316979668880924,763.0299468252285,995.2638160993104
80,3.9824846030949406,252.54636784790907,10.687305845232865,721.8742223614494,954.5151258940122
81,3.7928424791380384,237.16993364286236,9.97863776379324,689.7538188228309,1010.491353238855
82,3.6122309325124173,226.13308974715125,8.847710350199106,633.9831728973874,1090.6501078069082
83,3.4402199357261116,218.55157114079788,7.507797928399279,581.6464108356739,1190.3496967657397
84,3.276399938786773,212.5574473397853,6.232630455988502,524.6113612034663,1203.4940646898851
85,3.1203808940826407,207.6717720018301,5.334080578963109,491.3846134865521,1206.5202822139588
86,2.971791327697753,203.40254921638774,4.894102782207666,483.99933571646636,1188.6164796468972
87,2.8302774549502407,199.45789032483162,4.748134585046268,481.84222392623195,1172.0885934104006
88,2.6955023380478482,195.70718121953615,4.740413738281267,482.7222013261466,1152.601083099669
89,2.5671450838550935,191.94988734446548,4.840944506870249,492.20821987113175,1128.031860734486
90,2.4449000798619935,188.28486318553325,4.958166200897827,505.4583959786322,1111.5994553792145
91,2.328476266535232,184.7247570056365,5.057041164173408,516.7456383011624,1106.3993250932547
92,2.2175964443192684,181.26626456655006,5.158336474811915,532.829601828316,1093.924942643339
93,2.111996613637398,177.91653084417442,5.245929156312439,551.7452107843246,1086.1871716852145
94,2.0114253463213316,174.69018464055205,5.305329996867338,566.0777507740606,1077.96407698929
95,1.9156431869726966,171.61259904810038,5.313747018342399,583.0659111408604,1063.7057249400116
96,1.8244220828311395,168.63474983733232,5.241378357459729,630.7384248873068,988.7098014156119
97,1.7375448407915612,165.7242229322525,5.222356329881075,654.7568402972274,963.3181587738704
98,1.6548046102776772,162.91850494678803,5.286012648933777,668.7354441727008,945.0370040168428
99,1.576004390740645,160.15637824546016,5.304932379754251,697.0936708736795,925.2464638485766
100,1.500956562610138,157.48797380830976,5.3811761599565475,729.8147999570539,907.5818744281711
101,1.4294824405810838,154.88069290754734,5.520808432060397,764.0026931645156,895.5794638653883
102,1.4294824405810838,152.26101377918033,5.547061161285736,787.6983222862482,891.8783469416607
103,1.4294824405810838,149.70632888321205,5.409438588222273,804.0872530432245,885.0326537153768
104,1.4294824405810838,147.28822372226847,5.1202367026284525,815.2585248098591,880.5279792664709
105,1.4294824405810838,145.0303296691474,4.780996371938656,821.3814995398942,885.8757664013037
106,1.4294824405810838,142.9679274364649,4.367050605542414,820.6726140753696,882.0757311624752
107,1.4294824405810838,141.0862025415501,3.984473887576198,820.6114145254767,880.1914272412362
108,1.4294824405810838,139.33438786113118,3.7093944331949698,815.6801176894461,884.6153925444115
109,1.4294824405810838,136.37537268862593,6.083098121061273,865.412436083389,744.5533581258135
110,1.4294824405810838,133.12028455892843,7.872659266795877,956.5065894364001,695.2609440292987
111,1.500956562610138,129.8703276160931,8.807001827422468,1018.6379122913655,671.7895757845241
112,1.576004390740645,126.81960327267697,9.262862598758469,1052.1649554495878,664.023545777796
113,1.6548046102776772,123.6038537920539,9.29897678557335,1072.7953203226484,625.9224130673996
114,1.7375448407915612,120.28112367625464,9.15079284678139,1067.0269348895747,616.7745872264157
115,1.8244220828311393,116.79888447087146,8.867388438873078,1040.5469836111379,616.1905664746962
116,1.9156431869726964,113.25413429809689,8.346343242976744,1004.1012692904727,574.2486242602
117,2.011425346321331,109.68932351252768,7.7610515502074575,961.6383799964295,554.607837623235
118,2.1119966136373978,106.08309196889074,7.25957454243294,905.6989786670586,549.3006498960926
119,2.217596444319268,102.44812627700387,6.76599003146291,844.5917661152156,547.1881412211088
120,2.3284762665352314,98.78811261285401,6.299226441081219,784.203253298073,548.2686053171705
121,2.444900079861993,95.09338338963062,5.879773620824922,726.02245011489,552.512307256509
122,2.5671450838550927,91.36867072901676,5.480803618345687,669.6963415439959,558.8580876764696
123,2.5671450838550927,87.78914788324803,5.1137486747605765,623.1422250342686,560.4550214306088
124,2.5671450838550927,84.35562212659788,4.762306316937146,582.5303784344849,561.1847355040171
125,2.5671450838550927,81.05699086691784,4.441948942021624,545.649484018201,562.4622262549466
126,2.5671450838550927,77.97373542758037,4.151923073109954,511.5814999939967,564.3759219304527
127,2.5671450838550927,75.05467283008774,3.9308203906018973,488.08404812176883,569.5948446251135
128,2.5671450838550927,72.32446269430373,3.676510973620811,461.5039557661311,566.473282440406
129,2.444900079861993,69.8665158460718,3.4753742445475697,439.84526170662406,566.5982712491675
130,2.3284762665352314,67.82923292492008,3.558367580614472,475.023806473729,611.924383460686
131,2.217596444319268,65.81537821203771,3.5857472536009576,503.1917502059707,593.8949066740698
132,2.217596444319268,63.76197800929341,3.656159548369586,525.9811682791485,598.8353823387198
133,2.217596444319268,61.67602829955285,3.6059371081781597,527.1831339083772,585.5178295053387
134,2.217596444319268,59.666457509419814,3.4739024866294015,511.2703604422612,574.5472331128112
135,2.217596444319268,58.00745766041128,3.373974025337844,503.05601310954745,589.6202923252085
136,2.217596444319268,56.30516862150204,3.361177644522972,524.1557116662211,571.7892612052631
137,2.217596444319268,54.67302083258617,3.2226834193662044,511.7627452497021,577.311188836742
138,2.217596444319268,53.11714153519618,3.0720909272342243,481.6393635132501,580.232278997142
139,2.1119966136373978,51.67798866777062,2.8967910188004,462.4019291978951,564.0637834638403
140,2.011425346321331,50.42981265660331,2.638003507420637,426.6801766711556,553.4176360998855
141,1.9156431869726962,49.3309560744779,2.438539810457106,406.9899239488183,550.5740708791204
142,1.8244220828311393,48.40227445709165,2.163938851236278,371.98984831117264,545.0795862610415
143,1.7375448407915612,47.62159848971025,1.91002144937199,342.3823561857124,535.9636195915072
144,1.6548046102776772,46.95662132296218,1.7082973476132168,314.17021781142296,527.9859371203389
145,1.576004390740645,46.40025535977324,1.5007438963042097,280.0641919903533,520.1056680411368
146,1.500956562610138,45.958594501373085,1.250904755865106,243.6789207898217,512.1161164357922
147,1.4294824405810838,45.60698250782645,1.0456547414388018,218.4228869968721,505.128479342469
148,1.3614118481724606,45.30862957044528,0.9316316786307132,205.95659258907958,499.63983091013677
149,1.2965827125452005,45.03987425931281,0.881171179481161,199.48938875309634,495.41383159557773
150,1.2348406786144766,44.79483570049037,0.8435813258364574,192.9809119038365,490.7284054678864
151,1.1760387415375966,44.568464134405716,0.8182833269401145,186.63036687089522,485.93238763348404
152,1.120036896702473,44.343672484392854,0.8532008924243867,182.57870784912862,483.09513719071936
153,1.0667018063833076,44.12848596261627,0.8575816718607353,181.0685350296582,478.58346978907815
154,1.0159064822698167,43.925981412961946,0.8473922913901414,180.49289818551867,473.7442025504027
155,0.9675299831141111,43.74102721325811,0.8126494023204521,180.69143016676256,468.0560773151752
156,0.9214571267753439,43.55900941672741,0.8397348451083789,181.11259768583724,462.29956672707226
157,0.877578215976518,43.39050489945548,0.8162612298294479,182.57789896819577,457.3061163150341
158,0.8357887771204933,43.24231600240318,0.7537417748733829,185.0826523977179,451.45375341778237
159,0.7959893115433269,43.10558991664076,0.7302097041963935,192.01324496824265,445.28352174999503
160,0.7580850586126923,42.979404958204874,0.7076086080625156,198.33564858306372,437.8119352491292
161,0.7219857701073259,42.865386885398756,0.671349258517018,251.58272102264144,431.25551770362927
162,0.6876054953403103,42.75323483868525,0.6933800153491225,258.86536776878893,423.1208219401657
163,0.6548623765145812,42.649380123507285,0.6741858523325867,237.68169368352653,417.6739531664159
164,0.6236784538234107,42.55790125066386,0.6235388527166374,216.84594977500018,412.3898179117706
165,0.5939794798318196,42.477480746363995,0.5755708700680615,208.8502628891923,406.5278959030984
166,0.5656947426969711,42.412588842189756,0.48765404513017435,207.04227138536376,399.5142626250011
167,0.538756897806639,42.35870867764009,0.42514739790330053,205.2970994199857,392.26460816108454
168,0.5131018074348943,42.309791676159044,0.4052842612871679,203.83633523818148,385.09508250069314
169,0.48866838803323265,42.26453657979019,0.39369210363107254,205.15558958514225,377.72411191194993
170,0.4653984647935549,42.221434761034494,0.3937078784642692,206.71498765238823,370.44944361497375
171,0.44323663313671896,42.18114397518399,0.3751770996247212,209.51016878602263,362.9582742494081
172,0.42213012679687517,42.14481601250202,0.34484481517847376,214.17491775822654,355.2825019080441
173,0.40202869218750015,42.11097992874665,0.3274272522664175,216.66672648195507,347.53075893621275
174,0.38288446875000015,42.0797255700491,0.30831694832051676,217.11775452058035,339.61044948858273
175,0.3646518750000001,42.05177708450848,0.2810587824135243,217.55680332155876,331.5239531662108
176,0.3472875000000001,42.02579920841581,0.2663143671073682,217.95294522288722,323.63647477985484
177,0.33075000000000004,41.979696487043135,0.49625719483428776,212.79157944074043,319.1230671658736
178,0.315,41.9070949530096,0.820569462599936,209.74211532933805,316.3300640899459
179,0.3,41.80945881922469,1.3631715093749308,340.4808350316696,317.13532600065764
180,0.3,41.714898087693086,1.5532158883321712,393.41307686234205,318.2988196525175
181,0.315,41.62107693702771,1.7266866505429246,476.85392374395997,320.48450291243495
182,0.33075000000000004,41.52594890192592,1.6188059013109979,445.45241930989795,323.43716076775024
183,0.3472875000000001,41.422413023408794,1.629110720883576,373.00725985291103,330.50913038842276
184,0.3472875000000001,41.32489312534142,1.489758056580524,299.6284060101484,335.150392596669
185,0.3472875000000001,41.24130774594295,1.2768880488903604,239.11392830694737,338.4457213714256
186,0.33075000000000004,41.19024296949687,0.819093044670305,199.1759892169738,336.35401541223797
187,0.315,41.17346805341166,0.28252797620812237,189.32594611124716,331.1659577593514
188,0.3,41.171754734144464,0.030299028253682442,196.76614762198022,326.8898089383115
189,0.2857142857142857,41.172360923318216,-0.011256098274897338,208.38778382379328,322.82390476504025
190,0.27210884353741494,41.16775796468016,0.08974413414077441,212.98797894007154,319.8583081259542
191,0.2591512795594428,41.15438597607908,0.2737501061315422,208.26374678367512,318.12709684425033
192,0.24681074243756454,41.13282169036173,0.46353515276332946,198.21934350093795,317.11232994604245
193,0.23505784994053763,41.12235658730649,0.2362002788929961,204.69529011814555,312.5600879115446
194,0.22386461899098822,41.129738362140216,-0.1749391409247406,225.75380627316508,306.6174941608076
195,0.2132043990390364,41.15495485958198,-0.609204402604887,242.69293581016902,299.24888330286734
196,0.20305180860860608,41.19559589343188,-1.0009101461941317,257.2982372652712,290.762478173012
197,0.20305180860860608,41.23063162339179,-0.8628623406997376,245.3131444086377,285.0005260715888
198,0.20305180860860608,41.24984837599493,-0.4732714902977648,228.65904867033086,281.02617827724464
199,0.1933826748653391,41.26338953210339,-0.3501671394413194,216.84520268491494,275.99497582209733
200,0.1841739760622277,41.27910800754304,-0.4267950397919491,209.15738217926094,270.95362959441303
201,0.17540378672593115,41.303444743768395,-0.6736329964281295,213.93431509436613,265.038130871933
202,0.16705122545326775,41.33887727687625,-0.9998049737608297,236.8286232356064,258.15337452669775
203,0.16705122545326775,41.367713943854305,-0.8136884535917072,254.88898616220823,252.80016356659826
204,0.16705122545326775,41.378048727712894,-0.3430801283200138,410.8829914032947,249.24646670715904
205,0.17540378672593115,41.37738285884578,0.024767071084163046,454.4079896534713,247.21522348783293
206,0.1841739760622277,41.37031583751843,0.2430501083467353,402.0393708790685,245.80860173993713
207,0.1933826748653391,41.35524386577305,0.5195905564233089,545.8804660900987,243.91855695021934
208,0.20305180860860608,41.33752292972259,0.5818198541506137,553.0416480499965,243.3851055904792
209,0.2132043990390364,41.31814623891115,0.5882405572913465,472.9980161074818,244.41030296074408
210,0.22386461899098822,41.298780449986076,0.543605729218738,373.32605885317946,245.8716370839452
211,0.23505784994053763,41.26905181345063,0.7716090252173549,294.6476653215049,250.584442859364
212,0.23505784994053763,41.23647812201778,0.8208278075150482,231.91273742266304,253.1951113615429
213,0.23505784994053763,41.20706979738275,0.7410634033491174,180.29753633955647,254.9369724987229
214,0.22386461899098822,41.196484129030004,0.28008681518706513,153.27098514895505,251.05264718262154
215,0.2132043990390364,41.206944536426654,-0.3270854148662376,340.1639787738666,246.51514868259284
216,0.22386461899098822,41.21743262042779,-0.31233412552030587,380.37046739705323,245.41706490761584
217,0.23505784994053763,41.22316554296429,-0.1625960740576458,440.82248225938577,242.3044245751965
218,0.2468107424375645,41.226313220121625,-0.08502269461566717,432.5554311266635,241.3321857286945
219,0.2591512795594427,41.22808597160931,-0.04427575924362657,360.19525798326157,240.974800667541
220,0.2721088435374149,41.21803986627665,0.23200073583775363,279.31460527190956,244.2015806293384
221,0.2721088435374149,41.20180912851922,0.363908894954611,212.57603167092253,245.96044016086708
222,0.2721088435374149,41.18314258561234,0.41852201072954326,161.15887705495186,247.81385301541303
223,0.2591512795594427,41.17567882828137,0.17571191829163219,118.14300962172952,246.1776496383326
224,0.24681074243756448,41.18479628070831,-0.22537540196870115,103.99904499348905,242.6850836495636
225,0.2350578499405376,41.210909411982016,-0.6580274862289678,120.66839206861768,237.7642856913713
226,0.2238646189909882,41.25206913424625,-1.0573276577586321,145.8332859345279,231.60665035841106
227,0.21320439903903637,41.29202421147674,-1.0777013593569131,149.61900708619115,227.5063062333744
228,0.20305180860860605,41.31961111051827,-0.7813014688286036,168.20005602981394,224.46909919191702
229,0.19338267486533908,41.33691391919349,-0.5145429829971514,188.32306964260187,222.1523011728049
230,0.19338267486533908,41.343766582406104,-0.2037813534826376,196.28586610594894,223.05210030608282
231,0.19338267486533908,41.34630593608004,-0.07551413408071149,201.29024696928843,222.84170538792068
232,0.19338267486533908,41.340267105154304,0.17957998245627887,212.20839887206685,223.41986705757358
233,0.19338267486533908,41.336958779061355,0.0983814829457938,182.95216137064065,222.88570054958217
234,0.18417397606222768,41.33682788603583,0.004087058553309141,200.87893465831488,220.64469739742393
235,0.18417397606222768,41.34034217708553,-0.12720910684001902,232.25860344210645,219.2820479052294
236,0.18417397606222768,41.35502251034327,-0.5313936880628545,240.18009768987665,217.2851269533314
237,0.18417397606222768,41.36675455254498,-0.4246724556325752,260.086404322548,215.34143689695833
238,0.19338267486533908,41.36096972181587,0.19942602521597155,412.19606592498525,215.8952446091815
239,0.20305180860860605,41.34402385927618,0.5563723746434976,552.6691427445003,216.60230424436185
240,0.21320439903903637,41.32189714392292,0.6717262249317099,516.719321711963,217.1607487112802
241,0.2238646189909882,41.29904984304611,0.6413332140433029,410.1552271068746,218.367393490715
242,0.2350578499405376,41.276946775081946,0.5908974166035462,402.7403937820997,219.42044249272826
243,0.24681074243756448,41.24970117653668,0.735937673705527,471.32422818203,221.8573756428057
244,0.2591512795594427,41.2221437713943,0.6882662595028322,411.93970510420115,224.63631403984687
245,0.2721088435374149,41.200447009289014,0.501056340446357,327.4199063111707,225.2976257160248
246,0.28571428571428564,41.18642429144862,0.2994313763724203,250.04084566604047,225.91104988626896
247,0.28571428571428564,41.179679786547275,0.1398227891537105,191.5523540278407,226.11330230345587
248,0.28571428571428564,41.1776827217657,0.041401877819844814,147.02717774452304,226.02508836037657
249,0.2721088435374149,41.187668530277506,-0.21737040737980398,117.31149008621658,222.99498115665892
250,0.2591512795594427,41.21265407430995,-0.5544444877044958,112.15389246288437,218.51276678315918
251,0.24681074243756448,41.25257603341784,-0.9030944633561947,132.79341963972306,212.81544905406858
252,0.2350578499405376,41.3040661953087,-1.1874016988228302,154.40092159206608,206.38965889883286
253,0.2238646189909882,41.363071800445184,-1.3871350694294216,169.2078698819733,199.49595546177883
254,0.2238646189909882,41.41902138264541,-1.2769829717965746,159.90814515905447,194.84620592075095
255,0.21320439903903637,41.459566384975574,-0.9716612583609955,140.9322772683622,191.43249640812553
256,0.20305180860860605,41.482459422305034,-0.5760633861110869,126.62197203450987,189.34487684923144
257,0.19338267486533908,41.49977019437907,-0.4573751802936935,130.31508530909738,185.89878592468077
258,0.18417397606222768,41.51839222994943,-0.5166216551170896,137.09950948988435,182.29274227502887
259,0.17540378672593113,41.54241092173388,-0.6792769504086662,146.0780317305051,178.0965983018139
260,0.16705122545326773,41.56093133327381,-0.5499680508519544,140.91171298592772,175.77956285815054
261,0.1590964051935883,41.57892893725479,-0.5611653130971435,142.90155757171127,173.27569572344356
262,0.15152038589865552,41.59768405154887,-0.7223808350820522,198.67825479349554,171.26904374866223
263,0.15152038589865552,41.611730390816966,-0.6180175771856398,290.3914223549194,171.42891250113578
264,0.1590964051935883,41.60127468286761,0.4381288161573915,336.9060334719962,176.64463355986697
265,0.16705122545326773,41.57001291405463,1.2475921174542186,345.2404768131151,181.25576072243024
266,0.17540378672593113,41.522721337030895,1.7450840451151162,335.62948325030595,186.42793765071207
267,0.18417397606222768,41.462283825748564,2.0621136641549187,310.00862112408134,192.51761587979593
268,0.19338267486533908,41.37760471381625,2.671503813539636,296.6782957089109,199.81341080563595
269,0.20305180860860605,41.27902604020157,2.875649497453541,279.4605052345345,207.02927817523297
270,0.21320439903903637,41.175897007780726,2.7816814816272677,252.6920709843877,214.38582023759093
271,0.21320439903903637,41.089031830980126,2.2747566295518262,213.3098089517444,218.65596276049763
272,0.21320439903903637,41.027603378431415,1.6086397889804636,179.85497551069494,221.36359567239236
273,0.20305180860860605,41.00467634807732,0.6304147073149572,149.63680256474197,219.8054398254364
274,0.19338267486533908,41.01864355757137,-0.40325287909821667,139.58228589070362,215.92184709030204
275,0.18417397606222768,41.06367340348997,-1.3253188192430256,155.19791997646342,210.19428493068608
276,0.17540378672593113,41.13091536870778,-2.017494577023839,182.1250255064461,203.2108642104353
277,0.17540378672593113,41.20280337390602,-2.0940699577492796,189.72687570785763,197.7735100264111
278,0.17540378672593113,41.263769614059434,-1.724197223601024,175.07497162171714,193.4484614378367
279,0.17540378672593113,41.30347263062939,-1.1228481659066012,149.80316328935274,190.506470591709
280,0.16705122545326773,41.329645677057734,-0.7545775479717608,135.3356991104016,186.6766067717431
281,0.1590964051935883,41.33830971253591,-0.26227634592747306,124.94846594432809,185.36901828895907
282,0.15152038589865552,41.330407518688965,0.25117469322600505,166.03537043114062,183.7730240018829
283,0.15152038589865552,41.30379768810177,0.995064849971793,372.30548597872723,187.0824147623107
284,0.1590964051935883,41.26856440668868,1.4762303967650117,537.0088299116458,188.78045373734918
285,0.16705122545326773,41.23195150841685,1.4609853491015545,526.5574354738138,190.40702310008984
286,0.17540378672593113,41.19964706486277,1.1919210584177797,419.4579295103926,191.96097434139224
287,0.18417397606222768,41.17968829934486,0.6809141829160974,405.6522468106091,193.0578067909636
288,0.19338267486533908,41.180098834552545,-0.012950382292716335,391.8537078191743,192.84583852687635
289,0.20305180860860605,41.19717718019546,-0.4981400449724255,334.5113487275159,192.47728428883815
290,0.21320439903903637,41.20945764942893,-0.38399674330757405,397.333072655789,193.79430876398936
291,0.2238646189909882,41.21975816740257,-0.3067484273920106,397.5472094787629,193.54675630293133
292,0.2350578499405376,41.22765555668381,-0.21746046022716886,328.8776083723232,193.9293797167892
293,0.24681074243756448,41.23201523442501,-0.11100041982006464,245.66911011068788,194.4622995075565
294,0.2591512795594427,41.2222395785666,0.23013867778285324,181.94955842299024,197.71947972409615
295,0.2591512795594427,41.19630785851213,0.6670934984012116,147.3292671813883,201.89043720534872
296,0.24681074243756448,41.16293173658558,0.9015307733887112,135.20636485901724,203.7886619760188
297,0.2350578499405376,41.12828448838469,0.9826587571141696,133.74012740065623,205.28849667099811
298,0.2238646189909882,41.10529111477879,0.6847404385012055,126.42623841098256,203.3494686867405
299,0.21320439903903637,41.09215515089526,0.410747118500331,127.2806472811443,202.5082893763102
300,0.20305180860860605,41.09971855082504,-0.24109140021172892,142.61617333012396,198.39287570623245
301,0.19338267486533908,41.1331922859951,-1.0877294930620112,189.31051950393305,192.51775692842398
302,0.19338267486533908,41.1690110925655,-1.234816117673643,207.2075267612444,190.5787523631933
303,0.19338267486533908,41.195376450080666,-0.8824449414812221,191.67873961782922,190.54692104191503
304,0.19338267486533908,41.20262562825034,-0.2426290105126125,170.22787457389052,192.2153721194512
305,0.19338267486533908,41.186733221241774,0.5319167079218979,163.97948620330263,195.7001724485352
306,0.19338267486533908,41.14956906044321,1.2811958059996449,181.77514331805142,200.46915669854118
307,0.19338267486533908,41.10232505191427,1.6286880770415684,192.6896635772403,203.37425416385898
308,0.19338267486533908,41.05410109419088,1.6624708067216551,189.9162930894338,205.74648018486923
309,0.19338267486533908,41.01075572953582,1.49428638269451,228.5191058837646,205.94377300208205
310,0.19338267486533908,40.98330172274607,0.9464483416579933,332.50889962935565,205.0095525153139
311,0.20305180860860605,40.969708094974735,0.43331131287151564,323.29140605009053,204.070282942474
312,0.21320439903903637,40.9689542671742,0.02221827204884607,256.51753787442885,202.9023759273309
313,0.2238646189909882,40.97830811384926,-0.2549187929185672,188.8607284306467,201.32810146716446
314,0.2238646189909882,40.99283162637912,-0.3958068174155987,147.4166468888374,199.6699869893487
315,0.21320439903903637,41.017202319542534,-0.6770668686014943,139.237327946595,195.60413866769628
316,0.20305180860860605,41.053223457645196,-1.0201714975693534,146.80483504474788,190.8004526708692
317,0.19338267486533908,41.09968424790903,-1.3413880164861616,164.53091980871454,185.34133279895136
318,0.19338267486533908,41.14359809525819,-1.2678542112052287,159.36319608898177,181.95887171190432
319,0.19338267486533908,41.17637000960666,-0.9461710172101382,136.22281186074648,179.49373230576305
320,0.18417397606222768,41.2033828017726,-0.7950407354835183,122.16020135463405,175.46880423696638
321,0.17540378672593113,41.22943309933732,-0.7816002089831114,119.14672349687658,171.2216619663658
322,0.16705122545326773,41.24785347917222,-0.5803097383965317,116.98707057856973,168.93324712158315
323,0.1590964051935883,41.25660510313055,-0.2894937720117836,118.68829239875332,167.33401748467404
324,0.15152038589865552,41.25634586336755,0.00900412449925995,120.76689649317005,166.4696796266424
325,0.14430512942729096,41.25844735578656,-0.07664026580348067,123.85173014721165,163.64581614930157
326,0.13743345659741996,41.26962945352379,-0.41572345971132535,135.99215048505837,160.19417893822856
327,0.13743345659741996,41.27408293339415,-0.16556965454641515,130.2242923156892,160.67109801799015
328,0.1308890062832571,41.27276355396475,0.051503916675420904,133.11289172013795,160.0241860782398
329,0.12465619646024484,41.26732560968479,0.22289206120873864,142.2738253679467,159.81153522696178
330,0.12465619646024484,41.250340920621106,0.6961734360424892,154.63152712253788,162.1293945822886
331,0.12465619646024484,41.23182755706387,0.8927425838382842,175.61022889396634,162.062439957514
332,0.12465619646024484,41.21569792893529,0.8626194063670446,424.84312603455965,162.13992245989073
333,0.1308890062832571,41.20186849399754,0.7043848489373782,483.37498054732635,161.95977025712142
334,0.13743345659741996,41.191389756585586,0.4935009625643682,419.8680114192629,162.0277850860863
335,0.14430512942729096,41.191929987947404,-0.023525145347598315,323.453227275624,161.22073291958134
336,0.15152038589865552,41.20622000244547,-0.5753851757258942,268.2963580167785,160.24190853455204
337,0.1590964051935883,41.22940980690711,-0.8633692208096032,244.4150145175622,159.17223742353156
338,0.16705122545326773,41.24775822447021,-0.6316428239919614,221.0689163941925,160.55352741420694
339,0.17540378672593113,41.250087187403174,-0.07413256111008117,185.68691199414454,163.2919110134539
340,0.17540378672593113,41.23806985483228,0.37137894929084664,147.89514114336123,164.5505248229792
341,0.17540378672593113,41.216507566182706,0.7839441666974911,240.8814794230357,165.76582802816358
342,0.18417397606222768,41.191895464775854,0.8909004385625668,329.12287299928136,167.69344949406204
343,0.19338267486533908,41.16827338568035,0.7906277847018346,309.88848809740807,168.60622051839516
344,0.20305180860860605,41.1482692230398,0.619081471533378,245.25204343985936,169.329040877426
345,0.21320439903903637,41.13282418802552,0.4419669586378714,175.1994945209823,169.65431339263245
346,0.21320439903903637,41.13030847280158,0.06989162834018,121.12607928920505,167.04035849555828
347,0.20305180860860605,41.14401464951001,-0.38817904028322375,104.57460015855256,163.25781922476656
348,0.19338267486533908,41.16489168966775,-0.6208318383759902,112.36415738253756,160.77919313440972
349,0.18417397606222768,41.18591575739726,-0.6564642806662069,119.82110615845012,158.60649269389796
350,0.17540378672593113,41.203051262439104,-0.5617984822278292,124.38951578863161,156.89134255666036
351,0.16705122545326773,41.22260836740883,-0.6536425168994028,133.77101429914958,153.50017416215886
352,0.16705122545326773,41.231373972293994,-0.29296626715206764,123.10549472027344,154.35364346047015
353,0.1590964051935883,41.21741241865915,0.576421072632398,163.13463082475033,155.16389644205142
354,0.1590964051935883,41.18567881266335,1.3297432650846595,206.36564481493937,158.51995110407026
355,0.16705122545326773,41.13770585722051,1.8587386302045377,200.25313126509738,164.95923574787463
356,0.17540378672593113,41.07638781872556,2.330547880009065,225.1743160600116,173.0833078431736
357,0.18417397606222768,41.00655233267185,2.5278810664725535,254.50188496681534,179.98420280579262
358,0.19338267486533908,40.93310771368111,2.531926883381008,264.77357264070423,187.11861480078855
359,0.20305180860860605,40.86643848964518,2.125152275837566,235.23257840581994,191.76171650037446
360,0.21320439903903637,40.81357308700116,1.5581514731575419,194.49430133653345,194.71807988634356
361,0.21320439903903637,40.786505811686474,0.8463638785661247,229.22143249084414,192.63197709200367
362,0.21320439903903637,40.786334095816144,0.005369366082236126,337.4421023302866,190.48573144699506
363,0.2238646189909882,40.81043845905861,-0.7178256022504971,336.89306386119466,187.40733402221014
364,0.2350578499405376,40.85254331275178,-1.1593883162964609,284.8746929554133,184.0383844234711
365,0.24681074243756448,40.903436923946025,-1.2957866484783822,223.3882129892179,180.69968845511167
366,0.2591512795594427,40.95381402380204,-1.185978651388624,175.6006618976514,177.5621824790131
367,0.2591512795594427,41.000263338074205,-1.0616608231183016,148.3375401380431,173.03664346733294
368,0.2591512795594427,41.03212086805392,-0.7281461961439384,124.25576049420809,171.1227451599109
369,0.24681074243756448,41.05242099233112,-0.48718564173888945,108.09999606249765,167.79259105935424
370,0.2350578499405376,41.06723582935191,-0.36244718925120345,108.17873514204027,164.4327598549845
371,0.2238646189909882,41.08074625274915,-0.3369526620539774,114.41350927669052,160.9873859595079
372,0.21320439903903637,41.096729872301054,-0.406375147879326,117.73954495575029,157.20334033513183
373,0.20305180860860605,41.109591149333376,-0.34334078747940655,110.01116074680928,155.2287988065019
374,0.19338267486533908,41.11769856640134,-0.22725482867848856,104.6050184426626,153.58378120594242
375,0.18417397606222768,41.12071389873414,-0.08874728761352459,102.02161497161876,152.45540117592648
376,0.17540378672593113,41.119335180223175,0.04260737804749437,98.07472596672936,151.7350389859112
377,0.16705122545326773,41.114652930913515,0.15193332294136713,117.14040687245452,150.40436502410046
378,0.1590964051935883,41.109219045579394,0.21781076741388877,285.52977660681836,150.50754173509918
379,0.16705122545326773,41.09634264309876,0.5138704189175863,319.21057222831996,152.33099356860507
380,0.17540378672593113,41.07997280764652,0.6040555309569551,269.085029019541,153.0078750617955
381,0.18417397606222768,41.058059415595665,0.7476797806075361,252.77932342783137,153.31572414400364
382,0.19338267486533908,41.03288137722656,0.8679866965553075,334.03614895675025,156.83009103927623
383,0.20305180860860605,41.00913065198069,0.757079575155249,320.00882050074176,157.61728152854963
384,0.21320439903903637,40.990941153651804,0.5361161023969454,252.88352028759363,158.22263806220005
385,0.2238646189909882,40.97944973070397,0.31317379560986286,180.33219545585396,158.66264633611837
386,0.2238646189909882,40.974143531691695,0.14039702856415,128.57745178788372,158.8375984819695
387,0.21320439903903637,40.9805091371744,-0.17684932234084796,103.28317669140154,156.49991781567047
388,0.20305180860860605,40.992040176895905,-0.33637324752263553,97.26492916671687,155.53791974466498
389,0.19338267486533908,41.00406148763908,-0.368208748162474,95.17622174987625,154.64806435012923
390,0.18417397606222768,41.01409590879545,-0.32271853028652553,97.99272880335985,153.73409084661282
391,0.17540378672593113,41.0209419519312,-0.23118545572719876,116.04973540091198,153.00781899722966
392,0.16705122545326773,41.030572621875436,-0.3414811029767806,127.59063800627564,150.3501721809721
393,0.16705122545326773,41.041065760269966,-0.37206222343824163,123.84526389618091,149.24429132326813
394,0.1590964051935883,41.058179487905804,-0.618595656902487,122.42379638498869,145.90056106913676
395,0.1590964051935883,41.07674849805095,-0.6711985414971909,123.80717512580436,143.85322623375689
396,0.1590964051935883,41.082493954259924,-0.24075365717161423,194.0081281330231,144.08162418283771
397,0.16705122545326773,41.07228903646241,0.4072570262932729,309.5104063585857,147.0260752857563
398,0.17540378672593113,41.05049845089697,0.828206580643909,313.55236274516614,147.68660464354076
399,0.18417397606222768,41.02480036379427,0.9031170658045387,258.2047313311213,148.66480669259957
400,0.19338267486533908,40.99829287690032,0.8613611577853136,193.39067580661663,149.85255736264705
401,0.20305180860860605,40.97674908100693,0.7073333005017131,269.6794445451617,149.1533211964068
402,0.21320439903903637,40.96105593271254,0.49070745772989033,290.82674465630134,149.29224754747773
403,0.2238646189909882,40.9505424690438,0.30397080540127264,249.2586808011059,149.62788124574664
404,0.2350578499405376,40.94484813000429,0.15223091351722742,185.15542320128506,149.9021198788332
405,0.24681074243756448,40.936562966063875,0.2048019628739166,132.3269262300199,152.23188634951998
406,0.24681074243756448,40.92776675101542,0.21743469661443712,102.38589018698836,153.00783415703174
407,0.2350578499405376,40.920115157453516,0.19859769359513058,93.88863408166786,153.5207836619291
408,0.2238646189909882,40.91418654671737,0.16157142029794846,94.9799831641297,153.82700320810005
409,0.21320439903903637,40.910028390013686,0.11898761447763692,98.2604618622613,153.96468952514294
410,0.20305180860860605,40.90883056385998,0.03599017812039322,98.6323165967917,153.88532105155963
411,0.19338267486533908,40.9105997631707,-0.05581568580113632,102.01892371687899,153.47123689410728
412,0.18417397606222768,40.914265453479324,-0.12142960272053734,106.62871557111293,153.0077342023546
413,0.17540378672593113,40.918897774489835,-0.16112270684494973,108.52127170064428,152.36083106687192
414,0.16705122545326773,40.92285774337726,-0.14462360228256788,111.87170396886647,151.570382214309
415,0.1590964051935883,40.92539524215897,-0.09730665474518509,122.02328800828337,150.77422358532277
416,0.15152038589865552,40.93321185782758,-0.3055677618960926,137.37384621797608,147.71221480332792
417,0.15152038589865552,40.94304832396195,-0.3845279170766199,149.1461846919181,146.23885921414274
418,0.15152038589865552,40.95234336387839,-0.3527790682234791,144.4361074330353,145.00002575884116
419,0.15152038589865552,40.9588094284148,-0.24540962090866106,128.000727171211,144.00939696641254
420,0.15152038589865552,40.96936880337546,-0.3890922108171547,124.85383088238592,140.8677358469089
421,0.15152038589865552,40.987240264858016,-0.6585282258357512,138.28576523478228,137.30609166760212
422,0.15152038589865552,41.009681046664255,-0.9728219975122104,154.03694181443322,133.14308240397048
423,0.15152038589865552,41.03907584069467,-1.2933262568845771,171.92707079580046,128.71747759427612
424,0.1590964051935883,41.07069079613673,-1.3247714136423725,174.88675502878758,125.82573405273827
425,0.16705122545326773,41.1002725252934,-1.1461604194319672,168.68646146012057,123.47800699821582
426,0.17540378672593113,41.12350691344549,-0.8323894495929628,155.9647737207691,121.77961733934293
427,0.18417397606222768,41.1377052349267,-0.4703333865131583,144.38151413044463,120.68681129729079
428,0.18417397606222768,41.14692720511902,-0.30548684762614453,141.6380024568867,118.3200896961908
429,0.18417397606222768,41.15583598781205,-0.29511220317634335,139.32722762804698,115.84569553639527
430,0.19338267486533908,41.162749468352025,-0.2117576085886331,130.7911237506954,114.97891034196164
431,0.19338267486533908,41.17187808294104,-0.27146255093154686,122.78599378693909,112.39380914564158
432,0.19338267486533908,41.18031751739233,-0.2436582799082267,113.11142099110123,111.25405849417726
433,0.19338267486533908,41.1861464217339,-0.16338701295637315,105.88023894484719,110.20180048992489
434,0.19338267486533908,41.18830606191365,-0.06053576064270381,105.1598278996157,109.3727056529422
435,0.19338267486533908,41.1864743868884,0.05134273845399854,106.20638267938406,108.86410293404874
436,0.19338267486533908,41.18111804369664,0.15014089495844904,106.76296011446665,108.5821825847608
437,0.19338267486533908,41.173140818203194,0.2236054957632395,106.91128050079557,108.47620053208138
438,0.19338267486533908,41.163717668051675,0.2641354645188828,106.88545911809689,108.4481055986768
439,0.19338267486533908,41.154307757538035,0.2637643510534888,109.14622519903438,108.40036177577477
440,0.19338267486533908,41.14582429123319,0.2377956709942045,108.90246410186629,108.40179078317959
441,0.19338267486533908,41.13904874966536,0.18992171308012173,105.9151477889907,108.27762333499618
442,0.19338267486533908,41.134173923813485,0.13664373061299376,103.15040876706513,108.0956551815681
443,0.19338267486533908,41.13131562110848,0.08011960974661177,101.98096901026338,107.7205193601657
444,0.19338267486533908,41.13026516910578,0.029444678607945137,104.22919937446883,107.25367981843003
445,0.19338267486533908,41.13000937963595,0.007169902776182013,105.84962341340398,106.84122829814686
446,0.19338267486533908,41.1297635780515,0.006889937510243469,105.37938010974545,106.4215818398508
447,0.19338267486533908,41.12891298456995,0.023842547423290828,103.38994364789225,106.09965276424319
448,0.19338267486533908,41.12733311302717,0.04428456483460683,101.70922435603391,105.73207102993895
449,0.19338267486533908,41.11557437740716,0.38776830218217273,125.6866872926502,106.74930938092497
450,0.19338267486533908,41.09988774777743,0.5407802479602855,143.66555665220704,106.87099121583387
451,0.20305180860860605,41.073358670718115,0.8710117626663082,142.79150773662866,111.01362552627167
452,0.21320439903903637,41.03200714769079,1.2930165673159992,142.6276893043851,116.75616032883873
453,0.2238646189909882,40.97444551360656,1.714179886745189,155.85510888711838,123.8081095982722
454,0.2350578499405376,40.90667956828241,1.9219650351687902,167.44684337231507,129.9224488076385
455,0.24681074243756448,40.834141716685664,1.9593380439425787,170.88320020634745,136.29167311514303
456,0.2591512795594427,40.75991201384115,1.8539408792961372,164.05505970308968,142.48639044284988
457,0.2591512795594427,40.69734635414606,1.5171096198095895,141.24982522209152,145.94286052651074
458,0.2591512795594427,40.65396334267741,1.0519633990305846,113.69768187380745,147.9936151905212
459,0.24681074243756448,40.63876845725439,0.3868723243304536,88.5882655612134,146.40725734546257
460,0.2350578499405376,40.65265286017205,-0.36037073507383754,91.60270997131626,142.9055404382692
461,0.2238646189909882,40.69276142530082,-1.0612348596519858,122.05825964524196,137.82166493062408
462,0.2238646189909882,40.74005633511287,-1.4084378325085514,140.61033435883076,133.7164552531509
463,0.2238646189909882,40.788998391477435,-1.4574896972749865,142.65573682847185,130.26168575049118
464,0.2238646189909882,40.83289488207992,-1.269158483174075,132.2969016059841,127.50645444759999
465,0.2238646189909882,40.86542753234505,-0.9132049894386626,117.25775379008218,125.6337080103042
466,0.2238646189909882,40.88857729860933,-0.6308966436413853,109.2100026845186,122.58537458650405
467,0.2238646189909882,40.89881746560664,-0.2790735299520458,102.0909234067656,121.67809334698566
468,0.2238646189909882,40.896376444079905,0.06652474459983941,98.8356616411647,121.45488460861348
469,0.21320439903903637,40.8890879067625,0.2085649315858689,99.05115689212641,119.83174195019708
470,0.20305180860860605,40.88360668708927,0.16469006937743377,98.62781605020695,117.89712758285961
471,0.20305180860860605,40.87944854139449,0.12493666442466368,96.36867176742298,117.20833498777544
472,0.19338267486533908,40.88218110675967,-0.08369756791725134,99.37307110727721,114.66986305726208
473,0.19338267486533908,40.88902801050578,-0.2097183835450196,99.15391222122764,113.42318887240522
474,0.19338267486533908,40.8976437961061,-0.26389864617178954,95.93216087282076,112.1928263525415
475,0.19338267486533908,40.90588988832089,-0.25257506078200515,90.12789575213137,111.22146751981072
476,0.18417397606222768,40.917397287995065,-0.3593118585157427,88.11026045266831,108.6985889196172
477,0.17540378672593113,40.93444508534184,-0.5426436207777731,94.07718175487601,105.6653429673452
478,0.17540378672593113,40.95215363850162,-0.5636759523758974,98.94563104734621,103.92917512633258
479,0.17540378672593113,40.96644403110593,-0.4548734494781464,97.84176157659721,102.5333320960914
480,0.17540378672593113,40.974996995630804,-0.2722469972952508,96.13570296144341,101.48478717491119
481,0.17540378672593113,40.97693128443495,-0.06156980042390842,97.7844961551792,100.97035513175442
482,0.17540378672593113,40.972386003227754,0.1446795619137564,96.12141759811087,100.91905979401497
483,0.17540378672593113,40.96276086652662,0.3063750069132554,92.88318297335785,101.07897566823105
484,0.17540378672593113,40.95010653920752,0.4027963176277701,92.70635939698394,101.36996887223421
485,0.17540378672593113,40.936965400628004,0.4182918693174917,96.22518476201569,101.53486733206226
486,0.17540378672593113,40.93490307188653,0.07722988646326993,123.98962465585352,100.53194636028002
487,0.18417397606222768,40.93617183480412,-0.04592624664716733,158.53718492806877,101.41144794196322
488,0.19338267486533908,40.93511130233407,0.036560754327392114,171.4045756173082,102.96065541097019
489,0.20305180860860605,40.927290306526,0.24930254223301812,167.8929811060566,105.29544466479193
490,0.21320439903903637,40.909556478773446,0.5226856971736887,153.9572180945925,108.51050456752255
491,0.2238646189909882,40.88047376992769,0.7925861189843995,136.4176876381416,112.37468230256806
492,0.2350578499405376,40.840412077209095,1.0095187236405037,123.06213721689927,116.70628964591408
493,0.2350578499405376,40.798514352214646,1.02503406814012,109.43633009026978,119.14846977019816
494,0.2350578499405376,40.76250915937054,0.8808723934305381,98.05576786267488,120.9047836393162
495,0.2238646189909882,40.74308799102834,0.4988988580240802,88.79124571636473,119.79361895513945
496,0.21320439903903637,40.73834819364871,0.12784573158609358,90.02870833152885,119.11157828960015
497,0.20305180860860605,40.744535064265236,-0.17522125603468067,92.52773249528124,117.91317805298698
498,0.19338267486533908,40.76315214080183,-0.5375010460725749,98.0519987534794,114.59145635885626
499,0.19338267486533908,40.78734392483495,-0.6984506508640107,97.50108539686246,112.48614828568365
500,0.19338267486533908,40.810934045186414,-0.6810797786093689,93.00291566259028,110.56381893786359
501,0.19338267486533908,40.82923723285302,-0.5284386352462584,89.2107170381918,109.01580371556632
502,0.18417397606222768,40.84483240361976,-0.4589972025177068,100.70822154138818,106.23521759806552
503,0.18417397606222768,40.854408404694276,-0.2818409474484717,104.4601962484983,105.44301690426626
504,0.18417397606222768,40.85638093988119,-0.05805567288788285,97.06455377340724,105.07877202963013
505,0.18417397606222768,40.85124711104546,0.15109889523212633,91.1604780616356,105.13715451424613
506,0.18417397606222768,40.840910804356966,0.30421826893383314,90.55816623148027,105.37716276312311
507,0.18417397606222768,40.827898197841314,0.3829871488740488,90.02191436396403,105.76990972057803
508,0.18417397606222768,40.814502106791586,0.39427386903751843,86.64687759424395,106.15488056963376
509,0.17540378672593113,40.808857403836164,0.1744416941345785,82.8851236368851,104.45567028776492
510,0.16705122545326773,40.81473423146208,-0.1851416926668795,90.8401663605279,102.03053999386206
511,0.16705122545326773,40.827552257358484,-0.40381497674680167,99.19237262097184,100.54883162160766
512,0.16705122545326773,40.840682453042085,-0.48664643953144915,110.59722012285664,98.34199221796216
513,0.16705122545326773,40.851577615835296,-0.43480326722703366,233.77243781225695,97.28813141064494
514,0.17540378672593113,40.860778720478976,-0.3497113646719642,269.05004954880945,95.95993389170528
515,0.18417397606222768,40.86736837293185,-0.23158251289805698,236.84900831549643,95.31621842832647
516,0.19338267486533908,40.87050485743934,-0.10192010798922924,181.76325065303007,95.02363679041108
517,0.20305180860860605,40.869308605638736,0.03594287472151084,131.52460041391768,95.07747204225808
518,0.21320439903903637,40.86360746406273,0.15838917869225733,98.31406221811824,95.33303772752744
519,0.21320439903903637,40.85320234052379,0.2806555902150732,87.77604615923151,95.81255047344368
520,0.21320439903903637,40.840711702486054,0.33690781061039304,86.3432144594905,96.18318065943524
521,0.21320439903903637,40.828670944551604,0.32477327271279,76.4886543484042,96.59175771808543
522,0.20305180860860605,40.82306206425045,0.1588517220135927,73.42806309128494,95.26645959416383
523,0.19338267486533908,40.82699824136335,-0.1136429402088214,77.20822385532196,93.20164054533615
524,0.18417397606222768,40.841598869063695,-0.4426175763509353,91.66035458774358,90.30439976497878
525,0.18417397606222768,40.85451571910907,-0.46067518695315923,95.48217477147644,90.02565994440198
526,0.18417397606222768,40.86148070765816,-0.2411689458176642,92.53720364044112,90.79247623705635
527,0.18417397606222768,40.85773305482889,0.12976582456016406,90.47438682806379,92.44719252821254
528,0.18417397606222768,40.84215520203756,0.5638817935229263,96.16317887000699,94.9954356711483
529,0.18417397606222768,40.81491167320001,0.9861519497323251,110.42831447860449,98.18747657745932
530,0.18417397606222768,40.7778975609078,1.3398241917264582,128.33135779326068,101.97336206761099
531,0.19338267486533908,40.72812211717932,1.715956673752581,150.90834636177814,108.11097340616978
532,0.20305180860860605,40.670370875819756,1.8961085762722545,161.39158104286045,113.24586291704355
533,0.21320439903903637,40.608732644068326,1.9273595988717216,171.8958011965004,117.41666571452762
534,0.2238646189909882,40.547972919305415,1.8094187173412775,232.12354851416154,122.83012888680561
535,0.2350578499405376,40.498730511779264,1.3966039293047314,232.20822184396587,125.29022946383212
536,0.24681074243756448,40.465207540408365,0.8791236509151606,193.78557163687645,126.93906693671967
537,0.2591512795594427,40.449799107118565,0.3736280011123998,153.544915976375,127.75640853853562
538,0.2721088435374149,40.45110068965527,-0.02918274385964218,120.6112576546297,127.32883292533498
539,0.2721088435374149,40.47054766370688,-0.4233204218670059,103.43924869222667,124.36570883387736
540,0.2591512795594427,40.51011053558249,-0.8779242989755327,109.77930140381176,118.67812831393269
541,0.2591512795594427,40.55867398385437,-1.0462646488981873,113.31706131332416,115.34216555797401
542,0.2591512795594427,40.60516498265813,-0.9724419534792604,106.70652615726449,112.4157324195789
543,0.2591512795594427,40.64211332743415,-0.7728403668734418,95.65997680633141,110.20950561941189
544,0.2591512795594427,40.664008396292004,-0.45797431932061416,84.20401221327356,108.79638811141018
545,0.24681074243756448,40.67358153483603,-0.2041273647814313,85.78503324761142,106.2715023785996
546,0.2350578499405376,40.675515339346255,-0.04203504609837561,91.39197068051858,104.07690433783425
547,0.2350578499405376,40.66410377174687,0.2480528758528354,88.36422215023507,105.35141722280046
548,0.2350578499405376,40.64353048504286,0.4472008677365239,84.92639001927915,105.77826436439399
549,0.2238646189909882,40.62496925301351,0.4236381453616016,81.38841970565161,104.61561513575133
550,0.21320439903903637,40.61607852794271,0.21306628717596238,82.07461857122748,102.69813080078765
551,0.20305180860860605,40.62069879417426,-0.11287470626873161,89.77209301576237,100.0069609808152
552,0.20305180860860605,40.633864892955195,-0.3216523590028727,91.32994872345694,98.2952380214929
553,0.20305180860860605,40.65050617202122,-0.40655221850312323,88.23331203580206,96.6804717255442
554,0.20305180860860605,40.665964133381515,-0.37764335659673726,83.30169080854226,95.39727370172893
555,0.20305180860860605,40.67663940441854,-0.26080057344184243,76.71121054882147,94.52133205799079
556,0.19338267486533908,40.685791105543295,-0.22792057644926297,76.99064125584634,92.38552458099744
557,0.19338267486533908,40.69117385386746,-0.13405585302672102,78.30686408126124,91.51724620882139
558,0.19338267486533908,40.6915766969904,-0.010032696167761875,81.71284158041959,91.01103431600949
559,0.19338267486533908,40.68678104618086,0.11943435237483438,79.96230183332703,90.84651006133106
560,0.19338267486533908,40.67793060961413,0.22041766624806275,75.46023881924532,90.88563636994103
561,0.18417397606222768,40.67219426105925,0.15000527706236436,71.83349799130404,89.42602351264102
562,0.17540378672593113,40.67446499485325,-0.060532596477798094,77.09589158887324,87.23017774931509
563,0.17540378672593113,40.68146465310357,-0.1865949630333279,86.44636171636242,86.01779787983142
564,0.17540378672593113,40.689705763243836,-0.21968924581504146,87.08350127328589,84.92199591102501
565,0.17540378672593113,40.69650548311939,-0.1759854959904898,80.73235200704278,84.10532924432819
566,0.17540378672593113,40.699734957617615,-0.08358295367474897,72.38177556956911,83.58440517507422
567,0.17540378672593113,40.693200490064235,0.16912042473245537,69.3476478833992,84.92544301435099
568,0.16705122545326773,40.679880994033816,0.36196197285546017,74.57280856100783,85.48907068263011
569,0.16705122545326773,40.66104209647188,0.6022984046107194,87.2452485838641,87.79329561126306
570,0.16705122545326773,40.63803248443537,0.865459199337396,98.62127998900095,90.49586451936598
571,0.16705122545326773,40.61397873994879,0.9599348711281558,100.64904916123278,91.99429299758845
572,0.16705122545326773,40.59040542153467,0.9133612297585807,94.6493779430357,93.14430277768118
573,0.16705122545326773,40.57090753786646,0.755456261696021,85.8518258508572,93.95134052175942
574,0.16705122545326773,40.557048246083056,0.5369859077330779,78.26484159480889,94.36764271561523
575,0.1590964051935883,40.55385013971913,0.1301080155815483,81.05400078492926,92.64242149548178
576,0.1590964051935883,40.55855080700965,-0.19697353877214235,95.86954405063341,91.6331123659258
577,0.1590964051935883,40.56858546437096,-0.4204854010411384,107.98766234952002,90.49279248393843
578,0.1590964051935883,40.58113021849989,-0.5256667747524634,113.18564675492406,89.35606680255388
579,0.16705122545326773,40.590411319416674,-0.3596013763509728,108.39760009113951,90.10176933618735
580,0.17540378672593113,40.59082896549433,-0.014962485193394576,99.03468247923033,91.73261443139643
581,0.17540378672593113,40.58257682086798,0.2870284413482816,95.9411138312161,92.4964630418066
582,0.17540378672593113,40.56809903766702,0.5035703728556646,94.08103033596137,93.46294586547904
583,0.17540378672593113,40.550141617832516,0.6246000838708611,90.57582602273695,94.44055016906589
584,0.17540378672593113,40.53169631151514,0.6415698902760659,81.37666125659959,95.27775748385794
585,0.17540378672593113,40.51547866314789,0.5640868578970646,78.41574218261785,95.64570517391255
586,0.16705122545326773,40.5079603202356,0.27458039850408017,77.24615787841188,94.14153165070698
587,0.1590964051935883,40.51203566903572,-0.1517274854093469,87.58186019682668,91.70197129256657
588,0.1590964051935883,40.522859140984885,-0.45353934661962525,108.35525917337516,90.09491872221898
589,0.16705122545326773,40.53413115371694,-0.44984256381947973,108.3511441887924,90.1850571164453
590,0.17540378672593113,40.54067489693371,-0.24146756360416527,103.36333388885129,90.83971635496798
591,0.17540378672593113,40.540640255872134,0.001316621578422783,110.00946277495575,90.77409390158758
592,0.18417397606222768,40.52850661165192,0.43920950830084154,187.96019776456802,94.93656493152596
593,0.19338267486533908,40.51053101034499,0.6196901668132418,204.43268319848605,96.12024175026743
594,0.20305180860860605,40.49056290695351,0.6365044888437222,172.06424817006018,97.46546436716929
595,0.21320439903903637,40.47099337125503,0.5767912349578518,130.8790626829494,98.64716419462096
596,0.2238646189909882,40.4534711463612,0.47753021557302977,98.45046721527208,99.50283209447186
597,0.2238646189909882,40.439951058542164,0.3684606543929228,80.52006411161918,99.96837687075721
598,0.21320439903903637,40.437173452642824,0.07716747799754615,86.22621421048783,97.3719356933682
599,0.21320439903903637,40.4432825467706,-0.1910246428717758,125.23520732310936,95.75053218689662
600,0.2238646189909882,40.450818731683206,-0.22442685662942155,140.07803551040297,96.19304398370309
601,0.2350578499405376,40.454261050978836,-0.09478681012415792,131.79726951694477,97.56242648311628
602,0.24681074243756448,40.449333870781565,0.12544942605697618,114.1901365947953,99.69392821689033
603,0.24681074243756448,40.43772620000424,0.28693140856170624,96.82663816178739,100.79666538843044
604,0.24681074243756448,40.42244110099451,0.3778341988683768,85.31206488156278,101.80911963293607
605,0.24681074243756448,40.40603478396712,0.40554972175656145,78.80615025620729,102.63560406421732
606,0.2350578499405376,40.39532931129382,0.2778613584950741,75.02465420370264,101.4354138320273
607,0.2238646189909882,40.39379083288861,0.040706689685466105,71.48060552598201,99.20915616878312
608,0.21320439903903637,40.40332622552796,-0.2571964897011993,81.68770133919209,96.20693557689823
609,0.21320439903903637,40.419791043563045,-0.43116764806295294,89.48040685523581,94.1222020660206
610,0.21320439903903637,40.43847929347935,-0.47513895702239695,89.41453709148509,92.22013835890642
611,0.21320439903903637,40.45522282619166,-0.42569554160690254,89.36049825229713,90.43853431193544
612,0.21320439903903637,40.46685447230457,-0.2957285046643557,85.82159425303742,89.28504636143909
613,0.21320439903903637,40.471627499478494,-0.12135171369282564,79.06900556963016,88.81077745760236
614,0.21320439903903637,40.47119911010816,0.010891575162493143,72.57350048696549,88.78902813214225
615,0.20305180860860605,40.47041550541361,0.020918875491367884,69.14082686141461,87.42239261795193
616,0.19338267486533908,40.472917713469705,-0.06809524679612061,72.92650818878073,85.65680717004186
617,0.19338267486533908,40.477015541082594,-0.11151853737633045,75.14095175630149,84.65532227262125
618,0.19338267486533908,40.481320611000896,-0.11715844245933792,81.94709676626934,83.82133003531975
619,0.19338267486533908,40.484359522894486,-0.08270113865318143,82.17434486425682,83.25168925368452
620,0.19338267486533908,40.4856516205392,-0.03516322624974177,79.74535487809331,82.67875644373387
621,0.19338267486533908,40.484747661359116,0.02460040175772871,78.27656533261074,82.40484362405788
622,0.19338267486533908,40.48150257182639,0.0883120698407046,73.96674195979917,82.29793519906934
623,0.19338267486533908,40.47643517112192,0.1379045602322096,71.29225764557748,82.18935487843409
624,0.19338267486533908,40.470037088573804,0.17411781928956155,74.1204911503729,82.26140035497883
625,0.19338267486533908,40.46303140956527,0.1906529874278291,72.9978757728811,82.14931646151257
626,0.19338267486533908,40.45585346400305,0.19534106021158862,73.1038447579208,82.22812469269675
627,0.19338267486533908,40.44889632562367,0.18933199970502643,71.2802538911421,82.32813136984292
628,0.19338267486533908,40.442610200538596,0.17107100187616697,67.6404240028374,82.41437726587486
629,0.18417397606222768,40.44152322312858,0.031060124899908646,64.06542967707256,80.97252631708326
630,0.17540378672593113,40.44788763171042,-0.18539277551728092,66.22787080496182,78.96865708445728
631,0.17540378672593113,40.454019782271494,-0.17862718865123245,64.20536046490666,79.22451510155624
632,0.16705122545326773,40.45770151715605,-0.11260989802906554,64.28870296993385,78.7215422383216
633,0.1590964051935883,40.45797626880439,-0.008823759416652314,63.644932393865886,78.46701458626217
634,0.15152038589865552,40.454922331505074,0.10298234268791819,65.68467452175351,78.34732902628069
635,0.15152038589865552,40.44608241177237,0.3506969967436913,82.32966253437996,79.91125060563557
636,0.15152038589865552,40.43099837616588,0.6636746387631457,103.23954066097964,82.05498658840744
637,0.1590964051935883,40.40466073294294,1.1036345412038713,123.94033137188023,86.31853318681031
638,0.16705122545326773,40.369132564328446,1.4178552524070311,148.06817559359422,89.92367116462484
639,0.17540378672593113,40.327275067529335,1.590900537950162,163.36295653859602,93.90161534913419
640,0.18417397606222768,40.282299552556765,1.6280083261188534,171.67185988991184,97.7837305165213
641,0.19338267486533908,40.240554221907686,1.439126873806248,168.45563033201847,100.09129865045863
642,0.20305180860860605,40.20586329703552,1.1058100496757197,157.66760422796688,101.80747619271065
643,0.21320439903903637,40.18188739239656,0.7066642693527431,148.3253115038174,102.68296237748044
644,0.2238646189909882,40.1702281974287,0.3177460579433578,141.506949002045,102.88895243904238
645,0.2350578499405376,40.17057192101035,-0.008661525958532042,137.21700598756848,102.27546156254517
646,0.24681074243756448,40.175504838543574,-0.13324426871935846,164.99591674249407,101.50150992325055
647,0.2591512795594427,40.18215281127433,-0.17101909849879035,221.85041294538732,102.36633961668635
648,0.2721088435374149,40.19030652577461,-0.1997660052568123,220.97224593315218,101.44164409155356
649,0.28571428571428564,40.19882870924463,-0.19305917246014212,187.16609437258498,101.02805572413345
650,0.29999999999999993,40.205577302179464,-0.14135991317290858,146.83047093298103,100.73882218627648
651,0.31499999999999995,40.20805884567147,-0.048062726540168084,117.98565379580002,100.72529221381564
652,0.31499999999999995,40.204467818557,0.06752552550089422,100.9811711234914,100.83932903682523
653,0.31499999999999995,40.194606621784516,0.1854295367046118,92.69212757418433,101.23376943072053
654,0.31499999999999995,40.18001367028056,0.2744052571880571,88.66908269884038,101.69531291819128
655,0.31499999999999995,40.1626904197162,0.32574568792034314,87.26560911451193,102.29399140218406
656,0.31499999999999995,40.14464859761757,0.3392576773635776,84.71714467402435,102.96334229489887
657,0.29999999999999993,40.13261761279973,0.23754164854031154,79.85677733660305,101.73777616696712
658,0.28571428571428564,40.130350635117935,0.04562868012076798,77.39863299224933,99.57693151584832
659,0.2721088435374149,40.135232775175005,-0.10317873404581551,79.96954597874165,98.10886239725045
660,0.2591512795594427,40.14437619599883,-0.20289809451176233,87.547233742259,96.43533346236028
661,0.2591512795594427,40.15479013246165,-0.23109161279914023,93.39681749612022,94.86503264431735
662,0.2591512795594427,40.16377337887142,-0.199343726401246,96.70081776975277,93.54151384125171
663,0.2591512795594427,40.168739320642665,-0.1277488520654533,99.60276704460058,92.55216537595062
664,0.2591512795594427,40.16989374315635,-0.02969751916456667,101.51270183029244,92.06759327819157
665,0.2591512795594427,40.167342850535455,0.065621712672312,105.33905178774256,91.61459523473923
666,0.2591512795594427,40.161099787014784,0.16060280906933563,109.77219228241954,91.50336788506233
667,0.2591512795594427,40.15179482719527,0.23937009135724535,112.77855847756089,91.62214933751817
668,0.2721088435374149,40.13662636809924,0.37162724785251666,116.02981312626778,93.57794668436502
669,0.28571428571428564,40.11442858232076,0.5179483348312327,119.96838385748899,96.18533320510014
670,0.29999999999999993,40.085426722397195,0.644485776079118,124.30185106281871,99.19143258624963
671,0.31499999999999995,40.05090055883482,0.7307124563467956,128.58782108467258,102.61347263845096
672,0.33074999999999993,40.01256084999669,0.7727832469259318,130.6197918400382,106.3142940076985
673,0.34728749999999997,39.97209592322188,0.7767805593314978,129.45639638886598,110.16840706177548
674,0.34728749999999997,39.935463198304895,0.6827340910453946,123.84441225780418,112.12341346551455
675,0.34728749999999997,39.90646943566334,0.5246258898141213,116.5256691103797,113.42534577429224
676,0.34728749999999997,39.88722944597818,0.33799692543694493,109.92961698169461,114.01330425031497
677,0.34728749999999997,39.87828275780391,0.15717020358305744,105.07907086897147,113.953578355949
678,0.34728749999999997,39.87786141257655,0.007401947387912666,101.50237402226364,113.36384482833158
679,0.34728749999999997,39.883247136506725,-0.09461325912518694,98.74685437293769,112.47256425445251
680,0.34728749999999997,39.89130644062009,-0.14158115758160147,95.62594473752392,111.50848710252804
681,0.34728749999999997,39.899082397697484,-0.1366034819924898,92.11744669281,110.62805938515656
682,0.33074999999999993,39.903943488460655,-0.08966664988197039,89.33957938777934,109.98313852701602
683,0.31499999999999995,39.90473040193495,-0.015241001113994148,87.76835294989803,109.59602604830272
684,0.29999999999999993,39.90123961228244,0.07099037855674734,86.84370172653226,109.50513484835571
685,0.28571428571428564,39.89398877665384,0.15482930747314988,85.94724044124202,109.62461145474273
686,0.2721088435374149,39.88816885304601,0.13048833642062135,85.30384685735459,108.00462946858742
687,0.2591512795594427,39.88331019803088,0.1143825495884485,87.88506641339188,107.54571967255607
688,0.24681074243756448,39.87942999905025,0.09591510479348264,93.20521311911368,107.11281387475972
689,0.24681074243756448,39.876091873901494,0.0825155166151834,97.49802617656574,106.73612132046354
690,0.24681074243756448,39.87295013660316,0.07766098174550344,99.38943080023734,106.36467357955044
691,0.24681074243756448,39.86936185031865,0.08869927978542448,101.65957436729596,105.902179846061
692,0.24681074243756448,39.86515439848238,0.10400450745008491,105.17433356364121,105.64924956733799
693,0.24681074243756448,39.86097325453896,0.11293792434190088,110.85170282005734,105.13580432757111
694,0.24681074243756448,39.85651441639747,0.12043879174951747,118.62700863551892,104.90473255311879
695,0.24681074243756448,39.85185991150298,0.1257239953311161,122.4000082889707,104.75149454239246
696,0.24681074243756448,39.84739034350578,0.12072861856426742,124.5889928480542,104.529112864909
697,0.24681074243756448,39.84313157549037,0.11503464755623417,125.25157228116875,104.43502397583642
698,0.24681074243756448,39.83934317068869,0.10232954919946739,124.79391936498126,104.31858905263842
699,0.24681074243756448,39.836227847006995,0.08414878679703079,124.46755167394076,104.08575980392813
700,0.24681074243756448,39.833592568969266,0.07118215389641902,122.70613910003226,103.98192098166689
701,0.24681074243756448,39.831166577390874,0.06362045147803295,118.95904600891404,103.888363959782
702,0.24681074243756448,39.82870510322638,0.06267083987663025,114.433369476643,103.8172586245403
703,0.24681074243756448,39.82599994596402,0.06686910738289947,110.63039542854273,103.76160638288248
704,0.24681074243756448,39.82290089000857,0.07437469563354962,107.87099936912828,103.72309519510962
705,0.24681074243756448,39.81964596559427,0.07811540549861092,107.21178456570271,103.46450147150644
706,0.24681074243756448,39.81651789544191,0.08449308490319514,109.52866528947186,103.24083584589452
707,0.24681074243756448,39.81330062972182,0.08690236868189158,111.84260503845918,103.07183718634796
708,0.24681074243756448,39.81010824515645,0.08623029759139486,112.98173667367983,102.90337110753109
709,0.24681074243756448,39.806879952428346,0.08720022195187348,112.8077646128533,102.72756232373085
710,0.24681074243756448,39.803382898064896,0.09445980967500489,114.15031290859822,102.42196863106773
711,0.24681074243756448,39.799392942236906,0.10777369435859185,117.34881601388747,102.16852019490867
712,0.24681074243756448,39.79819616592227,0.032326424228846254,122.34510964409638,100.3600193912826
713,0.2591512795594427,39.79860204175193,-0.010441155718232151,125.8210192324588,99.67601078550899
714,0.2721088435374149,39.79936136066168,-0.018603313288644358,128.28235786070343,98.89335505011614
715,0.28571428571428564,39.79967914223036,-0.007414903269318776,129.9874838603869,98.31844646409806
716,0.29999999999999993,39.79887548071585,0.01785914476677369,130.18094500255444,97.89812998575542
717,0.31499999999999995,39.79645166182122,0.05129775438356679,128.78668614815754,97.59574371972666
718,0.33074999999999993,39.79218744323996,0.08595048790655817,127.44625155393528,97.28281355037598
719,0.34728749999999997,39.78638279410287,0.1114283149089737,127.36438625269118,97.23338130181094
720,0.36465187499999996,39.77945805654147,0.1265999717566229,126.450922076061,97.07346191100865
721,0.38288446875,39.77147435461649,0.13496093556671848,121.94474616327363,97.1457217699889
722,0.4020286921875,39.75906939786228,0.19389762831545368,117.30650013810387,98.91117400446228
723,0.4020286921875,39.74419998609996,0.22564920395344265,112.75010464768923,99.57383505442829
724,0.4020286921875,39.728494555618596,0.23139428993991792,107.5294315817753,100.27268593212683
725,0.4020286921875,39.71351782730119,0.21423110106291005,102.89133173445984,100.68127147922156
726,0.4020286921875,39.70055034969346,0.18008761657068126,98.97903059196783,100.77488459354674
727,0.4020286921875,39.68659761284251,0.19377053889260157,97.65625638345455,102.24529417858017
728,0.4020286921875,39.66923123937293,0.24117788371993795,97.77162845801253,104.09185358019192
729,0.4020286921875,39.65061361981855,0.3041820407486932,98.88071006194242,106.37848111608588
730,0.4020286921875,39.62769095919796,0.380116495265842,99.3933196121475,109.1093909360724
731,0.4020286921875,39.60377934141542,0.39651594106273236,96.04097378832174,110.49597332686419
732,0.4020286921875,39.58200118165117,0.3611377361443956,90.04862068679036,111.43308231403265
733,0.38288446875,39.56891308073497,0.2278859897160833,86.84037755708559,110.13620916347337
734,0.36465187499999996,39.56652019024572,0.043747487275716465,86.59565455001787,108.09538695256053
735,0.34728749999999997,39.57523374285371,-0.16239685781158802,89.9259389873266,105.32917772851155
736,0.34728749999999997,39.590859503096375,-0.28273937648858266,92.00280591395914,103.21828526658526
737,0.34728749999999997,39.60816115272235,-0.31306365587981244,92.30532317619249,101.20757580839027
738,0.34728749999999997,39.6229097794966,-0.26686813783499913,93.10487619691081,99.52236068349498
739,0.34728749999999997,39.63232024157469,-0.1702770386275307,97.62543527042806,98.17809711912298
740,0.34728749999999997,39.63462737511861,-0.0442886377796396,104.3151615646922,97.52710847311937
741,0.34728749999999997,39.63041038954852,0.0809509041758468,109.95948186039897,97.35917687149998
742,0.34728749999999997,39.620662293848326,0.18712825733181188,113.8519531777778,97.49865131274062
743,0.34728749999999997,39.60695051492384,0.2632166706154631,116.26718705338712,97.83525031682221
744,0.34728749999999997,39.59429946533253,0.24285449550808222,116.82246056637372,96.73808332636074
745,0.36465187499999996,39.582803235304716,0.21017726432595532,115.28794933036374,96.69129519843746
746,0.36465187499999996,39.576671395317774,0.11210399849515404,113.44442631329449,94.9904614166463
747,0.36465187499999996,39.57795779939566,-0.02351839596572217,112.19118168798477,92.76170195710563
748,0.38288446875,39.58460071230662,-0.1122954927143525,109.4025763886825,91.45061398985726
749,0.38288446875,39.59727647725744,-0.2080370653632593,106.8172697736614,88.75285237370947
750,0.4020286921875,39.609292358167366,-0.1823457447720863,101.10467321258353,88.64736190300381
751,0.4020286921875,39.61756635459149,-0.12190404648858544,96.05782523176097,87.772062755817
752,0.4020286921875,39.62045372626002,-0.04130173150101109,92.9218788800926,87.33091035082066
753,0.4020286921875,39.61709469403568,0.04664901884286968,90.16023105458595,87.2483488641044
754,0.4020286921875,39.60452732831342,0.17453100810800892,88.34918084896573,88.89534927263442
755,0.4020286921875,39.585384942153276,0.3127558853583823,87.75964047332049,91.31511845090503
756,0.4020286921875,39.55888602759959,0.43941995631357766,88.47248239283579,94.1586409525047
757,0.4020286921875,39.526388222792754,0.5388969400837323,89.86783821842151,97.34653513114496
758,0.4020286921875,39.49010577624306,0.6016560054003648,91.28025757441986,100.7186778604511
759,0.4020286921875,39.45228870872806,0.6271039563408974,92.201374228073,104.15790447732941
760,0.4020286921875,39.41510669985829,0.6165730554777242,92.47273226439522,107.41511839503615
761,0.4020286921875,39.38006546909272,0.5810734647637741,92.3351502151935,110.63684234145052
762,0.4020286921875,39.34763819308102,0.5377273917982351,91.86249518141028,113.58153050289718
763,0.38288446875,39.32548418573953,0.3857387654265012,88.46385762520494,113.29045293343908
764,0.36465187499999996,39.31674963751576,0.15968743199736704,86.81014604836233,111.90028455215432
765,0.34728749999999997,39.321787952933526,-0.09390045935555585,89.5198522986968,109.5151746645397
766,0.33074999999999993,39.339593111130476,-0.3382830794239556,95.8117349203846,106.30161492179448
767,0.33074999999999993,39.36442951753136,-0.45812708825563997,98.67982954462936,104.01545887596004
768,0.33074999999999993,39.390170247898446,-0.46097869559152793,96.80464038020206,101.9188579614886
769,0.33074999999999993,39.41080267686915,-0.3694965161506341,91.88100608177331,100.27189345226692
770,0.33074999999999993,39.42320598800567,-0.2221250954104828,86.82383251929758,99.1797597823347
771,0.33074999999999993,39.425995061560556,-0.049948213236812145,82.94362197733905,98.7461099246618
772,0.33074999999999993,39.41965701930482,0.11350503307363119,80.29564929962345,98.73922630025531
773,0.31499999999999995,39.409922088022725,0.18305524564011033,80.80026211116059,97.5427491326654
774,0.29999999999999993,39.40147527388288,0.16677522132005798,81.16905538309965,96.14333155953297
775,0.29999999999999993,39.39411694605935,0.14528397701156978,79.48921447983955,95.76448572851226
776,0.28571428571428564,39.391925871069425,0.04542397415651049,78.19032555540532,93.88632356289263
777,0.2721088435374149,39.39662931511264,-0.09940218763930143,80.72830398981392,91.38196454363167
778,0.2721088435374149,39.405284256422135,-0.18291279584661624,83.97965950971958,89.99800244866137
779,0.2721088435374149,39.41887716274198,-0.2789042036131511,87.76346237493377,87.30754953527892
780,0.2721088435374149,39.43400890084073,-0.3652688407439584,90.78612482633542,84.35639691219328
781,0.2721088435374149,39.452141981518515,-0.4377190059106626,92.58242188296049,81.4756367688679
782,0.2721088435374149,39.472240188651305,-0.4851556888250404,92.39593127655831,78.5292752581125
783,0.2721088435374149,39.49376370537437,-0.5044287343216897,90.39817222156933,75.58681335260736
784,0.2721088435374149,39.51535643604981,-0.49131149910193495,87.23319308837058,72.55571903588252
785,0.28571428571428564,39.53393019645127,-0.3907713148217797,83.3634926468669,70.89067687030283
786,0.28571428571428564,39.54478163137053,-0.22165257584018325,75.51780821921444,69.83292719754505
787,0.28571428571428564,39.54642682199083,-0.032626058655198534,72.20054093385752,69.43705811062668
788,0.28571428571428564,39.54061194573818,0.13566566219118092,75.52801391790716,69.58647861916276
789,0.28571428571428564,39.52913152682896,0.2678764412145672,81.79677686674594,70.08956158559295
790,0.28571428571428564,39.5142604406832,0.3469920100678171,86.62885582064317,70.753503362875
791,0.29999999999999993,39.4952478651182,0.42250167922231857,89.4578607657681,72.77739369140154
792,0.31499999999999995,39.47277001669361,0.4757216597795248,90.25163328093561,75.13411367490377
793,0.33074999999999993,39.44761471653804,0.507035528457315,90.61509789496648,77.74782463707564
794,0.33074999999999993,39.423720111180536,0.46759679472183624,88.71121760783966,79.10901481622847
795,0.33074999999999993,39.40380844755258,0.37830491669988486,85.36915593810674,80.11288341952941
796,0.33074999999999993,39.38961059386292,0.26189059984495083,81.76146962498048,80.66686134193488
797,0.33074999999999993,39.381924368092534,0.14177849142207918,79.46513482369394,80.81514668497105
798,0.33074999999999993,39.37992337099093,0.03690996841357243,78.46654052951816,80.61530357593848
799,0.33074999999999993,39.38213355534989,-0.04076859222430289,76.7988216641018,80.17011464754418
800,0.33074999999999993,39.38669951708998,-0.08422276247681008,74.44921765019551,79.61307974801862
801,0.33074999999999993,39.391701385117855,-0.09226339746822046,72.743676788374,79.05703163367832
802,0.33074999999999993,39.39243217693463,-0.013480030956860676,71.16481038795926,79.96160709747586
803,0.33074999999999993,39.38584097905401,0.12157983906498147,70.7549287447447,81.49136323091032
804,0.33074999999999993,39.37211585005687,0.2766465910229524,72.81485930277293,83.63434107867786
805,0.33074999999999993,39.35073928239963,0.4308706002971151,76.52910817468006,86.29439643575269
806,0.33074999999999993,39.32250502450561,0.5690956491615239,82.32233281155082,89.19042783458472
807,0.33074999999999993,39.29207658122974,0.6133221118842982,85.26807961984149,91.05941892213629
808,0.33074999999999993,39.26347874676892,0.5764239750230129,85.07749254583177,92.58310662111886
809,0.33074999999999993,39.2397403483759,0.47847615808524957,83.07185312437498,93.60721398714843
810,0.33074999999999993,39.22270122324752,0.3434441950796463,79.28486288235021,94.08170650922985
811,0.33074999999999993,39.213042490876084,0.19468344412048874,76.74672125027355,94.04324388323361
812,0.31499999999999995,39.213350585231765,-0.0063305975379767294,76.62420949819254,92.05809403454641
813,0.29999999999999993,39.22396737799601,-0.22238545394885353,79.12139070570572,89.44671344897098
814,0.29999999999999993,39.24108170485128,-0.34804518837872506,80.29486810815585,87.64685768019349
815,0.29999999999999993,39.25968694273968,-0.37836507275199693,78.44486733382632,85.99208919079888
816,0.29999999999999993,39.27576686134106,-0.3270089642474855,74.03687300798403,84.67545486393043
817,0.29999999999999993,39.28647181289658,-0.21770104732909268,71.60825829997998,83.56100005650902
818,0.29999999999999993,39.29057540068616,-0.08345253642362474,74.19270143630811,83.08532974585478
819,0.29999999999999993,39.29109929289324,-0.010654124082452738,77.32140951078645,81.65294276067709
820,0.29999999999999993,39.29099870800705,0.0020455426588764326,78.86795916780837,80.06565387983684
821,0.29999999999999993,39.29280256217522,-0.036684046592793076,79.99760152963532,78.23492865163585
822,0.29999999999999993,39.29834070053005,-0.1126262471949426,81.54956350980184,76.02850692846357
823,0.29999999999999993,39.3079171176886,-0.21280927019025006,85.74835645817824,73.45322341799532
824,0.29999999999999993,39.321988229746985,-0.3126913790749498,90.00213638486377,70.85270714917446
825,0.31499999999999995,39.33785515574979,-0.3358079577314952,89.23910898509982,69.29617063096076
826,0.33074999999999993,39.35319360905135,-0.3001602869139947,85.83545161277279,68.0624960909711
827,0.34728749999999997,39.36554159486964,-0.22342988481418655,82.25268732574185,67.22866157172298
828,0.36465187499999996,39.37027240571231,-0.07915059780698379,78.60955174712643,68.06311838621556
829,0.36465187499999996,39.36694391149045,0.0556886158036023,77.66568516236877,68.42814865083996
830,0.36465187499999996,39.35710309292361,0.16464549067350845,78.76411976691537,69.08377082160578
831,0.36465187499999996,39.34419193744841,0.2360453235971251,80.64297543760935,69.87224613597621
832,0.36465187499999996,39.329542694343665,0.2678215234688059,82.16841098668944,70.54526951162852
833,0.36465187499999996,39.31507489606255,0.26450429890375154,83.45113667594771,71.04618598058627
834,0.36465187499999996,39.30001293090391,0.27536702247205186,84.47367541525439,72.69902560880757
835,0.36465187499999996,39.28366696099174,0.2988415533246335,86.12081738329528,74.61387334556791
836,0.36465187499999996,39.26565727507918,0.32925807045532857,87.88607212394427,76.77530205326126
837,0.36465187499999996,39.245877698706146,0.3616156984985382,89.73217912798644,78.91973897027891
838,0.36465187499999996,39.22409556319242,0.3982270398530486,94.26028264845739,81.22285641446769
839,0.36465187499999996,39.20013611770274,0.438033224422084,101.04285036518074,83.65896377229866
840,0.38288446875,39.17032436627055,0.5190730514532045,110.2497587795695,87.74175703014433
841,0.4020286921875,39.133910553298065,0.6038343975621921,118.4557663111743,92.52789636547494
842,0.422130126796875,39.090909327718016,0.6791148487214725,124.57064660192765,97.83256817489243
843,0.4432366331367188,39.044851827574725,0.6927450891915428,125.86794832249817,102.08530420814178
844,0.46539846479355473,38.998412227997285,0.665230665626761,125.01984821612324,105.7582021217815
845,0.46539846479355473,38.958476802773134,0.5720606927206917,123.43888736731562,107.67057289973829
846,0.46539846479355473,38.92783842221758,0.43888385076854175,121.35108336550032,108.83403515869911
847,0.46539846479355473,38.90740312990821,0.29272825840308914,119.12884236003296,109.19930482387495
848,0.46539846479355473,38.8991529237845,0.11473908150968902,116.44125278492776,107.50993481002811
849,0.46539846479355473,38.90355453602758,-0.06121507006722668,114.29366877261052,104.9206855405995
850,0.46539846479355473,38.9185481391799,-0.20852233609970156,112.59853327553313,101.5071017675268
851,0.46539846479355473,38.940976745515634,-0.31192404794736495,111.80741716286659,97.56713380055078
852,0.46539846479355473,38.96744770258892,-0.3681427173733842,110.74803096326764,93.62534724387199
853,0.46539846479355473,38.99441047362749,-0.37498258074215696,108.86942241626414,89.56726813754227
854,0.4886683880332325,39.01777155615415,-0.3004090485056731,104.48065630083644,87.25655969298012
855,0.4886683880332325,39.034773907489395,-0.2122715580390445,100.45285317009338,84.38259163381245
856,0.4886683880332325,39.0417162473745,-0.08414948625270499,96.25890824639394,83.24450739510733
857,0.4886683880332325,39.03718436945285,0.05333184085175169,93.1592524475005,82.83256590829501
858,0.4886683880332325,39.02209936281477,0.17235212918392395,91.10799270165352,83.00922700471291
859,0.4886683880332325,38.999680474783176,0.2561446062891372,89.61952546296635,83.62121146414266
860,0.4886683880332325,38.97630471636706,0.25929827813435763,87.64638707215009,83.14496397075499
861,0.4886683880332325,38.95785667244815,0.19867673840786507,85.00394410476552,82.24965842652085
862,0.4886683880332325,38.94513969457464,0.13296685258375737,82.30619904451808,81.9870028672962
863,0.4886683880332325,38.93802546076234,0.07438538369546017,79.89131588530022,81.35660898833623
864,0.4886683880332325,38.93538379452275,0.027620874153380746,79.40468656741224,80.47053791443253
865,0.4886683880332325,38.9356615368401,-0.0029040328712544128,80.70396789437169,79.38030769741312
866,0.4886683880332325,38.93633317610774,-0.007022561521866037,81.86512824707225,78.64139838218611
867,0.4886683880332325,38.93524697061434,0.011357205080738078,80.87226985174708,78.15043826914346
868,0.4886683880332325,38.93107498926886,0.04235109136396436,78.08646001689732,77.87822264670913
869,0.4886683880332325,38.92398787334672,0.07194353691207173,75.88571973053563,77.41533575478384
870,0.4886683880332325,38.911026320059115,0.13157679338508257,75.88234851857594,78.27371573597348
871,0.4886683880332325,38.891256526103454,0.20068938011140175,77.58847029471633,79.54627369698237
872,0.4886683880332325,38.86969375275626,0.21889047636198905,80.26279659317393,79.54438609953229
873,0.4886683880332325,38.849254766603565,0.20748256002528592,81.2152203496034,79.89885792007111
874,0.4886683880332325,38.83313119319051,0.1636754515855045,80.51460559255487,79.2884252453251
875,0.4886683880332325,38.82208980311665,0.11208461425864474,81.07142660792712,78.57663062060696
876,0.4886683880332325,38.81547700200788,0.06517341597255127,78.90770821022282,77.85803455772307
877,0.4886683880332325,38.81174182019541,0.03574041123852769,75.43446709424818,77.28461084161447
878,0.4886683880332325,38.80947512908795,0.021689030520659718,71.7212643212734,76.81513506145781
879,0.4886683880332325,38.80358447054375,0.05636527735600569,69.36181162966878,77.5484914241188
880,0.4886683880332325,38.79087836622213,0.12157946158786355,68.85346173281839,78.80388245493022
881,0.4886683880332325,38.773410729610205,0.19663599578826474,69.56323135345654,80.60332504606782
882,0.4886683880332325,38.75300533473269,0.27024330971006705,70.94064969499489,82.77830071190002
883,0.4886683880332325,38.72806980905068,0.3401833266707338,73.7528210932386,84.94833008089459
884,0.4886683880332325,38.69915584683329,0.3944592137251187,77.0495726148015,87.53617630898874
885,0.4886683880332325,38.66771763276314,0.42889636189602165,79.80700097787383,90.24704804261432
886,0.4886683880332325,38.635146803157255,0.4443480883084253,83.68661794842428,92.663765884488
887,0.4886683880332325,38.60545122663981,0.40512239990202487,86.57056956485108,93.93577416837276
888,0.4886683880332325,38.58127225656037,0.32986200419403916,87.42582838872134,94.78739411415462
889,0.4886683880332325,38.563950909257166,0.2363067706360741,86.7544704900589,95.11433101067415
890,0.4886683880332325,38.55351727494907,0.14234103076283264,85.46682647074302,95.006789223707
891,0.4886683880332325,38.551522409026184,0.02721499175781911,83.90754181488853,93.33602775773639
892,0.4886683880332325,38.558047299047566,-0.08642322463910018,82.89935467292611,91.0793016590733
893,0.4886683880332325,38.57215089405319,-0.18136349423482817,82.29739549916981,88.34249893517811
894,0.4886683880332325,38.591905344733085,-0.2466310653950148,81.54785375515617,85.27762366966569
895,0.4886683880332325,38.6147176377159,-0.2765123526822513,80.1280993442757,82.07969237893099
896,0.4886683880332325,38.637769835816144,-0.27128183539320744,77.77922651292083,78.9177644730496
897,0.4886683880332325,38.65851143517961,-0.2369809240885315,74.76853782155695,75.9185487369555
898,0.4886683880332325,38.67541426389747,-0.18749656392413394,72.9174269914065,72.92664899588299
899,0.4886683880332325,38.687441134755254,-0.12952373085079918,71.18728326259377,70.40533644709626
900,0.4886683880332325,38.694618947697876,-0.07505015774246995,68.91997763236967,68.20564261958569
901,0.4886683880332325,38.697884426440766,-0.033148899080481686,66.57814145032744,66.2603278158465
902,0.4886683880332325,38.69888149037536,-0.009826707546793923,64.7334776751063,64.45448983318636
903,0.4886683880332325,38.69914857946146,-0.002632335045772718,64.1196847329221,62.54135438516136
904,0.4886683880332325,38.697404859772114,0.01718548112723319,64.31950321383346,61.83049362575461
905,0.4886683880332325,38.6930220698288,0.043195218999890705,64.89388098714619,61.439990167533196
906,0.4886683880332325,38.685887788071646,0.0703129437852892,65.57996003786057,61.30914167466988
907,0.4886683880332325,38.67633381582972,0.09416055267241086,66.50007767252053,61.37805834296879
908,0.4886683880332325,38.66518187596147,0.10990955330110269,67.57412073206044,61.56574899480364
909,0.4886683880332325,38.65334409357368,0.11666897326306852,68.27978656140824,61.84995180977009
910,0.4886683880332325,38.638655779146184,0.14476280329217409,68.3637195688346,63.20356774221181
911,0.4886683880332325,38.62022586881808,0.1816386418392037,68.00952989276476,64.84755215578278
912,0.4886683880332325,38.59807627004061,0.21829856833837746,68.05363736596532,66.81185539627586
913,0.4886683880332325,38.57294854229747,0.24764994829152837,68.57472138962727,69.00082558890831
914,0.4886683880332325,38.54996195520762,0.2665266205662151,68.78493969796075,71.39047766540597
915,0.4886683880332325,38.529407351593896,0.2803859698867979,68.63138426798268,73.7006549920935
916,0.4886683880332325,38.50796880407016,0.29247574358881173,68.01125745106208,75.88187810104881
917,0.4886683880332325,38.48589325460859,0.3011660531920859,67.27283339271051,78.10420932435106
918,0.4886683880332325,38.46357984388369,0.3044110794604197,66.7149998512497,80.3149410456959
919,0.46539846479355473,38.44450787913753,0.2731990783369223,65.56355222036834,81.28680927837685
920,0.4432366331367188,38.42987542104521,0.2200849688915063,64.13606195523643,81.86937893628438
921,0.422130126796875,38.419962383401284,0.15655579507584594,62.9243208194373,82.08874891038451
922,0.4020286921875,38.41435043854116,0.09306043688241476,62.275344496875064,82.01439674991003
923,0.38288446875,38.41210164425821,0.039155314748770695,62.12677893607396,81.74860802329428
924,0.36465187499999996,38.411987774284356,0.002081802428801602,62.14243439248825,81.39741899302874
925,0.34728749999999997,38.415321512055776,-0.06399573401322295,62.684410536059175,79.81701373551664
926,0.33074999999999993,38.4228122487569,-0.14658724926183148,65.03754098490252,77.91433061941002
927,0.33074999999999993,38.43168161163291,-0.17356577311100463,65.97667332861008,76.89137754268963
928,0.33074999999999993,38.439519217594764,-0.15337518118525226,64.93747685027743,76.05011573563482
929,0.33074999999999993,38.444630150433184,-0.10001654254277255,62.87102617235052,75.45689434925933
930,0.31499999999999995,38.450955426847514,-0.12618369676816074,63.05238175082256,72.83647495556178
931,0.31499999999999995,38.45921881218502,-0.16004588718811477,63.73357359976298,70.83538184303114
932,0.31499999999999995,38.46966058994354,-0.1963467575800858,64.68581092209632,68.62457763255435
933,0.31499999999999995,38.482231177781905,-0.22949205278839993,65.63288224830161,66.2500630242019
934,0.31499999999999995,38.496124222664335,-0.2536351864006303,66.6240645519373,63.792868628672096
935,0.31499999999999995,38.51064265749706,-0.2650524745440978,66.91096955771678,61.38892665017189
936,0.31499999999999995,38.525087589525064,-0.2637105874538238,66.38301374686883,59.06540882940701
937,0.31499999999999995,38.53879131708269,-0.25017895809551505,65.724444083097,56.71684010308084
938,0.31499999999999995,38.551189081717816,-0.22633694562937987,66.72587369395897,54.567655325413554
939,0.33074999999999993,38.56031186914623,-0.15861721489181468,66.6591491983944,53.570898861378026
940,0.34728749999999997,38.56209740514596,-0.029566647003935062,65.50099032318892,54.02226581996723
941,0.36465187499999996,38.554601102666645,0.11822008537247573,66.34832444368881,55.069853923534204
942,0.38288446875,38.539914081896846,0.2557258906799571,69.3190691667897,56.87893100333331
943,0.4020286921875,38.51773605119313,0.36776862173795133,71.9778272752397,59.14339640567072
944,0.422130126796875,38.48979794114133,0.44122429362055776,73.65425111355358,61.517596843639055
945,0.422130126796875,38.46136166994818,0.4490917118997441,73.97855230135843,62.99893406437926
946,0.422130126796875,38.43567450075136,0.4056753682683061,72.60621830973231,64.15503648327011
947,0.422130126796875,38.41452105187464,0.32434436212642426,70.39344043223477,64.85925994482047
948,0.422130126796875,38.39973768911216,0.2200701691819282,67.70922649796833,65.1206879123175
949,0.422130126796875,38.39204193941578,0.11456154901112209,66.57219210160278,64.79224096302067
950,0.422130126796875,38.39076497093357,0.019009387406461072,65.98690252721147,64.32840126044931
951,0.422130126796875,38.39424651129261,-0.05182739462865596,66.12727238191871,63.666992662020164
952,0.422130126796875,38.40023485108204,-0.08914446406783565,66.56908965822112,62.94502290747911
953,0.422130126796875,38.40637785404526,-0.09144683270781025,67.14216579234348,62.29638248435422
954,0.422130126796875,38.41069865935879,-0.06432097836135761,67.42311327379716,61.805214818745604
955,0.422130126796875,38.411903470452636,-0.017935227966282545,67.32220695250672,61.50840393232534
956,0.422130126796875,38.40951322300718,0.035582036926206206,66.92258026980137,61.41489826123907
957,0.422130126796875,38.40374732492993,0.08583312103843602,66.52375779107581,61.47504784376674
958,0.422130126796875,38.395294090504606,0.1258377244747168,66.05049169210395,61.64435663913901
959,0.422130126796875,38.385112507507294,0.1515665095120829,65.78974508995299,61.87226760794924
960,0.422130126796875,38.37439021114557,0.15961575267139402,65.3029122315521,62.09556672272263
961,0.422130126796875,38.36425050193168,0.1509431621215214,64.77878908206134,62.26111063632213
962,0.422130126796875,38.357769014734245,0.0964856242120172,64.06910089847844,61.31931692689019
963,0.422130126796875,38.356727799504675,0.015499884255452952,63.66257671135783,59.96388477253888
964,0.422130126796875,38.35958822758037,-0.04258130580054402,63.42325453542059,59.14528523793473
965,0.422130126796875,38.36449170541449,-0.07299483979890084,63.305889576549916,58.34292849004213
966,0.422130126796875,38.36960802363642,-0.07616325424590902,63.055554209537,57.672037157407466
967,0.422130126796875,38.37355225539378,-0.05871517624794941,62.47317770157361,57.18095191651725
968,0.422130126796875,38.37533047694133,-0.026471211124142534,61.484593734685866,56.9026734384698
969,0.422130126796875,38.37459924907913,0.010885306809280921,60.5954678661245,56.743445715504386
970,0.422130126796875,38.37137379978021,0.048015135954369834,59.93402560537091,56.75939257743763
971,0.422130126796875,38.36600582248323,0.07990953688214815,59.248001774092124,56.88534452854044
972,0.422130126796875,38.35919545262264,0.1013814834616136,58.77363252796145,57.02367286327734
973,0.422130126796875,38.35162670254271,0.11267098950011374,58.6376795454903,57.20177404175126
974,0.422130126796875,38.34394883026424,0.11429541968417825,58.55424456105747,57.36235776540834
975,0.422130126796875,38.33675684726182,0.10706230656224158,58.22807212218317,57.48115640790691
976,0.422130126796875,38.33048164222385,0.09341483778378935,57.72399201991196,57.550132460991925
977,0.422130126796875,38.32549020068894,0.07430429738468196,57.042413935698406,57.50434759295711
978,0.422130126796875,38.32176105334328,0.05551335649755039,56.52607510513671,57.42345265747813
979,0.422130126796875,38.31906144040701,0.040187356906245926,56.21700165559525,57.254161261255256
980,0.422130126796875,38.31695837479079,0.03130695048204456,56.32283535360206,57.08473909501274
981,0.422130126796875,38.312852861548286,0.06111606732329689,56.61399287108594,57.92969510245883
982,0.422130126796875,38.307293733162766,0.08275507703911938,56.30765664701309,58.13719008979975
983,0.422130126796875,38.30075656803654,0.09731446480835307,55.42709906761393,58.395451947999995
984,0.422130126796875,38.293770177512975,0.10400178695432036,54.34199866835729,58.619785066770625
985,0.422130126796875,38.28689083067449,0.10240829822926073,53.13645450798336,58.77802253287928
986,0.422130126796875,38.280530911625725,0.09467591937842222,52.11579845388163,58.863534166077486
987,0.422130126796875,38.27489447043687,0.08390598174087088,51.49743243567112,58.88160023655829
988,0.422130126796875,38.27009281913,0.07147901546050471,51.11065768817071,58.83371652831014
989,0.422130126796875,38.26600550276803,0.060845182366858395,50.83622103594131,58.75494177221133
990,0.422130126796875,38.26245861289545,0.052800209726779124,50.38092007338213,58.662201734998796
991,0.422130126796875,38.25919964985705,0.04851403288573416,50.0280970108496,58.568813835052715
992,0.422130126796875,38.256074418497704,0.046523257599410194,49.46785474530036,58.47204473777152
993,0.422130126796875,38.25292723242311,0.04685008296221375,49.00657574403502,58.38763236433423
994,0.422130126796875,38.24971301043105,0.047848002443478886,48.74098320587748,58.30347950567629
995,0.422130126796875,38.246420536547134,0.04901288673637857,48.733767892024574,58.231593096698745
996,0.422130126796875,38.242970610368985,0.05135677517285001,48.78798518701044,58.1849706076745
997,0.422130126796875,38.23930810491533,0.0545213026133591,48.804187839846875,58.15504796390505
998,0.422130126796875,38.23539239006825,0.058290663816462966,48.848239707254514,58.13760576373923
999,0.422130126796875,38.23119956415813,0.0624158334079024,49.13056240302895,58.122678336492854
1000,0.422130126796875,38.226786485949745,0.06569458407640454,49.92386455991555,58.11276665195
1001,0.422130126796875,38.22227616516906,0.0671421701015743,50.480951660885374,58.12138376162201
1002,0.422130126796875,38.21786512678581,0.06566421854540362,50.53363107246049,58.119208278723015
1003,0.422130126796875,38.21359355272061,0.06358810524391913,50.438851592680464,58.096454249424866
1004,0.422130126796875,38.209511812765676,0.0607621700741569,50.59826317626815,58.032703106704375
1005,0.422130126796875,38.20570892441064,0.05661109025877687,51.024484241044874,57.95171606735025
1006,0.422130126796875,38.202220254807855,0.05193352297713206,50.998545461507014,57.88581315443212
1007,0.422130126796875,38.199023087395915,0.0475941221594058,50.83798681572816,57.80523036427561
1008,0.422130126796875,38.195977139250964,0.04534302068825619,50.45183929024766,57.73311986836818
1009,0.422130126796875,38.19284979512555,0.04655470895431503,49.97717085109178,57.67376246449534
1010,0.422130126796875,38.18738789226636,0.08130774476606042,49.87457301869284,58.61885507628226
1011,0.422130126796875,38.18038233707962,0.10428707865251553,49.834761795267404,58.90721988551639
1012,0.422130126796875,38.172694899642565,0.11443780989016814,49.82960460884712,59.19906317610765
1013,0.422130126796875,38.16507693123436,0.11340367028471571,49.39349232471499,59.44866167149184
1014,0.4020286921875,38.16046899031059,0.07202514561250307,48.68455782571547,58.61946243794785
1015,0.38288446875,38.16034702067507,0.0019434843275288117,48.73456140959764,57.386028022690766
1016,0.38288446875,38.16318692245673,-0.04525146427508766,49.18774941273001,56.69632288916502
1017,0.38288446875,38.16753975191422,-0.06935870386904691,49.9551786740186,55.9574531726077
1018,0.38288446875,38.171922074746,-0.06982865616863763,51.029094328152695,55.355587234665116
1019,0.38288446875,38.17517798480075,-0.05188020884258664,51.30652636113287,54.926591926438945
1020,0.38288446875,38.176535739158176,-0.02163468229645428,51.27100070237249,54.66816717308326
1021,0.38288446875,38.175794729543284,0.011807369653422026,51.76030317068858,54.54209086876901
1022,0.38288446875,38.173032448523664,0.04401464222625174,52.70579989468586,54.56019630073404
1023,0.38288446875,38.168653620462116,0.06977296992213201,53.63949512118305,54.664245792795505
1024,0.38288446875,38.163285395538765,0.08553818301320436,54.504973280596474,54.80172799770342
1025,0.38288446875,38.15765654236578,0.08969107661117716,55.38392086653058,54.93513656391032
1026,0.38288446875,38.15237740867863,0.0841185885336693,56.27866143733147,55.042758075189454
1027,0.38288446875,38.147927816163744,0.0709005424155078,57.20032569304001,55.10147708890457
1028,0.38288446875,38.14453554376474,0.05405302896940768,58.200432390760355,55.10743989173468
1029,0.38288446875,38.14214470495641,0.03809602065171923,59.248738969220376,55.07072577461739
1030,0.38288446875,38.140567558264834,0.02513051600284656,60.179533523663444,55.00491979563749
1031,0.38288446875,38.139553364643874,0.016160328749053612,60.796295879987866,54.92819020648512
1032,0.38288446875,38.13883160215027,0.01150068284252424,61.307854459206844,54.854082354488284
1033,0.38288446875,38.138299123342776,0.008484605309236176,61.646030104386064,54.735849317645446
1034,0.38288446875,38.13775404673102,0.008685340804171097,61.817017097113414,54.6554157063464
1035,0.38288446875,38.13696196428235,0.01262117262654036,61.610667325626274,54.60144804007912
1036,0.38288446875,38.13590496607941,0.01684238403175967,61.32420567579223,54.515911333862796
1037,0.38288446875,38.1324317788351,0.055342339485641635,61.16543711739181,55.432181501582974
1038,0.38288446875,38.12515788813561,0.11590337639643745,61.367820709251596,56.7107245969224
1039,0.38288446875,38.113554839064285,0.18488490127504253,61.93589108789519,58.29150256028372
1040,0.38288446875,38.09899981901097,0.253427534783074,64.5092513552944,60.00194467159974
1041,0.38288446875,38.08344873150545,0.2707707550582632,67.61003009922905,61.04227589209751
1042,0.38288446875,38.068952497252624,0.2524039744964825,69.85673042252198,61.75257776008719
1043,0.38288446875,38.05700275710365,0.20806520198262654,70.42309152034778,62.23466033916423
1044,0.38288446875,38.04851641645584,0.14776155455826187,70.01149775827419,62.44502760926001
1045,0.38288446875,38.04373092487031,0.08332350837066382,69.39987596525246,62.41869127420065
1046,0.38288446875,38.04228294421132,0.025211794107954134,68.78860085608855,62.194586138462135
1047,0.38288446875,38.043379103109935,-0.019085981770349723,68.169215944391,61.84709893536597
1048,0.38288446875,38.0460019254907,-0.045667777007177286,67.46460016690425,61.44578694852079
1049,0.38288446875,38.049070332745266,-0.05342616385188613,66.61322390268332,61.05632518981773
1050,0.38288446875,38.05355416503212,-0.07807110939578882,65.91709163868742,59.74120088971329
1051,0.38288446875,38.05794742847846,-0.07649415258649075,65.02132349228299,59.19878949321434
1052,0.38288446875,38.061139515044374,-0.05557963000066966,63.96201710626738,58.762704777169375
1053,0.38288446875,38.06251031552758,-0.023867956613501093,63.29814145949183,58.45004597087369
1054,0.38288446875,38.06175186293561,0.013205943374253837,62.805764345933774,58.31673622011479
1055,0.38288446875,38.060962533020515,0.013743569832343832,62.46993193817552,57.30649707257935
1056,0.38288446875,38.061736744325216,-0.013480329235927721,62.34013240418301,56.105703726122584
1057,0.38288446875,38.06520087266744,-0.06031633778063291,62.6035311580951,54.644619180358724
1058,0.38288446875,38.07189618085307,-0.11657664791129226,63.40813951338866,52.93437098838419
1059,0.38288446875,38.081744788596275,-0.1714809304465839,64.65403241836111,51.05141650585823
1060,0.4020286921875,38.092786587069696,-0.1831013339427986,64.19921427165517,49.90651675593997
1061,0.422130126796875,38.10141378078061,-0.13228016185014432,61.76481941468869,49.90845432822275
1062,0.4432366331367188,38.104385907933825,-0.04213723455450962,59.389741546882455,50.49428549068345
1063,0.4432366331367188,38.10141780884409,0.042080126817587944,58.612515088342235,50.73999658419576
1064,0.4432366331367188,38.09370592951667,0.10933491446459792,58.947586243226134,51.213516580590664
1065,0.4432366331367188,38.082976692821035,0.15211339889903475,59.55248562954385,51.76874507899313
1066,0.4432366331367188,38.071027125488214,0.16941459620378443,59.471643978494996,52.31404649169446
1067,0.4432366331367188,38.059547628686545,0.16275018677335368,58.64914251080943,52.73035467649951
1068,0.4432366331367188,38.04977093863369,0.13860870033049144,58.33438947285628,53.01084105162879
1069,0.4432366331367188,38.0425043001202,0.10302252753011515,58.087281986572464,53.13246258843889
1070,0.4432366331367188,38.038119986524734,0.062158461199466525,57.37647474553665,53.079782827712464
1071,0.4432366331367188,38.03654803298597,0.022286319379129033,56.59734812115262,52.8755669257943
1072,0.4432366331367188,38.03716201990701,-0.008704779295077363,56.12716301958064,52.60281141934114
1073,0.4432366331367188,38.039121313777166,-0.027777824134558784,55.78855087687228,52.29137310117907
1074,0.4432366331367188,38.041471451406,-0.03331899861502873,55.42724773708946,52.006069406857385
1075,0.4432366331367188,38.04340488581101,-0.027411202421607633,54.9670532773606,51.750298339375156
1076,0.4432366331367188,38.04435246314252,-0.013434246322098348,54.65890762650317,51.56353662541185
1077,0.4432366331367188,38.04385940890892,0.006990260112716435,54.20922786160194,51.47486693450216
1078,0.4432366331367188,38.04175989264803,0.029765822448478262,53.62606430472317,51.45678311147765
1079,0.4432366331367188,38.03812070951775,0.051594398638424264,53.080399168007226,51.511921093663645
1080,0.4432366331367188,38.03333049784462,0.06791306778995294,52.73116224307448,51.57362466406915
1081,0.4432366331367188,38.02794185246777,0.07639734185995084,52.36277006645888,51.673951880956295
1082,0.4432366331367188,38.02255299441823,0.07640035701988707,51.27244504360963,51.773230607640365
1083,0.4432366331367188,38.017639185704,0.06966536075819607,50.305446083555,51.8436458347159
1084,0.4432366331367188,38.0135684038485,0.05771337531084152,49.930370145611455,51.87581283715347
1085,0.4432366331367188,38.01058494552264,0.042297881880664585,49.575266771881196,51.857685854650335
1086,0.4432366331367188,38.008588445989595,0.028305306191449914,49.44947665251726,51.799874132863735
1087,0.4432366331367188,38.005453502762684,0.04444555406206111,49.495844813253186,52.62266020547222
1088,0.4432366331367188,38.00004205710982,0.0813928760741313,49.8506633942893,53.741951333118074
1089,0.4432366331367188,37.99151446288046,0.1282624763962712,50.74711337973514,55.10845086362068
1090,0.4432366331367188,37.97956922661543,0.17966680206469895,52.27168280138324,56.75764285779334
1091,0.4432366331367188,37.96434482915511,0.22898825476258114,53.75116576572315,58.65492249353241
1092,0.4432366331367188,37.946493888817194,0.268493757109494,54.66581129628211,60.71195156616363
1093,0.4432366331367188,37.92692482553856,0.2943358290001849,55.041079821327884,62.85250371904414
1094,0.4432366331367188,37.90836347430673,0.27917895835873646,53.990478414414206,63.87789589900924
1095,0.4432366331367188,37.89273341098964,0.2350898240889606,54.23639641071712,64.52300451725527
1096,0.4432366331367188,37.87948374124341,0.19928662262502364,56.03997609975944,65.90830749384665
1097,0.4432366331367188,37.86982819451892,0.14522786855664946,57.573501384201286,66.21999267725249
1098,0.4432366331367188,37.86416197245443,0.08522493616091203,59.201603822460726,66.23286812026201
1099,0.4432366331367188,37.862022821873616,0.03217469587532256,60.4936909296293,66.07434158983284
1100,0.4432366331367188,37.862464025362556,-0.006636086399382851,60.892608301857116,65.78782881724264
1101,0.4432366331367188,37.86432650278908,-0.028013289625754074,60.53232270287463,65.4482946881716
1102,0.4432366331367188,37.8664337633068,-0.03169504143199442,59.61637637035326,65.1289359759077
1103,0.4432366331367188,37.86781761568145,-0.020814350186683296,58.31814568335613,64.86434336549036
1104,0.4432366331367188,37.86783562928814,-0.0002709404013116294,56.80788655728106,64.67179752793949
1105,0.4432366331367188,37.86621965516942,0.024305664257024538,55.28712558368267,64.54913298093557
1106,0.4432366331367188,37.864909342263545,0.019708252250490346,53.93791547919039,63.510278765493
1107,0.4432366331367188,37.86535797152227,-0.0065512392936979465,52.96410683223394,62.23435954052968
1108,0.4432366331367188,37.8686082158191,-0.04608023117280865,52.46154300635676,60.68646452661668
1109,0.4432366331367188,37.875220429264054,-0.09101401721818987,52.52536248069155,58.87242985884218
1110,0.4432366331367188,37.88516308825186,-0.13286994007381714,52.904034680948016,56.82899651753157
1111,0.4432366331367188,37.89775289250096,-0.16334503854965912,53.19746832502062,54.690403774350294
1112,0.4432366331367188,37.90972723845942,-0.15083479830819577,51.8479971242306,53.43814452653684
1113,0.4432366331367188,37.91813824278394,-0.10594918046127902,49.920277223307124,52.53864197577823
1114,0.4432366331367188,37.92157818443674,-0.04333121050535987,48.5211551690675,52.05745772161393
1115,0.4432366331367188,37.91985703617438,0.02168043681984404,48.11182337236272,51.95122097787244
1116,0.4432366331367188,37.913813397824825,0.07612866495278303,48.43918863107663,52.10316829028004
1117,0.4432366331367188,37.90480395754114,0.11348737649426656,48.834200155746124,52.43962369231174
1118,0.4432366331367188,37.89445866132801,0.1303144800691914,48.98322634971082,52.831339047263626
1119,0.4432366331367188,37.884331577911816,0.12756576349383533,48.976819641212295,53.18897676354964
1120,0.4432366331367188,37.8756243139989,0.1096810131156787,48.95840635906143,53.449023823379896
1121,0.4432366331367188,37.86900843487427,0.08333689346016662,49.052609277901894,53.57802593843645
1122,0.4432366331367188,37.86461020434944,0.05540229223602873,49.50470068473265,53.586050924223514
1123,0.4432366331367188,37.86218097317306,0.030599800256623164,50.20932840004792,53.507974275823145
1124,0.4432366331367188,37.861228173420166,0.012001938064470617,50.558156713942154,53.36841990592713
1125,0.4432366331367188,37.86118903358355,0.0004930247867106324,50.14607050496123,53.18063792357233
1126,0.4432366331367188,37.86137528579246,-0.0023461251632728437,49.749346758037134,52.98342841837778
1127,0.4432366331367188,37.861174528728895,0.0025288355035922023,49.44092829720045,52.814050715445575
1128,0.4432366331367188,37.85801065013897,0.03985378329965525,49.237454376799725,53.606454078476624
1129,0.4432366331367188,37.851448680155876,0.09724450257202098,49.68646449152327,54.79738858512052
1130,0.4432366331367188,37.8407164707239,0.16142181744661813,50.72959521121548,56.32139985156284
1131,0.4432366331367188,37.82601040994432,0.22119201768909388,51.88006726225137,58.10847553976217
1132,0.4432366331367188,37.80983701578521,0.2432619952109272,51.71955915576913,59.14120134857394
1133,0.4432366331367188,37.794415094826306,0.2319591809574918,50.398049973495176,59.97322458591861
1134,0.4432366331367188,37.78143638168082,0.1952111983409807,48.642598190935814,60.52843972851603
1135,0.422130126796875,37.774157204136294,0.11495945732413608,46.88337730682888,59.83361958138513
1136,0.4020286921875,37.77362561767489,0.008558317198283752,46.68680418865063,58.59387003067286
1137,0.38288446875,37.78004685509602,-0.10538656990490297,48.574403373626154,56.88879374282092
1138,0.38288446875,37.79088878484487,-0.17275710021798787,50.09587817843023,55.7018958707216
1139,0.38288446875,37.802938238530004,-0.19199798615868244,50.329372735456495,54.58994399587873
1140,0.38288446875,37.81359362744604,-0.1697847277623618,49.463052428726435,53.71849611857273
1141,0.38288446875,37.82097075431651,-0.11754835860423367,48.070938229836536,53.15553543796187
1142,0.38288446875,37.82421370011552,-0.05167363424974733,47.15457429139735,52.84277672649664
1143,0.38288446875,37.82320386015687,0.016090956774646798,47.12830635797625,52.816572453674056
1144,0.38288446875,37.81836124067817,0.07716309900328353,47.331727836810494,53.016713921581264
1145,0.38288446875,37.81066638257795,0.12261114052363845,47.51448883801433,53.34429935207982
1146,0.38288446875,37.80142177552639,0.1473050964057782,47.6185140005341,53.70256845982849
1147,0.38288446875,37.79199453149654,0.15021526419834577,47.81849223646578,54.01821190983802
1148,0.38288446875,37.78344949173731,0.1361580755683369,47.86471983861722,54.27250741465697
1149,0.38288446875,37.77663503485414,0.10858268204708683,47.86603237381334,54.387342602011074
1150,0.38288446875,37.77189291926564,0.07556165340907636,47.83252973170596,54.40412712403511
1151,0.38288446875,37.76922246638988,0.042551437407500683,47.70622054573668,54.30187559410834
1152,0.38288446875,37.76834120014394,0.014042241989544844,47.70505444963137,54.10098229578545
1153,0.38288446875,37.768575155762804,-0.003727887491597206,49.66028359547836,53.889516332196536
1154,0.38288446875,37.76927284054133,-0.011117024551616849,51.06079814465019,53.72138462577188
1155,0.38288446875,37.76980265382785,-0.008442132457395824,50.37593248119085,53.6194805286194
1156,0.38288446875,37.769628289868415,0.002778344142718803,48.64965681567486,53.5612447877971
1157,0.38288446875,37.76835431946636,0.020299654906532103,47.14499224506513,53.53288444639027
1158,0.38288446875,37.76580573717386,0.04060953139498586,46.64237505969078,53.53346730086635
1159,0.38288446875,37.76215114654271,0.05823285102786689,46.41482925291784,53.53609013724808
1160,0.38288446875,37.7578409215917,0.06867983662244997,46.399600684064815,53.54094798690233
1161,0.38288446875,37.75319166200533,0.07408207052704151,46.20470415332759,53.57885412859822
1162,0.38288446875,37.7504254938546,0.044076580415374454,45.672860936015795,52.70487937628707
1163,0.38288446875,37.75094433673326,-0.008026532199947832,45.580026500874325,51.55605373637769
1164,0.38288446875,37.75553468110762,-0.06894458083043742,46.097809340858866,50.10962413593319
1165,0.38288446875,37.76420225186585,-0.1263906764950485,47.04514572184737,48.40570834303945
1166,0.38288446875,37.77584824370934,-0.16982206763710256,47.85650258746969,46.520990608884105
1167,0.38288446875,37.78910672365022,-0.19333539878307576,48.117553126909925,44.578136937347715
1168,0.38288446875,37.80099863077765,-0.16835729013430784,46.38796241242919,43.446555027481274
1169,0.38288446875,37.80880432599664,-0.10728889763595452,44.135655439183736,42.66112974591014
1170,0.38288446875,37.810859917020316,-0.027431065747509455,42.59871853592088,42.27173376959729
1171,0.38288446875,37.80688709386243,0.0530157857241184,42.55652810756182,42.217468787895015
1172,0.38288446875,37.79933301201081,0.11859564163540356,43.463133259884515,42.488168723617456
1173,0.38288446875,37.78904302634545,0.16154808438357912,43.90535199356705,42.91106934595134
1174,0.38288446875,37.777690254641584,0.17823334073000754,43.28872073520331,43.355690570074835
1175,0.38288446875,37.766779977535606,0.17128637724900939,42.48715023504789,43.74322550754286
1176,0.38288446875,37.757513657473716,0.14547700103429673,41.68654470312769,43.9943005863845
1177,0.38288446875,37.750587750310864,0.10873358536753525,41.2710874822443,44.10445712077331
1178,0.38288446875,37.74613198071822,0.06995355149701245,41.14594101884965,44.07602041023309
1179,0.38288446875,37.742171039406585,0.062184973046597876,41.407911323241095,44.74176885523425
1180,0.38288446875,37.73748372372465,0.08161409971758751,41.9078059546789,45.643328201779106
1181,0.38288446875,37.73056309890239,0.12049979192356516,42.906737093027346,46.784450081710226
1182,0.38288446875,37.72085529007545,0.16902938299932946,44.31401404371277,48.16467498367967
1183,0.38288446875,37.708418608812586,0.21654367096672264,45.28439414226226,49.726601749718256
1184,0.38288446875,37.69358628126207,0.2582559276764958,46.310101625407405,51.43861462512835
1185,0.38288446875,37.67692062225255,0.290177331453249,47.178790725866875,53.25197686665821
1186,0.38288446875,37.65908444347066,0.31055806189818547,47.769466883252264,55.12366074859378
1187,0.38288446875,37.64082039292433,0.3180080335278522,48.004960838756524,56.9949916818757
1188,0.38288446875,37.62381422947354,0.2961060901098958,48.275606627613605,58.8098758702936
1189,0.36465187499999996,37.61214663845466,0.21331013346848798,45.51065888416893,58.768839708037724
1190,0.34728749999999997,37.607432955917766,0.0904856933978876,42.58575947200057,58.110798311749825
1191,0.33074999999999993,37.61004126965374,-0.051042447628521725,42.34704625540541,56.863202384930865
1192,0.31499999999999995,37.6195419753952,-0.1895307167361833,45.528979394206544,55.14113159539772
1193,0.29999999999999993,37.63455966671242,-0.3054069989266362,50.41549350645473,53.07762230772828
1194,0.29999999999999993,37.64726455817137,-0.2823309213100309,65.46842726268041,53.73448092415815
1195,0.31499999999999995,37.65503205872105,-0.16439154602473505,88.18419647236912,55.82628997284388
1196,0.33074999999999993,37.65808890581706,-0.05981985819267923,85.66533576681016,55.84401984700119
1197,0.34728749999999997,37.65649123171132,0.028909017767665003,70.27418829810244,56.2110738290013
1198,0.36465187499999996,37.6505943222532,0.09866044624188898,54.31640657384128,56.732141206034925
1199,0.36465187499999996,37.64151542898216,0.15189781492548038,44.96829692191858,57.329811740464436
1200,0.34728749999999997,37.6327649098658,0.15372401990373624,41.95997096112948,56.92587022667971
1201,0.33074999999999993,37.62668950105402,0.11206570322520353,42.89970141633877,56.246147799623586
1202,0.31499999999999995,37.62546325077209,0.023058359640216616,49.72308017177826,54.2484111867073
1203,0.31499999999999995,37.628278765137956,-0.059587605626973,68.31671590790052,52.733868113774896
1204,0.33074999999999993,37.63204793786916,-0.07597223947994333,76.23636450645834,52.60412452105061
1205,0.34728749999999997,37.63583349432362,-0.07055244868895291,73.17922469605915,52.285532662984444
1206,0.36465187499999996,37.6388280069709,-0.05160383669436717,63.576415452871025,52.097767781575804
1207,0.38288446875,37.64066965608053,-0.02934514124059569,54.6444516285532,51.82688708556108
1208,0.38288446875,37.64079208787179,-0.0018940275662769185,48.749986408220735,51.73462577887535
1209,0.38288446875,37.639179554216646,0.024945997793948158,45.410405301614595,51.57016797084122
1210,0.38288446875,37.63627708451835,0.04490139009543885,45.79264825513084,51.2653066067748
1211,0.38288446875,37.632294324357076,0.061613551990125276,46.57323967704515,51.12056534938981
1212,0.38288446875,37.62753361003192,0.07364855218661409,46.18048399089109,51.024117884535904
1213,0.38288446875,37.62070505005128,0.10563825546875785,45.37440320955136,51.74555598308757
1214,0.38288446875,37.613406960923086,0.11290190112435015,47.48751378690855,51.4794509074275
1215,0.38288446875,37.60653809778974,0.10626174779388187,49.36095630318965,51.526270696387385
1216,0.38288446875,37.600673640273875,0.09072352926563725,48.84097210171944,51.5849568813568
1217,0.38288446875,37.59611708222979,0.07049024158574584,46.60929155741695,51.594549550656446
1218,0.38288446875,37.592975350189214,0.04860279368669463,44.577829429785275,51.53338087911098
1219,0.38288446875,37.591070026458276,0.0294754788139013,43.244162547173836,51.43202176688993
1220,0.38288446875,37.590008426305765,0.016423021608363265,42.36548474717409,51.299737696098674
1221,0.36465187499999996,37.5910761006529,-0.017342839272867075,42.073823027214765,50.300099740867196
1222,0.36465187499999996,37.593190313045476,-0.034342349624102486,42.274109553655734,49.86691955942741
1223,0.36465187499999996,37.59537428516279,-0.035475496352829435,42.420938769464804,49.466946540609925
1224,0.36465187499999996,37.59688482674267,-0.024536582625223933,42.331600716529906,49.142419142108935
1225,0.36465187499999996,37.59720468596414,-0.005195654539351646,43.9581798239319,48.94006236556428
1226,0.36465187499999996,37.595995261940885,0.019645359565577242,45.01620486792779,48.77511438287146
1227,0.36465187499999996,37.59318991815531,0.04556878837650131,44.26184867932525,48.760169527051914
1228,0.36465187499999996,37.589058187779344,0.06711403718071168,42.47671957758725,48.84443781813894
1229,0.36465187499999996,37.58395035631117,0.08296940019702792,41.13170554291058,48.98680122609683
1230,0.36465187499999996,37.57835725677853,0.09085188427919226,40.58108623396935,49.112312623104614
1231,0.34728749999999997,37.57472644322531,0.06192622952499194,41.027890909366626,48.34934894759729
1232,0.34728749999999997,37.57255529472802,0.037030554779451774,41.75653011097704,48.12817408125746
1233,0.34728749999999997,37.571409966376656,0.019534428118797152,41.95320455879503,47.87682654472118
1234,0.34728749999999997,37.5707901514494,0.010571405247149866,41.71138236524375,47.634005853706
1235,0.34728749999999997,37.570222722861,0.009677917218818586,41.30993893822069,47.41677320441484
1236,0.34728749999999997,37.56930010444242,0.015735944331929652,40.94107446493749,47.249021929874615
1237,0.34728749999999997,37.5677002050396,0.027287475984045774,40.677225226809576,47.13627911623854
1238,0.34728749999999997,37.56548444712329,0.03779140164771204,41.586121480551455,46.826430568957136
1239,0.34728749999999997,37.56285713194728,0.04481081725598494,45.685090982221105,46.42809126437464
1240,0.34728749999999997,37.56013560354542,0.052243523533453406,49.18649068043458,46.28182483251321
1241,0.34728749999999997,37.55707283168727,0.058794166373174576,49.41766188157388,46.2233296573591
1242,0.34728749999999997,37.55365363965192,0.06372441503221789,47.40952573585016,46.22093228877379
1243,0.34728749999999997,37.54994137785946,0.06717129715684446,44.62643373317232,46.24012651115275
1244,0.34728749999999997,37.54619290201148,0.06782657020074935,42.72556860081703,46.25098647305373
1245,0.34728749999999997,37.54104923770005,0.09307172372379008,42.39730408433532,47.0614189896035
1246,0.34728749999999997,37.53520714191257,0.10570944995226779,42.4195707446267,47.306117276449626
1247,0.34728749999999997,37.52930663443115,0.10676637682605007,42.591307498539024,47.517396268319764
1248,0.34728749999999997,37.52387903545382,0.09820936241521513,42.76032664311148,47.6644718570222
1249,0.34728749999999997,37.51929206580886,0.08299864564946381,43.03604468962709,47.7329238204694
1250,0.34728749999999997,37.51576573892791,0.06380690911226247,43.604830181678594,47.718566288343425
1251,0.34728749999999997,37.513253676415324,0.045454363658578245,44.27747697342436,47.657944279347696
1252,0.34728749999999997,37.51156886696081,0.030485683081888256,44.84444896069683,47.56108191258125
1253,0.34728749999999997,37.51042903555923,0.02062461056489922,45.30243071922274,47.44341031861331
1254,0.34728749999999997,37.509538793717354,0.01610842732664163,45.691144004444965,47.32534073126269
1255,0.34728749999999997,37.50860773061808,0.016847065107351844,46.006352123852544,47.21692940947136
1256,0.34728749999999997,37.50739229541287,0.021992619030997536,46.29536838741064,47.12997356393843
1257,0.34728749999999997,37.50572721502081,0.03012869675092634,46.59509807070862,47.074471518779966
1258,0.34728749999999997,37.50359012518965,0.03866944308481785,46.95385910678269,47.039726783906445
1259,0.34728749999999997,37.500978900186674,0.047248653361433184,47.20324086909242,47.038816534818395
1260,0.34728749999999997,37.49796582162863,0.0545199682818484,47.20412198179271,47.05017606886972
1261,0.34728749999999997,37.49465620657973,0.05988562993490898,47.13945272440735,47.06599348751498
1262,0.34728749999999997,37.49136261675818,0.05959566242480638,47.88980206167122,46.86093117732805
1263,0.34728749999999997,37.48857124543225,0.05358425561806893,50.11950859273515,46.69832887925363
1264,0.34728749999999997,37.486073949127736,0.04793907650006906,51.22782206296236,46.618306273825155
1265,0.34728749999999997,37.48378727409325,0.04389590823158915,50.665910031236734,46.556111057810845
1266,0.34728749999999997,37.4815543410321,0.04161578280947472,49.28958046733423,46.512087214056514
1267,0.34728749999999997,37.48084947738549,0.012754112750749124,48.08848035460383,45.67685136775509
1268,0.34728749999999997,37.4826360832769,-0.0323276325712146,47.74634645596614,44.60414502999032
1269,0.34728749999999997,37.48721827181446,-0.08291213418995905,48.2162269039152,43.29593497398478
1270,0.34728749999999997,37.49438653091856,-0.12970563211817598,49.102861654239,41.79966109007037
1271,0.34728749999999997,37.502104280371306,-0.1396483520977801,48.68913964914388,40.91202516620988
1272,0.34728749999999997,37.50881152880814,-0.11782903145427476,47.41915145595899,40.20889200956568
1273,0.34728749999999997,37.51305552691588,-0.07238454882686432,46.23652168927933,39.74117196475681
1274,0.34728749999999997,37.51390773513728,-0.01453504597488802,45.66287514751772,39.53295519817845
1275,0.34728749999999997,37.51137489355906,0.043199499678305185,45.15071855849482,39.55780159876719
1276,0.34728749999999997,37.5060273955657,0.09120556130672947,44.24793883875124,39.73939257798574
1277,0.34728749999999997,37.49875581211415,0.12402227193225977,43.63499164552871,39.99603582109863
1278,0.34728749999999997,37.49071968491499,0.13706213501002645,43.61035320635044,40.20848963389809
1279,0.34728749999999997,37.48135407262154,0.15973749354704392,44.44208174681653,41.169950983799126
1280,0.34728749999999997,37.47162318359029,0.1867979513851689,45.43788255335116,42.347438854568324
1281,0.34728749999999997,37.46039687387916,0.21550463158305908,46.4674689928593,43.66159954081168
1282,0.34728749999999997,37.44789130194261,0.24006184955390295,47.316483591454,45.09732800350353
1283,0.34728749999999997,37.43453149026484,0.2564601697015225,48.12931357236913,46.58340661269514
1284,0.34728749999999997,37.42070229433366,0.2654706533956281,48.59030223395344,48.150791475553255
1285,0.34728749999999997,37.408239133630495,0.23924770693191316,47.18716477082064,48.91916127311726
1286,0.34728749999999997,37.39835089718444,0.18981845389501623,44.96643902023472,49.44293676461168
1287,0.34728749999999997,37.39159587051305,0.1296721337292971,42.85523205120611,49.69797160489621
1288,0.34728749999999997,37.38792466324181,0.07047393050909817,41.410938991263606,49.718668310899396
1289,0.33074999999999993,37.38835330936283,-0.008639881502177713,40.96609824450815,48.76349835563571
1290,0.33074999999999993,37.38997947903133,-0.03277741836220442,40.99738585671048,49.054730353025896
1291,0.33074999999999993,37.390439016111365,-0.009262526178711499,40.908399040335794,49.61364890562704
1292,0.31499999999999995,37.39093525374262,-0.010502383729868628,41.17929437033967,48.82325016515493
1293,0.31499999999999995,37.391073499618436,-0.002925838641900801,41.661979774626815,48.618212836617126
1294,0.31499999999999995,37.390588821704,0.010257733638636404,42.19720158133906,48.44997303383543
1295,0.31499999999999995,37.38942914178329,0.024543490385730435,42.66281962533447,48.263414891731045
1296,0.31499999999999995,37.38781621853945,0.034135941668381305,43.71597870366384,47.99813358630303
1297,0.31499999999999995,37.38762172018721,0.004116367243242622,47.89410185499932,46.85219084015636
1298,0.31499999999999995,37.38961951100583,-0.0422812871665503,51.521221166178094,45.63643259538373
1299,0.31499999999999995,37.39404939022139,-0.09375405747223212,52.83999601000106,44.25393796492375
1300,0.31499999999999995,37.400708673023665,-0.14093720216465971,52.77534765338031,42.76313026715413
1301,0.33074999999999993,37.40828731836601,-0.14830754546430353,50.36037850613743,41.88761672866255
1302,0.34728749999999997,37.415172630308156,-0.12458586175788161,46.91552427727766,41.168332651882594
1303,0.34728749999999997,37.42110177851554,-0.10415982011190374,44.55270067077603,39.94869588322915
1304,0.34728749999999997,37.42625289243096,-0.08785608458273193,43.20730967300296,38.7227912864806
1305,0.34728749999999997,37.430697909340715,-0.07581307422215776,42.66408985535228,37.47960894032796
1306,0.34728749999999997,37.434678303327864,-0.0678885842073121,42.56646412177751,36.239142919217215
1307,0.34728749999999997,37.438379919000596,-0.06313381240956457,42.55572535442292,35.00369153468435
1308,0.36465187499999996,37.439522510864094,-0.018019191197401863,41.07964743713275,35.05933664188218
1309,0.36465187499999996,37.437582679943574,0.030592012217463264,40.50444156479797,34.879193254650914
1310,0.36465187499999996,37.43275928335611,0.07606714882798632,40.394390719877705,34.96120109065402
1311,0.36465187499999996,37.4256816774316,0.11161705106447467,40.558912107885334,35.20047295325296
1312,0.36465187499999996,37.41729854300643,0.13220582682818519,40.51255544339854,35.5131543303548
1313,0.36465187499999996,37.40862270810516,0.136821845908089,40.30817165986558,35.82313153670144
1314,0.36465187499999996,37.40056537927508,0.12706772502779787,39.98180885617798,36.05140121708638
1315,0.36465187499999996,37.392340732260124,0.12970640858580426,40.25432561518609,36.84960938352142
1316,0.36465187499999996,37.38458210835657,0.14184531303190973,41.23836983045059,37.80103311230914
1317,0.36465187499999996,37.375765685566584,0.1611842855141824,42.74290557540648,38.86894955710432
1318,0.36465187499999996,37.365664308872915,0.18467616899286762,43.950812667961664,40.10629982520556
1319,0.36465187499999996,37.35442460097599,0.20548745561648551,44.18477683616264,41.42049397527198
1320,0.36465187499999996,37.34225353256895,0.2225148466520029,44.68114387432821,42.81156698619968
1321,0.36465187499999996,37.3293687629524,0.23556293001471235,45.05269168595392,44.2760329260763
1322,0.36465187499999996,37.31611661884252,0.2422793723440452,45.11653289493437,45.75162434913874
1323,0.36465187499999996,37.30275690487153,0.2442459943654942,44.984354400017,47.252194501798776
1324,0.36465187499999996,37.29085019446757,0.21768178035498423,43.40501503643006,47.966621426798326
1325,0.36465187499999996,37.28144385260049,0.17196934961738636,41.56603000263831,48.41987920596031
1326,0.36465187499999996,37.275017983976454,0.11747951154851928,40.21241153615363,48.60665567471228
1327,0.34728749999999997,37.27308257891106,0.03715279253048402,39.54200583342115,47.798857245362655
1328,0.33074999999999993,37.27581988459315,-0.05356670863454109,40.6453881000896,46.61454888314444
1329,0.33074999999999993,37.28139029623068,-0.10900814589824978,42.01965321547845,45.862465994343566
1330,0.33074999999999993,37.287933016928,-0.12803539464474586,42.46785903827424,45.146590676141905
1331,0.33074999999999993,37.29382095224772,-0.11522181018856018,41.924034933129946,44.556850654552306
1332,0.33074999999999993,37.29790503091032,-0.07992189297345051,41.151364756497024,44.087328883381176
1333,0.33074999999999993,37.29961924054819,-0.03354560245530834,41.38162990723647,43.72485913385777
1334,0.33074999999999993,37.298866548625405,0.014729531006730743,42.97327862674552,43.52650091669812
1335,0.33074999999999993,37.297095608733734,0.03465576453768727,44.09955983987062,42.798778413304746
1336,0.33074999999999993,37.29555979673765,0.030054514645649174,43.89741630667156,41.97254487819347
1337,0.33074999999999993,37.293949535597456,0.03059361175869895,42.76596436615221,41.6680484140419
1338,0.33074999999999993,37.29206666066475,0.034731111922765324,41.77157697598854,41.41995034332561
1339,0.33074999999999993,37.28977663331306,0.04224135914549539,41.12620298226714,41.2477129670283
1340,0.33074999999999993,37.28704374888677,0.050410206877123435,40.91026727799738,41.13781844784961
1341,0.33074999999999993,37.28387890332248,0.05837807047203263,40.78870087179959,41.087689856854006
1342,0.33074999999999993,37.28037939058523,0.0645512702098123,40.58112865409279,41.075317723951244
1343,0.33074999999999993,37.276692109009815,0.06801481440029875,40.30283229499215,41.08260816402026
1344,0.33074999999999993,37.27298311660508,0.0684152877559199,40.00386035531044,41.0945529353269
1345,0.33074999999999993,37.26939543025008,0.06617770207410487,39.706810661664605,41.09842262601216
1346,0.33074999999999993,37.2660214928688,0.062234933810500305,39.41053360332614,41.08297651414911
1347,0.33074999999999993,37.262891686009375,0.05773175394875654,39.198774212583764,41.051376304487256
1348,0.33074999999999993,37.260031876642934,0.0527514374206087,39.18571285716402,40.9946591434536
1349,0.33074999999999993,37.25869182027933,0.024718395650672083,39.419382098824514,40.230907798180105
1350,0.33074999999999993,37.25961368510043,-0.01700452309560676,40.129491005856224,39.24339941540432
1351,0.33074999999999993,37.26168526579292,-0.038211938370489404,40.536983549238265,38.73506083947617
1352,0.33074999999999993,37.263826888232124,-0.03950391358486744,40.428225029864414,38.29303259086936
1353,0.33074999999999993,37.265160145360746,-0.024592978403190947,40.051445639542194,37.966703277050755
1354,0.33074999999999993,37.26515438504595,0.00010625354575594967,39.772375788074164,37.74643414904651
1355,0.33074999999999993,37.26355411786812,0.02951818917688824,39.73711110758364,37.6636266802665
1356,0.33074999999999993,37.260384245261136,0.05847079823609976,39.65083298878282,37.67970866315176
1357,0.33074999999999993,37.25587298670792,0.08321371908609161,39.533025830804895,37.765393005488356
1358,0.33074999999999993,37.25038916210047,0.10115346638178924,39.54172025173665,37.892970524647225
1359,0.33074999999999993,37.24438996095508,0.1106599927635701,39.776003550513536,38.03876059797821
1360,0.33074999999999993,37.238364121296975,0.11115136112314859,40.051694128272715,38.17746177993206
1361,0.33074999999999993,37.232821304241554,0.10224162857305216,40.111750779482456,38.233139356634126
1362,0.33074999999999993,37.228305496891764,0.08329762522357521,40.87307529055071,38.14467034210559
1363,0.33074999999999993,37.22543329510382,0.05789270421654549,42.12794495635972,37.88312542107959
1364,0.33074999999999993,37.22432884829923,0.022261462425838464,45.91153191622948,37.27475107160624
1365,0.34728749999999997,37.22343204476717,0.017215391321974395,49.45782913457363,37.55975045598387
1366,0.36465187499999996,37.22123991366198,0.04007714856233986,49.549390034634484,38.20886463948961
1367,0.38288446875,37.21652256262311,0.07974472438768133,47.358652171993604,39.15253096940325
1368,0.4020286921875,37.20865902380076,0.12291228079490998,44.8853922940443,40.257237436326434
1369,0.4020286921875,37.199096530577236,0.1451146163808321,43.007319880067634,40.83544386229472
1370,0.4020286921875,37.189035344083116,0.14823542134176945,41.723647134099,41.320758540565606
1371,0.4020286921875,37.17982815887205,0.1356530842493636,40.98664746015898,41.65307593841805
1372,0.4020286921875,37.17360236245859,0.09172710942964134,40.64574340940489,41.07174411773161
1373,0.4020286921875,37.17163249212234,0.029022875130299514,41.05923782945975,40.11513573311248
1374,0.4020286921875,37.173828806812296,-0.03642052972213997,42.15062628128791,38.84190130681552
1375,0.4020286921875,37.178367928358504,-0.07527027522196723,42.61430457310214,38.040044480822914
1376,0.4020286921875,37.18363385360704,-0.08732254439983511,42.27204316784027,37.32734022208727
1377,0.4020286921875,37.188341161390746,-0.07578566439934248,41.42187721313228,36.77638440400065
1378,0.4020286921875,37.191357868831986,-0.04715312030257868,40.50167127284981,36.36815467969981
1379,0.4020286921875,37.191892322543474,-0.00835386282714733,39.940876559676404,36.12128984926193
1380,0.4020286921875,37.18986172431477,0.03173958510353923,40.10079718889144,36.01325169869353
1381,0.4020286921875,37.1854710653665,0.06862888550783666,40.438492084109924,36.09402613390101
1382,0.4020286921875,37.17921908667042,0.09772253668167083,40.49362732480198,36.27315306788187
1383,0.4020286921875,37.171822410303314,0.11561491373307632,40.357477328028175,36.48506837831455
1384,0.4020286921875,37.16401023908316,0.12210937140660492,40.19406365760177,36.70517407824241
1385,0.4020286921875,37.1564337130696,0.11842608192925476,39.98635184363733,36.88554198276039
1386,0.4020286921875,37.14958861146525,0.10699343762028476,39.77190246682997,37.010009151121935
1387,0.4020286921875,37.143792356294114,0.09059927842257866,39.598943643737094,37.06885013115253
1388,0.4020286921875,37.139175747658406,0.07216062764756799,39.440366401933886,37.06123987899538
1389,0.4020286921875,37.135720563184194,0.054006804555360007,39.32421762479672,36.982333366456594
1390,0.4020286921875,37.13199961301282,0.05816089709981384,39.2334647029983,37.534329043298996
1391,0.4020286921875,37.1268841303902,0.07995835599177963,39.41731579289668,38.30427766666595
1392,0.4020286921875,37.11965946218188,0.11292631314384352,40.05207342927007,39.306890802484865
1393,0.4020286921875,37.11061035442298,0.15005741190034028,40.94658876629166,40.51519669734178
1394,0.4020286921875,37.10055084030648,0.16681254036485207,41.06868055212451,41.150435769479444
1395,0.4020286921875,37.090623863646904,0.164614729453918,40.53389720637954,41.66673242943793
1396,0.4020286921875,37.08178933666055,0.14649911242718397,39.78480056432419,42.00364653687248
1397,0.4020286921875,37.07460010536637,0.11921589070424506,39.39427195703105,42.19154681243641
1398,0.4020286921875,37.069273905830336,0.08832204665238973,39.24025362285498,42.239071964821335
1399,0.4020286921875,37.06578296035802,0.05788882800563539,39.30221260522763,42.13767947349967
1400,0.4020286921875,37.0638191753471,0.03256459135163065,39.57681571975434,41.97607163077792
1401,0.4020286921875,37.062869354697355,0.015750462064218148,39.63498937109246,41.78390165714294
1402,0.4020286921875,37.06235073428139,0.008600056431284569,39.47485869157211,41.59439841815876
1403,0.4020286921875,37.06058023291239,0.02935945291788525,39.23497106720407,42.12906892960314
1404,0.4020286921875,37.056318040744685,0.07067807597708303,39.43352404830599,42.950746780388435
1405,0.4020286921875,37.04890065320138,0.1229993063919352,40.27749962736794,44.053036779188865
1406,0.4020286921875,37.03826418666495,0.17637989100667717,41.62342994861655,45.3921187920106
1407,0.4020286921875,37.024860755238144,0.22226326440973335,43.0054542183248,46.89684295682765
1408,0.4020286921875,37.01066603728566,0.2353848241568695,42.97528735515001,47.76529674442557
1409,0.4020286921875,36.99746228959334,0.21895199602936052,41.99472143850744,48.423912359024115
1410,0.4020286921875,36.986495593601305,0.1818559422106252,40.77064011130227,48.85375739203795
1411,0.4020286921875,36.9785987401579,0.13095008054359686,39.953454037656535,48.971486599799455
1412,0.38288446875,36.97553949021819,0.053266719500725146,40.14867715573326,48.14598972693717
1413,0.38288446875,36.97607169978307,-0.009266669336399724,40.89773810024598,47.695389956405336
1414,0.38288446875,36.97895680624738,-0.050234586840628835,41.2601084747816,47.174669517172234
1415,0.38288446875,36.98282530074444,-0.06735703696177406,41.1399594955385,46.67871889247193
1416,0.38288446875,36.986406750461036,-0.062359101485759884,40.70394239722526,46.27410572023002
1417,0.38288446875,36.988724092492056,-0.040348847065570737,40.134207778927255,45.985429377069764
1418,0.38288446875,36.989211665432016,-0.00848947014490618,39.727742962680104,45.817597123956354
1419,0.38288446875,36.987633303723925,0.02748194885429542,39.44029269229463,45.77860134175082
1420,0.38288446875,36.98409720867494,0.061569399955264115,39.26027425236016,45.839353496653246
1421,0.38288446875,36.98017193260705,0.06834570021803836,39.161991730197336,45.239475957434045
1422,0.38288446875,36.977152252445435,0.052577742688654595,39.25144715329821,44.46182272969271
1423,0.38288446875,36.97478938673118,0.04114149144363676,39.28849979899089,44.173060351229715
1424,0.38288446875,36.97281577912418,0.0343638489428899,39.291973894197646,43.88878368925787
1425,0.38288446875,36.972129349003154,0.01160379635985488,39.72691039063991,42.94201557398084
1426,0.38288446875,36.97336976175486,-0.0203578900134807,40.460548156937186,41.83129825338413
1427,0.38288446875,36.97667355698025,-0.054222515636556716,41.30014726165075,40.56476958240835
1428,0.38288446875,36.980604299525666,-0.06451209430100856,41.26378557583788,39.85355342795781
1429,0.38288446875,36.983895320967825,-0.05401286987648574,40.709532051391065,39.29221012052083
1430,0.38288446875,36.985577038620946,-0.0276006699938394,40.06178934313911,38.91314023537551
1431,0.38288446875,36.985128508061464,0.00736136885509208,39.677991634683536,38.70883915636411
1432,0.38288446875,36.98244190316249,0.04409307060689927,39.692391071585725,38.67901617688082
1433,0.38288446875,36.97776872367008,0.07669711068997989,39.87558431103135,38.77349331374747
1434,0.38288446875,36.97162865078344,0.10077204408657783,39.97379984253939,38.937238341684896
1435,0.38288446875,36.96473611081199,0.11312167700511554,39.91956015795077,39.09956351972556
1436,0.38288446875,36.95897925300767,0.09448264526601016,39.897817628089975,38.58443328268191
1437,0.38288446875,36.955644816423245,0.054725407448826154,40.09606452182358,37.84896504462917
1438,0.38288446875,36.9554058899915,0.003921306042754185,40.63130101335495,36.867534209145866
1439,0.38288446875,36.95830353076374,-0.04755663149880464,41.42535296924481,35.671596342269915
1440,0.38288446875,36.96276596685837,-0.07323834996157876,41.51404077342853,34.937539334777334
1441,0.38288446875,36.96728002739175,-0.07408562006929079,41.014009088895016,34.30938912125938
1442,0.38288446875,36.970591472114585,-0.054348060643756094,40.356291813816945,33.855245461857244
1443,0.38288446875,36.97189648170548,-0.021418065624585862,39.79166059010156,33.58949533458619
1444,0.38288446875,36.97083363127336,0.01744370345126863,39.435021366207486,33.480951895545495
1445,0.38288446875,36.96751737864498,0.05442696890364109,39.54690085914914,33.48813182839883
1446,0.38288446875,36.96228823103116,0.0858217652467498,39.781506945263125,33.61664809393549
1447,0.38288446875,36.9556994613705,0.10813614088579783,39.93228910178902,33.805268392053286
1448,0.38288446875,36.94840355069078,0.11974187379212381,39.985849429260696,34.007443148551275
1449,0.38288446875,36.93997002708781,0.13841259346799734,40.26297503054361,34.816510025269395
1450,0.38288446875,36.93027778711093,0.15907088601045338,40.850555101974926,35.77815908251437
1451,0.38288446875,36.92060141988505,0.1588103794017627,41.1225883696499,36.21922470777393
1452,0.38288446875,36.91191529377173,0.14255835391403024,40.791328565109126,36.57160742069243
1453,0.38288446875,36.904872530180185,0.11558717563131095,40.07298372993255,36.784115254811994
1454,0.38288446875,36.89975868994878,0.08392931855424982,39.4271778910568,36.85304498895805
1455,0.38288446875,36.896526243788095,0.053051521215732755,39.10204746283883,36.79034490319104
1456,0.38288446875,36.89485978947179,0.02735016520679846,39.11964366524497,36.634966585834114
1457,0.38288446875,36.89420361399859,0.010769276673693828,39.202810124820914,36.441727722123346
1458,0.38288446875,36.89394138482027,0.004303755151693749,39.19555411668116,36.24203358491682
1459,0.38288446875,36.893525732228255,0.006821769399507133,39.13191601157772,36.06331991283222
1460,0.38288446875,36.89252331665301,0.016451835084849226,39.10383131258768,35.940049134181635
1461,0.38288446875,36.89068267437246,0.030208971207277044,38.94723840038414,35.867869083915664
1462,0.38288446875,36.88792391655519,0.04527725802581146,38.200120720719774,35.85491721683165
1463,0.38288446875,36.88422679294154,0.05891057859968038,37.14238091394867,35.891871443640476
1464,0.38288446875,36.87973137416614,0.06954441322640666,36.38865780466076,35.95271183007023
1465,0.38288446875,36.87478666695846,0.07649493373448389,36.22503672561915,36.02100207882785
1466,0.38288446875,36.86932710842812,0.09506015479738904,37.06560947409013,36.67682817637094
1467,0.38288446875,36.86232070089608,0.1219934140954739,38.03415361117443,37.55178586099077
1468,0.38288446875,36.85462949160151,0.13391697186854268,38.432453136558344,37.94507634302575
1469,0.38288446875,36.847078122792034,0.13148211233049026,38.124693669761214,38.2825862341382
1470,0.38288446875,36.840333290148266,0.1174389525522285,37.45134165965969,38.518932915944376
1471,0.38288446875,36.83485562453208,0.0953754298099156,36.807822847329895,38.62873646497112
1472,0.38288446875,36.83079111551501,0.0707699815271266,36.45448912358001,38.644093625187956
1473,0.38288446875,36.82802751489713,0.04811896439498842,36.327683523569284,38.58314333809293
1474,0.38288446875,36.82631562226003,0.029806948341412055,36.402601524445664,38.459725586451924
1475,0.38288446875,36.825246596132864,0.018613554294630096,36.54195906810563,38.32850153122124
1476,0.38288446875,36.824368937260736,0.015281526478848435,36.52739688806881,38.205825062887946
1477,0.38288446875,36.823293162582125,0.018731057998266555,36.415898948158265,38.10588273005176
1478,0.38288446875,36.821732333591605,0.027176674565724132,36.276046716279545,38.04160470148346
1479,0.38288446875,36.81958834078239,0.03733054370529987,36.2110994655302,37.986556895946705
1480,0.38288446875,36.816882691082284,0.04710994082945681,36.38193182127651,37.96045598963349
1481,0.38288446875,36.81373002140199,0.054893315305315916,36.6370053506666,37.95099229506957
1482,0.38288446875,36.81023384718138,0.0608743107640472,36.76266160155022,37.96267269767026
1483,0.38288446875,36.806564426372574,0.06389082709965162,36.780513447183765,37.96357970098033
1484,0.38288446875,36.80179587954093,0.08302847152475919,36.892246879335886,38.62270852744046
1485,0.38288446875,36.79532128129315,0.1127337143226795,37.309043855088426,39.483092542503485
1486,0.38288446875,36.787968160872275,0.12803027233227662,37.58886506977071,39.861332473622745
1487,0.38288446875,36.78055089044815,0.12914723246829019,37.54417996666923,40.186773095445396
1488,0.38288446875,36.77377037249483,0.11806029419166325,37.1752960911251,40.409351295354945
1489,0.38288446875,36.76810873186567,0.09857874617995971,36.71366689162584,40.52371494317536
1490,0.38288446875,36.763799916889255,0.07502376178865812,36.35645496812676,40.532675112064084
1491,0.38288446875,36.761901100178086,0.03306161285636689,36.28973095760135,39.796389143729954
1492,0.38288446875,36.762903227649986,-0.016940519878791138,36.93216905587846,38.815557295296635
1493,0.38288446875,36.76678809933104,-0.06567203053878622,38.12748385079079,37.61302290813101
1494,0.38288446875,36.772878617919844,-0.10604623737097722,39.458964159755794,36.24642017797693
1495,0.38288446875,36.78057338583336,-0.13397893344739942,40.63125127002797,34.81170934932769
1496,0.38288446875,36.78899081445896,-0.14656167961237396,41.28682104252656,33.37184769206291
1497,0.4020286921875,36.796864644830876,-0.12676533881396368,40.36555392260739,32.50996727772496
1498,0.422130126796875,36.80146072649977,-0.06841883586952842,38.41936092339714,32.49671649045047
1499,0.422130126796875,36.80153352679853,-0.0010521650706744416,37.36120346373593,32.39274934353716
1500,0.422130126796875,36.797143950340384,0.06344148448954422,37.15950120609089,32.55005835350872
1501,0.422130126796875,36.789173071148,0.1152011847779202,37.42113664417963,32.883061719574265
1502,0.422130126796875,36.77894031426163,0.14789155479619126,37.74855391480005,33.28912377887529
1503,0.422130126796875,36.76791709790091,0.15931587396688618,37.83755758531503,33.68513000990213
1504,0.422130126796875,36.75743863149081,0.15144273498137892,37.64495318151894,34.00431530580703
1505,0.422130126796875,36.74854743684071,0.12850228099820615,37.28868669493011,34.21044170947843
1506,0.422130126796875,36.74183995155556,0.09694165889117748,36.90860916859235,34.28589683214053
1507,0.422130126796875,36.737455022562706,0.0633743158001422,36.59084936210926,34.24109778866041
1508,0.422130126796875,36.73512221607079,0.033715486741275086,36.40585964747732,34.10545466503992
1509,0.422130126796875,36.734278450643394,0.012194737188336857,36.35679157878935,33.91920005397009
1510,0.422130126796875,36.734188383460435,0.0013017191623590238,36.32745031932261,33.72293143228262
1511,0.422130126796875,36.734071989791815,0.0016822094781869406,36.24274084733017,33.554313887337656
1512,0.422130126796875,36.73217683743018,0.02739017768633248,36.15550010809838,34.05981797495459
1513,0.422130126796875,36.7273626377367,0.06957846117848993,36.543210610816324,34.85063715354371
1514,0.422130126796875,36.71990015895488,0.11785431881637108,37.42050562371094,35.90024144862072
1515,0.422130126796875,36.710633570297986,0.14634647894322764,37.926714381591665,36.4336259719013
1516,0.422130126796875,36.70085015811774,0.15450863069949222,37.99580191168139,36.914188824462514
1517,0.422130126796875,36.69064808683815,0.16112047971231272,38.05219146637489,37.91098060280315
1518,0.422130126796875,36.68015428830366,0.16572770445786328,38.12870595729181,38.96759404718168
1519,0.422130126796875,36.669471108631924,0.16871858531416137,38.29664175222986,40.08304791819046
1520,0.422130126796875,36.658674188397626,0.1705148807425865,38.54958551637028,41.249424125341086
1521,0.422130126796875,36.64785232992696,0.17090872827577208,38.81765136606641,42.44533698397948
1522,0.422130126796875,36.637089389285805,0.16997824379924273,39.122507385372856,43.66749925463729
1523,0.422130126796875,36.626403306866706,0.16876442816634665,39.24473844736064,44.91377467742687
1524,0.422130126796875,36.61687095260526,0.15054369346216023,38.37210455187168,45.48569940293615
1525,0.422130126796875,36.609181384334,0.121440724603297,37.25488055152227,45.85632964085434
1526,0.4020286921875,36.60499492820016,0.06942217832011131,36.163636399368485,45.33699488361314
1527,0.38288446875,36.604711220996364,0.004939822617705541,36.19500297505579,44.456532388817024
1528,0.36465187499999996,36.60819477110575,-0.061832260972121925,37.54042083056906,43.27322841326401
1529,0.36465187499999996,36.613723847693876,-0.09813991353524708,38.524193811298346,42.506632667773964
1530,0.36465187499999996,36.61968566933059,-0.10582104454782489,38.67055508178344,41.787917602115115
1531,0.36465187499999996,36.62469481002355,-0.08891116385493988,38.36589830354273,41.23914129566216
1532,0.36465187499999996,36.62770410019776,-0.05341424970214804,37.619325089843,40.89784707411722
1533,0.36465187499999996,36.629249671706525,-0.027433559983251626,37.19669160658209,40.084631938359806
1534,0.36465187499999996,36.629971257335065,-0.012434940613883743,37.00609853207861,39.24562365718256
1535,0.36465187499999996,36.63045012703352,-0.008011908352489433,37.06200603663164,38.33544140231189
1536,0.36465187499999996,36.63008811433821,0.006056788614137205,36.724604689232535,37.96788183643724
1537,0.36465187499999996,36.62865013678299,0.024058620586264796,36.4754608962167,37.69083575496801
1538,0.36465187499999996,36.62604141085641,0.04364626349871681,36.4952523626381,37.556815056749045
1539,0.36465187499999996,36.62236835296736,0.06145346693561697,36.63325808409861,37.53724177525776
1540,0.36465187499999996,36.61791376236849,0.07452919184704657,36.743905743101,37.59086113793405
1541,0.36465187499999996,36.61304564457686,0.08144786300171449,36.65851081147049,37.678952162731875
1542,0.36465187499999996,36.60811865541256,0.0824328324915362,36.38356203752446,37.76598352138072
1543,0.36465187499999996,36.60342719858802,0.07849217070723623,36.130756733255694,37.82698097146944
1544,0.36465187499999996,36.59916456398559,0.07131760035140339,36.09004338584005,37.85895999252849
1545,0.36465187499999996,36.595406026055684,0.06288362268653766,36.18844245594249,37.8651405579519
1546,0.36465187499999996,36.592120547216055,0.05496893088425523,36.21195117146233,37.84811686252733
1547,0.36465187499999996,36.58921763826335,0.04856820249798446,36.15918941056542,37.809066582681254
1548,0.36465187499999996,36.58657397784748,0.0442307480204262,36.15227854251872,37.75997425910869
1549,0.36465187499999996,36.58405941839523,0.042070776128009434,36.19228277177889,37.70856041482317
1550,0.36465187499999996,36.58149432871209,0.046895680675491935,38.64527316777474,37.70921626094271
1551,0.36465187499999996,36.57874487161522,0.050266336842707274,40.78104133866955,37.67077371245133
1552,0.36465187499999996,36.57587966956364,0.05238241819149396,40.620892049275604,37.70165369008622
1553,0.36465187499999996,36.5729114899136,0.05268454678988344,39.249416976092036,37.74575080585848
1554,0.36465187499999996,36.56984347131416,0.05287055004594254,37.77928709119427,37.80024154721471
1555,0.36465187499999996,36.56676171912427,0.0531072182592808,36.711056548950765,37.839044145759914
1556,0.36465187499999996,36.563650517767314,0.05361470985745471,36.16402676150382,37.855754437271976
1557,0.36465187499999996,36.56048014888446,0.05463433198073406,36.01648807905126,37.85720909453521
1558,0.36465187499999996,36.55730043713145,0.054795335790893615,36.21000138151378,37.82236253579363
1559,0.36465187499999996,36.554145606156325,0.05436657032906302,36.718637552108774,37.7916970072549
1560,0.36465187499999996,36.551046155903585,0.05341220543185073,37.149816919577916,37.75220726539755
1561,0.36465187499999996,36.54797471564137,0.052929514875128675,37.28330652958277,37.72817023173371
1562,0.36465187499999996,36.54491232489827,0.052773566324966804,37.02534043514525,37.706261376424365
1563,0.36465187499999996,36.541842833148436,0.052895936551392915,36.63656569325954,37.68433089897622
1564,0.36465187499999996,36.53876298708088,0.05307437043517705,36.37266607006636,37.660693983293875
1565,0.36465187499999996,36.53566811590857,0.05333329505608662,36.26160694272357,37.63472184647884
1566,0.36465187499999996,36.53254840480294,0.05376135665175614,36.23429465965419,37.60981525422927
1567,0.36465187499999996,36.52941555335082,0.05398780161097591,36.256819523352334,37.57614690667525
1568,0.36465187499999996,36.526352947106936,0.0527772800067423,36.593847240138764,37.52149146479369
1569,0.36465187499999996,36.52339469122987,0.05097903103517231,36.82825077243956,37.483788695085636
1570,0.36465187499999996,36.520599758520675,0.0481645155941444,36.9063453487022,37.43102080545321
1571,0.36465187499999996,36.51889654760732,0.029351092542271813,36.92523207510311,36.7863417004762
1572,0.36465187499999996,36.51783550969675,0.018284653802880704,36.7932705022673,36.563777113296176
1573,0.36465187499999996,36.517011221794036,0.01420478833465697,36.66517412546724,36.333242327666646
1574,0.36465187499999996,36.51596799910962,0.017977647578744933,36.59828839303761,36.16390461533331
1575,0.36465187499999996,36.51436393445279,0.027642524961172782,36.65919327954724,36.06371857210521
1576,0.36465187499999996,36.51201929407763,0.04040471798855074,36.806152277384335,36.031905550380486
1577,0.36465187499999996,36.50788796066996,0.0711944411701765,36.899329720168595,36.66679889013273
1578,0.36465187499999996,36.50141137072644,0.11160977733253515,37.2483902558339,37.53049824820042
1579,0.36465187499999996,36.49300956824707,0.15360408205556936,38.04823702106013,38.60450752437584
1580,0.36465187499999996,36.482541684725575,0.19137674842117572,39.190595134767534,39.82024418495065
1581,0.36465187499999996,36.47147908375446,0.20224953770171045,39.32063998668441,40.5098620647997
1582,0.36465187499999996,36.461144614733094,0.18893762754551063,38.639596001819385,41.045344097200214
1583,0.36465187499999996,36.45248008093492,0.15840740885931034,37.697395527359085,41.40274435893586
1584,0.36465187499999996,36.44506159499744,0.13562681644392152,37.33954860589735,42.17929877112972
1585,0.36465187499999996,36.43944338714291,0.10271363346256036,37.201700649553516,42.33327198814449
1586,0.36465187499999996,36.435703735481944,0.06836934836309895,37.294543357010134,42.38262718768705
1587,0.36465187499999996,36.433614094847165,0.0382033893700849,37.22760287254029,42.329155983070756
1588,0.36465187499999996,36.43275399622878,0.015724561375606804,36.95321634053359,42.200698581665314
1589,0.36465187499999996,36.43260348111899,0.002751758962554929,36.604547609605284,42.03214282114809
1590,0.36465187499999996,36.43263557581547,-0.0005867641381613097,36.32667620568397,41.85797171068124
1591,0.36465187499999996,36.43240838726032,0.004153524146066944,36.185837590430076,41.69459167198609
1592,0.36465187499999996,36.43267594689558,-0.004891599424197047,36.55631402234146,40.897742286082824
1593,0.36465187499999996,36.4339698936517,-0.02296727504844571,37.42269687039433,39.952380281675886
1594,0.36465187499999996,36.43654722942404,-0.04441471116321693,38.36752902612482,38.86636765334563
1595,0.36465187499999996,36.44031694015431,-0.06496266999811993,39.17146494653051,37.66003225185747
1596,0.36465187499999996,36.44502680319517,-0.08116412646785015,39.703186647314716,36.385272023411005
1597,0.36465187499999996,36.4502784027262,-0.09049976290153222,39.93183057357951,35.08848362184874
1598,0.36465187499999996,36.45565827106516,-0.09271019357799545,39.98475428337403,33.81338112988279
1599,0.36465187499999996,36.46077901890314,-0.08824482188287011,39.90884460240155,32.589268440609416
1600,0.38288446875,36.464714506908656,-0.06270871620865265,38.859343784978286,31.9620775512667
1601,0.4020286921875,36.46636475332025,-0.02431373002402401,37.550171084585365,31.559772722949816
1602,0.4020286921875,36.465993999218504,0.005462466133449322,36.87832060705506,30.844911150645316
1603,0.4020286921875,36.46339920984011,0.038230053386246646,36.52506340724917,30.722183078728637
1604,0.4020286921875,36.45883896657499,0.06718785922728598,36.348535714926534,30.747788079405545
1605,0.4020286921875,36.452809592261666,0.08883314530390506,36.379432564269266,30.867513106081816
1606,0.4020286921875,36.445943678204955,0.10115821465901512,36.524128287992426,31.029609712137276
1607,0.4020286921875,36.43886419096418,0.1043048724553639,36.735598385920746,31.19775101135431
1608,0.4020286921875,36.43211150007508,0.09949005315857164,36.84007090140352,31.338662013802995
1609,0.4020286921875,36.42509861787545,0.10332355416444385,37.09390322441914,31.99134409969211
1610,0.4020286921875,36.417432632818674,0.11294597566135994,37.48978947891853,32.78787216342943
1611,0.4020286921875,36.40890946736882,0.12557515183355844,37.948223094014544,33.712585066886284
1612,0.4020286921875,36.39954845906957,0.13791942036206162,38.28834524659902,34.73046097998297
1613,0.4020286921875,36.39060217506245,0.13180912410452128,37.92211911745832,35.20597642269399
1614,0.4020286921875,36.38297571004014,0.11236371143599538,37.247018878404475,35.525415716877255
1615,0.4020286921875,36.37716367661077,0.08563097650167242,36.721978900999716,35.67563943081247
1616,0.4020286921875,36.37319147607384,0.05852399422175352,36.43478033896278,35.68834663270529
1617,0.4020286921875,36.37075668929763,0.03587267206104067,36.347616573802284,35.60123385569135
1618,0.4020286921875,36.36936912475934,0.020443534576399244,36.36005344114929,35.454224484239184
1619,0.4020286921875,36.368466291544294,0.013301797169935957,36.335884062562904,35.28737640934208
1620,0.4020286921875,36.36788673943962,0.009610460081288479,38.017984729729676,35.07998311143716
1621,0.4020286921875,36.36707504973502,0.01345989677496831,39.823841138037686,34.96961848410289
1622,0.4020286921875,36.36571588581671,0.022538423164303323,39.90771452330539,34.94599657725282
1623,0.4020286921875,36.36356832594746,0.03457480560139355,38.88336923147112,34.991246407219
1624,0.4020286921875,36.360546440914874,0.04723404945891999,37.669084462639425,35.07563934825264
1625,0.4020286921875,36.356729418456204,0.05792482534198753,36.821088541832246,35.16216669744473
1626,0.4020286921875,36.35243313767056,0.06519775998787113,36.49428769251056,35.2459870141138
1627,0.4020286921875,36.347881701266985,0.06906984739724863,36.40978958296793,35.31789977648798
1628,0.4020286921875,36.343301105850784,0.06951234694536124,36.36445043601245,35.36381439482159
1629,0.4020286921875,36.33787186916032,0.08239081389795484,36.52157135067558,35.97657470242247
1630,0.4020286921875,36.33100265020719,0.10424311420856877,36.93957322582203,36.78654625693806
1631,0.4020286921875,36.32315818189548,0.13008140072496388,37.611200671919796,37.786618932830855
1632,0.4020286921875,36.313785784539746,0.15541838244977102,38.42264212362568,38.889881588842876
1633,0.4020286921875,36.30320770766579,0.1754116406700948,39.294943586058864,40.077869261964004
1634,0.4020286921875,36.291846089226745,0.18840476910958665,40.06783394565379,41.3270557341773
1635,0.4020286921875,36.280087295309315,0.1949909570457075,40.556862756305556,42.62374154779187
1636,0.4020286921875,36.268388991480656,0.19398787625524921,40.700374327733435,43.8931161744854
1637,0.4020286921875,36.257095656161326,0.18727245988125657,40.77474324374392,45.13789091997381
1638,0.4020286921875,36.246477914823465,0.17606937919603816,40.760980983642675,46.31639411328659
1639,0.4020286921875,36.236743055298234,0.16142893470713401,40.748160660624784,47.43314654783755
1640,0.4020286921875,36.227951090117315,0.14579332854868324,40.893559542357366,48.51112681123327
1641,0.4020286921875,36.21993278792573,0.13296401222774565,40.963120354235365,49.56916156027799
1642,0.38288446875,36.21364154249214,0.10954123148651249,40.262503360270294,49.97190766899025
1643,0.36465187499999996,36.20917246419468,0.0817049283411215,39.25510644209479,50.207024964702065
1644,0.34728749999999997,36.2063381067115,0.05440943470336538,38.17696482282313,50.27743852922277
1645,0.33074999999999993,36.2058299595297,0.010242321628779782,37.728410967224974,49.5719753985721
1646,0.31499999999999995,36.20779480822014,-0.04158409926875775,38.60690695177661,48.60194223330473
1647,0.29999999999999993,36.21217754061657,-0.09455733325604461,40.824748119672314,47.4015506503948
1648,0.29999999999999993,36.217593606561685,-0.11685147670138683,42.262602133865904,46.63757166300363
1649,0.29999999999999993,36.22394063905908,-0.13294859704861955,43.44420845235377,45.32726405950241
1650,0.29999999999999993,36.230816429849405,-0.1398293909606741,44.05991999505604,43.96696829923314
1651,0.29999999999999993,36.2376088633197,-0.13813419637877078,44.60969388323719,42.559425472500685
1652,0.29999999999999993,36.24381742420779,-0.1262602825183,44.27660231283303,41.228277429821425
1653,0.29999999999999993,36.24928153495291,-0.1078842583426408,43.115987695264636,39.955975995004344
1654,0.29999999999999993,36.25377352973179,-0.0861074256815316,41.67543905891799,38.73228085518525
1655,0.29999999999999993,36.25722705167785,-0.06427267244308806,40.45167331227613,37.55949621310909
1656,0.29999999999999993,36.259743600879695,-0.045470773197688726,39.636162240424476,36.432186379475446
1657,0.29999999999999993,36.261510959339304,-0.03193387024477831,39.164379473391165,35.34447596009086
1658,0.29999999999999993,36.26288069310075,-0.024749308760623034,38.864984202193234,34.30375842186235
1659,0.29999999999999993,36.264194533856035,-0.02373939478602413,38.647525540757925,33.292377013417884
1660,0.29999999999999993,36.26570407621517,-0.027275468405129486,38.45205296277593,32.29192012556711
1661,0.29999999999999993,36.267533981567084,-0.03306401129332965,38.39941292215361,31.298624817796238
1662,0.31499999999999995,36.26878947818359,-0.021604944791638492,37.81897168596129,30.822321637792044
1663,0.33074999999999993,36.26873504038236,0.0008921726194505523,37.26652614862538,30.532202954558322
1664,0.34728749999999997,36.266966053441045,0.027611095814390463,36.825423099244155,30.418011654648005
1665,0.36465187499999996,36.262356308502476,0.06852461641700118,36.45459217712632,30.979090553860953
1666,0.36465187499999996,36.25563729371822,0.09987925946544582,36.86178665678161,31.258026402607857
1667,0.36465187499999996,36.24884950292382,0.11870779548764382,37.60524808098939,31.598171745215026
1668,0.36465187499999996,36.241191720631704,0.14000169873650015,38.47087795243157,32.43095827947733
1669,0.36465187499999996,36.23243649965279,0.16006537703782336,39.24172320659114,33.384149607337854
1670,0.36465187499999996,36.22283084166632,0.17561330216586618,39.81307525238143,34.418775798225134
1671,0.36465187499999996,36.21357746094738,0.16917287150388496,39.3590301144806,34.94063169664327
1672,0.36465187499999996,36.205360131677054,0.1458558171925372,38.21530037101074,35.30205047283693
1673,0.36465187499999996,36.19890518832009,0.11123674604221376,37.031145055036546,35.475878094817084
1674,0.36465187499999996,36.1947698103092,0.07126414100696264,36.73511772897947,35.46288352044905
1675,0.36465187499999996,36.19250337469374,0.04143560421768775,38.9928421754707,35.36924519954075
1676,0.36465187499999996,36.19152328854244,0.01791820671526292,40.97039495833578,35.142438523105376
1677,0.36465187499999996,36.19137909409708,0.002636202823186958,40.95841299697502,34.9121116571547
1678,0.36465187499999996,36.19152089623315,-0.0025169572442835402,39.86251620304773,34.75100254958358
1679,0.36465187499999996,36.19146196301905,0.0010155842752523014,38.461097750392405,34.608708653450655
1680,0.36465187499999996,36.190781160759656,0.011390416487052139,37.4702806065123,34.501945010294726
1681,0.36465187499999996,36.18916079286397,0.02711017030185737,36.88378648679836,34.45100482603757
1682,0.36465187499999996,36.186500838715546,0.044503356398664706,36.64558569728287,34.446064576901975
1683,0.36465187499999996,36.182901065266805,0.060227354234143556,36.57870706203495,34.47046798923848
1684,0.36465187499999996,36.178635733326786,0.07136272916538007,36.55487939077748,34.49591885654927
1685,0.36465187499999996,36.174061769773296,0.07652640565121377,36.66627144198904,34.52184801259744
1686,0.36465187499999996,36.16954479989856,0.07557285162136736,36.82669286924485,34.52818834956784
1687,0.36465187499999996,36.165312451244944,0.07081088997227063,36.80397865317707,34.531136990626614
1688,0.36465187499999996,36.16148833369711,0.0639808269790545,36.550024459586446,34.522937795630405
1689,0.36465187499999996,36.15810918123361,0.056536172436526186,36.24131741572207,34.495246794713516
1690,0.36465187499999996,36.15525367676359,0.04777508409420318,36.275105919861495,34.4107720273739
1691,0.36465187499999996,36.15276310123619,0.0416695041153797,36.44969266188208,34.35289009881757
1692,0.36465187499999996,36.15045236722982,0.038660598374994234,36.458600353912594,34.30089066293227
1693,0.36465187499999996,36.14905205978067,0.02342836680639952,36.42880761572123,33.71008863853236
1694,0.36465187499999996,36.14899702508913,0.0009207784625185455,36.61668279020506,32.9635854813058
1695,0.36465187499999996,36.15042465097941,-0.023885428189248728,37.09809185482947,32.067088162164204
1696,0.36465187499999996,36.152321250134044,-0.0317317605546175,37.12281293891808,31.56765615239196
1697,0.36465187499999996,36.15376334603401,-0.02412752409120068,36.764482755230716,31.159149877594942
1698,0.36465187499999996,36.15404474262098,-0.004708010702472769,36.41495889031802,30.885673451761882
1699,0.36465187499999996,36.15189545941452,0.03595938546348443,36.277236692851865,31.29951020741669
1700,0.36465187499999996,36.14720209099966,0.08580546244489363,37.10183476934197,31.975715026454626
1701,0.36465187499999996,36.14052589129291,0.12205613379872327,38.01284206392164,32.3804887964283
1702,0.36465187499999996,36.13277734934211,0.1416609919767908,38.132751083482994,32.7925331833921
1703,0.36465187499999996,36.124895904398,0.14409076134345963,37.58847277759785,33.132163572828055
1704,0.36465187499999996,36.11780972280019,0.12955153638528047,37.14695876386728,33.30741859512203
1705,0.36465187499999996,36.112062573650434,0.10507097396703267,37.21656068771027,33.40931185341046
1706,0.36465187499999996,36.10781870163812,0.07758764460496882,37.181464069314025,33.4342591831926
1707,0.36465187499999996,36.1041765170329,0.0665874286303924,37.00989773535744,33.92139388354917
1708,0.36465187499999996,36.10029352145031,0.07099000167549967,36.90701076480367,34.53942358783609
1709,0.36465187499999996,36.09556726262443,0.08640677405684742,37.25429663560293,35.28687390430078
1710,0.36465187499999996,36.08957143597978,0.10961736486617449,37.95019983183897,36.1930658906701
1711,0.36465187499999996,36.08214797297225,0.13571780861815394,38.6252466034049,37.21814642788718
1712,0.36465187499999996,36.07421490973231,0.14503446133730927,38.391563228147,37.7400950976488
1713,0.36465187499999996,36.06670299340989,0.1373349366419669,37.958944124596044,38.10249886806926
1714,0.36465187499999996,36.06021667891229,0.11858459976568513,37.55131063121109,38.35475410364389
1715,0.36465187499999996,36.05515459275973,0.09254646234049228,37.162765899971355,38.45008821380558
1716,0.36465187499999996,36.05158076204349,0.06533776388298582,36.85182157220556,38.437127736435386
1717,0.36465187499999996,36.049328246557806,0.04118111254619897,36.56705637486468,38.33689822272086
1718,0.36465187499999996,36.04891476015284,0.007559473081247598,36.52196176041612,37.61211779352835
1719,0.36465187499999996,36.05048010922849,-0.028618145743399787,37.02462809351906,36.69158367253756
1720,0.36465187499999996,36.053888560493874,-0.062314250916329646,38.087611467315575,35.589978414152434
1721,0.36465187499999996,36.05869335231494,-0.08784253604547397,39.24173434868643,34.399379744513894
1722,0.36465187499999996,36.06351489908079,-0.08814885459110394,39.268244642699884,33.69281540556915
1723,0.36465187499999996,36.06722488776492,-0.0678270415973873,38.6430523421923,33.15924414179898
1724,0.36465187499999996,36.06903778374199,-0.033143866819328675,37.898185390263514,32.84099284350146
1725,0.36465187499999996,36.06858106267563,0.008349901146404144,37.25738495814566,32.71796359885546
1726,0.36465187499999996,36.06669636341949,0.03445659427232121,36.95451546883454,32.20761946058684
1727,0.36465187499999996,36.0642695253234,0.044368126835014635,36.73224859260552,31.648929485476785
1728,0.36465187499999996,36.06132295204075,0.05387006959535224,36.40781165794027,31.510300710871668
1729,0.36465187499999996,36.057957091710435,0.06153559163467257,36.21380916204168,31.41912294870716
1730,0.36465187499999996,36.054320224648414,0.0664902118314066,36.239253098495126,31.37470477699528
1731,0.36465187499999996,36.05057132889658,0.06853835139454441,36.32816080855454,31.366956422111414
1732,0.36465187499999996,36.04688561293169,0.06738328101562582,36.33217409431603,31.36421319093034
1733,0.36465187499999996,36.043363079325324,0.0643999359000436,36.31105661497594,31.360910771079126
1734,0.36465187499999996,36.04007685893377,0.060079592196307034,36.268095790398334,31.342957279829527
1735,0.36465187499999996,36.03705135794149,0.055313047863201646,36.35404325825275,31.325503200639524
1736,0.36465187499999996,36.034222874025104,0.05171112706487125,36.45394846852858,31.312424300271868
1737,0.36465187499999996,36.03149731415734,0.04982944107553069,36.49508319298354,31.30573580912665
1738,0.36465187499999996,36.028004701786216,0.06385290758249236,36.54386966824582,31.830883942096055
1739,0.36465187499999996,36.023163308552995,0.08851169320918088,36.84891291045162,32.53074262834239
1740,0.36465187499999996,36.016714920366745,0.11789122042770399,37.48880131529693,33.394490611701144
1741,0.36465187499999996,36.008754070684034,0.1455424607869703,38.325318133636856,34.36593453607383
1742,0.36465187499999996,35.99957874925128,0.16774576999425447,39.1702438523369,35.4311867579816
1743,0.36465187499999996,35.99037357532251,0.16829154160164092,39.03306136474926,36.011207578022976
1744,0.36465187499999996,35.981833731265134,0.15158038490507944,38.2146598525558,36.4466490101503
1745,0.36465187499999996,35.974726114224715,0.12248414090820714,37.20998182009325,36.70970456847969
1746,0.36465187499999996,35.96966162004382,0.0872754138765841,36.44748504368226,36.80262801926959
1747,0.36465187499999996,35.96661476956452,0.052505764071408195,36.11017890341655,36.740212572451085
1748,0.36465187499999996,35.966130118265575,0.008351898766296006,36.28189199747616,36.00635601715166
1749,0.36465187499999996,35.96811613113903,-0.03630883790997187,37.1475641484231,35.04062874286075
1750,0.36465187499999996,35.97221157745595,-0.07487408489570366,38.38748382339662,33.91882024690043
1751,0.36465187499999996,35.97782115143539,-0.10255578656502659,39.51579913530328,32.694847793854294
1752,0.38288446875,35.98368373209267,-0.10207745217793751,39.291679711362505,31.904253640268028
1753,0.4020286921875,35.98854105994499,-0.08054695177584201,38.51432875301916,31.267555975380994
1754,0.422130126796875,35.99145203581862,-0.04463379084891429,37.46714533158668,30.88199696341886
1755,0.4432366331367188,35.99161536216626,-0.0023155538995131624,36.4559241840768,30.717077107191027
1756,0.4432366331367188,35.98954612702925,0.029336512814629623,35.84708881260308,30.24529778591454
1757,0.4432366331367188,35.986205386999444,0.047363231437995146,35.46101634030907,29.763320014870065
1758,0.4432366331367188,35.982556024715116,0.05173871325890298,35.28029453458293,29.220386044496127
1759,0.46539846479355473,35.978468513025746,0.055191011407853235,35.05240855354152,29.06385133939652
1760,0.4886683880332325,35.97405692544915,0.056730283143729666,34.86514391817243,28.961632233520785
1761,0.5131018074348941,35.96866619987019,0.06602037262221602,34.61357400357742,29.38452598663699
1762,0.5131018074348941,35.96286878544008,0.07100110278570995,34.497718364840416,29.49555483354696
1763,0.5131018074348941,35.956973935494425,0.07219439837232701,34.466264984641384,29.636893789948864
1764,0.5131018074348941,35.95042174828692,0.08024482689629757,34.574267551352015,30.26160651019156
1765,0.5131018074348941,35.94286390219524,0.09256116043849719,34.895051525057454,31.027616615522643
1766,0.5131018074348941,35.93425822365035,0.105393994904443,35.08932965120008,31.912366606308932
1767,0.5131018074348941,35.92473088725923,0.11668156529654539,35.27109153728108,32.90099601164089
1768,0.5131018074348941,35.91513283149971,0.12470632040198865,36.475577236177365,33.94663335773489
1769,0.5131018074348941,35.905082079191544,0.1305881492070672,37.48529164659587,34.967281406564
1770,0.5131018074348941,35.89484101960945,0.13306078746569774,37.39893543624033,36.04885137333062
1771,0.5131018074348941,35.88465196669155,0.1323850714775382,36.729051562962916,37.16684870370683
1772,0.5131018074348941,35.874672905192405,0.12965667962400243,35.939109627458315,38.28656452448338
1773,0.5131018074348941,35.86500513750386,0.1256120786487685,35.29472650905222,39.37921835508136
1774,0.5131018074348941,35.855699191346424,0.12091097741330678,34.8807721505521,40.432699254076205
1775,0.5131018074348941,35.84674557109108,0.11633325168118828,34.66147789813377,41.45414352162822
1776,0.5131018074348941,35.838054850679804,0.11291742737116116,34.564361997283385,42.45836833479849
1777,0.4886683880332324,35.831485460196696,0.08962301967260541,33.82285470263968,42.300875418303626
1778,0.4653984647935547,35.82782326443346,0.05245964537595817,33.248305108950134,41.810595182306905
1779,0.44323663313671874,35.827295593891876,0.007936626505125593,33.4086043331702,40.99780647813177
1780,0.42213012679687495,35.82968975476479,-0.036709502345442464,34.44740999194714,39.953618848016205
1781,0.42213012679687495,35.83355144552421,-0.05921103614783263,35.0660248022854,39.28816099072571
1782,0.42213012679687495,35.837555930470515,-0.06140048949585641,35.07096126729529,38.68630924442743
1783,0.42213012679687495,35.840559401011426,-0.04605200515685478,34.66864577053609,38.246355798953125
1784,0.42213012679687495,35.841869426624335,-0.020086531717058743,34.44256790939412,37.93503883906799
1785,0.42213012679687495,35.84107581184635,0.012168440259600042,34.18952092233896,37.83124881578119
1786,0.42213012679687495,35.838171272928555,0.044535093452250075,33.822114003382644,37.86893496460107
1787,0.42213012679687495,35.83348105901823,0.07191472406436918,33.49764258986204,38.00208782623056
1788,0.42213012679687495,35.8275491119396,0.09095413247270988,33.31377021553439,38.18371617678243
1789,0.42213012679687495,35.82102086567583,0.1000971464541182,33.241453766620914,38.369757477383146
1790,0.42213012679687495,35.814520325443986,0.09967233179128744,33.19795143147081,38.528255305545294
1791,0.42213012679687495,35.808557974330355,0.09142031542917026,33.131724203137125,38.63186060816354
1792,0.42213012679687495,35.80345921251472,0.07817896071537253,33.08184399252239,38.67730630244559
1793,0.42213012679687495,35.79935554526533,0.06292124485851726,33.11199228602169,38.66484355838916
1794,0.42213012679687495,35.795374966447646,0.061033938486438385,33.27687093792673,39.17036328512239
1795,0.42213012679687495,35.79082861173937,0.0697089409132354,33.59676480120042,39.80541453329154
1796,0.42213012679687495,35.78613448877009,0.07197466139372016,34.03442222506724,40.01061684591062
1797,0.42213012679687495,35.78151932015382,0.07076405978373429,34.19153461724366,40.212866614212444
1798,0.42213012679687495,35.77716557782167,0.06675562873048692,33.957858236139074,40.357625726131914
1799,0.42213012679687495,35.77319712129776,0.06084806819811445,33.5539518072171,40.43324530463165
1800,0.4020286921874999,35.77065306547789,0.04095822271164363,33.208397950102906,39.88510721059477
1801,0.38288446874999993,35.77082130541275,-0.002761185811045255,33.79789246454382,38.56532418001498
1802,0.38288446874999993,35.77363153104434,-0.04477859959576479,35.27922703559602,37.41270756150786
1803,0.38288446874999993,35.778689767508624,-0.0782512385260364,36.64932753784099,36.09625630281755
1804,0.38288446874999993,35.784359897121135,-0.09872655374835901,37.38907956651978,34.69915044070666
1805,0.38288446874999993,35.790549068941154,-0.1077639571054941,37.625078394715125,33.39894550278051
1806,0.38288446874999993,35.796611091481516,-0.10555007293554466,37.41717053518986,32.15744315575952
1807,0.38288446874999993,35.8020047567019,-0.09391284074097418,36.90146589609066,31.00547399629285
1808,0.38288446874999993,35.80635659305892,-0.07577283684239329,36.24213558460287,29.95674758569343
1809,0.4020286921874999,35.80902099484286,-0.04289574183409651,34.926202099422845,29.469483072053706
1810,0.4020286921874999,35.80986383711389,-0.013174178728310044,34.14586658886265,28.726722859141347
1811,0.4020286921874999,35.808442791225836,0.02221188133760185,33.47123548570353,28.531974076030064
1812,0.4020286921874999,35.804856719531045,0.056052657850033494,33.233832645965876,28.51509678500426
1813,0.4020286921874999,35.79951863375872,0.08343778954725557,33.35752853259558,28.62527302006985
1814,0.4020286921874999,35.793068036508245,0.10082707524654103,33.618765528297416,28.807170651857877
1815,0.4020286921874999,35.78621493215494,0.10711852584700389,33.6317771780545,29.00150951064375
1816,0.4020286921874999,35.77890557776475,0.11425001383376268,33.900054159166125,29.638843290776375
1817,0.4020286921874999,35.771112303234766,0.12181400371789666,34.397558716535016,30.40938486293717
1818,0.4020286921874999,35.76291467799094,0.12813427117005813,34.93972334242592,31.269369226680173
1819,0.4020286921874999,35.754445795646575,0.13237419795925803,35.33937662894201,32.20460613724465
1820,0.4020286921874999,35.74586801367371,0.13407637073621836,35.41441672290882,33.17021287969019
1821,0.4020286921874999,35.73731162035567,0.133742052002047,35.341422628107374,34.16478772486345
1822,0.4020286921874999,35.728853187343105,0.13221086803452592,35.19560142111064,35.17118478601857
1823,0.4020286921874999,35.72099804002658,0.13025848600983078,35.06329006765859,36.186606883031594
1824,0.4020286921874999,35.71396213874267,0.11667328593926028,34.39724623780435,36.63862089071939
1825,0.4020286921874999,35.70821002490411,0.09538479798969822,33.63649154672783,36.924084429655494
1826,0.4020286921874999,35.703942514401305,0.0707662676111364,33.06640981747848,37.05029083024335
1827,0.4020286921874999,35.70110699890257,0.04702011827927692,32.77983585524725,37.04622308692813
1828,0.4020286921874999,35.69944435582023,0.027570885936582367,32.717484079496366,36.95361510642069
1829,0.4020286921874999,35.698554569845996,0.014754933192942942,32.75242090008559,36.81887574030926
1830,0.4020286921874999,35.697980750228915,0.00951540073663065,32.78042532758458,36.68139882279965
1831,0.4020286921874999,35.697279019085684,0.01163650185297602,32.74234664787352,36.570899668518045
1832,0.4020286921874999,35.69531050050777,0.03264308603136074,32.65759139891973,37.05555795178083
1833,0.4020286921874999,35.69138946188798,0.06502087530870503,32.86694601760017,37.74630722318912
1834,0.4020286921874999,35.68529456356347,0.10106904379294497,33.55098990925486,38.61970449329441
1835,0.4020286921874999,35.67791892281319,0.12230703750945705,34.10316591152317,39.103554931439405
1836,0.4020286921874999,35.67018279166275,0.12828489277454522,34.14448840541942,39.52007900960904
1837,0.4020286921874999,35.66296405634593,0.11970514305905522,33.92245020787795,39.8048972626839
1838,0.4020286921874999,35.65686240320202,0.10118105602042916,33.57915399275547,39.967207028750416
1839,0.4020286921874999,35.6522622989982,0.07628152406716736,33.26551341880445,39.97591150107944
1840,0.38288446874999993,35.65021876348472,0.03558141215362595,33.375052494201306,39.32283975947588
1841,0.38288446874999993,35.650044220684364,0.003039085583501043,33.91881210892568,38.98647482074395
1842,0.38288446874999993,35.6509927796505,-0.016516017120137214,34.182275838883456,38.65868902739451
1843,0.38288446874999993,35.6523244922005,-0.023187369536573084,34.15279528644904,38.354199200978954
1844,0.38288446874999993,35.65330781056017,-0.017121236995095136,33.95147030146774,38.146557665828965
1845,0.38288446874999993,35.65340658703749,-0.0017198656576891125,33.600882411236746,38.02063568366437
1846,0.38288446874999993,35.65238762612224,0.01774183421571777,33.45598266347991,37.95309301116675
1847,0.38288446874999993,35.65096143319089,0.024832432891896457,33.481328592779136,37.40837365240685
1848,0.38288446874999993,35.649809952368216,0.020049230105708984,33.73844187036829,36.736403210290725
1849,0.38288446874999993,35.64944414769576,0.006183765537878605,34.15903170070015,35.91946384615373
1850,0.38288446874999993,35.650237843760344,-0.013026290776678535,34.75213518963323,34.9713837694245
1851,0.38288446874999993,35.65224566928785,-0.0329528144554021,35.25463963031992,33.91744138005566
1852,0.38288446874999993,35.655298678569416,-0.05010656902575378,35.596034492463296,32.80138664282678
1853,0.38288446874999993,35.659111145892005,-0.06257093884755757,35.8656720439508,31.633664912532975
1854,0.38288446874999993,35.66335059334927,-0.06957861803149096,36.30766239471415,30.47172229791074
1855,0.38288446874999993,35.66760109268394,-0.06976000354572945,36.46772176200213,29.37555676685241
1856,0.4020286921874999,35.670990348380194,-0.05143329555199871,35.47783306972302,28.802442752986398
1857,0.42213012679687495,35.67253087390725,-0.02161635146568869,34.243549835580254,28.41554536982618
1858,0.44323663313671874,35.67068707047877,0.023922225965126862,33.18417341869023,28.74611643705888
1859,0.44323663313671874,35.66560946888006,0.06587878671260042,32.98180710828323,28.93001035988215
1860,0.44323663313671874,35.65807711097047,0.09772775404356582,33.34706238245218,29.258212831141527
1861,0.44323663313671874,35.649675180163115,0.1263723886102888,34.05824803005246,30.13496962777239
1862,0.44323663313671874,35.63981684086805,0.14827804620290724,34.91957820716611,31.086169042592665
1863,0.44323663313671874,35.629067986630645,0.16167216987964655,35.590949170031166,32.133628788274606
1864,0.44323663313671874,35.61872674424609,0.1555413310698507,35.273764009616514,32.70847274491311
1865,0.44323663313671874,35.60954491184287,0.1340803794184718,34.35942666234771,33.11173321521425
1866,0.44323663313671874,35.601800396394516,0.11309154035134293,33.73044897747393,33.830957928575195
1867,0.44323663313671874,35.59595872131343,0.08530476019570493,33.12928227667783,34.024163479646376
1868,0.44323663313671874,35.5921122833634,0.05616872941061399,32.904337297953965,34.03071795192211
1869,0.44323663313671874,35.58997062158149,0.031274239355941445,33.08862865943728,33.950120577076916
1870,0.44323663313671874,35.589031838932584,0.013708846799710307,33.33079478252504,33.80743102820588
1871,0.44323663313671874,35.58868957476436,0.004998012109202114,33.48809533512435,33.6402243077852
1872,0.44323663313671874,35.58835173386329,0.004933420063647515,33.542958097759424,33.48440436317887
1873,0.44323663313671874,35.58757890985144,0.011285387511143935,33.5647731435789,33.32824360707588
1874,0.44323663313671874,35.58615537575571,0.020787570856098992,33.96067067007722,33.193171193508476
1875,0.44323663313671874,35.583876311554704,0.033280698162443736,34.239253836564046,33.14839003785911
1876,0.44323663313671874,35.58073411461563,0.04588484512645667,34.20703197796505,33.13865444968876
1877,0.44323663313671874,35.57615421655906,0.06687929404023177,34.214145656954344,33.67107269474305
1878,0.44323663313671874,35.56989454593402,0.09140866175545204,34.592132376973204,34.38758765093205
1879,0.44323663313671874,35.56270308496165,0.10501540143676527,34.85280542546815,34.75349656194289
1880,0.44323663313671874,35.555345057418144,0.10744773825969928,34.75747825833348,35.07674349528166
1881,0.44323663313671874,35.548494732315824,0.10003386562976996,34.37166231222696,35.31152082809654
1882,0.44323663313671874,35.54263167844415,0.08561695020568927,33.921063341121204,35.438783829358385
1883,0.44323663313671874,35.537982013715464,0.06789808217082355,33.59368840612092,35.47215677991136
1884,0.44323663313671874,35.53453293278162,0.05036620795793783,33.413200763478606,35.428947056738366
1885,0.44323663313671874,35.53215086809909,0.034784792665390064,33.40025391334382,35.284849966622566
1886,0.44323663313671874,35.53058838042431,0.022816680926995004,33.866662711297195,35.10761366538789
1887,0.44323663313671874,35.52915720009355,0.020899227228230566,35.518332601352824,35.25466031106711
1888,0.44323663313671874,35.52830077214587,0.012506238311165794,35.85152809993674,34.60865678305661
1889,0.44323663313671874,35.52837836387009,-0.001100054107424015,35.06865001314291,33.814618961949364
1890,0.44323663313671874,35.52954602098069,-0.01655442012139831,34.74248023287348,32.874213564391205
1891,0.44323663313671874,35.53167600099413,-0.030197721293936584,35.124775587288,31.850002026488543
1892,0.44323663313671874,35.533711415683086,-0.028857024529104124,35.21178588045937,31.285986279355367
1893,0.44323663313671874,35.53480329798159,-0.015480125225653,34.986609872854956,30.87994993315965
1894,0.44323663313671874,35.53440850786582,0.005597123827479707,34.64461098741598,30.652194726043245
1895,0.44323663313671874,35.53232348341333,0.029560365313513835,34.28801160402794,30.58484031227525
1896,0.44323663313671874,35.52865744952494,0.05197507437469065,33.96394717850251,30.638825990781978
1897,0.44323663313671874,35.52375241006841,0.06954103489675105,33.697639486272664,30.770803143994204
1898,0.44323663313671874,35.51808282441726,0.08038036332017008,33.49230016135602,30.938292140377495
1899,0.44323663313671874,35.51215132707284,0.08409360770139042,33.31532156497128,31.1046778258699
1900,0.44323663313671874,35.50640253841659,0.08150326130952791,33.13253548301445,31.23985764102739
1901,0.44323663313671874,35.50047330954076,0.08406144656297189,33.0808508010619,31.803913065761975
1902,0.44323663313671874,35.49409902423271,0.09037121943171852,33.20927280600648,32.466211466242484
1903,0.44323663313671874,35.48718754555689,0.09798726066169482,33.599662109374364,33.19877186568922
1904,0.44323663313671874,35.48009273103887,0.10671221626861088,34.28239454358388,34.02015155557723
1905,0.44323663313671874,35.47240190529055,0.11567674651024464,34.93531408603109,34.92434410800409
1906,0.44323663313671874,35.46418282363509,0.12362217742547799,35.398898004469174,35.88043495812611
1907,0.44323663313671874,35.45623799119637,0.11949722931659841,35.22042055026108,36.3550797033504
1908,0.44323663313671874,35.449175640413095,0.106223933301602,34.79173530715536,36.6875290450225
1909,0.44323663313671874,35.443368642824204,0.08734232318603849,34.40789594898327,36.86465772975449
1910,0.44323663313671874,35.43893887867999,0.0666275274956484,34.17935707930457,36.90419358973391
1911,0.44323663313671874,35.435780699753344,0.04750177355296782,34.08396608402871,36.84018748568912
1912,0.44323663313671874,35.433618154685206,0.032526569428375986,34.058524899904775,36.710687956432935
1913,0.44323663313671874,35.432164394850375,0.021865819536564027,34.29063691075365,36.487612345146125
1914,0.44323663313671874,35.431085259674646,0.01623113697529632,34.789707017829656,36.229554693764996
1915,0.44323663313671874,35.43077064869338,0.004732024352297243,35.72971206497231,35.49331365618011
1916,0.44323663313671874,35.43126773131165,-0.007476557382833272,36.21654712256835,34.717169229866464
1917,0.44323663313671874,35.43248328394042,-0.018282974795013413,36.07871413501401,33.86348270238642
1918,0.44323663313671874,35.433640740765014,-0.01740916308287658,35.437860575553174,33.40690494491538
1919,0.44323663313671874,35.43409035997102,-0.006565695286926281,34.69152950992439,33.0641640612367
1920,0.44323663313671874,35.4333318925588,0.011075741087575289,34.05155977029972,32.83048235621478
1921,0.44323663313671874,35.431175237678104,0.03149318044376269,33.71872043348362,32.71927978969997
1922,0.44323663313671874,35.42771754260691,0.05049199840503477,33.71018355069079,32.68392004747239
1923,0.44323663313671874,35.42327977460246,0.06480379859674397,34.084993946728915,32.69455406119586
1924,0.44323663313671874,35.41820732707995,0.07407189093978195,34.26194103188439,32.77074446401772
1925,0.44323663313671874,35.41289622495232,0.07755691425539357,34.07554210351281,32.852658658147774
1926,0.44323663313671874,35.40839963307531,0.06566279131257059,33.70312688592443,32.43114168474371
1927,0.44323663313671874,35.40544387651073,0.04316229530698285,33.54207926757372,31.832425063704864
1928,0.44323663313671874,35.404415951267374,0.015010577474247914,33.796300533718025,31.041369132352994
1929,0.44323663313671874,35.40532288884407,-0.01324381986644054,34.39644548512511,30.10206561118131
1930,0.44323663313671874,35.40787996480651,-0.03734044580537594,35.06274939504335,29.064445930504604
1931,0.4653984647935547,35.41105020097709,-0.04408980586985355,34.996495163909586,28.40088094953524
1932,0.4886683880332324,35.413799581894246,-0.036415995341344945,34.50362046601924,27.881446783796704
1933,0.5131018074348941,35.41524143555304,-0.018188176314944033,33.87809970842357,27.523065904878518
1934,0.5387568978066388,35.41484278673096,0.004789268195283987,33.52407106380703,27.318678794396384
1935,0.5656947426969708,35.412308420845655,0.028997375174076852,33.34020831730901,27.299512148650738
1936,0.5939794798318194,35.40696945532977,0.05817778606741531,33.194717010238044,27.85920859678738
1937,0.5939794798318194,35.39948571407187,0.08154903727882429,33.28734483908668,28.18104387343656
1938,0.5939794798318194,35.39065752598693,0.09619924238882642,33.35083601253464,28.537830290852394
1939,0.5939794798318194,35.38068285903606,0.10869222478298342,33.670805590871005,29.333987878057325
1940,0.5939794798318194,35.369974100510426,0.11669149401645072,33.99227079095424,30.218856502967363
1941,0.5939794798318194,35.35897948330318,0.11980644674932082,34.170665889450746,31.15694436204165
1942,0.5939794798318194,35.34813702144035,0.11814843621350893,34.17928718095065,32.1021304553898
1943,0.5939794798318194,35.33779311677979,0.11271574439889429,34.05056622330832,33.03225213156892
1944,0.5939794798318194,35.328149265399034,0.1050873845925951,33.85672991624853,33.933536388151026
1945,0.5939794798318194,35.319478007307495,0.09732387942650586,33.673306341151076,34.813900484856035
1946,0.5939794798318194,35.311425895095496,0.09037475182677836,33.572750968833695,35.646438179013515
1947,0.5939794798318194,35.30379807272247,0.08561263626126074,33.61267636110692,36.496730791973135
1948,0.5939794798318194,35.29702085943224,0.07606562763358875,33.42556308650979,36.84924956658509
1949,0.5939794798318194,35.29139740619235,0.06311613370314609,33.30118573530807,37.04132862967743
1950,0.5939794798318194,35.28690183424813,0.050457095986773975,33.22411316516751,37.13228565388704
1951,0.5939794798318194,35.28337150298313,0.03962349300903606,33.11693821670605,37.1213082364619
1952,0.5939794798318194,35.2805342480869,0.03184458939038479,32.997186298535524,37.0460604797102
1953,0.5939794798318194,35.27808857981943,0.02744952590131736,32.91798540714267,36.917082973474564
1954,0.5939794798318194,35.275865144390444,0.024955244016306524,33.15119379240936,36.710137965736536
1955,0.5939794798318194,35.27354159952283,0.026078845555064623,33.38341324873052,36.584883241244746
1956,0.5939794798318194,35.270835272506275,0.03037508991978228,33.365543151898855,36.48993358815567
1957,0.5939794798318194,35.267532456644524,0.037069921031524844,33.26034707178611,36.42850283666595
1958,0.5939794798318194,35.263630421148484,0.04379540178885347,33.206514440600316,36.39508368768109
1959,0.5939794798318194,35.25920873212495,0.04962785386448598,33.28640797362723,36.401849828782375
1960,0.5939794798318194,35.25437074279377,0.05430029706906322,33.360803505538634,36.434528961565846
1961,0.5939794798318194,35.249246968178305,0.057507874592183546,33.39547564190127,36.47404987858999
1962,0.5939794798318194,35.243972452666455,0.05919975005803124,33.44792952237876,36.52143666407774
1963,0.5939794798318194,35.238669960420104,0.05951375343651068,33.52026192863245,36.572740799017325
1964,0.5939794798318194,35.2334541047248,0.05854136798099265,33.557537896381795,36.61645250608717
1965,0.5939794798318194,35.22841594032797,0.05654700841688497,33.51439667486773,36.64427540897496
1966,0.5939794798318194,35.22361219249256,0.05391597968742268,33.40742802268096,36.652371624070284
1967,0.5939794798318194,35.21906108071208,0.05108046024055416,33.29537688825756,36.6407806503711
1968,0.5939794798318194,35.21408897260636,0.055805610289562144,33.25745123829934,37.11621777382766
1969,0.5939794798318194,35.2082080360824,0.06600605715238785,33.33541559475643,37.739832084772175
1970,0.5939794798318194,35.20179763226342,0.07194865632702895,33.3780277486384,38.007947844846186
1971,0.5939794798318194,35.195235415769616,0.07365256114761123,33.35430257719114,38.2529222871437
1972,0.5939794798318194,35.18884995394075,0.07166871410741094,33.28533452978383,38.44633017767224
1973,0.5939794798318194,35.18224663930953,0.07411383563958114,33.307245226886316,39.07142506943088
1974,0.5939794798318194,35.17514444260878,0.07971315443165204,33.4037643141882,39.78375766073509
1975,0.5939794798318194,35.16739400525665,0.08698883396136046,33.56482441024303,40.58442539316499
1976,0.5656947426969708,35.15992356389573,0.08803854560958056,33.58289397664363,40.951217842941006
1977,0.5387568978066388,35.153810013683305,0.07565007813745378,33.334304460723644,40.72692580853902
1978,0.5131018074348941,35.149782867505415,0.05232419920755354,33.30722003924452,40.228732410898594
1979,0.4886683880332324,35.14807691502299,0.023273485308302217,33.614391008704395,39.506631805120435
1980,0.4886683880332324,35.14784991546781,0.003096845232707615,33.85792059022432,39.06827599125262
1981,0.4886683880332324,35.148361893760125,-0.006984672426186014,33.86391705406374,38.63481533716939
1982,0.4886683880332324,35.14889176051626,-0.007228716093474478,33.68805887967898,38.26693200713776
1983,0.4886683880332324,35.148836979674456,0.0007473485516699993,33.44309903170993,37.99632293469104
1984,0.4886683880332324,35.147778582126314,0.014439206273841279,33.22418738644191,37.83482843062966
1985,0.4886683880332324,35.1455066758152,0.030994519893118747,33.075466810566624,37.778407189981515
1986,0.4886683880332324,35.14203273171507,0.04739334055854903,33.010031246545466,37.79487666948512
1987,0.4886683880332324,35.13753465676416,0.06136506283952894,33.015148581242514,37.87133576698845
1988,0.4886683880332324,35.132306796862906,0.0713211662451573,33.05484947559611,37.97965392445571
1989,0.4886683880332324,35.12670973143024,0.07635805889015541,33.09323480632304,38.08705319441248
1990,0.4886683880332324,35.121799479838884,0.06698818955885938,33.184926088093945,37.660847188239444
1991,0.4886683880332324,35.11827720392474,0.0480527081403794,33.36134218465751,37.07580646663775
1992,0.4886683880332324,35.116482235759364,0.023774643935499856,33.609949872351066,36.307537785797265
1993,0.4886683880332324,35.116605378403236,-0.001583538110197755,33.949732032055486,35.367139367922114
1994,0.4886683880332324,35.11852865723457,-0.024011819660767205,34.3368283744126,34.29115480343311
1995,0.4886683880332324,35.12174759600176,-0.040187920709938395,34.656007899340835,33.132726866673025
1996,0.4886683880332324,35.12562639426537,-0.04842615791793284,34.813128871290154,31.961278450116186
1997,0.4886683880332324,35.12953160604353,-0.04875592629960778,34.77254445586871,30.82782281525509
1998,0.4886683880332324,35.13293870059569,-0.04253701471720391,34.5841778113005,29.753696845058062
1999,0.4886683880332324,35.13547650206426,-0.03168403364361055,34.37576233235459,28.76640625821609
2000,0.4886683880332324,35.136929122359824,-0.018135725306378938,34.12393621163514,27.880657125640536
2001,0.5131018074348941,35.1367689803016,0.0019041402279846706,33.72667579405459,27.436872708234322
2002,0.5387568978066388,35.13392516261313,0.03518986887588563,37.45526431647803,28.804503488818874
2003,0.5656947426969708,35.12874133252234,0.06109101722812988,39.48036317964333,28.865423428584606
2004,0.5939794798318194,35.12177938001774,0.07586319526108655,38.28401728773909,28.988547387592263
2005,0.6236784538234105,35.112937521634976,0.08908756843798198,36.44851986201843,29.751823867184562
2006,0.654862376514581,35.10238368486845,0.0983235158757704,35.02414188717088,30.659306970695507
2007,0.654862376514581,35.09157554647165,0.09775988891747162,34.14322187142474,31.187532947566055
2008,0.654862376514581,35.08174509745963,0.08891666336427875,33.7650816378883,31.646866029954698
2009,0.654862376514581,35.07348959441404,0.07467123671677256,33.63282558290699,31.996142336117103
2010,0.654862376514581,35.0670610446477,0.05814639746312486,33.53154687381474,32.227366037068236
2011,0.654862376514581,35.06238552225739,0.04229021989970743,33.39398139877803,32.34270705103437
2012,0.654862376514581,35.05912342762591,0.02950572958101309,33.238186747248655,32.354757783794376
2013,0.654862376514581,35.05675800055685,0.021395348488857754,33.08273488659629,32.28802377645335
2014,0.654862376514581,35.054025430868535,0.024716162893274697,32.90595646575523,32.657213096700026
2015,0.654862376514581,35.049929638925185,0.03704654314276176,32.777315162978766,33.165916430224996
2016,0.654862376514581,35.04453811828262,0.05488706060923377,32.77662136382767,33.83146599184612
2017,0.654862376514581,35.0372119964806,0.0745817957558695,32.935302962130024,34.62177226476775
2018,0.654862376514581,35.02813549127878,0.09240114694155831,33.23115416040634,35.505573142073004
2019,0.654862376514581,35.01766548447252,0.10658735007283898,33.57711445501517,36.49561809079893
2020,0.654862376514581,35.00628705745921,0.1158353003763529,33.8264470514402,37.54769129565052
2021,0.654862376514581,34.99453351125165,0.11965410982087281,33.94756162780979,38.626778597317895
2022,0.654862376514581,34.98350237966744,0.11229974398515341,33.71730437274446,39.1886556411298
2023,0.654862376514581,34.974007002686946,0.09666536889801931,33.373642469815294,39.56331208841843
2024,0.654862376514581,34.96650038102454,0.07641933055082267,33.09639907984245,39.74411328146131
2025,0.6236784538234105,34.9620219510271,0.047871142252777284,32.94106960718103,39.20354347780529
2026,0.6236784538234105,34.95990730595443,0.022604009696439126,33.29867750908135,38.81796276560388
2027,0.6236784538234105,34.959429804338235,0.0051041431501332585,33.822955706170426,38.42679119498345
2028,0.6236784538234105,34.96000335911561,-0.00595231185776584,35.36172862594773,37.37957607732148
2029,0.6236784538234105,34.96076563474763,-0.007910843850325285,37.02220307006477,36.88265900107773
2030,0.6236784538234105,34.960848217659915,-0.0008570397587824285,37.01360451280572,36.594338235582306
2031,0.6236784538234105,34.95895668544013,0.019630190707851474,35.82736221950878,36.99183078563858
2032,0.6236784538234105,34.95433429712078,0.04797082665860148,34.58504032646202,37.67636290343602
2033,0.6236784538234105,34.94702656076871,0.07811435852634743,33.91447067444774,38.58232179028412
2034,0.6236784538234105,34.9372720017832,0.10426910347485839,33.831788768138125,39.588167465801995
2035,0.6236784538234105,34.925757650008585,0.12308000171151624,34.07981447636634,40.66753289373985
2036,0.6236784538234105,34.913886219205544,0.12689691544596166,34.00620608430259,41.27232537479853
2037,0.5939794798318194,34.90395729253564,0.11143961485807484,33.483326463629716,41.172494741403305
2038,0.5656947426969708,34.89720314328792,0.07959710114461722,33.271076095353905,40.64131814305163
2039,0.5387568978066388,34.89404139431911,0.037984468882736544,33.73479178410252,39.78857919036883
2040,0.5387568978066388,34.894383929222265,-0.003995271333684228,34.615770122115315,38.685923977305954
2041,0.5387568978066388,34.89777910550348,-0.038447362417993416,35.312740745295514,37.424490494731906
2042,0.5387568978066388,34.903296850000885,-0.060663656646382284,35.58286845556231,36.07455999413137
2043,0.5387568978066388,34.90972897211938,-0.07071658498994471,35.83060058188858,34.57001700015695
2044,0.5387568978066388,34.91571585367959,-0.07408265935381697,37.362651341772185,32.82977441036108
2045,0.5387568978066388,34.92153661465852,-0.0720270558963482,39.650938267728016,31.2622750658508
2046,0.5656947426969708,34.92601564201717,-0.05278497418695545,39.92526548666304,30.548888291498315
2047,0.5939794798318194,34.92806920656861,-0.02237733860488351,38.24310813747294,30.201747149089282
2048,0.6236784538234105,34.926885837800484,0.01192322264757,35.92682931228412,30.131964582796396
2049,0.6236784538234105,34.92283414089585,0.03963449013171163,34.14550797275984,29.807602077166933
2050,0.6236784538234105,34.91678714495064,0.05742999503638935,33.2028688149846,29.467501206808038
2051,0.6236784538234105,34.91005668883225,0.0639210055662254,32.92673165044594,29.037676181622363
2052,0.6236784538234105,34.903147130311176,0.06562199068190756,32.8963583775805,28.899382610645798
2053,0.6236784538234105,34.89647507068359,0.06336639792172469,32.90551333756934,28.763042700069043
2054,0.6236784538234105,34.89032193096385,0.05843807185674021,32.921796823226735,28.648031424692668
2055,0.6236784538234105,34.884822395315624,0.05223061299235876,32.92612476440379,28.557566517049313
2056,0.6236784538234105,34.8799726828601,0.04605906218105526,32.85828972507517,28.482973420607355
2057,0.6236784538234105,34.875652005361644,0.0410346706926529,32.698828964152405,28.418001890209922
2058,0.6236784538234105,34.87168902176468,0.0376375526566779,32.517522533451576,28.347888259187677
2059,0.6236784538234105,34.867312427459865,0.04156572808725121,32.445204163579035,28.721806558880647
2060,0.6236784538234105,34.861897194624476,0.051429965833487794,32.4742898408614,29.274321348790263
2061,0.6236784538234105,34.85508402744982,0.06470653537201829,32.55955316099487,29.990215888133168
2062,0.6236784538234105,34.846823309116616,0.07845432958318788,32.661278951290946,30.84378213405573
2063,0.6236784538234105,34.837320932894194,0.09024669839922278,32.75519306246126,31.790759136345347
2064,0.6236784538234105,34.82702007664531,0.09783008432694026,32.82495438307393,32.75741266217506
2065,0.6236784538234105,34.81698512570794,0.09530470794872224,32.67579659483469,33.295690304198274
2066,0.6236784538234105,34.80805516500719,0.08481030967551555,32.3739489803022,33.66498083565815
2067,0.6236784538234105,34.80083487065458,0.06857313492348807,32.1023927329686,33.810824559290154
2068,0.6236784538234105,34.79549141084533,0.05074831752886787,31.96856637486943,33.80308142866842
2069,0.6236784538234105,34.79184430931767,0.03463753317004082,31.887002919959514,33.66823334929651
2070,0.6236784538234105,34.78945497398671,0.022692179297146984,31.81893282468464,33.46090094190719
2071,0.6236784538234105,34.78781258565514,0.015598216797884912,31.83330784683909,33.17154315177584
2072,0.6236784538234105,34.78629138780357,0.01444723724923456,31.959842316935955,32.94937241257097
2073,0.6236784538234105,34.78429516984872,0.01895863471340119,31.92605190672971,32.80656687685717
2074,0.6236784538234105,34.78140625890722,0.02743678721375531,31.75761914020934,32.747294406685725
2075,0.6236784538234105,34.77743389868331,0.03772660507953003,31.572027269988922,32.76387465826315
2076,0.6236784538234105,34.77241387578887,0.04767654758207284,31.44096688613114,32.83640844338915
2077,0.6236784538234105,34.76656641808034,0.05553492514636525,31.367825807398184,32.939199593651985
2078,0.6236784538234105,34.760227858773504,0.06019905302201394,31.32322714810734,33.04657577747159
2079,0.6236784538234105,34.75377161857013,0.061316701085061126,31.28157458686441,33.13691177583624
2080,0.6236784538234105,34.74694312716856,0.06485207379864696,31.281887792415056,33.65011103306648
2081,0.6236784538234105,34.73959077744196,0.06982730137915753,31.343510645640375,34.2740120193054
2082,0.6236784538234105,34.732264135711766,0.0695831454182823,31.331800404945607,34.54348518250167
2083,0.6236784538234105,34.72540356421395,0.0651567473562952,31.26080952795513,34.75711901048967
2084,0.6236784538234105,34.71937201004561,0.0572833402054584,31.234631820938127,34.851498782199926
2085,0.6236784538234105,34.71426383131412,0.048513787978871716,31.267084049704593,34.88340887451976
2086,0.6236784538234105,34.70999241110921,0.040566860535356124,31.251941894001646,34.85224207532473
2087,0.6236784538234105,34.706412486465815,0.033999535697429896,31.236185742194923,34.74346770364468
2088,0.6236784538234105,34.702720420096064,0.03506457672711915,31.34743271013107,35.06826563815145
2089,0.6236784538234105,34.69815144149613,0.04339285501320349,31.448298210596818,35.574704466101515
2090,0.6236784538234105,34.69284088547351,0.050435821155359745,31.409490607856384,35.686076861464244
2091,0.6236784538234105,34.6870256211868,0.0552291753042332,31.330218171982544,35.75893623155183
2092,0.6236784538234105,34.68098720317886,0.05734852799078861,31.31651590045993,35.78213207178878
2093,0.6236784538234105,34.675592637826526,0.05123368102371978,31.38545533739894,35.29265171226406
2094,0.6236784538234105,34.67147527979375,0.03910368942328803,31.610136974824105,34.60485419396376
2095,0.6236784538234105,34.668891285179676,0.02382612855754976,31.958867265223414,33.73742071630369
2096,0.6236784538234105,34.66794885991371,0.008436679921818745,32.32580806144043,32.72678649488936
2097,0.6236784538234105,34.66843250796542,-0.004329663003047177,32.60131072347096,31.62837585332794
2098,0.6236784538234105,34.66984477697449,-0.012642765451093161,32.730642823857394,30.520725683086624
2099,0.6236784538234105,34.67161678384233,-0.015863172713040507,32.81948392979928,29.462462987410476
2100,0.6236784538234105,34.67321388523524,-0.014297402394660201,32.96912862847303,28.50446776165169
2101,0.6236784538234105,34.674130819234264,-0.008208479694452177,33.01928794133276,27.662740865541952
2102,0.6236784538234105,34.67407758121031,0.00047659181480308455,32.9092038776067,26.982196255878236
2103,0.654862376514581,34.672349471054595,0.014733528765133699,32.48606769209873,26.81292482106144
2104,0.6876054953403101,34.667927333872015,0.03590692915630187,31.938022021115703,27.249739769863773
2105,0.6876054953403101,34.66111442502183,0.05531954919805035,31.600875800473375,27.539820396891223
2106,0.6876054953403101,34.651886206177096,0.07493141587793171,31.539868102996714,28.27296820961503
2107,0.6876054953403101,34.640653610962154,0.09120657817077306,31.740512633355657,29.118334127743687
2108,0.6876054953403101,34.628110880652564,0.10184463078802983,32.09065146188025,29.995649967762198
2109,0.6876054953403101,34.61510663778099,0.10559202671523772,32.47415908848862,30.87806302231119
2110,0.6876054953403101,34.602366170514635,0.10345021799735622,32.74824052861513,31.730676506551347
2111,0.6876054953403101,34.59042530843061,0.09695757304992626,32.88626328765773,32.522185108609946
2112,0.6876054953403101,34.57957176025305,0.08812878692281385,32.94301115137918,33.24769149716966
2113,0.6876054953403101,34.57129984828771,0.07901927338423616,32.97380035325019,33.91958068744492
2114,0.6876054953403101,34.5642303496209,0.06753295370926002,32.964455786092245,34.078740070217854
2115,0.6876054953403101,34.558401826084165,0.05567826358708228,32.962327197087845,34.12434767605416
2116,0.6876054953403101,34.55371039028593,0.044815980810781315,32.98022813171722,34.057537122394564
2117,0.6876054953403101,34.549882713191195,0.036564734252791886,33.02607387548274,33.955376805936396
2118,0.6876054953403101,34.54653396690042,0.03198964154284353,32.96668579057169,33.84940647910816
2119,0.6876054953403101,34.543281491429255,0.03106999319006403,32.787998811231766,33.75984350901997
2120,0.6876054953403101,34.53980544009044,0.033205751244666036,32.543528415981434,33.70107838832019
2121,0.6876054953403101,34.53537737161994,0.042300106009472156,32.29712513364545,34.11406684207308
2122,0.6876054953403101,34.52954670895603,0.055698698073832195,32.16341189391667,34.67760206932664
2123,0.6876054953403101,34.52261510192313,0.0662157132983466,32.15162598800038,34.92350454424623
2124,0.6876054953403101,34.51500126260866,0.072732888456076,32.22502488199577,35.140981406799675
2125,0.6876054953403101,34.5071869932369,0.07464754102457682,32.363050630488225,35.31866999507764
2126,0.6876054953403101,34.49961625674892,0.07232113914786288,32.49994132865896,35.4245402716612
2127,0.6876054953403101,34.492622972418296,0.06680489936204015,32.691030409037495,35.363097602257724
2128,0.6876054953403101,34.4864329558798,0.05913150564926595,33.12551654124575,35.25480725839648
2129,0.6876054953403101,34.481082169304806,0.05111457531967727,33.53287854791477,35.09977760234443
2130,0.6876054953403101,34.476359598019435,0.045113409455957314,33.839769274560894,34.9559177867614
2131,0.6876054953403101,34.4719843139757,0.04179587106742626,33.92701466149909,34.860036600376816
2132,0.6876054953403101,34.46766743372821,0.04123795585275358,33.85221149340587,34.790017435355125
2133,0.6876054953403101,34.463168098329696,0.04298089914304783,33.71920520987485,34.748223389107544
2134,0.6876054953403101,34.45832628921578,0.04625245525446035,33.59078329420584,34.73067530715779
2135,0.6876054953403101,34.45306513645908,0.050258328393893076,33.482231793668845,34.73580445607854
2136,0.6876054953403101,34.44734752129303,0.05461878678165001,33.397702182035346,34.73948591907276
2137,0.6876054953403101,34.44070338317933,0.06346960270002414,33.46447903678431,35.1899945243215
2138,0.6876054953403101,34.43295923660026,0.07397767749741037,33.76671559035473,35.744249911895636
2139,0.6876054953403101,34.42402430127519,0.08535295105661306,34.22240608797517,36.44980647779849
2140,0.6876054953403101,34.414189631439136,0.09535186384938849,34.60458860490913,37.2660795819928
2141,0.6876054953403101,34.40361106387891,0.10256431080433395,34.846531170399516,38.12548794261606
2142,0.6876054953403101,34.39262321309004,0.10653250895885823,34.983330945266744,38.99559643922002
2143,0.6876054953403101,34.38155349245398,0.10732627658403765,35.075989770448416,39.86426608235653
2144,0.6876054953403101,34.37125374392365,0.0998610259336288,34.94950717044349,40.23842508110906
2145,0.6876054953403101,34.362271859713886,0.08708369620493654,34.8447516073472,40.48840836255146
2146,0.6876054953403101,34.3548322957124,0.0721301584694171,34.7076669059057,40.58394859270097
2147,0.6876054953403101,34.34890925048045,0.05742677811685759,34.553167918910454,40.55204043858327
2148,0.6876054953403101,34.34473196991239,0.04050074833491708,34.38895748889863,40.01630836503589
2149,0.6876054953403101,34.34225424920623,0.02402269637612288,34.310597384640694,39.3009967590771
2150,0.6876054953403101,34.34117312676718,0.010176702029319067,34.29923393401061,38.44496417551545
2151,0.6876054953403101,34.34119476804658,-0.00019777795618159584,34.391323428822325,37.44887990899366
2152,0.6876054953403101,34.34177344551888,-0.005134454429940439,34.39235154321324,36.445468254444336
2153,0.6876054953403101,34.34228752630993,-0.004428451367553807,34.194069955413845,35.41663791926029
2154,0.6876054953403101,34.342207330155034,0.0006707131550738222,34.117655375694795,34.339555783126684
2155,0.6876054953403101,34.341080837153335,0.009421320465528004,34.0768586235689,33.42617973673821
2156,0.6876054953403101,34.33873655951924,0.019606150075868807,33.90715325975987,32.614784608594185
2157,0.6876054953403101,34.33525940805067,0.029080836048764977,33.670750736444205,31.88251597977289
2158,0.6876054953403101,34.33093115799991,0.03619892065138923,33.44764095536503,31.20405102655446
2159,0.6876054953403101,34.325510259424846,0.045337185947466156,33.23845178737039,30.936223118556935
2160,0.6876054953403101,34.3189602276371,0.0547805875742363,33.1864353032524,30.7960313066207
2161,0.6876054953403101,34.311545930882225,0.06200878802477934,33.272727772966796,30.680361633694247
2162,0.6876054953403101,34.3041816046178,0.06159086443035269,33.394564715751024,30.177765408570323
2163,0.6876054953403101,34.297614926248464,0.054919809726176945,33.52571520094647,29.55857175760909
2164,0.6876054953403101,34.29234359807329,0.04408626768410074,33.66646388437677,28.806146030282672
2165,0.6876054953403101,34.28858056361783,0.03147179207846901,33.796095661936775,27.938479128084666
2166,0.7219857701073257,34.285540571582324,0.024213993708769213,33.71333496456051,27.364442392337384
2167,0.758085058612692,34.282553236668306,0.022661496969302766,33.485231448288395,26.852308108192812
2168,0.7959893115433266,34.27898857975151,0.02575331372881345,33.224478502811195,26.48669121175806
2169,0.835788777120493,34.274361655600984,0.031835997532576606,32.96394031606404,26.280627520077516
2170,0.8775782159765178,34.26831974587276,0.039592325873956634,33.23453264184185,26.256154292045384
2171,0.9214571267753436,34.26087242011692,0.046478043166525596,33.45963441130598,26.437701742718833
2172,0.9675299831141109,34.25218059147167,0.05166177705162327,33.257661544493395,26.83141975309594
2173,1.0159064822698165,34.242519331432696,0.054689336884714834,32.81097842988756,27.32482471491809
2174,1.0667018063833074,34.23221604254281,0.05554634201284465,32.344266505732264,27.822440429791598
2175,1.0667018063833074,34.22203155157755,0.054905887278211114,31.958985425195443,28.19610592488399
2176,1.0667018063833074,34.21218316759603,0.053093891742518676,31.684712448304836,28.437200103805786
2177,1.0667018063833074,34.20221822120561,0.0537222945272497,31.51885359269192,28.88587221927557
2178,1.0667018063833074,34.19173400837337,0.05652172601769684,31.49217272620908,29.33858974598844
2179,1.0667018063833074,34.180539970630186,0.06034848247315835,31.525305593734906,29.832457147297188
2180,1.0667018063833074,34.16857497379242,0.06450482109514764,31.599639875841984,30.375515969073618
2181,1.0667018063833074,34.15590650770576,0.06829731336744088,31.665191865796956,30.953029744664033
2182,1.0667018063833074,34.14273361181542,0.07101675865294751,31.70746670792819,31.549291278850113
2183,1.0667018063833074,34.12931235156334,0.07235572254381685,31.74632833185644,32.15636491043342
2184,1.0667018063833074,34.11588133422818,0.07240832422073688,31.796621471690692,32.776590715383165
2185,1.0667018063833074,34.10260497137652,0.0715745622128037,31.84480236354472,33.41760777799237
2186,1.0667018063833074,34.089590398852394,0.07016321723105291,31.874253341005257,34.06670050033767
2187,1.0667018063833074,34.07737698672551,0.06584405954193982,31.845598897770348,34.345664953096275
2188,1.0667018063833074,34.066279953758105,0.05982551737831137,31.78676655766387,34.521767304786266
2189,1.0667018063833074,34.05638419867379,0.05334927538802648,31.715463255773578,34.598267704212255
2190,1.0667018063833074,34.04697550944117,0.05072344137811154,31.672485960462645,34.944594289910185
2191,1.0667018063833074,34.037404160683444,0.051600359584464746,31.66778880455876,35.40570062178621
2192,1.0667018063833074,34.02716018887491,0.05522655607623267,31.6854809834862,35.9766602434655
2193,1.0667018063833074,34.015938784340825,0.06049602032674092,31.72486311711169,36.64896496433087
2194,1.0667018063833074,34.00537108171733,0.0660459656125625,31.781541465646413,37.40253497775285
2195,1.0667018063833074,33.99396599307627,0.07127945581304222,31.85563799876215,38.16018441035022
2196,1.0667018063833074,33.98187932473324,0.07553918861990394,31.92718772742608,38.93629313226988
2197,1.0159064822698165,33.97031323171098,0.07589998504847889,31.95027727708776,39.31922134074825
2198,0.9675299831141109,33.959761203016235,0.07270767748051768,31.94729803075863,39.567608094173565
2199,0.9214571267753436,33.950527706533364,0.06680358904443683,31.948491552328015,39.67935638407487
2200,0.8775782159765178,33.94264267738538,0.059899915505682945,32.01412265577601,39.63690393366186
2201,0.835788777120493,33.93601886000225,0.052834859432187235,32.18432963435213,39.55318082941471
2202,0.7959893115433266,33.93040499232714,0.04701794855525922,32.394781844879276,39.44189861772264
2203,0.758085058612692,33.92556264366615,0.04258403993050575,32.70926151664859,39.288550089406414
2204,0.7219857701073257,33.92111390817919,0.04107869961938843,33.021607989471185,39.199409395702304
2205,0.7219857701073257,33.916503516288635,0.04257140127908517,33.15213034866378,39.136828753113164
2206,0.7219857701073257,33.9114514345068,0.04664987400951486,33.282367163935014,39.035732247265024
2207,0.7219857701073257,33.9053970902921,0.055904557175296646,33.651579605365924,39.379025524477875
2208,0.7219857701073257,33.89844567759472,0.0641879012503812,33.97211254886813,39.513313698465325
2209,0.7219857701073257,33.8908381894553,0.07024596563529892,34.13567443431966,39.65477905376539
2210,0.7219857701073257,33.88292061891442,0.0731092021357227,34.16765445257759,39.746377832161365
2211,0.7219857701073257,33.87466412019452,0.07623879455568675,34.28253884570003,40.14026221730175
2212,0.7219857701073257,33.86602763711218,0.07974749124719091,34.379166001436154,40.60822076947177
2213,0.7219857701073257,33.857430879416945,0.07938067527250962,34.31089199248684,40.7938803948318
2214,0.7219857701073257,33.84916112542119,0.07636119102031015,34.13724961032218,40.94187142874397
2215,0.7219857701073257,33.84146029840002,0.07110783748561382,33.95974352478327,40.9946634351757
2216,0.6876054953403101,33.83517282921183,0.060960044005907106,33.94915522977899,40.647680383950195
2217,0.6876054953403101,33.82969911686024,0.053070279287398894,33.91607707596591,40.507017830283765
2218,0.6876054953403101,33.82468619022854,0.048602739658755105,33.91265583467321,40.34170605471914
2219,0.6876054953403101,33.82016008147435,0.04388280571601835,33.98969019785837,39.808094909665336
2220,0.6876054953403101,33.816166986267184,0.03871498249335091,34.15220222796451,39.158526372412915
2221,0.6876054953403101,33.81259450241963,0.03463695264960235,34.62110690760659,38.4079076914699
2222,0.6876054953403101,33.80933523732374,0.0316001458973945,35.05153376296651,37.6649240734199
2223,0.6876054953403101,33.80616398929256,0.029851240811133488,35.274604467200696,36.864594261638366
2224,0.6876054953403101,33.80291381937953,0.02970304808758867,35.388408761022106,36.02937346356491
2225,0.6876054953403101,33.799566542295075,0.03059050291608001,35.39996989429129,35.20567795781618
2226,0.6876054953403101,33.79614322103069,0.03128546471604243,35.421466236779374,34.35633123845959
2227,0.6876054953403101,33.792499778954756,0.03329713155985093,35.39927649843674,33.53109413628426
2228,0.6876054953403101,33.788655924363916,0.03512868582528496,35.30189624705331,32.769973281686475
2229,0.6876054953403101,33.78472488197724,0.035925488257751464,35.20185105607054,32.02466686067222
2230,0.6876054953403101,33.780832990775906,0.03556768864342114,35.100595100711885,31.295578752781424
2231,0.6876054953403101,33.777028562413115,0.034768372617363735,34.89161890442112,30.606342209707165
2232,0.6876054953403101,33.773374161069576,0.03339728744756852,34.68402432921714,29.86515275434743
2233,0.6876054953403101,33.76987855263083,0.03194609153667674,34.48011976275446,29.188219686946027
2234,0.6876054953403101,33.76656834412355,0.030251736094725444,34.234848134988376,28.51461878970106
2235,0.7219857701073257,33.7628393570786,0.03245611459672618,33.85042761638592,28.188025660203444
2236,0.758085058612692,33.758390387349635,0.03687871713721771,33.46017497136461,27.957335102688734
2237,0.758085058612692,33.753684119808796,0.039011528507522535,33.19320463322243,27.472245986244396
2238,0.7959893115433266,33.748327392997986,0.042288916069668385,32.933823024143145,27.32611303758238
2239,0.835788777120493,33.742166369187565,0.04632235638747688,32.721490794219214,27.21806778731288
2240,0.8775782159765178,33.735173398300084,0.05007375700716836,32.55928594242081,27.205496558036163
2241,0.8775782159765178,33.72766431845871,0.05376939863961073,32.46651844605157,27.206282261892625
2242,0.8775782159765178,33.71977373296159,0.0565012020188659,32.4245298868455,27.25394911835683
2243,0.8775782159765178,33.71163067893194,0.05830902420990556,32.43225266340406,27.293041565640817
2244,0.8775782159765178,33.70342289842132,0.05877250362814489,32.460541565378044,27.348375222328013
2245,0.8775782159765178,33.69531266840728,0.05807398508148935,32.48021526727492,27.387880515193785
2246,0.8775782159765178,33.68738514388139,0.05676570704560181,32.48682178454726,27.38624623738966
2247,0.8775782159765178,33.67967421275939,0.05521477173506845,32.50896776221273,27.36971002323787
2248,0.8775782159765178,33.67219892221352,0.05352744754327607,32.524097594859555,27.346627573392393
2249,0.8775782159765178,33.664938038892515,0.05199216655159131,32.52154512738639,27.309096253375316
2250,0.8775782159765178,33.657386164915906,0.05407582964925043,32.53075543318508,27.620278300456377
2251,0.8775782159765178,33.64915836548239,0.058915850811703696,32.56481598586828,28.04192449811461
2252,0.8775782159765178,33.64001774845376,0.06545215808145936,32.62993142539941,28.57879688765031
2253,0.8775782159765178,33.62989078580569,0.07251496896225576,32.71980487752339,29.213969926932318
2254,0.8775782159765178,33.61885608105328,0.07901493275283282,32.819833235159585,29.92121125983311
2255,0.8775782159765178,33.60711386866485,0.08408110076891723,32.91321163555104,30.66940980833702
2256,0.8775782159765178,33.59494118479979,0.08716352803279065,32.98585256584437,31.4255837534607
2257,0.8775782159765178,33.5830901214675,0.08486053712006879,32.928557018546165,31.813677276512387
2258,0.8775782159765178,33.572091498409826,0.07875656673890225,32.81018002564321,32.06673177405894
2259,0.8775782159765178,33.56227429359152,0.07029692193354403,32.68042522964899,32.177788458064
2260,0.8775782159765178,33.55373338380176,0.06115790388856064,32.560918770206534,32.17138555983097
2261,0.8775782159765178,33.54634024150609,0.052939218078967745,32.45532600236588,32.08818567711599
2262,0.8775782159765178,33.53979812697273,0.04684536211102922,32.356950769110156,31.97106958998934
2263,0.8775782159765178,33.5337494251456,0.043312238871536145,32.265789264376124,31.83498440983684
2264,0.8775782159765178,33.52784612730701,0.04227106136526361,32.22939795714489,31.72080645424059
2265,0.8775782159765178,33.52172473511409,0.04383274435791863,32.171056539284976,31.668508551844948
2266,0.8775782159765178,33.515138342874664,0.04716241635456721,32.07101185922265,31.66192553452383
2267,0.8775782159765178,33.50798941236373,0.05119051902620802,31.955168975171343,31.689169191458237
2268,0.8775782159765178,33.500324835746405,0.05488284640013148,31.836026044880224,31.73352494299354
2269,0.8775782159765178,33.49230979805166,0.05739235246187156,31.724797184211,31.767429981618935
2270,0.8775782159765178,33.484234827890184,0.057821503937354496,31.655852637605964,31.7438149788835
2271,0.8775782159765178,33.476298522624184,0.05682858227478237,31.607279000039252,31.724009500170865
2272,0.8775782159765178,33.468574468218776,0.0553087421111579,31.542098606596483,31.652739528506117
2273,0.8775782159765178,33.46111943354132,0.05338240369151092,31.48743343856218,31.600196195072797
2274,0.8775782159765178,33.45394252235221,0.051390877028822855,31.42830606849105,31.54699574451302
2275,0.8775782159765178,33.44699680389411,0.04973540200684526,31.36653911683983,31.49532382566857
2276,0.8775782159765178,33.44019786564119,0.04868436998533249,31.30214495240475,31.45044418010462
2277,0.8775782159765178,33.433463743167586,0.048220251138725294,31.23478532260076,31.408327894453944
2278,0.8775782159765178,33.426806597164855,0.047669054635584095,31.207599229767865,31.330426001123932
2279,0.8775782159765178,33.42012303868341,0.047858183414252756,31.198040446646832,31.277997703884466
2280,0.8775782159765178,33.413738302905955,0.04571843827448882,31.18248043379866,30.880022189509788
2281,0.8775782159765178,33.407947598509985,0.0414648265364837,31.15381854971706,30.40830659008995
2282,0.8775782159765178,33.402926559330474,0.03595357393062324,31.118810670116307,29.84152861886358
2283,0.8775782159765178,33.39873332138118,0.030026033501987577,31.086737837186735,29.18889107380617
2284,0.8775782159765178,33.39487246511951,0.027645986433656938,31.00727255947282,28.829219170215065
2285,0.8775782159765178,33.3908954675919,0.028477625750057352,30.9031264125355,28.545062922211315
2286,0.8775782159765178,33.386455154075826,0.03179523890741793,30.80086283424463,28.357736173527787
2287,0.8775782159765178,33.381341393519854,0.03661751315602988,30.71520543788329,28.267004429163165
2288,0.8775782159765178,33.37548034908319,0.04196850232205684,30.646081048543852,28.2585539475487
2289,0.8775782159765178,33.36891022845633,0.04704590210234785,30.59138087673919,28.312183112001804
2290,0.8775782159765178,33.36133635159529,0.054233383156180634,30.58073778873968,28.7636450912234
2291,0.8775782159765178,33.35267273086264,0.062036585930215105,30.641414860514985,29.346341029026267
2292,0.8775782159765178,33.34302822450654,0.06906030004980804,30.728097795951182,30.029672064908695
2293,0.8775782159765178,33.33308236189977,0.07121818686375622,30.708206680055973,30.408468743611355
2294,0.8775782159765178,33.32345616361114,0.06892920359081522,30.666030696660894,30.632925213393243
2295,0.8775782159765178,33.31450450210505,0.06409912614788307,30.70749464546107,30.76915689618575
2296,0.8775782159765178,33.30648659363964,0.057412908856978064,30.771107729464656,30.832084034514743
2297,0.8775782159765178,33.299462886928005,0.05029384346459613,30.826378751519787,30.80591126537926
2298,0.8775782159765178,33.293327321565684,0.04393423253113183,30.86547787504949,30.711144097595213
2299,0.8775782159765178,33.28785178424965,0.03920804611636054,30.8851799928221,30.57977952426526
2300,0.8775782159765178,33.28274295104002,0.036582230477562656,30.880819962344535,30.44057660438347
2301,0.8775782159765178,33.27770004695539,0.036110139425339687,30.851226037590514,30.31845264655859
2302,0.8775782159765178,33.27254778396409,0.0368932130868973,30.84754219530656,30.179969496674026
2303,0.8775782159765178,33.26707953003662,0.039155892799126145,30.84033321724047,30.114972517989273
2304,0.8775782159765178,33.26113460609945,0.042569128550000015,30.7880678922048,30.066709663752523
2305,0.8775782159765178,33.254636675280544,0.04652898090245446,30.773252536379893,30.01538128031766
2306,0.8775782159765178,33.24757829514056,0.05054212546851408,30.897395328701858,29.977591729122995
2307,0.8775782159765178,33.24001421359155,0.054163242999545363,31.073216652326355,30.016056853802727
2308,0.8775782159765178,33.2320818384407,0.05680044035427979,31.208828831978877,30.069006190451404
2309,0.8775782159765178,33.22388387233126,0.058702226781943624,31.339240406271653,30.084953839523703
2310,0.8775782159765178,33.21560809169252,0.05925942427274138,31.465916726460883,30.11369149380575
2311,0.8775782159765178,33.207461483863156,0.05833447149196503,31.607130922178367,30.1135330232472
2312,0.8775782159765178,33.19952603346648,0.05682246091089822,31.690352571316538,30.119836035814128
2313,0.8775782159765178,33.191851752512456,0.054952335120453985,31.684771025139327,30.112550413782465
2314,0.8775782159765178,33.18444835060451,0.05301268289667555,31.613768882847566,30.094133233792792
2315,0.8775782159765178,33.17729131909991,0.05124852687376639,31.50946199393924,30.066925107073626
2316,0.8775782159765178,33.17033406518169,0.04981800264047731,31.39332778939333,30.032097426186137
2317,0.8775782159765178,33.163515914896,0.04882193936407854,31.27503452898553,29.996759858134986
2318,0.8775782159765178,33.15670579762237,0.04876441830469166,31.184198618057472,29.930566049405957
2319,0.8775782159765178,33.14983128430639,0.04922553158954265,31.135275175357183,29.906492701131693
2320,0.8775782159765178,33.14286020264225,0.04991701737986125,31.090590729218608,29.88969154271836
2321,0.8775782159765178,33.13572445788267,0.05109610134304289,31.1044235848684,29.83489831471232
2322,0.8775782159765178,33.128412761581856,0.0523560171732181,31.16893326457882,29.841198018760647
2323,0.8775782159765178,33.12095036824473,0.05343509599385265,31.23022060654737,29.859206112605843
2324,0.8775782159765178,33.11337948220054,0.05421196716032431,31.255864566194088,29.884252873561717
2325,0.8775782159765178,33.10576207832446,0.054545062013372655,31.254997262507842,29.9114147364503
2326,0.8775782159765178,33.09826425197825,0.05368881703971117,31.277819355691154,29.87290761351574
2327,0.8775782159765178,33.09098445614443,0.05212759119259126,31.34354143384591,29.836225891573346
2328,0.8775782159765178,33.08391468987386,0.05062365681564206,31.33405482181752,29.818242214029077
2329,0.8775782159765178,33.076645245347095,0.05205346978656112,31.268799144216405,30.129250432158532
2330,0.8775782159765178,33.069269257035344,0.052816385532354904,31.153609115553756,30.195188442226186
2331,0.8775782159765178,33.061914812115276,0.05266212226181077,31.037163480167585,30.225179931347856
2332,0.8775782159765178,33.054618468880435,0.052246080251228455,31.03212218386584,30.198139363668734
2333,0.8775782159765178,33.04739411249659,0.051730612341741554,31.046989768184908,30.210086708893492
2334,0.8775782159765178,33.040236969602915,0.051249324484482925,31.016902037082065,30.2144812849381
2335,0.8775782159765178,33.03313626155553,0.05084521801451909,30.952670990252216,30.210246696375055
2336,0.8775782159765178,33.02568586566301,0.05334918728135207,30.918399636777938,30.535315392173672
2337,0.8775782159765178,33.017986529851285,0.055131742539148404,30.88372992595348,30.622074325496214
2338,0.8775782159765178,33.01016318614496,0.05601971151267818,30.841308136337496,30.708998085132933
2339,0.8775782159765178,33.00234442570443,0.05598689265200828,30.782489396332434,30.78192498677735
2340,0.8775782159765178,32.99465024607465,0.05509482126406117,30.702784286567432,30.82967257821155
2341,0.8775782159765178,32.98717090667587,0.053556439695568905,30.592658779875883,30.85048400393902
2342,0.8775782159765178,32.97996275258619,0.051614594449731634,30.46269002153474,30.846546941367098
2343,0.8775782159765178,32.97299311235582,0.049906695871929974,30.338382070576966,30.7890826345238
2344,0.8775782159765178,32.96619525489311,0.048676630896082825,30.277656739459623,30.73556750263135
2345,0.8775782159765178,32.95952547071335,0.04775955136678231,30.228610082229398,30.69142069588577
2346,0.8775782159765178,32.9533268118361,0.0443860189587364,30.140708952957294,30.313312379380616
2347,0.8775782159765178,32.9478227192443,0.039412518573292026,30.02949129232741,29.833923230736914
2348,0.8775782159765178,32.94306235902575,0.03408696027568275,29.94935410523218,29.23081450946357
2349,0.8775782159765178,32.93907329381367,0.028564037421170058,29.89530830287271,28.585869592974845
2350,0.8775782159765178,32.93578692700392,0.023532306328146745,29.83198260750017,27.89365219550343
2351,0.8775782159765178,32.93306911524866,0.019461119975223633,29.74580110442935,27.1767879865648
2352,0.8775782159765178,32.93033686201098,0.019564529426168212,29.577873794391184,26.789751888517984
2353,0.8775782159765178,32.92713189255164,0.0229494537450216,29.38104326301257,26.515460255919475
2354,0.8775782159765178,32.92315076937382,0.028507167815917375,29.19796300199454,26.365013570316805
2355,0.8775782159765178,32.918264602199564,0.034987811577818634,29.048387334783797,26.323768700566916
2356,0.8775782159765178,32.912438772523124,0.04171634406560829,28.965316393300295,26.332222339375903
2357,0.8775782159765178,32.905829696500376,0.04732484549550851,28.938414650207516,26.430343774383307
2358,0.8775782159765178,32.898691346541504,0.051114756091927914,28.92292784677986,26.555657742277564
2359,0.8775782159765178,32.89139287380585,0.052261328721266105,28.93539809416746,26.64130450724674
2360,0.8775782159765178,32.884224695897736,0.05132834163475981,28.93501032897044,26.728755077469895
2361,0.8775782159765178,32.877467181267576,0.04838775264572865,28.887234300837832,26.760232217773027
2362,0.8775782159765178,32.8712541667146,0.044488813983798045,28.8487618097633,26.7538093830473
2363,0.8775782159765178,32.865577733371005,0.04064657904171376,28.777225448232194,26.729811945699527
2364,0.8775782159765178,32.86036054430797,0.03735812169197221,28.670424321288966,26.684140912288647
2365,0.8775782159765178,32.85547060625832,0.035014813248578525,28.553174931634853,26.626963074083392
2366,0.8775782159765178,32.85075332785822,0.033778469286017486,28.44593344920127,26.565488082495055
2367,0.8775782159765178,32.84566571381372,0.03643028885854224,28.362994725489905,26.838047386302637
2368,0.8775782159765178,32.83980088175997,0.04199562387320803,28.322487201543986,27.22542774369582
2369,0.8775782159765178,32.832955758874675,0.04901507893536582,28.329148510015745,27.72495734667239
2370,0.8775782159765178,32.82504105142624,0.05667392928298766,28.372037462881565,28.320929223278757
2371,0.8775782159765178,32.81664483319541,0.06378324710721327,28.450039480643817,28.956557085504084
2372,0.8775782159765178,32.80738337521722,0.07035618257598897,28.625484352670462,29.594855391086703
2373,0.8775782159765178,32.7978802069201,0.07219237460627895,28.82889271198122,29.893974456384445
2374,0.8775782159765178,32.78861371102742,0.07039445391860656,28.999737020636278,30.145644322753633
2375,0.8775782159765178,32.7799615460662,0.06572758836917623,29.07747459896288,30.285603926954188
2376,0.8775782159765178,32.77215982758553,0.05926703237490647,29.083806191348632,30.317086709471912
2377,0.8775782159765178,32.76527626704332,0.052292095199387635,29.054723482116174,30.265812476189037
2378,0.8775782159765178,32.75922440245222,0.045973980673356084,29.00979479013758,30.16124414509588
2379,0.8775782159765178,32.753797377226036,0.04122728608784782,28.955158553339356,30.037614574433892
2380,0.8775782159765178,32.748721909168275,0.03855662447222748,28.890649285442226,29.922948156106685
2381,0.8775782159765178,32.74371659552834,0.038023684945845695,28.815673943665622,29.835823985189993
2382,0.8775782159765178,32.738540969440756,0.039317491351827626,28.733195329852727,29.78908547297337
2383,0.8775782159765178,32.73309671756347,0.041358151164731696,28.686190911301416,29.735461753894256
2384,0.8775782159765178,32.72728276294914,0.04416665856476001,28.680144679480893,29.73710041272711
2385,0.8775782159765178,32.721099907773244,0.04696907210723906,28.635149605586303,29.767157840389867
2386,0.8775782159765178,32.71462919583919,0.04915582312211889,28.547677402567214,29.80741866570527
2387,0.8775782159765178,32.70807952358724,0.04975565811088249,28.49581209569897,29.791535209063916
2388,0.8775782159765178,32.70155685002058,0.04955055817558831,28.45891957255698,29.802709625425972
2389,0.8775782159765178,32.69549771935117,0.04602917862744612,28.355855604751657,29.48579755213777
2390,0.8775782159765178,32.69022365043189,0.04006532844794786,28.22666331134156,29.062533340054998
2391,0.8775782159765178,32.685918028595175,0.03270836155178014,28.117524095476277,28.533993984507283
2392,0.8775782159765178,32.6822662689616,0.027741190221673033,28.011362105264407,28.238942945710818
2393,0.8775782159765178,32.678920807424696,0.025414346558236846,27.9058936982903,27.980678694329427
2394,0.8775782159765178,32.67555224646125,0.025589825135475704,27.80612160100283,27.784402164568426
2395,0.8775782159765178,32.671892139045255,0.027804605518239874,27.71576670801121,27.659892480263395
2396,0.8775782159765178,32.667760103578786,0.031389684256502653,27.637830321583916,27.604717568382032
2397,0.8775782159765178,32.66308207321819,0.03553742390453858,27.573532886733787,27.606048313999818
2398,0.8775782159765178,32.657880565869334,0.03951410259252419,27.522476903732805,27.64929120549424
2399,0.8775782159765178,32.652255971823564,0.042728149987985624,27.482132146181858,27.717277494702728
2400,0.8775782159765178,32.6463596215436,0.04479259073536313,27.44873630828352,27.793193654207904
2401,0.8775782159765178,32.64036449071205,0.04554299337584582,27.41886294073195,27.863011180937693
2402,0.8775782159765178,32.63449381550907,0.04459754580726441,27.418478785179435,27.872300591840478
2403,0.8775782159765178,32.628868406989675,0.042734337270369245,27.454981530435656,27.886007865137742
2404,0.8775782159765178,32.623540025840846,0.04047792019614467,27.450598739831364,27.882601611542412
2405,0.8775782159765178,32.618523635789906,0.038107828716320374,27.406233951170545,27.85713674980702
2406,0.8775782159765178,32.61380013765387,0.03588282730846199,27.350373957595465,27.810630428544172
2407,0.8775782159765178,32.609313007549254,0.0340872188403394,27.304787200016612,27.754209275970513
2408,0.8775782159765178,32.604980184936906,0.03291499669927487,27.275698006563715,27.69470392156801
2409,0.8775782159765178,32.60071186150992,0.032425018072797344,27.25928919363135,27.638827590594243
2410,0.8775782159765178,32.596422236411186,0.03258683971127131,27.24925267862169,27.591856774220595
2411,0.8775782159765178,32.59204649218105,0.03324105779963513,27.241105044074956,27.556847032722786
2412,0.8775782159765178,32.58754200173653,0.03421909950598867,27.23303723756982,27.53464654617751
2413,0.8775782159765178,32.5829329613419,0.03501333032736041,27.225091450612876,27.521298940851082
2414,0.8775782159765178,32.57823793757753,0.03566651708012062,27.223810466130153,27.491647448089346
2415,0.8775782159765178,32.57352181620089,0.035826788547419136,27.27486509224534,27.457428542907245
2416,0.8775782159765178,32.56886530113057,0.03537397947780119,27.339737612828955,27.39986964946311
2417,0.8775782159765178,32.564617572750315,0.03226856442670772,27.38978192040496,27.06152363876502
2418,0.8775782159765178,32.56108962455629,0.026800636340580292,27.43410975771362,26.59748867881723
2419,0.8775782159765178,32.558412279006006,0.02033889402709402,27.50270267599172,26.075134283546955
2420,0.8775782159765178,32.55624070208303,0.016496739803872035,27.501367058090413,25.796766579830628
2421,0.8775782159765178,32.55423091644052,0.015267665840045512,27.452976886976924,25.563511893255527
2422,0.8775782159765178,32.55207576075053,0.016371993217706278,27.39628439170017,25.39219498674401
2423,0.8775782159765178,32.54961472714163,0.018695644932044474,27.409712022026284,25.24113943447011
2424,0.8775782159765178,32.54668570037304,0.022250831627862514,27.458792194705104,25.184324336021877
2425,0.8775782159765178,32.54323026089636,0.026249811992176596,27.486328513626024,25.182453004181014
2426,0.8775782159765178,32.539287179225816,0.029954265794640007,27.49145535986814,25.216046675921326
2427,0.8775782159765178,32.5349665861789,0.0328220928024087,27.48989062056761,25.267035883801988
2428,0.8775782159765178,32.53041630343842,0.034566968183047116,27.493233748575957,25.32203845797828
2429,0.8775782159765178,32.52583558948795,0.03479814385454909,27.516760686106778,25.335776601877633
2430,0.8775782159765178,32.521387131844605,0.03379343715351923,27.59015388686915,25.344801400976174
2431,0.8775782159765178,32.517146154643434,0.03221727798902536,27.637780365301904,25.34973316384924
2432,0.8775782159765178,32.51314002235509,0.030433240140605698,27.644921313584994,25.34262127082893
2433,0.8775782159765178,32.509358014127734,0.028730644999223207,27.63287390362785,25.32527088120021
2434,0.8775782159765178,32.50576337234926,0.02730728507952971,27.62355806646761,25.293978322002907
2435,0.8775782159765178,32.50235199803546,0.025915063764471676,27.671213508350096,25.22969782865967
2436,0.8775782159765178,32.499023523117486,0.025285304924856193,27.725165326272386,25.194924964782658
2437,0.8775782159765178,32.49568824912405,0.025336955215499845,27.742175614284488,25.1706416890712
2438,0.8775782159765178,32.49227613748156,0.025920665002617093,27.730520424943858,25.157162964352416
2439,0.8775782159765178,32.48874378418479,0.0268341004252674,27.71113450713498,25.15293643971865
2440,0.8775782159765178,32.485075724248674,0.02786501813990675,27.699209077920262,25.155621960402662
2441,0.8775782159765178,32.48129296780657,0.02873632893527709,27.698634870114763,25.150692642115047
2442,0.8775782159765178,32.47747264357359,0.029021718812288894,27.74992390258633,25.1254522057553
2443,0.8775782159765178,32.473622597092394,0.029247508739437485,27.795281860558422,25.123992292474227
2444,0.8775782159765178,32.469753997941886,0.02938844713084694,27.801451324080084,25.12498893073431
2445,0.8775782159765178,32.465549906342574,0.031937070472414376,27.75489708763194,25.429967408890374
2446,0.8775782159765178,32.46077485759546,0.03627443996963754,27.705947286334478,25.823806098821308
2447,0.8775782159765178,32.45530100954174,0.04158298336691329,27.683133094352804,26.29673403983384
2448,0.8775782159765178,32.44909620902097,0.04713578351427391,27.688191537585414,26.836317477415687
2449,0.8775782159765178,32.44221380073737,0.05228334187812969,27.71283106953106,27.424301087171745
2450,0.8775782159765178,32.43508999143015,0.05411718429608598,27.69820131013015,27.736724515604436
2451,0.8775782159765178,32.42811812574889,0.052962919652578086,27.66043510401703,27.972294802454623
2452,0.8775782159765178,32.42160448415559,0.04948194531056974,27.61904702423672,28.11647151692445
2453,0.8775782159765178,32.41574343856705,0.04452439286383543,27.587033831073114,28.169096795526347
2454,0.8775782159765178,32.410639427781206,0.03877345398149267,27.5817538656109,28.11594676298634
2455,0.8775782159765178,32.40625673872374,0.033293815317992054,27.6422640373732,28.022421562491168
2456,0.8775782159765178,32.40247646616883,0.02871745967928697,27.7119421274141,27.87068108768337
2457,0.8775782159765178,32.39906267871119,0.02593339560693744,27.765254118589098,27.747847034607386
2458,0.8775782159765178,32.39574349348546,0.025214734256113536,27.73672883594302,27.6546569328023
2459,0.8775782159765178,32.39228230885338,0.026293456006349223,27.654471344690563,27.59650853407331
2460,0.8775782159765178,32.388512614547,0.02863710028167936,27.56513234687965,27.571675985208714
2461,0.8775782159765178,32.38435104823436,0.03161402016644595,27.49830971404248,27.575760370928386
2462,0.8775782159765178,32.37979162700387,0.03463639021940839,27.45806757641275,27.59896270428922
2463,0.8775782159765178,32.374958822679076,0.03671318967592535,27.489233957101938,27.59675603873106
2464,0.8775782159765178,32.36992060678593,0.0382736323016749,27.524466074128494,27.631796124463055
2465,0.8775782159765178,32.36477443350755,0.03909374826241839,27.509486323520573,27.666496848747762
2466,0.8775782159765178,32.35962562607941,0.03911375901238649,27.458708752752237,27.692518151816362
2467,0.8775782159765178,32.35456796006185,0.038421388357843964,27.400207283631296,27.70282296125133
2468,0.8775782159765178,32.34967536454259,0.037167403278638204,27.352240847953762,27.69426356331849
2469,0.8775782159765178,32.34498412679731,0.035637755965768875,27.3194408943174,27.67170234688722
2470,0.8775782159765178,32.34049148711258,0.03412907326803067,27.29823065123502,27.63988633683715
2471,0.8775782159765178,32.33616305490396,0.03288164427826599,27.283382508852643,27.60467171649051
2472,0.8775782159765178,32.33194344389259,0.03205496622830576,27.271074819272563,27.570680521185743
2473,0.8775782159765178,32.32777583270009,0.031659941086702136,27.259742178298417,27.53819536144279
2474,0.8775782159765178,32.32360018387164,0.03172100030455757,27.24926012905423,27.513504832185287
2475,0.8775782159765178,32.31936640060617,0.03216262807799841,27.23556399855244,27.497245911711786
2476,0.8775782159765178,32.31503624828287,0.03289471141123929,27.219426442018033,27.488926904523705
2477,0.8775782159765178,32.31059475967848,0.03374049570760752,27.20536446717101,27.48790433945077
2478,0.8775782159765178,32.30604233192465,0.034583263128398906,27.192775980248033,27.4935436647042
2479,0.8775782159765178,32.301395824887756,0.03529795181257841,27.18243567454422,27.50315564097514
2480,0.8775782159765178,32.296711002774686,0.03558901856475064,27.18263615139823,27.488835060037395
2481,0.8775782159765178,32.29206315816638,0.0353081128930337,27.24614438585238,27.467446163436417
2482,0.8775782159765178,32.28745379881047,0.03501575336908045,27.289046566019348,27.46399606231892
2483,0.8775782159765178,32.28288475563147,0.03470948492726425,27.28098287797893,27.46182485108377
2484,0.8775782159765178,32.278357318617886,0.03439341687662859,27.24248324135143,27.45871242783752
2485,0.8775782159765178,32.27386569629743,0.03412134469370046,27.20019342264315,27.453243519297107
2486,0.8775782159765178,32.269402958086204,0.0339019218267016,27.169249001291735,27.445335397949677
2487,0.8775782159765178,32.264958737623594,0.033761248716065374,27.152554017420655,27.436045435819555
2488,0.8775782159765178,32.2605239189821,0.0336898262419248,27.14856619160961,27.42553362072142
2489,0.8775782159765178,32.25611055369542,0.033526852317976884,27.154450453136434,27.39609848415102
2490,0.8775782159765178,32.25181589574331,0.03262507260648573,27.243765376395984,27.300363884336953
2491,0.8775782159765178,32.24758301920574,0.03215573997097159,27.3549644465145,27.261596384903513
2492,0.8775782159765178,32.243343980506275,0.032202551843193865,27.3729331177069,27.23872270925823
2493,0.8775782159765178,32.23904296584807,0.03267336236548875,27.310053341410907,27.227543553966388
2494,0.8775782159765178,32.234644134375884,0.033416443815555745,27.22311352926283,27.224923915447558
2495,0.8775782159765178,32.23016313179517,0.034040670101301594,27.163161353487876,27.19905099093523
2496,0.8775782159765178,32.225602123885885,0.034648443684789046,27.216628960151382,27.129618782014898
2497,0.8775782159765178,32.2209395104005,0.03542030708675268,27.33465795596941,27.097276154552866
2498,0.8775782159765178,32.216259485819315,0.03555257332799885,27.488284235328443,27.038812098526936
2499,0.8775782159765178,32.21155597091848,0.035731021388945156,27.599116033784664,27.019019351307346
2500,0.8775782159765178,32.20682800861758,0.03591674006813433,27.629109177226123,27.00460973335225
2501,0.8775782159765178,32.20207803114669,0.036083981912951674,27.607511087299187,26.99193432981789
2502,0.8775782159765178,32.19730929277112,0.036226502198598465,27.49543957270637,26.979664960908583
2503,0.8775782159765178,32.19253160380853,0.03629449679900637,27.33433116543864,26.96685315998993
2504,0.8775782159765178,32.18780394444801,0.03591443873184007,26.90336740691727,26.96016080024206
2505,0.8775782159765178,32.183172917404235,0.03518035550919555,26.48248302091034,26.960266619466704
2506,0.8775782159765178,32.178655776523705,0.034315200615368475,26.21990503825434,26.955793597209993
2507,0.8775782159765178,32.174251692236744,0.03345634768341171,26.1065836648222,26.9458789112999
2508,0.8775782159765178,32.169940147002194,0.032753359613664684,26.070090049879212,26.93386439538023
2509,0.8775782159765178,32.16569349326515,0.03226040072346346,26.050250232423064,26.923009904638395
2510,0.8775782159765178,32.16147691813889,0.03203190362976439,26.028332893290262,26.91168355674551
2511,0.8775782159765178,32.157271345902814,0.03194831837219406,26.04269666497046,26.887657137783595
2512,0.8775782159765178,32.15305958986758,0.03199529461531465,26.041341546355188,26.874413771222223
2513,0.8775782159765178,32.148897750396635,0.03161609525845341,26.050952909504026,26.816674257415812
2514,0.8775782159765178,32.14475582897303,0.0314647845491009,26.05763403427909,26.795634589750396
2515,0.8775782159765178,32.140601026543806,0.031562637218288045,26.009607698213742,26.781657396919766
2516,0.8775782159765178,32.13640847492235,0.03184940514038917,25.929977148733084,26.773259864650477
2517,0.8775782159765178,32.13221061188665,0.031889754168734144,25.87608770163662,26.728197162899164
2518,0.8775782159765178,32.128010742451636,0.031904996109726066,25.893283736790924,26.70541305656186
2519,0.8775782159765178,32.123785398587856,0.03209851678068605,25.891864106245905,26.69334539603864
2520,0.8775782159765178,32.11952350015135,0.03237620958010633,25.85356772693478,26.68838317165537
2521,0.8775782159765178,32.115292740878395,0.03213965582346342,25.840210190168893,26.63472572475816
2522,0.8775782159765178,32.11108110474619,0.03199438375242796,25.842544830247938,26.619911035921067
2523,0.8775782159765178,32.10686922811264,0.03199621076028012,25.78880552102802,26.612382702680918
2524,0.8775782159765178,32.10264783364686,0.032068514531832806,25.691304539470796,26.60749314304849
2525,0.8775782159765178,32.098415617082416,0.03215072637707254,25.58244036314117,26.60253560649808
2526,0.8775782159765178,32.09417611768016,0.03220605164730754,25.483789314507465,26.595343236150445
2527,0.8775782159765178,32.0899435568353,0.0321533417597188,25.401119957973915,26.57917471662181
2528,0.8775782159765178,32.085731926715816,0.03199433807573008,25.331173594862587,26.557469977325137
2529,0.8775782159765178,32.08154678836983,0.03179308897900294,25.26786133322403,26.53410572209597
2530,0.8775782159765178,32.0773859812402,0.03160825290835497,25.20402856338098,26.508191410499382
2531,0.8775782159765178,32.073304777596064,0.031003531991700466,25.185670499735835,26.434531817428958
2532,0.8775782159765178,32.06924160107509,0.03086658599781195,25.17094454036513,26.40641194016775
2533,0.8775782159765178,32.065140007754074,0.031158425511888143,25.103884212744198,26.393472148445692
2534,0.8775782159765178,32.0609570897039,0.03177622213828895,25.00414193092588,26.394008980476773
2535,0.8775782159765178,32.05667537322513,0.03252676058425761,24.906413440783286,26.40222318835554
2536,0.8775782159765178,32.05230358635607,0.03321099505797184,24.83019434141196,26.413825995345135
2537,0.8775782159765178,32.04787315203459,0.033656520036791704,24.77492665006579,26.424962156235193
2538,0.8775782159765178,32.04343159315007,0.03374102960222103,24.73039326755516,26.43168704106459
2539,0.8775782159765178,32.03902607406039,0.03346724739728319,24.688218560524486,26.43323098984582
2540,0.8775782159765178,32.03466780624669,0.03310829533933436,24.645641482293563,26.43050445522085
2541,0.8775782159765178,32.03040351407929,0.03239439394895999,24.60439178322984,26.42379905275462
2542,0.8775782159765178,32.0262505939137,0.031548338294193234,24.569958250103408,26.414398407710635
2543,0.8775782159765178,32.02220401155977,0.03074052568950692,24.54657953660708,26.403947996895806
2544,0.8775782159765178,32.01824514457708,0.030074181504107116,24.533651940242798,26.394123691150313
2545,0.8775782159765178,32.01432232522206,0.029800339795740538,24.52680359761091,26.386454036683872
2546,0.8775782159765178,32.01043492112896,0.029531301957526655,24.521209557088053,26.38055546892844
2547,0.8775782159765178,32.00657921634952,0.02929049292889299,24.51515357234273,26.37206750132712
2548,0.8775782159765178,32.00282709297811,0.028503619796045217,24.563417187864406,26.307585610325585
2549,0.8775782159765178,31.99917879339332,0.02771490539432778,24.64069142406335,26.249331243660528
2550,0.8775782159765178,31.995671579802046,0.026643122534403964,24.803821125810835,26.159329684505792
2551,0.8775782159765178,31.992240575576904,0.026064185601429694,24.887272355945726,26.12335721629502
2552,0.8775782159765178,31.988831783388154,0.025895448228440178,24.85195580997594,26.09961268000339
2553,0.8775782159765178,31.985407165359817,0.02601567181133186,24.764708478764298,26.083864918012154
2554,0.8775782159765178,31.98191811241016,0.02650516224570649,24.68994678874815,26.0722690444175
2555,0.8775782159765178,31.97831339388814,0.027383834712358897,24.708702771713142,26.0122391327389
2556,0.8775782159765178,31.974624771705333,0.028021222615124932,24.809877988957975,25.995414957921493
2557,0.8775782159765178,31.970886310918953,0.02839982973084525,24.93370074553875,25.980673511307153
2558,0.8775782159765178,31.967143433771486,0.0284333793411314,25.053225169452638,25.950486442681733
2559,0.8775782159765178,31.963450351681523,0.028055103030400534,25.219210040278004,25.8959769756788
2560,0.8775782159765178,31.96009656701043,0.02547757461024443,25.368554123124145,25.588875478946463
2561,0.8775782159765178,31.9572903945511,0.02131754874380959,25.472993139375376,25.2108032835888
2562,0.8775782159765178,31.954842897235263,0.018592814264595834,25.51557831049662,25.040285378166075
2563,0.8775782159765178,31.952584590970766,0.01715559345315571,25.531132730122405,24.882066856973005
2564,0.8775782159765178,31.95035441301171,0.016941912173302702,25.547526449935223,24.757761681126137
2565,0.8775782159765178,31.948015341971196,0.017769136303684704,25.57615921420898,24.67260742581404
2566,0.8775782159765178,31.94576059946031,0.017128520815083044,25.670262749647954,24.344227662664508
2567,0.8775782159765178,31.943769759916698,0.01512373869638919,25.806091954262406,23.96873594528805
2568,0.8775782159765178,31.942156541702854,0.01225507640974152,25.970160319876012,23.54332330235007
2569,0.8775782159765178,31.9410310326757,0.008550113685367677,26.155980324821666,23.07102937368889
2570,0.8775782159765178,31.940123163757228,0.006896774949739881,26.257263443488743,22.83491816700493
2571,0.8775782159765178,31.9392136245606,0.006909463491531821,26.309319260130685,22.653673959998535
2572,0.8775782159765178,31.93807959993867,0.008614803795943782,26.346541726431624,22.50476680766209
2573,0.8775782159765178,31.93655979881671,0.011545418169322266,26.427572266858895,22.42964214527738
2574,0.8775782159765178,31.93459919879033,0.014894019250370523,26.519447685514493,22.420132560943795
2575,0.8775782159765178,31.932214520364766,0.01811560027477004,26.59633005016451,22.445841414354504
2576,0.8775782159765178,31.929480667408622,0.020768161791701982,26.650489023997196,22.491022658269227
2577,0.8775782159765178,31.92651227916143,0.022549847547523746,26.682631677977756,22.54095955711583
2578,0.8775782159765178,31.923409596774583,0.023570034977023167,26.70513752214432,22.559088429660985
2579,0.8775782159765178,31.92025937807263,0.02393115238123572,26.756103663483014,22.577527332174032
2580,0.8775782159765178,31.91721126132753,0.02315551814156963,26.833117514261435,22.55240843281111
2581,0.8775782159765178,31.91429980603796,0.022117347009257597,26.91475568277338,22.541777148355777
2582,0.8775782159765178,31.911558599698797,0.02082402297026218,26.941204343853187,22.524802006014614
2583,0.8775782159765178,31.908979791107352,0.01959034187864865,26.9160660751399,22.502628675553
2584,0.8775782159765178,31.90652283087332,0.018664700872670994,26.862719640225663,22.473027788714738
2585,0.8775782159765178,31.904071548475148,0.018621568262612527,26.844462096833542,22.40699044484137
2586,0.8775782159765178,31.9016106199298,0.018694846799472226,26.88047224957507,22.347741807015357
2587,0.9214571267753436,31.89872010844666,0.020912613288535668,26.869556855073867,22.58480637669469
2588,0.9214571267753436,31.895513049762545,0.023202806301305116,26.85623358436993,22.64971230348274
2589,0.9214571267753436,31.892028777665697,0.025208422584891546,26.809331671084244,22.7237185368214
2590,0.9214571267753436,31.888344895995953,0.026652581458203203,26.73746399410821,22.789445599142695
2591,0.9214571267753436,31.88455399177116,0.02742688085817727,26.656695974835536,22.842282529896906
2592,0.9214571267753436,31.880747132807087,0.02754231208696323,26.5767333419947,22.877657956311932
2593,0.9214571267753436,31.87700677208489,0.0270612027662635,26.50008713649166,22.887924705167272
2594,0.9214571267753436,31.873446357676524,0.025759305957963167,26.46572267088548,22.846743725760295
2595,0.9214571267753436,31.870083271733954,0.024331650707214974,26.431742810854665,22.82307707638451
2596,0.9214571267753436,31.8668901864827,0.023101709661636594,26.358979175656998,22.796208224109144
2597,0.9214571267753436,31.863811904659013,0.02227111628782268,26.25706596374731,22.769004999982307
2598,0.9214571267753436,31.8607809968843,0.021928368932408012,26.14663194545377,22.743718344193926
2599,0.9214571267753436,31.857732616029516,0.022054785232449334,26.041639605021075,22.72214928164
2600,0.9214571267753436,31.85461451827943,0.022559181246612565,25.946722730112825,22.705739796266275
2601,0.9214571267753436,31.85139323343712,0.02330573138783464,25.860588562932765,22.695300491218376
2602,0.9214571267753436,31.84805561723856,0.024147379200353862,25.780116635588538,22.690852213825796
2603,0.9214571267753436,31.84459575360962,0.025031829323405145,25.70382566428437,22.681181665871254
2604,0.9214571267753436,31.84097837517286,0.0261714360270251,25.673113481062266,22.653320235375528
2605,0.9214571267753436,31.837239842051076,0.027047980227201892,25.671899442337054,22.658264489857935
2606,0.9214571267753436,31.83342362642908,0.02761000673894232,25.672893863316926,22.662112205012203
2607,0.9214571267753436,31.82955758292809,0.02797050735297971,25.649885390770926,22.665208902997538
2608,0.9214571267753436,31.82565529471858,0.02823273484366155,25.60370609296477,22.66775786277622
2609,0.9214571267753436,31.821728873458696,0.028407335482039345,25.55435746641064,22.6680217463626
2610,0.9214571267753436,31.817789520186327,0.028500897530656717,25.50566331378319,22.66515268616697
2611,0.9214571267753436,31.813847618093895,0.028519338034577284,25.456094257553374,22.65938323665149
2612,0.9214571267753436,31.809911850169264,0.02847495783415318,25.403526461511856,22.6492294927377
2613,0.9214571267753436,31.80598962361741,0.028376987113697846,25.347542111778683,22.63486745525846
2614,0.9214571267753436,31.802082820435185,0.028265400300625045,25.28886452075815,22.619785064014337
2615,0.9214571267753436,31.79819344532659,0.02813930961859888,25.226324270962415,22.605193187544206
2616,0.9214571267753436,31.794326766265204,0.02797510558025109,25.16311852345383,22.58369749406644
2617,0.9214571267753436,31.79053840611513,0.02740847468648906,25.14521799690289,22.530297224542878
2618,0.9214571267753436,31.786812526346107,0.026956434258715516,25.126117345731217,22.508520663713224
2619,0.9214571267753436,31.783133392406025,0.026618232023878106,25.065190233752027,22.470659659793885
2620,0.9214571267753436,31.779494500749514,0.0263270824058215,25.022999166940696,22.43060461724732
2621,0.9214571267753436,31.775832960924152,0.02649094004823178,24.96591769757277,22.414158342302336
2622,0.9214571267753436,31.772112205344182,0.02691936117155788,24.87954898621404,22.398062153785183
2623,0.9214571267753436,31.76834743588596,0.027237797967490717,24.785895899542854,22.373632560087056
2624,0.9214571267753436,31.764533574936515,0.027592970876461263,24.731958126543773,22.364654038517703
2625,0.9214571267753436,31.760678480006746,0.027891295338936088,24.706704147341636,22.358205669108877
2626,0.9214571267753436,31.75680379956779,0.028032994890165256,24.698198324825285,22.348353297915928
2627,0.9214571267753436,31.752931462130967,0.02801604346203059,24.696127383821764,22.338011378267993
2628,0.9214571267753436,31.749025203562926,0.02826146006178772,24.72270425613993,22.281086258753657
2629,0.9214571267753436,31.74509444841345,0.028438690817280347,24.784769997726137,22.26184979626827
2630,0.9214571267753436,31.741150366871846,0.02853510617046377,24.84525935172912,22.2464733586201
2631,0.9214571267753436,31.73719534112885,0.028614286569054393,24.88573837394053,22.23230633242953
2632,0.9214571267753436,31.73322722718262,0.028708978645033887,24.900939993035045,22.216781522317135
2633,0.9214571267753436,31.7292434450722,0.02882233652660099,24.900810647583757,22.203385999111408
2634,0.9214571267753436,31.725239252574298,0.028970004004534294,24.889859935770485,22.193176714405944
2635,0.9214571267753436,31.72123729706615,0.028953819567352653,24.876190698381734,22.162040194451084
2636,0.9214571267753436,31.71727578126511,0.028661241606188312,24.903572541615514,22.120686734867977
2637,0.9214571267753436,31.71332582399867,0.028577616557197854,24.910916200523307,22.10197803475886
2638,0.9214571267753436,31.709370409995973,0.028617095596109962,24.875187598347587,22.08771275849499
2639,0.9214571267753436,31.705400587661714,0.028721338692128,24.81208848617611,22.07672990398296
2640,0.9214571267753436,31.701412705206025,0.028852002188108336,24.74242341747651,22.066799657861953
2641,0.9214571267753436,31.697409596290193,0.028962164377186846,24.68033091576435,22.056066033950476
2642,0.9214571267753436,31.693398195876945,0.029022152680368812,24.63020561476203,22.04367530230738
2643,0.9214571267753436,31.68938942836772,0.029003103835835757,24.590972751801832,22.0281510531966
2644,0.9214571267753436,31.68540762596802,0.02880801348215281,24.561944714373432,22.003865551508177
2645,0.9214571267753436,31.68147226836255,0.02847198920858658,24.544846784972364,21.97604700835263
2646,0.9214571267753436,31.677590197707964,0.02808646249359521,24.531896325741275,21.947934531037248
2647,0.9214571267753436,31.673760451082703,0.02770790243688118,24.518535086994465,21.921662355199327
2648,0.9214571267753436,31.669976117395244,0.027379343559833947,24.504885878954376,21.897915771628472
2649,0.9214571267753436,31.666221843712883,0.02716186189081352,24.490572056099982,21.87901650939346
2650,0.9214571267753436,31.662470217151625,0.027142710186868344,24.47088010722718,21.866411390984112
2651,0.9214571267753436,31.658700705174972,0.027272109698979977,24.4603551125274,21.859609424703
2652,0.9214571267753436,31.65490181112957,0.027484686554418644,24.46313824832255,21.85770261079694
2653,0.9214571267753436,31.651073477671748,0.02769767828634763,24.47725398476229,21.859708114976296
2654,0.9214571267753436,31.647224982957916,0.02784354331857787,24.49776676567544,21.86435000804601
2655,0.9214571267753436,31.64337224905542,0.02787421350053379,24.519890524259313,21.869949166949233
2656,0.9214571267753436,31.639535749440604,0.02775675976186953,24.5412511211816,21.87471484023871
2657,0.9214571267753436,31.635988941717077,0.02566086271028449,24.573716840766583,21.623214962649488
2658,0.9214571267753436,31.632700004415458,0.023795191377063415,24.605551758498272,21.54363126718779
2659,0.9214571267753436,31.629608378343963,0.022367660825216903,24.63530161708427,21.463464277832465
2660,0.9214571267753436,31.62663952943707,0.021479378118416017,24.66398917157393,21.390135369504062
2661,0.9214571267753436,31.623716264194016,0.021149584052735086,24.692194463232457,21.330124566444983
2662,0.9214571267753436,31.62076909371317,0.0213225364855955,24.719897151379016,21.286573533766052
2663,0.9214571267753436,31.61774507022307,0.02187856169845806,24.746953821152058,21.259235044316476
2664,0.9214571267753436,31.614613868342754,0.022653988553084328,24.77374672720056,21.24597340330423
2665,0.9214571267753436,31.61136871562996,0.023478413471441206,24.80161672261523,21.243549205273094
2666,0.9214571267753436,31.608022938403447,0.02420642356756214,24.830216942670475,21.24817665399023
2667,0.9214571267753436,31.604604698172846,0.02473068745343955,24.858657414847315,21.256145879572912
2668,0.9214571267753436,31.60120610572494,0.024588537358513563,24.913251335528486,21.21957573965889
2669,0.9214571267753436,31.597857620519488,0.024226015572921866,24.98569273145318,21.20830220425119
2670,0.9214571267753436,31.594571219752975,0.023776839753895995,25.024635644553275,21.199652513668532
2671,0.9214571267753436,31.591351133328075,0.023297060936330712,25.034215918560292,21.190910482357413
2672,0.9214571267753436,31.588194769412723,0.022836033810843242,25.035250105203193,21.180695792053612
2673,0.9214571267753436,31.58509760430546,0.022407735294248745,25.0429024002063,21.16645461043767
2674,0.9214571267753436,31.582053783995683,0.022021790063694497,25.060673747533663,21.1490471664508
2675,0.9214571267753436,31.57905523700393,0.021694241324390084,25.086322731396237,21.129841428482845
2676,0.9214571267753436,31.576091687686443,0.021441036024205128,25.116085955300218,21.11155678875543
2677,0.9214571267753436,31.573152805621632,0.02126257047604173,25.147070531977764,21.095141546954505
2678,0.9214571267753436,31.570268537561827,0.02086744263330586,25.190587686518803,21.04584856537943
2679,0.9214571267753436,31.56745056834133,0.020387775973593057,25.273474365447655,21.009740669586318
2680,0.9675299831141109,31.56430186674196,0.021695807222668142,25.28466936629066,21.238449387636198
2681,0.9675299831141109,31.560977164209472,0.022908523701319513,25.276742918221558,21.299040980002037
2682,0.9675299831141109,31.557521968787235,0.023807671648692682,25.2584104371324,21.36114693901655
2683,0.9675299831141109,31.553999201554465,0.0242732683172671,25.24403330829142,21.413707578614808
2684,0.9675299831141109,31.550475792140094,0.024277693204110242,25.240381786523372,21.45074310296108
2685,0.9675299831141109,31.547010560911367,0.02387682234977424,25.246663786657212,21.47060949527067
2686,0.9675299831141109,31.54364308843831,0.02320322561450678,25.25876927188021,21.474557760402593
2687,0.9675299831141109,31.54039053166064,0.02241141073615543,25.27388284589293,21.465974918922743
2688,0.9675299831141109,31.537256006428784,0.021598126408264563,25.28929015652324,21.448982908728087
2689,0.9675299831141109,31.53422437670103,0.02088913543187521,25.302641213964534,21.42775518964885
2690,0.9675299831141109,31.53126834184664,0.02036825666718527,25.314538294996918,21.402837883504876
2691,0.9675299831141109,31.528352906045402,0.02008851303227415,25.326364745680042,21.38199876803108
2692,0.9675299831141109,31.525440905944716,0.020064839688081974,25.334645562188886,21.366217322152917
2693,0.9675299831141109,31.52250341602201,0.02024047470684854,25.337773477393384,21.35614908578694
2694,0.9675299831141109,31.51951839961858,0.02056795107495691,25.33603389617751,21.352047500449398
2695,0.9675299831141109,31.516475337721083,0.02096790763147158,25.331206233801847,21.352002775612743
2696,0.9675299831141109,31.513377584761,0.021344750820122736,25.324886991631807,21.353072953074015
2697,0.9675299831141109,31.510237255779295,0.02163811655465163,25.319231733893037,21.355703918821643
2698,0.9675299831141109,31.50707604613701,0.021781992616644822,25.31319943270566,21.35608262912439
2699,0.9675299831141109,31.503917179350477,0.02176584940796332,25.306553567987876,21.354873385493544
2700,0.9675299831141109,31.500782031411443,0.021602417108498903,25.30006409741823,21.35180785973316
2701,0.9675299831141109,31.497686700623643,0.02132806108912319,25.295141581942122,21.34664048435059
2702,0.9675299831141109,31.494648253521927,0.020936109851816605,25.292850984540518,21.33030710246906
2703,0.9675299831141109,31.491727113781845,0.020127815441093957,25.332257499770012,21.276680124949543
2704,0.9675299831141109,31.488887586490115,0.019565473189733295,25.36892788002235,21.253676173727804
2705,0.9675299831141109,31.486092807134316,0.01925714210124541,25.36967448163028,21.235839107795403
2706,0.9675299831141109,31.48331265406224,0.01915636118492531,25.345744089224375,21.219744971921706
2707,0.9675299831141109,31.480525045158128,0.019207734835174992,25.316706906294762,21.20334799778909
2708,0.9675299831141109,31.477712790071525,0.01937755684194955,25.294073996459133,21.188464397677222
2709,0.9675299831141109,31.474865586203567,0.01961836785524154,25.279550318460885,21.17494541740696
2710,0.9675299831141109,31.47197875203686,0.01989143638675225,25.270024036334846,21.16301924637421
2711,0.9675299831141109,31.46905335614849,0.020157141996822996,25.26141486508545,21.152750701792748
2712,0.9675299831141109,31.466093686312348,0.020393303138184236,25.25131485182384,21.144151028109125
2713,0.9675299831141109,31.463106528922324,0.020582703324577237,25.23871102301913,21.136908999179433
2714,0.9675299831141109,31.460100373133436,0.020713609854388436,25.223704282932527,21.129988340275617
2715,0.9675299831141109,31.457086366206536,0.02076770732005805,25.206908612938502,21.121610820512235
2716,0.9675299831141109,31.454079336482124,0.02071963161788694,25.18803611177623,21.10731037585341
2717,0.9675299831141109,31.45108295550742,0.02064625749415619,25.16585734475377,21.092406175764953
2718,0.9675299831141109,31.448097561833364,0.020570550619711216,25.14534601430837,21.07692485696033
2719,0.9675299831141109,31.445111543945906,0.020574851698453526,25.127269411929685,21.06107710796017
2720,0.9675299831141109,31.44211882908218,0.020620996530346415,25.105442235900906,21.042927653722938
2721,0.9675299831141109,31.439111249144027,0.020723422809617444,25.08362599411379,21.025819829859923
2722,0.9675299831141109,31.436070168077105,0.020954258920467057,25.06089868929575,21.013213678484924
2723,0.9675299831141109,31.432977312003462,0.02131100932352934,25.041147799715493,21.00513942157256
2724,0.9675299831141109,31.42982253552506,0.021737665557036358,25.02718590681342,21.001272104196346
2725,0.9675299831141109,31.426605548684286,0.022166319713936844,25.017638437740903,21.000715100885916
2726,0.9675299831141109,31.423336752041298,0.022523309871722262,25.01143526432759,21.00211855329767
2727,0.9675299831141109,31.42003437327506,0.022754704066914544,25.005586989276825,21.00391611566879
2728,0.9675299831141109,31.416721186312337,0.022829176842346987,24.998174377057573,21.003677824511612
2729,0.9675299831141109,31.413422937308447,0.022726248360624052,24.988873988249743,20.995788120284995
2730,0.9675299831141109,31.41015630830736,0.022508373956358716,24.978144322299322,20.98433579876371
2731,0.9675299831141109,31.40692909953485,0.022236752891964143,24.96669794239414,20.969819015560972
2732,0.9675299831141109,31.403739824779176,0.021975372417973153,24.95452433074352,20.953263180335142
2733,0.9675299831141109,31.400577702358376,0.021788282023944318,24.94037277596068,20.937384324725613
2734,0.9675299831141109,31.397425405214992,0.02172058195193618,24.922718386269203,20.92377373701079
2735,0.9675299831141109,31.394263708872067,0.021785346177744615,24.902541832302134,20.91349765093124
2736,0.9675299831141109,31.39106913650688,0.022011875056008594,24.87810229140788,20.908441773799357
2737,0.9675299831141109,31.38782366783884,0.02236257083968043,24.854041491282313,20.908803094136193
2738,0.9675299831141109,31.38451191407048,0.022819301562864193,24.824012764057635,20.91367399038828
2739,0.9675299831141109,31.38112941023165,0.0233067977073301,24.79357912653187,20.92207014665586
2740,0.9675299831141109,31.377684746645528,0.023735103106079587,24.768563657299886,20.931154493264522
2741,0.9675299831141109,31.374195830749514,0.02404001913400934,24.748729311166418,20.938616484203443
2742,0.9675299831141109,31.370684050055484,0.02419756669260752,24.73356199859133,20.94294979997296
2743,0.9675299831141109,31.367167051231597,0.02423352168423063,24.72229106963526,20.94339281396828
2744,0.9675299831141109,31.363660919857708,0.02415864062839024,24.713730350951646,20.939791114925818
2745,0.9675299831141109,31.36017813722886,0.02399775848215218,24.706882838216664,20.93344941242879
2746,0.9675299831141109,31.356724483697214,0.023797047408724625,24.7001926164204,20.92522413457678
2747,0.9675299831141109,31.35329605350085,0.023623248589847164,24.692498801363715,20.91641035382507
2748,0.9675299831141109,31.349884288682627,0.023508417501336667,24.683183327590513,20.90791230901417
2749,0.9675299831141109,31.346478526706697,0.02346705552878307,24.672358951959666,20.899617030849768
2750,0.9675299831141109,31.343072259717008,0.023470535274627488,24.66071462619659,20.890806465130566
2751,0.9675299831141109,31.33965786459849,0.023526541317316196,24.64785147060595,20.883619628074015
2752,0.9675299831141109,31.336224001103478,0.023660686179873627,24.634101037299338,20.875191553971547
2753,0.9675299831141109,31.33276688596531,0.02382089925549359,24.625589855503286,20.86974669000096
2754,0.9675299831141109,31.329287635698478,0.02397341910195757,24.619005454719307,20.866063842353075
2755,0.9675299831141109,31.325790593149147,0.02409601500977944,24.611485957809247,20.86353618494989
2756,0.9675299831141109,31.322060704660796,0.02570041620376497,24.587555943095822,21.104058616071825
2757,0.9675299831141109,31.31815026229141,0.026944504305723076,24.5719896264821,21.172194195905462
2758,0.9675299831141109,31.313912606266797,0.02919913662331219,24.555634756599463,21.480417595171375
2759,0.9675299831141109,31.30947656342364,0.03056610076222369,24.54434099617975,21.59736266662074
2760,0.9675299831141109,31.30498226533035,0.030967502621634925,24.533903629982756,21.693655794875536
2761,0.9675299831141109,31.300556166011027,0.030497585925497044,24.524964708874574,21.760674902118506
2762,0.9675299831141109,31.296294012658745,0.0293679329609672,24.518516629816062,21.79610285288632
2763,0.9675299831141109,31.292251143149233,0.0278569800080867,24.514476398744648,21.802615070854177
2764,0.9675299831141109,31.288435361607693,0.026292253526168825,24.51153018118085,21.78942267185848
2765,0.9675299831141109,31.284802826472177,0.02502961285553155,24.496761164894146,21.76478228186735
2766,0.9675299831141109,31.281287827143938,0.02421974436337106,24.484011689340658,21.736553906076107
2767,0.9675299831141109,31.277815886045598,0.023923056021889853,24.47104204392054,21.708027689063215
2768,0.9675299831141109,31.27409295829443,0.02565245395425192,24.445904678733356,21.93290850729673
2769,0.9675299831141109,31.270111017965256,0.027437153705267683,24.43698999118839,21.99206064153432
2770,0.9675299831141109,31.265907506771732,0.028963865147232665,24.42879807006739,22.05751542825885
2771,0.9675299831141109,31.2615545106562,0.029993875755756922,24.411423208324837,22.117150383460608
2772,0.9675299831141109,31.257141893877098,0.030404685857242618,24.384556222441713,22.16379216414082
2773,0.9675299831141109,31.252758977894807,0.03020003554607554,24.35092803474689,22.194988482832887
2774,0.9675299831141109,31.248480508767564,0.02948035514429894,24.313613316624206,22.209702421505277
2775,0.9675299831141109,31.244357653190825,0.028408115846136277,24.27498656717102,22.20913943426932
2776,0.9675299831141109,31.240413298733106,0.027178172091585316,24.236200126617096,22.196174657531916
2777,0.9675299831141109,31.236643306436232,0.02597674740604572,24.197533273711155,22.174670499100486
2778,0.9675299831141109,31.23302101707071,0.02495901542234824,24.158930779346576,22.14880049646351
2779,0.9675299831141109,31.22950608238319,0.02421929896308052,24.12121733648404,22.122499345895218
2780,0.9675299831141109,31.226051695931105,0.023802097522422398,24.066605320428714,22.09906585248172
2781,0.9675299831141109,31.222612274019856,0.02369898587997204,23.934823073593254,22.0820665268857
2782,0.9675299831141109,31.21915498791319,0.023822077296560287,23.786654164247558,21.970231289960562
2783,0.9675299831141109,31.2157318813489,0.02358656664584057,23.461887251938865,21.956554726632618
2784,0.9675299831141109,31.212367058227937,0.02318497052421346,23.136537271001178,21.9594079539012
2785,0.9675299831141109,31.209062235995084,0.0227715405243489,22.91391752991522,21.964094312256023
2786,0.9675299831141109,31.205810335291087,0.02240689012736325,22.78809273106973,21.962853698809944
2787,0.9675299831141109,31.20260176711653,0.022108311752996813,22.7104850619875,21.957804405826508
2788,0.9675299831141109,31.199428289631086,0.021866522938673243,22.64099206152554,21.951068294216736
2789,0.9675299831141109,31.196286763757346,0.021646363617132066,22.583889580331242,21.927764233988025
2790,0.9675299831141109,31.19317712940975,0.021426618308975298,22.545024396077512,21.904423167777463
2791,0.9675299831141109,31.19010752910914,0.021150767791373967,22.481667136717174,21.885365470460368
2792,0.9675299831141109,31.187085242615147,0.020824756832640623,22.39033658930812,21.86847134418631
2793,0.9675299831141109,31.18411903127945,0.020438376673643767,22.284923906578474,21.849990510929366
2794,0.9675299831141109,31.181208142050632,0.020057185338788468,22.182360187422777,21.834308163561897
2795,0.9675299831141109,31.178345885789305,0.01972208483657382,22.095320198405457,21.820982335496904
2796,0.9675299831141109,31.175571523355302,0.019116461383882268,22.043950756380617,21.782342327540412
2797,0.9675299831141109,31.17289068360534,0.018472052868280735,22.04911855106077,21.765419558121465
2798,0.9675299831141109,31.1702919767209,0.01790612473547863,22.07788401405942,21.757650532448565
2799,0.9675299831141109,31.16798099426418,0.0159235889122785,22.142684920035432,21.516270952499447
2800,0.9675299831141109,31.166121463913935,0.012812904218008977,22.234775037626886,21.209742028778823
2801,0.9675299831141109,31.164813671677035,0.009011209021770328,22.34836359334209,20.837365507114583
2802,0.9675299831141109,31.163868836088366,0.006510293256409046,22.40601500964799,20.644272205273158
2803,0.9675299831141109,31.163080139255545,0.005434435084477902,22.424953539907793,20.47981715347156
2804,0.9675299831141109,31.162259018389463,0.005657849578605845,22.42255351255603,20.35457940649123
2805,0.9675299831141109,31.16125710702701,0.006903568054229545,22.409401726296128,20.274043737718987
2806,0.9675299831141109,31.15998098696959,0.008792975099415143,22.38990511101188,20.235490376368976
2807,0.9675299831141109,31.15839699441353,0.01091433915019985,22.36507987246701,20.231327323514588
2808,0.9675299831141109,31.156517970523925,0.012947222462741707,22.324013855948138,20.251761535407425
2809,0.9675299831141109,31.154399523376075,0.014596944003970271,22.27445719368387,20.28674401699139
2810,0.9675299831141109,31.152127519645436,0.015655009975908143,22.22524261181227,20.325567072651733
2811,0.9675299831141109,31.149798182176685,0.01605006225065186,22.178062366711345,20.359897294311597
2812,0.9675299831141109,31.147501984542107,0.015821715603289602,22.13432052828678,20.384261326416723
2813,0.9675299831141109,31.145310715944156,0.015098712778486364,22.094995918887896,20.39613600094046
2814,0.9675299831141109,31.143269061192985,0.01406781382698534,22.058173779907428,20.395510258351813
2815,0.9675299831141109,31.141391473436702,0.012937326932499943,22.02162273820534,20.384309934939463
2816,0.9675299831141109,31.13966509763594,0.011895416375665555,21.9838564551109,20.365685020588455
2817,0.9675299831141109,31.13805611681,0.01108651827520778,21.94408501069085,20.343369300627838
2818,0.9675299831141109,31.13651812320088,0.010597388097955178,21.90194654100947,20.320915791263165
2819,0.9675299831141109,31.1350020690025,0.010446216825938567,21.857834140926272,20.301242453479997
2820,0.9675299831141109,31.13346243016061,0.010608724406563734,21.813282483432022,20.286837420707283
2821,0.9675299831141109,31.131804997449215,0.011420371050088907,21.785300398081624,20.223597803819068
2822,0.9675299831141109,31.129937335278637,0.012868935696631261,21.838245359631614,20.185726083937343
2823,0.9675299831141109,31.127855929799768,0.014341712161827112,21.9184268480467,20.19247639105218
2824,0.9675299831141109,31.125579511099275,0.015685430875346185,21.992069072182925,20.206045012932076
2825,0.9675299831141109,31.12311409916595,0.016987669470074553,22.05393312522067,20.194595185962434
2826,0.9675299831141109,31.120480277115632,0.01814808220437039,22.133955221378,20.196073210519334
2827,0.9675299831141109,31.117735487199692,0.018912694964403717,22.200219173176954,20.210655645691794
2828,0.9675299831141109,31.114936292585657,0.019287564987817588,22.236403355356693,20.22245378881332
2829,0.9675299831141109,31.112130920285228,0.019330131705770952,22.239706852479586,20.23015349720192
2830,0.9675299831141109,31.109355670239225,0.019122577383863235,22.213069387652094,20.2334624358753
2831,0.9675299831141109,31.106632991534276,0.0187603399203584,22.16225632139399,20.232816803360212
2832,0.9675299831141109,31.103971655562116,0.018337664076614333,22.093290660614493,20.22912419446129
2833,0.9675299831141109,31.10136836769099,0.017937689556947224,22.010888580548723,20.223533461703887
2834,0.9675299831141109,31.098810578357714,0.01762418652256488,21.91892272853155,20.217231390940032
2835,0.9675299831141109,31.09607376580667,0.01885772774523825,21.799267542718013,20.44458962794221
2836,0.9675299831141109,31.092976785797966,0.021339424877485764,21.68357030399858,20.742850185609967
2837,0.9675299831141109,31.08940426219138,0.02461610953615634,21.58846137389285,21.108468328842356
2838,0.9675299831141109,31.085305753199513,0.028240358186316112,21.505578937169165,21.530339855560864
2839,0.9675299831141109,31.080699584969448,0.03173833238905713,21.437918631810536,21.993558529404908
2840,0.9675299831141109,31.0758511001945,0.03340798982667459,21.345071411611094,22.24841941855661
2841,0.9675299831141109,31.0710244580919,0.03325748512086367,21.242801587781077,22.44517975183162
2842,0.9675299831141109,31.066442470572362,0.031571717669427776,21.14416316137755,22.57054604625354
2843,0.9675299831141109,31.062066124496294,0.030154766277351332,21.071718071724774,22.855128785312985
2844,0.9675299831141109,31.057810722088202,0.029321416268581382,21.020051330214642,23.150408666863612
2845,0.9675299831141109,31.05377014139951,0.027841209121616917,20.963021908912594,23.22952984662684
2846,0.9675299831141109,31.049992593106825,0.026028811224563846,20.90326205436103,23.269103955642386
2847,0.9675299831141109,31.046478804743746,0.024211400331465835,20.84366130600485,23.274605701273376
2848,0.9675299831141109,31.04318492663885,0.022696131126886676,20.78245778290516,23.258518441656705
2849,0.9675299831141109,31.040036485716257,0.021694011055954202,20.71830390553283,23.232244950826345
2850,0.9675299831141109,31.036945745512114,0.021296430140556707,20.652226242356498,23.207343639611523
2851,0.9675299831141109,31.033628134131483,0.02285966284268908,20.594880269308696,23.4313855778718
2852,0.9675299831141109,31.029867270459423,0.025913847547863928,20.56628707764843,23.735752717848356
2853,0.9675299831141109,31.025546667966168,0.029770670805490736,20.5811002707784,24.114976348006614
2854,0.9675299831141109,31.020638031905523,0.03382245612580439,20.628110142908515,24.557581961382287
2855,0.9675299831141109,31.015202894349002,0.037450260983283024,20.684089294305778,25.039963774825964
2856,0.9214571267753436,31.00978940079541,0.039166181448161905,20.714768558444455,25.296053352451516
2857,0.8775782159765178,31.004666775891646,0.038914859177282796,20.713927374677198,25.482891610342
2858,0.835788777120493,31.000032141556904,0.03696814683015355,20.694951466791707,25.59107322959556
2859,0.7959893115433266,30.996001867884793,0.033754839113784546,20.685889097357624,25.6201054357074
2860,0.758085058612692,30.992594333575166,0.029966156355900185,20.690537763160602,25.58761887576502
2861,0.7219857701073257,30.98974113486764,0.026345844342607973,20.716851602423006,25.51982479437415
2862,0.6876054953403101,30.98750387471901,0.02169131538166257,20.738227263341432,25.204994826056506
2863,0.654862376514581,30.985869650286098,0.01663682316088915,20.76894909356356,24.826227765754222
2864,0.654862376514581,30.984495697835094,0.013987187743796804,20.737185717821074,24.628160153097145
2865,0.654862376514581,30.98334363274969,0.011728317548951726,20.671144519370927,24.219874485997117
2866,0.654862376514581,30.98236759026146,0.009936362440269261,20.591229841827516,23.789771389863162
2867,0.654862376514581,30.981523383174302,0.008594244301655538,20.51067691318435,23.344235153338985
2868,0.654862376514581,30.980774831529093,0.007620447410640739,20.43734359519109,22.89032946654334
2869,0.654862376514581,30.980022531026933,0.007435545372961167,20.412936607352904,22.384217410715188
2870,0.654862376514581,30.979221285671528,0.007688644426791671,20.53634314517706,21.917635473946977
2871,0.654862376514581,30.97835836857818,0.00803926045135243,20.695817451611443,21.46184246431146
2872,0.654862376514581,30.977439424186574,0.008311875583564053,20.84110820847626,21.011601218427835
2873,0.654862376514581,30.97646852758836,0.008781784624377098,21.004246249338273,20.524354067784227
2874,0.654862376514581,30.975478488667918,0.008954927419866017,21.277090112977074,20.082003050483273
2875,0.654862376514581,30.974537803052538,0.008508525510036915,21.57265062685583,19.65864615282549
2876,0.654862376514581,30.973719706392973,0.00739970526161543,21.8561923468918,19.24250070127262
2877,0.654862376514581,30.973081518440218,0.005772426395668247,22.09864345858909,18.8313656638466
2878,0.654862376514581,30.972659452510122,0.003817597159429842,22.29149077424187,18.4241459389228
2879,0.6876054953403101,30.972234030478266,0.003664717319882381,22.266331294318796,18.227842963394085
2880,0.7219857701073257,30.971625505288902,0.004992404480948325,22.118258594860553,18.09907323333983
2881,0.758085058612692,30.97069902976852,0.007238954615182827,21.912475902677368,18.03704179143354
2882,0.7959893115433266,30.969383529191482,0.00978911992302599,21.692561584300044,18.032950188029716
2883,0.835788777120493,30.967677860582953,0.012088097760328775,21.477791569462525,18.070996219366048
2884,0.835788777120493,30.965926089954674,0.01241482343183486,21.365013334169014,17.915563414278054
2885,0.835788777120493,30.964400846312977,0.010809423446524864,21.324867086240218,17.70051187299496
2886,0.8775782159765178,30.962822448647955,0.010653454064889625,21.14739172973652,17.83145687335442
2887,0.8775782159765178,30.961267793357365,0.010493204020771345,20.998520354552603,17.813412367891324
2888,0.8775782159765178,30.959741846838035,0.01029943309557551,20.874210647384654,17.796947683857624
2889,0.8775782159765178,30.95825329841762,0.0100470132283943,20.76822643194026,17.777472395396945
2890,0.8775782159765178,30.956806452415368,0.009765541197657952,20.676595520016516,17.756182062233574
2891,0.8775782159765178,30.955398139978147,0.009505457459328327,20.594812741025443,17.73386424371349
2892,0.8775782159765178,30.95402326902989,0.009279742879109307,20.521320525141075,17.70949994598796
2893,0.8775782159765178,30.95267477400445,0.009101717601648166,20.453981561549067,17.685250341908855
2894,0.8775782159765178,30.951347402586123,0.00895914302553762,20.392242449220095,17.66151417846153
2895,0.8775782159765178,30.95003599804948,0.008851373960591317,20.33491572685684,17.640193682405414
2896,0.8775782159765178,30.948741447780492,0.008737615450723492,20.28364293275043,17.618661095208534
2897,0.8775782159765178,30.947472397980643,0.008565499080614852,20.241299119409486,17.594966301119435
2898,0.8775782159765178,30.94623708415982,0.008337796828712845,20.207487883523324,17.572409816763603
2899,0.8775782159765178,30.94504106848784,0.008072552503556468,20.18152122932275,17.550657466889124
2900,0.8775782159765178,30.94388614155823,0.007795222500295922,20.16292659565794,17.52963468344071
2901,0.8775782159765178,30.94277336001886,0.007510760612792881,20.154544585065658,17.50927977290935
2902,0.8775782159765178,30.941705615012875,0.007206784846695063,20.157864133819192,17.487639378463452
2903,0.8775782159765178,30.940684959450564,0.006888952885623903,20.171327074931746,17.465800418665193
2904,0.8775782159765178,30.93971052020767,0.00657701410944084,20.192200370276655,17.445264289889398
2905,0.8775782159765178,30.938778785914018,0.0062887754575161525,20.21848001345988,17.426503674469206
2906,0.8775782159765178,30.937884572352868,0.00603552787043191,20.248892411009393,17.40971227684034
2907,0.8775782159765178,30.937022554227866,0.005818223570183912,20.28196960878814,17.395184625046312
2908,0.8775782159765178,30.93618751227107,0.005636146914086669,20.315959329768013,17.382872181730598
2909,0.8775782159765178,30.93537422402004,0.005489319463652798,20.35135422366714,17.3725727352372
2910,0.8775782159765178,30.934578092319853,0.005373520682002367,20.388181806269237,17.363947683382502
2911,0.8775782159765178,30.93379502691899,0.005285329206159553,20.42452296683306,17.35665719389741
2912,0.8775782159765178,30.93301765344101,0.005246911359830888,20.442527097516276,17.349963175842326
2913,0.8775782159765178,30.932239603690466,0.0052514758867288095,20.450549227569745,17.34413184348252
2914,0.8775782159765178,30.93145922174118,0.005267217149413864,20.465093201564176,17.339006768852872
2915,0.8775782159765178,30.930674694948447,0.005295192925238646,20.479413224818657,17.33434550759538
2916,0.8775782159765178,30.92985570248627,0.005527820249998869,20.423391868484494,17.331535860743593
2917,0.8775782159765178,30.92899491101736,0.005809944209049271,20.363877173413574,17.32543837475565
2918,0.8775782159765178,30.92809259353282,0.0060902256043476955,20.343794061806438,17.318116801240283
2919,0.8775782159765178,30.927157281078248,0.006312926388489953,20.358138993713077,17.307634434421285
2920,0.8775782159765178,30.926200513728205,0.006457737007809112,20.388489980860076,17.294457588254264
2921,0.8775782159765178,30.925235573091943,0.006512902908754059,20.420301689606234,17.27981135569245
2922,0.8775782159765178,30.924280342329116,0.006447365754991885,20.449013205044547,17.259307996482022
2923,0.8775782159765178,30.92334326470516,0.0063248404651932155,20.47570036575614,17.242095010717616
2924,0.8775782159765178,30.922430433476276,0.0061611885150537095,20.49106003194142,17.22530208301168
2925,0.8775782159765178,30.921549829094563,0.0059436722049348995,20.49122370077448,17.205355241137305
2926,0.8775782159765178,30.9207078108138,0.005683233873570355,20.477324537219655,17.182256200870505
2927,0.8775782159765178,30.919902041280977,0.005438571593875233,20.45368931086881,17.159081090255206
2928,0.8775782159765178,30.91911986140443,0.005279352326670284,20.422314837299986,17.138019117795974
2929,0.8775782159765178,30.918340416634045,0.005260891625310641,20.382585161283313,17.121440649187125
2930,0.8775782159765178,30.91754145299445,0.005392634962977542,20.33502872680383,17.11009072957029
2931,0.8775782159765178,30.91670466509882,0.00564793119358334,20.28086450000299,17.10421567664708
2932,0.8775782159765178,30.915819687866254,0.0059731869252893765,20.22002444810865,17.103141468617913
2933,0.8775782159765178,30.9148840470567,0.006315142632672132,20.151165382897286,17.105207320930855
2934,0.8775782159765178,30.913904712212148,0.006610057155987804,20.07353832806378,17.108202170438805
2935,0.8775782159765178,30.91289066414925,0.006844355321200599,19.987716183008967,17.110058529918465
2936,0.8775782159765178,30.91185116066804,0.007016167619122526,19.89608296331841,17.109435797259025
2937,0.8775782159765178,30.910793063608025,0.007141665674439469,19.801421703269206,17.106030959702473
2938,0.8775782159765178,30.90971895339039,0.0072497470806836785,19.705874451344652,17.100450359680632
2939,0.8775782159765178,30.908628340151797,0.007361134837768156,19.61234034288139,17.093816940602498
2940,0.8775782159765178,30.90751584411858,0.007508833578403995,19.519632847531053,17.087332602974246
2941,0.8775782159765178,30.906373528445187,0.007710102354890102,19.42592645961101,17.081941989681646
2942,0.8775782159765178,30.90499367923883,0.009313343818287927,19.29707734828407,17.28623754833567
2943,0.8775782159765178,30.903218246834236,0.011983347407790104,19.167606698687386,17.56084841430991
2944,0.8775782159765178,30.900959706032335,0.015244105601447148,19.05718323167867,17.901004341702322
2945,0.8775782159765178,30.898208073738513,0.01857224506549724,18.96117391586838,18.29161043197017
2946,0.8775782159765178,30.895016240860883,0.021543395367348436,18.859775366491757,18.715247856604314
2947,0.8775782159765178,30.89148730983737,0.02381865190887016,18.76360161766699,19.156522443681546
2948,0.8775782159765178,30.8879499391965,0.023875615421892097,18.647110127091516,19.382608529211595
2949,0.8775782159765178,30.884681777169803,0.022058581813395626,18.534912831095852,19.53171002910613
2950,0.8775782159765178,30.8818682988427,0.0189896771798961,18.44513260111963,19.59748149553285
2951,0.8775782159765178,30.879654675145453,0.014940935923863637,18.426436909645368,19.536284699563804
2952,0.8775782159765178,30.87797147778985,0.011360803495471587,18.437832031622484,19.46337809069588
2953,0.8775782159765178,30.87666391272476,0.008825459303701306,18.400121433673693,19.373618757274624
2954,0.8775782159765178,30.87553203166882,0.00763967351419849,18.322653717687434,19.2878691955464
2955,0.8775782159765178,30.87437512161896,0.007808607644610926,18.23866935843371,19.220046561647866
2956,0.8775782159765178,30.873020671039832,0.009141914833995506,18.159146018644467,19.17710215322749
2957,0.8775782159765178,30.871343303449702,0.011321455275434003,18.081098077441744,19.16092459358732
2958,0.8775782159765178,30.869289489686025,0.01386229280102296,18.016391123449026,19.166842877740727
2959,0.8775782159765178,30.866882256596284,0.016247709758593423,17.97337342327731,19.18525391842873
2960,0.8775782159765178,30.86420601621895,0.01806338450581521,17.946049962216446,19.203301868593122
2961,0.8775782159765178,30.861374271620036,0.019112966064572277,17.924816908670227,19.21677148838125
2962,0.8775782159765178,30.858490827767653,0.019461912109156723,17.88618158043433,19.223784315823956
2963,0.8775782159765178,30.85564975574442,0.019175921863725447,17.853237506682277,19.22183020928418
2964,0.8775782159765178,30.85311252545576,0.017125130714030712,17.835548747954928,18.994912359231183
2965,0.8775782159765178,30.851063325312165,0.013831152999817672,17.846856079109887,18.694448546451866
2966,0.8775782159765178,30.849586532369106,0.00996766919444608,17.887584991829808,18.325962935055223
2967,0.8775782159765178,30.848637067998183,0.006221791531189978,17.949534044820208,17.906403916464416
2968,0.8775782159765178,30.847940620995995,0.00456378163605054,17.950523136573686,17.66017318924578
2969,0.8775782159765178,30.847183954144658,0.004958399232002195,17.917637332956982,17.470268209142176
2970,0.8775782159765178,30.8461149069614,0.007005411593094112,17.879230143292567,17.34923600985555
2971,0.8775782159765178,30.844570239204767,0.010122128919155402,17.85213224112974,17.291956805807953
2972,0.8775782159765178,30.84252399566193,0.013408929429561027,17.86231642629896,17.272841466470346
2973,0.8775782159765178,30.840026524170057,0.0163658031342973,17.900515894040275,17.304864685964017
2974,0.8775782159765178,30.83718947691711,0.018591025753583835,17.91900511249942,17.364253616144058
2975,0.8775782159765178,30.834162720031994,0.01983418328432909,17.899852867512468,17.43504318864989
2976,0.8775782159765178,30.831105900411764,0.020031182852004007,17.854378129769,17.49823313501417
2977,0.8775782159765178,30.828159060348924,0.01931049242953738,17.806198184871374,17.541181623990102
2978,0.8775782159765178,30.825425771514215,0.01791110213809832,17.772961113458365,17.554157393557297
2979,0.8775782159765178,30.822953626246473,0.016199841681011438,17.75791826317064,17.54227047028772
2980,0.8775782159765178,30.820737772735256,0.014520374889947599,17.75239699932304,17.510665108085956
2981,0.8775782159765178,30.818729412392653,0.013160682753157979,17.74457396057136,17.466953260445646
2982,0.8775782159765178,30.816857109754892,0.012269103562207917,17.72853799695528,17.414563110074646
2983,0.8775782159765178,30.815145303455772,0.011217379251948984,17.782221416894796,17.279215215116047
2984,0.8775782159765178,30.81352164740639,0.01063973516753124,17.88082594015446,17.19718072196098
2985,0.8775782159765178,30.811860673343453,0.01088427820444195,17.882028900384064,17.14730365320483
2986,0.8775782159765178,30.81006011890519,0.011798941275284415,17.798661850688994,17.11937911753801
2987,0.8775782159765178,30.808056456892206,0.01312989483908303,17.6955640119292,17.108436618434368
2988,0.8775782159765178,30.805830345714135,0.014587592856989991,17.616023135695116,17.108999737162392
2989,0.8775782159765178,30.803402036382117,0.01591258703302275,17.567493087824317,17.116704411275908
2990,0.8775782159765178,30.80081377441747,0.01696074846544142,17.53375465485759,17.12859566158343
2991,0.8775782159765178,30.798124415701547,0.017623230313222323,17.5092888115051,17.141796307355072
2992,0.8775782159765178,30.795385602496946,0.017947303051949186,17.490181154593905,17.141776766674987
2993,0.8775782159765178,30.7925966931422,0.018275580565200532,17.530544610593925,17.114880090166068
2994,0.8775782159765178,30.789803960617782,0.018300633600901818,17.606718077650832,17.119729108541943
2995,0.8775782159765178,30.787037864923313,0.018126083814549096,17.681940966044912,17.121921531211424
2996,0.8775782159765178,30.78431334247413,0.017853656461480658,17.742950687712575,17.12103522991808
2997,0.8775782159765178,30.781632471387084,0.017567611314776625,17.786416827024073,17.117686861431284
2998,0.8775782159765178,30.77898661002629,0.01733819436663793,17.812496782471012,17.112979736342677
2999,0.8775782159765178,30.776362982968866,0.017192494112284094,17.822686136835955,17.105567483942245
3000,0.8775782159765178,30.773747270715305,0.017140628806724345,17.820120444900226,17.09803737477098
3001,0.8775782159765178,30.771127835856987,0.01716502284558774,17.808136856086517,17.09189958651702
3002,0.8775782159765178,30.768496901537098,0.017240378229953904,17.790001668340217,17.087427824450394
3003,0.8775782159765178,30.76585238109406,0.01732940740115771,17.76863955254662,17.084477419138196
3004,0.8775782159765178,30.76318929210877,0.017451086110128813,17.728603383211457,17.083004494512863
3005,0.8775782159765178,30.760316065600044,0.018828106568975232,17.69137292019849,17.277442677697906
3006,0.8775782159765178,30.75703596305284,0.02149434446891601,17.73501828984954,17.500492029084352
3007,0.8775782159765178,30.753281279556607,0.02460424918995343,17.85930509930456,17.824533127070534
3008,0.8775782159765178,30.749030182684916,0.027857220686349073,18.021031496703063,18.173037721361037
3009,0.8775782159765178,30.744484877391702,0.029785153446460027,18.207007884533166,18.358757955098678
3010,0.8775782159765178,30.739883871477065,0.030150156774021292,18.371507575057077,18.52384566399543
3011,0.8775782159765178,30.73543618231703,0.029145479911355746,18.50269255000258,18.633378945795613
3012,0.8775782159765178,30.731225005761072,0.02759562489613639,18.64917958761725,18.633482964972934
3013,0.8775782159765178,30.727315936032127,0.025615934287955514,18.82778728163846,18.631254611695677
3014,0.8775782159765178,30.72371840195617,0.023574457064972798,18.978207227984953,18.60093793125842
3015,0.8775782159765178,30.720383733387244,0.02185191282244177,19.079915403268803,18.55156010332947
3016,0.8775782159765178,30.717225891221737,0.020693178431789416,19.132153276879205,18.49594657510277
3017,0.8775782159765178,30.7141507425702,0.020151292058200418,19.143603321377753,18.438871873505242
3018,0.8775782159765178,30.711067091364168,0.020207008863532945,19.12560095136215,18.392846005540594
3019,0.8775782159765178,30.70790342629789,0.02073133560321642,19.088031814986664,18.361992689954842
3020,0.8775782159765178,30.70462491556453,0.021483913394104947,19.038379528793303,18.340732946439594
3021,0.8775782159765178,30.701226905348104,0.022266987403580397,18.98207387219034,18.331697747649894
3022,0.8775782159765178,30.697730694472867,0.02291049130537492,18.92232225298041,18.33224377670694
3023,0.8775782159765178,30.6941761540987,0.02329272153291208,18.86014721647422,18.33817594409703
3024,0.8775782159765178,30.6906107830075,0.023363694668368323,18.77704045744869,18.346075204828452
3025,0.8775782159765178,30.687077428259787,0.02315389320473524,18.67422924660101,18.355450915851584
3026,0.8775782159765178,30.68360986553773,0.022722761420629435,18.558080588776768,18.3637314316353
3027,0.8775782159765178,30.680228486839518,0.02215800191413521,18.435959640274678,18.36952758830846
3028,0.8775782159765178,30.676942868979857,0.021530486029847095,18.31276506295191,18.37257473248099
3029,0.8775782159765178,30.673751846490354,0.02091060740033168,18.189292478097922,18.37308720200222
3030,0.8775782159765178,30.67064583484019,0.02035353571199285,18.063806981925946,18.37149044553467
3031,0.8775782159765178,30.66759709785307,0.01997821777011872,17.938992924704966,18.36347413103907
3032,0.8775782159765178,30.664515310145593,0.02019479745258544,17.87422701674574,18.303004379749215
3033,0.8775782159765178,30.661377216893126,0.02056376481333417,17.860275272905383,18.29663795524485
3034,0.8775782159765178,30.658176831880738,0.02097195953474777,17.84336450589076,18.294011187837096
3035,0.8775782159765178,30.654921916509764,0.021329294189462483,17.808922787980034,18.293520336175035
3036,0.8775782159765178,30.651629880210656,0.021572545735749928,17.75755372223095,18.294260859213022
3037,0.8775782159765178,30.64832395324314,0.021663570576320085,17.69283243004763,18.29569140625524
3038,0.8775782159765178,30.64502905977553,0.02159126861501706,17.61667004168458,18.297628565953808
3039,0.8775782159765178,30.641766271452713,0.02138088524085174,17.528831957363668,18.30002817396175
3040,0.8775782159765178,30.638551254301944,0.021067843190085235,17.42970891907755,18.3027612022972
3041,0.8775782159765178,30.635393398607935,0.020693267083506817,17.321380303734138,18.305535406533238
3042,0.8775782159765178,30.632296717739003,0.02029239157903713,17.207600984065923,18.307970808379604
3043,0.8775782159765178,30.62926058780408,0.019895604400954517,17.092348473320044,18.308221078883477
3044,0.8775782159765178,30.626285568568573,0.019495149108747008,16.979440911088282,18.301431532325882
3045,0.8775782159765178,30.62336615187916,0.019130788463954867,16.871576592860038,18.2925624916704
3046,0.8775782159765178,30.620492816397196,0.018828820665108985,16.769115081568934,18.282104497213933
3047,0.8775782159765178,30.617654536237588,0.018599104927947228,16.671354746878254,18.27082363553418
3048,0.8775782159765178,30.61484109390256,0.01843634393207636,16.576269757746086,18.259231628209065
3049,0.8775782159765178,30.612046139838984,0.018315191233480462,16.4823580783696,18.247792475886747
3050,0.8775782159765178,30.609085322787674,0.01940208292102807,16.411626100404924,18.44233486485624
3051,0.8775782159765178,30.60581966680853,0.021399676846299946,16.378556879745673,18.70481163247472
3052,0.8775782159765178,30.602176705933907,0.023872136556577765,16.384563681496513,19.032250426766474
3053,0.8775782159765178,30.598155039290045,0.026353776120773872,16.416560876145706,19.410776110180045
3054,0.8775782159765178,30.59400226764093,0.027212900524440926,16.399049088109244,19.60850973410583
3055,0.8775782159765178,30.58995827774813,0.026500059231061524,16.349757003117247,19.75967010304672
3056,0.835788777120493,30.58656554970999,0.023343992236936246,16.28285801462848,19.637237486889457
3057,0.7959893115433266,30.584028521531824,0.01832908022742192,16.25447273374904,19.39041645190246
3058,0.7959893115433266,30.58212153093171,0.013777294238769604,16.254964426055395,19.23433895781356
3059,0.7959893115433266,30.58083290230762,0.009038699135975797,16.27524234990511,18.84897230378883
3060,0.7959893115433266,30.58012392940624,0.004828036754828381,16.313495882318083,18.40462911604809
3061,0.7959893115433266,30.579865079442282,0.001711401136401743,16.353423383253862,17.923896184539025
3062,0.7959893115433266,30.57986839357623,-2.127338204459539e-5,16.381546971866257,17.42989289851391
3063,0.7959893115433266,30.579924306394048,-0.00034845013536550536,16.398734086082978,16.947163648156913
3064,0.7959893115433266,30.579843374273054,0.0004896806637756021,16.417402664425637,16.49404062234361
3065,0.7959893115433266,30.57951206731813,0.002004576274733494,16.454945440441655,16.07510405127899
3066,0.7959893115433266,30.578916767886213,0.0036018655806203522,16.524999888735685,15.700366527993175
3067,0.7959893115433266,30.578123538844952,0.004799440799137873,16.628814416415572,15.364095869996719
3068,0.7959893115433266,30.577256466888038,0.005246228150082431,16.766343495162783,15.05553903291852
3069,0.7959893115433266,30.5764482917596,0.004889872259472785,16.915479747638546,14.766655406884214
3070,0.7959893115433266,30.575801904691016,0.003910971872706701,17.067843524746152,14.490521325466704
3071,0.7959893115433266,30.575380430353874,0.0025501349852658462,17.243412106481973,14.21639028563265
3072,0.835788777120493,30.575032048743086,0.002007511107225604,17.339050602969174,14.095334951027471
3073,0.8775782159765178,30.57440424370779,0.003445388736143794,17.302940417571605,14.187750058591812
3074,0.9214571267753436,30.573213330343616,0.006224497612620058,17.21116654805169,14.387886392164765
3075,0.9214571267753436,30.57153391358526,0.008777738093729916,17.144181310300997,14.508358498770317
3076,0.9214571267753436,30.569514929721805,0.0105525394340883,17.076231561067335,14.634602159562268
3077,0.9214571267753436,30.567355444041905,0.011286894465579313,17.00422986497416,14.739331298162549
3078,0.9214571267753436,30.56525233026212,0.010992257787308403,16.934274641746423,14.807786039762606
3079,0.9214571267753436,30.56335390236765,0.009922434538403269,16.87188634700521,14.836352074040768
3080,0.9214571267753436,30.56173397070302,0.00846682981527391,16.814698942098488,14.829804191707433
3081,0.9214571267753436,30.56039793534052,0.006983000757609805,16.737270917697288,14.796401569141514
3082,0.9214571267753436,30.55929664493741,0.005756068989696374,16.64143849854422,14.750922246432248
3083,0.9214571267753436,30.558334610483296,0.005028225682173017,16.538200260408328,14.704793424123924
3084,0.9214571267753436,30.557350570890403,0.005143239030563023,16.44672784990959,14.632150217150771
3085,0.9214571267753436,30.556002478948418,0.007046016382864994,16.358752443658407,14.771169457027801
3086,0.9214571267753436,30.554063696186372,0.010133355655255487,16.277515201717687,14.996512044121305
3087,0.9214571267753436,30.551440518120106,0.013710456278498252,16.202738478988913,15.296014554712595
3088,0.9214571267753436,30.5481724871794,0.017080882119933576,16.12868973114924,15.654105553540452
3089,0.9214571267753436,30.54441503318082,0.019700358125940537,16.048547661465953,16.049488121831185
3090,0.9214571267753436,30.540953312564852,0.021286155214884132,15.958516582968775,16.45970611027463
3091,0.9214571267753436,30.537898485079,0.022099017913641657,15.874104469765236,16.837783444484465
3092,0.9214571267753436,30.534801322476724,0.02240771717086748,15.809823187101216,17.176703781885806
3093,0.9214571267753436,30.531857271132512,0.021299969788156504,15.733605443580425,17.324366945392914
3094,0.9214571267753436,30.52919046463906,0.01929412605288234,15.655895827794938,17.38909832418845
3095,0.9214571267753436,30.526830061350605,0.017077324018526442,15.653601440542348,17.38996659704175
3096,0.9214571267753436,30.524634506135513,0.015884661740549942,15.695695060141132,17.574419375338486
3097,0.9214571267753436,30.522439053071796,0.015883922683733915,15.747579836509827,17.794294087522182
3098,0.9214571267753436,30.520082589358395,0.01704882151632895,15.789383048062607,18.06084674266061
3099,0.9214571267753436,30.517431226505995,0.01918239257772877,15.81033622529087,18.377259602209715
3100,0.9214571267753436,30.51442049693757,0.021782381266500565,15.849703592916832,18.730115855533317
3101,0.9214571267753436,30.511183179269008,0.02342172756961788,15.862994690953409,18.919644000905674
3102,0.9214571267753436,30.507871576429206,0.023959174685254134,15.84270382185322,19.068562557639634
3103,0.8775782159765178,30.504920206025385,0.02242056871267872,15.80670962746826,18.96005955471992
3104,0.8775782159765178,30.502257699145787,0.020226169634671776,15.751639515221415,18.94629720315854
3105,0.835788777120493,30.50002944924936,0.01777362859632491,15.737074165255024,18.88818810366605
3106,0.7959893115433266,30.498172280528046,0.015554385755250606,15.744659732261429,18.81673195596305
3107,0.7959893115433266,30.49635178403804,0.015247244015239447,15.727191529533833,18.946468910849937
3108,0.758085058612692,30.494578672296655,0.015592900570072359,15.765823569725036,18.951260887608374
3109,0.7219857701073257,30.492790760565676,0.016509205628980724,15.843894038789875,18.975415695008348
3110,0.7219857701073257,30.490731406290344,0.019015649713098423,15.92529610834339,19.210511876517533
3111,0.6876054953403101,30.48852734320028,0.021369453899479342,16.036409562568203,19.30024551208624
3112,0.654862376514581,30.48624844566952,0.023199760361880855,16.159500134955437,19.379651332204904
3113,0.654862376514581,30.483740008133637,0.025536536386323257,16.28631454983754,19.639966641283387
3114,0.6236784538234105,30.481236685345205,0.026758690294960384,16.416463968136252,19.725918732789648
3115,0.5939794798318194,30.478780159566103,0.027571387705285434,16.710382600974228,19.71890151248632
3116,0.5939794798318194,30.476356880921323,0.027198230770147748,17.061057687919018,19.732489136300504
3117,0.5939794798318194,30.474059877449204,0.025780952037312423,17.29270767262458,19.717421670257526
3118,0.5939794798318194,30.47194178181341,0.023772938378344058,17.385928799354858,19.68453166958513
3119,0.5939794798318194,30.470152662366004,0.020080597710240483,17.310362495852612,19.447220615617457
3120,0.5939794798318194,30.468783579462634,0.015366219988647803,17.150296600131323,19.151718021157034
3121,0.5939794798318194,30.467865105713017,0.010308703479865221,16.957443889312355,18.804485140514302
3122,0.5939794798318194,30.467358338132556,0.005522158889121398,16.75869931023381,18.417393308453388
3123,0.5939794798318194,30.46721831281909,0.0014813899820991807,16.56227939421124,18.002864446480928
3124,0.5939794798318194,30.46736102302807,-0.001465820081771899,16.36593327973648,17.575464588603438
3125,0.5939794798318194,30.467670632817487,-0.0030874724031515533,16.148232029025582,17.149660027609535
3126,0.5939794798318194,30.468033992094337,-0.0035179319010355437,15.965083271774528,16.736069896420585
3127,0.5939794798318194,30.46835748447624,-0.0030407310487724332,15.846287924207473,16.34113448159341
3128,0.5939794798318194,30.468526380871047,-0.0015583681026725936,15.834757720361702,15.923720791372528
3129,0.5939794798318194,30.46850353292484,0.0002092111867285322,16.04561951002724,15.567816102679974
3130,0.5939794798318194,30.468329238027593,0.0015906015413735689,16.35709954015902,15.24497703892525
3131,0.5939794798318194,30.46813283797123,0.0021086252789584425,16.709222729551566,14.938881179940896
3132,0.5939794798318194,30.467999492764637,0.001496630900749257,17.08097454064686,14.657935151724278
3133,0.5939794798318194,30.468014231606876,-0.00016542481963197138,17.45669019230576,14.37478767984537
3134,0.6236784538234105,30.468125467707058,-0.0011890325802092112,17.666283433749516,14.240444297989585
3135,0.654862376514581,30.468272108603333,-0.001492841870612013,17.779359464523143,14.146447209470507
3136,0.6876054953403101,30.46835278896713,-0.000782235010745826,17.81498514049133,14.056152920837265
3137,0.7219857701073257,30.46830356104745,0.0004545603871635723,17.85142053602229,14.02401283573275
3138,0.758085058612692,30.468098241709818,0.0018055963096285225,17.861769896233678,14.024022478544866
3139,0.7959893115433266,30.4677323098164,0.00306479737944914,17.824707412577652,14.041025270616455
3140,0.835788777120493,30.467221016795843,0.00407832724056463,17.738250714238514,14.066695153495754
3141,0.8775782159765178,30.466589210558137,0.004799619575829504,17.605795141545677,14.097333874994385
3142,0.9214571267753436,30.46583667036761,0.005444566499846936,17.44766713713517,14.09675698100251
3143,0.9675299831141109,30.46497547611064,0.0059339711912848305,17.2983558255328,14.109194415356294
3144,1.0159064822698165,30.46403266305429,0.006187006860672698,17.142666915428315,14.125736250775757
3145,1.0667018063833074,30.463034032912805,0.006241232776408893,16.974388625615813,14.139984969507491
3146,1.1200368967024728,30.461996041963435,0.006178314020535858,16.788964692970115,14.152961392133863
3147,1.1200368967024728,30.461086605518126,0.005413133846968268,16.65878311076259,13.999882666492155
3148,1.1200368967024728,30.460244342842433,0.005013303152084971,16.46755985742005,13.944811074546244
3149,1.1200368967024728,30.459391092407895,0.005078704323874124,16.196381135923588,13.900099280915269
3150,1.1200368967024728,30.458470711126076,0.005536623668714917,15.930033262308218,13.864165903263396
3151,1.1200368967024728,30.45743369717703,0.006333963519275039,15.689277712458388,13.838057910765256
3152,1.1200368967024728,30.456248410070714,0.0073290293900275735,15.497834072326544,13.818474716709813
3153,1.1200368967024728,30.454907926497622,0.008368440556124488,15.350088039971075,13.80300772242149
3154,1.1200368967024728,30.453308460255943,0.01007310583907306,15.216178387414821,13.939461829131067
3155,1.1200368967024728,30.45139596133607,0.012138620332928961,15.098221086321137,14.125005016265444
3156,1.1200368967024728,30.44911902607922,0.014526039765724998,15.02094870752171,14.318455410121867
3157,1.1200368967024728,30.446492725932615,0.01678413460181905,14.994752925981464,14.581216193414676
3158,1.1200368967024728,30.443572564117844,0.018666746363245043,14.991055123430966,14.874846268722761
3159,1.1200368967024728,30.44039461750957,0.020055684546465537,14.994171491844815,15.184588125171045
3160,1.1200368967024728,30.4370123345375,0.020906776469061687,14.99529767512916,15.50303663234911
3161,1.1200368967024728,30.43351042719184,0.021212854830776125,14.976607358100008,15.819743633321067
3162,1.1200368967024728,30.429965834651526,0.021098070076959664,14.942526201616277,16.136116565882165
3163,1.1200368967024728,30.426486180186465,0.020711546648196515,14.900612053853125,16.45047222811307
3164,1.1200368967024728,30.423072547118995,0.02031857508456684,14.818553872537038,16.7620303478334
3165,1.1200368967024728,30.419689761143733,0.02013496748913373,14.696337985219625,17.07922829484453
3166,1.1200368967024728,30.41627656111941,0.02031599753171747,14.552808659712065,17.402232906734415
3167,1.1200368967024728,30.412784165766546,0.020787382767749798,14.459959318940815,17.729699160715516
3168,1.0667018063833074,30.40945581383315,0.0208015143094039,14.41569233681847,17.868677191526707
3169,1.0159064822698165,30.4064691602988,0.019599268150967596,14.365461678475254,17.77989388203016
3170,0.9675299831141109,30.40395030221006,0.01735593475271282,14.333940075964172,17.594976648539244
3171,0.9214571267753436,30.401959654164134,0.014402175193238814,14.333036132825672,17.329072374086103
3172,0.8775782159765178,30.400486703109046,0.011189513962189139,14.35473452894624,17.008258030177334
3173,0.8775782159765178,30.39914422110954,0.01019838441036822,14.328125146917559,17.009178315260446
3174,0.8775782159765178,30.397648606135075,0.01136168413814256,14.28601973908877,17.098963446400198
3175,0.8775782159765178,30.39589705419772,0.013305951199706227,14.260241126118851,17.103826866869404
3176,0.8775782159765178,30.39385574090933,0.015507170766308713,14.246375510611303,17.13567481411371
3177,0.835788777120493,30.391772259692278,0.01661888166073075,14.242229318951464,16.995485132022512
3178,0.835788777120493,30.389601720767356,0.01731329720573667,14.231860067870187,16.97996462076328
3179,0.835788777120493,30.387407228585143,0.01750436029045275,14.216102738987866,16.954177768644833
3180,0.835788777120493,30.38524922139643,0.017213337849486036,14.19227499291408,16.91987968215156
3181,0.835788777120493,30.38317335782548,0.0165581195294753,14.159956897980688,16.881081359473114
3182,0.835788777120493,30.381324798864437,0.014745024992312205,14.113971862392276,16.66599872080119
3183,0.835788777120493,30.379806026206275,0.012114485539495262,14.07155706910537,16.403881899796197
3184,0.835788777120493,30.378667302523464,0.009083026030621373,14.041603390160704,16.09988791233203
3185,0.835788777120493,30.377901354339308,0.006057381183764576,14.025580617377535,15.765471595738314
3186,0.835788777120493,30.377469024764206,0.0033952292783114174,14.01835470157477,15.413493857198029
3187,0.835788777120493,30.37729511016592,0.0013573725030091078,14.01404607689488,15.057574513722823
3188,0.835788777120493,30.377287194740457,6.139987285435262e-5,14.009654882067878,14.709150696265715
3189,0.835788777120493,30.37735418084877,-0.0005161657350583012,14.005562390987611,14.376036176723897
3190,0.835788777120493,30.377298662407085,0.00043255218471301794,13.936096291616206,14.218125341879096
3191,0.835788777120493,30.376978672837737,0.002509457110564331,13.856072039213615,14.125363257833556
3192,0.835788777120493,30.376318280982993,0.005192278849384121,13.793296286823244,14.089230713772364
3193,0.835788777120493,30.375274131979463,0.00822580507349206,13.77259932704379,14.061370299946052
3194,0.835788777120493,30.37387374092344,0.01101165320566241,13.836278685621082,14.087709373941935
3195,0.835788777120493,30.37220326553764,0.013089131721056033,13.922518899850598,14.137506687962073
3196,0.835788777120493,30.37037394846649,0.014281033627129664,13.997078012560248,14.18969061042287
3197,0.835788777120493,30.368501514977137,0.014571855226208935,14.047720302961089,14.234267827359304
3198,0.835788777120493,30.366688917333043,0.014076863273838619,14.073590252797631,14.263926739689484
3199,0.835788777120493,30.365017758883145,0.012971833033053097,14.079074716302362,14.271179217054938
3200,0.835788777120493,30.363530098251594,0.011555267415591142,14.069782915807448,14.261573700679364
3201,0.835788777120493,30.36222887595938,0.010123163968400805,14.04922878715912,14.238977520881699
3202,0.835788777120493,30.361086968586132,0.008903954250314958,14.019067919856203,14.206645321721957
3203,0.835788777120493,30.3601041603369,0.007708871627612689,14.012718602302938,14.122824434815193
3204,0.835788777120493,30.359234504609685,0.006849812493150938,14.049076614098526,14.064110144165397
3205,0.835788777120493,30.35840306166766,0.006563225661442547,14.033263989745198,14.02067907091942
3206,0.835788777120493,30.357538668093902,0.006844598064313505,13.96271673813262,13.989660017557485
3207,0.835788777120493,30.356581873702964,0.007587124771246634,13.87029954845852,13.969632309839334
3208,0.835788777120493,30.355496060212953,0.008616959047179367,13.784546024619832,13.958693937156646
3209,0.835788777120493,30.35427085544461,0.009725894525541482,13.715919288560618,13.954770668438304
3210,0.835788777120493,30.352914637472274,0.010765550110104556,13.651447255840491,13.955225202348023
3211,0.835788777120493,30.35143952440584,0.011705605498543529,13.557145448654909,13.959665353426251
3212,0.835788777120493,30.34987040441651,0.012445957300793379,13.463794892716136,13.965980430083327
3213,0.835788777120493,30.348242188793776,0.01291011717359569,13.392860501100975,13.970929924606814
3214,0.835788777120493,30.346590648649773,0.01309341274137654,13.344158133185061,13.972684635474316
3215,0.835788777120493,30.3449460533493,0.013040074361681758,13.310953643411173,13.97084124776125
3216,0.835788777120493,30.34332114079517,0.01288871283124135,13.287331829887517,13.965742409418837
3217,0.835788777120493,30.341726873360752,0.012651312785182634,13.270267950427534,13.959477487585968
3218,0.835788777120493,30.340169631321245,0.012363373283179964,13.254857191773127,13.952843348806821
3219,0.835788777120493,30.338647395637924,0.012090570181741745,13.238431493041933,13.946932425337993
3220,0.835788777120493,30.337152599736974,0.01187653300484031,13.220861678863141,13.94234416675109
3221,0.835788777120493,30.335676062635613,0.011733973665866931,13.203749559514486,13.939360041979159
3222,0.835788777120493,30.33420779673065,0.011669413580513363,13.187557016610679,13.937961569763859
3223,0.835788777120493,30.332607172123314,0.012584822466992874,13.175170345231464,14.08918840619739
3224,0.835788777120493,30.330764396544197,0.014287086715342956,13.182293978286932,14.2880298348067
3225,0.835788777120493,30.328608099262603,0.016440925710234824,13.214867107526649,14.528673005205526
3226,0.835788777120493,30.32610821595061,0.01870316471181961,13.268307235413818,14.806357106943814
3227,0.835788777120493,30.32340643877222,0.02002112062192128,13.290454828618696,14.948744792551192
3228,0.835788777120493,30.32065820813079,0.020211329077725396,13.298993160592712,15.062667349792074
3229,0.835788777120493,30.318018840006598,0.019314781677799455,13.29580417127432,15.137485658916223
3230,0.835788777120493,30.31560125192414,0.017650367170843406,13.28427055505792,15.173023929782719
3231,0.835788777120493,30.31346223682292,0.015614988719773855,13.270743900799705,15.174547752613055
3232,0.835788777120493,30.31160213085262,0.013600425175983795,13.261835757546853,15.150563362113147
3233,0.835788777120493,30.30997081649774,0.011958166440432655,13.262093806967648,15.111815573418514
3234,0.835788777120493,30.30835302756386,0.01176674726226259,13.278769546554322,15.23031956527325
3235,0.835788777120493,30.306556634114703,0.012919363777992713,13.317880396924453,15.402950381825768
3236,0.835788777120493,30.30457801371729,0.014169966423054589,13.354134031900593,15.468109632732174
3237,0.835788777120493,30.30243864426222,0.015254756375727352,13.381559684102307,15.535459227221978
3238,0.835788777120493,30.300188745754568,0.01598159109627626,13.401974110977667,15.595040028635255
3239,0.835788777120493,30.297893234152898,0.016257637120589342,13.418395079394813,15.64104074106424
3240,0.835788777120493,30.29561770393665,0.01608561571081542,13.433272561923113,15.670703678993442
3241,0.835788777120493,30.293416432565703,0.015547386279965419,13.447851159181353,15.684106306262285
3242,0.835788777120493,30.29132432340273,0.014777037035051961,13.462316242855064,15.683412332621467
3243,0.835788777120493,30.289353789079897,0.01392829104726094,13.476231607064264,15.672192282159994
3244,0.835788777120493,30.287496367077022,0.013143478528290054,13.489081098016273,15.654667460787179
3245,0.835788777120493,30.285727721772602,0.012531002657809074,13.500630173491693,15.635022269075682
3246,0.835788777120493,30.284014736716372,0.012150811897968733,13.511041782156592,15.61679312781183
3247,0.835788777120493,30.28232275873304,0.012012765020100461,13.520708055923814,15.602540061929231
3248,0.835788777120493,30.280475866548326,0.012983421453618048,13.538666813342195,15.757813983818744
3249,0.835788777120493,30.2784906503089,0.013915093243503974,13.557157932386174,15.803936613359014
3250,0.835788777120493,30.27639733290435,0.014627441677383304,13.571875865137775,15.852957305204715
3251,0.835788777120493,30.274092604033658,0.015896173638466442,13.602137223955882,16.060935016375513
3252,0.835788777120493,30.27168246487994,0.01658319472175278,13.620942541180453,16.139685429980254
3253,0.835788777120493,30.26919983930908,0.017081944500658128,13.708944706081096,16.13842732301926
3254,0.835788777120493,30.266738142894948,0.016937939420818,13.893060846259576,16.164777902020997
3255,0.835788777120493,30.26436567225761,0.016324012864513838,14.082669543424092,16.169427012276806
3256,0.835788777120493,30.262119209832164,0.015457001218669648,14.234049759069064,16.155019944762564
3257,0.835788777120493,30.259950926456252,0.014945467170942273,14.37902929943686,16.071267359453618
3258,0.835788777120493,30.25782441386565,0.014700558831515238,14.58052542235768,16.02424936776685
3259,0.835788777120493,30.25570929484784,0.014658932549762593,14.765998236465876,15.983653069067985
3260,0.835788777120493,30.253731028130773,0.013883187043679657,14.906853527640079,15.784806062916697
3261,0.835788777120493,30.251979677012393,0.012480864811997922,14.994874768384872,15.544334229560015
3262,0.835788777120493,30.250508007901434,0.010676698813216602,15.034729198618846,15.26921688094401
3263,0.835788777120493,30.249325870919428,0.008709193467502057,15.0360391108679,14.969575041789646
3264,0.835788777120493,30.248404838045655,0.006796766269714776,15.01123337345631,14.656859082662903
3265,0.835788777120493,30.247712669781667,0.005121152384548458,14.972267056817259,14.339887371619492
3266,0.835788777120493,30.247202042051686,0.0037887521844359217,14.929723919603097,14.027292522977644
3267,0.835788777120493,30.246821841277434,0.002827948340511245,14.89310001484371,13.725888487858487
3268,0.835788777120493,30.246533106468988,0.0021511296312131797,14.868807596411896,13.436041472841579
3269,0.835788777120493,30.246186197187352,0.002596135287989255,14.802401509368243,13.301441690370849
3270,0.835788777120493,30.245671378812837,0.0038713359237248545,14.731153749535142,13.2201430710655
3271,0.835788777120493,30.244929416674577,0.0056014361916615005,14.673236986839362,13.185427859296224
3272,0.835788777120493,30.243951430414754,0.007404226666610004,14.63176201194178,13.185597906592038
3273,0.835788777120493,30.242770975628396,0.008955094109288872,14.60235101957781,13.207817212574492
3274,0.835788777120493,30.24145105837137,0.010029032173032684,14.579118411477195,13.239920229664898
3275,0.835788777120493,30.240068058239558,0.01052353967746785,14.558075236191947,13.27209906567624
3276,0.835788777120493,30.238696808449166,0.010448620308994048,14.537884271162406,13.297341933817401
3277,0.835788777120493,30.237398151316235,0.009908318792726177,14.519047124390232,13.311713819592887
3278,0.835788777120493,30.236211532195536,0.009063783309177401,14.50258463978582,13.314080522536242
3279,0.835788777120493,30.235152127790904,0.008099622414590767,14.489072365926319,13.30580594432752
3280,0.835788777120493,30.234212720802336,0.007187577502813674,14.478208509691012,13.289543087385558
3281,0.835788777120493,30.23336824743691,0.006465301234186467,14.469075167734244,13.268908857163934
3282,0.835788777120493,30.232583389021684,0.006012409145146809,14.460602002395703,13.247501087648997
3283,0.835788777120493,30.23181908165385,0.00585845145314473,14.452027908057138,13.22838040379207
3284,0.835788777120493,30.231039768836297,0.005976017843631098,14.445863754673985,13.213651712893606
3285,0.835788777120493,30.23021841189981,0.006299608369166418,14.443151232170734,13.204383406295017
3286,0.835788777120493,30.229329001314888,0.006839871215276972,14.404492104316715,13.201657745733112
3287,0.835788777120493,30.228356451903426,0.007500848938363215,14.362989302856308,13.20556140230091
3288,0.835788777120493,30.227299956431207,0.008163037378877004,14.33703798352254,13.212707505046184
3289,0.835788777120493,30.22617851147847,0.008671768575006584,14.325634359072835,13.21434676771908
3290,0.835788777120493,30.22501867010523,0.008970339732319614,14.322976722472651,13.213245425087312
3291,0.835788777120493,30.223847290248735,0.009059282071618087,14.323447155978643,13.209430347306206
3292,0.835788777120493,30.222687819494112,0.008966249544952943,14.324931631998064,13.202911320908187
3293,0.835788777120493,30.221557111317008,0.008743388077322622,14.325650735057653,13.19411492819591
3294,0.835788777120493,30.220467686924984,0.008424726092005418,14.324678575863585,13.180307188197187
3295,0.835788777120493,30.219423617334197,0.008075923416462075,14.321247020973788,13.164982239479446
3296,0.835788777120493,30.218421287529903,0.007756109612533366,14.31562412973333,13.149487538120583
3297,0.835788777120493,30.21745168948735,0.007506594027354754,14.308443138184472,13.134629912300289
3298,0.835788777120493,30.216503011124384,0.0073488401557382415,14.300254781373756,13.121078088069675
3299,0.835788777120493,30.21556303315376,0.007285953492056256,14.291402859059927,13.109310820197823
3300,0.835788777120493,30.2145736535805,0.007655049953896875,14.317213175706863,13.053916848965391
3301,0.835788777120493,30.213514811742467,0.008142597580803749,14.404948243997644,13.042666045557313
3302,0.835788777120493,30.21238574132368,0.008624327849111796,14.502382398668122,13.040300680906963
3303,0.835788777120493,30.211193407002852,0.009054715302256275,14.587028320444244,13.040674671065482
3304,0.835788777120493,30.209950671696888,0.009396052184150298,14.65132147030168,13.04262796027611
3305,0.835788777120493,30.208678515831707,0.009594368507717898,14.68816390696674,13.04139717957835
3306,0.835788777120493,30.207397404170262,0.009652896444198025,14.701881506453942,13.039735646096924
3307,0.835788777120493,30.206124914165947,0.009590677789290906,14.697675673968757,13.037389476447881
3308,0.835788777120493,30.204875405300346,0.009428403181202534,14.680632834661344,13.034124298455644
3309,0.835788777120493,30.2036576684988,0.009205133237222904,14.654362590985775,13.029915106674444
3310,0.835788777120493,30.202477111872668,0.008943478249558547,14.622578072711436,13.024509355251578
3311,0.835788777120493,30.201331070348424,0.008702639925148463,14.587904771859964,13.018866892384736
3312,0.835788777120493,30.200212813241443,0.008512714034076593,14.551816290403702,13.013044255333536
3313,0.835788777120493,30.19911393106467,0.008385966461343318,14.515820498302025,13.007375530414706
3314,0.835788777120493,30.198025787029565,0.008323780117778165,14.481360573992918,13.002089862889221
3315,0.835788777120493,30.196940742793576,0.008318332776174884,14.449563725041843,12.99735385554619
3316,0.835788777120493,30.19585325417316,0.008353583684419809,14.421003237414677,12.993190535479684
3317,0.835788777120493,30.194759995695772,0.008412458155723935,14.396055671641166,12.989704014287687
3318,0.835788777120493,30.193659957220657,0.008476473183450933,14.375940406633475,12.986827443368917
3319,0.835788777120493,30.192554022380996,0.008530979903604316,14.360653436349594,12.984497543359286
3320,0.835788777120493,30.19144420559153,0.008568406975150464,14.348112900844399,12.982589472456246
3321,0.835788777120493,30.190332999909728,0.008586131025948294,14.336413628326842,12.980955914459338
3322,0.835788777120493,30.189222654158097,0.008586709294697266,14.32435435624631,12.979534607428233
3323,0.835788777120493,30.188115447431024,0.008570347401170826,14.3111281311196,12.977930623816613
3324,0.835788777120493,30.18701173397024,0.008553338768221725,14.294344571380877,12.97640401099856
3325,0.835788777120493,30.18590247995883,0.00862235566519213,14.251108795853193,12.975880221224383
3326,0.835788777120493,30.184778781809968,0.008760050894294944,14.209755879425531,12.975969324253889
3327,0.835788777120493,30.18353549130465,0.009728703792045044,14.156673541844702,13.113000453196324
3328,0.835788777120493,30.18209024519273,0.011345116129873701,14.111606079702169,13.291756771791452
3329,0.835788777120493,30.180392483384548,0.01335423499806249,14.083199329209346,13.51005382755874
3330,0.835788777120493,30.17842598256073,0.015480433486090616,14.07196012455497,13.761330474754645
3331,0.835788777120493,30.176310464360014,0.01667287701433606,14.055613299891762,13.88909777016959
3332,0.835788777120493,30.174180344940766,0.016818978198297974,14.02968515074591,13.975798404034634
3333,0.835788777120493,30.172143564238457,0.016085758567955997,14.005835042327577,14.026402794527943
3334,0.835788777120493,30.170275589712542,0.014736044755045991,13.991778459263022,14.042149689662867
3335,0.835788777120493,30.168615232668575,0.013110711417289827,13.978240293222417,14.028744693740729
3336,0.835788777120493,30.16715579967337,0.011550311495039716,13.95768045960972,13.996970420445761
3337,0.835788777120493,30.165858241821923,0.010297985599572583,13.935338747829583,13.95783405095991
3338,0.835788777120493,30.16466369555672,0.009506361974647878,13.912724235808232,13.919774785553992
3339,0.835788777120493,30.163507058225857,0.009223043649465683,13.892055894200753,13.888944304386532
3340,0.835788777120493,30.162331292785463,0.009387243613911248,13.874782468138234,13.866801497474729
3341,0.835788777120493,30.16109727948632,0.009862551490026641,13.860348093661614,13.85130286019569
3342,0.835788777120493,30.15978250234282,0.01051889164404975,13.846045198076574,13.845359622118874
3343,0.835788777120493,30.15837996779013,0.01122069837351964,13.827388311629239,13.84641238516875
3344,0.835788777120493,30.15690291457615,0.011816663184438912,13.803740843537485,13.846654822306684
3345,0.835788777120493,30.155377488054228,0.012207031938069345,13.777047738571666,13.842827051984454
3346,0.835788777120493,30.153832811535413,0.012367486802382338,13.749930742417893,13.835653275538487
3347,0.835788777120493,30.152296166720035,0.01231335620445301,13.723459742423348,13.824219878193258
3348,0.835788777120493,30.150897279777954,0.011304366834047936,13.708184937893549,13.667522375459372
3349,0.835788777120493,30.14971503999473,0.009554356840987845,13.707166650070977,13.470584676156106
3350,0.835788777120493,30.148804929307275,0.007347007640202464,13.722312447665688,13.238291745426933
3351,0.835788777120493,30.148181884215866,0.005020722154803156,13.746649873143472,12.980642358851572
3352,0.835788777120493,30.147823941958226,0.0028790970508527757,13.772102589946844,12.709646804405095
3353,0.835788777120493,30.1475843091404,0.0019322806533204982,13.73787846145665,12.562378969295
3354,0.835788777120493,30.14732113563887,0.002132256956190356,13.67244546311814,12.454642483632206
3355,0.835788777120493,30.146901975381265,0.0034139011625584754,13.60105935617363,12.388734483127193
3356,0.835788777120493,30.146270471811164,0.005167109321979599,13.538537143755525,12.359435130096463
3357,0.835788777120493,30.145406290701107,0.007096979453856678,13.488846167929964,12.359395598601393
3358,0.835788777120493,30.14432240764075,0.008928011370492797,13.44842034613065,12.379185132669246
3359,0.835788777120493,30.14305914771014,0.010433420722537947,13.41249525530192,12.409844052845964
3360,0.835788777120493,30.1416752710454,0.011459404783120002,13.377621579830278,12.443379484815413
3361,0.835788777120493,30.14023723657766,0.011939002162417575,13.342734539307273,12.473213742741681
3362,0.835788777120493,30.138806842182113,0.011906691423430647,13.307861800864673,12.495242107562806
3363,0.835788777120493,30.137432893159893,0.011465993921469965,13.274020773684894,12.507311982101598
3364,0.835788777120493,30.136121955137394,0.01095590876728328,13.254926798829917,12.480029089427505
3365,0.835788777120493,30.134847624156887,0.01060701214382858,13.308611767489305,12.45602185148932
3366,0.835788777120493,30.13359622932217,0.010353276595997789,13.38936935949371,12.447297344255253
3367,0.835788777120493,30.13235112254518,0.01024547872618603,13.46225838663244,12.437764594533087
3368,0.835788777120493,30.13100152667795,0.011078822082044354,13.494404760318995,12.552680890349125
3369,0.835788777120493,30.129455603515332,0.012657916787294027,13.529110651692445,12.70527135307128
3370,0.835788777120493,30.12764962503749,0.014728957458867573,13.582638540668482,12.895828289433629
3371,0.835788777120493,30.125553568017065,0.017006037236732805,13.653485958357562,13.119351329220951
3372,0.835788777120493,30.12317178506636,0.019211450443732896,13.733638389989288,13.368112141558166
3373,0.835788777120493,30.12064179564966,0.02035545279268138,13.768337965743376,13.493170998480947
3374,0.835788777120493,30.11810126668308,0.02044120034175786,13.767698194050878,13.588118883323997
3375,0.835788777120493,30.115665427081016,0.019627356758986376,13.747712814009205,13.647345851594464
3376,0.835788777120493,30.11341749422061,0.01813778582697139,13.729118303369896,13.66425210122288
3377,0.835788777120493,30.11139483546184,0.01633086930493868,13.72008800558612,13.657021582951588
3378,0.835788777120493,30.10959760214838,0.014524189263236812,13.70743330231978,13.630214265184858
3379,0.835788777120493,30.10799439228829,0.012977602910394497,13.68483213726667,13.592940803689746
3380,0.835788777120493,30.106532420623353,0.011861688936722632,13.653248835493503,13.553007062100614
3381,0.835788777120493,30.105124557183697,0.011454204628916128,13.615674934221875,13.481972515990343
3382,0.835788777120493,30.103663207568164,0.011851746082010596,13.658888886945087,13.426866342554007
3383,0.835788777120493,30.102088689509582,0.012696539835386038,13.737441223092585,13.410328495160929
3384,0.835788777120493,30.10037249975399,0.013764126195686944,13.81211673769898,13.406307643493424
3385,0.835788777120493,30.098514916584424,0.014839158218486042,13.867002152369967,13.412725969375117
3386,0.835788777120493,30.096540400932007,0.01574061662865576,13.895763695206075,13.426758597938157
3387,0.835788777120493,30.094490004304433,0.016344079997940346,13.8969975311167,13.44498356514622
3388,0.835788777120493,30.092412831396825,0.01658646346687432,13.872745971713021,13.463982513358518
3389,0.835788777120493,30.09035746530363,0.01646651054810017,13.827102808295436,13.48065433772008
3390,0.835788777120493,30.08836373601115,0.016045737329452425,13.764172032870317,13.492887897244138
3391,0.835788777120493,30.086458655213814,0.015417257692108732,13.688310525838464,13.499614367983154
3392,0.835788777120493,30.084655652506683,0.014682039060273568,13.603591574826568,13.500713674933582
3393,0.835788777120493,30.082955101836077,0.01394024957303222,13.513337039721696,13.497322665433433
3394,0.835788777120493,30.08133869013908,0.013272930303340032,13.420553735375863,13.490521904329116
3395,0.835788777120493,30.079793584696148,0.012700864942866376,13.327786430473068,13.476229715611598
3396,0.835788777120493,30.078267188540504,0.012610491829794663,13.259519553529163,13.408457484854996
3397,0.835788777120493,30.076724663184198,0.012762742861800265,13.253524011792244,13.388498468750276
3398,0.835788777120493,30.07515546381264,0.012990667361688343,13.249338053918752,13.381051554833977
3399,0.835788777120493,30.073557177478385,0.013235161854714924,13.226960423329821,13.377313662908904
3400,0.835788777120493,30.07193388526902,0.013443264404460344,13.183598207495145,13.376285962834746
3401,0.835788777120493,30.070294545453994,0.013575231508349262,13.12210672289912,13.377203166795812
3402,0.835788777120493,30.068651253979915,0.013605873799511177,13.047264948210314,13.379249247338318
3403,0.835788777120493,30.0670187590887,0.013515795812940512,12.963339747757509,13.379928404464417
3404,0.835788777120493,30.065413741189655,0.013290838529393762,12.874209421307418,13.377380466676147
3405,0.835788777120493,30.063849473362204,0.012957623526865861,12.78432248090642,13.373015140391676
3406,0.835788777120493,30.06233937148339,0.012523329223443949,12.708992256425473,13.35764911136822
3407,0.835788777120493,30.060887149169695,0.012052658267689325,12.649535945347637,13.347312947355434
3408,0.835788777120493,30.059491575731965,0.011590993644129357,12.588209216853492,13.337536101648901
3409,0.835788777120493,30.05815646827633,0.011101412176639529,12.522748220081333,13.322372555979793
3410,0.835788777120493,30.056875343748573,0.010661571383166545,12.465261156169527,13.311092698115054
3411,0.835788777120493,30.05563454101753,0.010333250278067236,12.40932070379383,13.301768128916866
3412,0.835788777120493,30.054423645301014,0.010092077649774232,12.352569265465297,13.291369769294674
3413,0.835788777120493,30.053199333776895,0.0102534708539442,12.338367980090265,13.227099392660001
3414,0.835788777120493,30.051928794846212,0.010656529954237014,12.432783750940143,13.207351845119868
3415,0.835788777120493,30.05060637625613,0.011096160706525908,12.560628513766206,13.202001828284336
3416,0.835788777120493,30.049242334769406,0.011448786133654871,12.685548902444376,13.19810920488394
3417,0.835788777120493,30.04795578196375,0.010909416774853412,12.80052757523888,13.063804228665045
3418,0.835788777120493,30.046840269132623,0.009572282649114158,12.909298320300165,12.897217140107498
3419,0.835788777120493,30.04594372758998,0.00762832294263844,13.019218879021503,12.700927196759666
3420,0.835788777120493,30.045312236318225,0.005325983511985624,13.134426527654496,12.480598018392449
3421,0.835788777120493,30.04487925940358,0.0036323655804529373,13.20440299626787,12.36249900347065
3422,0.835788777120493,30.04456139395269,0.0026590900084955964,13.242008711251145,12.267636008977316
3423,0.835788777120493,30.04427427940995,0.002398048969067445,13.262968072635742,12.199455323626184
3424,0.835788777120493,30.043948477258706,0.0027181367877026465,13.277802975135277,12.157729873923142
3425,0.835788777120493,30.043536508047822,0.003433633531219365,13.290900264139255,12.138701555187872
3426,0.835788777120493,30.043015542151927,0.004338070419437991,13.303204804464627,12.137045162833402
3427,0.835788777120493,30.042386000088076,0.005237873435739213,13.314146584530706,12.146781034340771
3428,0.835788777120493,30.041661865422046,0.006020783343056622,13.323242112044136,12.16192384000843
3429,0.835788777120493,30.04083141717079,0.0068796368705980465,13.371823648610246,12.132823694304287
3430,0.835788777120493,30.039924506115202,0.007456928185593645,13.472503849569378,12.144480224534924
3431,0.835788777120493,30.03898157261864,0.007693957931864142,13.57609402760826,12.155891020882718
3432,0.835788777120493,30.03804118541868,0.0076245320943787815,13.662717639355089,12.162428027753156
3433,0.835788777120493,30.037134082071336,0.007320638368824487,13.726233947467783,12.163300517626586
3434,0.835788777120493,30.036277113412375,0.0069009254810079934,13.756285551812736,12.15963795042629
3435,0.835788777120493,30.035466590190836,0.006540609699255557,13.727479654071534,12.154920632034395
3436,0.835788777120493,30.034692644632475,0.006262720383095622,13.6896067025482,12.149733857153139
3437,0.835788777120493,30.033942316018916,0.006085836284610171,13.657613679998782,12.143971166785407
3438,0.835788777120493,30.03320185217344,0.0060182985546997966,13.629305007449684,12.13822438035527
3439,0.835788777120493,30.032459018654198,0.006050628264189977,13.59986512916164,12.133334524557885
3440,0.835788777120493,30.031700582084248,0.006198728147704689,13.553774505247688,12.130064733614967
3441,0.835788777120493,30.030915526993642,0.006444052253701673,13.495365820629273,12.129841504309063
3442,0.835788777120493,30.030099979392464,0.00672202700412878,13.439794946711203,12.131574203762288
3443,0.835788777120493,30.029256290584343,0.006979606410740478,13.390442718448416,12.134358282242163
3444,0.835788777120493,30.02839122476177,0.0071811509095322645,13.344388630403838,12.137367177160515
3445,0.835788777120493,30.027517826679578,0.007274753874060133,13.29956726466921,12.13649852739964
3446,0.835788777120493,30.026650004460716,0.00725290937839949,13.254461708405445,12.133792958115013
3447,0.835788777120493,30.025799556012114,0.00713242799473146,13.208520608400738,12.129940200066367
3448,0.835788777120493,30.024974968870033,0.006940085037384892,13.161801824391905,12.12498481847398
3449,0.835788777120493,30.02418096675312,0.006706759713504516,13.114522852387129,12.119068570832706
3450,0.835788777120493,30.023418601931322,0.006463010360628859,13.066870196056808,12.112430376279164
3451,0.835788777120493,30.02268567631841,0.006236258063013109,13.019053186937931,12.105611233551146
3452,0.835788777120493,30.021930669799946,0.006425154517749863,13.016994028143646,12.051381682649009
3453,0.835788777120493,30.02114761698257,0.006636447938931375,13.070702969724536,12.041218884616404
3454,0.835788777120493,30.02033817549286,0.006827533651141427,13.133037756436988,12.034264872094012
3455,0.835788777120493,30.01950668750492,0.006985584622550792,13.185506051468295,12.02874561665675
3456,0.835788777120493,30.01865973821026,0.0070956360840938645,13.222380719504022,12.024117289892823
3457,0.835788777120493,30.017805108892986,0.0071487925399064565,13.243069972827282,12.019973143152129
3458,0.835788777120493,30.016950577225643,0.007144814319947618,13.248929694855626,12.016058080607483
3459,0.835788777120493,30.016103352366155,0.007087432641066821,13.241992174971761,12.012130907399525
3460,0.835788777120493,30.01526932841412,0.006986227754389519,13.224503145782492,12.007976831691886
3461,0.835788777120493,30.014452584347303,0.006854808408135576,13.198793928579233,12.003584832086599
3462,0.835788777120493,30.013655370975396,0.006707016074108396,13.16705980961225,11.998823834168933
3463,0.835788777120493,30.0128828304209,0.006520436617953414,13.124663882405098,11.994197861183045
3464,0.835788777120493,30.012141728052708,0.006277129635162209,13.078582735989142,11.983678316620598
3465,0.835788777120493,30.01143528894894,0.0060033094869134515,13.035496540751524,11.969984558855952
3466,0.835788777120493,30.010766112309977,0.005702825541577071,12.998530755318068,11.951815381488823
3467,0.835788777120493,30.010132346988122,0.005413965779304901,12.967508651530895,11.933287261171994
3468,0.835788777120493,30.009529039112422,0.005164004692135145,12.941837646077767,11.915210788564334
3469,0.835788777120493,30.008947235468582,0.004991333534417645,12.91229460155121,11.898065101020359
3470,0.835788777120493,30.008372379319653,0.0049495042337477976,12.865926376550117,11.883782158514775
3471,0.835788777120493,30.00779506526514,0.004985016953273015,12.82888971185421,11.871218183028397
3472,0.835788777120493,30.00721500001903,0.005014544383921872,12.814124737050042,11.853391300430932
3473,0.835788777120493,30.00663065394046,0.005047476325276148,12.82446994647899,11.838209381455929
3474,0.835788777120493,30.006041922597323,0.0050788077412629315,12.841003535123615,11.822051597574726
3475,0.835788777120493,30.005450656790803,0.0050960882485286815,12.852553041442443,11.808052474332328
3476,0.835788777120493,30.004935157642286,0.004426142579032729,12.90167606352549,11.684413347151784
3477,0.835788777120493,30.0045637244701,0.0031675286963570395,12.989837259105482,11.534148489424526
3478,0.835788777120493,30.004385812659788,0.0015031356901148297,13.11143338899725,11.359815113361599
3479,0.835788777120493,30.00435393615811,0.00026773019216216426,13.18915232874198,11.2688660032732
3480,0.835788777120493,30.004404448638443,-0.00042272722412674794,13.236771054136575,11.193780620480746
3481,0.835788777120493,30.00447294731654,-0.0005720169895575065,13.265292887467876,11.138061749697112
3482,0.835788777120493,30.004503508275874,-0.0002549237526199393,13.280066838160089,11.102092522910862
3483,0.835788777120493,30.00445583188865,0.0003975523859051456,13.284724581070746,11.084153118174973
3484,0.835788777120493,30.004304455669374,0.0012634418754600871,13.272293225727681,11.080209750679181
3485,0.835788777120493,30.00404289058311,0.0021869468435591474,13.249061852251241,11.086565397540198
3486,0.835788777120493,30.003682738815264,0.0030165294170359327,13.225788300024973,11.098310019023717
3487,0.835788777120493,30.003247591574777,0.0036501972383590924,13.20576249997044,11.110092828681013
3488,0.835788777120493,30.002770895588164,0.004003806263205184,13.189004661910882,11.114254779947268
3489,0.835788777120493,30.002283986528184,0.004094243675531128,13.17400274451538,11.114164166105699
3490,0.835788777120493,30.001811691822507,0.003976290855676048,13.157655571019113,11.109483754687405
3491,0.835788777120493,30.00137058621024,0.003719408833410516,13.137485390906145,11.100488663378343
3492,0.835788777120493,30.000970076573058,0.0033835241563629245,13.112553406299655,11.088189401083733
3493,0.835788777120493,30.00060915245411,0.0030560912227644028,13.082573165627057,11.074400167879814
3494,0.835788777120493,30.000279743204405,0.0027968473421573345,13.046998377518452,11.06032323308835
3495,0.835788777120493,29.999969760187508,0.002640186828020805,13.006091994340645,11.04714488747887
3496,0.835788777120493,29.999665270416607,0.002601804514301952,12.964077702037262,11.035996579279923
3497,0.835788777120493,29.999352680800854,0.002680230233279927,12.919509502143624,11.027189810288066
3498,0.835788777120493,29.999021124131307,0.002853000992200547,12.87358268215718,11.020947641471068
3499,0.835788777120493,29.998663164677485,0.003091821893845188,12.82516465326238,11.017166187751453
3500,0.835788777120493,29.99831067364909,0.0030700197058292447,12.718927315554714,10.983520490980087
3501,0.835788777120493,29.997963340308686,0.0030375121208522544,12.666949359412573,10.97542539718554
3502,0.835788777120493,29.997617803407884,0.0030269866849291734,12.645252445404054,10.96676965970564
3503,0.835788777120493,29.997232968542146,0.0033612418251700066,12.682890232134037,10.92404625774762
3504,0.835788777120493,29.996809051636543,0.0036799760433115208,12.760841833840843,10.924379011719948
3505,0.835788777120493,29.996349268749782,0.003967703359816012,12.836812220031275,10.926480519754385
3506,0.835788777120493,29.995859372755888,0.004208855975797459,12.893873471617232,10.92891354907907
3507,0.835788777120493,29.99532960643698,0.004537663015217273,12.932892988904179,10.893721721572696
3508,0.835788777120493,29.994752923866884,0.00491420564441719,12.999512911880563,10.86393739197794
3509,0.835788777120493,29.99413278562215,0.005262206767555934,13.054618587812094,10.860375491127416
3510,0.8775782159765178,29.993391708602665,0.0060065209263325875,13.01651231091873,10.961104968375107
3511,0.8775782159765178,29.992546917525882,0.0068726853934347595,12.968123438559044,10.955822078293872
3512,0.8775782159765178,29.991596358383998,0.0077430402717067505,12.951554777093039,10.96824104450563
3513,0.8775782159765178,29.990567320634586,0.008392426488487197,12.935941494573314,10.990947727369818
3514,0.8775782159765178,29.989490285696593,0.008802933664863795,12.907931267033009,11.008114648434757
3515,0.8775782159765178,29.98839049319951,0.009018485773738648,12.865640437070175,11.01874690015088
3516,0.8775782159765178,29.987220568585144,0.00963034778550144,12.816522042136683,11.123066346079415
3517,0.8775782159765178,29.98594686962321,0.010521767991294517,12.771219093690808,11.252936741201342
3518,0.8775782159765178,29.984543770054934,0.011623350113481673,12.735366660246541,11.407501516135873
3519,0.8775782159765178,29.98306368665785,0.01231071372009225,12.684029300206424,11.476957318371442
3520,0.8775782159765178,29.981561981337542,0.012557951468082928,12.615957021732566,11.533267906737091
3521,0.8775782159765178,29.98008786883045,0.012405265045635754,12.53657390007882,11.573514941635347
3522,0.8775782159765178,29.978678573804377,0.011940865495219614,12.451463347919114,11.5975917959008
3523,0.8775782159765178,29.977354041335346,0.011306205823693816,12.35947442922707,11.607546484456458
3524,0.8775782159765178,29.976119260349908,0.010619635118080012,12.266894208165922,11.60647157666489
3525,0.8775782159765178,29.97497424955042,0.009919247017231783,12.178257680300126,11.588974111389765
3526,0.8775782159765178,29.973908105096275,0.0092988175484041,12.09602309550859,11.565763018688978
3527,0.8775782159765178,29.972902711184584,0.008824362189791591,12.020075833968807,11.54018437240593
3528,0.8775782159765178,29.971936493742344,0.00853074314323961,11.949295170236638,11.515130699184255
3529,0.8775782159765178,29.9709862800264,0.008437370020690517,11.881423640966968,11.494371260488354
3530,0.8775782159765178,29.970028647085975,0.008551907051042106,11.8138209987466,11.48141572681908
3531,0.8775782159765178,29.968983901424924,0.009370378978810236,11.762718448465627,11.583722688277815
3532,0.8775782159765178,29.967786048843966,0.010763174620072936,11.741329297779691,11.724722842653234
3533,0.8775782159765178,29.96637211305307,0.012534586731640828,11.756957693869209,11.900739529288478
3534,0.8775782159765178,29.964713464092316,0.014454551237508325,11.806368759268729,12.106097011419253
3535,0.8775782159765178,29.96280830002972,0.016296494548455307,11.878931933036311,12.333674048829055
3536,0.8775782159765178,29.960756202163438,0.01737319651768364,11.908548226367548,12.46156589580214
3537,0.8775782159765178,29.95865753446949,0.017623291785442773,11.899774570251108,12.56350818875735
3538,0.8775782159765178,29.956608012608395,0.01711484503124612,11.865107565928874,12.6337961661181
3539,0.8775782159765178,29.954684358003977,0.016015958407388255,11.816991525278628,12.671512193258641
3540,0.8775782159765178,29.952934563053965,0.01455847469962755,11.764634080025077,12.680184260923964
3541,0.8775782159765178,29.95137487154219,0.012991222951626347,11.712928829810737,12.666101219438996
3542,0.8775782159765178,29.949992740118827,0.011538767400903148,11.662986910859964,12.637006352549161
3543,0.8775782159765178,29.948679765047732,0.010893201244766839,11.63973922003415,12.716138080932314
3544,0.8775782159765178,29.947331445379728,0.011088901793568098,11.640726637565095,12.827990042499376
3545,0.8775782159765178,29.945852139665547,0.012028088826248921,11.6683819403237,12.975245684977748
3546,0.8775782159765178,29.944166668052638,0.013515713732654453,11.723090527164201,13.15639001613103
3547,0.8775782159765178,29.942307005844345,0.014809324705174681,11.750212612085203,13.248084570751917
3548,0.8775782159765178,29.940299047354145,0.015948751280269194,11.780690453893232,13.28257653463975
3549,0.8775782159765178,29.938155532909494,0.01699206627323997,11.939190334364213,13.308665295488165
3550,0.8775782159765178,29.93584026882745,0.018126357187576016,12.178790196083405,13.475481198335586
3551,0.8775782159765178,29.933433399574312,0.018749207286734463,12.374436435012926,13.54328040068062
3552,0.8775782159765178,29.931008065664987,0.018823397778863802,12.51000621279778,13.593390735405602
3553,0.8775782159765178,29.928636376448416,0.01836817918651074,12.586525924567338,13.622159257266649
3554,0.8775782159765178,29.926368257648246,0.017550319250970482,12.613719439730636,13.634369492036907
3555,0.8775782159765178,29.92423244977341,0.01652907318948038,12.601295486678852,13.632263200684378
3556,0.8775782159765178,29.92223416822307,0.015479304069495835,12.556003077931457,13.619448725033404
3557,0.8775782159765178,29.92035968761101,0.014541037785210917,12.487486640655783,13.600028911785744
3558,0.8775782159765178,29.918582283082227,0.013810921544613818,12.40410165049864,13.577440428160285
3559,0.8775782159765178,29.9168706297321,0.013321815841206968,12.306690174278907,13.5552231191592
3560,0.8775782159765178,29.91519621998824,0.013050624867735375,12.200148883498365,13.53582460009722
3561,0.8775782159765178,29.91353494286585,0.012962487131537932,12.089104608760163,13.520975564059261
3562,0.8775782159765178,29.9118702667795,0.01299866577393126,11.977467746436968,13.51093004555212
3563,0.8775782159765178,29.91019379266527,0.013095870597146437,11.868263472363298,13.505689431465157
3564,0.8775782159765178,29.908504623471934,0.013196086945589327,11.76372318692048,13.504616809523313
3565,0.8775782159765178,29.906826430128653,0.013120247237972532,11.673530239369647,13.49442105283868
3566,0.8775782159765178,29.905170917872095,0.012945710159602136,11.612598028418525,13.491517553183252
3567,0.8775782159765178,29.90361797825722,0.01224950051732749,11.528875563647262,13.374897737674212
3568,0.8775782159765178,29.90222624774241,0.011099358460243814,11.421268926471624,13.22852900634518
3569,0.8775782159765178,29.90103589949178,0.00962088903921479,11.302168628491199,13.053083433570121
3570,0.8775782159765178,29.900065538057646,0.007965044459825254,11.189104171078908,12.852854913129493
3571,0.8775782159765178,29.89924274282752,0.006809252747026796,11.080820662389343,12.748133194955766
3572,0.8775782159765178,29.898492120785342,0.006253530543786424,10.975118838855249,12.663399842436663
3573,0.8775782159765178,29.897746159429577,0.006244862137557381,10.888012644546091,12.602240288068195
3574,0.8775782159765178,29.896956152171203,0.006635507806012616,10.820226263193165,12.560623524367243
3575,0.8775782159765178,29.896091677220866,0.00727350549080997,10.768297737834592,12.539000626916676
3576,0.8775782159765178,29.895145439900162,0.007968598343292475,10.728200219649294,12.527730960042435
3577,0.8775782159765178,29.894197431096817,0.008059266725912173,10.70269083687308,12.409981177896393
3578,0.8775782159765178,29.89332421771153,0.0075089274142580535,10.715362647640266,12.268649512954555
3579,0.8775782159765178,29.892590575670965,0.006395328128914394,10.765969603000888,12.102515845502456
3580,0.8775782159765178,29.892041080875536,0.004865628734607668,10.850289043506628,11.914584384967995
3581,0.8775782159765178,29.891697134114143,0.0030986689822460277,10.962059693269211,11.71036202249103
3582,0.8775782159765178,29.891558239055257,0.001274585767014342,11.094242099401562,11.496668621670766
3583,0.8775782159765178,29.891606472392333,-0.0004511139823236771,11.239817823431915,11.280161138816723
3584,0.8775782159765178,29.891818330090437,-0.0019618744127095794,11.392717485402603,11.06690152277078
3585,0.8775782159765178,29.89210580479415,-0.0026454251676520223,11.464587567745212,10.95477924516426
3586,0.8775782159765178,29.892382576526185,-0.0025422467195770114,11.485722457072184,10.874544015457573
3587,0.8775782159765178,29.89257819704166,-0.0017978339660917485,11.479397631234729,10.824584578613148
3588,0.8775782159765178,29.89264565919065,-0.0006210761705101298,11.459603375210671,10.800253052797375
3589,0.8775782159765178,29.8925614233403,0.0007774371288528398,11.43104589108463,10.795369220386009
3590,0.8775782159765178,29.892330263616632,0.002139635029645026,11.397950038037369,10.797982575972666
3591,0.8775782159765178,29.891978346960048,0.003267433454572688,11.362852084586178,10.80234038073356
3592,0.8775782159765178,29.89154579322126,0.004027762154764782,11.330016310123098,10.803636361716272
3593,0.8775782159765178,29.8910771398798,0.0043755694865146005,11.299817113938566,10.802091397940297
3594,0.8775782159765178,29.89061234591614,0.004350498791655938,11.271344103141178,10.796488169230868
3595,0.8775782159765178,29.89023530356047,0.0035188462244843456,11.304311947172364,10.693206360866103
3596,0.8775782159765178,29.89001384707886,0.0020507911303442408,11.392557968805376,10.564655953138093
3597,0.8775782159765178,29.88993828836973,0.0006965993132103489,11.443418200492937,10.502198246694087
3598,0.8775782159765178,29.889978671457055,-0.00037152947391381195,11.467282912261155,10.445103273418725
3599,0.8775782159765178,29.890092937022686,-0.0010507402156837297,11.472928868723338,10.39700528613502
3600,0.8775782159765178,29.890236189982332,-0.001318059732003918,11.466286605808717,10.3599161335384
3601,0.8775782159765178,29.89036655872083,-0.0012011160576609824,11.45098305030071,10.334072901315585
3602,0.8775782159765178,29.890451113217143,-0.0007804953244540697,11.429327644374569,10.318629204774235
3603,0.8775782159765178,29.89046844089085,-0.00016031653289998318,11.402924030196898,10.312094744271688
3604,0.8775782159765178,29.890409511861147,0.000546662004340319,11.372728795219652,10.311857965217307
3605,0.8775782159765178,29.890258819782034,0.0014020563788389906,11.339116805512234,10.315851010140753
3606,0.8775782159765178,29.890038974105543,0.0020545699105936517,11.288891198988317,10.32122089490299
3607,0.8775782159765178,29.889770495850733,0.0025257770338849117,11.214202339141767,10.32548021999809
3608,0.8775782159765178,29.889478092909027,0.0027652358729633583,11.1558800751934,10.324790757662887
3609,0.8775782159765178,29.8891831151681,0.0028012241056851314,11.10952964176627,10.322094173513674
3610,0.8775782159765178,29.888901930083694,0.002679156649528088,11.072570494677334,10.317152554735108
3611,0.8775782159765178,29.888645587575088,0.002448908436523487,11.043388850654427,10.310419600584822
3612,0.8775782159765178,29.888420627299066,0.0021534449638518746,11.02113548026449,10.300743931017216
3613,0.8775782159765178,29.888231102591103,0.0018167599557634066,11.005824142091948,10.287273968712517
3614,0.8775782159765178,29.888059512017247,0.001646135523261861,10.997199949374343,10.273971742683491
3615,0.8775782159765178,29.88791521632349,0.0013839271444855404,11.000044058163539,10.2609708310738
3616,0.8775782159765178,29.88780001036342,0.001103696428067824,11.012339510210083,10.242507657288815
3617,0.8775782159765178,29.887708549598837,0.000874625782424216,11.032319581307664,10.22815806385824
3618,0.8775782159765178,29.88763143953773,0.0007357472669677248,11.056983756539507,10.217166621749026
3619,0.8775782159765178,29.887559075930387,0.0006892032751847295,11.077127576716334,10.206493310016574
3620,0.8775782159765178,29.887485315038752,0.0007009605407890464,11.101633064377687,10.186519431669607
3621,0.8775782159765178,29.887406063135597,0.0007501415927937858,11.146043551503666,10.164559837962795
3622,0.8775782159765178,29.88732352455736,0.0007778916525069114,11.19417660567165,10.150320972761483
3623,0.8775782159765178,29.88722353767168,0.0009392816079273781,11.230562386950563,10.139391481281045
3624,0.8775782159765178,29.887124636877353,0.0009271366594999186,11.254088026499005,10.128317767427976
3625,0.8775782159765178,29.88703944104133,0.0007973531079996435,11.27254452338939,10.116140015467023
3626,0.8775782159765178,29.886975329807512,0.0005987948903233535,11.29562669215414,10.104211210618194
3627,0.8775782159765178,29.886935741410337,0.0003686116215948648,11.330607013678048,10.091092700342637
3628,0.8775782159765178,29.886925534860573,9.460753117049859e-5,11.381710355504422,10.073585872723363
3629,0.8775782159765178,29.88694741949246,-0.00020171721493676657,11.445916252857723,10.056028461158215
3630,0.8775782159765178,29.887054045711597,-0.0009716811870901826,11.576959055057854,9.955340037654926
3631,0.8775782159765178,29.887291155945626,-0.002125918395773885,11.766789681258263,9.836604492297099
3632,0.8775782159765178,29.887625694571707,-0.0029580743986009498,11.931401437229347,9.771407554393548
3633,0.9214571267753436,29.888075904169032,-0.0037491407008303983,12.06557412856197,9.71249004716473
3634,0.9675299831141109,29.8886272816246,-0.004338659305736514,12.160995847025331,9.66329373043694
3635,1.0159064822698165,29.889190082509977,-0.0042238185689918864,12.143276988323452,9.706695300009331
3636,1.0667018063833074,29.889738130099012,-0.003924341479465355,12.12128230917496,9.70553788247921
3637,1.1200368967024728,29.890170559974514,-0.0029721288853589932,12.02695922311509,9.793948540416126
3638,1.1760387415375964,29.89050378856289,-0.002194563280870369,11.953982957408556,9.82788643370234
3639,1.2348406786144763,29.890760290239754,-0.0016166276947148135,11.896230827834085,9.861464144012333
3640,1.2965827125452003,29.89094349222006,-0.001104607812132343,11.843005819567066,9.890154180298383
3641,1.2965827125452003,29.891072239046466,-0.0007789558575864912,11.802216422710687,9.893891986348839
3642,1.2965827125452003,29.891164262103796,-0.0005583871144328968,11.767959344952601,9.895658157118227
3643,1.2965827125452003,29.89123453286294,-0.00042773085139990606,11.731241041726287,9.892139703574752
3644,1.2965827125452003,29.891294277773966,-0.0003650278665604523,11.687316032192566,9.884973305966467
3645,1.2965827125452003,29.891350608972626,-0.000345678458706803,11.636344354222286,9.875740183130397
3646,1.2965827125452003,29.891406793723288,-0.0003463430631251081,11.583821415217848,9.865622127200536
3647,1.2965827125452003,29.89146282585788,-0.0003469494982354314,11.532163553309148,9.855323242311236
3648,1.2965827125452003,29.891516146556608,-0.00033160715224670454,11.481849025958612,9.846182594711882
3649,1.2965827125452003,29.89154061818275,-0.00015285677990362068,11.431889337306362,9.839237779769723
3650,1.2965827125452003,29.891549036853938,-5.282458523962536e-5,11.380133096701371,9.834370188204261
3651,1.2965827125452003,29.891546256430896,1.753187844189942e-5,11.324585557655935,9.83217337940202
3652,1.2965827125452003,29.891534220375036,7.630029062400155e-5,11.264136166160133,9.832391141292453
3653,1.2965827125452003,29.891511657980097,0.0001438438887545983,11.200403551276665,9.83413790902993
3654,1.2965827125452003,29.891476634245272,0.00022459679516338056,11.135219704181237,9.836493962075936
3655,1.2965827125452003,29.891427358282726,0.00031784024072330745,11.070471665169018,9.838706130776156
3656,1.2965827125452003,29.891363180460313,0.00041637929438288496,11.006157961928496,9.840099208831727
3657,1.2965827125452003,29.891234583230762,0.0008432905874040027,10.889156729496372,9.92029904699879
3658,1.2965827125452003,29.891004334759884,0.0015286684251056473,10.75532030322254,10.023855232968648
3659,1.2965827125452003,29.89061539776443,0.0026078503092470786,10.649678198586221,10.097604411162894
3660,1.2965827125452003,29.890057708056712,0.0037650505763202682,10.576980514377622,10.23049053375319
3661,1.2965827125452003,29.889337106344232,0.004897839734023104,10.5058358043401,10.381719762356763
3662,1.2965827125452003,29.888513811362266,0.005623476544141958,10.448030679365713,10.45419194073348
3663,1.2965827125452003,29.88764219777613,0.005924235409999616,10.390779705167914,10.505859117660874
3664,1.2965827125452003,29.886780180783575,0.005841405559549017,10.33063639842277,10.537518655378042
3665,1.2965827125452003,29.88597352023843,0.005458922156532505,10.269196253440814,10.551733243655404
3666,1.2965827125452003,29.88525282996432,0.004877399154558148,10.209301428255468,10.551161042687518
3667,1.2965827125452003,29.884631111344383,0.004212029698263253,10.152357351752476,10.54004193652819
3668,1.2965827125452003,29.884104314183748,0.003574993072537492,10.097260087793279,10.522237742285293
3669,1.2965827125452003,29.883657161731087,0.003040380448013158,10.046138201273195,10.501892668592397
3670,1.2965827125452003,29.883267706616394,0.0026531901975604556,9.999593024727073,10.481632215194166
3671,1.2965827125452003,29.882940640306515,0.00224442111708413,9.972711477139258,10.405701274168896
3672,1.2965827125452003,29.882667621753072,0.0018815989270016462,9.98701522138035,10.361079206465737
3673,1.2965827125452003,29.88241995569939,0.0017104601425298079,9.983504058589098,10.339354231303645
3674,1.2965827125452003,29.882167577233798,0.0017449996629167303,9.951323255538254,10.327538850997895
3675,1.2965827125452003,29.881884511511775,0.0019581319874291472,9.902762628032333,10.32250753732152
3676,1.2965827125452003,29.881551919909434,0.0023009349474331126,9.851435270417324,10.3215953359439
3677,1.2965827125452003,29.88115732031364,0.0027295489027023816,9.803583433441663,10.322993305118707
3678,1.2965827125452003,29.88069426903342,0.003205387137302201,9.769914785346463,10.31545737004904
3679,1.2965827125452003,29.880168901728066,0.003637269566069069,9.75118553691792,10.314007496194534
3680,1.2965827125452003,29.87959336376793,0.003985162363976217,9.737471402230092,10.312592148539368
3681,1.2965827125452003,29.87898271583511,0.004228839216077243,9.722352129674727,10.311209414779444
3682,1.2965827125452003,29.878352540171736,0.00436479747812953,9.703896201964325,10.309495626197785
3683,1.2965827125452003,29.877713061019776,0.004430005723699497,9.677953015705665,10.307705270185753
3684,1.2965827125452003,29.877072948168674,0.00443533426435597,9.65176376841042,10.305524022061297
3685,1.2965827125452003,29.876438925844386,0.00439437088814917,9.629984742250052,10.302621150796124
3686,1.2965827125452003,29.875807466457672,0.004385106581264385,9.61200184564911,10.282652500591334
3687,1.2965827125452003,29.875144255600794,0.004630078514700658,9.63765941234438,10.228293007040673
3688,1.2965827125452003,29.87443810640863,0.004929620894543977,9.693345808736128,10.228756355857556
3689,1.2965827125452003,29.873687840187046,0.00523565317442415,9.751804927180379,10.232562676753068
3690,1.2965827125452003,29.87289766104345,0.005511337611796712,9.801820360011522,10.237842310299374
3691,1.2965827125452003,29.872075226855777,0.005732814758326429,9.83962631877685,10.244084107253554
3692,1.2965827125452003,29.871230111728796,0.005887462273099658,9.864693162811951,10.250088788566654
3693,1.2965827125452003,29.870372409221314,0.005971993905373074,9.877936369465509,10.255508834995872
3694,1.2965827125452003,29.869511312650157,0.005992871264579142,9.88082093439919,10.260223012895219
3695,1.2965827125452003,29.868612415535345,0.006202898717820736,9.869525493978673,10.347970589166033
3696,1.2965827125452003,29.86764938720897,0.006575428604477854,9.852777468056896,10.458150424376047
3697,1.2965827125452003,29.866601455822092,0.007066633500539934,9.83604064235155,10.589127304364037
3698,1.2965827125452003,29.86549595686908,0.0074215452412843205,9.819024928489664,10.636625914998229
3699,1.2965827125452003,29.864327474966284,0.007850784673905091,9.84804326881566,10.627933142914658
3700,1.2965827125452003,29.863072806883046,0.008332158043403173,9.90754772618726,10.752544301747557
3701,1.2965827125452003,29.861770740163493,0.008607332585945834,9.962486669426298,10.802009215218252
3702,1.2965827125452003,29.860452432097613,0.008685078038683946,10.002637381236278,10.838846687489065
3703,1.2965827125452003,29.85909918549506,0.008823684627444246,10.036535832192435,10.951329783161983
3704,1.2965827125452003,29.857743945242387,0.008808275201597389,10.051904427296316,10.98665043067283
3705,1.2965827125452003,29.85635822106498,0.008913798889379395,10.060282419352873,11.10078911088233
3706,1.2965827125452003,29.85497311713561,0.00888629207574457,10.053372459983585,11.1301666481827
3707,1.2965827125452003,29.853623477113004,0.008643142669082516,10.096284714676782,11.15028982242235
3708,1.2965827125452003,29.852305387034086,0.008427788480634222,10.138006040413577,11.167895798977518
3709,1.2965827125452003,29.851011443321475,0.008260724106619209,10.127172207839301,11.185030072746592
3710,1.2965827125452003,29.849733825208464,0.008146182737269084,10.07381433537925,11.199194864468401
3711,1.2965827125452003,29.848442888681117,0.008274549981272653,10.02047665488918,11.140390006699471
3712,1.2965827125452003,29.84709849548687,0.008637178181352867,10.036041613907274,11.114612229061368
3713,1.2965827125452003,29.845647287479178,0.009251749370648831,10.09141419521415,11.200713691269199
3714,1.2965827125452003,29.844063318706585,0.010001262366451808,10.161737186713168,11.309194782560194
3715,1.2965827125452003,29.842334474245686,0.010792511682463264,10.235649038888694,11.438610833132762
3716,1.2965827125452003,29.84050960528231,0.01133425582367585,10.28485889051704,11.496842010592744
3717,1.2965827125452003,29.838634534136084,0.011595884039640007,10.30970184019367,11.546590834328146
3718,1.2965827125452003,29.836752258591293,0.0116020176797702,10.311451136632401,11.58482735521851
3719,1.2965827125452003,29.834899848705593,0.011392436516431402,10.295362469536041,11.610752352600718
3720,1.2965827125452003,29.833106022419706,0.01101882974386869,10.266924848233542,11.624781542573972
3721,1.2965827125452003,29.831388794684493,0.010545163922202129,10.229991349024104,11.62825235689742
3722,1.2965827125452003,29.829755152938127,0.010036044959345323,10.187426424086937,11.62342489966533
3723,1.2965827125452003,29.82820380647359,0.009539758844869347,10.141595093753814,11.612114062996111
3724,1.2965827125452003,29.82672733102153,0.009091291311593462,10.094760844086965,11.596863514670183
3725,1.2965827125452003,29.825310969410204,0.008733269128019288,10.048243926652024,11.58076350139743
3726,1.2965827125452003,29.82393741579594,0.008480581074925985,10.002876272342762,11.565379680593557
3727,1.2965827125452003,29.822589752644408,0.008330451987758591,9.959677166791955,11.551880226586867
3728,1.2965827125452003,29.821250199108952,0.008288046890321022,9.917179865246649,11.541114897552085
3729,1.2965827125452003,29.819950121174017,0.008111300836468079,9.868888394678827,11.445078284568954
3730,1.2965827125452003,29.818712283464183,0.007801742618142545,9.821385496796902,11.329532237627014
3731,1.2965827125452003,29.81751228580507,0.007593784155998993,9.782138548619232,11.28397302713096
3732,1.2965827125452003,29.816332320372073,0.007492129889340849,9.74889137583776,11.24615011006335
3733,1.2965827125452003,29.81515642022835,0.0074853420201262365,9.721004331681678,11.217567299143354
3734,1.2965827125452003,29.813973212315847,0.007544826419074891,9.698127883222817,11.198289787137957
3735,1.2965827125452003,29.81277409304448,0.00765338716420363,9.67969776114537,11.187900317631204
3736,1.2965827125452003,29.811596083346387,0.007579744819468101,9.661535606388844,11.097730399804536
3737,1.2965827125452003,29.81042599750182,0.007542529614662616,9.645474948754627,11.077470203782909
3738,1.2965827125452003,29.809258661519017,0.0075349252640601145,9.630904173443701,11.062589896145703
3739,1.2965827125452003,29.808090075744914,0.007549561161844418,9.617617761213085,11.052964532405642
3740,1.2965827125452003,29.806917559337773,0.007578507947850852,9.6053797938335,11.047782289849012
3741,1.2965827125452003,29.805740361071948,0.007609979503989857,9.593911699704268,11.046024846341997
3742,1.2965827125452003,29.80454709637505,0.0077424480426676896,9.588052143356363,11.005211204871227
3743,1.2965827125452003,29.803307456968064,0.008077341550477766,9.645945709879785,10.958896249627013
3744,1.2965827125452003,29.802019329326413,0.008390400178908543,9.721632176587915,10.962664268004302
3745,1.2965827125452003,29.80068768816788,0.008668026164137706,9.787470856826134,10.970006516730251
3746,1.2965827125452003,29.799300322391993,0.00902403455138846,9.841245733290501,10.978174170849655
3747,1.2965827125452003,29.797885316763516,0.009198234156682396,9.882331465690845,10.98483645637726
3748,1.2965827125452003,29.796462267343596,0.009246286559391923,9.91084068093762,10.989869184107318
3749,1.2965827125452003,29.795024733539048,0.00933753691238687,9.927481587609819,10.993237831746178
3750,1.2965827125452003,29.79359930761771,0.009257886744275518,9.932864588170865,10.994428968867403
3751,1.2965827125452003,29.792200248310543,0.009088217693740077,9.928051256953392,10.992520718140119
3752,1.2965827125452003,29.79083630602766,0.008865762025188535,9.914301850349174,10.985499593350356
3753,1.2965827125452003,29.789510041709672,0.008627018502671824,9.89423377628917,10.977646590221362
3754,1.2965827125452003,29.78820137067415,0.008520738006825523,9.870424627809987,10.967134449216983
3755,1.2965827125452003,29.78692838521316,0.0083034885354428,9.845140961799844,10.947192181847432
3756,1.2965827125452003,29.7856764406367,0.008181622972830335,9.820807664232321,10.926612206472239
3757,1.2965827125452003,29.78450442958123,0.007733279379413578,9.804806456176086,10.82200916485585
3758,1.2965827125452003,29.78344344046764,0.007081681503377925,9.796134819522706,10.69829148312046
3759,1.2965827125452003,29.782490495921785,0.006444652953309987,9.794515079845498,10.558639994573834
3760,1.2965827125452003,29.781665118631565,0.005663359419829808,9.799180216793843,10.406825679902402
3761,1.2965827125452003,29.78094664122872,0.005011674683315392,9.808012690584926,10.23693935049575
3762,1.2965827125452003,29.78028503914221,0.004582425980961853,9.848552539730367,10.00930843283758
3763,1.2965827125452003,29.779668656417556,0.0043063269035775705,9.923071660586999,9.855969152940315
3764,1.2965827125452003,29.77909017705989,0.004010828808337696,9.998996241319352,9.710352025241294
3765,1.2965827125452003,29.77851346940599,0.003981268011325613,10.042387270964355,9.640879361662272
3766,1.2965827125452003,29.77790282565976,0.004206428106069046,10.064150152668145,9.593842292466714
3767,1.2965827125452003,29.777213137842537,0.004746755652924787,10.072988608839545,9.566983043222123
3768,1.2965827125452003,29.77644113798153,0.005312636778701124,10.074181294214128,9.555852070997512
3769,1.2965827125452003,29.77558782305439,0.005874666883832047,10.069983568118476,9.556660602511204
3770,1.2965827125452003,29.7746607521448,0.006388077833440595,10.06109892321523,9.565132810896014
3771,1.2965827125452003,29.77367370638473,0.006810457632366408,10.047630515621544,9.577435031175655
3772,1.2965827125452003,29.772628203281403,0.007226634367899965,10.02979158467005,9.590813529344185
3773,1.2965827125452003,29.77155856953056,0.0074093672200043,10.008215379060008,9.602207473985366
3774,1.2965827125452003,29.770490197323934,0.007419194389047356,9.983170671656772,9.610635363804455
3775,1.2965827125452003,29.769441410803243,0.007303506333736367,9.95539167854164,9.615381942119747
3776,1.2965827125452003,29.768408316263113,0.007215374422042296,9.926219127249592,9.616516736178093
3777,1.2965827125452003,29.767411728762685,0.006980288248360205,9.897938322916868,9.613725203430269
3778,1.2965827125452003,29.766458019716246,0.006697994478273744,9.871287059488314,9.608774067505173
3779,1.2965827125452003,29.76554558081809,0.006424944630299725,9.845483905913097,9.602366386743187
3780,1.2965827125452003,29.76465200912757,0.00630844921683784,9.819954024456527,9.59569755603761
3781,1.2965827125452003,29.76378096512934,0.0061653601802599154,9.794545859764343,9.588888481359579
3782,1.2965827125452003,29.762928048299898,0.006052494701258921,9.769558334341827,9.583010236452198
