SOLAR,WIND,LOAD_E
0.0,0.284121,0.587985
0.0,0.300431,0.601592
0.0,0.330452,0.625517
0.0,0.25702,0.647537
0.0,0.238755,0.679333
0.0,0.214669,0.713569
0.0,0.224783,0.744227
0.0,0.23521,0.768638
0.0,0.224783,0.781412
0.0,0.19226,0.77665
0.0,0.171468,0.758381
0.011,0.13449,0.735324
0.031,0.105303,0.712833
0.071,0.105303,0.697974
0.132,0.129687,0.707469
0.095,0.105303,0.745702
0.031,0.183155,0.808533
0.011,0.249606,0.8793
0.001,0.317352,0.933246
0.0,0.334898,0.95121
0.0,0.144448,0.924555
0.0,0.186157,0.863126
0.0,0.111619,0.784338
0.0,0.063115,0.707464
0.0,0.017426,0.588454
0.0,0.000406,0.601417
0.0,0.000272,0.623992
0.0,0.002178,0.648754
0.0,0.020727,0.676205
0.0,0.047089,0.703369
0.0,0.023649,0.734402
0.0,0.122699,0.75524
0.0,0.141914,0.774542
0.0,0.180185,0.769021
0.0,0.183155,0.746127
0.031,0.122699,0.712631
0.118,0.115967,0.679585
0.185,0.084184,0.660726
0.214,0.063115,0.671775
0.196,0.057424,0.707957
0.132,0.038075,0.774499
0.064,0.050805,0.861124
0.008,0.097258,0.924945
0.0,0.099229,0.949913
0.0,0.082418,0.927297
0.0,0.053388,0.868497
0.0,0.045892,0.794335
0.0,0.057424,0.722677
0.0,0.075601,0.599171
0.0,0.089633,0.611037
0.0,0.080677,0.626478
0.0,0.118183,0.648532
0.0,0.141914,0.673767
0.0,0.141914,0.703888
0.0,0.208098,0.726122
0.0,0.189192,0.743426
0.0,0.174341,0.75012
0.0,0.25702,0.740699
0.0,0.238755,0.722548
0.026,0.228224,0.699955
0.094,0.245954,0.673319
0.167,0.308814,0.657505
0.166,0.381565,0.666224
0.068,0.268413,0.703684
0.037,0.39139,0.764659
0.017,0.481799,0.833423
0.003,0.618148,0.884393
0.0,0.659344,0.902279
0.0,0.680612,0.878842
0.0,0.702332,0.818527
0.0,0.732004,0.743765
0.0,0.793832,0.670745
0.0,0.859047,0.557777
0.0,0.92774,0.568823
0.0,0.585158,0.586386
0.0,0.687801,0.607549
0.0,0.859047,0.633801
0.0,0.981596,0.661997
0.0,0.990769,0.688894
0.0,0.793832,0.713393
0.0,0.747149,0.726452
0.0,0.793832,0.723856
0.0,0.770255,0.708552
0.027,0.91896,0.685666
0.063,1.0,0.660984
0.147,1.0,0.651271
0.18,0.411544,0.662139
0.155,0.892953,0.698563
0.116,0.834189,0.759102
0.062,1.0,0.831154
0.008,0.73955,0.891033
0.0,0.732004,0.913184
0.0,0.448456,0.891482
0.0,0.367138,0.835966
0.0,0.396365,0.765601
0.0,0.19226,0.692819
0.0,0.125,0.587081
0.0,0.089633,0.602645
0.0,0.211367,0.613779
0.0,0.171468,0.644458
0.0,0.127329,0.674644
0.0,0.141914,0.708659
0.0,0.149606,0.735901
0.0,0.132074,0.761737
0.0,0.049546,0.776958
0.0,0.011914,0.778856
0.0,0.007007,0.764562
0.041,0.001613,0.730415
0.123,0.001613,0.69302
0.19,0.026834,0.674702
0.221,0.001489,0.6845
0.188,0.003252,0.72621
0.159,0.002026,0.791717
0.082,0.005737,0.875177
0.011,0.027672,0.953017
0.0,0.023649,0.984805
0.0,0.034036,0.966344
0.0,0.038075,0.90687
0.0,0.038075,0.826691
0.0,0.021433,0.75042
0.0,0.012906,0.626686
0.0,0.010974,0.641723
0.0,0.0039,0.660775
0.0,0.001261,0.686996
0.0,0.004892,0.709608
0.0,0.005737,0.740679
0.0,0.002178,0.773278
0.0,0.004377,0.796045
0.0,0.003459,0.808279
0.0,0.007707,0.803276
0.0,0.006674,0.785944
0.035,0.002338,0.753388
0.097,0.00012,0.723547
0.167,0.001489,0.709269
0.224,0.002505,0.715179
0.212,0.003053,0.753046
0.155,0.00463,0.81737
0.073,0.022894,0.895542
0.011,0.043559,0.966652
0.0,0.058813,0.98948
0.0,0.082418,0.963873
0.0,0.080677,0.899868
0.0,0.084184,0.815197
0.0,0.127329,0.738474
0.0,0.13941,0.611541
0.0,0.152231,0.622338
0.0,0.264579,0.639461
0.0,0.211367,0.66554
0.0,0.49327,0.698186
0.0,0.481799,0.73102
0.0,0.540974,0.761608
0.0,0.481799,0.782391
0.0,0.381565,0.788642
0.0,0.313064,0.779686
0.0,0.238755,0.758121
0.005,0.242337,0.728858
0.016,0.168626,0.701297
0.051,0.144448,0.685831
0.069,0.177247,0.710234
0.039,0.091501,0.745412
0.033,0.038075,0.804736
0.014,0.032127,0.872322
0.003,0.015625,0.925805
0.0,0.025208,0.943589
0.0,0.058813,0.908065
0.0,0.070742,0.835498
0.0,0.06917,0.761765
0.0,0.101227,0.699402
0.0,0.072338,0.580234
0.0,0.060225,0.589096
0.0,0.058813,0.614706
0.0,0.063115,0.642617
0.0,0.061659,0.671244
0.0,0.080677,0.708957
0.0,0.060225,0.741838
0.0,0.043559,0.767023
0.0,0.032127,0.768105
0.0,0.026012,0.760166
0.0,0.009659,0.755231
0.024,0.004892,0.709712
0.077,0.005737,0.679738
0.104,0.000876,0.66233
0.128,0.0,0.667341
0.159,0.0,0.703259
0.116,0.0,0.772031
0.052,0.0,0.849976
0.009,0.0,0.904027
0.0,0.0,0.952258
0.0,0.0,0.931599
0.0,0.0,0.882863
0.0,0.0,0.795449
0.0,8.1e-5,0.720604
0.0,1.5e-5,0.597864
0.0,0.004892,0.610362
0.0,0.003053,0.617651
0.0,0.001156,0.641457
0.0,0.002679,0.675923
0.0,0.005163,0.704596
0.0,0.012404,0.728445
0.0,0.022894,0.744977
0.0,0.018701,0.750848
0.0,0.038075,0.744725
0.0,0.089633,0.727281
0.006,0.109486,0.699079
0.05,0.154886,0.670947
0.066,0.25702,0.661841
0.033,0.218006,0.672906
0.025,0.264579,0.709143
0.041,0.288142,0.767106
0.021,0.296296,0.83609
0.001,0.326047,0.889241
0.0,0.481799,0.908261
0.0,0.522741,0.885678
0.0,0.516755,0.828668
0.0,0.481799,0.753843
0.0,0.666384,0.682179
0.0,0.842421,0.566458
0.0,0.73955,0.576361
0.0,0.673473,0.59144
0.0,0.578704,0.61491
0.0,0.107381,0.644449
0.0,0.19226,0.676241
0.0,0.087791,0.714195
0.0,0.038075,0.743564
0.0,0.030292,0.764471
0.0,0.013423,0.751594
0.0,0.001489,0.739625
0.039,0.005163,0.703982
0.099,0.009245,0.672675
0.121,0.004892,0.65759
0.106,0.005737,0.667057
0.187,0.004892,0.699748
0.111,0.006351,0.757779
0.047,0.0039,0.827831
0.009,0.020036,0.892558
0.0,0.030292,0.918877
0.0,0.043559,0.898043
0.0,0.063115,0.836463
0.0,0.097258,0.766067
0.0,0.125,0.691693
0.0,0.157572,0.576285
0.0,0.157572,0.585725
0.0,0.177247,0.599049
0.0,0.174341,0.621412
0.0,0.264579,0.653468
0.0,0.443053,0.686467
0.0,0.572297,0.717606
0.0,0.732004,0.733827
0.0,0.972479,0.734567
0.0,1.0,0.722795
0.0,1.0,0.701068
0.004,1.0,0.67143
0.021,1.0,0.638884
0.121,1.0,0.625746
0.193,1.0,0.642194
0.188,1.0,0.678271
0.112,1.0,0.745788
0.057,1.0,0.812881
0.013,1.0,0.871595
0.0,1.0,0.892282
0.0,1.0,0.871103
0.0,1.0,0.816929
0.0,1.0,0.744875
0.0,1.0,0.676388
0.0,1.0,0.564791
0.0,1.0,0.577292
0.0,1.0,0.595108
0.0,1.0,0.618724
0.0,1.0,0.649916
0.0,1.0,0.679653
0.0,1.0,0.709702
0.0,0.754798,0.729011
0.0,0.659344,0.734719
0.0,0.673473,0.731232
0.001,0.666384,0.713327
0.035,0.528772,0.686383
0.077,0.448456,0.661668
0.137,0.330452,0.648964
0.167,0.817886,0.664337
0.069,0.238755,0.704093
0.07,0.208098,0.764235
0.041,0.149606,0.833914
0.006,0.186157,0.891972
0.0,0.171468,0.91415
0.0,0.149606,0.897462
0.0,0.129687,0.839682
0.0,0.111619,0.763863
0.0,0.152231,0.702091
0.0,0.038075,0.590042
0.0,0.003252,0.603702
0.0,0.604807,0.626368
0.0,1.0,0.649815
0.0,1.0,0.681727
0.0,1.0,0.702172
0.0,1.0,0.72672
0.0,0.901567,0.749825
0.0,0.778061,0.758253
0.0,0.459394,0.756206
0.001,0.499073,0.737662
0.039,0.25702,0.715338
0.121,0.304603,0.680645
0.195,0.313064,0.666938
0.214,0.296296,0.683412
0.196,0.231699,0.72025
0.136,0.122699,0.785258
0.058,0.149606,0.861543
0.015,0.224783,0.924421
0.0,0.326047,0.956627
0.0,1.0,0.89256
0.0,1.0,0.832278
0.0,1.0,0.758839
0.0,1.0,0.68825
0.0,1.0,0.577187
0.0,1.0,0.590592
0.0,0.695041,0.609481
0.0,0.659344,0.635076
0.0,0.770255,0.664085
0.0,0.91896,0.699915
0.0,0.850707,0.730812
0.0,0.448456,0.756518
0.0,0.437694,0.764178
0.0,0.304603,0.757931
0.001,0.224783,0.740151
0.035,0.063115,0.710722
0.121,0.330452,0.67844
0.133,0.19226,0.670722
0.122,0.268413,0.68575
0.16,0.264579,0.72192
0.102,0.174341,0.782714
0.097,0.245954,0.853083
0.019,0.464928,0.919453
0.0,0.464928,0.942252
0.0,0.343908,0.924867
0.0,0.218006,0.866236
0.0,0.25702,0.785449
0.0,0.177247,0.71698
0.0,0.189192,0.595921
0.0,0.129687,0.612988
0.0,0.111619,0.633897
0.0,0.132074,0.653415
0.0,0.103251,0.687708
0.0,0.103251,0.722356
0.0,0.063115,0.753387
0.0,0.045892,0.777248
0.0,0.050805,0.789302
0.0,0.049546,0.779507
0.001,0.04021,0.757944
0.038,0.014496,0.720882
0.098,0.002026,0.686767
0.124,0.002178,0.671487
0.155,9.9e-5,0.681216
0.165,9.9e-5,0.720336
0.12,0.000144,0.786222
0.087,0.000358,0.864491
0.02,0.000202,0.945742
0.0,4.0e-6,0.982561
0.0,0.0,0.960144
0.0,0.0,0.89544
0.0,0.0,0.818867
0.0,0.001489,0.740247
0.0,0.007352,0.613328
0.0,0.008074,0.624817
0.0,0.003675,0.635912
0.0,0.007707,0.661146
0.0,0.007707,0.698014
0.0,0.007352,0.72852
0.0,0.008843,0.765446
0.0,0.003252,0.783852
0.0,0.004134,0.800992
0.0,0.001261,0.799379
0.001,0.005163,0.776499
0.054,0.000794,0.741137
0.141,0.0,0.707893
0.213,0.0,0.688602
0.25,0.0,0.697137
0.205,0.0,0.735566
0.172,0.0,0.801011
0.09,0.0,0.880591
0.022,0.000579,0.952784
0.0,0.001882,0.979433
0.0,0.000313,0.961123
0.0,0.0,0.902943
0.0,0.0,0.823124
0.0,0.0,0.747198
0.0,0.0,0.624244
0.0,0.0,0.638581
0.0,0.0,0.658217
0.0,0.0,0.684337
0.0,0.0,0.717866
0.0,0.0,0.762469
0.0,5.1e-5,0.79115
0.0,0.0,0.815255
0.0,0.0,0.821836
0.0,0.0,0.808425
0.002,0.0,0.791776
0.056,0.0,0.756667
0.145,0.0,0.725199
0.215,0.0,0.707163
0.238,0.0,0.723643
0.158,0.0,0.762791
0.15,0.0,0.827076
0.092,0.0,0.902328
0.023,0.0,0.972898
0.0,0.0,1.0
0.0,0.0,0.982185
0.0,0.000171,0.914157
0.0,2.0e-6,0.831612
0.0,0.0,0.754105
0.0,0.0,0.628023
0.0,0.0,0.641777
0.0,0.0,0.654054
0.0,4.0e-6,0.682122
0.0,1.5e-5,0.717022
0.0,0.0,0.750762
0.0,2.9e-5,0.782981
0.0,2.1e-5,0.806025
0.0,0.0,0.814186
0.0,0.0,0.805819
0.001,0.0,0.784391
0.032,0.0,0.755775
0.079,0.0,0.727357
0.19,0.0,0.707058
0.233,0.0,0.722017
0.163,0.0,0.75706
0.151,0.0,0.817372
0.077,0.0,0.888918
0.016,0.0,0.953568
0.0,0.0,0.974038
0.0,1.0e-5,0.950827
0.0,2.0e-6,0.889555
0.0,2.0e-6,0.815224
0.0,6.0e-6,0.740824
0.0,0.0,0.613056
0.0,0.0,0.627828
0.0,0.000459,0.653919
0.0,0.000272,0.684798
0.0,1.5e-5,0.713187
0.0,0.000313,0.749833
0.0,0.002505,0.784428
0.0,0.001156,0.808342
0.0,0.000406,0.820708
0.0,0.001372,0.811452
0.002,0.000794,0.791494
0.052,0.0,0.750162
0.144,0.0,0.712863
0.206,0.0,0.689785
0.251,0.0,0.697586
0.243,0.0,0.731227
0.183,0.0,0.791946
0.105,0.0,0.881148
0.032,8.1e-5,0.967504
0.0,0.002178,0.990354
0.0,0.007007,0.968749
0.0,0.006674,0.910068
0.0,0.00463,0.831316
0.0,0.005737,0.752288
0.0,0.008074,0.627081
0.0,0.008074,0.640157
0.0,0.022156,0.649681
0.0,0.019361,0.676166
0.0,0.021433,0.706363
0.0,0.017426,0.742681
0.0,0.019361,0.774561
0.0,0.030292,0.796538
0.0,0.019361,0.804603
0.0,0.018701,0.797982
0.002,0.021433,0.776754
0.059,0.010974,0.737493
0.148,0.000717,0.699089
0.213,1.5e-5,0.674712
0.254,0.000235,0.680711
0.237,0.000358,0.713385
0.161,0.001613,0.776063
0.093,0.015625,0.857216
0.027,0.054712,0.93293
0.0,0.066097,0.967384
0.0,0.057424,0.94635
0.0,0.063115,0.886312
0.0,0.067622,0.807993
0.0,0.115967,0.731182
0.0,0.048307,0.612693
0.0,0.030292,0.629429
0.0,0.077268,0.637284
0.0,0.072338,0.663276
0.0,0.066097,0.696554
0.0,0.064594,0.731626
0.0,0.066097,0.762239
0.0,0.054712,0.783867
0.0,0.053388,0.79264
0.0,0.058813,0.783645
0.003,0.054712,0.761977
0.058,0.050805,0.725567
0.124,0.021433,0.696598
0.183,0.007707,0.682679
0.237,0.005445,0.677456
0.252,0.007707,0.713153
0.205,0.009245,0.77494
0.124,0.020036,0.852199
0.037,0.04021,0.926573
0.0,0.053388,0.958815
0.0,0.045892,0.943024
0.0,0.036018,0.888844
0.0,0.044716,0.812862
0.0,0.029401,0.741006
0.0,0.019361,0.620835
0.0,0.012906,0.636416
0.0,0.004377,0.657341
0.0,0.001261,0.68624
0.0,0.000645,0.720592
0.0,0.000717,0.757593
0.0,0.000717,0.79251
0.0,0.0,0.819132
0.0,0.0,0.828261
0.0,0.0,0.819765
0.004,0.0,0.796367
0.067,0.0,0.754881
0.162,0.0,0.714429
0.237,0.0,0.689111
0.274,0.0,0.695389
0.268,0.0,0.728108
0.218,0.0,0.787692
0.133,0.0,0.876499
0.041,0.0,0.932267
0.0,0.0,0.956384
0.0,0.0,0.935621
0.0,5.1e-5,0.884742
0.0,0.000171,0.803144
0.0,0.0,0.71364
0.0,0.0,0.595437
0.0,0.0,0.607886
0.0,0.0,0.642167
0.0,0.0,0.676793
0.0,0.0,0.715855
0.0,0.0,0.751083
0.0,0.0,0.780099
0.0,0.0,0.798926
0.0,0.0,0.805345
0.0,0.0,0.796234
0.002,0.0,0.774246
0.033,0.0,0.742869
0.073,0.0,0.714866
0.126,0.0,0.697728
0.118,0.0,0.70493
0.083,6.5e-5,0.742207
0.061,0.001156,0.801257
0.032,0.007352,0.869482
0.006,0.022894,0.925805
0.0,0.030292,0.943589
0.0,0.050805,0.916106
0.0,0.031201,0.852408
0.0,0.032127,0.778858
0.0,0.025208,0.71023
0.0,0.02442,0.597713
0.0,0.019361,0.604953
0.0,0.003252,0.627646
0.0,0.004892,0.649038
0.0,0.000313,0.686061
0.0,0.000313,0.718312
0.0,0.000645,0.761225
0.0,0.000202,0.786955
0.0,1.0e-6,0.797428
0.0,0.0,0.771851
0.004,0.0,0.766604
0.062,0.0,0.726935
0.142,0.0,0.69115
0.179,0.0,0.676568
0.191,0.0,0.691701
0.165,0.0,0.729021
0.11,0.0,0.7939
0.058,0.0,0.868098
0.017,0.0,0.92937
0.0,0.000144,0.952387
0.0,0.0,0.931721
0.0,0.0,0.871698
0.0,0.0,0.793842
0.0,0.000406,0.717602
0.0,0.001057,0.59802
0.0,0.000358,0.61052
0.0,0.0,0.630672
0.0,0.0,0.654996
0.0,0.0,0.685676
0.0,0.0,0.720221
0.0,0.0,0.750357
0.0,1.0e-6,0.772473
0.0,2.0e-6,0.781129
0.0,0.0,0.778856
0.003,0.0,0.756509
0.034,0.000144,0.728082
0.077,0.000459,0.701304
0.179,0.001261,0.687329
0.177,0.003252,0.698125
0.145,0.005163,0.739016
0.126,0.005163,0.802142
0.086,0.004134,0.876123
0.034,0.007707,0.944961
0.0,0.020727,0.974507
0.0,0.015053,0.95831
0.0,0.017426,0.905932
0.0,0.016211,0.828398
0.0,0.019361,0.751192
0.0,0.045892,0.625302
0.0,0.087791,0.637686
0.0,0.168626,0.654591
0.0,0.177247,0.679865
0.0,0.122699,0.714649
0.0,0.073957,0.751359
0.0,0.070742,0.784403
0.0,0.087791,0.805834
0.0,0.084184,0.813993
0.0,0.064594,0.807283
0.006,0.063115,0.785014
0.076,0.047089,0.747058
0.172,0.037037,0.712909
0.248,0.04021,0.694326
0.287,0.018701,0.711307
0.281,0.018701,0.742557
0.233,0.035017,0.800776
0.15,0.045892,0.873688
0.053,0.087791,0.946387
0.001,0.177247,0.974931
0.0,0.163036,0.954705
0.0,0.149606,0.896928
0.0,0.132074,0.817646
0.0,0.127329,0.742233
0.0,0.129687,0.619093
0.0,0.160289,0.632665
0.0,0.097258,0.652797
0.0,0.113779,0.679403
0.0,0.136935,0.711226
0.0,0.13941,0.746999
0.0,0.149606,0.779859
0.0,0.147012,0.801987
0.0,0.224783,0.808441
0.0,0.32168,0.79848
0.006,0.353079,0.770003
0.079,0.296296,0.724029
0.179,0.249606,0.681591
0.251,0.198495,0.653796
0.282,0.049546,0.660933
0.235,0.048307,0.691694
0.176,0.113779,0.75338
0.108,0.174341,0.830589
0.04,0.264579,0.900485
0.001,0.396365,0.927989
0.0,0.459394,0.906922
0.0,0.443053,0.846645
0.0,0.381565,0.771902
0.0,0.406442,0.700064
0.0,0.353079,0.586527
0.0,0.296296,0.602072
0.0,0.487512,0.605785
0.0,0.504922,0.630525
0.0,0.453903,0.664462
0.0,0.386457,0.701061
0.0,0.334898,0.731998
0.0,0.343908,0.752767
0.0,0.304603,0.759557
0.0,0.339383,0.751699
0.005,0.268413,0.730052
0.059,0.32168,0.691678
0.128,0.276193,0.659295
0.161,0.214669,0.644418
0.224,0.249606,0.643071
0.181,0.144448,0.677605
0.181,0.054712,0.732017
0.132,0.073957,0.798828
0.045,0.122699,0.862635
0.001,0.132074,0.882087
0.0,0.127329,0.862159
0.0,0.154886,0.81324
0.0,0.141914,0.742364
0.0,0.174341,0.681044
0.0,0.171468,0.568093
0.0,0.186157,0.584578
0.0,0.19226,0.600586
0.0,0.211367,0.629322
0.0,0.253295,0.661733
0.0,0.218006,0.692816
0.0,0.204864,0.725008
0.0,0.113779,0.746403
0.0,0.348473,0.748969
0.0,0.367138,0.745331
0.007,0.371906,0.726258
0.077,0.308814,0.69578
0.143,0.272284,0.66778
0.162,0.334898,0.655014
0.148,0.186157,0.664447
0.241,0.276193,0.695421
0.1,0.149606,0.758288
0.142,0.056057,0.82177
0.046,0.07896,0.882031
0.001,0.149606,0.905001
0.0,0.218006,0.887506
0.0,0.253295,0.839731
0.0,0.253295,0.763907
0.0,0.221377,0.688205
0.0,0.25702,0.571454
0.0,0.268413,0.582117
0.0,0.53485,0.596033
0.0,0.528772,0.617585
0.0,0.724509,0.645047
0.0,0.673473,0.675327
0.0,0.585158,0.701184
0.0,0.357724,0.71861
0.0,0.32168,0.722562
0.0,0.396365,0.713402
0.001,0.464928,0.690331
0.016,0.276193,0.665745
0.063,0.300431,0.643952
0.115,0.152231,0.632993
0.174,0.163036,0.648796
0.081,0.201663,0.690839
0.051,0.050805,0.755043
0.056,0.042423,0.825778
0.02,0.014496,0.887297
0.001,0.009659,0.913461
0.0,0.008074,0.896752
0.0,0.017426,0.843687
0.0,0.001156,0.769207
0.0,0.000717,0.697622
0.0,0.0039,0.58118
0.0,0.009659,0.593343
0.0,0.019361,0.60894
0.0,0.034036,0.632405
0.0,0.022156,0.660563
0.0,0.013952,0.69466
0.0,0.048307,0.724525
0.0,0.012404,0.75988
0.0,0.002178,0.75844
0.0,0.000794,0.746481
0.005,0.0,0.72818
0.049,0.0,0.696097
0.117,0.0,0.668848
0.191,0.0,0.653856
0.171,0.0,0.666286
0.12,0.0,0.704548
0.1,2.1e-5,0.765595
0.086,0.0,0.83538
0.027,2.1e-5,0.893503
0.001,0.000645,0.919802
0.0,0.002338,0.89993
0.0,0.020036,0.83918
0.0,0.018701,0.766805
0.0,0.016211,0.699292
0.0,0.02442,0.583175
0.0,0.026834,0.596029
0.0,0.149606,0.615068
0.0,0.264579,0.640174
0.0,0.228224,0.675279
0.0,0.183155,0.710082
0.0,0.152231,0.746182
0.0,0.177247,0.770639
0.0,0.165815,0.779272
0.0,0.157572,0.763838
0.009,0.149606,0.744291
0.067,0.228224,0.710113
0.08,0.208098,0.677184
0.067,0.253295,0.661346
0.079,0.165815,0.664885
0.149,0.23521,0.699884
0.097,0.268413,0.759667
0.037,0.288142,0.827043
0.034,0.406442,0.880617
0.002,0.362411,0.902523
0.0,0.228224,0.881081
0.0,0.264579,0.821566
0.0,0.264579,0.744835
0.0,0.231699,0.671723
0.0,0.186157,0.556364
0.0,0.198495,0.566731
0.0,0.204864,0.582213
0.0,0.189192,0.603921
0.0,0.189192,0.630747
0.0,0.163036,0.666468
0.0,0.228224,0.697545
0.0,0.253295,0.718158
0.0,0.25702,0.724601
0.0,0.211367,0.71625
0.009,0.231699,0.69472
0.077,0.260781,0.661488
0.16,0.339383,0.633099
0.237,0.23521,0.614177
0.311,0.242337,0.620589
0.266,0.228224,0.649866
0.232,0.334898,0.704514
0.172,0.2922,0.768878
0.067,0.39139,0.824686
0.004,0.522741,0.85249
0.0,0.553363,0.832291
0.0,0.459394,0.778767
0.0,0.381565,0.71184
0.0,0.296296,0.646471
0.0,0.214669,0.540434
0.0,0.195361,0.550485
0.0,0.13449,0.562805
0.0,0.141914,0.583047
0.0,0.180185,0.608897
0.0,0.13449,0.6405
0.0,0.122699,0.673675
0.0,0.19226,0.695248
0.0,0.168626,0.708083
0.0,0.152231,0.707268
0.008,0.089633,0.687571
0.07,0.042423,0.65691
0.172,0.089633,0.630916
0.208,0.141914,0.616457
0.136,0.020036,0.621416
0.199,0.044716,0.656307
0.198,0.026834,0.71323
0.119,0.034036,0.781181
0.061,0.047089,0.839778
0.004,0.063115,0.873021
0.0,0.127329,0.862276
0.0,0.264579,0.811445
0.0,0.371906,0.741563
0.0,0.396365,0.673367
0.0,0.362411,0.557673
0.0,0.296296,0.567417
0.0,0.228224,0.578904
0.0,0.163036,0.602573
0.0,0.284121,0.626423
0.0,0.288142,0.664215
0.0,0.317352,0.703948
0.0,0.107381,0.729652
0.0,0.144448,0.741174
0.0,0.157572,0.73677
0.016,0.144448,0.716319
0.095,0.054712,0.681591
0.176,0.006351,0.651091
0.247,0.017426,0.634893
0.26,0.052086,0.643211
0.101,0.018701,0.680148
0.086,0.041307,0.739968
0.032,0.044716,0.811222
0.015,0.039133,0.864769
0.002,0.048307,0.88631
0.0,0.037037,0.868254
0.0,0.010085,0.813305
0.0,0.000717,0.742406
0.0,0.000517,0.674127
0.0,0.003675,0.560824
0.0,0.009659,0.57323
0.0,0.00463,0.590917
0.0,0.049546,0.614366
0.0,0.047089,0.643143
0.0,0.023649,0.674099
0.0,0.012404,0.7031
0.0,0.000313,0.727138
0.0,0.002026,0.741108
0.0,0.003252,0.74161
0.011,0.001156,0.721835
0.053,0.000171,0.695397
0.101,0.0,0.668199
0.137,0.0,0.650306
0.042,0.0,0.654426
0.074,0.0,0.688838
0.129,5.1e-5,0.742517
0.087,4.0e-6,0.807436
0.042,0.002679,0.863728
0.006,0.048307,0.897477
0.0,0.04021,0.884109
0.0,0.082418,0.830908
0.0,0.02442,0.760951
0.0,0.028528,0.690906
0.0,0.014496,0.576659
0.0,0.009659,0.588728
0.0,0.012404,0.614892
0.0,0.008074,0.639292
0.0,0.010085,0.667055
0.0,0.005445,0.693827
0.0,0.003053,0.724447
0.0,0.000313,0.741736
0.0,0.001261,0.745947
0.0,0.000517,0.738223
0.011,0.0,0.720924
0.063,0.0,0.686832
0.119,0.0,0.658421
0.223,0.0,0.642141
0.243,0.0,0.645368
0.223,0.0,0.682429
0.112,0.0,0.743298
0.034,0.000717,0.816704
0.013,0.017426,0.876578
0.001,0.013423,0.902454
0.0,0.006351,0.882001
0.0,0.005445,0.827076
0.0,0.0039,0.753238
0.0,0.010974,0.684687
0.0,0.021433,0.57018
0.0,0.030292,0.582768
0.0,0.060225,0.602071
0.0,0.085975,0.624575
0.0,0.103251,0.654556
0.0,0.113779,0.686823
0.0,0.115967,0.71794
0.0,0.157572,0.739126
0.0,0.129687,0.752377
0.0,0.115967,0.743778
0.009,0.066097,0.722359
0.028,0.056057,0.696675
0.038,0.066097,0.672424
0.08,0.073957,0.658898
0.077,0.020036,0.668434
0.08,0.027672,0.704448
0.024,0.042423,0.768053
0.026,0.053388,0.839909
0.008,0.066097,0.903266
0.001,0.089633,0.929735
0.0,0.125,0.90761
0.0,0.097258,0.847298
0.0,0.077268,0.770791
0.0,0.118183,0.698279
0.0,0.165815,0.582086
0.0,0.211367,0.594261
0.0,0.087791,0.609904
0.0,0.101227,0.635492
0.0,0.101227,0.666709
0.0,0.093394,0.69956
0.0,0.097258,0.730415
0.0,0.109486,0.752768
0.0,0.165815,0.762035
0.0,0.144448,0.75661
0.009,0.183155,0.737248
0.031,0.099229,0.711052
0.041,0.111619,0.687834
0.055,0.056057,0.677035
0.089,0.022894,0.69289
0.084,0.031201,0.729524
0.067,0.045892,0.792696
0.042,0.031201,0.865799
0.02,0.037037,0.924863
0.002,0.147012,0.94978
0.0,0.183155,0.927155
0.0,0.186157,0.867417
0.0,0.149606,0.789934
0.0,0.111619,0.715601
0.0,0.093394,0.595825
0.0,0.105303,0.607625
0.0,0.084184,0.628325
0.0,0.087791,0.654642
0.0,0.064594,0.68603
0.0,0.084184,0.721328
0.0,0.107381,0.7523
0.0,0.084184,0.773646
0.0,0.147012,0.782301
0.0,0.093394,0.774244
0.006,0.058813,0.755224
0.049,0.036018,0.725346
0.06,0.034036,0.700936
0.125,0.026834,0.687035
0.112,0.015625,0.69786
0.101,0.022156,0.733207
0.115,0.028528,0.794126
0.069,0.032127,0.866421
0.038,0.02442,0.92552
0.008,0.057424,0.954502
0.0,0.075601,0.929781
0.0,0.101227,0.871718
0.0,0.103251,0.796368
0.0,0.129687,0.723704
0.0,0.147012,0.604427
0.0,0.152231,0.621559
0.0,0.129687,0.642005
0.0,0.125,0.668172
0.0,0.13941,0.700915
0.0,0.115967,0.736168
0.0,0.093394,0.767761
0.0,0.07896,0.789545
0.0,0.085975,0.8
0.0,0.084184,0.78853
0.018,0.072338,0.7636
0.103,0.036018,0.73191
0.187,0.020727,0.700632
0.256,0.015053,0.68382
0.288,0.003675,0.695331
0.184,0.003252,0.731327
0.184,0.003675,0.79038
0.064,0.010085,0.864199
0.028,0.015053,0.925131
0.005,0.030292,0.950042
0.0,0.044716,0.928395
0.0,0.042423,0.871341
0.0,0.047089,0.794341
0.0,0.066097,0.718828
0.0,0.07896,0.600334
0.0,0.077268,0.615444
0.0,0.025208,0.635042
0.0,0.045892,0.661621
0.0,0.058813,0.696943
0.0,0.035017,0.725949
0.0,0.038075,0.756324
0.0,0.052086,0.781838
0.0,0.064594,0.785659
0.0,0.07896,0.775951
0.005,0.091501,0.753722
0.021,0.050805,0.724671
0.055,0.033072,0.695852
0.09,0.029401,0.679116
0.2,0.015625,0.689797
0.248,0.022894,0.71841
0.099,0.04021,0.78404
0.137,0.063115,0.851721
0.047,0.042423,0.913813
0.005,0.060225,0.935431
0.0,0.105303,0.909215
0.0,0.228224,0.854331
0.0,0.330452,0.779703
0.0,0.39139,0.707098
0.0,0.32168,0.588649
0.0,0.396365,0.602236
0.0,0.165815,0.622765
0.0,0.25702,0.646789
0.0,0.195361,0.674201
0.0,0.183155,0.705897
0.0,0.152231,0.731498
0.0,0.165815,0.750634
0.0,0.152231,0.75987
0.0,0.154886,0.755265
0.019,0.174341,0.731991
0.035,0.152231,0.701407
0.12,0.129687,0.674071
0.296,0.127329,0.653275
0.276,0.122699,0.676821
0.233,0.118183,0.710982
0.215,0.195361,0.768308
0.223,0.357724,0.83645
0.116,0.470508,0.892607
0.019,0.604807,0.9198
0.0,0.652355,0.900867
0.0,0.585158,0.845603
0.0,0.522741,0.772596
0.0,0.453903,0.702935
0.0,0.453903,0.587672
0.0,0.376715,0.601879
0.0,0.280138,0.619086
0.0,0.343908,0.647778
0.0,0.343908,0.680998
0.0,0.268413,0.714531
0.0,0.313064,0.746
0.0,0.421875,0.767975
0.0,0.432378,0.775751
0.0,0.416688,0.768568
0.037,0.396365,0.743384
0.149,0.284121,0.70633
0.263,0.189192,0.672952
0.345,0.160289,0.653644
0.394,0.195361,0.65422
0.39,0.330452,0.684741
0.34,0.396365,0.74068
0.247,0.453903,0.805447
0.128,0.659344,0.862549
0.022,0.884395,0.89006
0.0,0.981596,0.870878
0.0,1.0,0.817569
0.0,0.826011,0.750429
0.0,0.717066,0.684382
0.0,0.717066,0.572835
0.0,0.717066,0.588667
0.0,0.78592,0.606143
0.0,0.770255,0.632255
0.0,0.702332,0.664743
0.0,0.448456,0.699751
0.0,0.453903,0.730599
0.0,0.421875,0.753749
0.0,0.296296,0.763826
0.0,0.300431,0.757561
0.041,0.214669,0.731095
0.158,0.208098,0.692205
0.272,0.058813,0.657822
0.354,0.022156,0.63656
0.395,0.007352,0.635353
0.387,0.006038,0.664021
0.335,0.010974,0.717346
0.244,0.014496,0.781893
0.128,0.043559,0.846314
0.024,0.091501,0.886521
0.0,0.087791,0.874288
0.0,0.101227,0.8235
0.0,0.095313,0.752477
0.0,0.063115,0.685471
0.0,0.030292,0.574957
0.0,0.029401,0.589543
0.0,0.038075,0.603751
0.0,0.027672,0.62771
0.0,0.027672,0.65998
0.0,0.028528,0.691747
0.0,0.022894,0.721474
0.0,0.021433,0.741945
0.0,0.039133,0.748644
0.0,0.070742,0.742518
0.042,0.101227,0.713308
0.151,0.073957,0.671266
0.262,0.029401,0.632426
0.343,0.019361,0.608634
0.378,0.012906,0.606181
0.382,0.018701,0.632407
0.328,0.029401,0.681344
0.238,0.066097,0.742696
0.121,0.125,0.800626
0.024,0.19226,0.837757
0.0,0.264579,0.824761
0.0,0.330452,0.773542
0.0,0.308814,0.707024
0.0,0.296296,0.642824
0.0,0.245954,0.537581
0.0,0.163036,0.552698
0.0,0.132074,0.570422
0.0,0.163036,0.59716
0.0,0.186157,0.627994
0.0,0.177247,0.662723
0.0,0.171468,0.693579
0.0,0.171468,0.71567
0.0,0.163036,0.723729
0.0,0.186157,0.717832
0.038,0.174341,0.692408
0.14,0.125,0.657173
0.252,0.085975,0.623209
0.312,0.174341,0.60463
0.227,0.174341,0.617597
0.202,0.152231,0.649948
0.16,0.089633,0.707156
0.125,0.115967,0.774478
0.111,0.089633,0.838369
0.015,0.073957,0.869301
0.0,0.060225,0.851596
0.0,0.06917,0.798617
0.0,0.097258,0.725674
0.0,0.149606,0.655936
0.0,0.228224,0.544695
0.0,0.268413,0.559945
0.0,0.231699,0.578538
0.0,0.163036,0.600813
0.0,0.371906,0.625383
0.0,0.280138,0.655484
0.0,0.214669,0.682131
0.0,0.204864,0.701486
0.0,0.221377,0.708589
0.0,0.231699,0.702831
0.031,0.214669,0.683281
0.08,0.160289,0.651403
0.107,0.330452,0.625693
0.244,0.572297,0.611429
0.251,0.284121,0.625993
0.245,0.268413,0.659609
0.225,0.118183,0.716796
0.186,0.067622,0.781289
0.098,0.044716,0.840704
0.018,0.031201,0.867665
0.0,0.026834,0.849993
0.0,0.00463,0.798025
0.0,0.001744,0.726796
0.0,0.001261,0.659204
0.0,0.000171,0.548007
0.0,0.0,0.560769
0.0,9.9e-5,0.582003
0.0,0.000717,0.601692
0.0,0.001882,0.630588
0.0,0.001057,0.66393
0.0,5.1e-5,0.704169
0.0,0.0,0.716942
0.0,0.0,0.726628
0.0,0.0,0.719901
0.04,2.1e-5,0.692108
0.11,0.001489,0.658434
0.215,0.001156,0.628131
0.299,0.003053,0.613845
0.144,0.000202,0.618909
0.304,0.001261,0.648243
0.195,0.003053,0.702772
0.093,0.007707,0.768771
0.056,0.020036,0.826381
0.029,0.036018,0.862988
0.0,0.027672,0.854187
0.0,0.044716,0.801938
0.0,0.066097,0.731182
0.0,0.093394,0.666916
0.0,0.082418,0.558746
0.0,0.127329,0.571081
0.0,0.245954,0.584112
0.0,0.313064,0.604572
0.0,0.2922,0.632178
0.0,0.362411,0.664845
0.0,0.367138,0.696549
0.0,0.334898,0.717911
0.0,0.313064,0.725987
0.0,0.339383,0.717666
0.035,0.276193,0.691508
0.084,0.23521,0.659379
0.124,0.084184,0.631251
0.03,0.115967,0.622684
0.082,0.2922,0.625732
0.06,0.06917,0.660891
0.071,0.087791,0.714822
0.071,0.099229,0.77639
0.085,0.066097,0.827658
0.03,0.026834,0.863261
0.0,0.057424,0.851513
0.0,0.064594,0.793983
0.0,0.049546,0.723116
0.0,0.072338,0.657363
0.0,0.120427,0.548902
0.0,0.13941,0.557871
0.0,0.125,0.565298
0.0,0.238755,0.586374
0.0,0.249606,0.612419
0.0,0.313064,0.644874
0.0,0.296296,0.668755
0.0,0.330452,0.68454
0.0,0.272284,0.68986
0.0,0.296296,0.681877
0.012,0.348473,0.662094
0.028,0.343908,0.636253
0.025,0.401383,0.614688
0.03,0.421875,0.605629
0.045,0.362411,0.614949
0.06,0.39139,0.647945
0.099,0.313064,0.698258
0.073,0.73955,0.754708
0.033,0.817886,0.801651
0.018,0.793832,0.821717
0.0,0.826011,0.801286
0.0,0.867442,0.74342
0.0,0.809815,0.675468
0.0,0.747149,0.612747
0.0,0.510816,0.511783
0.0,0.499073,0.52508
0.0,0.381565,0.54718
0.0,0.284121,0.571602
0.0,0.348473,0.60121
0.0,0.272284,0.633119
0.0,0.249606,0.661158
0.0,0.300431,0.673551
0.0,0.25702,0.689214
0.001,0.214669,0.684426
0.055,0.147012,0.665359
0.16,0.057424,0.634916
0.296,0.060225,0.607591
0.38,0.111619,0.594335
0.391,0.101227,0.602716
0.386,0.171468,0.637328
0.248,0.091501,0.694279
0.222,0.064594,0.759501
0.151,0.054712,0.815493
0.036,0.060225,0.843805
0.0,0.125,0.811213
0.0,0.160289,0.760849
0.0,0.253295,0.690502
0.0,0.611453,0.622626
0.0,1.0,0.518105
0.0,1.0,0.528365
0.0,1.0,0.539503
0.0,1.0,0.562263
0.0,1.0,0.593549
0.0,1.0,0.620637
0.0,1.0,0.646605
0.0,1.0,0.669717
0.0,1.0,0.673289
0.0,1.0,0.665466
0.014,1.0,0.646113
0.023,1.0,0.620836
0.18,1.0,0.59542
0.095,1.0,0.590911
0.091,1.0,0.607239
0.025,1.0,0.644419
0.018,1.0,0.69863
0.01,1.0,0.762411
0.012,0.201663,0.819545
0.005,0.371906,0.838026
0.0,0.326047,0.817189
0.0,0.362411,0.762818
0.0,0.547145,0.692297
0.0,0.421875,0.625741
0.0,0.204864,0.522517
0.0,0.115967,0.533494
0.0,0.120427,0.548036
0.0,0.037037,0.570457
0.0,0.082418,0.596472
0.0,0.443053,0.624442
0.0,1.0,0.648259
0.0,1.0,0.666652
0.0,1.0,0.674203
0.0,1.0,0.668754
0.008,1.0,0.65164
0.034,1.0,0.627671
0.035,1.0,0.611444
0.042,1.0,0.602433
0.056,1.0,0.612433
0.043,1.0,0.643764
0.235,1.0,0.696252
0.266,1.0,0.764356
0.113,1.0,0.828363
0.009,1.0,0.84803
0.0,1.0,0.825018
0.0,1.0,0.77914
0.0,1.0,0.711245
0.0,1.0,0.64956
0.0,1.0,0.545974
0.0,1.0,0.558043
0.0,1.0,0.575904
0.0,0.884395,0.598084
0.0,0.793832,0.628914
0.0,0.618148,0.6614
0.0,0.510816,0.689074
0.0,0.308814,0.709416
0.0,0.198495,0.718995
0.003,0.113779,0.716294
0.069,0.044716,0.690255
0.205,0.006351,0.653792
0.313,0.026012,0.625198
0.353,0.041307,0.611736
0.368,0.043559,0.623365
0.427,0.063115,0.656864
0.299,0.082418,0.715467
0.218,0.061659,0.78345
0.141,0.053388,0.842876
0.048,0.032127,0.872726
0.0,0.017426,0.870252
0.0,0.002679,0.824092
0.0,0.006674,0.74968
0.0,0.010974,0.676933
0.0,0.026012,0.560688
0.0,0.010974,0.572419
0.0,0.073957,0.589413
0.0,0.089633,0.612131
0.0,0.127329,0.637993
0.0,0.183155,0.66723
0.0,0.177247,0.694381
0.0,0.180185,0.718027
0.0,0.253295,0.726891
0.003,0.343908,0.717793
0.043,0.476131,0.690963
0.111,0.406442,0.658961
0.132,0.437694,0.633099
0.108,0.353079,0.619541
0.133,0.476131,0.624813
0.157,0.448456,0.6584
0.092,0.801797,0.71381
0.123,1.0,0.770796
0.1,1.0,0.819765
0.024,0.910236,0.837267
0.0,0.884395,0.812613
0.0,1.0,0.762133
0.0,0.945467,0.6925
0.0,0.732004,0.628881
0.0,0.572297,0.525026
0.0,0.528772,0.534798
0.0,0.559627,0.554538
0.0,0.680612,0.575874
0.0,0.591659,0.604249
0.0,0.652355,0.635537
0.0,0.645415,0.66366
0.0,0.717066,0.68013
0.0,0.826011,0.686221
0.002,0.732004,0.67908
0.013,0.673473,0.6594
0.053,0.659344,0.633692
0.071,0.572297,0.610793
0.069,0.604807,0.599673
0.115,0.201663,0.610351
0.1,0.598209,0.633201
0.082,0.49327,0.688115
0.17,0.892953,0.743739
0.078,0.604807,0.799592
0.011,0.793832,0.819585
0.0,0.770255,0.797294
0.0,0.53485,0.742444
0.0,0.842421,0.674591
0.0,0.464928,0.611198
0.0,0.504922,0.509687
0.0,0.453903,0.5229
0.0,0.901567,0.532643
0.0,0.659344,0.557786
0.0,0.553363,0.58601
0.0,0.842421,0.60982
0.0,0.73955,0.637627
0.0,0.604807,0.656503
0.0,0.680612,0.66553
0.002,0.801797,0.664867
0.06,0.972479,0.647087
0.089,0.427105,0.618855
0.048,1.0,0.597863
0.071,0.842421,0.591867
0.055,0.770255,0.598082
0.066,0.801797,0.637753
0.048,0.793832,0.692229
0.071,1.0,0.752726
0.025,1.0,0.806271
0.026,1.0,0.831304
0.0,1.0,0.815406
0.0,1.0,0.765622
0.0,1.0,0.707039
0.0,1.0,0.64423
0.0,1.0,0.536492
0.0,1.0,0.548361
0.0,1.0,0.568485
0.0,1.0,0.591044
0.0,1.0,0.61803
0.0,1.0,0.64924
0.0,1.0,0.677928
0.0,1.0,0.694032
0.0,1.0,0.70185
0.004,1.0,0.696135
0.038,1.0,0.681375
0.128,0.850707,0.652712
0.279,1.0,0.623514
0.324,1.0,0.613644
0.314,0.638525,0.62818
0.182,0.228224,0.667289
0.216,0.103251,0.727583
0.154,0.037037,0.791217
0.091,0.064594,0.843425
0.054,0.214669,0.868302
0.001,0.147012,0.853377
0.0,0.091501,0.804659
0.0,0.097258,0.730383
0.0,0.122699,0.663147
0.0,0.348473,0.552177
0.0,0.180185,0.569939
0.0,0.136935,0.578552
0.0,0.180185,0.606826
0.0,0.189192,0.632467
0.0,0.163036,0.650517
0.0,0.180185,0.677736
0.0,0.284121,0.689936
0.0,0.339383,0.700078
0.004,0.109486,0.694378
0.063,0.125,0.6728
0.197,0.228224,0.642975
0.246,0.061659,0.616242
0.386,0.066097,0.601557
0.345,0.036018,0.609413
0.382,0.095313,0.645167
0.346,0.111619,0.696168
0.236,0.13941,0.759702
0.12,0.033072,0.81558
0.039,0.064594,0.846632
0.001,0.111619,0.825581
0.0,0.095313,0.770676
0.0,0.039133,0.704317
0.0,0.010523,0.638823
0.0,0.019361,0.530724
0.0,0.070742,0.540615
0.0,0.063115,0.554753
0.0,0.157572,0.576104
0.0,0.770255,0.602394
0.0,1.0,0.63648
0.0,1.0,0.666142
0.0,1.0,0.685822
0.0,1.0,0.69434
0.008,1.0,0.687131
0.046,1.0,0.665749
0.065,1.0,0.637651
0.124,1.0,0.611103
0.413,1.0,0.594402
0.409,1.0,0.618553
0.161,1.0,0.65634
0.184,0.522741,0.707487
0.221,0.631683,0.766666
0.182,0.92774,0.819179
0.071,0.296296,0.847365
0.002,0.25702,0.833874
0.0,0.300431,0.775773
0.0,0.367138,0.700892
0.0,0.32168,0.637177
0.0,0.317352,0.533567
0.0,0.245954,0.549073
0.0,0.144448,0.567917
0.0,0.198495,0.593097
0.0,0.122699,0.625029
0.0,0.125,0.66019
0.0,0.136935,0.68857
0.0,0.107381,0.70733
0.0,0.115967,0.712137
0.007,0.13449,0.698545
0.084,0.157572,0.671577
0.182,0.085975,0.635976
0.197,0.089633,0.609498
0.154,0.075601,0.598431
0.174,0.052086,0.602686
0.115,0.056057,0.638049
0.151,0.095313,0.685195
0.059,0.204864,0.747745
0.098,0.228224,0.806605
0.033,0.280138,0.8277
0.002,0.186157,0.809954
0.0,0.186157,0.760491
0.0,0.242337,0.689412
0.0,0.300431,0.623873
0.0,0.343908,0.518251
0.0,0.228224,0.526668
0.0,0.245954,0.539767
0.0,0.195361,0.561846
0.0,0.171468,0.588162
0.0,0.13449,0.617919
0.0,0.160289,0.643774
0.0,0.163036,0.662815
0.0,0.163036,0.671092
0.004,0.129687,0.663328
0.048,0.189192,0.64333
0.145,0.180185,0.610925
0.165,0.195361,0.585256
0.385,0.300431,0.568253
0.323,0.304603,0.571244
0.152,0.02442,0.606301
0.256,0.066097,0.655645
0.123,0.066097,0.720895
0.06,0.003053,0.775152
0.032,0.000794,0.809058
0.002,0.001057,0.799305
0.0,0.00463,0.748768
0.0,0.009245,0.687566
0.0,0.037037,0.625827
0.0,0.025208,0.521053
0.0,0.020727,0.533214
0.0,0.249606,0.550941
0.0,0.2922,0.571489
0.0,0.317352,0.601698
0.0,0.578704,0.631381
0.0,0.638525,0.656296
0.0,0.464928,0.676463
0.0,0.540974,0.687216
0.013,0.53485,0.6824
0.106,0.459394,0.658155
0.242,0.604807,0.628177
0.34,0.652355,0.599866
0.38,0.717066,0.58547
0.438,0.666384,0.59235
0.338,0.901567,0.625618
0.28,0.91896,0.692877
0.054,0.809815,0.769375
0.031,0.598209,0.82204
0.016,0.313064,0.847322
0.001,0.118183,0.830012
0.0,0.091501,0.77307
0.0,0.111619,0.700869
0.0,0.127329,0.637133
0.0,0.115967,0.529213
0.0,0.163036,0.541531
0.0,0.080677,0.559499
0.0,0.113779,0.583668
0.0,0.109486,0.616497
0.0,0.008843,0.646171
0.0,1.5e-5,0.68295
0.0,0.0,0.699246
0.0,0.0,0.721117
0.018,0.0,0.704414
0.114,0.0,0.669854
0.262,0.0,0.634414
0.376,0.0,0.603821
0.454,0.0,0.587309
0.365,0.000202,0.598474
0.219,0.001744,0.630602
0.302,0.010085,0.685278
0.241,0.009659,0.746939
0.153,0.019361,0.800962
0.072,0.030292,0.832476
0.003,0.028528,0.823022
0.0,0.008074,0.771799
0.0,0.032127,0.710872
0.0,0.038075,0.647619
0.0,0.034036,0.539094
0.0,0.049546,0.547938
0.0,0.022156,0.562948
0.0,0.037037,0.580711
0.0,0.043559,0.609964
0.0,0.047089,0.641475
0.0,0.04021,0.669063
0.0,0.015625,0.69189
0.0,0.006674,0.700448
0.018,0.011914,0.690117
0.106,0.002505,0.661216
0.199,0.001882,0.628279
0.232,0.001057,0.602115
0.374,0.010974,0.58634
0.436,0.02442,0.597487
0.278,0.011438,0.629564
0.436,0.009245,0.67849
0.319,0.026834,0.743067
0.202,0.115967,0.800572
0.075,0.052086,0.832998
0.006,0.032127,0.826302
0.0,0.028528,0.77573
0.0,0.012906,0.708862
0.0,0.004377,0.648664
0.0,0.009659,0.543514
0.0,0.037037,0.553669
0.0,0.07896,0.564464
0.0,0.077268,0.586863
0.0,0.101227,0.611622
0.0,0.160289,0.641061
0.0,0.221377,0.662669
0.0,0.245954,0.678406
0.0,0.381565,0.682953
0.004,0.817886,0.675096
0.011,1.0,0.656326
0.017,1.0,0.632244
0.036,0.981596,0.609466
0.032,0.732004,0.597749
0.037,0.416688,0.603494
0.047,0.624891,0.629982
0.082,0.218006,0.674121
0.027,0.386457,0.733033
0.017,0.242337,0.784254
0.013,0.067622,0.805761
0.004,0.054712,0.795975
0.0,0.044716,0.74999
0.0,0.045892,0.686229
0.0,0.037037,0.628878
0.0,0.034036,0.528233
0.0,0.035017,0.542337
0.0,0.029401,0.555937
0.0,0.045892,0.582547
0.0,0.047089,0.611194
0.0,0.041307,0.639187
0.0,0.020036,0.659245
0.0,0.021433,0.677187
0.0,0.045892,0.673239
0.009,0.067622,0.658595
0.021,0.060225,0.637271
0.042,0.109486,0.607376
0.07,0.453903,0.580516
0.093,0.717066,0.567827
0.408,1.0,0.57442
0.415,1.0,0.599262
0.379,1.0,0.653665
0.303,0.910236,0.71864
0.239,0.981596,0.773576
0.099,0.990769,0.799594
0.008,1.0,0.789932
0.0,0.585158,0.75127
0.0,0.32168,0.690541
0.0,0.160289,0.629183
0.0,0.095313,0.52785
0.0,0.073957,0.54133
0.0,0.036018,0.560517
0.0,0.018701,0.585352
0.0,0.008453,0.618196
0.0,0.006351,0.650085
0.0,0.004892,0.681731
0.0,0.006674,0.704121
0.0,0.009659,0.714328
0.03,0.007352,0.697804
0.15,0.000235,0.65989
0.29,0.0,0.619916
0.408,0.0,0.588514
0.486,0.0,0.573676
0.524,0.0,0.579695
0.496,0.0,0.609293
0.426,0.0,0.660537
0.368,0.0,0.720866
0.221,8.1e-5,0.774064
0.076,0.000517,0.807666
0.006,0.004134,0.796846
0.0,0.012906,0.750768
0.0,0.04021,0.691639
0.0,0.082418,0.628026
0.0,0.147012,0.523889
0.0,0.122699,0.535472
0.0,0.044716,0.54764
0.0,0.049546,0.573248
0.0,0.04021,0.602804
0.0,0.025208,0.638908
0.0,0.011914,0.67081
0.0,0.011438,0.692122
0.0,0.021433,0.697596
0.021,0.013423,0.685817
0.113,0.002679,0.655676
0.204,0.0,0.620904
0.344,0.0,0.58743
0.334,0.0,0.571944
0.439,0.0,0.572376
0.32,0.0,0.601566
0.253,0.000876,0.65375
0.203,0.003252,0.712602
0.159,0.006351,0.762466
0.077,0.008074,0.794811
0.01,0.050805,0.7889
0.0,0.093394,0.741597
0.0,0.060225,0.6817
0.0,0.07896,0.622578
0.0,0.154886,0.515794
0.0,0.189192,0.527212
0.0,0.113779,0.539767
0.0,0.118183,0.563118
0.0,0.168626,0.589494
0.0,0.163036,0.617868
0.0,0.154886,0.648875
0.0,0.163036,0.671072
0.0,0.208098,0.679396
0.029,0.211367,0.669317
0.127,0.201663,0.641853
0.255,0.097258,0.609021
0.358,0.050805,0.580106
0.473,0.030292,0.562019
0.512,0.006038,0.559519
0.492,0.013423,0.586514
0.445,0.019361,0.633427
0.358,0.022894,0.690474
0.23,0.029401,0.742587
0.098,0.034036,0.778213
0.011,0.042423,0.779117
0.0,0.063115,0.734162
0.0,0.067622,0.674131
0.0,0.07896,0.612878
0.0,0.043559,0.514777
0.0,0.020036,0.533368
0.0,0.003675,0.553525
0.0,0.000313,0.579343
0.0,2.1e-5,0.606479
0.0,0.0,0.64342
0.0,0.0,0.67181
0.0,0.0,0.690872
0.0,0.0,0.696342
0.038,0.049546,0.681586
0.161,0.064594,0.641327
0.301,0.006674,0.60144
0.414,0.000459,0.569354
0.472,0.004377,0.552802
0.47,0.033072,0.556394
0.432,0.056057,0.586151
0.188,0.053388,0.648129
0.248,0.020036,0.707341
0.236,0.016811,0.758683
0.112,0.047089,0.793672
0.013,0.050805,0.795964
0.0,0.04021,0.754176
0.0,0.008074,0.69544
0.0,0.000717,0.63427
0.0,0.016811,0.526634
0.0,0.021433,0.538259
0.0,0.027672,0.54993
0.0,0.045892,0.569833
0.0,0.07896,0.592503
0.0,0.070742,0.618916
0.0,0.058813,0.647007
0.0,0.093394,0.669127
0.0,0.109486,0.668302
0.027,0.115967,0.656091
0.113,0.141914,0.630497
0.293,0.043559,0.593873
0.418,0.080677,0.560696
0.494,0.189192,0.541583
0.439,0.208098,0.547051
0.414,0.180185,0.577737
0.447,0.171468,0.633419
0.318,0.149606,0.701661
0.222,0.163036,0.767296
0.058,0.127329,0.792104
0.004,0.035017,0.773324
0.0,0.031201,0.72358
0.0,0.044716,0.656688
0.0,0.063115,0.599891
0.0,0.082418,0.499235
0.0,0.06917,0.508526
0.0,0.095313,0.521169
0.0,0.066097,0.538022
0.0,0.064594,0.564559
0.0,0.026834,0.588933
0.0,0.005737,0.615034
0.0,0.0039,0.639234
0.0,0.001057,0.657828
0.041,6.5e-5,0.644982
0.161,0.0,0.617507
0.313,0.0,0.584909
0.43,0.0,0.558216
0.496,0.0,0.545918
0.539,2.1e-5,0.552172
0.456,0.0,0.583155
0.435,0.0,0.632178
0.378,0.0,0.689106
0.238,0.0,0.739232
0.118,0.002679,0.775539
0.016,0.000313,0.789084
0.0,0.0,0.739159
0.0,0.0,0.676292
0.0,0.0,0.622524
0.0,0.000313,0.520329
0.0,0.000579,0.531228
0.0,0.000645,0.550057
0.0,0.001372,0.573157
0.0,0.0039,0.596675
0.0,0.008074,0.62679
0.0,0.016811,0.653016
0.0,0.019361,0.673787
0.0,0.013952,0.68212
0.049,0.016811,0.660094
0.175,0.008453,0.624249
0.313,0.001156,0.585121
0.431,0.000876,0.552313
0.518,0.003252,0.535405
0.557,0.014496,0.537361
0.548,0.020036,0.565322
0.49,0.029401,0.612039
0.391,0.034036,0.667178
0.262,0.028528,0.715865
0.123,0.034036,0.749717
0.018,0.063115,0.751981
0.0,0.129687,0.707027
0.0,0.154886,0.645503
0.0,0.144448,0.589034
0.0,0.174341,0.493072
0.0,0.107381,0.505205
0.0,0.120427,0.524471
0.0,0.07896,0.534509
0.0,0.087791,0.560872
0.0,0.165815,0.589259
0.0,0.087791,0.613915
0.0,0.018056,0.63506
0.0,0.052086,0.646758
0.032,0.052086,0.643753
0.1,0.052086,0.623646
0.299,0.111619,0.596523
0.41,0.211367,0.574271
0.307,0.195361,0.567818
0.428,0.204864,0.577929
0.476,0.284121,0.607507
0.433,0.353079,0.657832
0.251,0.432378,0.720443
0.233,0.381565,0.771654
0.114,0.357724,0.795558
0.013,0.49327,0.775777
0.0,0.680612,0.725018
0.0,0.659344,0.659552
0.0,0.990769,0.598943
0.0,1.0,0.500106
0.0,1.0,0.50942
0.0,1.0,0.521506
0.0,1.0,0.539042
0.0,1.0,0.561646
0.0,1.0,0.585214
0.0,1.0,0.60609
0.0,1.0,0.618832
0.0,1.0,0.622847
0.005,1.0,0.617824
0.029,0.884395,0.600565
0.031,0.638525,0.578452
0.118,0.709673,0.556105
0.058,0.666384,0.551898
0.056,0.13941,0.565112
0.063,0.214669,0.599004
0.027,0.152231,0.654856
0.027,0.048307,0.713787
0.017,0.006351,0.761836
0.009,1.0e-6,0.780867
0.002,0.000358,0.765063
0.0,8.1e-5,0.716693
0.0,0.000202,0.651978
0.0,0.001057,0.590693
0.0,0.007707,0.48919
0.0,0.010523,0.497702
0.0,0.058813,0.50945
0.0,0.066097,0.527148
0.0,0.111619,0.550521
0.0,0.228224,0.575638
0.0,0.416688,0.599724
0.0,0.724509,0.616
0.0,0.717066,0.62149
0.013,0.850707,0.612773
0.056,1.0,0.595649
0.086,0.631683,0.5758
0.154,1.0,0.553551
0.247,1.0,0.542045
0.282,1.0,0.550315
0.172,1.0,0.583352
0.271,1.0,0.627731
0.187,1.0,0.685949
0.179,0.954414,0.73309
0.088,1.0,0.754235
0.014,1.0,0.742681
0.0,1.0,0.694087
0.0,0.990769,0.632179
0.0,0.7625,0.570004
0.0,0.673473,0.473149
0.0,0.618148,0.483105
0.0,0.510816,0.499258
0.0,0.540974,0.520952
0.0,0.585158,0.54601
0.0,0.411544,0.571603
0.0,0.416688,0.596237
0.0,0.510816,0.613155
0.0,0.443053,0.620108
0.006,0.437694,0.614367
0.023,0.284121,0.598645
0.044,0.528772,0.578691
0.023,0.963418,0.559727
0.042,0.963418,0.551467
0.053,1.0,0.557895
0.107,1.0,0.587789
0.154,1.0,0.634118
0.078,1.0,0.692893
0.052,1.0,0.740474
0.027,1.0,0.759011
0.002,1.0,0.741036
0.0,1.0,0.694226
0.0,1.0,0.632303
0.0,0.859047,0.574953
0.0,0.401383,0.4801
0.0,0.211367,0.492528
0.0,0.147012,0.508955
0.0,0.070742,0.534153
0.0,0.056057,0.565063
0.0,0.113779,0.59432
0.0,0.186157,0.619187
0.0,0.25702,0.638961
0.002,0.19226,0.6484
0.065,0.242337,0.636513
0.145,0.25702,0.615207
0.261,0.559627,0.589142
0.378,0.901567,0.571861
0.459,0.624891,0.562117
0.535,0.416688,0.568761
0.361,0.272284,0.604985
0.403,0.204864,0.655889
0.322,0.249606,0.715744
0.223,0.238755,0.76659
0.142,0.07896,0.791207
0.028,0.033072,0.786727
0.0,0.077268,0.741098
0.0,0.082418,0.67418
0.0,0.111619,0.61009
0.0,0.087791,0.509805
0.0,0.061659,0.522811
0.0,0.087791,0.535935
0.0,0.042423,0.562187
0.0,0.041307,0.593737
0.0,0.07896,0.62505
0.0,0.060225,0.65334
0.0,0.066097,0.673343
0.003,0.111619,0.677941
0.076,0.132074,0.657004
0.219,0.080677,0.625192
0.374,0.064594,0.591215
0.501,0.089633,0.562511
0.588,0.107381,0.54829
0.624,0.122699,0.551329
0.399,0.103251,0.58299
0.443,0.107381,0.632788
0.322,0.075601,0.690589
0.169,0.061659,0.738003
0.124,0.13449,0.765603
0.03,0.160289,0.761706
0.0,0.201663,0.715197
0.0,0.163036,0.655918
0.0,0.157572,0.599044
0.0,0.056057,0.49833
0.0,0.042423,0.511099
0.0,0.036018,0.529258
0.0,0.072338,0.549639
0.0,0.037037,0.580583
0.0,0.039133,0.610572
0.0,0.105303,0.630442
0.0,0.082418,0.654169
0.004,0.057424,0.663004
0.077,0.109486,0.646641
0.221,0.080677,0.617282
0.369,0.018056,0.583622
0.492,0.013952,0.555193
0.577,0.053388,0.540438
0.607,0.127329,0.539341
0.5,0.103251,0.567484
0.361,0.101227,0.61519
0.156,0.093394,0.677275
0.144,0.218006,0.724707
0.122,0.453903,0.749239
0.033,0.459394,0.746582
0.0,0.437694,0.706027
0.0,0.353079,0.648311
0.0,0.432378,0.590093
0.0,0.421875,0.493144
0.0,0.553363,0.505799
0.0,0.326047,0.520815
0.0,0.353079,0.543957
0.0,0.260781,0.572026
0.0,0.186157,0.601596
0.0,0.353079,0.628889
0.0,0.348473,0.648915
0.005,0.411544,0.656954
0.088,0.160289,0.642867
0.231,0.180185,0.616487
0.377,0.183155,0.583583
0.478,0.198495,0.555855
0.587,0.107381,0.541117
0.622,0.136935,0.540739
0.61,0.168626,0.566859
0.552,0.097258,0.613749
0.447,0.13449,0.669017
0.31,0.208098,0.717675
0.162,0.183155,0.743832
0.036,0.149606,0.741253
0.0,0.2922,0.702669
0.0,0.376715,0.643731
0.0,0.334898,0.587297
0.0,0.23521,0.492485
0.0,0.195361,0.506845
0.0,0.23521,0.523078
0.0,0.245954,0.546916
0.0,0.238755,0.576405
0.0,0.183155,0.606854
0.0,0.160289,0.63436
0.0,0.122699,0.655982
0.006,0.097258,0.663356
0.093,0.099229,0.646338
0.237,0.036018,0.614253
0.374,0.021433,0.578057
0.476,0.029401,0.547894
0.516,0.067622,0.533942
0.594,0.06917,0.536787
0.61,0.084184,0.564102
0.55,0.149606,0.612287
0.445,0.177247,0.669911
0.31,0.163036,0.719491
0.162,0.171468,0.746557
0.038,0.245954,0.742971
0.0,0.339383,0.704239
0.0,0.260781,0.648139
0.0,0.245954,0.591947
0.0,0.288142,0.494056
0.0,0.353079,0.506135
0.0,0.376715,0.520571
0.0,0.353079,0.541842
0.0,0.300431,0.569151
0.0,0.201663,0.598567
0.0,0.160289,0.62642
0.0,0.095313,0.647082
0.007,0.060225,0.654363
0.093,0.030292,0.63819
0.225,0.009659,0.611299
0.369,0.003053,0.577299
0.471,0.0039,0.54852
0.579,0.001261,0.531986
0.553,0.000202,0.542099
0.558,0.000794,0.566933
0.532,0.005445,0.611563
0.449,0.033072,0.66663
0.316,0.066097,0.715095
0.168,0.057424,0.741122
0.041,0.06917,0.74025
0.0,0.089633,0.701659
0.0,0.109486,0.642034
0.0,0.101227,0.585051
0.0,0.101227,0.488865
0.0,0.089633,0.500833
0.0,0.089633,0.516879
0.0,0.050805,0.541061
0.0,0.037037,0.568966
0.0,0.022894,0.599708
0.0,0.026834,0.6262
0.0,0.038075,0.644687
0.008,0.04021,0.648309
0.102,0.027672,0.627191
0.248,0.007007,0.594307
0.395,0.006038,0.559587
0.519,0.007707,0.530095
0.606,0.011438,0.513198
0.645,0.002338,0.513066
0.634,0.006351,0.539742
0.572,0.009245,0.585846
0.467,0.008453,0.639453
0.33,0.007707,0.686137
0.178,0.010974,0.718649
0.046,0.011914,0.73751
0.0,0.011438,0.69988
0.0,0.011914,0.643375
0.0,0.005163,0.587596
0.0,0.004377,0.48983
0.0,0.005737,0.500669
0.0,0.0,0.519051
0.0,0.0,0.543305
0.0,0.0,0.570029
0.0,0.0,0.598136
0.0,8.1e-5,0.626647
0.0,0.000171,0.648726
0.01,0.000272,0.647333
0.101,2.9e-5,0.621261
0.252,0.0,0.584399
0.404,0.0,0.546701
0.526,0.0,0.5157
0.608,0.0,0.497746
0.642,0.0,0.496044
0.631,0.00463,0.522446
0.564,0.029401,0.566319
0.399,0.042423,0.618189
0.31,0.003252,0.663476
0.139,0.038075,0.694519
0.031,0.115967,0.703388
0.0,0.13449,0.670394
0.0,0.396365,0.611341
0.0,0.32168,0.557246
0.0,0.330452,0.465176
0.0,0.304603,0.473822
0.0,0.406442,0.48672
0.0,0.317352,0.507249
0.0,0.317352,0.529737
0.0,0.367138,0.559899
0.0,0.19226,0.581938
0.0,0.2922,0.593453
0.006,0.547145,0.597298
0.018,0.709673,0.587482
0.095,0.624891,0.568967
0.351,0.585158,0.540605
0.275,0.793832,0.522866
0.146,0.732004,0.514486
0.179,0.218006,0.524267
0.202,0.272284,0.547455
0.286,0.32168,0.589713
0.209,0.201663,0.646103
0.251,0.141914,0.687956
0.133,0.13449,0.70881
0.036,0.160289,0.69813
0.0,0.127329,0.658129
0.0,0.07896,0.604606
0.0,0.034036,0.551136
0.0,0.033072,0.45343
0.0,0.054712,0.466366
0.0,0.103251,0.480211
0.0,0.113779,0.498057
0.0,0.13941,0.522019
0.0,0.174341,0.547146
0.0,0.228224,0.567965
0.0,0.264579,0.58408
0.006,0.264579,0.582093
0.034,0.253295,0.573145
0.095,0.19226,0.551543
0.147,0.107381,0.528502
0.233,0.018056,0.505313
0.603,0.025208,0.483105
0.627,0.075601,0.479905
0.602,0.066097,0.50333
0.527,0.045892,0.544827
0.298,0.013423,0.598036
0.217,0.012906,0.642845
0.171,0.053388,0.667981
0.051,0.109486,0.670395
0.0,0.165815,0.637036
0.0,0.296296,0.58025
0.0,0.371906,0.527749
0.0,0.357724,0.439544
0.0,0.308814,0.4505
0.0,0.25702,0.461556
0.0,0.264579,0.482885
0.0,0.280138,0.508027
0.0,0.313064,0.534463
0.0,0.260781,0.557515
0.0,0.242337,0.577584
0.014,0.214669,0.583433
0.111,0.177247,0.569523
0.232,0.157572,0.543205
0.325,0.105303,0.514464
0.417,0.109486,0.488514
0.554,0.183155,0.474876
0.63,0.072338,0.473516
0.601,0.221377,0.497962
0.415,0.231699,0.549439
0.408,0.168626,0.621697
0.189,0.072338,0.681836
0.047,0.035017,0.708694
0.012,0.02442,0.696241
0.0,0.026834,0.653906
0.0,0.029401,0.601452
0.0,0.018056,0.545601
0.0,0.005737,0.455983
0.0,0.001882,0.467257
0.0,8.1e-5,0.479396
0.0,0.0,0.507424
0.0,0.000717,0.526793
0.0,0.005737,0.556759
0.0,0.02442,0.575252
0.0,0.052086,0.58734
0.009,0.058813,0.58901
0.017,0.043559,0.582145
0.043,0.038075,0.565183
0.127,0.010523,0.541038
0.066,0.011438,0.523293
0.096,0.007707,0.514922
0.274,6.0e-6,0.526004
0.25,5.1e-5,0.549372
0.198,0.0,0.597783
0.167,0.0,0.65161
0.077,2.1e-5,0.697262
0.046,0.0,0.716504
0.02,0.0,0.709843
0.0,0.0,0.666605
0.0,5.1e-5,0.612249
0.0,0.000876,0.553386
0.0,0.004134,0.466248
0.0,0.001882,0.474923
0.0,0.001261,0.495924
0.0,0.000717,0.516202
0.0,0.007352,0.541006
0.0,0.025208,0.567046
0.0,0.019361,0.59419
0.0,0.010974,0.615267
0.02,0.004134,0.616527
0.133,0.001882,0.597453
0.282,0.000517,0.569141
0.36,9.9e-5,0.538259
0.458,0.000313,0.512274
0.537,0.002862,0.499632
0.533,0.000645,0.503976
0.517,0.003459,0.531556
0.432,0.02442,0.579179
0.418,0.038075,0.633767
0.268,0.036018,0.685106
0.176,0.020727,0.707566
0.062,0.008074,0.70963
0.001,0.002178,0.676777
0.0,0.003459,0.622206
0.0,0.008453,0.562399
0.0,0.005163,0.468773
0.0,0.007352,0.478613
0.0,0.001156,0.491677
0.0,1.5e-5,0.511783
0.0,0.0,0.537625
0.0,0.0,0.56481
0.0,0.0,0.592528
0.0,0.0,0.61074
0.007,0.0,0.618339
0.048,0.0,0.611212
0.115,0.0,0.591475
0.169,0.0,0.566459
0.268,0.0,0.542171
0.338,0.0,0.528516
0.362,0.0,0.532147
0.419,0.0,0.555921
0.362,0.0,0.596779
0.27,0.0,0.645699
0.255,0.0,0.685819
0.127,0.0,0.70303
0.038,0.0,0.701724
0.001,0.0,0.671721
0.0,0.0,0.611791
0.0,0.000963,0.561491
0.0,0.005445,0.46691
0.0,0.002338,0.481698
0.0,0.003252,0.499992
0.0,0.001882,0.526951
0.0,0.001261,0.551633
0.0,0.002862,0.570375
0.0,0.001489,0.603056
0.0,0.000235,0.622259
0.016,0.0,0.61588
0.09,0.0,0.598314
0.226,0.0,0.572123
0.408,0.0,0.538601
0.463,0.0,0.512676
0.476,0.0,0.500073
0.659,0.0,0.50255
0.421,0.0,0.530058
0.258,0.0,0.577535
0.226,0.0,0.625563
0.202,0.010523,0.679691
0.1,0.049546,0.712408
0.054,0.054712,0.706565
0.001,0.035017,0.669051
0.0,0.033072,0.611522
0.0,0.012906,0.555997
0.0,0.030292,0.458545
0.0,0.011914,0.472593
0.0,0.003053,0.484351
0.0,0.007007,0.51007
0.0,0.020727,0.538909
0.0,0.044716,0.566145
0.0,0.054712,0.585782
0.0,0.101227,0.596152
0.005,0.095313,0.59447
0.043,0.006674,0.586186
0.114,0.020727,0.568476
0.28,0.011914,0.541021
0.551,0.02442,0.516321
0.622,0.087791,0.505566
0.516,0.103251,0.520906
0.385,0.132074,0.551493
0.385,0.163036,0.602253
0.281,0.260781,0.659645
0.271,0.198495,0.704916
0.134,0.157572,0.725142
0.056,0.129687,0.713868
0.002,0.122699,0.678998
0.0,0.120427,0.621277
0.0,0.177247,0.564815
0.0,0.154886,0.468013
0.0,0.174341,0.478381
0.0,0.177247,0.488056
0.0,0.201663,0.510365
0.0,0.163036,0.533654
0.0,0.141914,0.561923
0.0,0.115967,0.587453
0.0,0.075601,0.60343
0.022,0.042423,0.60395
0.079,0.035017,0.594205
0.166,0.042423,0.574277
0.265,0.022894,0.549258
0.433,0.009659,0.52559
0.35,0.015053,0.518457
0.356,0.003053,0.528947
0.265,0.003053,0.558652
0.257,0.002679,0.605644
0.265,0.002679,0.658567
0.221,0.007352,0.702915
0.126,0.011438,0.724803
0.063,0.011438,0.716874
0.002,0.011438,0.68569
0.0,0.005445,0.629496
0.0,0.001613,0.574183
0.0,0.015625,0.47631
0.0,0.033072,0.484648
0.0,0.023649,0.491709
0.0,0.025208,0.511221
0.0,0.047089,0.532712
0.0,0.048307,0.555138
0.0,0.047089,0.576357
0.0,0.050805,0.594088
0.02,0.037037,0.595928
0.082,0.014496,0.582826
0.181,0.003459,0.559178
0.359,0.008074,0.529512
0.453,0.015053,0.506494
0.557,0.023649,0.493424
0.255,0.006351,0.505961
0.298,0.003675,0.535016
0.277,0.003675,0.580717
0.202,0.005737,0.635378
0.17,0.015625,0.680736
0.112,0.009659,0.702959
0.061,0.014496,0.698883
0.002,0.009245,0.669595
0.0,0.004134,0.61127
0.0,0.002505,0.557671
0.0,0.002178,0.464738
0.0,0.003053,0.476122
0.0,0.001489,0.494187
0.0,0.000202,0.511463
0.0,1.0e-5,0.536642
0.0,1.5e-5,0.566314
0.0,0.000963,0.59001
0.0,0.000876,0.600576
0.017,0.0,0.602499
0.088,0.0,0.590741
0.162,0.0,0.570271
0.254,0.0,0.543495
0.302,0.0,0.523188
0.2,0.0,0.515471
0.312,0.0,0.511436
0.466,0.0,0.535487
0.456,0.0,0.57834
0.404,0.0,0.628063
0.291,0.0,0.668747
0.166,0.0,0.686394
0.069,0.0,0.674333
0.004,0.0,0.641126
0.0,0.0,0.602385
0.0,0.0,0.547045
0.0,0.0,0.466018
0.0,0.003053,0.476876
0.0,0.0039,0.493269
0.0,0.014496,0.515169
0.0,0.016811,0.539907
0.0,0.015625,0.567808
0.0,0.017426,0.592895
0.0,0.010974,0.614501
0.043,0.003675,0.608989
0.174,0.000358,0.585572
0.332,0.0,0.551264
0.48,0.0,0.516809
0.601,0.0,0.48926
0.683,0.0,0.474631
0.717,0.0,0.476139
0.704,0.00012,0.498185
0.638,0.000517,0.536427
0.529,0.002505,0.580873
0.389,0.00463,0.618501
0.233,0.006038,0.642671
0.086,0.048307,0.649954
0.004,0.099229,0.621404
0.0,0.168626,0.570238
0.0,0.242337,0.517946
0.0,0.296296,0.430154
0.0,0.339383,0.440295
0.0,0.427105,0.450026
0.0,0.470508,0.469042
0.0,0.174341,0.501919
0.0,0.238755,0.531794
0.0,0.152231,0.558677
0.0,0.125,0.57657
0.045,0.109486,0.580346
0.172,0.041307,0.56612
0.279,0.129687,0.546988
0.336,0.084184,0.524918
0.432,0.047089,0.503983
0.42,0.034036,0.496531
0.63,0.032127,0.508465
0.473,0.067622,0.537005
0.534,0.127329,0.585023
0.392,0.127329,0.643143
0.335,0.149606,0.688953
0.138,0.157572,0.712125
0.055,0.093394,0.70021
0.004,0.042423,0.662901
0.0,0.04021,0.611484
0.0,0.049546,0.556536
0.0,0.026834,0.464262
0.0,0.005737,0.472918
0.0,0.002178,0.489176
0.0,0.002026,0.510893
0.0,0.007007,0.531806
0.0,0.013423,0.556139
0.0,0.011438,0.577432
0.0,0.007007,0.593139
0.018,0.00463,0.593668
0.061,0.004134,0.580034
0.173,0.004892,0.55594
0.466,0.018701,0.525918
0.383,0.028528,0.50497
0.367,0.048307,0.493851
0.504,0.118183,0.501376
0.614,0.113779,0.527542
0.578,0.105303,0.572604
0.435,0.113779,0.627269
0.345,0.087791,0.67286
0.215,0.049546,0.696481
0.084,0.058813,0.690699
0.005,0.043559,0.657056
0.0,0.080677,0.599828
0.0,0.186157,0.54344
0.0,0.218006,0.44812
0.0,0.249606,0.456458
0.0,0.245954,0.470562
0.0,0.313064,0.488087
0.0,0.367138,0.51215
0.0,0.39139,0.537431
0.0,0.348473,0.561231
0.0,0.288142,0.57648
0.027,0.171468,0.575501
0.172,0.228224,0.562745
0.291,0.242337,0.543738
0.33,0.308814,0.521171
0.364,0.357724,0.502852
0.353,0.411544,0.496028
0.231,0.296296,0.51226
0.111,0.264579,0.543639
0.225,0.343908,0.586527
0.116,0.396365,0.641638
0.067,0.204864,0.683202
0.062,0.396365,0.698608
0.02,0.163036,0.683699
0.001,0.152231,0.638965
0.0,0.183155,0.581269
0.0,0.183155,0.527905
0.0,0.25702,0.439424
0.0,0.103251,0.450262
0.0,0.093394,0.467477
0.0,0.070742,0.489458
0.0,0.080677,0.514777
0.0,0.091501,0.537673
0.0,0.097258,0.560171
0.0,0.122699,0.577409
0.047,0.107381,0.581219
0.151,0.093394,0.568441
0.294,0.208098,0.547997
0.38,0.120427,0.524667
0.411,0.113779,0.506245
0.438,0.095313,0.496958
0.536,0.089633,0.505173
0.452,0.07896,0.532881
0.414,0.077268,0.579813
0.325,0.103251,0.633546
0.238,0.218006,0.682779
0.131,0.115967,0.70404
0.086,0.041307,0.69307
0.008,0.028528,0.66223
0.0,0.041307,0.607295
0.0,0.044716,0.551449
0.0,0.033072,0.458935
0.0,0.026834,0.469087
0.0,0.034036,0.481918
0.0,0.04021,0.501611
0.0,0.033072,0.522723
0.0,0.023649,0.541639
0.0,0.029401,0.5617
0.0,0.028528,0.574961
0.023,0.02442,0.577403
0.097,0.013952,0.564022
0.141,0.012404,0.543717
0.218,0.082418,0.521183
0.441,0.070742,0.500439
0.358,0.103251,0.493647
0.329,0.034036,0.507937
0.266,0.034036,0.535161
0.361,0.070742,0.576651
0.309,0.077268,0.627029
0.193,0.037037,0.670094
0.234,0.030292,0.689376
0.099,0.029401,0.686065
0.007,0.033072,0.644977
0.0,0.084184,0.586047
0.0,0.141914,0.527831
0.0,0.228224,0.436735
0.0,0.362411,0.445384
0.0,0.401383,0.457516
0.0,0.280138,0.475105
0.0,0.308814,0.497359
0.0,0.330452,0.520055
0.0,0.591659,0.541167
0.0,0.288142,0.557854
0.009,0.268413,0.565522
0.061,0.201663,0.560953
0.223,0.218006,0.5414
0.387,0.228224,0.518962
0.467,0.32168,0.501951
0.498,0.268413,0.493342
0.65,0.376715,0.504552
0.411,0.406442,0.537401
0.314,0.313064,0.586809
0.283,0.376715,0.638091
0.291,0.242337,0.68105
0.242,0.177247,0.698068
0.106,0.111619,0.689622
0.01,0.109486,0.653585
0.0,0.19226,0.592503
0.0,0.260781,0.537423
0.0,0.204864,0.445203
0.0,0.163036,0.455601
0.0,0.058813,0.470213
0.0,0.029401,0.492258
0.0,0.043559,0.517087
0.0,0.057424,0.539499
0.0,0.095313,0.561428
0.001,0.04021,0.578685
0.031,0.043559,0.580524
0.103,0.021433,0.570502
0.22,0.037037,0.55008
0.248,0.013423,0.530482
0.39,0.052086,0.507061
0.341,0.038075,0.50018
0.43,0.073957,0.510296
0.452,0.125,0.536386
0.517,0.238755,0.583599
0.426,0.228224,0.636879
0.269,0.177247,0.680561
0.179,0.064594,0.700043
0.073,0.030292,0.688284
0.01,0.010523,0.658326
0.0,0.000717,0.594767
0.0,0.000272,0.538226
0.0,0.008453,0.445863
0.0,0.000794,0.458366
0.0,0.0,0.475757
0.0,0.000313,0.494637
0.0,0.011438,0.51957
0.0,0.00463,0.548277
0.0,0.001613,0.571861
0.0,0.003459,0.586766
0.012,6.0e-6,0.589371
0.102,0.011914,0.57466
0.347,0.091501,0.550936
0.429,0.101227,0.528823
0.535,0.141914,0.509097
0.665,0.141914,0.497435
0.681,0.085975,0.506286
0.635,0.221377,0.536001
0.582,0.367138,0.58387
0.5,0.49327,0.639436
0.356,0.459394,0.68569
0.237,0.448456,0.707741
0.1,0.357724,0.695765
0.012,0.231699,0.658498
0.0,0.118183,0.602452
0.0,0.075601,0.550124
0.0,0.089633,0.456236
0.0,0.049546,0.46893
0.0,0.042423,0.48608
0.0,0.044716,0.507047
0.0,0.041307,0.532554
0.0,0.016211,0.555732
0.0,0.056057,0.576427
0.003,0.050805,0.592783
0.067,0.003675,0.594134
0.2,0.00012,0.580077
0.346,6.5e-5,0.556895
0.52,0.000459,0.528398
0.615,0.0,0.505101
0.662,0.0,0.494105
0.7,0.0,0.503498
0.649,0.0,0.528588
0.545,0.026834,0.583425
0.3,0.000876,0.642702
0.354,0.087791,0.681928
0.221,0.107381,0.698946
0.105,0.052086,0.687964
0.015,0.149606,0.654908
0.0,0.32168,0.601211
0.0,0.189192,0.55021
0.0,0.180185,0.460382
0.0,0.129687,0.473142
0.0,0.085975,0.48826
0.0,0.084184,0.509306
0.0,0.073957,0.537244
0.0,0.044716,0.567381
0.0,0.016211,0.596853
0.004,0.007007,0.614443
0.084,0.006674,0.608758
0.232,0.000358,0.588704
0.388,0.0039,0.564699
0.526,0.017426,0.537823
0.54,0.047089,0.51545
0.326,0.026012,0.510811
0.443,0.000645,0.51752
0.426,0.000272,0.544067
0.286,0.000794,0.591918
0.341,2.1e-5,0.640667
0.216,0.002679,0.684563
0.159,0.000963,0.704082
0.091,0.000171,0.695334
0.015,0.000517,0.666952
0.0,0.001882,0.610791
0.0,0.002679,0.559464
0.0,6.5e-5,0.47108
0.0,0.0,0.476783
0.0,0.000517,0.496272
0.0,1.0e-5,0.520402
0.0,0.0,0.5471
0.0,0.0,0.574651
0.0,0.0,0.596159
0.005,0.0,0.615031
0.087,0.0,0.601501
0.228,1.0e-5,0.578967
0.385,0.0,0.550164
0.529,0.000272,0.523821
0.615,8.1e-5,0.501914
0.621,1.5e-5,0.491584
0.651,2.0e-6,0.496747
0.708,6.0e-6,0.52085
0.46,2.1e-5,0.566026
0.438,0.0,0.613988
0.358,0.000358,0.653761
0.226,0.003675,0.675007
0.115,0.006038,0.670907
0.015,0.008074,0.644049
0.0,0.009659,0.579155
0.0,0.008453,0.524708
0.0,0.018701,0.434632
0.0,0.047089,0.446335
0.0,0.036018,0.454274
0.0,0.049546,0.470092
0.0,0.057424,0.492689
0.0,0.072338,0.521251
0.0,0.075601,0.544324
0.003,0.07896,0.555873
0.059,0.089633,0.553633
0.181,0.039133,0.538113
0.341,0.072338,0.512316
0.44,0.095313,0.486088
0.308,0.06917,0.471907
0.571,0.171468,0.459665
0.409,0.103251,0.476732
0.423,0.177247,0.500964
0.249,0.218006,0.550584
0.314,0.168626,0.596442
0.335,0.214669,0.638245
0.059,0.147012,0.660731
0.051,0.115967,0.648249
0.009,0.141914,0.609522
0.0,0.204864,0.554485
0.0,0.171468,0.50238
0.0,0.120427,0.418127
0.0,0.050805,0.427948
0.0,0.027672,0.44224
0.0,0.032127,0.464737
0.0,0.049546,0.49226
0.0,0.060225,0.51897
0.0,0.047089,0.54257
0.001,0.067622,0.559258
0.027,0.085975,0.562962
0.208,0.141914,0.549988
0.268,0.228224,0.534023
0.406,0.381565,0.511344
0.278,0.268413,0.494592
0.64,0.406442,0.483811
0.708,0.154886,0.494785
0.556,0.189192,0.523199
0.617,0.245954,0.565171
0.507,0.330452,0.618997
0.301,0.427105,0.665399
0.168,0.334898,0.688462
0.109,0.204864,0.676059
0.012,0.095313,0.634762
0.0,0.057424,0.580118
0.0,0.04021,0.526783
0.0,0.032127,0.438353
0.0,0.031201,0.449079
0.0,0.014496,0.461885
0.0,0.008843,0.483498
0.0,0.006674,0.504998
0.0,0.008453,0.528104
0.0,0.022156,0.551453
0.007,0.012906,0.570317
0.095,0.001372,0.569592
0.245,0.000406,0.553371
0.387,0.101227,0.5367
0.432,0.13941,0.515159
0.444,0.118183,0.498876
0.467,0.084184,0.488633
0.54,0.028528,0.497332
0.475,0.02442,0.524645
0.382,0.053388,0.566075
0.355,0.047089,0.616282
0.281,0.02442,0.657772
0.215,0.010523,0.674209
0.102,0.002178,0.663705
0.022,8.1e-5,0.64587
0.0,1.5e-5,0.593537
0.0,2.1e-5,0.538316
0.0,0.002679,0.446907
0.0,0.026834,0.453722
0.0,0.127329,0.464047
0.0,0.174341,0.483551
0.0,0.245954,0.505059
0.0,0.317352,0.527576
0.0,0.381565,0.544044
0.008,0.448456,0.560121
0.081,0.464928,0.559322
0.163,0.2922,0.545809
0.321,0.330452,0.523095
0.365,0.296296,0.497814
0.413,0.516755,0.476238
0.263,0.357724,0.473232
0.193,0.118183,0.47577
0.292,0.171468,0.508679
0.162,0.053388,0.552804
0.226,0.113779,0.603301
0.118,0.050805,0.647068
0.049,0.038075,0.663257
0.052,0.113779,0.646765
0.008,0.163036,0.608815
0.0,0.268413,0.55914
0.0,0.013423,0.51018
0.0,0.0,0.426054
0.0,0.007007,0.436518
0.0,0.054712,0.452087
0.0,0.129687,0.470027
0.0,0.228224,0.49545
0.0,0.334898,0.525846
0.0,0.19226,0.555291
0.01,0.313064,0.571047
0.105,0.401383,0.571031
0.181,0.211367,0.558084
0.358,0.464928,0.538205
0.443,0.280138,0.515437
0.597,0.177247,0.493912
0.617,0.221377,0.492371
0.581,0.044716,0.495886
0.663,0.095313,0.529926
0.602,0.198495,0.571166
0.594,0.245954,0.621824
0.424,0.296296,0.665993
0.262,0.13449,0.685782
0.141,0.073957,0.672608
0.026,0.066097,0.638746
0.0,0.054712,0.583707
0.0,0.034036,0.532394
0.0,0.031201,0.441489
0.0,0.026012,0.451746
0.0,0.027672,0.468794
0.0,0.016811,0.489018
0.0,0.004892,0.516447
0.0,0.003252,0.541898
0.0,0.000794,0.566424
0.009,6.0e-6,0.579321
0.105,2.0e-6,0.573641
0.247,0.0,0.55435
0.42,0.002178,0.530875
0.518,0.003053,0.508379
0.57,0.001156,0.488257
0.753,6.5e-5,0.47592
0.715,0.002026,0.490787
0.643,6.5e-5,0.52574
0.279,0.002679,0.567977
0.559,0.006351,0.609625
0.409,0.041307,0.663053
0.21,0.012906,0.675629
0.105,0.022156,0.663463
0.025,0.02442,0.630154
0.0,0.045892,0.581131
0.0,0.039133,0.531232
0.0,0.028528,0.44397
0.0,0.014496,0.456279
0.0,0.010974,0.471894
0.0,0.010974,0.493847
0.0,0.005737,0.519793
0.0,0.005737,0.547172
0.0,0.010085,0.570067
0.014,0.002505,0.582449
0.115,6.5e-5,0.571743
0.267,0.0,0.550001
0.399,0.0,0.527295
0.474,0.002178,0.504346
0.518,0.005737,0.486675
0.636,0.015625,0.476659
0.732,0.011914,0.483982
0.659,0.073957,0.514839
0.556,0.072338,0.558151
0.596,0.125,0.606206
0.243,0.063115,0.653954
0.277,0.073957,0.668701
0.141,0.026834,0.661298
0.029,0.009659,0.637425
0.0,0.001882,0.587057
0.0,0.007707,0.521786
0.0,0.026012,0.427784
0.0,0.030292,0.439256
0.0,0.053388,0.452297
0.0,0.056057,0.472387
0.0,0.047089,0.495634
0.0,0.056057,0.517728
0.0,0.038075,0.539391
0.006,0.010085,0.554066
0.061,0.000794,0.555862
0.147,0.0,0.545046
0.32,0.0,0.520051
0.498,0.001882,0.495595
0.322,0.003675,0.482225
0.628,0.021433,0.47002
0.594,0.037037,0.480109
0.526,0.063115,0.500361
0.375,0.111619,0.551708
0.414,0.047089,0.598477
0.368,0.084184,0.641082
0.209,0.056057,0.659462
0.111,0.028528,0.652248
0.02,0.013952,0.618869
0.0,0.012906,0.569494
0.0,0.009245,0.520065
0.0,0.000313,0.4337
0.0,0.000272,0.446272
0.0,0.000171,0.449268
0.0,0.001882,0.476157
0.0,0.00463,0.50125
0.0,0.0039,0.526546
0.0,0.002026,0.549796
0.015,0.000313,0.564143
0.108,0.0,0.555931
0.268,0.0,0.536361
0.415,0.0,0.514692
0.564,0.0,0.490449
0.46,0.0,0.47209
0.321,0.0,0.465684
0.355,0.0,0.470516
0.452,0.0,0.492679
0.387,0.0,0.533444
0.277,0.0,0.580756
0.272,0.003675,0.61914
0.139,0.019361,0.640133
0.091,9.9e-5,0.630312
0.031,0.0,0.613991
0.0,0.000272,0.566323
0.0,0.038075,0.505452
0.0,0.099229,0.420112
0.0,0.122699,0.433389
0.0,0.330452,0.444213
0.0,0.381565,0.462902
0.0,0.411544,0.486251
0.0,0.396365,0.511985
0.0,0.443053,0.535227
0.019,0.464928,0.54979
0.126,0.464928,0.547165
0.278,0.330452,0.531486
0.437,0.334898,0.505718
0.582,0.334898,0.475941
0.684,0.371906,0.450659
0.732,0.559627,0.437249
0.798,0.801797,0.437557
0.776,1.0,0.461476
0.677,1.0,0.500238
0.576,1.0,0.54532
0.458,1.0,0.582165
0.274,0.659344,0.602294
0.123,0.53485,0.594903
0.03,0.732004,0.560232
0.0,0.936575,0.513514
0.0,0.754798,0.469949
0.0,0.770255,0.395022
0.0,0.631683,0.403338
0.0,0.717066,0.411247
0.0,0.604807,0.427567
0.0,0.481799,0.448147
0.0,0.339383,0.476094
0.0,0.224783,0.49843
0.007,0.052086,0.515057
0.017,0.045892,0.519645
0.038,0.022156,0.51732
0.07,0.010974,0.503476
0.181,0.012906,0.482601
0.406,0.050805,0.460552
0.319,0.099229,0.455419
0.322,0.010523,0.458384
0.301,0.013952,0.484106
0.337,0.019361,0.524151
0.199,0.002505,0.577751
0.119,0.0,0.614419
0.09,0.0,0.629823
0.054,0.000235,0.620204
0.026,0.012906,0.589504
0.0,0.011438,0.537558
0.0,0.003053,0.491684
0.0,0.001261,0.408204
0.0,0.0,0.420219
0.0,0.0,0.433706
0.0,0.0,0.456176
0.0,0.0,0.472588
0.0,0.0,0.494758
0.0,0.0,0.517864
0.009,0.000717,0.526375
0.057,0.014496,0.524835
0.159,0.006674,0.510694
0.228,0.042423,0.493405
0.159,0.018056,0.479297
0.102,0.005445,0.465838
0.156,0.007352,0.458404
0.213,0.000406,0.463718
0.353,0.0,0.486154
0.619,5.1e-5,0.515973
0.488,0.009659,0.572357
0.246,0.113779,0.613203
0.12,0.034036,0.630114
0.085,0.015053,0.616702
0.032,0.02442,0.587593
0.0,0.001057,0.53901
0.0,0.005163,0.487769
0.0,0.035017,0.403997
0.0,0.016811,0.412487
0.0,0.101227,0.428258
0.0,0.016811,0.448918
0.0,0.038075,0.469945
0.0,0.050805,0.493139
0.0,0.008074,0.513773
0.003,0.020036,0.527735
0.026,0.056057,0.531213
0.046,0.113779,0.523831
0.119,0.066097,0.504423
0.219,0.07896,0.47949
0.294,0.089633,0.460406
0.308,0.061659,0.449175
0.395,0.109486,0.457149
0.311,0.041307,0.481016
0.447,0.023649,0.513039
0.203,0.0039,0.559246
0.223,0.052086,0.594722
0.134,0.018701,0.6089
0.111,0.025208,0.598251
0.038,0.039133,0.570999
0.0,0.070742,0.51944
0.0,0.010523,0.473514
0.0,0.008843,0.395522
0.0,0.06917,0.403842
0.0,0.018056,0.41884
0.0,0.073957,0.437024
0.0,0.085975,0.459131
0.0,0.105303,0.482375
0.0,0.129687,0.504942
0.014,0.154886,0.52172
0.084,0.163036,0.525765
0.156,0.115967,0.517831
0.282,0.149606,0.499798
0.334,0.163036,0.47852
0.288,0.296296,0.455572
0.363,0.245954,0.442224
0.333,0.304603,0.449508
0.267,0.367138,0.477103
0.255,0.317352,0.519146
0.178,0.284121,0.565892
0.17,0.264579,0.605538
0.15,0.276193,0.623777
0.053,0.343908,0.612738
0.015,0.296296,0.574736
0.0,0.253295,0.525374
0.0,0.231699,0.477149
0.0,0.23521,0.398525
0.0,0.253295,0.412235
0.0,0.245954,0.42697
0.0,0.186157,0.444951
0.0,0.149606,0.466335
0.0,0.099229,0.488782
0.0,0.082418,0.509827
0.006,0.093394,0.524292
0.06,0.157572,0.527136
0.127,0.249606,0.519202
0.126,0.06917,0.505321
0.123,0.031201,0.487316
0.211,0.022894,0.468019
0.23,0.011438,0.460022
0.302,0.000876,0.465971
0.297,0.000963,0.489774
0.216,0.001156,0.531609
0.261,0.001261,0.575964
0.15,0.006038,0.614761
0.064,0.0039,0.631667
0.036,0.001489,0.616703
0.011,0.004134,0.579126
0.0,0.008074,0.529356
0.0,0.016811,0.480745
0.0,0.022156,0.399604
0.0,0.036018,0.408483
0.0,0.075601,0.425579
0.0,0.053388,0.444018
0.0,0.067622,0.469683
0.0,0.082418,0.493991
0.0,0.125,0.512889
0.023,0.103251,0.52319
0.126,0.049546,0.51867
0.278,0.026834,0.502926
0.437,0.016811,0.479986
0.586,0.02442,0.453708
0.71,0.053388,0.43106
0.784,0.066097,0.418654
0.811,0.041307,0.431066
0.417,0.049546,0.452878
0.448,0.053388,0.489006
0.492,0.032127,0.527508
0.311,0.016211,0.560938
0.231,0.149606,0.585705
0.141,0.093394,0.577789
0.038,0.160289,0.551718
0.0,0.214669,0.509435
0.0,0.195361,0.464983
0.0,0.186157,0.388417
0.0,0.171468,0.398992
0.0,0.073957,0.411827
0.0,0.038075,0.430741
0.0,0.025208,0.453071
0.0,0.028528,0.477136
0.0,0.054712,0.498277
0.029,0.042423,0.508182
0.12,0.011438,0.505386
0.201,0.012906,0.493444
0.23,0.019361,0.476099
0.195,0.016811,0.459108
0.195,0.014496,0.440737
0.242,0.006674,0.433124
0.256,0.001613,0.430827
0.385,0.00463,0.45674
0.243,0.013952,0.502752
0.208,0.020727,0.547342
0.175,0.111619,0.595333
0.091,0.113779,0.615544
0.084,0.073957,0.606121
0.034,0.093394,0.578145
0.0,0.072338,0.532192
0.0,0.044716,0.482165
0.0,0.054712,0.399841
0.0,0.060225,0.406803
0.0,0.030292,0.415432
0.0,0.044716,0.432429
0.0,0.060225,0.454292
0.0,0.054712,0.477845
0.0,0.023649,0.498424
0.012,0.010523,0.511363
0.054,0.004377,0.512891
0.112,0.043559,0.50031
0.163,0.027672,0.486919
0.216,0.038075,0.467857
0.251,0.101227,0.451422
0.274,0.125,0.443671
0.265,0.06917,0.448794
0.259,0.168626,0.466398
0.549,0.280138,0.503704
0.546,0.308814,0.552516
0.401,0.443053,0.594914
0.325,0.448456,0.616587
0.185,0.32168,0.609308
0.054,0.211367,0.578335
0.001,0.144448,0.533583
0.0,0.111619,0.487364
0.0,0.075601,0.407426
0.0,0.043559,0.419781
0.0,0.020036,0.433715
0.0,0.017426,0.454495
0.0,0.006674,0.472047
0.0,0.002026,0.491411
0.0,0.00012,0.516636
0.03,0.000313,0.528298
0.144,0.0,0.523959
0.302,0.0,0.50831
0.462,2.1e-5,0.488287
0.61,5.1e-5,0.464672
0.72,0.000459,0.445613
0.793,0.000202,0.436331
0.65,0.0,0.446823
0.482,0.0,0.470739
0.375,0.000645,0.510949
0.313,0.010523,0.558326
0.288,0.0039,0.596686
0.17,0.00012,0.613878
0.081,0.002505,0.605903
0.031,0.001261,0.573751
0.001,0.000517,0.538054
0.0,0.0,0.495316
0.0,0.0,0.413546
0.0,0.0,0.426478
0.0,0.0,0.437674
0.0,0.0,0.44895
0.0,0.0,0.472104
0.0,0.0,0.495385
0.0,0.0,0.517274
0.038,0.0,0.532548
0.16,0.0,0.524677
0.312,0.0,0.507277
0.469,0.0,0.487894
0.577,0.0,0.466008
0.573,0.0,0.447469
0.693,0.0,0.436029
0.776,0.0,0.444318
0.753,0.0,0.463472
0.723,0.0,0.499922
0.635,0.0,0.54221
0.502,0.0,0.577333
0.346,0.0,0.59184
0.19,0.0,0.583656
0.06,0.001156,0.565812
0.001,0.057424,0.519657
0.0,0.125,0.471931
0.0,0.154886,0.394146
0.0,0.19226,0.404785
0.0,0.214669,0.41583
0.0,0.174341,0.434858
0.0,0.136935,0.45893
0.0,0.115967,0.483793
0.0,0.127329,0.50577
0.042,0.136935,0.514772
0.163,0.103251,0.508581
0.316,0.032127,0.4896
0.469,0.025208,0.463744
0.61,0.018056,0.437119
0.706,0.013423,0.41355
0.732,0.007007,0.399922
0.763,0.032127,0.397722
0.755,0.048307,0.414803
0.65,0.050805,0.455861
0.38,0.011438,0.496972
0.365,0.0,0.538584
0.211,0.0,0.549988
0.138,0.002338,0.546428
0.043,0.016211,0.521478
0.001,0.026012,0.48299
0.0,0.063115,0.44041
0.0,0.152231,0.364773
0.0,0.105303,0.371997
0.0,0.129687,0.386429
0.0,0.103251,0.400757
0.0,0.113779,0.425323
0.0,0.091501,0.447452
0.0,0.099229,0.463873
0.028,0.070742,0.47526
0.089,0.031201,0.475889
0.114,0.028528,0.471483
0.073,0.041307,0.458264
0.338,0.015053,0.429646
0.438,0.006674,0.409593
0.444,0.003053,0.401373
0.522,0.157572,0.417137
0.42,0.000579,0.436505
0.549,0.000579,0.465078
0.541,0.005737,0.500906
0.28,0.000171,0.537682
0.23,0.009659,0.554233
0.075,0.0,0.551242
0.045,0.000963,0.522569
0.002,0.008074,0.485169
0.0,0.056057,0.440707
0.0,0.109486,0.366404
0.0,0.087791,0.376
0.0,0.105303,0.387645
0.0,0.195361,0.40403
0.0,0.052086,0.421381
0.0,0.037037,0.443312
0.0,0.048307,0.466444
0.034,0.030292,0.474377
0.137,0.050805,0.47442
0.251,0.001261,0.463544
0.361,0.003252,0.444788
0.452,0.001744,0.422791
0.665,0.002178,0.402446
0.58,0.018056,0.393805
0.588,0.0039,0.410469
0.544,0.003675,0.438608
0.488,0.072338,0.469877
0.422,0.015053,0.512226
0.35,0.009659,0.553307
0.098,0.041307,0.576067
0.083,0.007007,0.563892
0.026,0.020727,0.531682
0.002,0.022156,0.492807
0.0,0.008843,0.45753
0.0,0.012906,0.380816
0.0,0.027672,0.387891
0.0,0.042423,0.398447
0.0,0.103251,0.412762
0.0,0.111619,0.431573
0.0,0.097258,0.453441
0.0,0.072338,0.474695
0.047,0.047089,0.482886
0.168,0.041307,0.475926
0.301,0.008453,0.460368
0.352,0.02442,0.441724
0.495,0.035017,0.419861
0.639,0.136935,0.401777
0.616,0.160289,0.394215
0.544,0.035017,0.403321
0.734,0.060225,0.429893
0.426,0.367138,0.480804
0.297,0.174341,0.518745
0.449,0.218006,0.550918
0.31,0.082418,0.569191
0.197,0.030292,0.560031
0.068,0.011438,0.536051
0.003,0.007007,0.499773
0.0,0.016811,0.454457
0.0,0.021433,0.379634
0.0,0.02442,0.389472
0.0,0.014496,0.403424
0.0,0.013423,0.421916
0.0,0.016211,0.442719
0.0,0.023649,0.465664
0.0,0.035017,0.485716
0.049,0.026012,0.493658
0.171,0.005163,0.489218
0.325,0.000876,0.474169
0.479,0.000202,0.451784
0.626,0.000963,0.427403
0.739,0.003459,0.406972
0.809,0.005445,0.395671
0.798,0.002178,0.397841
0.778,0.006038,0.41616
0.471,0.008074,0.451094
0.189,0.000171,0.494446
0.172,0.000717,0.526475
0.12,0.002505,0.541987
0.042,0.028528,0.537032
0.012,0.000963,0.513175
0.001,0.005445,0.466838
0.0,0.017426,0.423004
0.0,0.06917,0.350373
0.0,0.095313,0.357312
0.0,0.13449,0.365065
0.0,0.154886,0.379057
0.0,0.177247,0.397329
0.0,0.198495,0.416997
0.0,0.177247,0.435576
0.019,0.147012,0.448516
0.034,0.109486,0.45247
0.076,0.053388,0.445372
0.078,0.034036,0.43284
0.247,0.013423,0.409698
0.494,0.010523,0.387205
0.631,0.009659,0.373583
0.499,0.147012,0.366296
0.717,0.125,0.386204
0.71,0.177247,0.417358
0.289,0.017426,0.461033
0.19,0.028528,0.495152
0.072,0.113779,0.515743
0.029,0.147012,0.50999
0.007,0.043559,0.483889
0.001,0.012404,0.445606
0.0,0.005163,0.407596
0.0,0.0039,0.340762
0.0,0.0,0.34843
0.0,0.0,0.363986
0.0,0.0,0.385817
0.0,0.0,0.404404
0.0,0.0,0.423329
0.001,0.0,0.440479
0.035,0.0,0.447187
0.087,0.001882,0.445282
0.183,0.000517,0.433047
0.334,0.00012,0.41406
0.521,0.001613,0.38942
0.694,0.017426,0.367081
0.713,0.022156,0.356371
0.736,0.031201,0.352002
0.791,0.020727,0.370532
0.729,0.027672,0.400965
0.553,0.06917,0.43719
0.417,0.038075,0.46904
0.312,0.015053,0.486115
0.183,0.019361,0.485996
0.063,0.149606,0.466698
0.004,0.177247,0.429944
0.0,0.228224,0.393946
0.0,0.348473,0.32764
0.0,0.268413,0.334587
0.0,0.339383,0.346407
0.0,0.249606,0.364077
0.0,0.141914,0.392939
0.0,0.054712,0.424229
0.001,0.042423,0.442541
0.025,0.034036,0.45625
0.071,0.010974,0.463782
0.087,0.007007,0.459488
0.158,0.004377,0.443794
0.184,0.000202,0.424686
0.187,0.0,0.408109
0.296,0.0,0.398422
0.268,0.0,0.404939
0.242,0.0,0.424841
0.354,0.0,0.455065
0.245,0.0,0.494766
0.179,0.0,0.526815
0.059,0.002026,0.545165
0.049,0.022156,0.537218
0.03,0.075601,0.507309
0.003,0.141914,0.465077
0.0,0.095313,0.421404
0.0,0.183155,0.349972
0.0,0.253295,0.360097
0.0,0.362411,0.370317
0.0,0.317352,0.382082
0.0,0.416688,0.398956
0.0,0.353079,0.417088
0.0,0.618148,0.438447
0.025,0.724509,0.46926
0.062,0.842421,0.473432
0.123,0.553363,0.466176
0.213,0.411544,0.450887
0.264,0.453903,0.432091
0.254,0.376715,0.41791
0.254,0.53485,0.410173
0.324,0.353079,0.420601
0.236,0.111619,0.443642
0.214,0.107381,0.482141
0.187,0.058813,0.526218
0.204,0.029401,0.561006
0.113,0.00463,0.575804
0.159,0.002679,0.560789
0.05,0.001489,0.529316
0.005,0.001261,0.489236
0.0,0.013952,0.44219
0.0,0.034036,0.369894
0.0,0.052086,0.379037
0.0,0.027672,0.387483
0.0,0.022156,0.40675
0.0,0.026012,0.427838
0.0,0.031201,0.450566
0.002,0.041307,0.470531
0.056,0.026834,0.479307
0.177,0.011914,0.477808
0.333,0.013423,0.466518
0.486,0.008843,0.446774
0.561,0.020036,0.425442
0.701,0.011914,0.407303
0.763,0.006038,0.398176
0.762,0.015053,0.413081
0.751,0.021433,0.427938
0.457,0.012906,0.4681
0.452,0.045892,0.517474
0.323,0.002862,0.548206
0.295,0.002679,0.560568
0.142,0.000313,0.54941
0.067,2.0e-6,0.522558
0.006,0.007007,0.482465
0.0,0.026834,0.440879
0.0,0.049546,0.366586
0.0,0.031201,0.376108
0.0,0.010974,0.389137
0.0,0.064594,0.404579
0.0,0.045892,0.425557
0.0,0.016811,0.449229
0.002,0.018701,0.469133
0.061,0.020036,0.476751
0.176,0.001882,0.471226
0.298,0.0,0.457176
0.437,0.0,0.437704
0.554,0.0,0.416709
0.605,0.0,0.399385
0.661,6.0e-6,0.389868
0.404,1.0e-5,0.39467
0.406,0.0,0.41568
0.264,0.0,0.451186
0.358,0.0,0.488595
0.371,0.0,0.51955
0.255,0.0,0.533396
0.197,0.000313,0.527056
0.08,0.0039,0.506158
0.007,0.002505,0.471048
0.0,0.005445,0.431594
0.0,0.034036,0.359776
0.0,0.049546,0.36645
0.0,0.109486,0.379185
0.0,0.097258,0.395679
0.0,0.093394,0.416232
0.0,0.093394,0.437855
0.002,0.093394,0.456727
0.062,0.06917,0.463449
0.188,0.023649,0.457832
0.34,0.001372,0.442811
0.494,0.000579,0.419867
0.631,0.001882,0.396309
0.724,0.006351,0.375511
0.762,0.010523,0.365315
0.779,0.009245,0.367582
0.689,0.001882,0.386493
0.681,0.0,0.415928
0.491,0.0,0.452818
0.444,0.0,0.482842
0.29,0.015625,0.503628
0.172,0.082418,0.501447
0.064,0.115967,0.476369
0.005,0.144448,0.440389
0.0,0.249606,0.398524
0.0,0.218006,0.334107
0.0,0.111619,0.342519
0.0,0.006674,0.367935
0.0,0.002505,0.381575
0.0,0.027672,0.401962
0.0,0.058813,0.42131
0.003,0.125,0.435643
0.057,0.067622,0.441792
0.171,0.049546,0.437709
0.316,0.018701,0.428005
0.395,0.006674,0.41485
0.624,0.014496,0.394692
0.731,0.129687,0.380672
0.687,0.218006,0.379061
0.694,0.144448,0.385232
0.76,0.165815,0.408449
0.721,0.204864,0.444526
0.64,0.221377,0.488479
0.519,0.129687,0.52563
0.363,0.054712,0.541707
0.174,0.015625,0.535105
0.075,0.005163,0.507152
0.006,0.000202,0.461942
0.0,1.0e-6,0.418027
0.0,2.1e-5,0.348093
0.0,2.0e-6,0.357221
0.0,0.0,0.374269
0.0,0.002679,0.391991
0.0,0.012906,0.409851
0.0,0.011914,0.429054
0.003,0.008453,0.445365
0.057,0.008074,0.450691
0.146,0.000313,0.445596
0.244,2.1e-5,0.430213
0.388,0.0,0.412074
0.485,0.000313,0.393624
0.637,0.002026,0.376054
0.727,0.037037,0.366398
0.766,0.032127,0.373879
0.812,0.04021,0.392624
0.746,0.084184,0.429711
0.618,0.113779,0.475552
0.482,0.070742,0.509787
0.332,0.060225,0.529697
0.207,0.047089,0.524733
0.084,0.043559,0.496791
0.009,0.022156,0.460654
0.0,0.004377,0.422649
0.0,0.001613,0.354117
0.0,0.001156,0.363801
0.0,0.000876,0.375976
0.0,0.000717,0.393278
0.0,0.000517,0.414193
0.0,3.9e-5,0.436221
0.003,0.000171,0.453929
0.063,0.001057,0.459526
0.183,0.0,0.452862
0.333,0.0,0.438018
0.468,0.0,0.419161
0.619,0.0,0.397847
0.72,0.0,0.378632
0.787,2.9e-5,0.363921
0.828,0.0,0.369813
0.817,0.0,0.386707
0.74,0.000794,0.417971
0.631,0.002505,0.455042
0.512,0.003675,0.48725
0.367,0.007352,0.502428
0.217,0.026012,0.49879
0.088,0.060225,0.478885
0.01,0.070742,0.444909
0.0,0.070742,0.406806
0.0,0.072338,0.339234
0.0,0.057424,0.348169
0.0,0.091501,0.358961
0.0,0.058813,0.376054
0.0,0.063115,0.397146
0.0,0.060225,0.418865
0.004,0.064594,0.438019
0.066,0.058813,0.444868
0.189,0.013423,0.440355
0.338,0.007707,0.426227
0.491,0.005737,0.405526
0.628,0.006674,0.383659
0.737,0.006674,0.364919
0.809,0.011438,0.354447
0.837,0.009659,0.354026
0.821,0.022894,0.370571
0.76,0.045892,0.400464
0.657,0.04021,0.435343
0.524,0.041307,0.462183
0.374,0.050805,0.474692
0.223,0.089633,0.471708
0.091,0.152231,0.451623
0.011,0.313064,0.417187
0.0,0.32168,0.382225
0.0,0.304603,0.321012
0.0,0.334898,0.329577
0.0,0.357724,0.338907
0.0,0.272284,0.355665
0.0,0.264579,0.375788
0.0,0.272284,0.39647
0.004,0.264579,0.41414
0.069,0.313064,0.420333
0.193,0.308814,0.41673
0.343,0.144448,0.403416
0.497,0.113779,0.383338
0.634,0.103251,0.36122
0.742,0.099229,0.341695
0.812,0.105303,0.33006
0.839,0.035017,0.327166
0.815,0.02442,0.341646
0.731,0.010974,0.369659
0.615,0.014496,0.3999
0.359,0.089633,0.440035
0.271,0.06917,0.461045
0.188,0.120427,0.484719
0.071,0.038075,0.462477
0.01,0.035017,0.428185
0.0,0.009659,0.392679
0.0,0.004134,0.330115
0.0,0.001261,0.337972
0.0,0.0,0.349364
0.0,1.5e-5,0.36417
0.0,0.000963,0.38172
0.0,0.000202,0.403194
0.003,0.038075,0.419526
0.056,0.022156,0.429215
0.162,2.9e-5,0.426851
0.291,0.0,0.416251
0.454,1.5e-5,0.397501
0.607,2.0e-6,0.376493
0.725,8.1e-5,0.358031
0.797,0.0,0.348194
0.823,6.0e-6,0.350247
0.789,0.0,0.367678
0.711,0.0,0.397337
0.631,1.0e-6,0.433846
0.501,0.001057,0.468024
0.365,0.010523,0.489622
0.218,0.017426,0.488891
0.09,0.036018,0.467597
0.011,0.034036,0.432242
0.0,0.032127,0.394776
0.0,0.052086,0.330993
0.0,0.036018,0.339739
0.0,0.052086,0.346215
0.0,0.036018,0.359485
0.0,0.039133,0.380252
0.0,0.109486,0.399584
0.004,0.030292,0.416303
0.06,0.056057,0.424807
0.139,0.095313,0.421309
0.215,0.018701,0.408027
0.315,0.02442,0.38683
0.484,0.007352,0.361545
0.572,0.003675,0.341067
0.71,0.0,0.326519
0.814,0.002338,0.329188
0.776,0.018701,0.344886
0.56,0.005445,0.380726
0.589,0.022156,0.418283
0.353,0.023649,0.456809
0.309,0.003252,0.472611
0.157,0.000313,0.468906
0.059,0.001882,0.448878
0.008,0.001261,0.417467
0.0,0.031201,0.38036
0.0,0.052086,0.318177
0.0,0.103251,0.327097
0.0,0.000171,0.338606
0.0,0.070742,0.355314
0.0,0.020036,0.374892
0.0,0.063115,0.393962
0.005,0.056057,0.410446
0.063,0.048307,0.418247
0.122,0.038075,0.421372
0.189,0.034036,0.416371
0.259,0.067622,0.404644
0.279,0.058813,0.388618
0.507,0.129687,0.368821
0.718,0.152231,0.356899
0.755,0.183155,0.369222
0.557,0.218006,0.392022
0.657,0.221377,0.423775
0.609,0.376715,0.461989
0.507,0.304603,0.495265
0.285,0.313064,0.512598
0.166,0.180185,0.506532
0.077,0.157572,0.47776
0.008,0.132074,0.436891
0.0,0.13449,0.395873
0.0,0.129687,0.329775
0.0,0.107381,0.33848
0.0,0.061659,0.348529
0.0,0.058813,0.365618
0.0,0.037037,0.383231
0.0,0.013952,0.403209
0.005,0.020036,0.422209
0.058,0.022894,0.428716
0.118,0.002505,0.428634
0.313,0.000272,0.415355
0.402,0.0,0.399922
0.629,0.000517,0.379944
0.697,0.016211,0.364941
0.711,0.009245,0.358511
0.682,0.001882,0.368336
0.537,0.000406,0.385776
0.574,0.001261,0.418153
0.558,0.021433,0.45712
0.442,0.066097,0.49207
0.326,0.032127,0.508625
0.214,0.018056,0.503964
0.1,0.010523,0.48094
0.014,0.011914,0.448263
0.0,0.004377,0.412816
0.0,0.002862,0.345121
0.0,0.002679,0.354122
0.0,0.007352,0.362851
0.0,0.003459,0.381888
0.0,0.006351,0.402689
0.0,0.00463,0.424616
0.006,0.003053,0.442383
0.076,0.000963,0.447847
0.202,0.0,0.443018
0.354,0.0,0.428002
0.504,0.0,0.407479
0.644,0.0,0.386236
0.751,0.0,0.368062
0.818,0.0,0.358163
0.845,0.0,0.360974
0.829,0.0,0.378004
0.762,0.0,0.409146
0.666,0.0,0.445434
0.534,0.0,0.474953
0.381,0.0,0.487702
0.225,0.000313,0.480217
0.101,0.015053,0.459949
0.015,0.013952,0.429691
0.0,0.038075,0.390883
0.0,0.022156,0.32862
0.0,0.012906,0.337718
0.0,0.004892,0.349967
0.0,0.004134,0.367089
0.0,0.001882,0.386702
0.0,0.001057,0.401259
0.005,0.000517,0.421218
0.058,0.000144,0.426107
0.094,0.0,0.420544
0.185,0.0,0.407407
0.213,0.0,0.391154
0.319,0.0,0.370501
0.533,0.0,0.349874
0.739,0.0,0.338774
0.836,0.0,0.339737
0.78,0.0,0.35872
0.636,0.0,0.390505
0.542,0.0,0.425762
0.472,0.0,0.454666
0.327,0.000171,0.468983
0.185,0.021433,0.469212
0.091,0.023649,0.450859
0.016,0.045892,0.419133
0.0,0.048307,0.383354
0.0,0.042423,0.318577
0.0,0.034036,0.328758
0.0,0.023649,0.336746
0.0,0.000358,0.354253
0.0,0.0,0.366508
0.0,0.0,0.393244
0.005,0.0,0.408119
0.055,0.0,0.412661
0.137,0.0,0.409185
0.301,0.0,0.39727
0.449,6.0e-6,0.380242
0.574,0.003053,0.363049
0.649,0.022894,0.350093
0.439,0.056057,0.347289
0.657,0.050805,0.353891
0.531,0.087791,0.374739
0.639,0.06917,0.409026
0.528,0.089633,0.450882
0.455,0.066097,0.48471
0.338,0.04021,0.49834
0.185,0.027672,0.492531
0.055,0.022894,0.467686
0.008,0.011438,0.431051
0.0,0.010974,0.395137
0.0,0.006351,0.331735
0.0,0.013423,0.340876
0.0,0.001882,0.349672
0.0,0.006674,0.364007
0.0,0.000202,0.382497
0.0,0.000717,0.399902
0.004,0.022894,0.416634
0.054,0.030292,0.426298
0.193,0.012906,0.423531
0.35,0.020036,0.413133
0.482,0.013952,0.396774
0.6,0.06917,0.381057
0.627,0.195361,0.369996
0.575,0.218006,0.365945
0.742,0.198495,0.374385
0.594,0.115967,0.395885
0.697,0.085975,0.425161
0.641,0.147012,0.464723
0.482,0.115967,0.501404
0.368,0.072338,0.516746
0.206,0.020036,0.507832
0.1,0.0039,0.481347
0.018,0.004892,0.450708
0.0,0.009245,0.411393
0.0,0.018701,0.341463
0.0,0.010523,0.349934
0.0,0.016211,0.359003
0.0,0.038075,0.375078
0.0,0.057424,0.39169
0.0,0.067622,0.410543
0.006,0.07896,0.42563
0.067,0.091501,0.43072
0.169,0.056057,0.430194
0.246,0.038075,0.420832
0.403,0.080677,0.403773
0.594,0.111619,0.384785
0.692,0.141914,0.365762
0.643,0.171468,0.356447
0.761,0.087791,0.364701
0.65,0.06917,0.386686
0.366,0.13941,0.414628
0.57,0.154886,0.447709
0.342,0.122699,0.477366
0.259,0.084184,0.48813
0.169,0.063115,0.479914
0.045,0.028528,0.458897
0.011,0.157572,0.418016
0.0,0.376715,0.380289
0.0,0.49327,0.317333
0.0,0.49327,0.323618
0.0,0.411544,0.330157
0.0,0.411544,0.345993
0.0,0.553363,0.364107
0.0,0.867442,0.381633
0.004,0.709673,0.396038
0.029,0.611453,0.409418
0.064,0.522741,0.417892
0.092,0.78592,0.414023
0.057,1.0,0.40604
0.077,1.0,0.400104
0.116,1.0,0.387946
0.632,1.0,0.369673
0.705,1.0,0.383574
0.622,1.0,0.403524
0.356,1.0,0.438556
0.55,1.0,0.479907
0.434,1.0,0.523404
0.132,1.0,0.534539
0.172,1.0,0.525156
0.045,1.0,0.488969
0.012,0.578704,0.446478
0.0,1.0,0.403032
0.0,1.0,0.336225
0.0,1.0,0.343732
0.0,1.0,0.353063
0.0,1.0,0.372069
0.0,1.0,0.38807
0.0,1.0,0.407746
0.006,1.0,0.426883
0.049,1.0,0.438996
0.101,1.0,0.439666
0.206,0.809815,0.431321
0.294,1.0,0.416119
0.494,1.0,0.39674
0.547,1.0,0.380792
0.324,1.0,0.379946
0.373,0.578704,0.38619
0.352,0.91896,0.405264
0.513,1.0,0.435388
0.446,1.0,0.468501
0.359,1.0,0.497548
0.227,1.0,0.512096
0.15,0.875891,0.503257
0.094,0.850707,0.473969
0.013,0.732004,0.431723
0.0,0.695041,0.392679
0.0,0.732004,0.327646
0.0,0.540974,0.336671
0.0,0.401383,0.347972
0.0,0.308814,0.360875
0.0,0.19226,0.378252
0.0,0.208098,0.397452
0.001,0.300431,0.413565
0.022,0.284121,0.424235
0.071,0.186157,0.425306
0.2,0.25702,0.415511
0.302,0.376715,0.401765
0.339,0.238755,0.386905
0.232,0.304603,0.370795
0.554,0.476131,0.354756
0.683,0.280138,0.361013
0.326,0.357724,0.375557
0.504,0.585158,0.397002
0.222,0.136935,0.43465
0.215,0.481799,0.46086
0.175,0.118183,0.474569
0.171,0.002679,0.470532
0.08,0.001744,0.451838
0.015,0.000517,0.423689
0.0,0.0,0.376941
0.0,1.5e-5,0.320379
0.0,0.0,0.329674
0.0,0.047089,0.337291
0.0,0.437694,0.343007
0.0,0.437694,0.353878
0.0,0.910236,0.369922
0.003,0.304603,0.386947
0.02,0.268413,0.405351
0.029,0.157572,0.416955
0.023,0.186157,0.413625
0.042,0.208098,0.403558
0.07,0.313064,0.391136
0.051,0.284121,0.378773
0.207,0.028528,0.367909
0.779,0.050805,0.365668
0.522,0.144448,0.387695
0.626,0.160289,0.416348
0.602,0.268413,0.45449
0.4,0.238755,0.48781
0.22,0.177247,0.502778
0.161,0.125,0.494791
0.104,0.082418,0.468443
0.019,0.072338,0.432723
0.0,0.099229,0.395059
0.0,0.115967,0.329652
0.0,0.125,0.33744
0.0,0.174341,0.346593
0.0,0.13941,0.363045
0.0,0.077268,0.382404
0.0,0.070742,0.40229
0.008,0.028528,0.419123
0.08,0.04021,0.426257
0.193,0.033072,0.425233
0.346,0.012906,0.41389
0.397,0.001057,0.397112
0.297,0.007352,0.382419
0.399,0.010085,0.366958
0.301,0.015053,0.3596
0.587,0.007707,0.358684
0.764,0.018701,0.370061
0.736,0.125,0.397222
0.32,0.033072,0.434269
0.374,0.016811,0.455309
0.308,0.030292,0.466895
0.202,0.050805,0.459142
0.109,0.097258,0.438111
0.02,0.026012,0.408388
0.0,0.003252,0.380444
0.0,0.000717,0.319996
0.0,0.000171,0.324659
0.0,0.015625,0.33904
0.0,0.006038,0.355183
0.0,0.001156,0.374166
0.0,0.000876,0.390701
0.007,0.002679,0.404999
0.07,0.002178,0.409112
0.181,0.000313,0.403141
0.336,0.000579,0.389388
0.447,0.006038,0.371201
0.544,0.018056,0.350955
0.698,0.048307,0.333135
0.716,0.073957,0.324822
0.83,0.087791,0.322787
0.792,0.07896,0.340302
0.709,0.224783,0.369924
0.319,0.23521,0.407561
0.4,0.066097,0.441031
0.167,0.13449,0.469374
0.08,0.432378,0.472441
0.05,0.381565,0.448715
0.015,0.421875,0.4131
0.0,0.553363,0.375308
0.0,0.308814,0.314512
0.0,0.231699,0.322828
0.0,0.334898,0.33843
0.0,0.300431,0.352307
0.0,0.231699,0.367873
0.0,0.19226,0.387051
0.007,0.249606,0.403246
0.077,0.288142,0.413111
0.179,0.487512,0.413049
0.227,0.504922,0.407121
0.276,0.618148,0.395166
0.288,0.547145,0.381041
0.406,0.73955,0.367081
0.471,0.875891,0.361154
0.388,0.421875,0.373316
0.203,0.242337,0.390172
0.325,0.242337,0.419079
0.359,0.470508,0.455045
0.255,0.510816,0.487084
0.136,0.242337,0.501343
0.157,0.272284,0.490155
0.05,0.224783,0.459278
0.007,0.195361,0.419437
0.0,0.095313,0.381038
0.0,0.048307,0.317242
0.0,0.041307,0.32519
0.0,0.016811,0.334415
0.0,0.016811,0.350359
0.0,0.015053,0.368635
0.0,0.013952,0.387846
0.007,0.018701,0.405602
0.07,0.013423,0.411872
0.181,0.005445,0.411281
0.294,0.028528,0.402755
0.445,0.026834,0.387341
0.426,0.034036,0.372008
0.352,0.026834,0.359772
0.498,0.022156,0.351121
0.738,0.010974,0.353955
0.555,0.010085,0.373774
0.289,0.032127,0.409007
0.206,0.023649,0.448282
0.511,0.007352,0.472211
0.388,0.022156,0.488084
0.246,0.009245,0.48168
0.113,0.002338,0.457901
0.023,0.003053,0.429008
0.0,0.002679,0.394594
0.0,0.0039,0.328927
0.0,0.003053,0.337931
0.0,0.0,0.350955
0.0,3.9e-5,0.36888
0.0,4.0e-6,0.388018
0.0,0.0,0.409132
0.008,0.001057,0.421173
0.081,0.007352,0.4232
0.205,0.00012,0.416407
0.352,0.0,0.402621
0.502,3.9e-5,0.385188
0.639,0.0,0.366001
0.747,6.0e-6,0.349671
0.82,0.000171,0.341168
0.85,0.0,0.343824
0.834,4.0e-6,0.361038
0.775,2.0e-6,0.38968
0.677,1.5e-5,0.422447
0.546,0.000313,0.449812
0.399,0.000144,0.461909
0.249,9.9e-5,0.454869
0.115,0.000717,0.438163
0.023,0.001372,0.411555
0.0,0.009245,0.374874
0.0,0.058813,0.312974
0.0,0.101227,0.319586
0.0,0.149606,0.328648
0.0,0.149606,0.34479
0.0,0.125,0.362795
0.0,0.07896,0.382688
0.008,0.045892,0.399713
0.073,0.022156,0.403764
0.18,0.004134,0.39891
0.341,0.000876,0.384272
0.465,0.001489,0.364789
0.514,0.002338,0.343872
0.562,0.007352,0.32588
0.534,0.084184,0.320521
0.489,0.144448,0.328523
0.644,0.245954,0.349408
0.659,0.189192,0.383088
0.68,0.19226,0.417662
0.551,0.141914,0.448527
0.406,0.087791,0.465134
0.254,0.07896,0.459268
0.117,0.253295,0.438686
0.019,0.386457,0.408764
0.0,0.154886,0.373802
0.0,0.053388,0.311698
0.0,0.020727,0.317871
0.0,0.02442,0.327732
0.0,0.109486,0.342946
0.0,0.144448,0.354385
0.0,0.160289,0.374836
0.005,0.095313,0.394055
0.043,0.085975,0.403678
0.144,0.13941,0.405142
0.307,0.201663,0.397234
0.414,0.228224,0.386055
0.406,0.264579,0.37225
0.502,0.288142,0.359064
0.496,0.268413,0.352323
0.48,0.19226,0.362828
0.499,0.353079,0.379638
0.476,0.39139,0.412066
0.408,0.296296,0.449207
0.345,0.330452,0.482105
0.254,0.204864,0.496214
0.172,0.084184,0.485771
0.111,0.017426,0.458708
0.024,0.010523,0.426414
0.0,0.014496,0.389764
0.0,0.032127,0.324169
0.0,0.028528,0.330177
0.0,0.022894,0.332776
0.0,0.020727,0.3451
0.0,0.02442,0.359881
0.0,0.023649,0.376237
0.003,0.026834,0.390468
0.042,0.02442,0.397922
0.055,0.023649,0.398812
0.082,0.004377,0.391492
0.192,0.037037,0.375918
0.22,0.075601,0.360513
0.33,0.052086,0.344868
0.313,0.04021,0.336462
0.383,0.02442,0.340485
0.379,0.035017,0.357026
0.432,0.058813,0.385344
0.364,0.052086,0.420707
0.415,0.020036,0.450485
0.327,0.010974,0.465164
0.215,0.006351,0.458636
0.116,0.004377,0.435689
0.024,0.002862,0.408662
0.0,0.000358,0.376111
0.0,0.0,0.316875
0.0,0.0,0.325613
0.0,0.000272,0.334435
0.0,1.5e-5,0.35166
0.0,0.0,0.370892
0.0,0.0,0.39019
0.008,0.0,0.401996
0.071,0.0,0.405654
0.151,0.0,0.402979
0.301,0.0,0.388392
0.487,0.0,0.368379
0.622,0.0,0.348864
0.728,0.0,0.332656
0.798,0.0,0.323031
0.832,0.0,0.323491
0.507,0.0,0.340066
0.422,0.0,0.368027
0.408,0.0,0.400668
0.341,0.002026,0.428512
0.243,0.008074,0.441395
0.203,0.001372,0.434189
0.1,0.000876,0.415758
0.024,0.000358,0.393168
0.0,1.0e-5,0.361107
0.0,0.000459,0.301211
0.0,0.000313,0.309633
0.0,0.003053,0.317139
0.0,0.006674,0.331477
0.0,0.006674,0.349297
0.0,0.010523,0.367071
0.008,0.004892,0.38243
0.079,0.000794,0.386068
0.199,1.0e-5,0.38061
0.343,0.0,0.367289
0.481,0.0,0.348847
0.614,0.0,0.329538
0.733,0.0,0.313954
0.805,0.0,0.30645
0.831,0.0,0.309442
0.821,0.0,0.325715
0.761,0.0,0.351911
0.67,0.0,0.382532
0.545,0.0,0.408568
0.4,0.0,0.418424
0.253,0.0,0.411152
0.119,0.000794,0.401229
0.025,0.105303,0.377249
0.0,0.075601,0.346688
0.0,0.045892,0.290052
0.0,0.031201,0.299063
0.0,0.038075,0.309203
0.0,0.030292,0.324971
0.0,0.038075,0.342481
0.0,0.027672,0.360884
0.008,0.022156,0.376984
0.076,0.013423,0.382541
0.2,0.006351,0.378627
0.346,0.003459,0.365864
0.496,0.003053,0.348482
0.623,0.001613,0.329688
0.697,0.002862,0.314581
0.716,0.006038,0.308001
0.714,0.004377,0.312443
0.599,0.015625,0.333374
0.617,0.019361,0.361309
0.565,0.052086,0.395709
0.49,0.085975,0.425102
0.385,0.099229,0.441737
0.249,0.091501,0.439502
0.117,0.129687,0.420089
0.025,0.157572,0.390126
0.0,0.186157,0.359289
0.0,0.163036,0.302938
0.0,0.125,0.312604
0.0,0.099229,0.324401
0.0,0.101227,0.340327
0.0,0.095313,0.359007
0.0,0.095313,0.37868
0.008,0.103251,0.396021
0.075,0.054712,0.404694
0.198,0.017426,0.402059
0.341,0.006351,0.389614
0.492,0.008453,0.370644
0.626,0.0039,0.348205
0.733,0.002026,0.328784
0.797,0.002338,0.316945
0.83,4.0e-6,0.317801
0.805,0.0,0.331579
0.738,0.0,0.357206
0.659,0.0,0.387126
0.544,0.0,0.410952
0.397,0.0,0.421498
0.25,0.0,0.414758
0.117,0.000202,0.40102
0.025,0.001261,0.379119
0.0,0.005445,0.344517
0.0,0.026834,0.286691
0.0,0.089633,0.291963
0.0,0.201663,0.300212
0.0,0.231699,0.31343
0.0,0.231699,0.326745
0.0,0.171468,0.34104
0.007,0.211367,0.354812
0.076,0.23521,0.358742
0.195,0.204864,0.355657
0.332,0.080677,0.346733
0.484,0.087791,0.332373
0.62,0.057424,0.316574
0.728,0.095313,0.303303
0.789,0.105303,0.297807
0.821,0.075601,0.299249
0.76,0.214669,0.324861
0.633,0.272284,0.360143
0.618,0.245954,0.404972
0.411,0.198495,0.445551
0.251,0.448456,0.46389
0.243,0.49327,0.453599
0.09,0.308814,0.427989
0.011,0.204864,0.390401
0.0,0.201663,0.359508
0.0,0.084184,0.303149
0.0,0.031201,0.307936
0.0,0.056057,0.317496
0.0,0.026834,0.331397
0.0,0.020036,0.347829
0.0,0.008843,0.364094
0.004,0.001882,0.379825
0.041,0.007352,0.388561
0.193,0.002505,0.38734
0.293,0.009659,0.379157
0.391,0.115967,0.365472
0.332,0.147012,0.349983
0.405,0.204864,0.336129
0.428,0.317352,0.326977
0.38,0.432378,0.334128
0.444,0.406442,0.357273
0.591,0.421875,0.387254
0.563,0.362411,0.425107
0.452,0.296296,0.452644
0.348,0.214669,0.461579
0.222,0.154886,0.452584
0.102,0.268413,0.429351
0.021,0.443053,0.395858
0.0,0.432378,0.360136
0.0,0.427105,0.299718
0.0,0.427105,0.307273
0.0,0.264579,0.316811
0.0,0.189192,0.329817
0.0,0.204864,0.345265
0.0,0.25702,0.36331
0.002,0.32168,0.380492
0.011,0.304603,0.391798
0.016,0.348473,0.394736
0.087,1.0,0.387004
0.063,1.0,0.374121
0.07,0.638525,0.361696
0.102,0.453903,0.349334
0.157,0.386457,0.342761
0.189,0.313064,0.352544
0.129,0.326047,0.371803
0.1,0.23521,0.401955
0.104,0.304603,0.437605
0.069,0.308814,0.466573
0.039,0.242337,0.478999
0.027,0.231699,0.467708
0.016,0.343908,0.437685
0.006,0.437694,0.397111
0.0,0.330452,0.35936
0.0,0.32168,0.29989
0.0,0.284121,0.306233
0.0,0.334898,0.316571
0.0,0.308814,0.329998
0.0,0.313064,0.34455
0.0,0.343908,0.36066
0.001,0.260781,0.37921
0.014,0.198495,0.38997
0.033,0.268413,0.393918
0.121,0.07896,0.387728
0.093,0.095313,0.378302
0.093,0.296296,0.367167
0.236,0.362411,0.349075
0.257,0.443053,0.342966
0.663,0.149606,0.354609
0.212,0.183155,0.372511
0.09,0.087791,0.406468
0.117,0.109486,0.438445
0.098,0.211367,0.468086
0.289,0.198495,0.467868
0.109,0.149606,0.459943
0.037,0.249606,0.434469
0.007,0.238755,0.397865
0.0,0.288142,0.360993
0.0,0.396365,0.302061
0.0,0.284121,0.309252
0.0,0.152231,0.319678
0.0,0.054712,0.334089
0.0,0.016211,0.351996
0.0,0.011438,0.371779
0.005,0.028528,0.386842
0.067,0.028528,0.397819
0.171,0.008074,0.39826
0.319,0.006351,0.390512
0.489,0.007352,0.375078
0.487,0.008453,0.359753
0.5,0.005445,0.346532
0.608,0.004134,0.339548
0.653,0.0,0.346003
0.623,0.0,0.363907
0.55,0.0,0.394991
0.501,0.0,0.428862
0.478,4.0e-6,0.457261
0.378,0.0,0.468837
0.258,0.002178,0.46088
0.122,0.020036,0.440523
0.027,0.035017,0.40861
0.0,0.080677,0.372612
0.0,0.101227,0.312927
0.0,0.095313,0.32194
0.0,0.118183,0.33274
0.0,0.109486,0.348097
0.0,0.107381,0.366205
0.0,0.091501,0.385249
0.007,0.095313,0.400876
0.069,0.101227,0.407188
0.172,0.041307,0.404664
0.271,0.026834,0.393824
0.357,0.031201,0.376341
0.573,0.016811,0.353827
0.595,0.016811,0.337566
0.634,0.016811,0.327521
0.735,0.022894,0.333283
0.565,0.014496,0.348988
0.489,0.026834,0.378266
0.31,0.038075,0.419932
0.333,0.019361,0.446516
0.149,0.010974,0.456585
0.142,0.021433,0.445848
0.065,0.125,0.426456
0.012,0.218006,0.391088
0.0,0.163036,0.355804
0.0,0.183155,0.299367
0.0,0.221377,0.305697
0.0,0.260781,0.317667
0.0,0.183155,0.331133
0.0,0.144448,0.345743
0.0,0.154886,0.362856
0.004,0.097258,0.376073
0.049,0.080677,0.382701
0.102,0.049546,0.381982
0.101,0.032127,0.375917
0.162,0.032127,0.362848
0.103,0.008074,0.352711
0.077,0.043559,0.343866
0.064,0.011914,0.340108
0.125,0.026834,0.334533
0.471,0.027672,0.358641
0.131,0.011914,0.397249
0.084,0.054712,0.434218
0.116,0.063115,0.464194
0.22,0.034036,0.474031
0.104,0.003675,0.463474
0.061,0.001489,0.433149
0.02,0.003053,0.399261
0.0,0.009659,0.364142
0.0,0.007352,0.304748
0.0,0.010974,0.311986
0.0,0.0,0.325788
0.0,0.0,0.340862
0.0,0.0,0.34964
0.0,0.0,0.366469
0.001,0.0,0.381803
0.008,0.000579,0.392636
0.023,0.005445,0.396102
0.065,0.000876,0.391425
0.202,0.003252,0.374521
0.296,0.012404,0.355904
0.373,0.016811,0.341435
0.425,0.018056,0.337255
0.555,0.04021,0.348289
0.353,0.009245,0.360957
0.305,0.00463,0.390198
0.388,0.005445,0.422494
0.276,0.001882,0.449862
0.214,0.006674,0.462523
0.115,0.015053,0.457156
0.062,0.002505,0.43183
0.014,0.0,0.401181
0.0,0.0,0.366346
0.0,0.001156,0.303858
0.0,0.001489,0.312677
0.0,6.0e-6,0.323608
0.0,0.0,0.339449
0.0,0.0,0.357591
0.0,6.0e-6,0.375743
0.004,0.0,0.388037
0.027,0.003053,0.39401
0.09,0.012906,0.394947
0.138,0.010523,0.388771
0.336,0.007352,0.371946
0.465,0.010974,0.354375
0.434,0.010974,0.340878
0.36,0.012906,0.335799
0.484,0.045892,0.348183
0.358,0.034036,0.363297
0.452,0.00463,0.390091
0.432,0.025208,0.43334
0.243,0.004892,0.458955
0.125,0.008453,0.4737
0.072,0.002505,0.465596
0.052,0.002178,0.437993
0.01,0.009659,0.402609
0.0,0.020727,0.36622
0.0,0.033072,0.306525
0.0,0.054712,0.313394
0.0,0.07896,0.32311
0.0,0.099229,0.33636
0.0,0.13449,0.353458
0.0,0.060225,0.370471
0.001,0.020727,0.38695
0.004,0.041307,0.395918
0.013,0.093394,0.398911
0.035,0.064594,0.393708
0.061,0.129687,0.38069
0.153,0.2922,0.361878
0.112,0.109486,0.349523
0.098,0.097258,0.344779
0.108,0.231699,0.350412
0.115,0.125,0.367611
0.124,0.127329,0.396367
0.162,0.095313,0.428642
0.256,0.195361,0.459474
0.264,0.093394,0.476105
0.165,0.044716,0.467324
0.078,0.118183,0.441319
0.017,0.089633,0.406668
0.0,0.014496,0.375064
0.0,0.000358,0.316253
0.0,0.017426,0.321319
0.0,0.028528,0.328805
0.0,0.061659,0.338008
0.0,0.060225,0.352946
0.0,0.120427,0.37134
0.004,0.149606,0.384437
0.023,0.171468,0.390323
0.038,0.144448,0.38971
0.039,0.066097,0.385097
0.053,0.023649,0.377201
0.15,0.085975,0.359463
0.23,0.050805,0.348559
0.405,0.064594,0.340667
0.608,0.084184,0.344842
0.77,0.080677,0.362212
0.776,0.095313,0.39368
0.681,0.109486,0.430321
0.492,0.129687,0.462483
0.374,0.103251,0.478546
0.219,0.04021,0.472753
0.126,0.015053,0.447527
0.026,0.010085,0.415422
0.0,0.000459,0.384385
0.0,0.0,0.320904
0.0,0.018056,0.326861
0.0,0.011438,0.337385
0.0,0.021433,0.352479
0.0,0.029401,0.368989
0.0,0.036018,0.38675
0.005,0.060225,0.399519
0.048,0.063115,0.404336
0.194,0.060225,0.399313
0.318,0.058813,0.386583
0.491,0.147012,0.367399
0.629,0.276193,0.348589
0.657,0.448456,0.33437
0.449,0.421875,0.330283
0.627,0.174341,0.341617
0.323,0.296296,0.358805
0.502,0.242337,0.386817
0.505,0.362411,0.421698
0.372,0.367138,0.452684
0.311,0.198495,0.464142
0.121,0.127329,0.457479
0.093,0.085975,0.433245
0.022,0.075601,0.39879
0.0,0.043559,0.362755
0.0,0.050805,0.30411
0.0,0.034036,0.308541
0.0,0.010523,0.31893
0.0,0.000171,0.330308
0.0,0.0,0.348455
0.0,0.0,0.370369
0.003,0.0,0.384405
0.029,4.0e-6,0.390805
0.079,0.000202,0.393244
0.212,0.0,0.387097
0.466,0.0,0.370354
0.579,0.0,0.353336
0.663,0.0,0.338514
0.763,0.0,0.329866
0.782,0.0,0.332465
0.503,0.0,0.34816
0.388,0.0,0.376319
0.319,0.0,0.409122
0.135,0.0,0.442341
0.097,0.0,0.453565
0.11,0.0,0.443505
0.023,0.003053,0.421885
0.006,0.015053,0.387932
0.0,0.008074,0.353396
0.0,0.000459,0.296739
0.0,0.000794,0.305
0.0,0.030292,0.316511
0.0,0.008453,0.332049
0.0,0.011914,0.344039
0.0,0.000272,0.360132
0.004,0.0,0.379092
0.052,6.5e-5,0.384345
0.161,0.0,0.381163
0.288,0.0,0.369624
0.411,0.0,0.356263
0.587,0.0,0.339264
0.639,0.0,0.324892
0.547,0.0,0.319133
0.566,0.0,0.322449
0.407,0.0,0.340967
0.478,0.000406,0.368513
0.561,0.005737,0.400624
0.453,0.020036,0.429625
0.266,0.021433,0.445551
0.216,0.012906,0.439946
0.112,0.015053,0.41855
0.023,0.00463,0.392133
0.0,0.004134,0.360471
0.0,0.009659,0.301871
0.0,0.012906,0.310629
0.0,0.005737,0.320668
0.0,3.9e-5,0.338494
0.0,0.0,0.357464
0.0,0.0,0.376069
0.004,0.0,0.389375
0.065,0.000202,0.395426
0.178,6.0e-6,0.389335
0.309,0.0,0.374728
0.475,0.0,0.355393
0.616,0.0,0.335607
0.723,0.0,0.319532
0.792,0.0,0.311151
0.793,0.000144,0.312486
0.783,0.0,0.327525
0.524,0.0,0.356553
0.459,0.0,0.387032
0.534,0.000171,0.408447
0.395,0.001744,0.417658
0.249,0.003252,0.411526
0.105,0.019361,0.394821
0.01,0.487512,0.362786
0.0,0.0,0.338114
0.0,0.005445,0.28524
0.0,0.228224,0.292079
0.0,0.077268,0.304426
0.0,0.107381,0.31778
0.0,0.149606,0.333998
0.0,0.152231,0.351939
0.004,0.154886,0.368121
0.062,0.136935,0.373574
0.078,0.067622,0.372314
0.099,0.042423,0.367867
0.181,0.034036,0.355046
0.292,0.02442,0.336689
0.437,0.029401,0.317854
0.668,0.016811,0.307255
0.739,0.082418,0.310808
0.617,0.174341,0.332527
0.58,0.189192,0.364607
0.623,0.129687,0.397516
0.52,0.113779,0.427527
0.374,0.103251,0.44526
0.224,0.019361,0.442687
0.103,0.006674,0.419394
0.022,0.003053,0.389265
0.0,0.003252,0.355996
0.0,2.9e-5,0.300144
0.0,0.0,0.308863
0.0,0.0,0.311911
0.0,0.0,0.329804
0.0,0.0,0.34614
0.0,0.0,0.364198
0.003,0.0,0.378466
0.043,0.0,0.382721
0.075,0.0,0.381558
0.28,0.0,0.36954
0.391,0.0,0.354733
0.586,0.0,0.337331
0.688,0.0,0.321667
0.68,2.0e-6,0.31461
0.506,0.0,0.316476
0.377,0.001489,0.338518
0.587,0.003053,0.369532
0.498,0.007707,0.407447
0.312,0.058813,0.439314
0.198,0.093394,0.457305
0.1,0.045892,0.452606
0.099,0.015625,0.426959
0.014,0.009245,0.390984
0.0,0.001882,0.355215
0.0,2.1e-5,0.301462
0.0,0.000358,0.309808
0.0,0.0,0.328384
0.0,1.0e-5,0.344383
0.0,0.000645,0.360958
0.0,0.001489,0.381588
0.003,0.000144,0.395616
0.065,0.0,0.397372
0.186,0.0,0.392837
0.334,0.0,0.383714
0.485,0.0,0.368548
0.624,0.0,0.350674
0.72,0.0,0.334592
0.784,0.0,0.325121
0.816,0.000202,0.32719
0.772,0.001882,0.343565
0.723,0.006674,0.372387
0.578,0.009245,0.406557
0.475,0.004892,0.432892
0.364,0.010085,0.44514
0.22,0.001489,0.438313
0.082,0.009245,0.417563
0.018,0.020036,0.386041
0.0,0.025208,0.353072
0.0,0.018056,0.297762
0.0,0.020727,0.304451
0.0,0.032127,0.311859
0.0,0.020036,0.328047
0.0,0.02442,0.3443
0.0,0.008453,0.362267
0.001,0.002679,0.377425
0.021,0.00012,0.38664
0.069,0.0,0.38653
0.164,0.0,0.376472
0.339,0.0,0.35761
0.538,0.0,0.337304
0.714,0.0,0.320739
0.749,0.0,0.312355
0.759,0.0,0.313728
0.619,0.0,0.329814
0.492,0.047089,0.376322
0.169,4.0e-6,0.409699
0.241,0.012404,0.436846
0.067,0.021433,0.458495
0.057,0.001156,0.450728
0.041,0.001744,0.423501
0.015,0.026834,0.388864
0.0,0.022156,0.354692
0.0,0.026012,0.296811
0.0,0.036018,0.304271
0.0,0.023649,0.314526
0.0,0.070742,0.32743
0.0,0.120427,0.345426
0.0,0.066097,0.36484
0.002,0.23521,0.377686
0.028,0.183155,0.385914
0.095,0.018701,0.386805
0.224,0.001261,0.377246
0.185,0.015625,0.363224
0.379,0.093394,0.347883
0.581,0.152231,0.335072
0.34,0.23521,0.332315
0.541,0.017426,0.3473
0.431,0.031201,0.35615
0.246,0.054712,0.387095
0.282,0.02442,0.418577
0.511,0.011914,0.437802
0.374,0.047089,0.448294
0.094,0.064594,0.453488
0.027,0.000459,0.42721
0.004,0.012404,0.394295
0.0,0.075601,0.359605
0.0,0.031201,0.302479
0.0,0.027672,0.308074
0.0,0.014496,0.315592
0.0,0.000645,0.328539
0.0,0.0,0.343927
0.0,2.0e-6,0.360946
0.001,1.5e-5,0.377016
0.007,0.000717,0.387216
0.018,0.004892,0.391639
0.039,0.00463,0.387515
0.044,0.013423,0.377599
0.034,0.033072,0.364574
0.118,0.125,0.350329
0.154,0.522741,0.346022
0.11,0.014496,0.353512
0.446,0.089633,0.366581
0.165,0.339383,0.404697
0.084,0.406442,0.442869
0.117,0.317352,0.470951
0.27,0.300431,0.479089
0.254,0.376715,0.468992
0.068,0.141914,0.439437
0.013,0.093394,0.403357
0.0,0.053388,0.370131
0.0,0.031201,0.309334
0.0,0.037037,0.31309
0.0,0.000517,0.326046
0.0,6.5e-5,0.345753
0.0,1.0e-6,0.365048
0.0,2.0e-6,0.383547
0.002,0.0,0.396694
0.041,0.0,0.398999
0.138,0.0,0.396006
0.268,0.0,0.38587
0.38,0.0,0.3726
0.496,0.0,0.357407
0.452,0.0,0.345204
0.567,0.0,0.337388
0.435,0.0,0.343802
0.366,0.0,0.361617
0.31,0.0,0.392506
0.295,0.0,0.427318
0.363,0.0,0.45318
0.189,0.0,0.466499
0.105,0.0,0.458528
0.066,0.0,0.433047
0.014,0.000406,0.399086
0.0,0.002178,0.364868
0.0,0.0,0.310405
0.0,0.0,0.319317
0.0,0.000171,0.331238
0.0,0.0,0.344805
0.0,0.000235,0.361841
0.0,0.001156,0.381578
0.002,0.001744,0.396577
0.056,0.003053,0.39888
0.153,0.007352,0.392876
0.147,0.002178,0.385755
0.218,0.000645,0.372975
0.212,0.010523,0.36011
0.482,0.042423,0.341022
0.592,0.029401,0.338629
0.222,0.072338,0.350534
0.505,0.249606,0.370183
0.471,0.396365,0.397619
0.439,0.296296,0.433454
0.445,0.326047,0.463957
0.295,0.280138,0.477519
0.189,0.23521,0.468668
0.098,0.183155,0.441958
0.015,0.118183,0.405134
0.0,0.105303,0.368946
0.0,0.064594,0.308407
0.0,0.060225,0.31649
0.0,0.06917,0.324666
0.0,0.060225,0.337549
0.0,0.035017,0.354245
0.0,0.04021,0.374543
0.001,0.036018,0.388765
0.044,0.006674,0.395322
0.115,0.000517,0.3933
0.184,0.0,0.385182
0.418,0.0,0.369024
0.462,0.0,0.352551
0.674,6.5e-5,0.335516
0.413,0.000717,0.330516
0.381,0.006674,0.334066
0.528,0.009659,0.350841
0.35,0.009659,0.381855
0.216,0.011914,0.417431
0.126,0.022894,0.448107
0.079,0.000235,0.460071
0.043,0.002178,0.451654
0.021,0.010523,0.42775
0.003,0.006674,0.393751
0.0,0.010085,0.357249
0.0,0.023649,0.298696
0.0,0.050805,0.305006
0.0,0.072338,0.316501
0.0,0.075601,0.32906
0.0,0.072338,0.344916
0.0,0.082418,0.361518
0.0,0.091501,0.375678
0.027,0.067622,0.383852
0.09,0.067622,0.383723
0.119,0.044716,0.375196
0.186,0.087791,0.357355
0.202,0.084184,0.341286
0.319,0.066097,0.327779
0.412,0.095313,0.321096
0.29,0.02442,0.3272
0.543,0.115967,0.345027
0.388,0.089633,0.377635
0.19,0.034036,0.417959
0.1,0.004892,0.448063
0.175,0.004377,0.454448
0.069,0.001489,0.444358
0.044,0.000406,0.417542
0.007,1.0e-5,0.383436
0.0,0.0,0.34838
0.0,0.0,0.291338
0.0,8.1e-5,0.297897
0.0,0.0039,0.307555
0.0,0.002178,0.320605
0.0,0.007352,0.338277
0.0,0.015053,0.36059
0.001,0.007007,0.380994
0.048,0.004377,0.389319
0.15,1.5e-5,0.387739
0.276,0.0,0.378678
0.475,0.0,0.362687
0.63,0.0,0.345497
0.719,0.0,0.330951
0.808,0.0,0.323331
0.846,0.0,0.3272
0.789,0.0,0.341655
0.747,0.0,0.369793
0.65,0.0,0.39633
0.461,0.000579,0.42564
0.398,0.004377,0.444533
0.248,0.003053,0.438315
0.111,0.017426,0.420366
0.017,0.042423,0.392684
0.0,0.045892,0.359538
0.0,0.034036,0.301823
0.0,0.030292,0.308591
0.0,0.042423,0.317345
0.0,0.047089,0.332898
0.0,0.048307,0.350704
0.0,0.049546,0.368512
0.001,0.037037,0.386832
0.05,0.034036,0.392837
0.135,0.018701,0.390288
0.298,0.00463,0.378218
0.434,0.002178,0.35933
0.56,0.006038,0.339915
0.647,0.016811,0.323733
0.668,0.022156,0.31621
0.659,0.054712,0.31721
0.75,0.064594,0.333982
0.689,0.07896,0.361464
0.649,0.097258,0.392385
0.549,0.103251,0.418409
0.404,0.06917,0.429703
0.251,0.077268,0.425062
0.111,0.115967,0.405723
0.016,0.264579,0.37474
0.0,0.308814,0.340975
0.0,0.39139,0.285614
0.0,0.330452,0.292455
0.0,0.326047,0.300324
0.0,0.296296,0.313933
0.0,0.221377,0.328638
0.0,0.272284,0.345848
0.001,0.464928,0.359352
0.043,0.296296,0.368057
0.148,0.313064,0.365255
0.305,0.168626,0.352918
0.447,0.160289,0.335645
0.548,0.147012,0.31611
0.498,0.136935,0.301133
0.591,0.057424,0.29481
0.571,0.010523,0.312717
0.265,0.012906,0.328266
0.49,0.006674,0.349508
0.474,0.122699,0.382784
0.382,0.070742,0.405761
0.086,0.009659,0.427928
0.151,0.041307,0.418497
0.094,0.013952,0.397894
0.012,0.105303,0.368647
0.0,0.000313,0.341507
0.0,6.5e-5,0.284148
0.0,0.014496,0.290566
0.0,0.000202,0.299192
0.0,0.082418,0.309373
0.0,0.136935,0.325635
0.0,0.075601,0.344558
0.0,0.002505,0.361877
0.029,0.000171,0.367172
0.056,0.006674,0.371894
0.1,0.026834,0.369944
0.155,0.067622,0.359022
0.315,0.085975,0.342424
0.41,0.089633,0.326613
0.454,0.160289,0.324417
0.423,0.003053,0.332407
0.332,0.011438,0.345231
0.448,0.037037,0.37472
0.476,0.245954,0.401121
0.36,0.936575,0.438626
0.158,0.754798,0.458438
0.163,0.516755,0.450667
0.077,0.221377,0.427396
0.007,0.095313,0.391375
0.0,0.049546,0.360682
0.0,0.044716,0.302479
0.0,0.015625,0.308865
0.0,0.022894,0.315592
0.0,0.037037,0.331924
0.0,0.033072,0.351015
0.0,0.032127,0.36884
0.0,0.037037,0.387659
0.039,0.016811,0.395674
0.159,0.002178,0.395157
0.306,0.000358,0.385524
0.464,2.1e-5,0.369351
0.596,0.000459,0.350991
0.694,0.001372,0.335361
0.801,0.000313,0.32723
0.824,0.0,0.331627
0.766,0.0,0.346332
0.717,0.0,0.373822
0.586,5.1e-5,0.406977
0.423,0.000579,0.433339
0.331,0.0,0.443731
0.233,0.0,0.435118
0.095,0.136935,0.420216
0.012,0.177247,0.386901
0.0,0.253295,0.351982
0.0,0.23521,0.29332
0.0,0.183155,0.300316
0.0,0.171468,0.305974
0.0,0.127329,0.32235
0.0,0.070742,0.339664
0.0,0.035017,0.356478
0.0,0.010974,0.369942
0.03,0.006351,0.379443
0.135,1.0e-5,0.376246
0.313,0.0,0.363796
0.469,0.003053,0.348662
0.599,0.041307,0.333824
0.62,0.043559,0.325088
0.734,0.075601,0.316647
0.691,0.006038,0.317193
0.688,0.000717,0.332996
0.548,0.010523,0.374006
0.169,0.0,0.411737
0.193,0.0,0.439015
0.2,0.0,0.455121
0.083,0.0,0.446831
0.043,0.003053,0.426079
0.002,0.0,0.389149
0.0,0.0,0.353552
0.0,0.0,0.295822
0.0,0.0,0.305242
0.0,0.004134,0.314304
0.0,0.0,0.331013
0.0,0.000517,0.347404
0.0,0.006351,0.365521
0.0,0.101227,0.383721
0.035,0.125,0.395106
0.136,0.047089,0.396088
0.297,0.075601,0.387437
0.319,0.107381,0.37558
0.443,0.154886,0.358405
0.437,0.165815,0.345714
0.508,0.201663,0.336095
0.531,0.13449,0.342028
0.565,0.057424,0.363117
0.3,0.038075,0.401993
0.311,0.009245,0.434794
0.352,0.004377,0.457494
0.24,0.006351,0.480851
0.101,0.0,0.467684
0.046,0.0039,0.439347
0.008,0.002679,0.404824
0.0,0.004134,0.367271
0.0,0.0,0.306122
0.0,0.001882,0.314164
0.0,0.014496,0.322268
0.0,0.008453,0.336328
0.0,0.005445,0.352525
0.0,0.005163,0.372285
0.0,0.003053,0.39077
0.038,0.005737,0.400362
0.145,0.000313,0.397871
0.225,0.0,0.389699
0.252,0.0,0.376324
0.405,4.0e-6,0.35959
0.56,0.0,0.344134
0.617,0.000406,0.336326
0.721,0.001744,0.344547
0.489,0.000963,0.369163
0.305,0.006351,0.397027
0.457,0.014496,0.431669
0.268,0.000717,0.463886
0.275,0.005163,0.471239
0.197,0.008074,0.459522
0.065,0.014496,0.436251
0.008,0.030292,0.402527
0.0,0.033072,0.365659
0.0,0.027672,0.304419
0.0,0.014496,0.310052
0.0,0.026012,0.322521
0.0,0.009245,0.335744
0.0,0.035017,0.352358
0.0,0.016811,0.368387
0.0,0.058813,0.382346
0.027,0.091501,0.392197
0.079,0.058813,0.392642
0.179,0.070742,0.384015
0.282,0.125,0.369324
0.357,0.141914,0.353768
0.318,0.122699,0.34304
0.312,0.171468,0.343319
0.249,0.547145,0.341161
0.299,0.427105,0.360752
0.216,0.330452,0.396289
0.148,0.276193,0.431437
0.136,0.308814,0.461209
0.087,0.2922,0.470987
0.026,0.125,0.462309
0.02,0.099229,0.432627
0.003,0.084184,0.395109
0.0,0.054712,0.360814
0.0,0.067622,0.303132
0.0,0.07896,0.310722
0.0,0.049546,0.321172
0.0,0.035017,0.334766
0.0,0.047089,0.350891
0.0,0.053388,0.368712
0.0,0.036018,0.385596
0.032,0.008453,0.393043
0.148,0.002178,0.390971
0.298,0.005445,0.380357
0.432,0.015053,0.364782
0.464,0.00463,0.347969
0.452,0.010974,0.336061
0.415,0.000794,0.330153
0.735,0.001744,0.330939
0.541,0.006038,0.347525
0.534,0.009245,0.376685
0.494,0.0,0.406663
0.413,0.004134,0.429354
0.191,0.080677,0.44775
0.111,0.047089,0.440259
0.017,0.084184,0.414856
0.001,0.122699,0.379461
0.0,0.141914,0.34759
0.0,0.221377,0.29097
0.0,0.221377,0.296732
0.0,0.481799,0.303906
0.0,0.470508,0.317666
0.0,0.2922,0.334325
0.0,0.238755,0.351817
0.0,0.075601,0.368481
0.015,0.087791,0.380435
0.097,0.052086,0.385801
0.262,0.107381,0.378229
0.374,0.120427,0.365626
0.433,0.125,0.350662
0.468,0.136935,0.337301
0.447,0.129687,0.331824
0.598,0.052086,0.336758
0.349,0.111619,0.35755
0.501,0.120427,0.384412
0.585,0.180185,0.419078
0.369,0.13449,0.4511
0.22,0.060225,0.466256
0.146,0.127329,0.458916
0.055,0.073957,0.434
0.006,0.091501,0.397911
0.0,0.163036,0.362421
0.0,0.23521,0.302975
0.0,0.231699,0.30977
0.0,0.231699,0.319376
0.0,0.195361,0.333752
0.0,0.280138,0.348493
0.0,0.284121,0.365267
0.0,0.242337,0.381524
0.02,0.224783,0.390348
0.071,0.300431,0.392785
0.088,0.218006,0.386645
0.255,0.732004,0.37236
0.365,0.476131,0.358104
0.411,0.604807,0.343592
0.13,0.437694,0.342079
0.348,0.406442,0.344914
0.575,0.717066,0.358419
0.543,0.702332,0.389034
0.232,0.330452,0.427549
0.307,0.591659,0.448535
0.273,1.0,0.461767
0.068,0.470508,0.45576
0.014,0.371906,0.433329
0.002,0.343908,0.396787
0.0,0.357724,0.359535
0.0,0.288142,0.300208
0.0,0.339383,0.305357
0.0,0.411544,0.316061
0.0,0.421875,0.327325
0.0,0.604807,0.340427
0.0,0.747149,0.354943
0.0,0.875891,0.368334
0.009,0.936575,0.377783
0.041,0.945467,0.380597
0.042,0.875891,0.375068
0.14,0.78592,0.362052
0.265,1.0,0.346734
0.225,0.732004,0.335775
0.542,0.522741,0.325362
0.204,0.272284,0.338891
0.174,0.047089,0.359323
0.163,0.048307,0.391597
0.141,0.009659,0.426328
0.22,0.022156,0.447227
0.05,0.000579,0.461683
0.056,0.0,0.450813
0.017,0.000144,0.4253
0.002,0.02442,0.387932
0.0,0.000579,0.355739
0.0,0.006674,0.292773
0.0,0.026834,0.298571
0.0,0.0,0.313179
0.0,8.1e-5,0.328166
0.0,0.010974,0.343983
0.0,0.120427,0.357264
0.0,0.280138,0.366849
0.018,0.432378,0.373246
0.135,0.565939,0.374493
0.283,0.308814,0.367011
0.311,0.476131,0.358108
0.287,0.353079,0.347644
0.474,0.901567,0.330255
0.548,1.0,0.325773
0.421,0.954414,0.340239
0.381,0.747149,0.357347
0.598,0.406442,0.387344
0.331,0.245954,0.422273
0.31,0.163036,0.450238
0.291,0.13941,0.463517
0.177,0.091501,0.45687
0.072,0.066097,0.434384
0.005,0.084184,0.401381
0.0,0.120427,0.362286
0.0,0.045892,0.303734
0.0,0.042423,0.312941
0.0,0.149606,0.319766
0.0,0.080677,0.335872
0.0,0.097258,0.352946
0.0,0.070742,0.368997
0.0,0.053388,0.383948
0.012,0.019361,0.394842
0.073,0.010523,0.394275
0.199,0.005737,0.384092
0.314,0.016211,0.368387
0.431,0.109486,0.351898
0.475,0.097258,0.338487
0.598,0.093394,0.329828
0.548,0.049546,0.336559
0.525,0.058813,0.354913
0.466,0.027672,0.384701
0.413,0.001489,0.417671
0.331,0.0,0.444726
0.266,0.0,0.455381
0.134,0.0,0.447111
0.05,0.0,0.427556
0.003,0.000171,0.39414
0.0,0.000406,0.35902
0.0,0.0,0.302215
0.0,0.0,0.313394
0.0,0.0,0.319407
0.0,0.0,0.333365
0.0,0.0,0.347189
0.0,0.0,0.3639
0.0,0.005737,0.384016
0.027,0.011438,0.393907
0.112,0.0039,0.389768
0.2,1.5e-5,0.379114
0.241,0.0,0.365489
0.287,0.0,0.350042
0.28,0.0,0.337143
0.326,0.000313,0.330307
0.264,0.0,0.333821
0.709,0.0,0.348605
0.69,0.0,0.376795
0.51,0.0,0.41079
0.251,0.0,0.440466
0.081,0.000144,0.456668
0.044,0.005445,0.448982
0.018,0.010974,0.423605
0.001,0.001261,0.390553
0.0,0.0,0.35813
0.0,0.0,0.301504
0.0,1.5e-5,0.311077
0.0,0.005163,0.320724
0.0,0.044716,0.332166
0.0,0.037037,0.345482
0.0,0.032127,0.364461
0.0,0.017426,0.380201
0.009,0.017426,0.390485
0.074,0.018701,0.390878
0.164,0.008074,0.383226
0.179,0.009245,0.371946
0.174,0.007352,0.358168
0.56,0.008843,0.338123
0.746,0.015625,0.327645
0.785,0.003252,0.331566
0.488,0.004892,0.349631
0.336,0.052086,0.381615
0.319,0.147012,0.417191
0.218,0.070742,0.453428
0.09,0.107381,0.468676
0.068,0.026834,0.464371
0.007,0.070742,0.437421
0.002,0.308814,0.397403
0.0,0.228224,0.359624
0.0,0.357724,0.300424
0.0,0.348473,0.306775
0.0,0.147012,0.314231
0.0,0.132074,0.327559
0.0,0.084184,0.342902
0.0,0.082418,0.360819
0.0,0.208098,0.372973
0.008,0.343908,0.378511
0.115,0.39139,0.377758
0.241,0.201663,0.369717
0.158,0.253295,0.360747
0.188,0.528772,0.353054
0.074,0.459394,0.345114
0.206,0.591659,0.337255
0.621,1.0,0.334419
0.574,1.0,0.354602
0.671,1.0,0.382238
0.501,1.0,0.417873
0.415,1.0,0.447402
0.212,1.0,0.461265
0.166,1.0,0.455316
0.069,1.0,0.428964
0.003,1.0,0.392316
0.0,1.0,0.356437
0.0,0.793832,0.298973
0.0,0.652355,0.3065
0.0,0.604807,0.317254
0.0,0.618148,0.330273
0.0,0.618148,0.345743
0.0,0.578704,0.363799
0.0,0.559627,0.37853
0.016,0.522741,0.38826
0.084,0.49327,0.39117
0.167,0.695041,0.384514
0.27,1.0,0.371718
0.37,1.0,0.354138
0.509,1.0,0.338337
0.587,1.0,0.331473
0.669,0.702332,0.335459
0.691,0.801797,0.353254
0.633,0.645415,0.384492
0.592,0.695041,0.420908
0.452,0.411544,0.450638
0.325,0.249606,0.46395
0.183,0.238755,0.456715
0.065,0.218006,0.433723
0.002,0.186157,0.399261
0.0,0.149606,0.363669
0.0,0.070742,0.305038
0.0,0.056057,0.312688
0.0,0.120427,0.321557
0.0,0.028528,0.339054
0.0,0.016211,0.354935
0.0,0.028528,0.373436
0.0,0.018701,0.3866
0.006,0.019361,0.396557
0.056,0.010085,0.396993
0.037,0.008843,0.392811
0.094,0.000717,0.379797
0.19,9.9e-5,0.36193
0.387,0.002338,0.346336
0.468,0.013952,0.340725
0.174,0.000517,0.353698
0.29,0.013423,0.368122
0.277,0.015053,0.399567
0.422,0.042423,0.433846
0.316,0.025208,0.463801
0.27,0.029401,0.476153
0.137,0.118183,0.470469
0.041,0.010085,0.450616
0.001,0.009659,0.411498
0.0,0.016811,0.373326
0.0,0.016811,0.315102
0.0,0.009659,0.323358
0.0,0.048307,0.332958
0.0,0.035017,0.348759
0.0,0.038075,0.365998
0.0,0.041307,0.383615
0.0,0.033072,0.400159
0.017,0.015625,0.408977
0.111,0.007707,0.405945
0.257,0.000963,0.393558
0.414,0.002338,0.375078
0.508,0.012404,0.357843
0.518,0.016811,0.344682
0.487,0.015625,0.339548
0.464,0.004892,0.345538
0.51,0.005445,0.363415
0.46,0.005445,0.394458
0.386,0.002026,0.430024
0.33,0.006351,0.459116
0.232,0.0,0.471999
0.153,0.0,0.463347
0.05,0.0,0.446862
0.001,0.000517,0.411756
0.0,0.001882,0.376408
0.0,0.001156,0.318501
0.0,0.001489,0.326424
0.0,0.002679,0.334451
0.0,0.0039,0.349885
0.0,0.011438,0.368083
0.0,0.015053,0.387223
0.0,0.025208,0.404414
0.018,0.030292,0.41284
0.121,0.017426,0.408806
0.268,0.001261,0.396375
0.421,0.003252,0.378797
0.553,0.005737,0.35999
0.637,0.008074,0.343977
0.634,0.010523,0.337024
0.664,0.003675,0.339239
0.716,0.001372,0.357735
0.703,1.0e-5,0.387223
0.594,0.0,0.420985
0.483,0.0,0.447016
0.324,0.0,0.457729
0.177,0.001156,0.456235
0.054,0.034036,0.439089
0.001,0.020036,0.407321
0.0,0.028528,0.370976
0.0,0.04021,0.310432
0.0,0.056057,0.314961
0.0,0.13941,0.323478
0.0,0.084184,0.335881
0.0,0.060225,0.353881
0.0,0.041307,0.371866
0.0,0.035017,0.388416
0.011,0.02442,0.399437
0.104,0.005445,0.397822
0.234,0.0,0.385475
0.193,0.000313,0.374121
0.359,0.000144,0.353544
0.234,0.0,0.341441
0.304,0.0,0.332227
0.344,0.0,0.346944
0.097,0.0,0.368348
0.072,0.001882,0.404097
0.032,0.064594,0.44402
0.044,0.168626,0.476509
0.035,0.154886,0.489159
0.029,0.132074,0.478235
0.021,0.080677,0.44868
0.001,0.276193,0.41343
0.0,0.214669,0.375081
0.0,0.125,0.315477
0.0,0.097258,0.322535
0.0,0.136935,0.33044
0.0,0.113779,0.344421
0.0,0.095313,0.361917
0.0,0.141914,0.38029
0.0,0.125,0.398188
0.013,0.147012,0.408975
0.098,0.25702,0.408477
0.199,0.276193,0.400098
0.313,0.218006,0.384882
0.485,0.231699,0.364879
0.56,0.198495,0.348227
0.615,0.127329,0.339829
0.64,0.044716,0.346757
0.551,0.030292,0.364692
0.378,0.011914,0.39638
0.372,0.005445,0.429783
0.289,0.002026,0.458868
0.201,1.0e-6,0.47176
0.119,0.0,0.465615
0.045,0.0,0.449649
0.001,0.0,0.416961
0.0,0.005737,0.376368
0.0,0.002026,0.316583
0.0,1.5e-5,0.329762
0.0,0.022156,0.327415
0.0,0.020727,0.345629
0.0,0.016211,0.363185
0.0,0.010523,0.382576
0.0,0.002862,0.399081
0.007,0.001882,0.408358
0.063,0.000579,0.407326
0.142,0.0,0.3969
0.345,0.0,0.377266
0.455,0.0,0.359437
0.319,0.0,0.348076
0.357,0.0,0.341972
0.381,0.000235,0.342847
0.349,0.0,0.366997
0.168,0.0,0.403188
0.113,0.0,0.440705
0.157,0.0,0.468629
0.086,0.008843,0.483023
0.061,0.018056,0.475367
0.029,0.020036,0.446589
0.0,0.017426,0.409965
0.0,0.015625,0.370992
0.0,0.028528,0.310528
0.0,0.032127,0.317493
0.0,0.001744,0.328596
0.0,0.001882,0.342508
0.0,0.000406,0.359007
0.0,0.0,0.377245
0.0,1.0e-5,0.394027
0.003,0.0,0.405719
0.052,0.0,0.40672
0.136,0.0,0.399363
0.313,0.0,0.383643
0.408,0.0,0.366066
0.5,0.0,0.34982
0.405,0.0,0.344151
0.272,0.0,0.351163
0.558,9.9e-5,0.365863
0.383,0.022894,0.399272
0.382,0.022894,0.435272
0.381,0.023649,0.464718
0.286,0.022156,0.478393
0.099,0.009659,0.472109
0.024,0.019361,0.447628
0.0,0.022156,0.410919
0.0,0.026834,0.375212
0.0,0.082418,0.312477
0.0,0.141914,0.319482
0.0,0.144448,0.330649
0.0,0.186157,0.344207
0.0,0.129687,0.358956
0.0,0.085975,0.373356
0.0,0.085975,0.388478
0.001,0.082418,0.398473
0.014,0.120427,0.401988
0.017,0.147012,0.398267
0.05,0.105303,0.384567
0.064,0.091501,0.368399
0.139,0.037037,0.350663
0.409,0.201663,0.345441
0.261,0.038075,0.34824
0.561,0.030292,0.364752
0.494,0.127329,0.395368
0.458,0.208098,0.433965
0.322,0.072338,0.46521
0.192,0.019361,0.479545
0.104,0.011438,0.471996
0.029,0.009659,0.448705
0.0,0.0039,0.410845
0.0,0.000358,0.373231
0.0,0.000313,0.314458
0.0,0.000144,0.321505
0.0,0.000963,0.329363
0.0,0.001156,0.348569
0.0,0.001057,0.368107
0.0,0.010974,0.382459
0.0,2.1e-5,0.402971
0.006,0.0,0.411314
0.069,0.0,0.409754
0.176,0.0,0.398742
0.332,0.0,0.382509
0.433,0.0,0.365434
0.538,0.0,0.349186
0.435,0.0,0.343984
0.587,0.0,0.346273
0.535,0.0,0.364161
0.549,0.000313,0.397435
0.429,0.0,0.434455
0.366,0.0,0.463226
0.275,0.0,0.475598
0.132,0.000144,0.469411
0.036,0.001489,0.451578
0.0,0.000963,0.41666
0.0,0.002862,0.377051
0.0,0.011914,0.313253
0.0,0.018056,0.319046
0.0,0.007707,0.32725
0.0,0.032127,0.342433
0.0,0.07896,0.361232
0.0,0.077268,0.382477
0.0,0.045892,0.402498
0.009,0.018056,0.413919
0.086,0.010974,0.410283
0.179,0.002338,0.398731
0.294,0.000313,0.379964
0.418,0.00012,0.35859
0.467,0.000313,0.341605
0.583,0.000717,0.331858
0.643,0.002679,0.332959
0.62,0.003675,0.350078
0.523,0.004134,0.379981
0.358,0.007707,0.416048
0.312,0.010974,0.442999
0.267,0.017426,0.455565
0.126,0.044716,0.451146
0.033,0.058813,0.430432
0.0,0.099229,0.395837
0.0,0.060225,0.361107
0.0,0.036018,0.303589
0.0,0.042423,0.310013
0.0,0.025208,0.32303
0.0,0.001057,0.335849
0.0,0.002338,0.356653
0.0,0.022156,0.37527
0.0,0.014496,0.391476
0.008,0.037037,0.40103
0.083,0.007007,0.398289
0.228,0.004134,0.383717
0.33,0.00012,0.364807
0.343,0.002026,0.346372
0.293,0.009659,0.334952
0.216,0.0,0.331804
0.473,0.0,0.334789
0.072,0.0,0.367566
0.284,0.0,0.390792
0.338,0.0,0.423672
0.186,0.009245,0.463116
0.13,0.007707,0.476787
0.031,0.007707,0.4706
0.011,0.003252,0.441574
0.0,0.014496,0.404379
0.0,0.010523,0.368844
0.0,0.007007,0.313316
0.0,0.000717,0.32241
0.0,0.001261,0.332831
0.0,0.0,0.350898
0.0,0.0,0.370571
0.0,0.0,0.388408
0.0,0.0,0.409204
0.007,0.0,0.416661
0.065,0.0,0.410388
0.199,0.0,0.396714
0.265,0.0,0.382004
0.317,0.0,0.364916
0.456,8.1e-5,0.348647
0.435,2.1e-5,0.341113
0.454,0.001372,0.339983
0.381,0.000272,0.360513
0.465,0.001489,0.388576
0.41,0.002026,0.422445
0.431,0.000876,0.449177
0.263,3.9e-5,0.463191
0.146,0.000876,0.461145
0.033,0.004892,0.447496
0.0,0.0,0.416751
0.0,0.0,0.373733
0.0,0.0,0.317843
0.0,1.0e-5,0.328276
0.0,0.001156,0.332057
0.0,0.013423,0.345233
0.0,0.041307,0.361868
0.0,0.122699,0.376369
0.0,0.157572,0.389079
0.004,0.211367,0.396994
0.022,0.214669,0.397857
0.043,0.208098,0.394695
0.034,0.107381,0.387134
0.113,0.211367,0.367407
0.094,0.272284,0.357218
0.053,0.401383,0.35237
0.08,0.228224,0.359069
0.133,0.260781,0.378175
0.067,0.177247,0.413217
0.042,0.218006,0.44748
0.071,0.32168,0.471387
0.044,0.284121,0.482666
0.055,0.339383,0.471931
0.02,0.253295,0.444012
0.0,0.201663,0.407149
0.0,0.154886,0.369905
0.0,0.221377,0.311023
0.0,0.253295,0.320087
0.0,0.152231,0.331299
0.0,0.136935,0.346223
0.0,0.165815,0.363835
0.0,0.186157,0.381348
0.0,0.136935,0.39578
0.004,0.084184,0.405444
0.04,0.050805,0.404801
0.094,0.067622,0.396872
0.25,0.042423,0.379586
0.236,0.070742,0.365509
0.14,0.035017,0.359194
0.078,0.060225,0.357608
0.111,0.045892,0.360576
0.243,0.067622,0.377234
0.237,0.035017,0.409457
0.255,0.061659,0.442782
0.282,0.13941,0.470828
0.145,0.214669,0.487956
0.086,0.276193,0.480904
0.018,0.147012,0.455966
0.0,0.224783,0.420733
0.0,0.25702,0.38611
0.0,0.208098,0.322956
0.0,0.189192,0.331016
0.0,0.195361,0.342129
0.0,0.264579,0.356597
0.0,0.401383,0.374232
0.0,0.540974,0.392246
0.0,0.540974,0.408149
0.001,0.638525,0.418158
0.037,0.522741,0.421863
0.164,0.585158,0.412715
0.28,0.510816,0.397046
0.414,0.367138,0.379405
0.582,0.416688,0.361682
0.544,0.709673,0.358187
0.42,0.127329,0.363076
0.508,0.132074,0.384434
0.424,0.141914,0.418925
0.388,0.211367,0.452481
0.35,0.268413,0.483069
0.223,0.165815,0.497227
0.102,0.118183,0.488685
0.019,0.080677,0.462067
0.0,0.160289,0.424676
0.0,0.183155,0.384305
0.0,0.085975,0.322699
0.0,0.127329,0.329925
0.0,0.041307,0.33757
0.0,0.06917,0.3532
0.0,0.075601,0.370212
0.0,0.115967,0.388522
0.0,0.120427,0.406311
0.003,0.109486,0.41889
0.069,0.111619,0.418886
0.154,0.103251,0.409224
0.26,0.063115,0.393629
0.337,0.111619,0.377084
0.444,0.152231,0.361812
0.531,0.183155,0.354539
0.657,0.13449,0.362242
0.43,0.125,0.382535
0.444,0.154886,0.414658
0.394,0.180185,0.453842
0.32,0.160289,0.485162
0.213,0.067622,0.499378
0.108,0.020727,0.491433
0.015,0.009659,0.465845
0.0,0.011914,0.427583
0.0,0.008074,0.387918
0.0,0.001057,0.325745
0.0,0.001057,0.331777
0.0,0.001613,0.341627
0.0,0.002178,0.358321
0.0,0.001744,0.376513
0.0,0.002026,0.395619
0.0,0.000717,0.415247
0.004,0.001489,0.427557
0.06,8.1e-5,0.424433
0.165,0.0,0.411538
0.319,0.0,0.392271
0.462,0.0,0.373282
0.507,0.0,0.35764
0.54,0.0,0.349468
0.483,2.0e-6,0.356112
0.428,0.0,0.374519
0.474,0.0,0.403738
0.343,0.0,0.44015
0.261,0.0,0.46802
0.166,0.0,0.481202
0.107,0.0,0.478848
0.018,0.0,0.46129
0.0,8.1e-5,0.427809
0.0,0.006038,0.386646
0.0,0.022894,0.326357
0.0,0.018701,0.33492
0.0,0.015625,0.341403
0.0,0.010085,0.358548
0.0,0.007007,0.377225
0.0,0.005737,0.391929
0.0,0.006674,0.408328
0.001,0.004892,0.418856
0.027,0.002178,0.419893
0.074,0.0,0.411773
0.155,0.0,0.39505
0.499,0.0,0.367487
0.607,0.0,0.34816
0.668,0.0,0.340107
0.642,0.0,0.34415
0.626,0.0,0.362376
0.563,0.0,0.392218
0.404,0.0,0.42761
0.397,0.0,0.454665
0.273,0.0,0.467554
0.121,0.006038,0.470069
0.017,0.064594,0.448924
0.0,0.189192,0.413306
0.0,0.242337,0.378466
0.0,0.211367,0.319139
0.0,0.204864,0.327145
0.0,0.180185,0.337725
0.0,0.149606,0.353383
0.0,0.154886,0.372296
0.0,0.132074,0.392196
0.0,0.157572,0.409638
0.002,0.113779,0.42073
0.067,0.093394,0.421241
0.202,0.053388,0.408849
0.347,0.019361,0.389077
0.492,0.010523,0.366669
0.59,0.019361,0.347826
0.672,0.025208,0.335951
0.714,0.016211,0.335047
0.611,0.028528,0.352746
0.574,0.026012,0.380087
0.422,0.019361,0.413191
0.272,0.018701,0.44319
0.19,0.047089,0.459796
0.087,0.122699,0.456746
0.011,0.035017,0.43349
0.0,0.152231,0.407505
0.0,0.039133,0.371743
0.0,0.070742,0.310649
0.0,0.13449,0.318069
0.0,0.073957,0.326641
0.0,0.107381,0.341414
0.0,0.132074,0.358353
0.0,0.089633,0.376098
0.0,0.061659,0.39287
0.002,0.07896,0.405613
0.05,0.039133,0.406495
0.169,0.037037,0.399004
0.244,0.027672,0.386718
0.352,0.077268,0.36837
0.412,0.089633,0.354786
0.427,0.082418,0.349014
0.377,0.018701,0.351748
0.498,0.064594,0.373494
0.364,0.056057,0.408756
0.455,0.053388,0.443181
0.345,0.064594,0.475782
0.233,0.02442,0.491818
0.094,0.007007,0.487353
0.012,0.003252,0.466953
0.0,0.003053,0.424789
0.0,0.002862,0.385402
0.0,0.004892,0.322499
0.0,0.003459,0.329734
0.0,0.003675,0.343891
0.0,0.005737,0.361625
0.0,0.0039,0.380464
0.0,0.001261,0.398777
0.0,0.005737,0.414425
0.001,0.002679,0.425116
0.042,0.000202,0.422949
0.16,0.0,0.410485
0.335,0.0,0.39009
0.461,0.0,0.370101
0.588,0.0,0.353535
0.655,0.0,0.345376
0.646,0.0,0.349495
0.532,0.0,0.367496
0.426,0.0,0.397203
0.373,0.0,0.428152
0.228,0.0,0.459792
0.176,0.0,0.474154
0.108,0.0,0.476645
0.012,0.001057,0.456984
0.0,0.003053,0.420135
0.0,0.002178,0.383691
0.0,0.000645,0.323176
0.0,0.000171,0.333407
0.0,0.021433,0.340237
0.0,0.02442,0.356929
0.0,0.009659,0.377463
0.0,0.004134,0.398631
0.0,6.0e-6,0.419478
0.001,0.0,0.432451
0.061,0.0,0.42709
0.144,0.0,0.412951
0.282,0.0,0.390892
0.37,0.0,0.367826
0.435,0.0,0.349851
0.386,0.0,0.342213
0.392,0.0,0.344791
0.462,0.0,0.362514
0.559,0.000459,0.390663
0.492,0.004377,0.427152
0.353,0.009245,0.461353
0.208,0.009245,0.479103
0.101,0.017426,0.478914
0.01,0.033072,0.458535
0.0,0.014496,0.423222
0.0,0.010085,0.385494
0.0,0.004892,0.323873
0.0,0.009245,0.32986
0.0,0.006674,0.338774
0.0,0.001261,0.354961
0.0,0.001882,0.374458
0.0,0.001057,0.394991
0.0,0.000459,0.412563
0.001,0.000202,0.425344
0.059,0.000876,0.422593
0.192,2.0e-6,0.407922
0.341,0.0,0.389097
0.477,0.0,0.369603
0.599,0.0,0.35302
0.676,0.0,0.344845
0.694,0.0,0.348937
0.693,0.0,0.364808
0.457,0.0,0.397666
0.39,0.0,0.433551
0.355,0.0,0.46098
0.222,0.0,0.470705
0.101,0.0,0.468151
0.01,0.001489,0.462561
0.0,0.003675,0.425239
0.0,0.000406,0.390848
0.0,0.0,0.327532
0.0,0.0,0.33359
0.0,0.0,0.346141
0.0,0.0,0.363089
0.0,0.0,0.378175
0.0,0.0,0.396881
0.0,0.0,0.415061
0.001,0.0,0.428456
0.055,0.0,0.423531
0.179,0.0,0.408814
0.334,0.0,0.388359
0.414,0.0,0.368869
0.546,0.0,0.350816
0.639,0.0,0.340234
0.691,0.0,0.340769
0.69,0.0,0.357202
0.562,0.0,0.387147
0.514,0.0,0.422719
0.385,0.0,0.452075
0.24,0.0,0.464959
0.098,0.0,0.457333
0.008,0.0,0.439056
0.0,0.0,0.420041
0.0,0.0,0.38011
0.0,0.0,0.31436
0.0,0.0,0.321876
0.0,0.00012,0.342061
0.0,8.1e-5,0.359319
0.0,0.000313,0.377113
0.0,0.001057,0.396275
0.0,0.00463,0.411803
0.0,0.018701,0.418616
0.054,0.015053,0.414106
0.181,0.001489,0.398895
0.334,0.0,0.377074
0.468,0.0,0.354385
0.592,2.9e-5,0.33578
0.666,0.002679,0.325868
0.697,0.002679,0.32859
0.676,0.006351,0.343787
0.574,0.00463,0.371445
0.476,0.001156,0.403769
0.335,0.000794,0.439825
0.153,0.013423,0.463242
0.074,0.008074,0.465546
0.006,0.017426,0.444927
0.0,0.021433,0.40755
0.0,0.047089,0.371338
0.0,0.028528,0.315074
0.0,0.032127,0.322177
0.0,0.019361,0.330853
0.0,0.026834,0.346293
0.0,0.253295,0.362513
0.0,0.099229,0.380976
0.0,0.056057,0.400615
0.0,0.001613,0.414155
0.015,0.009659,0.416702
0.056,0.001613,0.410126
0.113,1.5e-5,0.395922
0.091,0.001372,0.381754
0.353,0.0,0.359781
0.425,0.0,0.348546
0.257,0.0,0.353678
0.099,0.0,0.376095
0.146,0.006038,0.415078
0.057,0.000313,0.458114
0.034,0.001489,0.489777
0.044,0.0,0.500821
0.057,9.9e-5,0.491671
0.001,0.376715,0.4737
0.0,0.367138,0.434296
0.0,0.367138,0.396059
0.0,0.253295,0.331526
0.0,0.157572,0.338525
0.0,0.017426,0.352144
0.0,0.017426,0.366118
0.0,0.020036,0.383266
0.0,0.026012,0.402223
0.0,0.105303,0.420644
0.0,0.097258,0.434215
0.004,0.103251,0.440815
0.016,0.084184,0.435642
0.072,0.080677,0.422367
0.241,0.027672,0.400611
0.513,0.031201,0.380491
0.566,0.026012,0.371404
0.611,0.018701,0.376965
0.484,0.012404,0.398085
0.409,0.011914,0.432662
0.324,0.008843,0.472285
0.267,0.002679,0.504873
0.163,0.000313,0.519657
0.077,2.1e-5,0.51867
0.005,0.0,0.497125
0.0,0.0,0.445473
0.0,0.0,0.403634
0.0,0.0,0.339583
0.0,0.0,0.353266
0.0,0.0,0.356141
0.0,4.0e-6,0.37586
0.0,0.0,0.39639
0.0,0.0,0.40985
0.0,0.0,0.428064
0.0,0.0,0.441851
0.04,0.0,0.445772
0.161,0.0,0.431786
0.298,0.0,0.413798
0.444,0.0,0.394372
0.555,0.0,0.376917
0.627,0.0,0.369341
0.52,0.0,0.374857
0.42,0.0,0.399036
0.323,0.022894,0.446362
0.282,0.0,0.481564
0.214,0.000459,0.515427
0.105,0.0,0.531827
0.055,0.0,0.523262
0.003,0.000794,0.491513
0.0,0.005445,0.451091
0.0,0.02442,0.408209
0.0,0.023649,0.342575
0.0,0.019361,0.350233
0.0,1.5e-5,0.36108
0.0,1.0e-5,0.379147
0.0,0.0,0.401798
0.0,0.0,0.423702
0.0,0.00012,0.440896
0.0,0.001372,0.455054
0.044,0.001489,0.453002
0.168,2.1e-5,0.437813
0.32,0.0,0.418037
0.464,0.0,0.396894
0.552,0.0,0.380342
0.594,0.0,0.373204
0.58,0.000794,0.389361
0.339,0.0,0.410656
0.344,0.0,0.441111
0.389,0.0,0.47583
0.279,0.023649,0.517371
0.146,0.000517,0.531777
0.057,0.001057,0.523899
0.002,0.003053,0.49836
0.0,0.000794,0.457903
0.0,0.0,0.41797
0.0,0.0,0.348609
0.0,0.0,0.35639
0.0,0.0,0.365617
0.0,0.0,0.38294
0.0,0.0,0.410207
0.0,0.0,0.432525
0.0,0.0,0.449014
0.0,0.0,0.4601
0.028,0.0,0.464201
0.127,0.0,0.450522
0.247,0.0,0.428237
0.405,0.0,0.403601
0.564,0.0,0.383805
0.616,0.0,0.375125
0.571,0.0,0.379729
0.538,0.0,0.397794
0.471,0.0,0.431773
0.403,0.0,0.470699
0.312,0.0,0.502535
0.199,0.0,0.519368
0.061,0.0039,0.518523
0.002,0.008453,0.494623
0.0,0.007707,0.455091
0.0,0.014496,0.414407
0.0,0.020727,0.349525
0.0,0.032127,0.357327
0.0,6.5e-5,0.362953
0.0,0.0,0.378768
0.0,0.0,0.398974
0.0,0.001489,0.415595
0.0,0.012906,0.434061
0.0,0.02442,0.447484
0.026,0.02442,0.446982
0.067,0.012404,0.437858
0.194,0.002679,0.416936
0.22,0.000517,0.398906
0.275,1.0e-6,0.38125
0.468,6.0e-6,0.368607
0.647,0.015053,0.369526
0.596,0.017426,0.389137
0.518,0.018056,0.417718
0.32,0.077268,0.46491
0.217,0.053388,0.497726
0.108,0.020727,0.515852
0.05,0.093394,0.508411
0.002,0.063115,0.482065
0.0,0.030292,0.443115
0.0,0.008453,0.404615
0.0,0.008843,0.338766
0.0,0.008453,0.342825
0.0,0.021433,0.353457
0.0,0.019361,0.366538
0.0,0.030292,0.382717
0.0,0.037037,0.401138
0.0,0.036018,0.417923
0.0,0.045892,0.430892
0.029,0.056057,0.43301
0.14,0.058813,0.42177
0.292,0.045892,0.40339
0.429,0.080677,0.38215
0.484,0.109486,0.364497
0.211,0.016811,0.36155
0.144,0.009245,0.365876
0.255,0.000579,0.386887
0.13,0.015625,0.429873
0.209,0.001261,0.46418
0.176,0.008843,0.493571
0.064,0.019361,0.509552
0.01,0.001744,0.502964
0.001,8.1e-5,0.474476
0.0,0.0039,0.434505
0.0,0.014496,0.394239
0.0,0.017426,0.32967
0.0,0.022156,0.335755
0.0,0.075601,0.346636
0.0,0.084184,0.361341
0.0,0.099229,0.379259
0.0,0.186157,0.398035
0.0,0.141914,0.416317
0.0,0.470508,0.429246
0.004,0.673473,0.435283
0.035,0.91896,0.432928
0.229,0.618148,0.419129
0.355,0.585158,0.40257
0.409,0.381565,0.388829
0.444,0.343908,0.382548
0.439,0.540974,0.392377
0.349,0.49327,0.413829
0.403,0.487512,0.44859
0.251,0.470508,0.491571
0.2,0.260781,0.526816
0.1,0.154886,0.543565
0.035,0.07896,0.533442
0.001,0.070742,0.500441
0.0,0.041307,0.456984
0.0,0.038075,0.41615
0.0,0.036018,0.34757
0.0,0.026834,0.354453
0.0,0.066097,0.364518
0.0,0.020036,0.378506
0.0,0.037037,0.398231
0.0,0.022156,0.416353
0.0,0.030292,0.434319
0.0,0.045892,0.447203
0.009,0.02442,0.450599
0.07,0.026834,0.443063
0.178,0.010974,0.425716
0.219,0.034036,0.40734
0.286,0.044716,0.39089
0.403,0.064594,0.381051
0.217,0.033072,0.388295
0.272,0.042423,0.412765
0.325,0.035017,0.443308
0.363,0.111619,0.481985
0.106,0.118183,0.519354
0.129,0.093394,0.531764
0.016,0.067622,0.522629
0.0,0.080677,0.490979
0.0,0.097258,0.45012
0.0,0.160289,0.40733
0.0,0.334898,0.341958
0.0,0.339383,0.351858
0.0,0.481799,0.360924
0.0,0.565939,0.376682
0.0,0.687801,0.393824
0.0,0.867442,0.413305
0.0,0.817886,0.430599
0.0,1.0,0.440567
0.007,0.859047,0.446732
0.01,1.0,0.440907
0.014,1.0,0.430173
0.04,1.0,0.412687
0.045,1.0,0.401182
0.049,1.0,0.395231
0.067,1.0,0.402745
0.093,0.875891,0.424783
0.105,0.659344,0.46225
0.082,0.673473,0.504536
0.073,0.464928,0.537219
0.014,0.793832,0.550034
0.003,0.892953,0.53841
0.0,0.702332,0.501904
0.0,0.443053,0.458909
0.0,0.443053,0.41581
0.0,0.211367,0.347307
0.0,0.186157,0.354634
0.0,0.157572,0.365163
0.0,0.136935,0.381094
0.0,0.132074,0.400453
0.0,0.095313,0.420255
0.0,0.04021,0.438938
0.0,0.04021,0.454781
0.004,0.056057,0.462808
0.022,0.032127,0.454567
0.068,0.044716,0.440732
0.102,0.014496,0.420745
0.345,0.016811,0.401782
0.429,0.016811,0.395313
0.363,0.030292,0.409039
0.413,0.006674,0.422678
0.468,0.041307,0.454624
0.319,0.010974,0.498179
0.254,0.016811,0.531139
0.109,0.002505,0.549453
0.039,0.000202,0.550897
0.0,0.001372,0.519985
0.0,0.006351,0.475368
0.0,0.013952,0.43229
0.0,0.030292,0.361985
0.0,0.020727,0.370505
0.0,0.045892,0.381041
0.0,0.072338,0.397126
0.0,0.070742,0.418252
0.0,0.070742,0.439443
0.0,0.085975,0.458933
0.0,0.103251,0.473088
0.026,0.111619,0.475015
0.134,0.120427,0.462105
0.2,0.144448,0.443644
0.292,0.174341,0.420333
0.313,0.253295,0.401361
0.337,0.32168,0.391834
0.296,0.411544,0.399283
0.394,0.522741,0.418915
0.216,0.371906,0.454102
0.3,0.510816,0.49113
0.231,1.0,0.531241
0.068,0.793832,0.547463
0.014,0.91896,0.533161
0.0,0.981596,0.496988
0.0,1.0,0.452698
0.0,1.0,0.408602
0.0,1.0,0.343517
0.0,1.0,0.351677
0.0,1.0,0.364447
0.0,1.0,0.380362
0.0,1.0,0.400206
0.0,0.884395,0.424784
0.0,0.809815,0.442558
0.0,0.724509,0.457392
0.019,0.604807,0.462024
0.108,0.673473,0.453757
0.257,0.747149,0.437148
0.323,1.0,0.418318
0.407,1.0,0.401981
0.457,1.0,0.394989
0.495,1.0,0.402498
0.337,1.0,0.43113
0.341,0.793832,0.464363
0.219,1.0,0.504244
0.124,0.809815,0.545239
0.059,0.709673,0.561793
0.016,0.618148,0.551979
0.0,0.850707,0.515216
0.0,0.591659,0.469871
0.0,0.910236,0.426268
0.0,0.717066,0.35653
0.0,0.559627,0.364953
0.0,0.585158,0.376724
0.0,0.476131,0.391673
0.0,0.300431,0.410528
0.0,0.276193,0.430821
0.0,0.249606,0.448848
0.0,0.288142,0.46387
0.018,0.2922,0.467412
0.111,0.304603,0.458507
0.223,0.459394,0.444544
0.326,0.481799,0.423827
0.386,0.401383,0.409388
0.53,0.300431,0.397147
0.575,0.304603,0.406269
0.572,0.317352,0.427384
0.398,0.2922,0.466897
0.328,0.353079,0.510926
0.205,0.174341,0.540537
0.125,0.160289,0.559142
0.031,0.165815,0.550801
0.0,0.221377,0.51931
0.0,0.32168,0.471827
0.0,0.470508,0.427508
0.0,0.624891,0.360261
0.0,0.598209,0.367852
0.0,1.0,0.377833
0.0,1.0,0.393315
0.0,1.0,0.41276
0.0,1.0,0.430484
0.0,1.0,0.442356
0.0,1.0,0.45261
0.016,1.0,0.456033
0.072,1.0,0.450662
0.176,1.0,0.43801
0.318,1.0,0.42128
0.412,1.0,0.40744
0.471,1.0,0.400362
0.492,1.0,0.410077
0.45,1.0,0.430845
0.439,1.0,0.465835
0.333,1.0,0.506493
0.234,1.0,0.544904
0.091,0.778061,0.562202
0.024,0.936575,0.551016
0.0,0.954414,0.520835
0.0,0.339383,0.473805
0.0,0.39139,0.432523
0.0,0.381565,0.362231
0.0,0.339383,0.37307
0.0,0.165815,0.384617
0.0,0.13449,0.402823
0.0,0.183155,0.423231
0.0,0.272284,0.445217
0.0,0.522741,0.463846
0.0,0.464928,0.477583
0.009,0.326047,0.483001
0.091,0.288142,0.475644
0.203,0.264579,0.458412
0.351,0.510816,0.437172
0.466,0.945467,0.419674
0.393,0.540974,0.411386
0.349,1.0,0.428189
0.166,0.826011,0.45222
0.039,1.0,0.490241
0.035,0.867442,0.533722
0.04,1.0,0.567592
0.036,0.981596,0.582548
0.008,0.680612,0.568764
0.0,0.253295,0.530895
0.0,0.221377,0.486533
0.0,0.07896,0.441899
0.0,0.053388,0.370988
0.0,0.057424,0.379255
0.0,0.043559,0.390041
0.0,0.063115,0.407489
0.0,0.111619,0.428638
0.0,0.021433,0.451431
0.0,0.030292,0.472009
0.0,0.053388,0.485981
0.013,0.038075,0.489147
0.11,0.026012,0.477085
0.198,0.021433,0.457536
0.283,0.020036,0.435758
0.36,0.017426,0.417233
0.428,0.002178,0.407405
0.451,0.006038,0.421517
0.29,0.030292,0.441235
0.33,0.075601,0.475879
0.326,0.064594,0.519412
0.253,0.054712,0.555882
0.137,0.052086,0.575637
0.025,0.048307,0.57118
0.0,0.048307,0.539729
0.0,0.07896,0.493987
0.0,0.095313,0.447026
0.0,0.084184,0.374385
0.0,0.053388,0.3818
0.0,0.005737,0.392659
0.0,0.007007,0.410219
0.0,0.00463,0.430987
0.0,0.001372,0.451189
0.0,0.014496,0.470068
0.0,0.033072,0.483987
0.002,0.028528,0.488887
0.016,0.016811,0.482615
0.07,0.009245,0.466296
0.153,0.004892,0.44419
0.213,0.002178,0.425908
0.393,0.000876,0.414375
0.243,8.1e-5,0.423318
0.318,0.000202,0.448192
0.136,0.000963,0.496874
0.124,0.0,0.540943
0.144,0.0,0.572438
0.11,0.0,0.588247
0.02,1.0e-5,0.584226
0.0,8.1e-5,0.548643
0.0,0.000235,0.504513
0.0,6.5e-5,0.458183
0.0,0.000517,0.386914
0.0,0.000171,0.394576
0.0,0.011438,0.401513
0.0,0.003252,0.420923
0.0,0.000144,0.447919
0.0,2.9e-5,0.470024
0.0,1.0e-6,0.490827
0.0,0.000235,0.504753
0.014,0.001613,0.505735
0.103,0.001057,0.493455
0.23,0.0,0.471146
0.314,0.0,0.446098
0.448,0.0,0.424011
0.523,0.0,0.412479
0.553,0.0,0.415503
0.546,8.1e-5,0.435968
0.4,0.009659,0.487951
0.193,0.0,0.531228
0.151,0.0,0.5692
0.073,0.0,0.585677
0.014,0.0,0.581055
0.0,1.0e-5,0.545691
0.0,0.002862,0.495814
0.0,0.002338,0.450318
0.0,0.004377,0.379445
0.0,0.007707,0.388823
0.0,0.007352,0.398927
0.0,0.004892,0.415755
0.0,0.003053,0.438363
0.0,0.005163,0.460558
0.0,0.010523,0.479828
0.0,0.016811,0.491097
0.01,0.032127,0.493107
0.066,0.012906,0.483846
0.195,0.007707,0.463457
0.267,0.004892,0.441397
0.364,0.002178,0.421563
0.413,0.003675,0.412149
0.247,0.000202,0.428585
0.358,0.001057,0.447513
0.352,0.000794,0.484505
0.306,0.000171,0.524119
0.203,6.0e-6,0.565936
0.114,0.001613,0.581623
0.015,0.001372,0.580711
0.0,0.073957,0.544715
0.0,0.027672,0.497954
0.0,0.009245,0.452262
0.0,0.016811,0.379714
0.0,0.006351,0.389106
0.0,0.000459,0.403549
0.0,0.006351,0.419062
0.0,0.0039,0.439215
0.0,0.034036,0.459806
0.0,0.049546,0.479045
0.0,0.022156,0.493816
0.011,0.010974,0.498221
0.099,0.000517,0.485945
0.208,0.001057,0.466042
0.306,0.000235,0.442757
0.457,0.000794,0.420706
0.468,5.1e-5,0.411288
0.397,0.0,0.417487
0.47,0.0,0.438608
0.419,0.014496,0.479791
0.275,0.008453,0.524368
0.197,0.000717,0.561927
0.079,0.002338,0.579005
0.012,0.004134,0.576784
0.0,0.001882,0.54373
0.0,0.001882,0.501332
0.0,0.002679,0.452571
0.0,0.000645,0.37768
0.0,0.000313,0.385629
0.0,0.005163,0.399014
0.0,0.022894,0.417868
0.0,0.023649,0.434806
0.0,0.023649,0.455183
0.0,0.030292,0.473078
0.0,0.019361,0.489459
0.006,0.032127,0.492622
0.065,0.025208,0.482732
0.124,0.006351,0.465187
0.146,0.004134,0.445799
0.23,0.003675,0.425775
0.424,0.006674,0.412015
0.356,0.007707,0.418221
0.227,0.001372,0.440518
0.365,0.052086,0.478147
0.238,0.047089,0.521909
0.146,0.008074,0.55716
0.083,0.001613,0.575625
0.013,0.002505,0.578577
0.0,0.047089,0.538031
0.0,0.039133,0.483334
0.0,0.056057,0.439046
0.0,0.099229,0.367294
0.0,0.091501,0.37504
0.0,0.070742,0.388118
0.0,0.06917,0.404531
0.0,0.077268,0.426124
0.0,0.080677,0.449408
0.0,0.072338,0.473413
0.0,0.067622,0.488034
0.007,0.060225,0.491775
0.075,0.067622,0.482464
0.21,0.030292,0.463165
0.376,0.026834,0.437678
0.469,0.022894,0.417343
0.549,0.020036,0.406335
0.557,0.022894,0.411336
0.505,0.020727,0.432655
0.351,0.012906,0.469611
0.235,0.005737,0.512623
0.176,0.002679,0.548003
0.101,0.0039,0.572215
0.01,0.000717,0.574604
0.0,0.000171,0.544435
0.0,6.0e-6,0.495275
0.0,0.000358,0.450971
0.0,0.011914,0.37867
0.0,0.029401,0.386644
0.0,0.006674,0.395681
0.0,0.006038,0.417474
0.0,0.0039,0.440217
0.0,0.002026,0.465306
0.0,0.001489,0.486516
0.0,0.000963,0.499127
0.007,0.004134,0.499358
0.019,0.000313,0.487567
0.091,0.0,0.467525
0.05,0.0,0.450275
0.158,0.0,0.42788
0.208,0.0,0.416169
0.233,0.0,0.422986
0.246,0.0,0.442072
0.335,0.00012,0.479205
0.215,0.001613,0.529225
0.116,0.019361,0.56569
0.082,0.025208,0.584399
0.009,0.030292,0.577125
0.0,0.038075,0.546824
0.0,0.015053,0.504851
0.0,0.001489,0.468581
0.0,8.1e-5,0.396216
0.0,0.0,0.405968
0.0,0.0,0.41704
0.0,0.0,0.42798
0.0,0.0,0.45283
0.0,0.0,0.483019
0.0,0.0,0.503229
0.0,0.0,0.517508
0.006,0.0,0.522142
0.072,0.0,0.50951
0.172,0.0,0.484196
0.283,0.0,0.455642
0.457,0.0,0.43031
0.564,0.0,0.416922
0.543,0.0,0.42265
0.531,0.0,0.445179
0.462,0.0,0.483206
0.352,0.0,0.526748
0.231,0.0,0.563794
0.107,0.0,0.594445
0.01,0.0,0.574563
0.0,0.0,0.565577
0.0,0.00463,0.512649
0.0,0.019361,0.465597
0.0,0.011914,0.392335
0.0,0.007352,0.401062
0.0,0.049546,0.410998
0.0,0.017426,0.432941
0.0,0.005737,0.456973
0.0,0.012404,0.476159
0.0,0.013952,0.494326
0.0,0.006674,0.51076
0.007,0.006674,0.514716
0.095,0.001882,0.497899
0.238,0.001744,0.469306
0.375,3.9e-5,0.44008
0.487,2.9e-5,0.417936
0.559,0.000717,0.406307
0.585,0.002679,0.41072
0.493,0.001261,0.431973
0.283,0.001156,0.470771
0.242,0.010085,0.513214
0.18,0.006038,0.548662
0.091,0.007007,0.576799
0.008,0.021433,0.577098
0.0,0.038075,0.543444
0.0,0.066097,0.496863
0.0,0.109486,0.451881
0.0,0.132074,0.380406
0.0,0.082418,0.389381
0.0,0.095313,0.401436
0.0,0.037037,0.419938
0.0,0.010974,0.442839
0.0,0.038075,0.46359
0.0,0.080677,0.481223
0.0,0.082418,0.494273
0.005,0.018701,0.499888
0.088,0.003459,0.485577
0.209,0.007007,0.464305
0.243,0.006351,0.441457
0.198,0.002178,0.424747
0.221,0.002505,0.416807
0.187,0.008074,0.424176
0.322,0.008453,0.443261
0.28,0.009659,0.480487
0.209,0.0039,0.523102
0.109,0.001882,0.559937
0.073,0.002505,0.582366
0.006,0.015625,0.583327
0.0,0.038075,0.547909
0.0,0.025208,0.502186
0.0,0.026834,0.456143
0.0,0.019361,0.382566
0.0,0.010085,0.392555
0.0,0.009245,0.400731
0.0,0.002178,0.422833
0.0,0.000517,0.445343
0.0,0.005163,0.466778
0.0,0.008843,0.488081
0.0,0.009245,0.503145
0.005,0.004377,0.508853
0.083,0.0,0.494416
0.178,2.0e-6,0.474655
0.276,0.000272,0.450849
0.398,0.000645,0.426629
0.436,0.000235,0.414284
0.316,3.9e-5,0.425499
0.323,1.5e-5,0.446991
0.302,1.5e-5,0.484534
0.239,4.0e-6,0.527508
0.162,0.000579,0.565382
0.065,0.019361,0.586462
0.004,0.044716,0.58222
0.0,0.035017,0.551028
0.0,0.028528,0.506295
0.0,0.007352,0.46271
0.0,0.012906,0.388067
0.0,0.027672,0.397207
0.0,0.021433,0.409498
0.0,0.004892,0.4299
0.0,0.008453,0.451123
0.0,0.019361,0.472837
0.0,0.012906,0.494401
0.0,0.009659,0.51026
0.004,0.015625,0.51481
0.077,0.010523,0.500885
0.212,0.000876,0.476763
0.352,0.000406,0.450552
0.463,0.001261,0.427411
0.534,0.002338,0.414477
0.558,0.003675,0.418442
0.532,0.003053,0.438333
0.45,0.002862,0.475133
0.334,0.002679,0.51867
0.155,0.000963,0.564172
0.052,0.035017,0.585262
0.003,0.113779,0.57887
0.0,0.13941,0.543768
0.0,0.132074,0.497191
0.0,0.107381,0.452208
0.0,0.129687,0.37881
0.0,0.115967,0.382416
0.0,0.129687,0.392265
0.0,0.072338,0.408874
0.0,0.053388,0.428025
0.0,0.063115,0.450343
0.0,0.056057,0.468591
0.0,0.052086,0.485564
0.0,0.050805,0.491099
0.012,0.063115,0.485939
0.028,0.058813,0.470516
0.12,0.084184,0.448516
0.243,0.022894,0.427076
0.343,0.030292,0.415768
0.241,0.019361,0.42311
0.326,0.018056,0.438499
0.22,0.002026,0.475955
0.117,0.021433,0.525889
0.091,0.006351,0.561449
0.021,0.006038,0.578694
0.001,0.008453,0.571012
0.0,9.9e-5,0.546185
0.0,0.0,0.504469
0.0,0.000459,0.454792
0.0,0.001156,0.377618
0.0,0.000517,0.382651
0.0,0.019361,0.395522
0.0,0.010085,0.412788
0.0,0.002338,0.4387
0.0,0.007707,0.458667
0.0,0.019361,0.476662
0.0,0.027672,0.489571
0.002,0.049546,0.493906
0.058,0.075601,0.482557
0.108,0.064594,0.463005
0.11,0.080677,0.444716
0.326,0.039133,0.419435
0.379,0.038075,0.406546
0.35,0.049546,0.407504
0.407,0.050805,0.427327
0.408,0.080677,0.460591
0.295,0.109486,0.502851
0.136,0.067622,0.540679
0.043,0.085975,0.567454
0.001,0.063115,0.561578
0.0,0.008453,0.52973
0.0,0.003252,0.485079
0.0,0.013952,0.448178
0.0,0.017426,0.374963
0.0,0.034036,0.382881
0.0,0.043559,0.393742
0.0,0.077268,0.408314
0.0,0.003459,0.431294
0.0,0.005163,0.456093
0.0,0.008453,0.47698
0.0,0.011914,0.490514
0.001,0.006038,0.494856
0.023,0.000406,0.488418
0.06,0.000272,0.473508
0.087,0.002505,0.455429
0.097,0.002338,0.44047
0.094,0.022894,0.435604
0.155,0.002679,0.447852
0.112,0.0039,0.475368
0.139,4.0e-6,0.513372
0.073,3.9e-5,0.559612
0.16,9.9e-5,0.595108
0.05,0.000459,0.620092
0.002,0.012906,0.614447
0.0,0.020727,0.578459
0.0,0.02442,0.528144
0.0,0.043559,0.479672
0.0,0.033072,0.402764
0.0,0.053388,0.410247
0.0,0.089633,0.418361
0.0,0.095313,0.434963
0.0,0.099229,0.456442
0.0,0.085975,0.478992
0.0,0.118183,0.499638
0.0,0.129687,0.515057
0.001,0.141914,0.519017
0.059,0.183155,0.507997
0.156,0.214669,0.486518
0.216,0.13449,0.46272
0.175,0.136935,0.444697
0.214,0.228224,0.434752
0.144,0.362411,0.437894
0.347,0.652355,0.460031
0.191,0.411544,0.49998
0.094,0.565939,0.547169
0.024,0.624891,0.586399
0.006,0.618148,0.601171
0.0,0.709673,0.589999
0.0,0.73955,0.552102
0.0,0.747149,0.502249
0.0,0.73955,0.453922
0.0,0.850707,0.379769
0.0,1.0,0.388282
0.0,1.0,0.400319
0.0,1.0,0.414083
0.0,1.0,0.432367
0.0,1.0,0.451431
0.0,1.0,0.469107
0.0,1.0,0.481794
0.0,0.7625,0.487932
0.011,0.702332,0.484663
0.063,0.652355,0.471044
0.259,0.732004,0.451272
0.262,0.834189,0.43644
0.297,0.687801,0.429395
0.326,0.559627,0.436986
0.293,0.604807,0.46208
0.208,0.659344,0.504175
0.216,0.778061,0.55032
0.069,0.367138,0.591294
0.024,0.540974,0.607738
0.0,0.487512,0.594144
0.0,0.49327,0.555979
0.0,0.276193,0.510935
0.0,0.300431,0.46353
0.0,0.253295,0.386343
0.0,0.198495,0.395488
0.0,0.163036,0.408767
0.0,0.154886,0.428186
0.0,0.157572,0.449916
0.0,0.201663,0.47625
0.0,0.136935,0.497396
0.0,0.089633,0.513389
0.001,0.085975,0.517954
0.041,0.147012,0.508142
0.148,0.111619,0.488417
0.259,0.183155,0.466851
0.344,0.231699,0.448667
0.408,0.416688,0.440324
0.423,0.367138,0.449268
0.324,0.376715,0.476283
0.27,0.339383,0.517626
0.215,0.25702,0.565687
0.146,0.211367,0.606152
0.043,0.113779,0.625289
0.0,0.06917,0.615075
0.0,0.058813,0.573407
0.0,0.026012,0.522278
0.0,0.053388,0.472628
0.0,0.054712,0.394437
0.0,0.120427,0.402249
0.0,0.099229,0.414706
0.0,0.141914,0.430091
0.0,0.201663,0.451357
0.0,0.218006,0.474845
0.0,0.198495,0.497774
0.0,0.201663,0.510639
0.0,0.127329,0.514538
0.041,0.115967,0.510404
0.126,0.211367,0.491818
0.225,0.268413,0.470114
0.258,0.801797,0.451811
0.253,0.972479,0.444547
0.306,0.826011,0.454729
0.221,0.972479,0.480842
0.17,0.867442,0.523901
0.111,0.585158,0.571809
0.064,0.376715,0.610384
0.015,0.516755,0.624148
0.0,0.572297,0.608629
0.0,0.260781,0.568092
0.0,0.317352,0.517446
0.0,0.487512,0.47061
0.0,0.510816,0.394713
0.0,0.572297,0.405042
0.0,0.464928,0.417584
0.0,1.0,0.433617
0.0,0.702332,0.45449
0.0,1.0,0.474596
0.0,1.0,0.489537
0.0,1.0,0.50153
0.0,1.0,0.504692
0.003,1.0,0.498754
0.01,1.0,0.482909
0.023,1.0,0.471609
0.36,1.0,0.456126
0.266,1.0,0.45221
0.389,1.0,0.459648
0.347,1.0,0.487269
0.275,1.0,0.528891
0.23,0.817886,0.577247
0.133,0.724509,0.618494
0.038,0.591659,0.639535
0.0,0.427105,0.625171
0.0,0.276193,0.58714
0.0,0.288142,0.534777
0.0,0.268413,0.483347
0.0,0.231699,0.403888
0.0,0.23521,0.410373
0.0,0.25702,0.423075
0.0,0.343908,0.439864
0.0,0.276193,0.466687
0.0,0.276193,0.491521
0.0,0.296296,0.510235
0.0,0.604807,0.521537
0.0,0.565939,0.53259
0.039,0.695041,0.524482
0.089,0.470508,0.509203
0.214,0.528772,0.484465
0.325,1.0,0.465099
0.364,0.680612,0.457645
0.359,0.296296,0.465763
0.364,0.53485,0.488818
0.294,0.528772,0.529904
0.204,0.339383,0.579083
0.135,0.386457,0.619692
0.035,0.214669,0.643167
0.0,0.149606,0.62872
0.0,0.103251,0.59119
0.0,0.160289,0.54109
0.0,0.168626,0.486088
0.0,0.201663,0.404188
0.0,0.099229,0.414726
0.0,0.075601,0.427039
0.0,0.122699,0.443985
0.0,0.085975,0.468188
0.0,0.132074,0.490724
0.0,0.443053,0.509396
0.0,0.470508,0.523212
0.0,0.499073,0.529154
0.009,0.585158,0.523616
0.028,0.673473,0.508973
0.034,0.834189,0.487213
0.058,0.754798,0.465998
0.052,0.645415,0.456232
0.045,0.604807,0.463736
0.042,0.680612,0.491603
0.056,0.963418,0.528899
0.098,0.585158,0.574347
0.057,0.437694,0.614663
0.006,0.432378,0.634885
0.0,0.208098,0.6191
0.0,0.186157,0.580766
0.0,0.32168,0.530303
0.0,0.157572,0.47989
0.0,0.060225,0.400985
0.0,0.070742,0.412999
0.0,0.115967,0.426832
0.0,0.157572,0.443225
0.0,0.168626,0.463415
0.0,0.101227,0.486319
0.0,0.070742,0.50729
0.0,0.091501,0.522965
0.0,0.089633,0.52826
0.027,0.044716,0.521446
0.091,0.005445,0.50248
0.199,0.001489,0.480926
0.317,0.001156,0.46222
0.355,0.008843,0.453642
0.278,0.004892,0.468724
0.202,0.000272,0.4944
0.212,0.000645,0.537979
0.156,0.000963,0.584959
0.096,0.0,0.626758
0.029,0.0,0.658464
0.0,0.000794,0.644429
0.0,0.002178,0.604448
0.0,0.0,0.553842
0.0,0.0,0.501191
0.0,0.0,0.419802
0.0,0.0,0.424537
0.0,0.000144,0.434509
0.0,0.000876,0.452846
0.0,0.001744,0.47463
0.0,0.002862,0.499277
0.0,0.002862,0.520168
0.0,0.004892,0.536214
0.0,0.008453,0.543593
0.031,0.009245,0.532765
0.091,0.004892,0.512856
0.164,0.001057,0.487291
0.243,0.000963,0.466021
0.27,0.000794,0.454488
0.292,0.045892,0.472564
0.043,0.053388,0.499702
0.055,0.201663,0.541709
0.017,0.221377,0.591228
0.011,0.13449,0.631095
0.002,0.035017,0.644524
0.0,0.026834,0.630063
0.0,0.045892,0.589569
0.0,0.058813,0.536999
0.0,0.073957,0.486551
0.0,0.06917,0.408559
0.0,0.066097,0.416137
0.0,0.127329,0.427434
0.0,0.111619,0.444395
0.0,0.06917,0.465211
0.0,0.047089,0.487603
0.0,0.047089,0.506748
0.0,0.049546,0.521127
0.0,0.047089,0.527056
0.03,0.060225,0.520236
0.124,0.099229,0.501251
0.155,0.313064,0.48031
0.157,0.421875,0.462182
0.181,0.253295,0.453003
0.094,0.49327,0.463392
0.12,0.39139,0.488124
0.149,0.326047,0.528459
0.14,0.249606,0.575329
0.049,0.272284,0.61575
0.01,0.313064,0.632053
0.0,0.2922,0.617123
0.0,0.386457,0.576745
0.0,0.343908,0.526003
0.0,0.2922,0.479022
0.0,0.487512,0.39771
0.0,0.578704,0.406103
0.0,0.638525,0.41869
0.0,0.673473,0.438618
0.0,0.695041,0.460318
0.0,0.850707,0.481263
0.0,0.91896,0.503925
0.0,0.826011,0.520171
0.0,0.834189,0.524126
0.022,0.770255,0.516675
0.066,0.618148,0.499022
0.121,0.396365,0.479365
0.196,0.386457,0.46007
0.325,1.0,0.446821
0.385,0.709673,0.463049
0.121,0.559627,0.489011
0.133,0.963418,0.530099
0.114,0.673473,0.578601
0.058,0.747149,0.617665
0.016,0.717066,0.634021
0.0,0.936575,0.616678
0.0,0.972479,0.578542
0.0,0.875891,0.524289
0.0,0.972479,0.474448
0.0,1.0,0.398437
0.0,1.0,0.407364
0.0,1.0,0.419458
0.0,0.954414,0.434439
0.0,0.910236,0.459432
0.0,0.585158,0.487632
0.0,0.453903,0.509303
0.0,0.437694,0.525058
0.0,0.284121,0.530374
0.02,0.231699,0.524811
0.088,0.144448,0.508202
0.206,0.198495,0.485762
0.248,0.353079,0.468625
0.263,0.339383,0.461092
0.404,0.401383,0.469858
0.297,0.427105,0.495577
0.295,0.348473,0.535851
0.145,0.189192,0.585616
0.068,0.115967,0.625141
0.019,0.165815,0.645741
0.0,0.103251,0.634442
0.0,0.072338,0.597375
0.0,0.091501,0.546805
0.0,0.118183,0.498482
0.0,0.127329,0.416504
0.0,0.099229,0.427874
0.0,0.103251,0.440577
0.0,0.107381,0.461402
0.0,0.113779,0.483597
0.0,0.125,0.505652
0.0,0.07896,0.527446
0.0,0.073957,0.541757
0.0,0.07896,0.544597
0.03,0.089633,0.533657
0.149,0.107381,0.505952
0.271,0.218006,0.475553
0.34,0.093394,0.453954
0.388,0.317352,0.441904
0.337,0.371906,0.449104
0.177,0.280138,0.477433
0.27,0.245954,0.513394
0.14,0.304603,0.561927
0.065,0.284121,0.603917
0.019,0.224783,0.628149
0.0,0.19226,0.617308
0.0,0.171468,0.578406
0.0,0.19226,0.527532
0.0,0.218006,0.478607
0.0,0.272284,0.401919
0.0,0.245954,0.411969
0.0,0.189192,0.422047
0.0,0.211367,0.441032
0.0,0.242337,0.462276
0.0,0.242337,0.483913
0.0,0.214669,0.506719
0.0,0.19226,0.523069
0.0,0.186157,0.529694
0.03,0.186157,0.521499
0.14,0.147012,0.499175
0.254,0.077268,0.474526
0.363,0.195361,0.450533
0.365,0.149606,0.438504
0.393,0.195361,0.44684
0.291,0.13449,0.4725
0.261,0.111619,0.51286
0.177,0.036018,0.562113
0.098,0.006674,0.603337
0.014,0.001261,0.632523
0.0,2.0e-6,0.626391
0.0,1.0e-5,0.598111
0.0,0.0,0.534586
0.0,0.0,0.498532
0.0,0.0,0.422188
0.0,1.5e-5,0.425301
0.0,0.000517,0.436847
0.0,0.007007,0.455305
0.0,0.009659,0.47722
0.0,0.009245,0.50204
0.0,0.041307,0.522404
0.0,0.070742,0.537887
0.0,0.087791,0.544
0.029,0.109486,0.534336
0.144,0.109486,0.509068
0.271,0.033072,0.480315
0.374,0.022156,0.454895
0.439,0.023649,0.440999
0.459,0.058813,0.440907
0.433,0.058813,0.461746
0.361,0.034036,0.499103
0.252,0.066097,0.545639
0.124,0.147012,0.590649
0.018,0.218006,0.617146
0.0,0.260781,0.609832
0.0,0.296296,0.572933
0.0,0.296296,0.523931
0.0,0.238755,0.476595
0.0,0.224783,0.401269
0.0,0.165815,0.411324
0.0,0.189192,0.422992
0.0,0.141914,0.439778
0.0,0.163036,0.458605
0.0,0.154886,0.480679
0.0,0.180185,0.500791
0.0,0.296296,0.515664
0.0,0.253295,0.517535
0.022,0.103251,0.511416
0.132,0.049546,0.489272
0.253,0.022894,0.463027
0.348,0.019361,0.439923
0.404,0.020036,0.427987
0.442,0.045892,0.428219
0.416,0.077268,0.449596
0.342,0.111619,0.488
0.229,0.245954,0.535839
0.111,0.296296,0.580257
0.015,0.411544,0.60244
0.0,0.421875,0.593914
0.0,0.396365,0.559577
0.0,0.339383,0.513164
0.0,0.284121,0.468724
0.0,0.224783,0.395207
0.0,0.13941,0.405681
0.0,0.141914,0.42045
0.0,0.201663,0.439968
0.0,0.201663,0.464729
0.0,0.186157,0.490829
0.0,0.163036,0.514605
0.0,0.189192,0.533204
0.0,0.163036,0.541968
0.024,0.103251,0.536283
0.13,0.073957,0.514763
0.255,0.056057,0.490735
0.352,0.149606,0.470364
0.402,0.107381,0.460386
0.377,0.042423,0.470969
0.202,0.023649,0.499307
0.258,0.035017,0.541256
0.166,0.007707,0.59155
0.089,0.000876,0.637993
0.009,0.0,0.66401
0.0,0.0,0.64831
0.0,0.0,0.612704
0.0,0.0,0.553248
0.0,0.0,0.515611
0.0,0.0,0.423485
0.0,0.0,0.442505
0.0,0.0,0.453452
0.0,0.0,0.468031
0.0,0.006351,0.485783
0.0,0.018701,0.506043
0.0,0.015625,0.525265
0.0,0.019361,0.538831
0.0,0.038075,0.544962
0.012,0.042423,0.537908
0.086,0.029401,0.518923
0.214,0.007352,0.492205
0.322,0.002178,0.466276
0.37,0.0,0.454533
0.406,0.0,0.4644
0.332,0.0,0.48653
0.293,0.0,0.527385
0.206,0.0,0.574925
0.085,8.1e-5,0.620326
0.011,0.002026,0.656005
0.0,0.003252,0.641321
0.0,0.006674,0.597079
0.0,0.010974,0.543165
0.0,0.014496,0.493407
0.0,0.013952,0.413247
0.0,0.013423,0.423566
0.0,0.003675,0.436691
0.0,0.003053,0.456878
0.0,0.002862,0.480671
0.0,0.001882,0.504435
0.0,0.002338,0.526848
0.0,0.004134,0.542469
0.0,0.016811,0.545925
0.014,0.072338,0.539526
0.096,0.109486,0.519167
0.22,0.072338,0.49177
0.303,0.052086,0.466424
0.379,0.042423,0.452237
0.397,0.054712,0.454676
0.364,0.087791,0.478833
0.316,0.073957,0.519028
0.212,0.097258,0.568139
0.054,0.163036,0.611497
0.006,0.186157,0.630313
0.0,0.313064,0.618725
0.0,0.304603,0.579769
0.0,0.317352,0.528113
0.0,0.334898,0.481051
0.0,0.348473,0.402379
0.0,0.348473,0.41142
0.0,0.288142,0.418665
0.0,0.348473,0.437575
0.0,0.416688,0.461075
0.0,0.510816,0.487047
0.0,0.49327,0.510707
0.0,0.481799,0.527897
0.0,0.801797,0.534605
0.009,0.7625,0.537084
0.085,0.572297,0.522682
0.24,0.817886,0.502747
0.275,1.0,0.486241
0.247,1.0,0.480856
0.046,1.0,0.491234
0.057,1.0,0.522713
0.111,0.875891,0.565233
0.06,0.565939,0.620774
0.004,1.0,0.663455
0.0,1.0,0.677574
0.0,1.0,0.659906
0.0,1.0,0.614429
0.0,0.972479,0.557553
0.0,0.401383,0.50455
0.0,0.317352,0.426777
0.0,0.163036,0.432536
0.0,0.152231,0.44815
0.0,0.186157,0.469968
0.0,0.228224,0.494395
0.0,0.231699,0.518824
0.0,0.367138,0.541851
0.0,0.357724,0.550449
0.0,0.343908,0.5526
0.003,0.516755,0.543415
0.012,0.510816,0.524222
0.061,0.553363,0.499123
0.075,0.817886,0.478404
0.176,0.510816,0.472521
0.327,0.53485,0.482124
0.288,0.2922,0.505871
0.227,0.177247,0.552646
0.169,0.330452,0.603989
0.077,0.528772,0.648071
0.006,0.565939,0.6686
0.0,0.591659,0.654447
0.0,0.624891,0.615477
0.0,0.565939,0.562704
0.0,0.645415,0.51238
0.0,0.754798,0.430154
0.0,0.972479,0.439755
0.0,1.0,0.453923
0.0,1.0,0.473673
0.0,1.0,0.498283
0.0,1.0,0.527348
0.0,1.0,0.550075
0.0,0.659344,0.565683
0.0,0.747149,0.566599
0.005,0.572297,0.560672
0.032,0.73955,0.546988
0.083,0.326047,0.524277
0.184,0.304603,0.504603
0.286,0.264579,0.494083
0.283,0.357724,0.506594
0.187,0.487512,0.537005
0.178,0.453903,0.585738
0.114,0.540974,0.640026
0.039,0.464928,0.684804
0.002,0.401383,0.700247
0.0,0.326047,0.683663
0.0,0.224783,0.639704
0.0,0.198495,0.583348
0.0,0.25702,0.52662
0.0,0.313064,0.437801
0.0,0.313064,0.445386
0.0,0.163036,0.460844
0.0,0.272284,0.477388
0.0,0.288142,0.49914
0.0,0.348473,0.523166
0.0,0.284121,0.546385
0.0,0.304603,0.563938
0.0,0.313064,0.564126
0.004,0.313064,0.557536
0.058,0.317352,0.53927
0.159,0.204864,0.514879
0.217,0.504922,0.496113
0.267,0.516755,0.487537
0.336,0.313064,0.496178
0.234,0.231699,0.525334
0.205,0.077268,0.568052
0.114,0.019361,0.619216
0.06,0.003053,0.666826
0.003,0.000358,0.692938
0.0,0.038075,0.667401
0.0,0.035017,0.624509
0.0,0.050805,0.568825
0.0,0.063115,0.51475
0.0,0.066097,0.42999
0.0,0.06917,0.438505
0.0,0.141914,0.449839
0.0,0.129687,0.466523
0.0,0.118183,0.487764
0.0,0.101227,0.510601
0.0,0.152231,0.530631
0.0,0.186157,0.545001
0.0,0.177247,0.549133
0.003,0.125,0.544049
0.028,0.103251,0.528119
0.081,0.228224,0.506027
0.036,0.168626,0.491284
0.042,0.245954,0.481531
0.095,0.308814,0.479366
0.156,0.421875,0.504235
0.031,0.317352,0.554523
0.023,0.376715,0.604491
0.013,0.510816,0.641975
0.001,0.499073,0.656451
0.0,0.604807,0.642632
0.0,0.695041,0.602924
0.0,0.680612,0.549191
0.0,0.578704,0.496983
0.0,0.522741,0.415653
0.0,0.406442,0.424432
0.0,0.32168,0.437596
0.0,0.39139,0.452617
0.0,0.371906,0.477498
0.0,0.304603,0.501768
0.0,0.901567,0.517403
0.0,0.702332,0.537596
0.0,0.687801,0.547214
0.009,0.7625,0.543527
0.064,0.801797,0.524915
0.146,0.464928,0.50162
0.045,0.540974,0.486393
0.055,0.396365,0.479173
0.141,0.25702,0.488913
0.186,0.242337,0.514319
0.151,0.120427,0.560426
0.137,0.072338,0.614865
0.043,0.021433,0.661415
0.002,0.008074,0.683201
0.0,0.008074,0.670402
0.0,0.0039,0.624972
0.0,0.003252,0.577798
0.0,0.009245,0.527381
0.0,0.019361,0.442681
0.0,0.028528,0.44925
0.0,0.043559,0.459757
0.0,0.031201,0.473294
0.0,0.039133,0.494847
0.0,0.047089,0.517374
0.0,0.04021,0.538349
0.0,0.031201,0.553625
0.0,0.022894,0.55923
0.004,0.021433,0.554745
0.041,0.027672,0.535152
0.082,0.118183,0.512134
0.12,0.053388,0.491532
0.27,0.064594,0.479262
0.256,0.053388,0.487739
0.219,0.054712,0.515748
0.141,0.030292,0.564896
0.079,0.017426,0.620543
0.032,0.013952,0.669175
0.001,0.010974,0.68944
0.0,0.017426,0.676503
0.0,0.019361,0.633025
0.0,0.013423,0.578726
0.0,0.025208,0.521122
0.0,0.026012,0.435817
0.0,0.047089,0.444999
0.0,0.073957,0.457642
0.0,0.157572,0.477575
0.0,0.120427,0.503655
0.0,0.19226,0.531139
0.0,0.189192,0.555389
0.0,0.211367,0.571148
0.0,0.208098,0.579036
0.007,0.238755,0.570894
0.081,0.249606,0.550867
0.154,0.099229,0.526634
0.259,0.201663,0.504922
0.335,0.264579,0.496196
0.303,0.23521,0.508175
0.24,0.163036,0.537358
0.193,0.149606,0.583989
0.11,0.072338,0.640556
0.052,0.022156,0.690519
0.001,0.058813,0.712152
0.0,0.067622,0.692756
0.0,0.023649,0.654532
0.0,0.042423,0.592559
0.0,0.057424,0.532329
0.0,0.075601,0.445176
0.0,0.152231,0.457871
0.0,0.129687,0.473176
0.0,0.204864,0.49136
0.0,0.253295,0.510028
0.0,0.401383,0.539133
0.0,0.381565,0.56576
0.0,0.421875,0.576932
0.0,0.510816,0.58066
0.003,0.49327,0.575982
0.052,0.487512,0.559883
0.142,0.826011,0.534662
0.161,1.0,0.515219
0.107,0.572297,0.508227
0.081,0.432378,0.519166
0.077,0.565939,0.545601
0.019,0.604807,0.591472
0.023,0.709673,0.640737
0.007,0.901567,0.67714
0.0,1.0,0.692409
0.0,1.0,0.670954
0.0,1.0,0.623884
0.0,1.0,0.566829
0.0,1.0,0.512944
0.0,1.0,0.428406
0.0,1.0,0.43689
0.0,1.0,0.451006
0.0,1.0,0.468903
0.0,1.0,0.492113
0.0,1.0,0.518414
0.0,1.0,0.546914
0.0,1.0,0.568733
0.0,1.0,0.580149
0.005,1.0,0.57688
0.029,0.981596,0.558704
0.122,0.892953,0.538773
0.224,1.0,0.519829
0.253,1.0,0.512144
0.252,0.376715,0.534072
0.166,0.659344,0.561349
0.177,0.565939,0.607089
0.165,0.334898,0.664942
0.049,0.208098,0.71143
0.001,0.268413,0.730092
0.0,0.201663,0.711939
0.0,0.180185,0.666152
0.0,0.180185,0.608173
0.0,0.085975,0.551012
0.0,0.141914,0.461867
0.0,0.180185,0.473806
0.0,0.147012,0.490173
0.0,0.141914,0.509624
0.0,0.147012,0.532243
0.0,0.099229,0.557862
0.0,0.085975,0.579153
0.0,0.101227,0.594883
0.0,0.115967,0.600197
0.002,0.093394,0.593936
0.047,0.049546,0.575995
0.127,0.010085,0.551495
0.166,0.008453,0.530218
0.234,0.014496,0.520494
0.221,0.031201,0.532321
0.127,0.009245,0.565615
0.092,0.002679,0.615408
0.094,0.001057,0.66999
0.031,0.004377,0.71939
0.0,0.000963,0.739118
0.0,0.000202,0.727577
0.0,1.0e-5,0.683966
0.0,0.0,0.620753
0.0,6.5e-5,0.565029
0.0,0.0,0.468629
0.0,0.000171,0.478471
0.0,0.002505,0.492675
0.0,0.002505,0.515828
0.0,4.0e-6,0.542502
0.0,0.001882,0.567956
0.0,0.015625,0.587603
0.0,0.028528,0.60357
0.0,0.057424,0.613246
0.004,0.072338,0.607568
0.068,0.125,0.582386
0.148,0.144448,0.55499
0.16,0.149606,0.532944
0.185,0.224783,0.523807
0.074,0.284121,0.536352
0.044,0.242337,0.564417
0.061,0.189192,0.611887
0.052,0.168626,0.665348
0.013,0.154886,0.707587
0.0,0.183155,0.721783
0.0,0.238755,0.702979
0.0,0.195361,0.655379
0.0,0.147012,0.594742
0.0,0.125,0.538204
0.0,0.147012,0.451135
0.0,0.13449,0.46007
0.0,0.152231,0.477206
0.0,0.154886,0.496745
0.0,0.13941,0.521905
0.0,0.115967,0.547026
0.0,0.084184,0.571292
0.0,0.057424,0.586085
0.0,0.060225,0.595597
0.003,0.06917,0.593628
0.056,0.099229,0.575673
0.149,0.057424,0.547813
0.161,0.04021,0.527268
0.103,0.109486,0.518201
0.161,0.186157,0.522209
0.172,0.080677,0.549452
0.149,0.034036,0.597875
0.118,0.043559,0.65577
0.04,0.041307,0.710342
0.0,0.070742,0.730777
0.0,0.101227,0.714329
0.0,0.118183,0.668396
0.0,0.204864,0.605113
0.0,0.339383,0.546263
0.0,0.208098,0.458417
0.0,0.183155,0.469191
0.0,0.231699,0.484866
0.0,0.189192,0.509551
0.0,0.204864,0.537218
0.0,0.218006,0.565731
0.0,0.157572,0.591476
0.0,0.127329,0.606837
0.0,0.053388,0.612263
0.002,0.013423,0.599477
0.06,0.008074,0.578589
0.152,0.002338,0.54658
0.152,0.003675,0.523468
0.142,0.013952,0.514445
0.209,0.008843,0.52618
0.165,0.007352,0.551572
0.105,0.031201,0.601679
0.069,0.042423,0.659929
0.031,0.056057,0.712217
0.0,0.014496,0.736257
0.0,0.001156,0.724868
0.0,0.0,0.685521
0.0,0.0,0.629502
0.0,0.0,0.569659
0.0,0.0,0.474632
0.0,0.000717,0.488569
0.0,9.9e-5,0.508915
0.0,0.000202,0.533968
0.0,4.0e-6,0.553893
0.0,0.0,0.579887
0.0,0.001057,0.598598
0.0,0.002679,0.614868
0.0,0.002679,0.623257
0.002,0.008453,0.612486
0.053,0.008453,0.589851
0.131,0.000406,0.562784
0.16,2.9e-5,0.541091
0.157,4.0e-6,0.529253
0.189,2.0e-6,0.536043
0.194,2.0e-6,0.5606
0.18,8.1e-5,0.608486
0.108,0.001489,0.666541
0.031,0.004892,0.721904
0.0,0.019361,0.746194
0.0,0.031201,0.732848
0.0,0.025208,0.689765
0.0,0.037037,0.62822
0.0,0.041307,0.570502
0.0,0.026834,0.470289
0.0,0.041307,0.478464
0.0,0.030292,0.491496
0.0,0.030292,0.512828
0.0,0.034036,0.539401
0.0,0.044716,0.564695
0.0,0.050805,0.591807
0.0,0.052086,0.607883
0.0,0.063115,0.615485
0.001,0.04021,0.610504
0.017,0.105303,0.593483
0.137,0.084184,0.566266
0.136,0.084184,0.543794
0.115,0.208098,0.529969
0.311,0.144448,0.525596
0.246,0.218006,0.550224
0.063,0.348473,0.6025
0.006,0.343908,0.663322
0.004,0.443053,0.70629
0.0,0.362411,0.724897
0.0,0.421875,0.706873
0.0,0.702332,0.65818
0.0,0.208098,0.602453
0.0,0.080677,0.549203
0.0,0.036018,0.460845
0.0,0.016811,0.472258
0.0,0.013952,0.48922
0.0,0.031201,0.510469
0.0,0.038075,0.536301
0.0,0.036018,0.564129
0.0,0.115967,0.59123
0.0,0.06917,0.612321
0.0,0.042423,0.621427
0.001,0.063115,0.620712
0.057,0.049546,0.601321
0.156,0.082418,0.571776
0.23,0.099229,0.551736
0.289,0.063115,0.541661
0.262,0.084184,0.554595
0.255,0.080677,0.586443
0.194,0.075601,0.641833
0.1,0.003053,0.709466
0.029,0.064594,0.760685
0.0,0.030292,0.779632
0.0,0.06917,0.763746
0.0,0.077268,0.714591
0.0,0.028528,0.651554
0.0,0.020036,0.59096
0.0,0.010523,0.493494
0.0,0.016211,0.500973
0.0,0.038075,0.515255
0.0,0.047089,0.536315
0.0,0.038075,0.563365
0.0,0.007707,0.595872
0.0,0.015625,0.624314
0.0,0.041307,0.639863
0.0,0.06917,0.642695
0.001,0.064594,0.636023
0.055,0.026012,0.613411
0.161,0.007707,0.581377
0.254,0.002178,0.55576
0.298,0.006674,0.544972
0.286,6.0e-6,0.553347
0.256,0.0,0.584424
0.191,0.0,0.635863
0.105,0.0,0.698873
0.029,0.0,0.767032
0.0,0.0,0.787929
0.0,0.0,0.761316
0.0,0.0,0.713964
0.0,0.0,0.652481
0.0,0.0,0.608012
0.0,6.0e-6,0.510551
0.0,9.9e-5,0.525844
0.0,0.0,0.546791
0.0,0.0,0.570338
0.0,0.0,0.59189
0.0,9.9e-5,0.621056
0.0,0.000963,0.648452
0.0,0.002505,0.666126
0.0,0.001489,0.669211
0.0,0.000517,0.661565
0.033,0.000313,0.638983
0.103,0.0,0.608756
0.146,0.0,0.582248
0.258,0.0,0.563267
0.32,0.0,0.56667
0.29,0.0,0.595701
0.229,0.0,0.647347
0.135,0.000313,0.71223
0.033,0.008453,0.780455
0.0,0.006351,0.808895
0.0,0.003252,0.799355
0.0,0.003053,0.751993
0.0,0.0,0.685589
0.0,0.0,0.621092
0.0,0.0,0.511842
0.0,0.0,0.518512
0.0,0.0,0.54283
0.0,0.0,0.568083
0.0,0.0,0.592748
0.0,1.0e-5,0.616528
0.0,0.000144,0.636668
0.0,0.0,0.651097
0.0,9.9e-5,0.656954
0.0,0.001372,0.648689
0.013,0.002862,0.627125
0.042,0.001613,0.600016
0.105,0.000171,0.573757
0.157,9.9e-5,0.561392
0.141,0.0,0.57673
0.121,2.9e-5,0.604211
0.053,2.9e-5,0.655057
0.064,0.000313,0.712323
0.016,0.000794,0.763785
0.0,0.000235,0.781009
0.0,0.000171,0.762474
0.0,0.000406,0.712585
0.0,0.000517,0.648242
0.0,0.0,0.586617
0.0,0.0,0.492644
0.0,0.0,0.50298
0.0,0.0,0.526272
0.0,0.0,0.543431
0.0,0.0,0.567585
0.0,0.0,0.594905
0.0,0.000358,0.621926
0.0,0.003675,0.645411
0.0,0.004134,0.654158
0.0,0.0039,0.648832
0.026,0.011438,0.627958
0.058,0.018701,0.602862
0.089,0.036018,0.577818
0.165,0.039133,0.56013
0.225,0.052086,0.559407
0.191,0.075601,0.583752
0.067,0.06917,0.637454
0.012,0.157572,0.699006
0.005,0.208098,0.747845
0.0,0.284121,0.765619
0.0,0.249606,0.745695
0.0,0.253295,0.695246
0.0,0.276193,0.632468
0.0,0.214669,0.572343
0.0,0.039133,0.478418
0.0,0.013423,0.488474
0.0,0.007707,0.503575
0.0,0.012906,0.523558
0.0,0.061659,0.548734
0.0,0.13941,0.575146
0.0,0.396365,0.599924
0.0,0.362411,0.616946
0.0,0.406442,0.620973
0.0,0.330452,0.613025
0.007,0.288142,0.597337
0.026,0.464928,0.574665
0.024,0.859047,0.555165
0.066,1.0,0.543678
0.239,1.0,0.554014
0.181,1.0,0.590088
0.131,1.0,0.642804
0.073,0.666384,0.704009
0.023,0.73955,0.755865
0.0,0.604807,0.776562
0.0,0.559627,0.756363
0.0,0.427105,0.709371
0.0,0.396365,0.643804
0.0,0.401383,0.582601
0.0,0.381565,0.490409
0.0,0.280138,0.501289
0.0,0.304603,0.517975
0.0,0.186157,0.540405
0.0,0.163036,0.565718
0.0,0.154886,0.59432
0.0,0.154886,0.617758
0.0,0.103251,0.636756
0.0,0.105303,0.641718
0.0,0.129687,0.63357
0.007,0.125,0.618791
0.023,0.13941,0.598139
0.028,0.105303,0.578563
0.073,0.048307,0.566745
0.188,0.011914,0.57415
0.068,0.015625,0.605697
0.113,0.122699,0.658981
0.062,0.099229,0.719111
0.016,0.060225,0.771967
0.0,0.045892,0.79579
0.0,0.035017,0.782259
0.0,0.026834,0.732746
0.0,0.017426,0.667342
0.0,0.013952,0.605277
0.0,0.013952,0.505331
0.0,0.011914,0.517097
0.0,0.008074,0.533052
0.0,0.013423,0.556087
0.0,0.027672,0.581477
0.0,0.030292,0.605335
0.0,0.032127,0.629946
0.0,0.034036,0.65077
0.0,0.04021,0.657359
0.0,0.077268,0.650535
0.016,0.053388,0.63173
0.067,0.041307,0.609245
0.081,0.129687,0.590661
0.197,0.039133,0.576011
0.21,0.058813,0.587637
0.197,0.013952,0.618524
0.168,0.07896,0.670582
0.089,0.050805,0.733436
0.014,0.043559,0.786342
0.0,0.154886,0.811431
0.0,0.23521,0.786771
0.0,0.39139,0.731941
0.0,0.427105,0.670424
0.0,0.499073,0.603241
0.0,0.470508,0.503029
0.0,0.249606,0.512991
0.0,0.082418,0.529432
0.0,0.231699,0.549182
0.0,0.249606,0.572269
0.0,0.152231,0.602578
0.0,0.348473,0.627071
0.0,0.272284,0.644124
0.0,0.268413,0.651393
0.0,0.268413,0.646103
0.031,0.245954,0.62596
0.096,0.154886,0.598098
0.154,0.113779,0.57312
0.223,0.132074,0.560683
0.251,0.036018,0.57202
0.245,0.066097,0.604152
0.159,0.201663,0.658093
0.078,0.082418,0.722393
0.015,0.072338,0.77731
0.0,0.070742,0.803143
0.0,0.054712,0.788573
0.0,0.034036,0.742023
0.0,0.030292,0.678081
0.0,0.004377,0.62262
0.0,0.0,0.520357
0.0,0.001156,0.527712
0.0,0.002679,0.539126
0.0,0.022894,0.562415
0.0,0.008074,0.58479
0.0,0.052086,0.612938
0.0,0.087791,0.632808
0.0,0.13449,0.648535
0.0,0.171468,0.655102
0.0,0.228224,0.64755
0.024,0.2922,0.631704
0.116,0.411544,0.604321
0.173,0.288142,0.579803
0.072,0.396365,0.571267
0.023,0.371906,0.580085
0.065,0.528772,0.611238
0.042,0.353079,0.661887
0.019,0.183155,0.71889
0.003,0.113779,0.764552
0.0,0.06917,0.781793
0.0,0.058813,0.763257
0.0,0.085975,0.713317
0.0,0.093394,0.64814
0.0,0.097258,0.586525
0.0,0.107381,0.489009
0.0,0.087791,0.497509
0.0,0.04021,0.515327
0.0,0.064594,0.53641
0.0,0.077268,0.563526
0.0,0.077268,0.592736
0.0,0.044716,0.618262
0.0,0.029401,0.63506
0.0,0.026012,0.639232
0.0,0.026834,0.631822
0.004,0.030292,0.613474
0.025,0.025208,0.588806
0.051,0.015053,0.566798
0.068,0.003675,0.555756
0.087,1.5e-5,0.565638
0.072,0.0,0.595232
0.046,0.000235,0.647644
0.011,0.001261,0.711057
0.003,0.001372,0.76166
0.0,0.002338,0.779765
0.0,0.003459,0.761282
0.0,0.002026,0.713165
0.0,0.002338,0.648769
0.0,0.002338,0.587094
0.0,0.002505,0.491207
0.0,0.006674,0.50034
0.0,0.005737,0.515195
0.0,0.002505,0.535003
0.0,0.008453,0.559396
0.0,0.023649,0.58702
0.0,0.048307,0.613763
0.0,0.052086,0.63342
0.0,0.053388,0.641344
0.0,0.072338,0.63765
0.016,0.053388,0.620604
0.035,0.082418,0.595678
0.062,0.049546,0.573442
0.117,0.072338,0.560281
0.068,0.054712,0.575043
0.042,0.048307,0.605168
0.027,0.045892,0.656074
0.024,0.043559,0.714262
0.002,0.067622,0.763265
0.0,0.075601,0.780476
0.0,0.095313,0.760162
0.0,0.111619,0.711274
0.0,0.041307,0.643185
0.0,0.084184,0.582041
0.0,0.054712,0.489301
0.0,0.093394,0.503759
0.0,0.036018,0.524237
0.0,0.02442,0.557162
0.0,0.027672,0.590605
0.0,0.015625,0.622533
0.0,0.011914,0.647852
0.0,0.009659,0.662484
0.0,0.005163,0.668434
0.0,0.001744,0.659243
0.017,4.0e-6,0.637985
0.087,0.0,0.606799
0.148,0.0,0.579414
0.168,0.0,0.566829
0.215,6.5e-5,0.576229
0.181,0.000963,0.610047
0.087,0.000171,0.665312
0.065,0.000406,0.73205
0.013,0.015053,0.793188
0.0,0.017426,0.81949
0.0,0.005737,0.813705
0.0,0.013952,0.757908
0.0,0.047089,0.689472
0.0,0.056057,0.622524
0.0,0.072338,0.514323
0.0,0.072338,0.523911
0.0,0.072338,0.541927
0.0,0.118183,0.562152
0.0,0.111619,0.585803
0.0,0.208098,0.612595
0.0,0.268413,0.637496
0.0,0.253295,0.656337
0.0,0.198495,0.660702
0.0,0.296296,0.65082
0.015,0.381565,0.631231
0.074,0.510816,0.603791
0.137,0.49327,0.579218
0.146,0.702332,0.572034
0.172,0.793832,0.585667
0.122,0.936575,0.61857
0.076,1.0,0.674574
0.03,0.652355,0.736126
0.004,0.680612,0.78748
0.0,0.2922,0.811805
0.0,0.154886,0.792535
0.0,0.089633,0.744954
0.0,0.091501,0.680799
0.0,0.082418,0.618191
0.0,0.101227,0.517129
0.0,0.093394,0.52857
0.0,0.07896,0.543027
0.0,0.189192,0.564576
0.0,0.288142,0.591692
0.0,0.280138,0.621581
0.0,0.280138,0.646121
0.0,0.401383,0.661435
0.0,0.421875,0.668132
0.0,0.39139,0.659681
0.018,0.330452,0.637647
0.094,0.396365,0.608546
0.15,0.296296,0.584494
0.201,0.224783,0.573168
0.199,0.381565,0.586139
0.18,0.401383,0.618336
0.128,0.376715,0.673535
0.062,0.330452,0.741052
0.009,0.317352,0.793657
0.0,0.264579,0.816259
0.0,0.296296,0.79321
0.0,0.201663,0.744742
0.0,0.144448,0.677495
0.0,0.06917,0.613795
0.0,0.012404,0.518744
0.0,0.034036,0.529017
0.0,0.089633,0.543483
0.0,0.19226,0.562474
0.0,0.163036,0.584775
0.0,0.082418,0.616455
0.0,0.109486,0.646666
0.0,0.105303,0.665772
0.0,0.103251,0.674807
0.0,0.168626,0.672348
0.002,0.224783,0.656619
0.02,0.171468,0.633971
0.022,0.201663,0.613242
0.026,0.348473,0.602877
0.022,0.53485,0.60948
0.019,0.353079,0.639344
0.012,0.481799,0.685195
0.007,0.540974,0.734695
0.001,0.386457,0.771207
0.0,0.624891,0.779157
0.0,0.892953,0.756102
0.0,0.565939,0.708351
0.0,0.432378,0.64439
0.0,0.659344,0.581715
0.0,0.343908,0.486018
0.0,0.154886,0.498057
0.0,0.231699,0.512222
0.0,0.154886,0.531902
0.0,0.120427,0.558169
0.0,0.125,0.585744
0.0,0.087791,0.610991
0.0,0.073957,0.626049
0.0,0.06917,0.630854
0.0,0.057424,0.627293
0.001,0.032127,0.6105
0.009,0.157572,0.585867
0.018,0.330452,0.563886
0.024,0.416688,0.554868
0.049,0.585158,0.566112
0.031,0.78592,0.599358
0.035,0.801797,0.649755
0.015,0.638525,0.708253
0.002,0.522741,0.758762
0.0,0.565939,0.777766
0.0,0.624891,0.761198
0.0,0.578704,0.713982
0.0,0.702332,0.648727
0.0,0.673473,0.587767
0.0,0.834189,0.490457
0.0,0.990769,0.498355
0.0,0.892953,0.512527
0.0,1.0,0.533513
0.0,1.0,0.558502
0.0,1.0,0.584674
0.0,1.0,0.608397
0.0,1.0,0.630992
0.0,1.0,0.63892
0.0,1.0,0.630717
0.007,0.945467,0.619034
0.065,0.842421,0.594096
0.113,0.793832,0.573234
0.221,0.528772,0.559289
0.216,0.386457,0.567826
0.237,0.371906,0.59822
0.166,0.778061,0.650922
0.086,1.0,0.71127
0.01,1.0,0.761989
0.0,1.0,0.781071
0.0,1.0,0.763503
0.0,1.0,0.713547
0.0,1.0,0.649117
0.0,1.0,0.587409
0.0,1.0,0.490133
0.0,1.0,0.498626
0.0,1.0,0.507803
0.0,1.0,0.529904
0.0,1.0,0.557445
0.0,1.0,0.582851
0.0,1.0,0.60501
0.0,1.0,0.617592
0.0,1.0,0.623074
0.0,1.0,0.614246
0.011,1.0,0.594057
0.03,1.0,0.58148
0.017,1.0,0.564493
0.063,1.0,0.55271
0.052,1.0,0.559015
0.014,1.0,0.599262
0.02,1.0,0.658488
0.066,0.842421,0.72914
0.008,0.476131,0.78662
0.0,0.645415,0.807215
0.0,0.618148,0.788074
0.0,0.547145,0.735642
0.0,0.432378,0.669217
0.0,0.339383,0.607027
0.0,0.245954,0.509482
0.0,0.211367,0.521399
0.0,0.163036,0.531862
0.0,0.107381,0.554272
0.0,0.064594,0.580233
0.0,0.06917,0.611738
0.0,0.015625,0.638825
0.0,0.001057,0.660782
0.0,0.000579,0.666698
0.0,0.002178,0.660526
0.004,0.012404,0.643623
0.01,0.013952,0.621422
0.034,0.007007,0.599685
0.055,0.000313,0.588789
0.1,0.001261,0.598578
0.186,0.000876,0.629982
0.16,0.002178,0.683794
0.063,0.003675,0.754971
0.006,0.002505,0.815089
0.0,0.004377,0.842068
0.0,0.001744,0.830448
0.0,9.9e-5,0.769146
0.0,0.0,0.706824
0.0,0.0,0.63748
0.0,0.0,0.529513
0.0,0.0,0.538779
0.0,0.0,0.555403
0.0,0.0,0.583979
0.0,0.0,0.615439
0.0,6.5e-5,0.655104
0.0,0.007007,0.682514
0.0,0.017426,0.704954
0.0,0.011438,0.719078
0.0,0.001882,0.718573
0.012,0.002026,0.688944
0.09,0.008074,0.649986
0.154,0.004134,0.616128
0.196,0.012906,0.598781
0.189,0.031201,0.617207
0.161,0.093394,0.651162
0.108,0.034036,0.7084
0.046,0.036018,0.77563
0.006,0.087791,0.837118
0.0,0.168626,0.858869
0.0,0.174341,0.840317
0.0,0.224783,0.787082
0.0,0.136935,0.718395
0.0,0.049546,0.652258
0.0,0.127329,0.544225
0.0,0.163036,0.551941
0.0,0.177247,0.567696
0.0,0.147012,0.590224
0.0,0.272284,0.61787
0.0,0.296296,0.646171
0.0,0.276193,0.670211
0.0,0.211367,0.687686
0.0,0.183155,0.696206
0.0,0.154886,0.688989
0.007,0.198495,0.666097
0.056,0.13449,0.638042
0.12,0.174341,0.615064
0.18,0.127329,0.600479
0.188,0.371906,0.618251
0.148,0.231699,0.647033
0.133,0.125,0.705544
0.063,0.180185,0.77165
0.006,0.204864,0.829154
0.0,0.198495,0.849773
0.0,0.177247,0.833329
0.0,0.183155,0.784059
0.0,0.228224,0.714058
0.0,0.23521,0.645456
0.0,0.23521,0.536106
0.0,0.129687,0.546723
0.0,0.160289,0.564851
0.0,0.25702,0.586609
0.0,0.481799,0.611332
0.0,0.680612,0.639315
0.0,0.754798,0.662308
0.0,0.7625,0.683419
0.0,1.0,0.688777
0.0,1.0,0.676213
0.002,1.0,0.651372
0.006,1.0,0.625267
0.015,1.0,0.600571
0.02,1.0,0.590335
0.023,0.598209,0.600849
0.05,0.572297,0.633107
0.03,0.591659,0.690438
0.016,0.487512,0.755214
0.002,0.32168,0.804135
0.0,0.367138,0.82805
0.0,0.411544,0.808401
0.0,0.591659,0.758142
0.0,0.432378,0.689685
0.0,0.448456,0.62412
0.0,0.421875,0.522478
0.0,0.348473,0.534057
0.0,0.272284,0.554984
0.0,0.317352,0.575029
0.0,0.32168,0.608864
0.0,0.308814,0.638171
0.0,0.330452,0.665627
0.0,0.353079,0.683738
0.0,0.32168,0.690661
0.0,0.231699,0.683491
0.007,0.231699,0.666
0.06,0.163036,0.636462
0.129,0.160289,0.612812
0.146,0.080677,0.603798
0.164,0.084184,0.612436
0.187,0.041307,0.65061
0.127,0.089633,0.706184
0.07,0.049546,0.780353
0.005,0.043559,0.840352
0.0,0.061659,0.861234
0.0,0.04021,0.844531
0.0,0.038075,0.793677
0.0,0.060225,0.725215
0.0,0.054712,0.655548
0.0,0.066097,0.546886
0.0,0.060225,0.560186
0.0,0.060225,0.574274
0.0,0.075601,0.600368
0.0,0.032127,0.631256
0.0,0.038075,0.663091
0.0,0.061659,0.691592
0.0,0.053388,0.710438
0.0,0.035017,0.719986
0.0,0.016211,0.714097
0.005,0.010523,0.694308
0.05,0.003053,0.663044
0.09,0.000358,0.63571
0.107,1.5e-5,0.621492
0.092,0.0,0.634019
0.098,0.0,0.666664
0.058,0.0,0.726061
0.021,0.0,0.791347
0.003,0.0,0.848293
0.0,0.0,0.872266
0.0,0.0,0.850578
0.0,0.0,0.798456
0.0,6.5e-5,0.728769
0.0,0.00463,0.656581
0.0,0.0039,0.549541
0.0,0.004377,0.565995
0.0,0.001372,0.586623
0.0,0.010523,0.611227
0.0,0.014496,0.638469
0.0,0.039133,0.667746
0.0,0.030292,0.694929
0.0,0.036018,0.716204
0.0,0.036018,0.72503
0.0,0.038075,0.715199
0.006,0.035017,0.694618
0.061,0.032127,0.661856
0.106,0.017426,0.636675
0.163,0.015053,0.623129
0.139,0.008453,0.640687
0.122,0.0039,0.676725
0.09,0.000717,0.737807
0.052,0.001744,0.810382
0.004,0.005445,0.865727
0.0,0.011438,0.893019
0.0,0.000963,0.875552
0.0,0.000579,0.81915
0.0,0.000313,0.754042
0.0,0.000459,0.689647
0.0,0.0,0.578346
0.0,0.0,0.591661
0.0,0.0,0.598363
0.0,0.0,0.634731
0.0,0.000313,0.658897
0.0,0.001882,0.689154
0.0,0.001057,0.714952
0.0,0.019361,0.7368
0.0,0.06917,0.741104
0.0,0.028528,0.730334
0.004,0.016811,0.710122
0.042,0.026012,0.674597
0.105,0.026012,0.650425
0.143,0.006674,0.637383
0.146,0.001489,0.650932
0.12,0.000876,0.6815
0.09,5.1e-5,0.73807
0.049,0.0,0.809792
0.004,8.1e-5,0.873677
0.0,6.0e-6,0.911882
0.0,0.0,0.888259
0.0,0.0,0.836354
0.0,2.1e-5,0.762449
0.0,0.0,0.697274
0.0,0.0,0.584691
0.0,0.0,0.593781
0.0,0.0,0.611409
0.0,0.0,0.634339
0.0,0.0,0.663354
0.0,0.0,0.695284
0.0,0.0,0.723614
0.0,0.0,0.743363
0.0,0.0,0.748517
0.0,0.0,0.738452
0.003,1.5e-5,0.717264
0.035,1.0e-6,0.689575
0.091,1.0e-5,0.663495
0.15,9.9e-5,0.647448
0.165,0.000717,0.664779
0.154,0.000459,0.700679
0.091,0.000579,0.762177
0.031,0.002862,0.832467
0.002,0.019361,0.888301
0.0,0.04021,0.909309
0.0,0.058813,0.887652
0.0,0.091501,0.829573
0.0,0.097258,0.753856
0.0,0.125,0.682924
0.0,0.122699,0.570238
0.0,0.174341,0.581531
0.0,0.107381,0.5943
0.0,0.109486,0.619219
0.0,0.093394,0.646824
0.0,0.097258,0.676493
0.0,0.120427,0.703272
0.0,0.154886,0.722442
0.0,0.157572,0.729757
0.0,0.186157,0.721429
0.001,0.186157,0.701436
0.014,0.195361,0.674286
0.029,0.152231,0.649394
0.03,0.160289,0.636345
0.069,0.103251,0.642687
0.03,0.07896,0.67503
0.051,0.054712,0.728561
0.035,0.030292,0.787785
0.001,0.070742,0.831158
0.0,0.075601,0.851858
0.0,0.07896,0.834495
0.0,0.070742,0.777218
0.0,0.064594,0.711096
0.0,0.058813,0.64423
0.0,0.058813,0.538514
0.0,0.044716,0.547303
0.0,0.042423,0.564195
0.0,0.064594,0.585245
0.0,0.072338,0.609855
0.0,0.067622,0.639209
0.0,0.077268,0.667486
0.0,0.118183,0.684064
0.0,0.154886,0.69099
0.0,0.105303,0.68538
0.003,0.201663,0.667841
0.038,0.105303,0.639619
0.061,0.125,0.617967
0.101,0.095313,0.603211
0.108,0.113779,0.614678
0.13,0.118183,0.648452
0.099,0.061659,0.705498
0.043,0.048307,0.772575
0.003,0.035017,0.830297
0.0,0.026012,0.856869
0.0,0.036018,0.841304
0.0,0.038075,0.788046
0.0,0.037037,0.719329
0.0,0.07896,0.651683
0.0,0.125,0.544709
0.0,0.147012,0.553617
0.0,0.095313,0.563599
0.0,0.085975,0.583951
0.0,0.089633,0.608493
0.0,0.105303,0.641463
0.0,0.099229,0.672905
0.0,0.060225,0.690421
0.0,0.052086,0.697411
0.0,0.07896,0.689376
0.002,0.073957,0.667889
0.032,0.101227,0.640395
0.079,0.091501,0.61512
0.08,0.07896,0.604644
0.089,0.061659,0.613969
0.104,0.101227,0.646934
0.075,0.115967,0.703854
0.04,0.118183,0.7717
0.003,0.160289,0.831306
0.0,0.115967,0.852019
0.0,0.183155,0.826998
0.0,0.249606,0.771992
0.0,0.242337,0.707176
0.0,0.201663,0.640687
0.0,0.245954,0.531806
0.0,0.224783,0.542338
0.0,0.157572,0.557792
0.0,0.107381,0.578582
0.0,0.089633,0.605682
0.0,0.105303,0.631884
0.0,0.339383,0.659092
0.0,0.437694,0.676212
0.0,0.396365,0.683857
0.0,0.459394,0.675943
0.001,0.296296,0.659417
0.045,0.253295,0.635183
0.07,0.23521,0.61006
0.155,0.111619,0.600359
0.157,0.152231,0.611047
0.138,0.177247,0.646904
0.104,0.367138,0.702161
0.051,0.334898,0.770775
0.002,0.249606,0.823596
0.0,0.437694,0.840196
0.0,0.470508,0.827957
0.0,0.540974,0.778276
0.0,0.631683,0.708818
0.0,0.717066,0.640695
0.0,0.747149,0.536099
0.0,0.702332,0.547975
0.0,0.732004,0.564892
0.0,0.724509,0.5927
0.0,0.842421,0.624696
0.0,0.963418,0.658462
0.0,1.0,0.685243
0.0,1.0,0.705479
0.0,1.0,0.718225
0.0,1.0,0.714747
0.002,1.0,0.694138
0.016,1.0,0.666465
0.024,1.0,0.643955
0.08,1.0,0.630227
0.051,1.0,0.642207
0.019,1.0,0.671408
0.015,1.0,0.726259
0.005,1.0,0.787042
0.0,1.0,0.836092
0.0,1.0,0.851982
0.0,1.0,0.825018
0.0,0.224783,0.771037
0.0,0.326047,0.712883
0.0,0.401383,0.645113
0.0,0.585158,0.537286
0.0,0.618148,0.552975
0.0,0.884395,0.575889
0.0,0.371906,0.602119
0.0,0.437694,0.629615
0.0,0.53485,0.662885
0.0,0.476131,0.691394
0.0,0.553363,0.719747
0.0,0.528772,0.731848
0.0,0.411544,0.723482
0.001,0.330452,0.702645
0.02,0.317352,0.676913
0.056,0.101227,0.660586
0.046,0.211367,0.64805
0.102,0.339383,0.658186
0.115,0.553363,0.693674
0.072,0.231699,0.752092
0.054,0.598209,0.824253
0.003,0.945467,0.885393
0.0,1.0,0.904368
0.0,1.0,0.878985
0.0,0.687801,0.821473
0.0,0.565939,0.74976
0.0,0.453903,0.678485
0.0,0.443053,0.568832
0.0,0.406442,0.579464
0.0,0.326047,0.599272
0.0,0.448456,0.621699
0.0,0.443053,0.649401
0.0,0.618148,0.679174
0.0,1.0,0.706818
0.0,0.892953,0.730056
0.0,0.809815,0.729409
0.0,0.376715,0.72186
0.002,0.228224,0.703387
0.027,0.238755,0.678376
0.078,0.39139,0.65258
0.114,0.326047,0.641576
0.153,0.540974,0.655232
0.126,0.2922,0.694402
0.119,0.118183,0.754554
0.047,0.160289,0.830591
0.002,0.25702,0.884394
0.0,0.228224,0.909299
0.0,0.242337,0.88669
0.0,0.362411,0.831387
0.0,0.770255,0.759607
0.0,0.317352,0.690373
0.0,0.245954,0.576865
0.0,0.25702,0.588289
0.0,0.481799,0.602492
0.0,0.371906,0.6264
0.0,0.296296,0.660712
0.0,0.264579,0.698469
0.0,0.208098,0.72847
0.0,0.186157,0.749139
0.0,0.141914,0.747057
0.0,0.105303,0.738545
0.0,0.272284,0.716534
0.01,0.432378,0.686563
0.042,0.638525,0.66777
0.033,0.695041,0.66086
0.013,0.884395,0.676346
0.016,0.972479,0.718278
0.019,0.963418,0.78215
0.013,0.578704,0.850607
0.001,0.221377,0.897927
0.0,1.0,0.870443
0.0,1.0,0.864315
0.0,1.0,0.810482
0.0,1.0,0.76368
0.0,0.850707,0.688843
0.0,0.147012,0.572444
0.0,0.011438,0.586956
0.0,0.026012,0.612228
0.0,0.0,0.627685
0.0,0.0,0.668472
0.0,0.0,0.703631
0.0,0.000579,0.735404
0.0,0.012906,0.753074
0.0,0.087791,0.755048
0.0,0.097258,0.746458
0.0,0.260781,0.727356
0.013,0.381565,0.700763
0.02,0.481799,0.677884
0.025,0.547145,0.670122
0.025,0.834189,0.682861
0.045,1.0,0.721301
0.038,1.0,0.786276
0.014,0.770255,0.856012
0.001,0.875891,0.914386
0.0,1.0,0.936002
0.0,1.0,0.909814
0.0,1.0,0.849377
0.0,0.666384,0.767725
0.0,0.91896,0.691004
0.0,0.585158,0.575459
0.0,0.411544,0.584311
0.0,0.147012,0.601658
0.0,0.141914,0.626214
0.0,0.149606,0.655546
0.0,0.238755,0.690836
0.0,0.276193,0.716628
0.0,0.180185,0.737762
0.0,0.109486,0.749276
0.0,0.183155,0.739134
0.001,0.180185,0.719438
0.03,0.095313,0.689345
0.098,0.031201,0.660985
0.171,0.06917,0.646253
0.181,0.032127,0.657071
0.172,0.045892,0.694804
0.123,0.080677,0.756681
0.044,0.13449,0.832045
0.003,0.085975,0.893754
0.0,0.053388,0.922894
0.0,0.087791,0.90871
0.0,0.180185,0.847433
0.0,0.362411,0.768431
0.0,0.362411,0.696129
0.0,0.334898,0.584078
0.0,0.427105,0.593733
0.0,0.540974,0.60939
0.0,0.638525,0.628795
0.0,0.875891,0.656104
0.0,0.972479,0.68394
0.0,1.0,0.705536
0.0,1.0,0.723951
0.0,1.0,0.734522
0.0,1.0,0.72451
0.0,1.0,0.700493
0.004,1.0,0.67331
0.011,1.0,0.652759
0.016,1.0,0.638128
0.025,0.92774,0.649523
0.022,0.591659,0.679048
0.04,0.464928,0.734519
0.029,0.443053,0.805178
0.003,0.680612,0.863205
0.0,0.867442,0.88267
0.0,0.78592,0.860724
0.0,0.687801,0.80076
0.0,1.0,0.722649
0.0,1.0,0.654701
0.0,1.0,0.550733
0.0,0.673473,0.567388
0.0,0.245954,0.587521
0.0,0.186157,0.612203
0.0,0.260781,0.643026
0.0,0.177247,0.689732
0.0,0.129687,0.720937
0.0,0.732004,0.737374
0.0,0.638525,0.729412
0.0,0.73955,0.723464
0.001,0.770255,0.709653
0.014,0.817886,0.677607
0.027,0.732004,0.656189
0.019,0.367138,0.64873
0.04,0.326047,0.650748
0.11,0.416688,0.686561
0.081,0.559627,0.75197
0.032,0.411544,0.823267
0.002,0.362411,0.879536
0.0,0.288142,0.904381
0.0,0.147012,0.886781
0.0,0.147012,0.830586
0.0,0.118183,0.75808
0.0,0.073957,0.692781
0.0,0.101227,0.580604
0.0,0.113779,0.592743
0.0,0.095313,0.609022
0.0,0.072338,0.633875
0.0,0.154886,0.666433
0.0,0.168626,0.700014
0.0,0.127329,0.723823
0.0,0.115967,0.746777
0.0,0.099229,0.751898
0.0,0.073957,0.738489
0.0,0.048307,0.716449
0.017,0.015625,0.687188
0.042,0.006038,0.66253
0.057,0.002505,0.650642
0.074,0.007707,0.661534
0.071,0.003675,0.700305
0.036,0.001057,0.759277
0.024,0.0,0.825696
0.001,0.0,0.877219
0.0,0.0,0.904028
0.0,0.0,0.887425
0.0,0.0,0.846748
0.0,0.0,0.77362
0.0,0.0,0.697063
0.0,0.0,0.592949
0.0,0.0,0.606615
0.0,0.006038,0.620664
0.0,0.007707,0.637059
0.0,0.006674,0.664743
0.0,0.048307,0.68921
0.0,0.109486,0.714125
0.0,0.136935,0.734388
0.0,0.129687,0.738564
0.0,0.149606,0.73657
0.001,0.080677,0.717721
0.038,0.060225,0.686129
0.107,0.047089,0.65488
0.165,0.052086,0.638737
0.149,0.073957,0.653097
0.14,0.091501,0.690602
0.107,0.093394,0.752987
0.044,0.152231,0.828086
0.003,0.180185,0.888613
0.0,0.198495,0.912674
0.0,0.238755,0.889001
0.0,0.245954,0.829
0.0,0.163036,0.754145
0.0,0.208098,0.684716
0.0,0.147012,0.570042
0.0,0.089633,0.584542
0.0,0.04021,0.60454
0.0,0.056057,0.629217
0.0,0.038075,0.660848
0.0,0.022894,0.696428
0.0,0.010523,0.731069
0.0,0.016811,0.755853
0.0,0.020036,0.765955
0.0,0.026834,0.757246
0.001,0.018701,0.739444
0.048,0.010085,0.699482
0.131,0.00463,0.662637
0.194,0.000717,0.643469
0.219,0.001489,0.65422
0.188,0.017426,0.691789
0.114,0.050805,0.754281
0.038,0.075601,0.826733
0.002,0.136935,0.884228
0.0,0.238755,0.905175
0.0,0.367138,0.883651
0.0,0.443053,0.828589
0.0,0.540974,0.757112
0.0,0.809815,0.684382
0.0,0.817886,0.569098
0.0,0.528772,0.579725
0.0,0.362411,0.5923
0.0,0.13941,0.612361
0.0,0.504922,0.625906
0.0,0.432378,0.653767
0.0,0.453903,0.685845
0.0,0.547145,0.702876
0.0,0.510816,0.710811
0.0,0.547145,0.70666
0.001,0.499073,0.691734
0.036,0.459394,0.661015
0.056,0.39139,0.634217
0.11,0.362411,0.619786
0.131,0.093394,0.633794
0.122,0.120427,0.668621
0.102,0.13449,0.729991
0.031,0.099229,0.798444
0.001,0.091501,0.851152
0.0,0.072338,0.873373
0.0,0.075601,0.85461
0.0,0.077268,0.808811
0.0,0.047089,0.74582
0.0,0.018701,0.683248
0.0,0.028528,0.571275
0.0,0.056057,0.579368
0.0,0.008074,0.593914
0.0,0.001372,0.618172
0.0,0.005737,0.646405
0.0,0.002679,0.679789
0.0,0.004377,0.702714
0.0,0.002679,0.718599
0.0,0.006351,0.724237
0.0,0.007707,0.71672
0.0,0.008453,0.701542
0.023,0.037037,0.672763
0.041,0.042423,0.647063
0.039,0.036018,0.636094
0.075,0.034036,0.647443
0.029,0.033072,0.681481
0.022,0.021433,0.739692
0.011,0.010523,0.808082
0.001,0.015053,0.864382
0.0,0.020036,0.885896
0.0,0.015625,0.864855
0.0,0.023649,0.808267
0.0,0.034036,0.73696
0.0,0.047089,0.666143
0.0,0.033072,0.556343
0.0,0.012906,0.571232
0.0,0.026834,0.588191
0.0,0.027672,0.608769
0.0,0.009659,0.642345
0.0,0.027672,0.669474
0.0,0.025208,0.697486
0.0,0.015625,0.719712
0.0,0.011438,0.72782
0.0,0.004134,0.71458
0.0,0.000645,0.692335
0.016,2.1e-5,0.661573
0.039,0.0,0.63548
0.049,2.1e-5,0.623204
0.071,0.0,0.632074
0.034,0.0,0.668372
0.031,9.9e-5,0.724609
0.014,3.9e-5,0.791666
0.001,0.001882,0.844929
0.0,0.009659,0.864994
0.0,0.015053,0.842499
0.0,0.014496,0.788298
0.0,0.012906,0.717957
0.0,0.007352,0.651224
0.0,0.012906,0.543867
0.0,0.020036,0.554638
0.0,0.007352,0.571104
0.0,0.010523,0.593075
0.0,0.029401,0.620854
0.0,0.023649,0.650738
0.0,0.021433,0.677967
0.0,0.04021,0.694763
0.0,0.041307,0.700155
0.0,0.012404,0.692045
0.0,0.001261,0.674335
0.011,0.000794,0.651076
0.046,0.010974,0.628272
0.081,0.008453,0.616089
0.054,0.000794,0.630036
0.026,0.000794,0.666217
0.061,0.006038,0.719703
0.014,0.001882,0.788191
0.001,0.001882,0.841232
0.0,0.0,0.861215
0.0,0.0,0.841779
0.0,0.0,0.786702
0.0,0.001156,0.715666
0.0,0.007352,0.646871
0.0,0.003459,0.540206
0.0,0.000794,0.551552
0.0,3.9e-5,0.566593
0.0,0.0,0.589077
0.0,0.0,0.617394
0.0,0.0,0.647112
0.0,0.000717,0.672604
0.0,0.001613,0.69006
0.0,0.002862,0.696224
0.0,0.003252,0.689778
0.0,0.001489,0.672921
0.009,0.000406,0.64971
0.031,0.007007,0.628431
0.022,3.9e-5,0.621368
0.062,0.0,0.630194
0.072,0.0,0.664017
0.051,0.0,0.720736
0.019,0.0,0.790255
0.001,0.0,0.840453
0.0,0.0,0.860421
0.0,0.0,0.843978
0.0,0.0,0.791533
0.0,0.004377,0.717535
0.0,0.005737,0.650085
0.0,0.010085,0.542857
0.0,0.026012,0.55296
0.0,0.031201,0.568042
0.0,0.044716,0.589889
0.0,0.132074,0.617519
0.0,0.242337,0.650287
0.0,0.242337,0.677496
0.0,0.189192,0.69672
0.0,0.343908,0.701303
0.0,0.276193,0.69481
0.0,0.211367,0.677029
0.012,0.280138,0.650606
0.036,0.343908,0.627067
0.072,0.343908,0.61489
0.103,0.443053,0.628821
0.077,0.411544,0.666513
0.074,0.386457,0.722587
0.025,0.401383,0.790411
0.002,0.32168,0.844595
0.0,0.32168,0.865674
0.0,0.376715,0.84415
0.0,0.437694,0.789844
0.0,0.540974,0.717681
0.0,0.487512,0.649455
0.0,0.448456,0.541665
0.0,0.459394,0.552392
0.0,0.448456,0.570128
0.0,0.411544,0.591363
0.0,0.416688,0.619789
0.0,0.421875,0.650384
0.0,0.459394,0.678391
0.0,0.459394,0.69764
0.0,0.371906,0.704704
0.0,0.334898,0.698179
0.0,0.330452,0.680313
0.012,0.432378,0.656078
0.031,1.0,0.633851
0.043,0.963418,0.622312
0.044,0.459394,0.635639
0.049,0.487512,0.669767
0.051,0.645415,0.72526
0.036,0.7625,0.789584
0.003,0.954414,0.841727
0.0,0.884395,0.856635
0.0,0.910236,0.832357
0.0,0.817886,0.777896
0.0,0.901567,0.7085
0.0,0.78592,0.640383
0.0,0.572297,0.534068
0.0,0.666384,0.545294
0.0,0.659344,0.562152
0.0,0.770255,0.583068
0.0,0.695041,0.610379
0.0,0.652355,0.641285
0.0,0.732004,0.668912
0.0,0.793832,0.68871
0.0,0.770255,0.695683
0.0,0.732004,0.690879
0.0,0.666384,0.676388
0.015,0.687801,0.653058
0.036,0.459394,0.633161
0.079,0.732004,0.623833
0.071,0.659344,0.637191
0.091,0.702332,0.676952
0.08,0.591659,0.737357
0.03,0.754798,0.80369
0.001,0.687801,0.860737
0.0,0.770255,0.883204
0.0,0.7625,0.865221
0.0,0.659344,0.809539
0.0,0.673473,0.739821
0.0,0.73955,0.67255
0.0,0.850707,0.563414
0.0,0.92774,0.577173
0.0,1.0,0.596988
0.0,1.0,0.619981
0.0,1.0,0.645376
0.0,1.0,0.666507
0.0,1.0,0.687231
0.0,1.0,0.705093
0.0,1.0,0.722155
0.0,0.859047,0.717927
0.0,0.793832,0.700353
0.022,0.695041,0.676196
0.102,0.7625,0.652584
0.147,0.936575,0.641519
0.166,1.0,0.651463
0.149,1.0,0.686495
0.123,0.867442,0.748579
0.064,0.834189,0.819659
0.005,0.770255,0.879742
0.0,0.481799,0.9006
0.0,0.464928,0.877212
0.0,0.481799,0.820747
0.0,0.362411,0.750022
0.0,0.313064,0.679487
0.0,0.32168,0.562783
0.0,0.357724,0.571324
0.0,0.826011,0.586274
0.0,0.963418,0.608841
0.0,0.954414,0.638089
0.0,0.954414,0.670332
0.0,0.91896,0.699177
0.0,0.817886,0.719835
0.0,0.659344,0.728779
0.0,0.680612,0.724492
0.0,0.348473,0.70835
0.013,0.371906,0.68083
0.024,0.470508,0.656322
0.066,0.427105,0.642255
0.142,0.129687,0.654464
0.146,0.198495,0.69046
0.08,0.101227,0.751162
0.053,0.091501,0.824354
0.005,0.07896,0.888746
0.0,0.030292,0.913896
0.0,0.050805,0.888184
0.0,0.103251,0.831933
0.0,0.867442,0.767826
0.0,0.406442,0.691
0.0,0.231699,0.574264
0.0,0.129687,0.585636
0.0,0.25702,0.60168
0.0,0.201663,0.628348
0.0,0.218006,0.65851
0.0,0.19226,0.690206
0.0,0.149606,0.723075
0.0,0.432378,0.737028
0.0,0.313064,0.746148
0.0,0.231699,0.737598
0.0,0.238755,0.723523
0.036,0.284121,0.698566
0.121,0.326047,0.670502
0.182,0.308814,0.655499
0.182,0.448456,0.667208
0.162,0.326047,0.705524
0.128,0.313064,0.766652
0.055,0.224783,0.839345
0.004,0.218006,0.897718
0.0,0.171468,0.922053
0.0,0.154886,0.903117
0.0,0.177247,0.844026
0.0,0.221377,0.764422
0.0,0.189192,0.691753
0.0,0.168626,0.579335
0.0,0.19226,0.592766
0.0,0.186157,0.609692
0.0,0.147012,0.634585
0.0,0.177247,0.666503
0.0,0.171468,0.70165
0.0,0.264579,0.735001
0.0,0.317352,0.760784
0.0,0.280138,0.773465
0.0,0.19226,0.773701
0.0,0.245954,0.757105
0.042,0.343908,0.723258
0.093,0.585158,0.689914
0.118,0.459394,0.672426
0.104,0.901567,0.685208
0.028,1.0,0.728537
0.032,1.0,0.790768
0.006,1.0,0.859022
0.001,0.92774,0.902649
0.0,1.0,0.906619
0.0,1.0,0.879084
0.0,0.834189,0.823432
0.0,1.0,0.746533
0.0,1.0,0.676332
0.0,1.0,0.561964
0.0,1.0,0.57048
0.0,0.7625,0.590107
0.0,0.547145,0.613524
0.0,0.381565,0.651778
0.0,0.268413,0.688521
0.0,0.396365,0.716531
0.0,0.32168,0.734395
0.0,0.208098,0.740171
0.0,0.652355,0.730027
0.0,0.859047,0.703329
0.003,0.659344,0.667459
0.015,1.0,0.614881
0.096,1.0,0.6021
0.091,1.0,0.619573
0.036,1.0,0.654356
0.031,1.0,0.710251
0.015,1.0,0.773244
0.004,1.0,0.828345
0.0,1.0,0.849074
0.0,1.0,0.825964
0.0,1.0,0.774723
0.0,0.892953,0.70307
0.0,0.770255,0.636233
0.0,0.572297,0.532345
0.0,0.313064,0.546157
0.0,0.353079,0.560352
0.0,0.386457,0.583288
0.0,0.152231,0.612807
0.0,0.127329,0.645375
0.0,0.416688,0.671579
0.0,1.0,0.671709
0.0,1.0,0.675185
0.0,1.0,0.668111
0.0,1.0,0.651816
0.003,1.0,0.628558
0.014,1.0,0.60719
0.011,1.0,0.59747
0.024,1.0,0.611844
0.016,1.0,0.648575
0.009,1.0,0.709169
0.019,0.867442,0.776778
0.001,0.717066,0.832113
0.0,0.638525,0.85498
0.0,1.0,0.833722
0.0,0.826011,0.781977
0.0,0.945467,0.71477
0.0,1.0,0.64836
