SOLAR,WIND,LOAD_E
0.0,0.645415,0.565792
0.0,0.522741,0.575677
0.0,0.411544,0.590729
0.0,0.276193,0.609932
0.0,0.157572,0.637022
0.0,0.084184,0.672335
0.0,0.050805,0.70612
0.0,0.011438,0.729477
0.0,0.000717,0.743575
0.0,0.0,0.740846
0.0,0.0,0.727557
0.034,0.0,0.706371
0.112,0.0,0.669657
0.168,0.0,0.64787
0.189,0.0,0.653336
0.197,0.003459,0.68844
0.143,0.026834,0.748119
0.054,0.043559,0.825885
0.006,0.06917,0.887485
0.0,0.125,0.907498
0.0,0.177247,0.885944
0.0,0.249606,0.825145
0.0,0.296296,0.752355
0.0,0.308814,0.68161
0.0,0.32168,0.568834
0.0,0.411544,0.58208
0.0,0.49327,0.600721
0.0,0.559627,0.625266
0.0,0.659344,0.654553
0.0,0.631683,0.687611
0.0,0.53485,0.717998
0.0,0.572297,0.740864
0.0,0.565939,0.748366
0.0,0.464928,0.737278
0.0,0.470508,0.718411
0.008,0.459394,0.691283
0.018,0.280138,0.667159
0.027,0.242337,0.655115
0.066,0.174341,0.664522
0.109,0.189192,0.69785
0.073,0.177247,0.755711
0.033,0.171468,0.820832
0.006,0.238755,0.877044
0.0,0.330452,0.898894
0.0,0.396365,0.876544
0.0,0.411544,0.819192
0.0,0.464928,0.743504
0.0,0.487512,0.671268
0.0,0.421875,0.558236
0.0,0.565939,0.56797
0.0,0.695041,0.586193
0.0,0.559627,0.610162
0.0,0.386457,0.638741
0.0,0.313064,0.66871
0.0,0.242337,0.69669
0.0,0.276193,0.714794
0.0,0.32168,0.719511
0.0,0.339383,0.714514
0.0,0.304603,0.695418
0.012,0.280138,0.671432
0.03,0.214669,0.651726
0.086,0.208098,0.643629
0.106,0.111619,0.655865
0.125,0.144448,0.692723
0.098,0.32168,0.753644
0.047,0.437694,0.824296
0.005,0.553363,0.879721
0.0,0.702332,0.898521
0.0,0.936575,0.877192
0.0,1.0,0.826414
0.0,1.0,0.753512
0.0,1.0,0.681101
0.0,1.0,0.567695
0.0,0.867442,0.580922
0.0,0.540974,0.602255
0.0,0.339383,0.628986
0.0,0.260781,0.65993
0.0,0.280138,0.692471
0.0,0.125,0.721446
0.0,0.049546,0.741916
0.0,0.022156,0.748587
0.0,0.008074,0.743322
0.0,0.002505,0.723489
0.014,0.000459,0.695399
0.069,0.000358,0.667347
0.07,0.000876,0.65305
0.097,0.010523,0.660888
0.083,0.016811,0.694807
0.055,0.008843,0.75153
0.027,0.009245,0.821044
0.003,0.017426,0.876259
0.0,0.030292,0.897056
0.0,0.042423,0.87374
0.0,0.07896,0.825084
0.0,0.109486,0.749722
0.0,0.109486,0.677671
0.0,0.127329,0.564803
0.0,0.115967,0.575989
0.0,0.087791,0.59377
0.0,0.120427,0.620166
0.0,0.152231,0.652181
0.0,0.144448,0.689014
0.0,0.125,0.721084
0.0,0.125,0.745708
0.0,0.109486,0.755783
0.0,0.111619,0.745451
0.0,0.120427,0.728811
0.039,0.120427,0.70132
0.107,0.082418,0.6708
0.131,0.039133,0.654205
0.105,0.022894,0.659772
0.05,0.032127,0.69766
0.047,0.043559,0.757253
0.035,0.042423,0.824415
0.004,0.050805,0.880866
0.0,0.063115,0.901768
0.0,0.070742,0.882384
0.0,0.056057,0.82465
0.0,0.043559,0.749327
0.0,0.04021,0.67965
0.0,0.02442,0.567718
0.0,0.026834,0.580286
0.0,0.025208,0.599559
0.0,0.032127,0.626895
0.0,0.026834,0.657742
0.0,0.026012,0.692513
0.0,0.020036,0.721489
0.0,0.016211,0.743627
0.0,0.019361,0.753682
0.0,0.034036,0.749206
0.0,0.026834,0.731659
0.017,0.013952,0.705638
0.04,0.004134,0.681054
0.063,0.001489,0.670313
0.097,0.002679,0.679236
0.084,0.002338,0.71582
0.053,0.004892,0.778717
0.04,0.013423,0.850646
0.006,0.026012,0.911846
0.0,0.045892,0.936564
0.0,0.048307,0.918344
0.0,0.044716,0.854469
0.0,0.052086,0.779037
0.0,0.070742,0.706537
0.0,0.072338,0.590741
0.0,0.056057,0.60509
0.0,0.054712,0.622372
0.0,0.077268,0.643523
0.0,0.120427,0.66921
0.0,0.147012,0.698309
0.0,0.180185,0.725906
0.0,0.249606,0.746503
0.0,0.272284,0.754061
0.0,0.411544,0.747914
0.0,0.504922,0.728775
0.024,0.499073,0.698928
0.054,0.49327,0.671514
0.039,0.754798,0.660151
0.034,0.963418,0.671173
0.021,1.0,0.708908
0.012,0.954414,0.774724
0.005,0.778061,0.852029
0.001,0.487512,0.905188
0.0,0.659344,0.907927
0.0,1.0,0.880283
0.0,1.0,0.823634
0.0,1.0,0.750987
0.0,1.0,0.681155
0.0,1.0,0.569556
0.0,1.0,0.582161
0.0,1.0,0.600809
0.0,1.0,0.624651
0.0,1.0,0.653909
0.0,1.0,0.686162
0.0,1.0,0.716495
0.0,1.0,0.738493
0.0,0.910236,0.746813
0.0,0.645415,0.73656
0.0,0.421875,0.717711
0.042,0.276193,0.692955
0.121,0.201663,0.666489
0.182,0.157572,0.653693
0.209,0.085975,0.662297
0.185,0.043559,0.698714
0.136,0.057424,0.758397
0.074,0.084184,0.833303
0.013,0.105303,0.896436
0.0,0.132074,0.928091
0.0,0.198495,0.912115
0.0,0.198495,0.855279
0.0,0.19226,0.780637
0.0,0.195361,0.707987
0.0,0.19226,0.590581
0.0,0.099229,0.602277
0.0,0.089633,0.618109
0.0,0.082418,0.639798
0.0,0.111619,0.66605
0.0,0.141914,0.694994
0.0,0.132074,0.720828
0.0,0.180185,0.740446
0.0,0.204864,0.748786
0.0,0.242337,0.741854
0.0,0.268413,0.725311
0.029,0.253295,0.69715
0.081,0.204864,0.668267
0.113,0.095313,0.653944
0.145,0.07896,0.663317
0.113,0.147012,0.698174
0.083,0.141914,0.755178
0.059,0.174341,0.823111
0.006,0.208098,0.877448
0.0,0.284121,0.898275
0.0,0.376715,0.877969
0.0,0.453903,0.82242
0.0,0.559627,0.748159
0.0,0.572297,0.678597
0.0,0.910236,0.565408
0.0,0.910236,0.576605
0.0,1.0,0.592358
0.0,1.0,0.611603
0.0,1.0,0.636534
0.0,0.859047,0.666393
0.0,0.754798,0.696712
0.0,0.611453,0.722323
0.0,0.553363,0.732167
0.0,0.659344,0.732071
0.0,0.73955,0.718221
0.04,0.717066,0.691876
0.104,0.559627,0.666963
0.183,0.702332,0.651154
0.213,0.754798,0.659708
0.184,0.459394,0.695975
0.142,0.624891,0.753668
0.069,0.432378,0.820512
0.011,0.348473,0.880788
0.0,0.25702,0.904812
0.0,0.228224,0.88739
0.0,0.180185,0.829328
0.0,0.174341,0.755306
0.0,0.201663,0.688188
0.0,0.432378,0.575317
0.0,0.411544,0.586711
0.0,0.288142,0.606179
0.0,0.228224,0.632364
0.0,0.160289,0.664958
0.0,0.120427,0.696964
0.0,0.127329,0.727751
0.0,0.198495,0.75007
0.0,0.231699,0.759351
0.0,0.163036,0.757334
0.0,0.284121,0.73714
0.024,0.330452,0.704638
0.034,0.32168,0.67856
0.043,0.280138,0.663343
0.028,0.198495,0.678249
0.022,0.154886,0.718817
0.035,0.101227,0.777583
0.032,0.075601,0.841767
0.007,0.127329,0.895276
0.0,0.204864,0.915464
0.0,0.272284,0.891687
0.0,0.284121,0.830498
0.0,0.339383,0.756371
0.0,0.353079,0.687591
0.0,0.168626,0.574135
0.0,0.136935,0.585505
0.0,0.103251,0.602888
0.0,0.127329,0.627522
0.0,0.177247,0.658402
0.0,0.242337,0.690094
0.0,0.2922,0.718156
0.0,0.25702,0.738533
0.0,0.268413,0.747698
0.0,0.296296,0.742447
0.0,0.313064,0.722633
0.026,0.330452,0.694563
0.093,0.406442,0.66804
0.115,0.540974,0.655219
0.097,0.448456,0.66997
0.095,0.547145,0.708445
0.123,0.842421,0.768081
0.053,0.73955,0.840985
0.013,0.680612,0.901572
0.0,0.585158,0.925026
0.0,0.476131,0.903042
0.0,0.448456,0.842058
0.0,0.464928,0.76775
0.0,0.443053,0.697108
0.0,0.427105,0.578776
0.0,0.687801,0.587583
0.0,0.867442,0.602977
0.0,1.0,0.625484
0.0,1.0,0.653293
0.0,1.0,0.686298
0.0,0.732004,0.717451
0.0,0.49327,0.739478
0.0,0.330452,0.747809
0.0,0.204864,0.74005
0.001,0.141914,0.72437
0.037,0.160289,0.697811
0.085,0.066097,0.669662
0.145,0.042423,0.657569
0.2,0.044716,0.667008
0.111,0.141914,0.712597
0.121,0.171468,0.771709
0.062,0.272284,0.845892
0.016,0.204864,0.906798
0.0,0.129687,0.933495
0.0,0.120427,0.914347
0.0,0.13449,0.857368
0.0,0.13941,0.784269
0.0,0.171468,0.712838
0.0,0.204864,0.595099
0.0,0.195361,0.606884
0.0,0.19226,0.625585
0.0,0.180185,0.65183
0.0,0.25702,0.681618
0.0,0.326047,0.712867
0.0,0.432378,0.742695
0.0,0.578704,0.762098
0.0,0.673473,0.768126
0.0,0.702332,0.755999
0.0,0.778061,0.734209
0.005,0.673473,0.710457
0.023,0.348473,0.687239
0.056,0.253295,0.672654
0.096,0.353079,0.680847
0.131,0.19226,0.719137
0.157,0.25702,0.779686
0.081,0.330452,0.855534
0.013,0.427105,0.919102
0.0,0.25702,0.942952
0.0,0.195361,0.922553
0.0,0.304603,0.865988
0.0,0.371906,0.788656
0.0,0.559627,0.716027
0.0,0.470508,0.596418
0.0,0.23521,0.606238
0.0,0.253295,0.625603
0.0,0.204864,0.65185
0.0,0.201663,0.682382
0.0,0.152231,0.715227
0.0,0.084184,0.744342
0.0,0.022894,0.766297
0.0,0.009659,0.7749
0.0,0.004377,0.765217
0.001,0.004377,0.74645
0.027,0.00463,0.718343
0.068,5.1e-5,0.688021
0.096,0.000313,0.674176
0.156,0.000358,0.68393
0.171,0.002178,0.721587
0.126,0.007707,0.784981
0.096,0.013423,0.857472
0.022,0.034036,0.920147
0.0,0.041307,0.948188
0.0,0.026834,0.928675
0.0,0.012906,0.874556
0.0,0.007352,0.799042
0.0,0.002338,0.724644
0.0,0.00012,0.607465
0.0,0.0,0.621486
0.0,0.000794,0.643354
0.0,0.009245,0.670305
0.0,0.042423,0.697239
0.0,0.101227,0.724562
0.0,0.165815,0.750006
0.0,0.268413,0.767109
0.0,0.421875,0.768126
0.0,0.7625,0.753491
0.001,1.0,0.736653
0.041,1.0,0.711243
0.128,0.892953,0.684193
0.19,0.680612,0.6704
0.226,0.367138,0.680847
0.228,0.376715,0.721565
0.143,0.245954,0.788472
0.097,0.157572,0.86223
0.024,0.154886,0.928269
0.0,0.228224,0.952326
0.0,0.19226,0.933725
0.0,0.118183,0.872632
0.0,0.13449,0.7947
0.0,0.189192,0.719934
0.0,0.091501,0.599601
0.0,0.157572,0.61214
0.0,0.19226,0.631679
0.0,0.19226,0.658878
0.0,0.165815,0.693458
0.0,0.13941,0.729955
0.0,0.129687,0.762934
0.0,0.129687,0.787923
0.0,0.103251,0.799275
0.0,0.06917,0.794383
0.001,0.034036,0.776498
0.056,0.011914,0.745782
0.147,0.001744,0.709263
0.219,1.0e-6,0.691374
0.252,0.0,0.701455
0.229,0.0,0.740928
0.191,0.0,0.805096
0.115,0.0,0.881284
0.028,0.0,0.951612
0.0,2.0e-6,0.994941
0.0,0.000171,0.982389
0.0,0.001156,0.920959
0.0,0.003252,0.840391
0.0,0.007352,0.762062
0.0,0.011914,0.635301
0.0,0.020727,0.647883
0.0,0.018701,0.667117
0.0,0.009659,0.695011
0.0,0.008074,0.727564
0.0,0.015053,0.761805
0.0,0.021433,0.792868
0.0,0.035017,0.815365
0.0,0.049546,0.821934
0.0,0.064594,0.813488
0.002,0.084184,0.793485
0.05,0.089633,0.761398
0.122,0.027672,0.728956
0.189,0.008453,0.713054
0.246,0.002679,0.721252
0.248,0.001744,0.760243
0.179,0.007352,0.825181
0.094,0.018056,0.90315
0.023,0.02442,0.971838
0.0,0.027672,1.0
0.0,0.028528,0.977167
0.0,0.030292,0.911333
0.0,0.02442,0.831633
0.0,0.017426,0.753356
0.0,0.008453,0.628664
0.0,0.004134,0.644431
0.0,0.000406,0.666295
0.0,2.9e-5,0.696287
0.0,6.0e-6,0.732618
0.0,0.0,0.770999
0.0,0.0,0.805695
0.0,0.0,0.828555
0.0,0.0,0.841162
0.0,0.0,0.83421
0.002,0.0,0.812048
0.058,1.5e-5,0.77146
0.136,0.000235,0.734134
0.214,0.000171,0.712155
0.256,9.9e-5,0.717276
0.239,0.000144,0.753612
0.19,0.000645,0.815349
0.109,0.008843,0.893401
0.026,0.047089,0.961455
0.0,0.064594,0.986258
0.0,0.053388,0.962751
0.0,0.036018,0.888373
0.0,0.018701,0.80902
0.0,0.009659,0.732111
0.0,0.003252,0.612887
0.0,0.005163,0.624361
0.0,0.004892,0.644946
0.0,0.00463,0.669829
0.0,0.005445,0.701203
0.0,0.008843,0.734955
0.0,0.010085,0.764895
0.0,0.015053,0.784094
0.0,0.014496,0.792876
0.0,0.016811,0.778852
0.001,0.017426,0.758921
0.035,0.012906,0.724885
0.093,0.000517,0.690556
0.158,0.001882,0.672175
0.205,0.0039,0.678833
0.183,0.002862,0.716199
0.15,0.004892,0.779131
0.064,0.006674,0.854926
0.024,0.004134,0.921502
0.0,0.002862,0.957894
0.0,0.001261,0.943211
0.0,0.000144,0.894776
0.0,0.0,0.818296
0.0,0.0,0.741286
0.0,0.0,0.614638
0.0,0.0,0.623495
0.0,0.0,0.644053
0.0,0.0,0.683098
0.0,0.0,0.724753
0.0,0.001156,0.757302
0.0,0.004892,0.787366
0.0,0.002679,0.806369
0.0,0.000579,0.811162
0.0,0.001261,0.796971
0.001,0.001057,0.773321
0.019,0.001613,0.741933
0.06,0.000794,0.713156
0.074,0.001744,0.699725
0.089,0.001261,0.708439
0.113,0.000876,0.743461
0.1,0.000272,0.803455
0.056,0.000876,0.87376
0.019,0.009245,0.933412
0.0,0.021433,0.957582
0.0,0.041307,0.935802
0.0,0.058813,0.884054
0.0,0.060225,0.805953
0.0,0.080677,0.731678
0.0,0.047089,0.609851
0.0,0.06917,0.62458
0.0,0.06917,0.644488
0.0,0.080677,0.672191
0.0,0.109486,0.705162
0.0,0.129687,0.740661
0.0,0.144448,0.773274
0.0,0.141914,0.796049
0.0,0.201663,0.804952
0.0,0.231699,0.794995
0.003,0.304603,0.773837
0.06,0.317352,0.740077
0.141,0.245954,0.708319
0.21,0.19226,0.689703
0.219,0.208098,0.695934
0.201,0.23521,0.730241
0.13,0.476131,0.790862
0.052,0.522741,0.861005
0.019,0.487512,0.918813
0.0,0.49327,0.942652
0.0,0.516755,0.922257
0.0,0.487512,0.855279
0.0,0.464928,0.773739
0.0,0.406442,0.696283
0.0,0.326047,0.5745
0.0,0.339383,0.577927
0.0,0.339383,0.592356
0.0,0.313064,0.617281
0.0,0.313064,0.648421
0.0,0.326047,0.681188
0.0,0.357724,0.712123
0.0,0.272284,0.736498
0.0,0.231699,0.746482
0.0,0.198495,0.738736
0.003,0.075601,0.722271
0.066,0.048307,0.694217
0.157,0.022894,0.660871
0.219,0.034036,0.640654
0.253,0.082418,0.64672
0.191,0.214669,0.680627
0.143,0.084184,0.739642
0.099,0.021433,0.810017
0.027,0.043559,0.872654
0.0,0.084184,0.901689
0.0,0.111619,0.885352
0.0,0.125,0.823634
0.0,0.107381,0.745816
0.0,0.127329,0.675695
0.0,0.120427,0.564471
0.0,0.109486,0.578299
0.0,0.147012,0.598877
0.0,0.157572,0.625477
0.0,0.238755,0.657
0.0,0.249606,0.691735
0.0,0.276193,0.721489
0.0,0.32168,0.741961
0.0,0.362411,0.74779
0.0,0.330452,0.734194
0.0,0.276193,0.711343
0.013,0.242337,0.682099
0.026,0.132074,0.65598
0.039,0.147012,0.641831
0.039,0.177247,0.650214
0.047,0.171468,0.682708
0.029,0.183155,0.737517
0.023,0.186157,0.799111
0.012,0.177247,0.848844
0.0,0.198495,0.867985
0.0,0.228224,0.846403
0.0,0.228224,0.787235
0.0,0.186157,0.71529
0.0,0.168626,0.648071
0.0,0.195361,0.539494
0.0,0.13941,0.55084
0.0,0.113779,0.567875
0.0,0.103251,0.591118
0.0,0.077268,0.619547
0.0,0.063115,0.650146
0.0,0.047089,0.678969
0.0,0.064594,0.6999
0.0,0.107381,0.70951
0.0,0.129687,0.699607
0.003,0.160289,0.681704
0.034,0.154886,0.656622
0.097,0.115967,0.630552
0.182,0.183155,0.615252
0.249,0.245954,0.620078
0.263,0.353079,0.650037
0.215,0.401383,0.705563
0.137,0.448456,0.774817
0.046,0.49327,0.837195
0.0,0.522741,0.86542
0.0,0.572297,0.847953
0.0,0.631683,0.790579
0.0,0.732004,0.717471
0.0,0.910236,0.646148
0.0,1.0,0.535268
0.0,1.0,0.54653
0.0,0.859047,0.565479
0.0,0.553363,0.592875
0.0,0.396365,0.625834
0.0,0.228224,0.659065
0.0,0.149606,0.692307
0.0,0.122699,0.719442
0.0,0.109486,0.732612
0.0,0.152231,0.729161
0.005,0.221377,0.710502
0.057,0.23521,0.679725
0.13,0.264579,0.649892
0.168,0.313064,0.63134
0.172,0.801797,0.638002
0.163,0.901567,0.671414
0.115,1.0,0.728765
0.098,1.0,0.798167
0.026,1.0,0.852915
0.0,1.0,0.875261
0.0,1.0,0.857547
0.0,1.0,0.800492
0.0,1.0,0.728211
0.0,1.0,0.657427
0.0,1.0,0.54657
0.0,1.0,0.556734
0.0,1.0,0.57122
0.0,1.0,0.591765
0.0,1.0,0.618001
0.0,1.0,0.646971
0.0,1.0,0.672424
0.0,1.0,0.68984
0.0,1.0,0.695144
0.0,1.0,0.690373
0.001,1.0,0.675951
0.003,1.0,0.652636
0.013,1.0,0.632007
0.024,1.0,0.621186
0.056,1.0,0.62842
0.09,1.0,0.660478
0.048,1.0,0.71602
0.032,1.0,0.779525
0.009,1.0,0.831035
0.0,1.0,0.852886
0.0,1.0,0.834714
0.0,1.0,0.781044
0.0,1.0,0.709659
0.0,1.0,0.643752
0.0,0.954414,0.536452
0.0,0.817886,0.551039
0.0,0.432378,0.570798
0.0,0.362411,0.598399
0.0,0.453903,0.632348
0.0,0.604807,0.66744
0.0,0.578704,0.701833
0.0,0.362411,0.727565
0.0,0.204864,0.73997
0.0,0.168626,0.737278
0.007,0.183155,0.721653
0.079,0.141914,0.690501
0.183,0.036018,0.660339
0.262,0.056057,0.645397
0.301,0.06917,0.654619
0.294,0.075601,0.6906
0.239,0.089633,0.750465
0.148,0.109486,0.821784
0.059,0.149606,0.885153
0.001,0.218006,0.91444
0.0,0.296296,0.896756
0.0,0.39139,0.842804
0.0,0.522741,0.765843
0.0,0.604807,0.690706
0.0,0.770255,0.57291
0.0,0.990769,0.584916
0.0,1.0,0.600922
0.0,1.0,0.621236
0.0,1.0,0.645896
0.0,1.0,0.670784
0.0,1.0,0.694006
0.0,1.0,0.711206
0.0,1.0,0.716729
0.0,1.0,0.708431
0.001,1.0,0.689492
0.015,1.0,0.662582
0.035,1.0,0.639367
0.08,1.0,0.627702
0.06,1.0,0.638112
0.071,1.0,0.673952
0.064,1.0,0.728899
0.026,1.0,0.792596
0.01,1.0,0.843938
0.0,1.0,0.861933
0.0,1.0,0.841512
0.0,1.0,0.788339
0.0,1.0,0.716297
0.0,1.0,0.64898
0.0,1.0,0.540739
0.0,1.0,0.551448
0.0,1.0,0.567819
0.0,1.0,0.591763
0.0,1.0,0.623915
0.0,1.0,0.655495
0.0,1.0,0.683729
0.0,1.0,0.703129
0.0,1.0,0.70941
0.0,1.0,0.700351
0.001,1.0,0.683238
0.008,1.0,0.660452
0.016,0.826011,0.641847
0.043,0.910236,0.637614
0.049,0.53485,0.655059
0.061,0.272284,0.695893
0.06,0.371906,0.7597
0.047,0.245954,0.832781
0.054,0.288142,0.892797
0.002,0.326047,0.920172
0.0,0.406442,0.898302
0.0,0.559627,0.838584
0.0,0.793832,0.761147
0.0,0.963418,0.687237
0.0,0.817886,0.572543
0.0,0.724509,0.583882
0.0,0.92774,0.600538
0.0,0.638525,0.625074
0.0,0.666384,0.655828
0.0,0.702332,0.689717
0.0,0.559627,0.719382
0.0,0.276193,0.743939
0.0,0.201663,0.753984
0.0,0.19226,0.742025
0.005,0.174341,0.72142
0.034,0.195361,0.692633
0.073,0.109486,0.666961
0.112,0.163036,0.654927
0.099,0.152231,0.664338
0.066,0.180185,0.702488
0.068,0.168626,0.759878
0.035,0.122699,0.825374
0.011,0.13941,0.87985
0.0,0.186157,0.900724
0.0,0.367138,0.877321
0.0,0.817886,0.797308
0.0,0.702332,0.718459
0.0,0.702332,0.649383
0.0,0.702332,0.540365
0.0,0.778061,0.54975
0.0,1.0,0.562683
0.0,1.0,0.580784
0.0,1.0,0.606512
0.0,1.0,0.636479
0.0,1.0,0.663111
0.0,1.0,0.682754
0.0,1.0,0.693013
0.0,1.0,0.685768
0.002,1.0,0.668219
0.018,1.0,0.644391
0.038,1.0,0.624023
0.123,1.0,0.614809
0.155,1.0,0.625738
0.12,1.0,0.661672
0.076,1.0,0.719062
0.032,1.0,0.781888
0.019,1.0,0.831527
0.001,1.0,0.849245
0.0,1.0,0.830144
0.0,1.0,0.773945
0.0,1.0,0.704917
0.0,1.0,0.641779
0.0,1.0,0.534006
0.0,1.0,0.546554
0.0,1.0,0.564811
0.0,1.0,0.590743
0.0,1.0,0.62136
0.0,1.0,0.65513
0.0,1.0,0.683346
0.0,1.0,0.703563
0.0,1.0,0.712358
0.0,1.0,0.704935
0.009,1.0,0.686088
0.064,1.0,0.658528
0.151,1.0,0.634696
0.112,1.0,0.626082
0.056,1.0,0.642534
0.092,1.0,0.681036
0.081,1.0,0.74008
0.131,1.0,0.805719
0.068,1.0,0.863965
0.004,1.0,0.886542
0.0,1.0,0.868523
0.0,1.0,0.809815
0.0,1.0,0.740113
0.0,0.884395,0.673625
0.0,0.817886,0.562404
0.0,0.73955,0.575512
0.0,0.504922,0.59395
0.0,0.411544,0.618925
0.0,0.343908,0.650123
0.0,0.326047,0.682188
0.0,0.238755,0.713143
0.0,0.204864,0.735857
0.0,0.242337,0.744977
0.0,0.214669,0.738907
0.013,0.231699,0.72161
0.1,0.330452,0.690495
0.194,0.357724,0.663394
0.264,0.362411,0.651418
0.294,0.381565,0.663801
0.29,0.296296,0.703523
0.203,0.317352,0.764487
0.159,0.228224,0.831344
0.057,0.198495,0.889228
0.005,0.296296,0.914432
0.0,0.245954,0.895715
0.0,0.25702,0.837109
0.0,0.208098,0.762376
0.0,0.163036,0.69454
0.0,0.168626,0.579126
0.0,0.105303,0.591251
0.0,0.099229,0.608129
0.0,0.115967,0.630857
0.0,0.157572,0.65967
0.0,0.228224,0.691422
0.0,0.242337,0.717142
0.0,0.268413,0.735839
0.0,0.362411,0.743289
0.0,0.437694,0.736408
0.005,0.334898,0.716758
0.015,0.317352,0.692812
0.018,0.221377,0.670914
0.032,0.082418,0.658096
0.037,0.165815,0.662284
0.134,0.367138,0.690716
0.146,0.208098,0.749716
0.07,0.07896,0.819991
0.04,0.039133,0.879148
0.003,0.025208,0.905149
0.0,0.012404,0.887662
0.0,0.003053,0.832397
0.0,0.000794,0.756382
0.0,4.0e-6,0.684477
0.0,0.0,0.57072
0.0,0.000963,0.586608
0.0,0.015625,0.608746
0.0,0.023649,0.633604
0.0,0.031201,0.660345
0.0,0.026012,0.689051
0.0,0.063115,0.712269
0.0,0.132074,0.726707
0.0,0.19226,0.729068
0.0,0.238755,0.709115
0.002,0.231699,0.687752
0.028,0.221377,0.661701
0.06,0.238755,0.637778
0.067,0.284121,0.626898
0.08,0.357724,0.636549
0.053,0.284121,0.672304
0.016,0.268413,0.731466
0.017,0.253295,0.796341
0.011,0.253295,0.846921
0.001,0.253295,0.866019
0.0,0.268413,0.844486
0.0,0.32168,0.788295
0.0,0.381565,0.717967
0.0,0.401383,0.650485
0.0,0.300431,0.541767
0.0,0.343908,0.552496
0.0,0.476131,0.569572
0.0,0.522741,0.592174
0.0,0.464928,0.619911
0.0,0.39139,0.64975
0.0,0.343908,0.676937
0.0,0.334898,0.696144
0.0,0.296296,0.703193
0.0,0.353079,0.69421
0.005,0.448456,0.677248
0.026,0.522741,0.653888
0.104,0.268413,0.631718
0.083,0.381565,0.624626
0.095,0.842421,0.635745
0.082,0.859047,0.671456
0.095,1.0,0.726212
0.07,0.875891,0.788735
0.047,0.892953,0.840832
0.005,0.875891,0.857738
0.0,0.842421,0.83541
0.0,0.875891,0.782621
0.0,0.972479,0.711954
0.0,0.972479,0.646583
0.0,1.0,0.537848
0.0,1.0,0.543925
0.0,1.0,0.55469
0.0,1.0,0.575303
0.0,1.0,0.602249
0.0,1.0,0.631238
0.0,1.0,0.664848
0.0,0.659344,0.693581
0.0,0.553363,0.703927
0.0,0.371906,0.702348
0.008,0.427105,0.689988
0.083,0.565939,0.665415
0.192,0.487512,0.641383
0.24,0.884395,0.62972
0.252,0.842421,0.640183
0.275,0.801797,0.675353
0.269,0.981596,0.732175
0.16,1.0,0.800881
0.089,1.0,0.856771
0.009,1.0,0.881218
0.0,1.0,0.862308
0.0,1.0,0.807756
0.0,1.0,0.736519
0.0,1.0,0.667272
0.0,1.0,0.554386
0.0,1.0,0.566018
0.0,1.0,0.586853
0.0,1.0,0.609442
0.0,1.0,0.6336
0.0,1.0,0.657965
0.0,1.0,0.682301
0.0,1.0,0.700018
0.0,1.0,0.708765
0.0,1.0,0.700559
0.017,1.0,0.683433
0.086,1.0,0.658313
0.19,1.0,0.636007
0.245,1.0,0.62516
0.253,1.0,0.639302
0.277,1.0,0.675219
0.263,1.0,0.732895
0.145,1.0,0.800719
0.053,1.0,0.859598
0.006,1.0,0.881029
0.0,1.0,0.860122
0.0,1.0,0.802911
0.0,1.0,0.73211
0.0,1.0,0.662512
0.0,1.0,0.551674
0.0,1.0,0.563903
0.0,1.0,0.582657
0.0,1.0,0.606476
0.0,1.0,0.637074
0.0,1.0,0.670035
0.0,1.0,0.699665
0.0,1.0,0.721978
0.0,1.0,0.731773
0.0,0.754798,0.721715
0.018,0.522741,0.701647
0.062,0.264579,0.674357
0.092,0.097258,0.650798
0.069,0.004892,0.646392
0.067,0.004377,0.659431
0.036,0.005445,0.702069
0.023,0.063115,0.76894
0.011,0.165815,0.84747
0.006,0.317352,0.905367
0.001,0.280138,0.917602
0.0,0.317352,0.887807
0.0,0.284121,0.828786
0.0,0.381565,0.754798
0.0,0.411544,0.684578
0.0,0.25702,0.571908
0.0,0.39139,0.585837
0.0,0.348473,0.603899
0.0,0.371906,0.632739
0.0,0.2922,0.663106
0.0,0.245954,0.693494
0.0,0.201663,0.720919
0.0,0.149606,0.741374
0.0,0.113779,0.745572
0.0,0.075601,0.735391
0.02,0.087791,0.714177
0.084,0.095313,0.682604
0.155,0.087791,0.654308
0.256,0.115967,0.639536
0.275,0.214669,0.649442
0.243,0.308814,0.688325
0.134,0.381565,0.750566
0.103,0.272284,0.817135
0.066,0.280138,0.874062
0.009,0.313064,0.900919
0.0,0.32168,0.881505
0.0,0.300431,0.824759
0.0,0.231699,0.750287
0.0,0.163036,0.682791
0.0,0.095313,0.569112
0.0,0.080677,0.583631
0.0,0.075601,0.604971
0.0,0.054712,0.630369
0.0,0.049546,0.660623
0.0,0.066097,0.692422
0.0,0.082418,0.720599
0.0,0.084184,0.741863
0.0,0.084184,0.7502
0.0,0.099229,0.746527
0.026,0.101227,0.724234
0.117,0.084184,0.689246
0.211,0.034036,0.654787
0.269,0.109486,0.640018
0.325,0.115967,0.647688
0.319,0.082418,0.683298
0.226,0.054712,0.743385
0.175,0.016811,0.812126
0.102,0.007352,0.871712
0.015,0.003053,0.905642
0.0,0.002505,0.89406
0.0,0.004377,0.842065
0.0,0.005163,0.770256
0.0,0.009245,0.700092
0.0,0.006351,0.5841
0.0,0.008453,0.596965
0.0,0.003675,0.616691
0.0,0.003675,0.644635
0.0,0.011438,0.676283
0.0,0.014496,0.711883
0.0,0.012906,0.74167
0.0,0.010523,0.764346
0.0,0.013952,0.771261
0.0,0.016811,0.763303
0.015,0.012906,0.740586
0.085,0.010523,0.707355
0.119,0.0039,0.677554
0.167,0.002679,0.660283
0.203,0.003459,0.666101
0.188,0.002338,0.698816
0.173,0.00463,0.75679
0.129,0.017426,0.823911
0.063,0.037037,0.881264
0.011,0.045892,0.908261
0.0,0.053388,0.890641
0.0,0.041307,0.844425
0.0,0.042423,0.769865
0.0,0.042423,0.698969
0.0,0.027672,0.583131
0.0,0.026834,0.594031
0.0,0.031201,0.613001
0.0,0.056057,0.638019
0.0,0.091501,0.670806
0.0,0.087791,0.706898
0.0,0.103251,0.741231
0.0,0.111619,0.764707
0.0,0.095313,0.77492
0.0,0.120427,0.771823
0.032,0.13941,0.748893
0.142,0.099229,0.713087
0.241,0.141914,0.678659
0.308,0.163036,0.658454
0.331,0.201663,0.662755
0.25,0.264579,0.697656
0.229,0.288142,0.753819
0.116,0.242337,0.822544
0.043,0.348473,0.879801
0.009,0.32168,0.902689
0.0,0.308814,0.882226
0.0,0.376715,0.832837
0.0,0.396365,0.75932
0.0,0.300431,0.68866
0.0,0.224783,0.573889
0.0,0.189192,0.587194
0.0,0.149606,0.606623
0.0,0.113779,0.633464
0.0,0.091501,0.666033
0.0,0.120427,0.69961
0.0,0.109486,0.728883
0.0,0.111619,0.748751
0.0,0.084184,0.757154
0.0,0.085975,0.751772
0.008,0.127329,0.730948
0.034,0.211367,0.704203
0.071,0.129687,0.678236
0.083,0.13449,0.666836
0.103,0.125,0.678021
0.091,0.105303,0.717746
0.092,0.056057,0.779055
0.081,0.049546,0.848151
0.04,0.082418,0.906069
0.006,0.195361,0.930558
0.0,0.334898,0.90841
0.0,0.510816,0.850821
0.0,0.611453,0.774837
0.0,0.747149,0.700416
0.0,0.652355,0.580466
0.0,0.659344,0.590671
0.0,0.695041,0.608206
0.0,0.673473,0.632342
0.0,0.624891,0.662683
0.0,0.631683,0.695338
0.0,0.702332,0.724433
0.0,0.709673,0.744988
0.0,0.709673,0.754172
0.0,0.572297,0.749628
0.036,0.406442,0.729652
0.15,0.189192,0.697603
0.258,0.396365,0.666667
0.327,0.330452,0.651046
0.283,0.276193,0.659701
0.286,0.296296,0.695224
0.242,0.280138,0.755464
0.196,0.245954,0.822467
0.1,0.147012,0.880696
0.025,0.080677,0.914732
0.0,0.048307,0.904825
0.0,0.037037,0.849314
0.0,0.026012,0.775982
0.0,0.013952,0.702214
0.0,0.007007,0.584458
0.0,0.003252,0.599897
0.0,0.004134,0.619033
0.0,0.0039,0.648425
0.0,0.001882,0.678797
0.0,0.001156,0.712226
0.0,0.000202,0.739663
0.0,0.0,0.759839
0.0,0.0,0.774902
0.0,0.0,0.767728
0.046,0.0,0.749663
0.156,0.0,0.713119
0.27,0.0,0.675058
0.372,0.0,0.657147
0.408,0.0,0.666668
0.383,0.0,0.703381
0.363,0.0,0.763463
0.263,0.0,0.833033
0.146,0.001156,0.898856
0.03,0.026012,0.936308
0.0,0.084184,0.927812
0.0,0.107381,0.868948
0.0,0.067622,0.795514
0.0,0.038075,0.72368
0.0,0.013952,0.604792
0.0,0.009245,0.618698
0.0,0.045892,0.63839
0.0,0.101227,0.664411
0.0,0.093394,0.696973
0.0,0.075601,0.732786
0.0,0.044716,0.765021
0.0,0.052086,0.788346
0.0,0.037037,0.797145
0.0,0.026834,0.788955
0.051,0.027672,0.763242
0.177,0.016811,0.723204
0.297,0.009245,0.688541
0.384,0.002679,0.669009
0.427,2.9e-5,0.67357
0.422,0.0,0.706762
0.369,0.0,0.763728
0.272,0.0,0.831464
0.147,0.000313,0.893217
0.03,0.007007,0.93051
0.0,0.025208,0.919179
0.0,0.032127,0.868231
0.0,0.026834,0.792343
0.0,0.02442,0.71929
0.0,0.021433,0.597328
0.0,0.027672,0.608516
0.0,0.034036,0.622617
0.0,0.033072,0.648011
0.0,0.04021,0.673329
0.0,0.047089,0.704985
0.0,0.048307,0.735269
0.0,0.064594,0.757746
0.0,0.109486,0.768681
0.0,0.125,0.75914
0.027,0.103251,0.734201
0.07,0.058813,0.703554
0.124,0.020727,0.675426
0.193,0.019361,0.660449
0.248,0.015625,0.667083
0.25,0.017426,0.699131
0.199,0.029401,0.754603
0.105,0.035017,0.82153
0.067,0.011914,0.875731
0.013,0.009245,0.903534
0.0,0.010523,0.886959
0.0,0.012404,0.836267
0.0,0.015053,0.762425
0.0,0.014496,0.692212
0.0,0.005445,0.576671
0.0,0.001882,0.588091
0.0,8.1e-5,0.60621
0.0,0.0,0.62958
0.0,0.0,0.659069
0.0,0.0,0.691545
0.0,0.0,0.724399
0.0,1.0e-5,0.750595
0.0,0.000313,0.763893
0.0,0.000794,0.760047
0.055,0.001489,0.735882
0.176,0.003053,0.689252
0.296,0.000235,0.6513
0.372,0.003675,0.631589
0.371,0.020036,0.638425
0.357,0.022894,0.672744
0.289,0.030292,0.730209
0.254,0.054712,0.794973
0.138,0.066097,0.854331
0.032,0.105303,0.88465
0.0,0.201663,0.872453
0.0,0.353079,0.821779
0.0,0.504922,0.748409
0.0,0.73955,0.676508
0.0,1.0,0.56045
0.0,1.0,0.568354
0.0,1.0,0.583253
0.0,1.0,0.606398
0.0,1.0,0.634801
0.0,1.0,0.663104
0.0,1.0,0.687722
0.0,1.0,0.703213
0.0,1.0,0.704647
0.0,0.901567,0.694098
0.007,0.680612,0.673199
0.042,0.73955,0.645435
0.076,0.624891,0.622834
0.134,0.604807,0.612211
0.171,0.793832,0.623112
0.204,0.92774,0.658116
0.102,1.0,0.716869
0.031,1.0,0.787818
0.021,1.0,0.839832
0.01,1.0,0.859773
0.0,0.990769,0.837418
0.0,1.0,0.775314
0.0,1.0,0.698655
0.0,1.0,0.629981
0.0,1.0,0.522376
0.0,1.0,0.531446
0.0,1.0,0.546567
0.0,1.0,0.567573
0.0,1.0,0.594873
0.0,1.0,0.625753
0.0,1.0,0.655058
0.0,1.0,0.676052
0.0,1.0,0.684519
0.0,1.0,0.672559
0.006,1.0,0.653783
0.016,1.0,0.630476
0.035,1.0,0.609816
0.046,1.0,0.600819
0.028,1.0,0.61224
0.033,1.0,0.645843
0.039,1.0,0.699322
0.024,1.0,0.760427
0.018,1.0,0.808707
0.006,1.0,0.826943
0.0,1.0,0.806382
0.0,1.0,0.753621
0.0,1.0,0.687231
0.0,1.0,0.622651
0.0,1.0,0.51813
0.0,1.0,0.529028
0.0,1.0,0.545389
0.0,1.0,0.567712
0.0,1.0,0.595017
0.0,1.0,0.623657
0.0,1.0,0.649752
0.0,0.778061,0.671391
0.0,0.23521,0.687088
0.0,0.082418,0.68794
0.003,0.075601,0.675802
0.013,0.120427,0.657016
0.02,0.085975,0.63917
0.049,0.073957,0.630496
0.046,0.082418,0.642482
0.083,0.089633,0.677825
0.07,0.097258,0.734881
0.045,0.097258,0.802811
0.012,0.085975,0.859698
0.004,0.070742,0.883078
0.0,0.060225,0.864042
0.0,0.049546,0.807508
0.0,0.033072,0.737077
0.0,0.027672,0.668506
0.0,0.014496,0.556211
0.0,0.016211,0.567861
0.0,0.022156,0.587989
0.0,0.027672,0.612681
0.0,0.026834,0.644225
0.0,0.019361,0.677471
0.0,0.019361,0.708926
0.0,0.023649,0.730639
0.0,0.027672,0.739652
0.002,0.032127,0.732804
0.055,0.020036,0.708596
0.185,0.006674,0.665345
0.276,0.008453,0.634844
0.374,0.038075,0.61976
0.321,0.066097,0.633006
0.296,0.125,0.669357
0.33,0.23521,0.726533
0.261,0.334898,0.795546
0.147,0.272284,0.853901
0.041,0.23521,0.881127
0.0,0.171468,0.868934
0.0,0.120427,0.815712
0.0,0.084184,0.745361
0.0,0.047089,0.675999
0.0,0.016211,0.56427
0.0,0.015053,0.579246
0.0,0.013423,0.597748
0.0,0.018701,0.623502
0.0,0.02442,0.654127
0.0,0.022894,0.688589
0.0,0.012404,0.719726
0.0,0.006674,0.741742
0.0,0.003675,0.752474
0.002,0.002679,0.748699
0.076,0.001613,0.721765
0.205,1.0e-5,0.6751
0.33,2.0e-6,0.643584
0.386,0.000459,0.62983
0.422,0.000717,0.638881
0.402,0.000313,0.674797
0.34,8.1e-5,0.734114
0.247,0.003675,0.806529
0.154,0.0039,0.864607
0.046,0.002178,0.894045
0.0,0.000272,0.883448
0.0,1.0e-6,0.832892
0.0,0.0,0.766751
0.0,2.0e-6,0.700573
0.0,0.0,0.585895
0.0,0.00463,0.599394
0.0,0.015625,0.619142
0.0,0.018056,0.641004
0.0,0.012404,0.671737
0.0,0.016211,0.70407
0.0,0.018701,0.731209
0.0,0.017426,0.752752
0.0,0.020036,0.757963
0.003,0.019361,0.749353
0.064,0.018056,0.719317
0.191,0.004377,0.67803
0.285,0.009659,0.650797
0.382,0.016211,0.635526
0.382,0.026012,0.643962
0.391,0.038075,0.67863
0.358,0.038075,0.738271
0.26,0.095313,0.811037
0.157,0.060225,0.867454
0.05,0.029401,0.897925
0.0,0.019361,0.88527
0.0,0.016211,0.835482
0.0,0.013423,0.764153
0.0,0.010085,0.693742
0.0,0.008074,0.577706
0.0,0.006674,0.591669
0.0,0.008074,0.609235
0.0,0.008074,0.634761
0.0,0.006674,0.665199
0.0,0.001882,0.698699
0.0,0.000313,0.730249
0.0,1.5e-5,0.752556
0.0,1.5e-5,0.760175
0.004,0.0,0.753137
0.075,0.0,0.723031
0.176,0.0,0.682401
0.291,0.0,0.650702
0.376,0.0,0.636162
0.35,0.0,0.645346
0.355,0.0,0.677792
0.28,0.0,0.734018
0.157,0.0,0.801846
0.111,0.0,0.855723
0.039,9.9e-5,0.882935
0.0,0.003053,0.871595
0.0,0.009659,0.827191
0.0,0.021433,0.758241
0.0,0.034036,0.687644
0.0,0.061659,0.572606
0.0,0.066097,0.58772
0.0,0.060225,0.606464
0.0,0.054712,0.633224
0.0,0.054712,0.666408
0.0,0.053388,0.700701
0.0,0.045892,0.73002
0.0,0.050805,0.753109
0.0,0.061659,0.762333
0.005,0.067622,0.744976
0.077,0.06917,0.718964
0.227,0.029401,0.68373
0.35,0.029401,0.65057
0.431,0.067622,0.631773
0.483,0.201663,0.636528
0.452,0.189192,0.670013
0.36,0.245954,0.726412
0.254,0.296296,0.792652
0.151,0.174341,0.84979
0.053,0.19226,0.878823
0.001,0.308814,0.86756
0.0,0.304603,0.82249
0.0,0.362411,0.753951
0.0,0.396365,0.685239
0.0,0.427105,0.572421
0.0,0.330452,0.586894
0.0,0.25702,0.606902
0.0,0.221377,0.633001
0.0,0.201663,0.66476
0.0,0.218006,0.698231
0.0,0.201663,0.728215
0.0,0.171468,0.748877
0.0,0.171468,0.757257
0.006,0.180185,0.748666
0.092,0.152231,0.719496
0.214,0.101227,0.679809
0.311,0.061659,0.646801
0.424,0.136935,0.62879
0.474,0.218006,0.635678
0.468,0.284121,0.669121
0.413,0.367138,0.724615
0.302,0.411544,0.790692
0.185,0.348473,0.846725
0.067,0.32168,0.877634
0.001,0.253295,0.867334
0.0,0.25702,0.816866
0.0,0.264579,0.747188
0.0,0.171468,0.680589
0.0,0.152231,0.568521
0.0,0.174341,0.582909
0.0,0.183155,0.601503
0.0,0.180185,0.623362
0.0,0.157572,0.650456
0.0,0.118183,0.680294
0.0,0.105303,0.707993
0.0,0.101227,0.728082
0.0,0.111619,0.736249
0.006,0.118183,0.731798
0.079,0.107381,0.706926
0.212,0.048307,0.671418
0.319,0.047089,0.643732
0.412,0.064594,0.630037
0.457,0.049546,0.639848
0.463,0.026012,0.674302
0.426,0.013423,0.730243
0.34,0.018056,0.79501
0.21,0.028528,0.852271
0.073,0.053388,0.886222
0.002,0.066097,0.87951
0.0,0.058813,0.82823
0.0,0.034036,0.760772
0.0,0.019361,0.694344
0.0,0.007352,0.581748
0.0,0.000235,0.598887
0.0,0.001057,0.623095
0.0,1.0e-5,0.649826
0.0,0.000645,0.681662
0.0,0.003053,0.712273
0.0,0.021433,0.737492
0.0,0.044716,0.753704
0.0,0.073957,0.757367
0.005,0.109486,0.746424
0.03,0.228224,0.718895
0.072,0.330452,0.685222
0.071,0.330452,0.659265
0.158,0.376715,0.642546
0.108,0.78592,0.6526
0.062,1.0,0.690077
0.035,1.0,0.746543
0.025,1.0,0.808257
0.015,1.0,0.854866
0.006,1.0,0.867285
0.0,1.0,0.838079
0.0,0.817886,0.782351
0.0,0.572297,0.706023
0.0,0.443053,0.635231
0.0,0.470508,0.525881
0.0,0.39139,0.534428
0.0,0.437694,0.54837
0.0,0.754798,0.570131
0.0,1.0,0.598929
0.0,1.0,0.632146
0.0,1.0,0.662406
0.0,0.867442,0.683551
0.0,0.680612,0.693639
0.001,0.702332,0.688785
0.02,0.578704,0.678036
0.066,0.453903,0.656862
0.247,0.249606,0.62967
0.387,0.411544,0.613372
0.429,0.276193,0.621442
0.354,0.25702,0.65561
0.368,0.180185,0.709139
0.259,0.260781,0.782802
0.128,0.367138,0.839243
0.04,0.330452,0.86403
0.002,0.23521,0.850169
0.0,0.165815,0.802556
0.0,0.082418,0.735759
0.0,0.125,0.668746
0.0,0.174341,0.555527
0.0,0.25702,0.565287
0.0,0.171468,0.582069
0.0,0.105303,0.605167
0.0,0.063115,0.636296
0.0,0.020727,0.669112
0.0,0.004134,0.700908
0.0,0.0,0.721577
0.0,0.0,0.732041
0.008,0.0,0.726046
0.084,0.002679,0.693748
0.189,0.063115,0.655839
0.276,0.010974,0.627984
0.356,0.038075,0.613135
0.424,0.084184,0.62121
0.411,0.087791,0.654612
0.362,0.044716,0.710528
0.246,0.026012,0.777126
0.166,0.022156,0.831278
0.053,0.014496,0.857818
0.003,0.003053,0.849792
0.0,0.003252,0.803959
0.0,0.009245,0.733788
0.0,0.018056,0.666224
0.0,0.066097,0.555833
0.0,0.101227,0.569318
0.0,0.115967,0.586858
0.0,0.177247,0.609483
0.0,0.272284,0.636643
0.0,0.406442,0.666559
0.0,0.572297,0.693691
0.0,0.850707,0.711036
0.0,1.0,0.718235
0.002,1.0,0.712366
0.019,0.936575,0.696416
0.058,0.884395,0.672395
0.092,0.371906,0.64972
0.084,0.284121,0.639501
0.05,0.245954,0.653087
0.051,0.099229,0.692102
0.038,0.005737,0.75286
0.061,2.9e-5,0.81874
0.056,1.5e-5,0.866074
0.039,0.003675,0.882688
0.002,0.010085,0.860741
0.0,0.0039,0.802652
0.0,5.1e-5,0.735009
0.0,0.0,0.670968
0.0,0.0,0.561556
0.0,0.0,0.577618
0.0,0.0,0.600489
0.0,0.0,0.624318
0.0,0.0,0.659097
0.0,0.0,0.692273
0.0,0.0,0.725018
0.0,0.0,0.746367
0.0,0.0,0.752354
0.011,0.0,0.750055
0.072,0.0,0.721766
0.136,0.0,0.683699
0.184,0.0,0.648625
0.263,0.0,0.627939
0.32,0.0,0.633465
0.333,0.0,0.663818
0.224,0.0,0.718885
0.175,0.0,0.782644
0.121,6.0e-6,0.83808
0.064,0.000202,0.863762
0.004,0.001372,0.855515
0.0,0.003459,0.800422
0.0,0.008074,0.734575
0.0,0.008453,0.669105
0.0,0.009245,0.561781
0.0,0.011438,0.577217
0.0,0.00463,0.598792
0.0,0.000459,0.624531
0.0,0.0,0.654474
0.0,0.0,0.687423
0.0,0.0,0.716939
0.0,0.0,0.741157
0.0,0.0,0.74553
0.012,0.0,0.731647
0.071,0.0,0.700832
0.18,0.0,0.664254
0.288,0.0,0.634072
0.349,0.0,0.618497
0.399,0.0,0.623151
0.402,0.0,0.655182
0.363,0.000579,0.708701
0.259,0.016211,0.781319
0.18,0.034036,0.839491
0.072,0.056057,0.866152
0.005,0.028528,0.854982
0.0,0.015625,0.806966
0.0,0.010523,0.741311
0.0,0.018056,0.672288
0.0,0.010085,0.559563
0.0,0.00463,0.570645
0.0,0.007007,0.588218
0.0,0.006674,0.613532
0.0,0.001882,0.642958
0.0,0.001613,0.676791
0.0,0.001489,0.706612
0.0,0.001882,0.728207
0.0,0.001261,0.736361
0.02,0.001057,0.729543
0.123,5.1e-5,0.692034
0.229,0.0,0.653613
0.371,0.0,0.625203
0.463,0.0,0.610463
0.508,0.0,0.617818
0.45,0.0,0.651051
0.41,0.0,0.706663
0.296,0.0,0.770223
0.189,0.0,0.826712
0.082,0.000313,0.85499
0.006,8.1e-5,0.846886
0.0,8.1e-5,0.799377
0.0,0.000876,0.735185
0.0,0.002026,0.669632
0.0,0.000963,0.558527
0.0,0.003053,0.569588
0.0,0.002679,0.587759
0.0,0.001882,0.613049
0.0,0.000313,0.645195
0.0,1.0e-5,0.679846
0.0,0.0,0.709041
0.0,8.1e-5,0.728389
0.0,0.001882,0.734208
0.022,0.010085,0.723554
0.127,0.010523,0.687006
0.269,0.001744,0.645172
0.383,0.002505,0.616349
0.391,0.003675,0.603827
0.468,0.003252,0.609656
0.457,0.006351,0.640933
0.37,0.010523,0.698112
0.229,0.009659,0.7715
0.148,0.000579,0.824295
0.072,0.002026,0.849608
0.007,0.010085,0.841599
0.0,0.034036,0.791787
0.0,0.13449,0.726663
0.0,0.280138,0.658304
0.0,0.376715,0.546692
0.0,0.416688,0.557519
0.0,0.432378,0.575327
0.0,0.453903,0.598158
0.0,0.504922,0.624807
0.0,0.565939,0.655598
0.0,0.598209,0.683777
0.0,0.695041,0.703178
0.0,0.901567,0.710298
0.015,1.0,0.699877
0.078,1.0,0.677472
0.158,0.834189,0.650488
0.221,0.732004,0.624324
0.256,0.892953,0.610324
0.308,0.963418,0.614885
0.315,0.809815,0.644985
0.341,0.680612,0.694422
0.264,0.487512,0.754252
0.151,0.32168,0.804984
0.064,0.260781,0.827925
0.006,0.218006,0.812944
0.0,0.221377,0.764118
0.0,0.245954,0.699886
0.0,0.245954,0.636226
0.0,0.204864,0.532509
0.0,0.13449,0.54975
0.0,0.095313,0.570457
0.0,0.105303,0.597655
0.0,0.105303,0.629059
0.0,0.077268,0.662912
0.0,0.054712,0.693628
0.0,0.041307,0.715607
0.0,0.042423,0.725947
0.03,0.048307,0.71846
0.15,0.033072,0.68663
0.295,0.013423,0.649245
0.418,0.004134,0.617551
0.509,0.002338,0.598837
0.551,0.003252,0.603202
0.538,0.006674,0.631904
0.479,0.011438,0.683463
0.365,0.015625,0.74408
0.199,0.019361,0.796016
0.081,0.030292,0.823516
0.007,0.057424,0.816077
0.0,0.085975,0.773125
0.0,0.095313,0.708065
0.0,0.095313,0.642187
0.0,0.125,0.533851
0.0,0.077268,0.545637
0.0,0.064594,0.563085
0.0,0.042423,0.588678
0.0,0.029401,0.620331
0.0,0.052086,0.65304
0.0,0.053388,0.681849
0.0,0.060225,0.702723
0.0,0.06917,0.709838
0.03,0.063115,0.701738
0.144,0.021433,0.672612
0.258,0.007007,0.637909
0.405,0.002862,0.605911
0.478,0.005163,0.586013
0.446,0.006674,0.592255
0.246,0.010085,0.626266
0.227,0.009659,0.678958
0.155,0.008843,0.741799
0.13,0.010085,0.792644
0.075,0.020727,0.821943
0.01,0.049546,0.818217
0.0,0.058813,0.775093
0.0,0.043559,0.709052
0.0,0.025208,0.643075
0.0,0.026012,0.537527
0.0,0.018701,0.550592
0.0,0.015625,0.568183
0.0,0.010974,0.593968
0.0,0.009659,0.625178
0.0,0.007352,0.658112
0.0,0.009659,0.69009
0.0,0.011914,0.714237
0.0,0.026834,0.724544
0.037,0.031201,0.714789
0.159,0.006038,0.684621
0.301,0.001372,0.646673
0.41,0.000517,0.614435
0.509,0.000235,0.595827
0.528,0.000235,0.59948
0.533,0.000171,0.630218
0.462,0.000313,0.681649
0.366,0.001261,0.743849
0.212,0.003459,0.794818
0.084,0.016211,0.820333
0.01,0.057424,0.809192
0.0,0.06917,0.771815
0.0,0.053388,0.707632
0.0,0.033072,0.642497
0.0,0.038075,0.535238
0.0,0.032127,0.54825
0.0,0.057424,0.566389
0.0,0.093394,0.592092
0.0,0.087791,0.620501
0.0,0.089633,0.6532
0.0,0.084184,0.681269
0.0,0.085975,0.701358
0.0,0.101227,0.711526
0.033,0.107381,0.704938
0.147,0.054712,0.6758
0.303,0.075601,0.63963
0.416,0.049546,0.609035
0.483,0.048307,0.594628
0.51,0.064594,0.600369
0.56,0.085975,0.628228
0.495,0.089633,0.677899
0.399,0.089633,0.737155
0.267,0.085975,0.788607
0.122,0.113779,0.816796
0.015,0.183155,0.811249
0.0,0.204864,0.768516
0.0,0.224783,0.706181
0.0,0.23521,0.644727
0.0,0.165815,0.537649
0.0,0.141914,0.5507
0.0,0.160289,0.566431
0.0,0.174341,0.589552
0.0,0.189192,0.618513
0.0,0.208098,0.650402
0.0,0.218006,0.680558
0.0,0.218006,0.702137
0.0,0.204864,0.710774
0.038,0.165815,0.703437
0.162,0.115967,0.68101
0.313,0.085975,0.649687
0.455,0.089633,0.618807
0.544,0.082418,0.600206
0.555,0.091501,0.602604
0.56,0.113779,0.62988
0.519,0.129687,0.678114
0.354,0.115967,0.739124
0.277,0.127329,0.788847
0.129,0.149606,0.817009
0.016,0.183155,0.810489
0.0,0.183155,0.763475
0.0,0.125,0.701573
0.0,0.099229,0.640539
0.0,0.132074,0.535315
0.0,0.070742,0.549511
0.0,0.042423,0.569525
0.0,0.020036,0.595332
0.0,0.007007,0.626573
0.0,0.005445,0.65814
0.0,0.006351,0.684945
0.0,0.013952,0.703625
0.0,0.022156,0.704658
0.033,0.013952,0.68908
0.11,0.002338,0.658948
0.241,0.005163,0.624863
0.292,0.007352,0.6003
0.285,0.021433,0.589441
0.242,0.036018,0.598574
0.205,0.052086,0.629295
0.177,0.070742,0.677498
0.104,0.061659,0.734133
0.091,0.052086,0.781688
0.049,0.042423,0.802135
0.007,0.084184,0.792273
0.0,0.129687,0.743862
0.0,0.149606,0.68137
0.0,0.129687,0.619417
0.0,0.109486,0.517159
0.0,0.13941,0.529192
0.0,0.180185,0.547362
0.0,0.163036,0.569722
0.0,0.163036,0.596407
0.0,0.171468,0.629322
0.0,0.204864,0.657847
0.0,0.249606,0.680269
0.0,0.253295,0.690952
0.045,0.221377,0.686059
0.135,0.132074,0.658977
0.283,0.411544,0.626343
0.365,0.367138,0.599694
0.452,0.339383,0.585473
0.406,0.376715,0.593848
0.387,0.443053,0.625038
0.4,0.504922,0.676057
0.304,0.510816,0.735157
0.212,0.448456,0.785528
0.107,0.268413,0.8098
0.018,0.204864,0.798801
0.0,0.152231,0.752512
0.0,0.132074,0.692331
0.0,0.152231,0.632138
0.0,0.280138,0.527688
0.0,0.211367,0.541113
0.0,0.168626,0.560241
0.0,0.141914,0.585021
0.0,0.125,0.615758
0.0,0.095313,0.648192
0.0,0.073957,0.678227
0.0,0.080677,0.700466
0.0,0.085975,0.709072
0.058,0.049546,0.696511
0.197,0.009245,0.662621
0.344,0.001489,0.622843
0.469,0.001057,0.588817
0.556,0.004134,0.570722
0.596,0.008453,0.576081
0.586,0.003675,0.605535
0.526,0.002679,0.654895
0.419,0.002862,0.712979
0.284,0.007707,0.764643
0.139,0.031201,0.794025
0.022,0.099229,0.794315
0.0,0.129687,0.753406
0.0,0.107381,0.693118
0.0,0.089633,0.632831
0.0,0.054712,0.529393
0.0,0.033072,0.542843
0.0,0.018701,0.561401
0.0,0.016811,0.586854
0.0,0.020036,0.612348
0.0,0.015625,0.639732
0.0,0.006674,0.662871
0.0,0.003252,0.67944
0.0,0.001744,0.68255
0.021,0.000717,0.671002
0.07,0.0039,0.64728
0.128,0.002679,0.619332
0.134,0.000645,0.594993
0.159,9.9e-5,0.58289
0.242,0.000272,0.589867
0.22,0.001744,0.622294
0.192,0.003252,0.676235
0.117,0.006038,0.739631
0.085,0.008453,0.791182
0.052,0.018701,0.813676
0.007,0.016811,0.797983
0.0,0.018056,0.748315
0.0,0.028528,0.681517
0.0,0.032127,0.617427
0.0,0.008843,0.514832
0.0,0.015625,0.524437
0.0,0.035017,0.540615
0.0,0.043559,0.561435
0.0,0.041307,0.58707
0.0,0.041307,0.615327
0.0,0.037037,0.641797
0.0,0.030292,0.660007
0.0,0.031201,0.667442
0.022,0.033072,0.662006
0.053,0.047089,0.643615
0.1,0.029401,0.618614
0.172,0.008453,0.594313
0.222,0.009659,0.582234
0.235,0.008843,0.589212
0.285,0.009659,0.618723
0.249,0.016811,0.670791
0.224,0.02442,0.729433
0.153,0.044716,0.780312
0.07,0.041307,0.801618
0.016,0.041307,0.788017
0.0,0.044716,0.742374
0.0,0.041307,0.678416
0.0,0.026834,0.616706
0.0,0.009659,0.511316
0.0,0.010085,0.524387
0.0,0.008843,0.539955
0.0,0.007352,0.560751
0.0,0.008453,0.586356
0.0,0.008453,0.613196
0.0,0.009245,0.640295
0.0,0.011914,0.656239
0.001,0.008453,0.662135
0.028,0.005737,0.655263
0.11,0.002505,0.631266
0.222,0.029401,0.603909
0.359,0.005445,0.577386
0.2,0.008453,0.56955
0.142,0.027672,0.581736
0.155,0.06917,0.615143
0.064,0.129687,0.668468
0.062,0.107381,0.726907
0.077,0.125,0.773994
0.04,0.054712,0.79422
0.009,0.063115,0.778077
0.0,0.077268,0.729695
0.0,0.06917,0.666105
0.0,0.053388,0.602782
0.0,0.037037,0.501467
0.0,0.043559,0.511985
0.0,0.053388,0.52658
0.0,0.087791,0.548733
0.0,0.095313,0.577724
0.0,0.099229,0.60691
0.0,0.089633,0.632305
0.0,0.067622,0.649507
0.001,0.052086,0.654591
0.039,0.027672,0.644835
0.109,0.044716,0.626172
0.171,0.021433,0.601097
0.268,0.000459,0.575363
0.251,0.001613,0.564897
0.312,0.022894,0.571574
0.269,0.095313,0.604397
0.321,0.231699,0.65447
0.331,0.348473,0.714208
0.185,0.296296,0.76948
0.103,0.224783,0.796962
0.02,0.111619,0.782535
0.0,0.061659,0.731334
0.0,0.043559,0.669115
0.0,0.052086,0.606888
0.0,0.028528,0.505423
0.0,0.04021,0.514848
0.0,0.043559,0.528928
0.0,0.053388,0.549918
0.0,0.063115,0.576986
0.0,0.099229,0.604072
0.0,0.122699,0.628631
0.0,0.141914,0.647204
0.002,0.109486,0.651527
0.043,0.082418,0.641075
0.141,0.045892,0.615339
0.21,0.063115,0.587878
0.327,0.017426,0.563928
0.283,0.034036,0.554288
0.399,0.056057,0.560104
0.281,0.093394,0.597975
0.324,0.109486,0.649053
0.265,0.103251,0.709147
0.128,0.057424,0.759572
0.083,0.049546,0.781288
0.016,0.043559,0.769022
0.0,0.042423,0.725396
0.0,0.030292,0.662178
0.0,0.026834,0.601294
0.0,0.035017,0.500183
0.0,0.038075,0.511254
0.0,0.042423,0.526432
0.0,0.052086,0.547946
0.0,0.054712,0.573611
0.0,0.056057,0.599852
0.0,0.058813,0.624951
0.0,0.061659,0.641217
0.001,0.054712,0.646968
0.024,0.04021,0.637309
0.059,0.080677,0.61957
0.147,0.082418,0.594056
0.105,0.067622,0.573942
0.194,0.07896,0.562195
0.353,0.064594,0.566833
0.322,0.089633,0.598674
0.309,0.093394,0.649812
0.288,0.061659,0.708285
0.214,0.053388,0.757743
0.115,0.045892,0.782145
0.027,0.037037,0.769831
0.0,0.025208,0.724461
0.0,0.010523,0.660562
0.0,0.001882,0.598452
0.0,0.0,0.4978
0.0,0.0,0.508239
0.0,0.0,0.523926
0.0,6.0e-6,0.545338
0.0,0.001489,0.570881
0.0,0.006038,0.597678
0.0,0.009245,0.621975
0.0,0.005737,0.639623
0.001,0.011914,0.6461
0.044,0.011438,0.639387
0.119,0.002679,0.615899
0.168,0.010974,0.589839
0.263,0.007007,0.566531
0.284,0.023649,0.556214
0.282,0.041307,0.564779
0.221,0.056057,0.596504
0.258,0.06917,0.645919
0.177,0.099229,0.706554
0.102,0.085975,0.756778
0.067,0.070742,0.777488
0.017,0.063115,0.763487
0.0,0.067622,0.716854
0.0,0.115967,0.653635
0.0,0.171468,0.590814
0.0,0.32168,0.489737
0.0,0.416688,0.498857
0.0,0.464928,0.513667
0.0,0.476131,0.53467
0.0,0.432378,0.560362
0.0,0.401383,0.588014
0.0,0.371906,0.614033
0.0,0.339383,0.632184
0.001,0.326047,0.63932
0.007,0.284121,0.631216
0.026,0.276193,0.613643
0.044,0.120427,0.589049
0.04,0.066097,0.569103
0.112,0.177247,0.558105
0.276,0.231699,0.564711
0.528,0.459394,0.590791
0.409,0.540974,0.641255
0.331,0.245954,0.699797
0.235,0.144448,0.747792
0.146,0.058813,0.771008
0.042,0.037037,0.764231
0.0,0.026834,0.724155
0.0,0.018056,0.666293
0.0,0.009245,0.6084
0.0,0.0,0.508836
0.0,0.0,0.525253
0.0,0.0,0.545594
0.0,0.003053,0.565393
0.0,0.048307,0.588646
0.0,0.072338,0.614949
0.0,0.120427,0.639269
0.0,0.198495,0.656682
0.004,0.253295,0.662599
0.083,0.348473,0.647753
0.232,0.264579,0.61986
0.37,0.25702,0.583454
0.449,0.288142,0.551785
0.394,0.49327,0.535816
0.536,0.91896,0.53736
0.362,0.884395,0.566813
0.308,0.875891,0.614466
0.198,0.945467,0.669795
0.084,0.618148,0.714952
0.051,0.652355,0.730169
0.012,0.875891,0.712014
0.0,1.0,0.667076
0.0,1.0,0.610591
0.0,1.0,0.555259
0.0,1.0,0.461889
0.0,1.0,0.471611
0.0,1.0,0.485021
0.0,0.842421,0.507956
0.0,0.272284,0.540114
0.0,0.095313,0.57488
0.0,0.111619,0.610177
0.0,0.198495,0.635439
0.001,0.272284,0.644063
0.019,0.453903,0.629421
0.123,0.510816,0.608382
0.32,1.0,0.579232
0.394,0.221377,0.553676
0.471,0.180185,0.540313
0.529,0.268413,0.544623
0.495,0.371906,0.573798
0.514,0.448456,0.620531
0.372,0.540974,0.677222
0.299,0.448456,0.721972
0.149,0.476131,0.75357
0.037,0.448456,0.739227
0.0,0.464928,0.694965
0.0,0.53485,0.634453
0.0,0.528772,0.575491
0.0,0.972479,0.479218
0.0,0.92774,0.487564
0.0,0.954414,0.50145
0.0,1.0,0.520124
0.0,1.0,0.544486
0.0,1.0,0.570022
0.0,1.0,0.593873
0.0,1.0,0.615043
0.001,1.0,0.627815
0.023,1.0,0.614798
0.131,1.0,0.589237
0.226,1.0,0.561456
0.261,1.0,0.541084
0.431,1.0,0.533094
0.485,1.0,0.543228
0.564,1.0,0.57233
0.532,1.0,0.621218
0.427,1.0,0.678788
0.281,1.0,0.727148
0.18,1.0,0.749828
0.048,0.659344,0.739938
0.0,0.659344,0.69725
0.0,0.591659,0.640245
0.0,0.540974,0.582748
0.0,0.591659,0.485215
0.0,0.268413,0.495964
0.0,0.437694,0.510688
0.0,0.591659,0.532174
0.0,0.709673,0.558377
0.0,0.680612,0.585923
0.0,0.540974,0.611834
0.0,0.522741,0.628477
0.007,0.504922,0.635565
0.087,0.504922,0.62681
0.17,0.432378,0.605874
0.257,0.499073,0.578224
0.265,0.401383,0.556024
0.435,0.481799,0.542673
0.494,0.659344,0.548388
0.541,0.936575,0.576405
0.501,0.834189,0.631676
0.392,0.591659,0.686058
0.211,0.304603,0.733997
0.145,0.201663,0.757702
0.049,0.154886,0.744967
0.0,0.093394,0.699483
0.0,0.070742,0.643736
0.0,0.087791,0.58254
0.0,0.224783,0.483349
0.0,0.481799,0.491219
0.0,0.709673,0.502295
0.0,0.770255,0.520404
0.0,0.631683,0.548597
0.0,0.470508,0.57767
0.0,0.32168,0.605314
0.0,0.189192,0.625347
0.01,0.183155,0.631679
0.082,0.238755,0.619396
0.187,0.218006,0.597275
0.342,0.260781,0.569274
0.458,0.296296,0.544116
0.511,0.313064,0.534161
0.578,0.195361,0.541697
0.558,0.249606,0.574189
0.534,0.218006,0.623236
0.391,0.120427,0.681784
0.289,0.044716,0.729433
0.135,0.005737,0.751226
0.035,0.000313,0.739497
0.0,0.0,0.697606
0.0,0.0,0.640523
0.0,0.0,0.583642
0.0,0.0,0.48702
0.0,0.0,0.497795
0.0,0.000406,0.513739
0.0,0.000645,0.53473
0.0,1.0e-6,0.561678
0.0,0.0,0.588049
0.0,0.0,0.610578
0.0,0.0,0.632884
0.01,0.0,0.638573
0.083,0.0,0.624115
0.176,0.0,0.595652
0.213,0.0,0.568406
0.321,0.0,0.543952
0.354,0.0,0.532729
0.313,0.0,0.542204
0.363,1.0e-5,0.571272
0.306,0.005163,0.621567
0.273,0.026012,0.67914
0.19,0.075601,0.726604
0.097,0.054712,0.7492
0.035,0.045892,0.736628
0.0,0.077268,0.696518
0.0,0.127329,0.63951
0.0,0.129687,0.582709
0.0,0.171468,0.487324
0.0,0.127329,0.499791
0.0,0.095313,0.518109
0.0,0.06917,0.542286
0.0,0.072338,0.570843
0.0,0.04021,0.600966
0.0,0.022894,0.630247
0.0,0.015625,0.652383
0.019,0.009659,0.660421
0.139,0.000645,0.641537
0.297,0.0,0.611986
0.448,0.0,0.578864
0.564,0.0,0.548933
0.65,0.0,0.531921
0.62,0.0,0.535536
0.554,0.0,0.561481
0.42,0.000794,0.607205
0.301,0.003675,0.661059
0.204,0.006674,0.70561
0.109,0.011914,0.728592
0.039,0.006674,0.719957
0.001,0.002338,0.6801
0.0,0.001057,0.626017
0.0,0.000171,0.572473
0.0,0.000645,0.4766
0.0,0.000645,0.489965
0.0,0.002338,0.506822
0.0,0.003053,0.526334
0.0,0.003053,0.550987
0.0,0.001372,0.577508
0.0,0.001057,0.602358
0.0,0.001489,0.620862
0.011,0.001057,0.623582
0.055,0.000202,0.610036
0.094,0.0,0.588228
0.179,0.0,0.561956
0.366,3.9e-5,0.535181
0.373,0.000645,0.521567
0.358,0.002026,0.528894
0.338,0.000963,0.557898
0.393,0.000171,0.602582
0.411,0.001882,0.651175
0.323,0.008074,0.690773
0.187,0.011438,0.709872
0.047,0.045892,0.703382
0.001,0.129687,0.663778
0.0,0.228224,0.603112
0.0,0.2922,0.543135
0.0,0.284121,0.447855
0.0,0.218006,0.456166
0.0,0.238755,0.470284
0.0,0.371906,0.488946
0.0,0.371906,0.510595
0.0,0.268413,0.534516
0.0,0.154886,0.556881
0.0,0.084184,0.573385
0.006,0.058813,0.579191
0.092,0.036018,0.571013
0.174,0.012906,0.550915
0.314,0.072338,0.523304
0.378,0.041307,0.49971
0.461,0.031201,0.487869
0.516,0.023649,0.492632
0.505,0.005163,0.515469
0.474,0.001057,0.555801
0.44,3.9e-5,0.604291
0.292,0.0,0.645151
0.153,0.0,0.66496
0.063,2.0e-6,0.664672
0.001,0.021433,0.632371
0.0,0.072338,0.581813
0.0,0.060225,0.529793
0.0,6.5e-5,0.441695
0.0,0.047089,0.449886
0.0,0.077268,0.463242
0.0,0.049546,0.482221
0.0,0.066097,0.506055
0.0,0.075601,0.531721
0.0,0.036018,0.553969
0.0,0.020727,0.571088
0.013,0.016811,0.576871
0.101,0.066097,0.568726
0.154,0.154886,0.550074
0.099,0.2922,0.532419
0.092,0.23521,0.517506
0.24,0.19226,0.509223
0.435,0.211367,0.5112
0.588,0.129687,0.532411
0.428,0.105303,0.576415
0.38,0.075601,0.625934
0.296,0.042423,0.667335
0.191,0.015053,0.68675
0.06,0.008074,0.681597
0.002,0.003053,0.649735
0.0,0.006038,0.599032
0.0,0.022894,0.544706
0.0,0.012906,0.452958
0.0,0.000717,0.463037
0.0,1.5e-5,0.478496
0.0,0.0,0.497484
0.0,0.0,0.522649
0.0,1.0e-5,0.549108
0.0,0.000794,0.574798
0.0,9.9e-5,0.5932
0.01,0.0,0.598501
0.026,0.0,0.589469
0.056,0.0,0.567582
0.094,0.0,0.543407
0.111,0.000171,0.524958
0.205,0.000963,0.514697
0.233,0.008074,0.523203
0.329,0.032127,0.549868
0.374,0.072338,0.596103
0.369,0.077268,0.652169
0.297,0.06917,0.698668
0.172,0.041307,0.719641
0.058,0.027672,0.711927
0.002,0.037037,0.67248
0.0,0.063115,0.616806
0.0,0.115967,0.560127
0.0,0.149606,0.465192
0.0,0.118183,0.47606
0.0,0.093394,0.491331
0.0,0.072338,0.510237
0.0,0.093394,0.533517
0.0,0.115967,0.559846
0.0,0.136935,0.585973
0.0,0.171468,0.603989
0.027,0.218006,0.608701
0.143,0.357724,0.594722
0.242,0.618148,0.571372
0.401,0.826011,0.543814
0.392,0.91896,0.522825
0.35,0.695041,0.513855
0.182,0.432378,0.526807
0.182,1.0,0.557733
0.177,1.0,0.607566
0.062,1.0,0.667022
0.036,1.0,0.712772
0.146,1.0,0.727978
0.056,1.0,0.720859
0.001,0.892953,0.676062
0.0,0.553363,0.617889
0.0,0.528772,0.5624
0.0,0.565939,0.468679
0.0,0.510816,0.47961
0.0,0.448456,0.494415
0.0,0.406442,0.514035
0.0,0.353079,0.53996
0.0,0.308814,0.567888
0.0,0.317352,0.594341
0.0,0.317352,0.612588
0.034,0.2922,0.618092
0.151,0.249606,0.605445
0.266,0.2922,0.583204
0.412,0.253295,0.555921
0.433,0.353079,0.534564
0.495,0.308814,0.524198
0.559,0.201663,0.530358
0.487,0.141914,0.563497
0.432,0.147012,0.612358
0.411,0.165815,0.668254
0.307,0.107381,0.717448
0.149,0.070742,0.737077
0.058,0.027672,0.722957
0.002,0.023649,0.683517
0.0,0.035017,0.62609
0.0,0.053388,0.568513
0.0,0.038075,0.473728
0.0,0.039133,0.484205
0.0,0.023649,0.500835
0.0,0.009245,0.521882
0.0,0.0039,0.547554
0.0,0.0039,0.575839
0.0,0.001613,0.599263
0.0,6.5e-5,0.619023
0.031,0.0,0.622506
0.137,0.0,0.602261
0.214,0.0,0.576769
0.352,0.0,0.550387
0.555,0.0,0.524823
0.662,1.0e-6,0.511503
0.628,9.9e-5,0.5187
0.599,0.000202,0.546484
0.43,9.9e-5,0.596064
0.387,0.000406,0.652086
0.26,0.001057,0.700208
0.17,0.0,0.720294
0.076,0.0,0.708249
0.004,0.0,0.669739
0.0,0.0,0.612826
0.0,0.0,0.573906
0.0,0.000171,0.479784
0.0,0.007707,0.491467
0.0,0.02442,0.506058
0.0,0.026012,0.525556
0.0,0.019361,0.549561
0.0,0.016811,0.575373
0.0,0.022894,0.599448
0.0,0.026834,0.615084
0.037,0.038075,0.617846
0.154,0.022156,0.601138
0.328,0.008843,0.570363
0.448,0.016211,0.538414
0.539,0.023649,0.512636
0.354,0.031201,0.504445
0.362,0.048307,0.511519
0.508,0.066097,0.535573
0.424,0.063115,0.577712
0.356,0.064594,0.62895
0.268,0.034036,0.670529
0.159,0.023649,0.691639
0.051,0.035017,0.686123
0.004,0.061659,0.645909
0.0,0.097258,0.591133
0.0,0.099229,0.537505
0.0,0.030292,0.450096
0.0,0.032127,0.462811
0.0,0.009245,0.479346
0.0,0.005737,0.499531
0.0,0.012404,0.524145
0.0,0.013423,0.550012
0.0,0.0039,0.574355
0.0,0.0,0.594068
0.035,0.0,0.601464
0.148,0.0,0.588372
0.347,0.0,0.564653
0.506,0.0,0.538742
0.595,0.0,0.516106
0.688,0.0,0.502956
0.629,0.00012,0.507507
0.598,0.004377,0.531353
0.549,0.018056,0.573146
0.364,0.009659,0.623197
0.188,0.012906,0.666066
0.157,0.067622,0.684494
0.078,0.165815,0.676614
0.004,0.253295,0.639332
0.0,0.317352,0.583016
0.0,0.386457,0.52887
0.0,0.510816,0.440255
0.0,0.459394,0.451137
0.0,0.459394,0.466757
0.0,0.453903,0.488173
0.0,0.487512,0.514069
0.0,0.565939,0.541989
0.0,0.673473,0.567975
0.0,0.702332,0.587493
0.051,0.680612,0.592754
0.189,0.53485,0.577732
0.333,0.499073,0.552994
0.474,0.476131,0.523028
0.593,0.39139,0.495948
0.673,0.401383,0.481261
0.705,0.49327,0.48355
0.696,0.553363,0.506042
0.645,0.481799,0.546405
0.471,0.362411,0.594866
0.355,0.253295,0.63506
0.172,0.288142,0.657017
0.072,0.280138,0.650609
0.006,0.406442,0.614226
0.0,0.376715,0.562281
0.0,0.253295,0.515194
0.0,0.221377,0.431006
0.0,0.095313,0.443311
0.0,0.053388,0.459244
0.0,0.077268,0.478621
0.0,0.06917,0.503453
0.0,0.041307,0.532113
0.0,0.034036,0.558991
0.0,0.049546,0.578917
0.053,0.030292,0.581356
0.19,0.012404,0.56648
0.344,0.012906,0.543393
0.488,0.026834,0.517632
0.46,0.004377,0.496946
0.479,0.003459,0.487764
0.531,0.002505,0.49331
0.456,0.000876,0.519669
0.494,0.000202,0.560494
0.416,0.0,0.60943
0.32,0.0,0.649733
0.18,8.1e-5,0.669454
0.063,6.5e-5,0.66352
0.002,0.0,0.631656
0.0,0.0,0.580224
0.0,0.0,0.531404
0.0,0.0,0.444951
0.0,0.0,0.459661
0.0,0.00012,0.478276
0.0,0.004134,0.501847
0.0,0.020036,0.529559
0.0,0.004892,0.559457
0.0,0.000794,0.585491
0.0,0.0,0.604802
0.052,0.0,0.602065
0.188,0.0,0.578259
0.332,0.0,0.549643
0.426,3.9e-5,0.52052
0.537,0.0,0.496069
0.526,0.0,0.484482
0.475,0.0,0.4906
0.398,0.0,0.517466
0.367,0.0,0.560248
0.312,4.0e-6,0.609937
0.229,0.010974,0.651916
0.145,0.001057,0.674188
0.058,9.9e-5,0.668911
0.007,0.000144,0.637412
0.0,1.0e-5,0.588226
0.0,0.0,0.539881
0.0,0.000272,0.452479
0.0,0.001882,0.465177
0.0,0.004377,0.481736
0.0,0.011914,0.501995
0.0,0.007707,0.526107
0.0,0.002178,0.552684
0.0,0.000517,0.576463
0.001,0.0,0.593491
0.047,0.0,0.596107
0.16,0.0,0.579157
0.328,0.0,0.551233
0.49,0.0,0.518302
0.612,0.000144,0.49028
0.604,0.004377,0.477584
0.55,0.003053,0.486047
0.52,6.0e-6,0.513959
0.416,0.0,0.558568
0.461,0.0,0.606569
0.354,0.0,0.645861
0.25,0.0,0.66964
0.072,0.0,0.662793
0.007,0.004134,0.625535
0.0,0.037037,0.575302
0.0,0.052086,0.523125
0.0,0.02442,0.434383
0.0,0.044716,0.445112
0.0,0.091501,0.460516
0.0,0.129687,0.480498
0.0,0.067622,0.505387
0.0,0.018056,0.530337
0.0,0.000579,0.551877
0.0,0.0,0.568205
0.011,9.9e-5,0.571931
0.041,0.00463,0.561949
0.116,0.023649,0.544959
0.134,0.063115,0.524272
0.174,0.057424,0.502821
0.202,0.23521,0.494192
0.436,0.19226,0.498069
0.422,0.13941,0.522781
0.47,0.221377,0.564621
0.414,0.060225,0.618529
0.333,0.009245,0.668385
0.209,0.02442,0.684292
0.083,0.000272,0.675412
0.008,0.0,0.637301
0.0,0.0,0.58598
0.0,0.022894,0.532777
0.0,0.087791,0.441339
0.0,0.144448,0.446904
0.0,0.296296,0.457446
0.0,0.459394,0.474466
0.0,0.565939,0.497282
0.0,0.604807,0.522462
0.0,0.73955,0.545618
0.001,0.638525,0.563764
0.024,0.437694,0.571491
0.141,0.371906,0.566866
0.29,0.553363,0.548463
0.443,0.604807,0.5239
0.578,0.624891,0.504304
0.606,0.516755,0.496262
0.639,0.317352,0.503864
0.547,0.163036,0.5399
0.454,0.160289,0.588821
0.469,0.127329,0.641044
0.32,0.109486,0.686631
0.21,0.04021,0.708759
0.097,0.016811,0.699236
0.008,0.012906,0.65954
0.0,0.016811,0.603429
0.0,0.016811,0.54918
0.0,0.003053,0.455971
0.0,0.010085,0.466582
0.0,0.004377,0.482062
0.0,2.9e-5,0.501756
0.0,0.003252,0.528211
0.0,0.021433,0.55673
0.0,0.039133,0.58196
0.002,0.027672,0.600462
0.075,0.010974,0.599842
0.21,0.010523,0.581677
0.314,0.016811,0.560971
0.473,0.015053,0.536626
0.576,0.010523,0.513617
0.607,0.008453,0.501278
0.6,0.008453,0.50716
0.555,0.016811,0.53757
0.58,0.035017,0.582093
0.38,0.045892,0.639797
0.348,0.026012,0.68205
0.25,0.020727,0.701565
0.109,0.015053,0.689766
0.012,0.006674,0.654432
0.0,0.002862,0.600825
0.0,0.000717,0.548671
0.0,9.9e-5,0.459655
0.0,0.001057,0.472431
0.0,0.010523,0.488618
0.0,0.033072,0.509131
0.0,0.047089,0.532979
0.0,0.060225,0.558016
0.0,0.084184,0.580081
0.003,0.095313,0.595219
0.078,0.105303,0.594575
0.169,0.066097,0.575192
0.287,0.066097,0.549525
0.429,0.099229,0.520622
0.573,0.109486,0.496339
0.632,0.367138,0.484851
0.444,0.421875,0.496489
0.506,0.406442,0.525001
0.541,0.401383,0.569846
0.495,0.448456,0.622655
0.366,0.49327,0.665405
0.188,0.296296,0.68535
0.066,0.214669,0.673127
0.007,0.154886,0.634338
0.0,0.132074,0.578425
0.0,0.115967,0.524055
0.0,0.095313,0.434603
0.0,0.113779,0.444255
0.0,0.107381,0.45852
0.0,0.109486,0.477274
0.0,0.103251,0.498458
0.0,0.095313,0.524292
0.0,0.072338,0.547508
0.002,0.067622,0.563701
0.055,0.045892,0.566087
0.191,0.023649,0.554266
0.357,0.016811,0.534312
0.485,0.018056,0.51031
0.553,0.010523,0.489984
0.566,0.013952,0.48156
0.415,0.015625,0.491317
0.524,0.034036,0.518258
0.531,0.056057,0.56391
0.432,0.072338,0.618442
0.391,0.070742,0.664115
0.269,0.061659,0.686469
0.134,0.067622,0.678195
0.017,0.064594,0.644281
0.0,0.041307,0.590863
0.0,0.025208,0.536538
0.0,0.010523,0.446479
0.0,0.005445,0.456361
0.0,0.002178,0.46991
0.0,0.001613,0.488557
0.0,0.003053,0.513773
0.0,0.001489,0.538502
0.0,0.000645,0.562307
0.003,0.000144,0.580226
0.061,0.0,0.578166
0.154,0.0,0.566917
0.273,0.0,0.548579
0.406,6.0e-6,0.524726
0.498,8.1e-5,0.503365
0.608,5.1e-5,0.491235
0.742,1.0e-6,0.495174
0.709,1.0e-6,0.519803
0.631,3.9e-5,0.562139
0.568,0.000645,0.610496
0.449,0.008453,0.651639
0.29,0.032127,0.672047
0.133,0.067622,0.664889
0.019,0.127329,0.630312
0.0,0.218006,0.581518
0.0,0.195361,0.531135
0.0,0.147012,0.444525
0.0,0.149606,0.457472
0.0,0.183155,0.474253
0.0,0.174341,0.49529
0.0,0.144448,0.520811
0.0,0.120427,0.548313
0.0,0.101227,0.573157
0.006,0.091501,0.590723
0.094,0.082418,0.589462
0.247,0.022156,0.570307
0.406,0.008453,0.542365
0.557,0.010523,0.511384
0.68,0.005445,0.484524
0.752,0.004892,0.470327
0.783,0.008453,0.473295
0.769,0.010523,0.496685
0.696,0.006674,0.537054
0.564,0.011914,0.584687
0.408,0.015625,0.624945
0.24,0.018701,0.645539
0.112,0.099229,0.641376
0.016,0.221377,0.61126
0.0,0.288142,0.564151
0.0,0.25702,0.517837
0.0,0.228224,0.434486
0.0,0.152231,0.4467
0.0,0.109486,0.463147
0.0,0.087791,0.483734
0.0,0.063115,0.508703
0.0,0.070742,0.535005
0.0,0.084184,0.558653
0.005,0.067622,0.574504
0.06,0.035017,0.574422
0.127,0.018056,0.560661
0.234,0.019361,0.539353
0.345,0.019361,0.51525
0.467,0.003053,0.49364
0.471,0.001261,0.484606
0.485,0.001613,0.492034
0.461,0.004892,0.518403
0.405,0.007352,0.563367
0.353,0.010523,0.615563
0.253,0.020036,0.660185
0.134,0.037037,0.679926
0.06,0.06917,0.667755
0.012,0.097258,0.629225
0.0,0.129687,0.575763
0.0,0.13449,0.523456
0.0,0.091501,0.436602
0.0,0.053388,0.447302
0.0,0.020727,0.462167
0.0,0.007707,0.482156
0.0,0.002505,0.50589
0.0,0.001744,0.531447
0.0,0.003675,0.555568
0.004,0.011914,0.572624
0.072,0.021433,0.576464
0.181,0.035017,0.565308
0.358,0.043559,0.545171
0.466,0.045892,0.521501
0.613,0.052086,0.500305
0.667,0.097258,0.49061
0.698,0.204864,0.502304
0.671,0.242337,0.532402
0.633,0.268413,0.577879
0.52,0.386457,0.632832
0.42,0.459394,0.678552
0.256,0.357724,0.698687
0.123,0.19226,0.685242
0.024,0.097258,0.647014
0.0,0.060225,0.593266
0.0,0.045892,0.539285
0.0,0.041307,0.446706
0.0,0.091501,0.457597
0.0,0.07896,0.471182
0.0,0.056057,0.494257
0.0,0.067622,0.51798
0.0,0.056057,0.541112
0.0,0.049546,0.563127
0.007,0.049546,0.579105
0.084,0.039133,0.580421
0.204,0.043559,0.572472
0.329,0.042423,0.552177
0.483,0.042423,0.52647
0.52,0.061659,0.505724
0.565,0.099229,0.496547
0.716,0.157572,0.503038
0.629,0.253295,0.535043
0.557,0.228224,0.582099
0.483,0.19226,0.637409
0.378,0.367138,0.678699
0.25,0.326047,0.698816
0.111,0.272284,0.688479
0.023,0.201663,0.647817
0.0,0.107381,0.593311
0.0,0.053388,0.538714
0.0,0.030292,0.449225
0.0,0.028528,0.460156
0.0,0.034036,0.475389
0.0,0.038075,0.494799
0.0,0.037037,0.519115
0.0,0.038075,0.544102
0.0,0.038075,0.565
0.007,0.042423,0.57847
0.058,0.052086,0.577859
0.166,0.041307,0.564818
0.31,0.149606,0.543495
0.347,0.154886,0.521734
0.288,0.144448,0.504659
0.312,0.330452,0.495506
0.237,0.276193,0.501405
0.295,0.127329,0.527096
0.436,0.152231,0.571446
0.321,0.183155,0.628729
0.225,0.087791,0.674141
0.192,0.058813,0.692537
0.111,0.118183,0.679989
0.017,0.367138,0.644957
0.0,0.317352,0.590692
0.0,0.23521,0.538732
0.0,0.160289,0.449225
0.0,0.095313,0.458629
0.0,0.118183,0.473288
0.0,0.326047,0.492069
0.0,0.645415,0.513414
0.0,0.884395,0.536936
0.0,0.901567,0.560022
0.008,0.547145,0.574
0.087,0.362411,0.57466
0.211,0.186157,0.568701
0.316,0.174341,0.547931
0.494,0.253295,0.521228
0.457,0.448456,0.504753
0.522,0.585158,0.496756
0.581,0.695041,0.505615
0.573,0.954414,0.534033
0.509,0.809815,0.578308
0.452,0.638525,0.630329
0.383,0.673473,0.675048
0.252,0.504922,0.694244
0.114,0.680612,0.680083
0.024,0.652355,0.639208
0.0,0.585158,0.583467
0.0,0.53485,0.528597
0.0,0.224783,0.438335
0.0,0.214669,0.44752
0.0,0.32168,0.460806
0.0,0.381565,0.479092
0.0,0.367138,0.503228
0.0,0.357724,0.52982
0.0,0.371906,0.55384
0.009,0.276193,0.569555
0.084,0.23521,0.570192
0.215,0.171468,0.560467
0.394,0.19226,0.541173
0.479,0.228224,0.517725
0.576,0.118183,0.496731
0.684,0.147012,0.484852
0.674,0.183155,0.491743
0.705,0.208098,0.517521
0.637,0.245954,0.562395
0.489,0.476131,0.620997
0.365,0.296296,0.661224
0.236,0.253295,0.684048
0.106,0.201663,0.672442
0.02,0.060225,0.637821
0.0,0.027672,0.582197
0.0,0.012404,0.530413
0.0,0.005163,0.442301
0.0,0.014496,0.451563
0.0,0.007352,0.467554
0.0,0.009659,0.487182
0.0,0.007707,0.512253
0.0,0.0039,0.538089
0.0,0.004377,0.563061
0.014,0.001882,0.579669
0.09,6.5e-5,0.575326
0.228,0.0,0.554822
0.371,8.1e-5,0.533845
0.485,0.000876,0.510672
0.544,0.001882,0.490497
0.462,0.011914,0.483841
0.414,0.039133,0.495355
0.492,0.00463,0.523189
0.518,0.000794,0.565885
0.559,0.003459,0.614628
0.408,0.008843,0.657524
0.3,0.013952,0.675502
0.163,0.001057,0.664085
0.034,0.001261,0.629251
0.0,0.026012,0.581577
0.0,0.111619,0.528654
0.0,0.249606,0.43887
0.0,0.296296,0.447061
0.0,0.362411,0.458275
0.0,0.516755,0.474855
0.0,0.702332,0.495976
0.0,0.809815,0.518675
0.0,0.92774,0.539154
0.012,0.867442,0.553823
0.072,0.652355,0.556888
0.049,0.443053,0.550473
0.091,0.453903,0.533932
0.221,0.406442,0.509592
0.338,0.326047,0.487176
0.402,0.348473,0.476603
0.454,0.421875,0.483357
0.424,0.437694,0.509286
0.384,0.348473,0.552127
0.359,0.186157,0.601096
0.263,0.149606,0.642335
0.181,0.13941,0.66231
0.105,0.152231,0.649667
0.031,0.144448,0.616453
0.0,0.125,0.563391
0.0,0.136935,0.511598
0.0,0.163036,0.424235
0.0,0.125,0.433632
0.0,0.103251,0.447531
0.0,0.050805,0.466888
0.0,0.025208,0.49043
0.0,0.012906,0.516959
0.0,0.008453,0.541635
0.014,0.004892,0.558882
0.082,0.001261,0.557582
0.178,0.00012,0.539884
0.319,0.002338,0.51996
0.429,0.001372,0.497308
0.501,0.000202,0.478163
0.64,0.001882,0.468294
0.682,0.009659,0.475474
0.606,0.018701,0.502779
0.549,0.042423,0.547043
0.497,0.073957,0.596996
0.345,0.107381,0.638723
0.224,0.111619,0.656249
0.137,0.087791,0.645263
0.029,0.087791,0.613007
0.0,0.084184,0.564777
0.0,0.06917,0.515774
0.0,0.048307,0.430613
0.0,0.038075,0.442114
0.0,0.066097,0.45779
0.0,0.038075,0.478609
0.0,0.053388,0.502692
0.0,0.087791,0.528634
0.0,0.047089,0.550754
0.021,0.019361,0.56451
0.131,0.009245,0.558259
0.255,0.011914,0.539362
0.415,0.02442,0.518871
0.523,0.008843,0.49569
0.657,0.003053,0.474337
0.755,0.001261,0.462291
0.789,0.000717,0.465936
0.8,0.000717,0.489068
0.733,0.000794,0.528875
0.602,0.001372,0.576496
0.485,0.001057,0.616121
0.331,0.00012,0.63468
0.17,0.000144,0.625722
0.042,0.000459,0.594701
0.0,0.000171,0.551315
0.0,0.0,0.507071
0.0,0.0,0.42677
0.0,0.0,0.434235
0.0,0.0,0.447127
0.0,0.0,0.471206
0.0,0.0,0.502122
0.0,0.0,0.530926
0.0,0.000459,0.554952
0.023,0.002178,0.567594
0.138,0.005737,0.552649
0.286,0.003053,0.523924
0.45,0.001744,0.497804
0.575,0.008453,0.472451
0.679,0.004892,0.451292
0.754,0.009659,0.440142
0.744,0.016211,0.444527
0.713,0.018701,0.467047
0.565,0.020727,0.506941
0.491,0.023649,0.552614
0.35,0.02442,0.590681
0.232,0.02442,0.609419
0.091,0.035017,0.602569
0.014,0.052086,0.568787
0.0,0.099229,0.521278
0.0,0.163036,0.474046
0.0,0.186157,0.395024
0.0,0.204864,0.404811
0.0,0.272284,0.41784
0.0,0.326047,0.435473
0.0,0.276193,0.459172
0.0,0.109486,0.485888
0.0,0.099229,0.510426
0.016,0.103251,0.527999
0.123,0.099229,0.531472
0.286,0.183155,0.520985
0.411,0.132074,0.502831
0.561,0.109486,0.480832
0.636,0.031201,0.462253
0.72,0.033072,0.4532
0.648,0.052086,0.462382
0.748,0.067622,0.486539
0.702,0.061659,0.528099
0.602,0.052086,0.576353
0.403,0.064594,0.617455
0.281,0.038075,0.636773
0.166,0.011438,0.625449
0.046,0.004892,0.59506
0.0,0.001156,0.548356
0.0,2.0e-6,0.502586
0.0,0.0,0.422519
0.0,0.0,0.433331
0.0,0.0,0.44821
0.0,0.0,0.47123
0.0,4.0e-6,0.497137
0.0,2.9e-5,0.522789
0.0,0.0,0.545262
0.026,0.0,0.557657
0.142,0.0,0.544036
0.296,0.0,0.521142
0.455,0.0,0.496406
0.599,0.0,0.471752
0.713,0.00012,0.451792
0.697,0.0,0.441787
0.496,0.0,0.449058
0.576,0.0,0.471864
0.372,0.0,0.512817
0.291,0.0,0.559005
0.186,0.0,0.596716
0.204,6.0e-6,0.611706
0.112,0.000202,0.602482
0.048,0.003053,0.572151
0.0,0.013423,0.5313
0.0,0.037037,0.487124
0.0,0.091501,0.407765
0.0,0.115967,0.418761
0.0,0.13449,0.432697
0.0,0.129687,0.451951
0.0,0.13449,0.474757
0.0,0.13449,0.499896
0.0,0.144448,0.522599
0.029,0.136935,0.536202
0.149,0.097258,0.531731
0.308,0.038075,0.512708
0.47,0.023649,0.488238
0.617,0.016811,0.461016
0.733,0.011914,0.438625
0.81,0.029401,0.427714
0.84,0.027672,0.433037
0.82,0.025208,0.454937
0.753,0.025208,0.491864
0.644,0.022894,0.534085
0.502,0.026834,0.569429
0.339,0.020727,0.584561
0.18,0.030292,0.577475
0.05,0.054712,0.550828
0.0,0.070742,0.510589
0.0,0.073957,0.467207
0.0,0.101227,0.39076
0.0,0.105303,0.400437
0.0,0.120427,0.413822
0.0,0.152231,0.431281
0.0,0.157572,0.453111
0.0,0.13449,0.476629
0.0,0.149606,0.498944
0.03,0.177247,0.511271
0.148,0.147012,0.507207
0.302,0.049546,0.489084
0.461,0.034036,0.465269
0.605,0.027672,0.440033
0.72,0.019361,0.41834
0.796,0.027672,0.406629
0.823,0.026834,0.408769
0.801,0.027672,0.428106
0.707,0.027672,0.462108
0.609,0.020727,0.5003
0.475,0.006674,0.531965
0.303,0.004377,0.548523
0.172,0.007352,0.543041
0.051,0.018056,0.519984
0.0,0.030292,0.48501
0.0,0.038075,0.446319
0.0,0.008074,0.374846
0.0,0.009659,0.385647
0.0,0.021433,0.400077
0.0,0.042423,0.418535
0.0,0.070742,0.439761
0.0,0.064594,0.463195
0.0,0.056057,0.485529
0.032,0.050805,0.499305
0.15,0.035017,0.493934
0.304,0.011438,0.472954
0.445,0.003053,0.448417
0.592,0.003459,0.422088
0.71,0.010974,0.399889
0.789,0.014496,0.387363
0.807,0.022894,0.389162
0.688,0.035017,0.409156
0.562,0.015053,0.444745
0.486,0.007352,0.48419
0.301,0.008843,0.522218
0.275,0.026834,0.537022
0.163,0.050805,0.534005
0.049,0.093394,0.511485
0.001,0.127329,0.474087
0.0,0.141914,0.43413
0.0,0.141914,0.363308
0.0,0.177247,0.373385
0.0,0.218006,0.386943
0.0,0.272284,0.404869
0.0,0.264579,0.425986
0.0,0.260781,0.448747
0.0,0.272284,0.469287
0.034,0.268413,0.483207
0.153,0.221377,0.481383
0.309,0.186157,0.465432
0.464,0.122699,0.4435
0.611,0.147012,0.419665
0.726,0.149606,0.398132
0.797,0.165815,0.386205
0.785,0.198495,0.389114
0.803,0.211367,0.409702
0.745,0.201663,0.444698
0.643,0.177247,0.485524
0.506,0.174341,0.519924
0.348,0.180185,0.538432
0.189,0.221377,0.534599
0.057,0.381565,0.507177
0.001,0.572297,0.46638
0.0,0.666384,0.424871
0.0,0.875891,0.355151
0.0,0.709673,0.365054
0.0,0.618148,0.379339
0.0,0.528772,0.397976
0.0,0.540974,0.419296
0.0,0.476131,0.442287
0.0,0.437694,0.46372
0.037,0.453903,0.476877
0.157,0.406442,0.476842
0.312,0.245954,0.462188
0.469,0.238755,0.441556
0.612,0.238755,0.418393
0.726,0.168626,0.398583
0.8,0.189192,0.38776
0.829,0.224783,0.390719
0.811,0.231699,0.41024
0.727,0.204864,0.44275
0.616,0.168626,0.481329
0.466,0.115967,0.513976
0.305,0.132074,0.530069
0.168,0.160289,0.524939
0.05,0.224783,0.498115
0.001,0.371906,0.458737
0.0,0.49327,0.417943
0.0,0.547145,0.348931
0.0,0.464928,0.358698
0.0,0.245954,0.372779
0.0,0.066097,0.39114
0.0,0.010523,0.413196
0.0,0.034036,0.435881
0.0,0.053388,0.455867
0.019,0.061659,0.469401
0.061,0.057424,0.470522
0.219,0.037037,0.455371
0.218,0.036018,0.439043
0.218,0.034036,0.420514
0.303,0.001613,0.401213
0.371,0.001156,0.391456
0.36,0.003252,0.396152
0.342,0.004892,0.416579
0.336,0.009245,0.450901
0.298,0.010974,0.490207
0.251,0.009659,0.521961
0.115,0.020036,0.543444
0.116,0.012404,0.533575
0.032,0.003675,0.506834
0.001,0.001613,0.467883
0.0,0.004892,0.427328
0.0,0.039133,0.356709
0.0,0.077268,0.364722
0.0,0.072338,0.377502
0.0,0.04021,0.396035
0.0,0.045892,0.417241
0.0,0.050805,0.438995
0.0,0.023649,0.460845
0.035,0.018056,0.473324
0.146,0.011914,0.471487
0.308,0.001744,0.454583
0.441,0.001261,0.434223
0.597,0.002178,0.410819
0.709,0.002338,0.391306
0.607,0.011438,0.383313
0.632,0.015053,0.387319
0.616,0.015053,0.40667
0.584,0.018701,0.440152
0.426,0.031201,0.479874
0.351,0.031201,0.510959
0.278,0.041307,0.5262
0.118,0.052086,0.521822
0.048,0.107381,0.493781
0.001,0.211367,0.454745
0.0,0.304603,0.415422
0.0,0.547145,0.347757
0.0,0.386457,0.357948
0.0,0.339383,0.371977
0.0,0.313064,0.389264
0.0,0.32168,0.410142
0.0,0.313064,0.432101
0.0,0.288142,0.452492
0.038,0.300431,0.465925
0.152,0.264579,0.465242
0.316,0.177247,0.452612
0.475,0.201663,0.43234
0.616,0.245954,0.409038
0.728,0.284121,0.389068
0.731,0.522741,0.378979
0.619,0.396365,0.382373
0.577,0.268413,0.402028
0.518,0.171468,0.436369
0.467,0.13449,0.475752
0.4,0.141914,0.51164
0.319,0.147012,0.527622
0.163,0.177247,0.521003
0.065,0.242337,0.495015
0.002,0.317352,0.455843
0.0,0.376715,0.416399
0.0,0.362411,0.34902
0.0,0.245954,0.359692
0.0,0.201663,0.374242
0.0,0.157572,0.393621
0.0,0.141914,0.415218
0.0,0.120427,0.439068
0.0,0.129687,0.461466
0.044,0.111619,0.47456
0.163,0.060225,0.47339
0.315,0.045892,0.464864
0.47,0.038075,0.445469
0.604,0.048307,0.421194
0.717,0.058813,0.399252
0.79,0.085975,0.38745
0.777,0.174341,0.393189
0.701,0.284121,0.417488
0.727,0.396365,0.458127
0.555,0.459394,0.509597
0.483,0.459394,0.554147
0.335,0.476131,0.578443
0.193,0.470508,0.575567
0.067,0.49327,0.548662
0.003,0.499073,0.505234
0.0,0.401383,0.461077
0.0,0.228224,0.385147
0.0,0.313064,0.394179
0.0,0.218006,0.407327
0.0,0.125,0.425494
0.0,0.101227,0.447522
0.0,0.111619,0.468513
0.0,0.127329,0.488689
0.026,0.129687,0.501966
0.065,0.195361,0.505264
0.181,0.32168,0.497639
0.37,0.376715,0.481459
0.403,0.396365,0.462079
0.446,0.195361,0.444789
0.577,0.264579,0.437693
0.49,0.401383,0.448173
0.618,0.470508,0.472769
0.512,0.522741,0.513771
0.452,0.604807,0.560687
0.337,0.598209,0.59988
0.261,0.540974,0.617079
0.166,0.453903,0.603884
0.055,0.308814,0.570395
0.003,0.224783,0.521934
0.0,0.160289,0.47397
0.0,0.07896,0.393095
0.0,0.070742,0.401346
0.0,0.070742,0.413741
0.0,0.087791,0.431157
0.0,0.093394,0.452396
0.0,0.089633,0.47253
0.0,0.077268,0.491731
0.029,0.072338,0.50451
0.107,0.144448,0.505472
0.237,0.39139,0.497858
0.301,0.401383,0.483402
0.334,0.386457,0.462863
0.516,0.224783,0.445025
0.501,0.228224,0.436876
0.513,0.343908,0.443031
0.556,0.376715,0.467905
0.572,0.353079,0.507256
0.469,0.339383,0.552917
0.306,0.264579,0.593739
0.235,0.163036,0.609321
0.148,0.097258,0.597736
0.065,0.058813,0.563957
0.003,0.033072,0.51849
0.0,0.019361,0.471943
0.0,0.001613,0.393698
0.0,0.001882,0.402422
0.0,0.008074,0.414369
0.0,0.014496,0.431806
0.0,0.012906,0.449952
0.0,0.008843,0.474334
0.0,0.005163,0.495317
0.034,0.003053,0.506452
0.085,0.001744,0.507451
0.173,0.004134,0.496909
0.341,0.004892,0.478499
0.408,0.012906,0.458145
0.487,0.001613,0.44047
0.587,0.006674,0.431341
0.635,0.018701,0.436865
0.639,0.016811,0.459124
0.507,0.017426,0.498956
0.424,0.020727,0.543878
0.393,0.022156,0.580533
0.234,0.026012,0.597992
0.175,0.020727,0.586673
0.06,0.011914,0.554259
0.003,0.003053,0.50723
0.0,0.000202,0.461195
0.0,0.0,0.383878
0.0,0.0,0.392404
0.0,0.000313,0.405481
0.0,0.007352,0.422066
0.0,0.013952,0.441835
0.0,0.022156,0.463102
0.0,0.026012,0.483045
0.023,0.020036,0.493262
0.1,0.011914,0.490621
0.191,0.003459,0.480842
0.277,0.005445,0.461733
0.478,0.009659,0.437047
0.434,0.023649,0.418461
0.518,0.038075,0.408599
0.487,0.082418,0.414235
0.416,0.097258,0.438023
0.426,0.089633,0.474215
0.357,0.06917,0.517606
0.374,0.054712,0.552553
0.301,0.025208,0.569363
0.186,0.007007,0.560155
0.063,0.002026,0.532093
0.004,0.000645,0.490659
0.0,0.002026,0.446191
0.0,0.029401,0.371888
0.0,0.063115,0.381553
0.0,0.084184,0.394776
0.0,0.109486,0.412411
0.0,0.127329,0.433791
0.0,0.118183,0.456292
0.001,0.127329,0.47651
0.047,0.111619,0.485399
0.149,0.072338,0.48154
0.257,0.036018,0.467811
0.256,0.026834,0.450193
0.354,0.017426,0.427578
0.523,0.009659,0.408784
0.42,0.010974,0.401674
0.5,0.018701,0.405064
0.416,0.030292,0.427204
0.443,0.021433,0.461868
0.38,0.004892,0.50681
0.225,0.054712,0.55376
0.095,0.016811,0.569135
0.099,0.004892,0.556392
0.023,0.012906,0.523935
0.004,0.010974,0.482611
0.0,0.007352,0.44269
0.0,0.002026,0.369886
0.0,0.008453,0.378586
0.0,0.005445,0.39124
0.0,0.001057,0.407747
0.0,0.000794,0.427872
0.0,0.001882,0.449543
0.001,0.002862,0.469474
0.037,0.00463,0.480489
0.119,0.000459,0.478365
0.083,0.0,0.469897
0.218,0.0,0.451125
0.408,0.0,0.42905
0.53,0.0,0.410231
0.62,0.0,0.400515
0.593,2.9e-5,0.404958
0.54,0.001261,0.426537
0.475,0.005737,0.462972
0.424,0.013952,0.506675
0.237,0.022156,0.545121
0.152,0.010974,0.563164
0.107,0.001489,0.551966
0.039,0.002026,0.519127
0.005,0.007707,0.479404
0.0,0.032127,0.438145
0.0,0.105303,0.366563
0.0,0.183155,0.375191
0.0,0.25702,0.387739
0.0,0.304603,0.405079
0.0,0.25702,0.425587
0.0,0.25702,0.443392
0.0,0.280138,0.458594
0.006,0.272284,0.468736
0.032,0.264579,0.470002
0.033,0.249606,0.463926
0.05,0.218006,0.449814
0.065,0.371906,0.432677
0.131,0.067622,0.414289
0.222,0.127329,0.405052
0.293,0.097258,0.410121
0.353,0.136935,0.43256
0.345,0.13941,0.467696
0.278,0.097258,0.509177
0.238,0.064594,0.542861
0.179,0.026012,0.556534
0.126,0.00463,0.544791
0.068,0.003459,0.513712
0.006,0.011914,0.47623
0.0,0.018701,0.435791
0.0,0.045892,0.364163
0.0,0.056057,0.374102
0.0,0.06917,0.387079
0.0,0.093394,0.402926
0.0,0.099229,0.421799
0.0,0.113779,0.441034
0.002,0.13449,0.457264
0.041,0.163036,0.463948
0.125,0.201663,0.460559
0.251,0.120427,0.446566
0.353,0.147012,0.426216
0.5,0.264579,0.403439
0.441,0.13449,0.387037
0.515,0.154886,0.378184
0.385,0.317352,0.384326
0.538,0.357724,0.4003
0.5,0.260781,0.429681
0.432,0.231699,0.465171
0.451,0.168626,0.492514
0.219,0.105303,0.508612
0.157,0.099229,0.501528
0.04,0.099229,0.47846
0.007,0.109486,0.442941
0.0,0.186157,0.405113
0.0,0.105303,0.338272
0.0,0.198495,0.346329
0.0,0.376715,0.358474
0.0,0.218006,0.374637
0.0,0.101227,0.394213
0.0,0.020036,0.415314
0.001,0.006038,0.434907
0.025,0.002862,0.447817
0.066,0.034036,0.448899
0.081,0.183155,0.439614
0.132,0.111619,0.429475
0.195,0.006351,0.41895
0.454,0.0,0.399477
0.533,0.0,0.388934
0.312,0.0,0.398415
0.184,0.0,0.42571
0.172,0.0,0.463272
0.191,0.0,0.505665
0.111,0.002505,0.541893
0.078,0.009659,0.556953
0.05,0.016211,0.545182
0.007,0.018701,0.515982
0.001,0.031201,0.470568
0.0,0.030292,0.4269
0.0,0.021433,0.355022
0.0,0.095313,0.362955
0.0,0.165815,0.374194
0.0,0.231699,0.389525
0.0,0.2922,0.408781
0.0,0.304603,0.428986
0.0,0.348473,0.448039
0.005,0.348473,0.461319
0.013,0.300431,0.466563
0.034,0.280138,0.463378
0.038,0.353079,0.45152
0.039,0.565939,0.43648
0.064,0.91896,0.422167
0.097,0.884395,0.415417
0.126,0.754798,0.422275
0.099,0.459394,0.447074
0.132,0.427105,0.485262
0.196,0.330452,0.527002
0.201,0.353079,0.559065
0.191,0.313064,0.571672
0.158,0.242337,0.559527
0.058,0.201663,0.530007
0.005,0.177247,0.485081
0.0,0.163036,0.440028
0.0,0.093394,0.365483
0.0,0.095313,0.372721
0.0,0.093394,0.385173
0.0,0.049546,0.401899
0.0,0.049546,0.42173
0.0,0.072338,0.444666
0.002,0.07896,0.463271
0.042,0.072338,0.472462
0.124,0.268413,0.47268
0.214,0.296296,0.466043
0.215,0.211367,0.452464
0.248,0.152231,0.435261
0.484,0.101227,0.416868
0.512,0.103251,0.409686
0.507,0.115967,0.416957
0.486,0.109486,0.440354
0.368,0.129687,0.479751
0.274,0.093394,0.525536
0.155,0.103251,0.562334
0.089,0.070742,0.576423
0.05,0.050805,0.563465
0.025,0.018056,0.531733
0.003,0.019361,0.484888
0.0,0.005445,0.43932
0.0,0.000313,0.364469
0.0,0.000272,0.371687
0.0,0.0,0.382722
0.0,0.0,0.398388
0.0,3.9e-5,0.417048
0.0,1.0e-5,0.437122
0.001,0.0,0.454865
0.019,0.0,0.466646
0.037,0.0,0.469666
0.104,0.0,0.461939
0.116,0.0,0.447374
0.149,0.0,0.429824
0.237,0.0,0.41316
0.263,0.0,0.404516
0.222,0.0,0.409628
0.256,0.0,0.430425
0.322,0.0,0.464824
0.359,0.0,0.503472
0.284,0.0,0.536086
0.162,0.0,0.550279
0.086,6.0e-6,0.541386
0.039,0.000144,0.513636
0.006,0.000579,0.470747
0.0,9.9e-5,0.429154
0.0,0.0,0.357796
0.0,0.0,0.366663
0.0,0.0,0.378924
0.0,0.0,0.395868
0.0,0.0,0.415907
0.0,0.0,0.435926
0.002,0.0,0.454711
0.024,0.0,0.464251
0.106,0.0,0.461591
0.178,0.0,0.453952
0.341,0.0,0.435777
0.423,0.0,0.413886
0.471,0.0,0.395694
0.413,0.0,0.386795
0.524,0.0,0.390553
0.348,0.0,0.411351
0.361,0.0,0.44472
0.283,0.00012,0.484163
0.284,0.001372,0.516892
0.252,0.007352,0.531343
0.193,0.022156,0.522221
0.091,0.052086,0.495694
0.01,0.097258,0.459626
0.0,0.122699,0.419077
0.0,0.171468,0.350749
0.0,0.141914,0.357695
0.0,0.107381,0.369685
0.0,0.073957,0.385304
0.0,0.056057,0.404843
0.0,0.080677,0.424851
0.003,0.111619,0.443713
0.061,0.101227,0.45407
0.174,0.038075,0.451336
0.312,0.016211,0.442129
0.465,0.015053,0.422104
0.601,0.022894,0.400186
0.73,0.014496,0.381428
0.807,0.011438,0.371733
0.736,0.006674,0.37573
0.728,0.0039,0.394601
0.667,0.006038,0.427133
0.608,0.007352,0.464377
0.417,0.013952,0.499224
0.285,0.020036,0.516746
0.167,0.030292,0.510007
0.082,0.052086,0.488691
0.01,0.073957,0.452643
0.0,0.089633,0.414313
0.0,0.064594,0.345066
0.0,0.058813,0.352783
0.0,0.054712,0.364622
0.0,0.031201,0.381929
0.0,0.015625,0.4018
0.0,0.016811,0.423216
0.004,0.008843,0.442006
0.067,0.006351,0.45121
0.189,0.000717,0.446791
0.338,5.1e-5,0.433749
0.491,4.0e-6,0.41343
0.628,1.0e-6,0.391315
0.718,0.000406,0.372355
0.794,8.1e-5,0.3633
0.717,6.5e-5,0.368677
0.76,0.000235,0.387693
0.594,0.000645,0.421395
0.6,0.000794,0.458769
0.395,0.001489,0.49459
0.275,0.000171,0.516838
0.098,0.011438,0.508044
0.071,0.035017,0.479859
0.009,0.064594,0.441128
0.0,0.075601,0.402834
0.0,0.091501,0.335983
0.0,0.075601,0.343518
0.0,0.118183,0.355529
0.0,0.125,0.371523
0.0,0.07896,0.390898
0.0,0.084184,0.412299
0.004,0.115967,0.431166
0.064,0.113779,0.440076
0.184,0.085975,0.436697
0.264,0.039133,0.424892
0.369,0.042423,0.407535
0.516,0.111619,0.385654
0.553,0.016211,0.367908
0.547,0.033072,0.360922
0.658,0.048307,0.366767
0.587,0.072338,0.387293
0.267,0.082418,0.428534
0.216,0.132074,0.471617
0.18,0.147012,0.508247
0.155,0.115967,0.524543
0.071,0.120427,0.516216
0.048,0.144448,0.4837
0.009,0.189192,0.444032
0.0,0.211367,0.403375
0.0,0.195361,0.335151
0.0,0.195361,0.342227
0.0,0.238755,0.352387
0.0,0.264579,0.366371
0.0,0.221377,0.384023
0.0,0.308814,0.403023
0.002,0.2922,0.420423
0.024,0.268413,0.4318
0.068,0.317352,0.433942
0.063,0.357724,0.431581
0.128,0.842421,0.418384
0.145,0.659344,0.400835
0.156,0.242337,0.385649
0.194,0.553363,0.37843
0.174,0.7625,0.384612
0.228,0.78592,0.404559
0.309,0.624891,0.435633
0.348,0.585158,0.470477
0.147,0.49327,0.503646
0.112,0.448456,0.519132
0.064,0.49327,0.508909
0.018,0.396365,0.479374
0.004,0.510816,0.438941
0.0,0.459394,0.399279
0.0,0.296296,0.331766
0.0,0.249606,0.337463
0.0,0.122699,0.345682
0.0,0.058813,0.358931
0.0,0.038075,0.378192
0.0,0.048307,0.399988
0.005,0.048307,0.419933
0.065,0.038075,0.430748
0.161,0.013952,0.431222
0.33,0.039133,0.419525
0.392,0.049546,0.403963
0.506,0.070742,0.383816
0.563,0.033072,0.367172
0.441,0.045892,0.3612
0.462,0.056057,0.366555
0.466,0.04021,0.386006
0.325,0.020727,0.418978
0.264,0.006038,0.455508
0.242,0.000171,0.484344
0.207,0.0,0.495266
0.169,0.0,0.484289
0.085,0.0,0.458851
0.013,0.0,0.425376
0.0,0.001261,0.392654
0.0,0.011438,0.329699
0.0,0.011438,0.33884
0.0,0.027672,0.350693
0.0,0.02442,0.365075
0.0,0.036018,0.383151
0.0,0.045892,0.403127
0.005,0.037037,0.420528
0.059,0.018701,0.429173
0.182,0.009245,0.42577
0.188,0.029401,0.419087
0.157,0.038075,0.404088
0.105,0.043559,0.387571
0.242,0.032127,0.369825
0.295,0.033072,0.359386
0.247,0.025208,0.361699
0.41,0.038075,0.376629
0.262,0.105303,0.408801
0.465,0.144448,0.442548
0.351,0.228224,0.480568
0.207,0.228224,0.494821
0.11,0.421875,0.488513
0.088,0.540974,0.459662
0.013,0.553363,0.423254
0.0,0.680612,0.38763
0.0,0.910236,0.324256
0.0,0.842421,0.332413
0.0,0.717066,0.343622
0.0,0.624891,0.359579
0.0,0.611453,0.377394
0.0,0.510816,0.397088
0.004,0.437694,0.414234
0.053,0.416688,0.424349
0.071,0.49327,0.426992
0.177,0.611453,0.41976
0.201,0.464928,0.406357
0.16,0.231699,0.391313
0.281,0.339383,0.376455
0.225,0.362411,0.371346
0.297,0.260781,0.376905
0.331,0.242337,0.398549
0.364,0.231699,0.432593
0.381,0.211367,0.471585
0.244,0.183155,0.506127
0.159,0.245954,0.522986
0.075,0.221377,0.514629
0.043,0.174341,0.489641
0.005,0.154886,0.44825
0.0,0.127329,0.406659
0.0,0.042423,0.337515
0.0,0.045892,0.343767
0.0,0.022894,0.353527
0.0,0.008074,0.366631
0.0,0.00463,0.382835
0.0,0.000794,0.400246
0.002,0.000272,0.416465
0.02,0.002026,0.424473
0.051,0.001372,0.424376
0.098,0.000235,0.421535
0.143,0.0,0.405974
0.209,0.0,0.386337
0.313,0.0,0.367678
0.333,0.0,0.357796
0.403,0.0,0.360111
0.598,0.0,0.375519
0.604,0.0,0.403018
0.427,0.0,0.438762
0.43,0.0,0.468511
0.313,0.006674,0.491284
0.172,0.025208,0.486344
0.065,0.033072,0.466267
0.013,0.042423,0.43035
0.0,0.031201,0.394528
0.0,0.034036,0.328732
0.0,0.0039,0.336965
0.0,0.002026,0.347856
0.0,0.000717,0.361659
0.0,0.000235,0.377634
0.0,3.9e-5,0.396317
0.005,1.0e-6,0.412899
0.06,0.0,0.419736
0.168,0.0,0.413035
0.207,0.0,0.405956
0.341,0.0,0.386582
0.472,0.0,0.365081
0.641,0.0,0.346623
0.721,0.0,0.337531
0.753,0.0,0.339973
0.796,0.0,0.357395
0.627,0.001156,0.388494
0.548,0.006674,0.425433
0.39,0.020727,0.458279
0.22,0.012404,0.472669
0.164,0.022156,0.46553
0.068,0.045892,0.443078
0.012,0.097258,0.409233
0.0,0.129687,0.374893
0.0,0.136935,0.31329
0.0,0.085975,0.322499
0.0,0.044716,0.335167
0.0,0.042423,0.351224
0.0,0.064594,0.370562
0.0,0.061659,0.391423
0.006,0.052086,0.409377
0.075,0.037037,0.418292
0.197,0.022894,0.415433
0.316,0.007007,0.4051
0.484,0.004892,0.386832
0.629,0.004892,0.36586
0.742,0.014496,0.348385
0.817,0.016211,0.339284
0.827,0.027672,0.342764
0.823,0.030292,0.360877
0.768,0.033072,0.392271
0.641,0.047089,0.430155
0.525,0.089633,0.463948
0.319,0.075601,0.48384
0.213,0.082418,0.481005
0.104,0.127329,0.465492
0.018,0.120427,0.431837
0.0,0.084184,0.396343
0.0,0.044716,0.331945
0.0,0.045892,0.341086
0.0,0.04021,0.352974
0.0,0.028528,0.368813
0.0,0.021433,0.388005
0.0,0.018056,0.408189
0.007,0.013423,0.425792
0.077,0.005737,0.433566
0.198,0.000794,0.430343
0.343,0.000144,0.423664
0.505,1.0e-5,0.403898
0.643,1.0e-6,0.380335
0.749,1.0e-5,0.359478
0.82,1.0e-5,0.347336
0.835,0.000171,0.348512
0.833,0.000963,0.364874
0.773,0.003053,0.394342
0.664,0.007352,0.429316
0.541,0.014496,0.461065
0.39,0.032127,0.477504
0.229,0.04021,0.474795
0.103,0.056057,0.45413
0.018,0.070742,0.420915
0.0,0.06917,0.385937
0.0,0.052086,0.322899
0.0,0.04021,0.331425
0.0,0.038075,0.34346
0.0,0.041307,0.358458
0.0,0.030292,0.37716
0.0,0.026834,0.397317
0.007,0.033072,0.414463
0.075,0.023649,0.42193
0.191,0.004134,0.41753
0.318,0.001882,0.407221
0.486,0.001261,0.387381
0.612,0.000579,0.365936
0.721,0.002178,0.34801
0.744,0.0,0.337978
0.793,0.0,0.339977
0.776,0.0,0.355341
0.69,0.001489,0.384
0.626,0.013952,0.419287
0.493,0.015625,0.451027
0.363,0.004134,0.468557
0.207,0.027672,0.465389
0.106,0.067622,0.447133
0.019,0.099229,0.416188
0.0,0.122699,0.383149
0.0,0.032127,0.321846
0.0,0.0,0.332044
0.0,0.004892,0.34409
0.0,0.025208,0.360474
0.0,0.034036,0.37974
0.0,0.020036,0.400015
0.007,0.006674,0.418312
0.068,0.000876,0.426438
0.174,0.0,0.424272
0.299,0.0,0.415527
0.422,0.0,0.399678
0.612,0.0,0.378842
0.75,0.0,0.362479
0.83,0.000876,0.354674
0.811,0.009245,0.360436
0.836,0.029401,0.381134
0.766,0.052086,0.416503
0.649,0.075601,0.458344
0.501,0.115967,0.494556
0.37,0.144448,0.511709
0.232,0.115967,0.504189
0.104,0.082418,0.477277
0.019,0.064594,0.438604
0.0,0.049546,0.400911
0.0,0.016811,0.335355
0.0,0.025208,0.344114
0.0,0.015625,0.355639
0.0,0.037037,0.370205
0.0,0.037037,0.385646
0.0,0.015053,0.405204
0.007,0.004134,0.422159
0.069,0.002505,0.432004
0.186,0.0039,0.43207
0.24,0.003053,0.425402
0.409,0.000459,0.410877
0.576,5.1e-5,0.392187
0.732,6.5e-5,0.373958
0.819,5.1e-5,0.364568
0.862,0.000313,0.368566
0.819,0.002505,0.388699
0.794,0.012404,0.423022
0.694,0.022894,0.463594
0.557,0.018056,0.496874
0.407,0.015053,0.512067
0.254,0.012906,0.504521
0.117,0.013423,0.478174
0.021,0.015053,0.44161
0.0,0.009659,0.404616
0.0,0.001372,0.338859
0.0,0.001882,0.347681
0.0,0.001057,0.360612
0.0,0.000517,0.378087
0.0,3.9e-5,0.397689
0.0,0.0,0.417823
0.007,0.0,0.436339
0.079,0.0,0.44128
0.2,0.0,0.433401
0.332,0.0,0.424601
0.489,0.0,0.406998
0.587,0.0,0.386955
0.71,0.0,0.36891
0.771,0.0,0.359124
0.759,0.0,0.362054
0.735,0.0,0.379755
0.653,0.0,0.409398
0.549,0.0,0.444491
0.419,0.0,0.475228
0.258,0.000313,0.491246
0.166,0.007352,0.485493
0.069,0.022894,0.462182
0.015,0.042423,0.425943
0.0,0.049546,0.389428
0.0,0.044716,0.325023
0.0,0.020727,0.333564
0.0,0.017426,0.345635
0.0,0.019361,0.361153
0.0,0.013423,0.3809
0.0,0.008074,0.401707
0.002,0.00463,0.419545
0.024,0.002338,0.431449
0.055,0.001372,0.434748
0.046,0.000459,0.427011
0.1,5.1e-5,0.4135
0.162,3.9e-5,0.396743
0.346,0.0,0.378406
0.38,0.0,0.368506
0.46,0.0,0.369684
0.615,0.0,0.384752
0.422,0.0,0.41706
0.432,0.0,0.450409
0.335,0.0,0.47894
0.23,0.0,0.4904
0.215,0.0,0.478851
0.068,0.0,0.452336
0.016,1.0e-5,0.416969
0.0,1.5e-5,0.382782
0.0,4.0e-6,0.319932
0.0,6.0e-6,0.328787
0.0,0.0,0.340708
0.0,0.0,0.356925
0.0,0.0,0.375524
0.0,0.0,0.395572
0.004,0.0,0.412637
0.027,0.0,0.420119
0.053,0.0,0.420104
0.096,0.0,0.410928
0.163,0.0,0.396807
0.414,0.0,0.37566
0.593,0.001372,0.358006
0.605,0.0,0.350297
0.768,0.0,0.351631
0.692,0.000235,0.369265
0.629,1.0e-5,0.405252
0.273,0.0,0.452688
0.157,0.0,0.489097
0.21,0.0,0.501444
0.139,0.0,0.489618
0.065,0.0,0.457582
0.01,0.000717,0.421179
0.0,0.0039,0.386081
0.0,0.001489,0.321868
0.0,0.000313,0.328242
0.0,8.1e-5,0.338849
0.0,0.002178,0.351847
0.0,0.001489,0.368327
0.0,0.003053,0.386056
0.003,0.010085,0.402722
0.041,0.022894,0.413622
0.1,0.020727,0.416214
0.205,0.008843,0.406562
0.293,0.002505,0.392563
0.391,0.001882,0.376047
0.524,0.003675,0.360319
0.485,0.020727,0.354482
0.429,0.049546,0.367013
0.401,0.087791,0.385537
0.515,0.072338,0.417915
0.524,0.105303,0.455584
0.34,0.091501,0.491518
0.233,0.072338,0.504572
0.157,0.028528,0.495868
0.066,0.007007,0.468212
0.009,0.002679,0.429201
0.0,0.002679,0.389384
0.0,0.008843,0.323812
0.0,0.030292,0.331477
0.0,0.02442,0.340458
0.0,0.039133,0.353969
0.0,0.04021,0.371016
0.0,0.026012,0.389854
0.003,0.032127,0.406678
0.024,0.049546,0.418217
0.1,0.016811,0.420329
0.139,0.012906,0.411182
0.219,0.010974,0.397587
0.367,0.032127,0.379423
0.318,0.033072,0.366472
0.451,0.064594,0.360554
0.262,0.014496,0.369815
0.435,0.0,0.385962
0.394,1.0e-5,0.415616
0.363,0.031201,0.456688
0.263,0.020727,0.495877
0.173,0.002178,0.506404
0.139,0.002026,0.493174
0.08,0.002679,0.469857
0.016,0.00012,0.429603
0.0,0.002178,0.392202
0.0,0.005445,0.326991
0.0,0.005163,0.334299
0.0,0.026012,0.344652
0.0,0.031201,0.360111
0.0,0.012404,0.378843
0.0,0.007007,0.398545
0.006,0.008843,0.415221
0.052,0.010523,0.42386
0.124,0.001882,0.423919
0.171,0.000202,0.416326
0.357,0.000459,0.399543
0.472,0.000517,0.380831
0.618,0.00012,0.364496
0.674,0.0,0.355781
0.737,0.0,0.359665
0.322,0.0,0.385902
0.455,0.0,0.420518
0.365,0.0,0.460214
0.24,0.0,0.490664
0.254,0.0,0.501075
0.143,0.0,0.492437
0.065,0.0,0.467358
0.017,0.0,0.427323
0.0,0.0,0.391599
0.0,0.0,0.328139
0.0,0.008453,0.336297
0.0,0.018701,0.347563
0.0,0.010523,0.362244
0.0,0.001261,0.380607
0.0,0.000235,0.400877
0.008,0.000171,0.418666
0.081,0.002026,0.426889
0.205,4.0e-6,0.421715
0.352,0.0,0.408924
0.505,0.0,0.391329
0.626,0.0,0.372914
0.631,0.0,0.35827
0.636,0.0,0.350589
0.575,0.0,0.355818
0.626,0.0,0.373214
0.629,0.0,0.403445
0.533,0.0,0.438629
0.411,0.0,0.468316
0.25,0.0,0.482133
0.175,0.0,0.475861
0.042,0.0,0.457782
0.009,0.001156,0.420226
0.0,0.002338,0.383697
0.0,0.001057,0.321186
0.0,0.001372,0.328374
0.0,0.000358,0.338549
0.0,0.000144,0.352427
0.0,0.000876,0.368934
0.0,9.9e-5,0.388151
0.005,0.0,0.404392
0.05,0.0,0.414303
0.107,0.000963,0.414289
0.137,0.001882,0.410974
0.157,0.003252,0.399949
0.347,0.001261,0.38125
0.392,3.9e-5,0.366349
0.477,0.000313,0.358098
0.591,0.00012,0.362518
0.636,1.0e-6,0.379803
0.541,0.0,0.411697
0.56,0.0,0.447018
0.447,0.0,0.47661
0.27,0.0,0.489955
0.151,0.0,0.481573
0.087,0.00012,0.460719
0.015,6.0e-6,0.422887
0.0,0.0,0.385609
0.0,0.003252,0.322793
0.0,0.0,0.33125
0.0,0.000358,0.342784
0.0,0.000272,0.358155
0.0,0.0,0.377244
0.0,0.0,0.397827
0.007,0.0,0.416494
0.074,5.1e-5,0.424674
0.171,0.002679,0.422676
0.214,0.011438,0.411483
0.349,0.023649,0.396899
0.42,0.02442,0.379785
0.479,0.061659,0.366359
0.484,0.127329,0.363724
0.384,0.072338,0.369686
0.42,0.064594,0.386887
0.59,0.149606,0.421028
0.464,0.317352,0.463725
0.294,0.284121,0.495031
0.264,0.245954,0.506842
0.179,0.253295,0.497398
0.075,0.186157,0.470167
0.008,0.144448,0.429862
0.0,0.157572,0.389969
0.0,0.052086,0.325223
0.0,0.063115,0.332487
0.0,0.035017,0.344902
0.0,0.031201,0.360793
0.0,0.042423,0.379539
0.0,0.058813,0.397807
0.006,0.039133,0.414452
0.054,0.021433,0.424139
0.166,0.014496,0.424245
0.252,0.049546,0.415649
0.309,0.022156,0.402485
0.529,0.015053,0.383234
0.506,0.001882,0.368758
0.466,0.004377,0.361423
0.693,0.001882,0.362593
0.561,0.000876,0.381909
0.324,0.00012,0.414531
0.287,2.0e-6,0.45011
0.17,1.0e-5,0.480531
0.114,0.000459,0.492659
0.112,0.001744,0.4823
0.054,0.009659,0.45251
0.021,0.041307,0.417008
0.0,0.101227,0.380759
0.0,0.198495,0.316787
0.0,0.221377,0.323882
0.0,0.242337,0.333075
0.0,0.242337,0.346732
0.0,0.242337,0.363433
0.0,0.284121,0.380444
0.002,0.317352,0.395859
0.011,0.357724,0.406057
0.019,0.376715,0.409647
0.024,0.401383,0.407406
0.067,0.401383,0.395468
0.093,0.437694,0.37988
0.063,0.432378,0.36693
0.15,0.401383,0.35916
0.129,0.401383,0.364566
0.081,0.522741,0.386504
0.058,0.638525,0.420606
0.032,0.778061,0.459095
0.012,0.717066,0.490725
0.021,0.53485,0.503081
0.007,0.376715,0.491829
0.007,0.224783,0.457299
0.006,0.125,0.416007
0.0,0.080677,0.378394
0.0,0.064594,0.31565
0.0,0.084184,0.323131
0.0,0.085975,0.332302
0.0,0.043559,0.344611
0.0,0.026012,0.359833
0.0,0.018701,0.377153
0.003,0.022156,0.392934
0.025,0.016811,0.403052
0.065,0.026012,0.404527
0.09,0.023649,0.397168
0.13,0.047089,0.383483
0.119,0.061659,0.36977
0.224,0.014496,0.35479
0.211,0.026834,0.347192
0.19,0.011914,0.351901
0.15,0.003252,0.372109
0.131,0.001744,0.404979
0.064,0.0039,0.444442
0.023,0.009245,0.477006
0.02,0.007352,0.489692
0.025,0.002679,0.478144
0.01,0.002505,0.446859
0.009,0.003252,0.408109
0.0,0.005163,0.372208
0.0,0.004892,0.311735
0.0,0.008453,0.320363
0.0,0.016211,0.331137
0.0,0.022156,0.345153
0.0,0.015053,0.363153
0.0,0.022156,0.383035
0.007,0.035017,0.399562
0.061,0.017426,0.408841
0.17,0.005163,0.406741
0.295,0.001156,0.395249
0.421,0.000202,0.378108
0.486,0.00012,0.359251
0.681,0.002026,0.339918
0.603,0.001156,0.32975
0.403,0.000171,0.334603
0.456,0.000717,0.349828
0.523,0.003252,0.375378
0.397,0.010974,0.406313
0.408,0.015053,0.431378
0.27,0.016811,0.444314
0.161,0.021433,0.437022
0.08,0.035017,0.416031
0.022,0.06917,0.383785
0.0,0.105303,0.351153
0.0,0.082418,0.293056
0.0,0.111619,0.300492
0.0,0.101227,0.309833
0.0,0.07896,0.323002
0.0,0.018056,0.339961
0.0,0.031201,0.359679
0.005,0.060225,0.377726
0.058,0.033072,0.384335
0.154,0.037037,0.382001
0.179,0.000517,0.371268
0.342,0.0,0.354255
0.492,0.0,0.335749
0.326,0.004134,0.323732
0.348,0.020727,0.316567
0.211,0.016811,0.322585
0.434,0.005163,0.337128
0.65,0.003252,0.359983
0.434,5.1e-5,0.39191
0.423,0.0,0.417923
0.238,0.0,0.43119
0.207,0.0,0.421718
0.074,0.000313,0.404046
0.007,8.1e-5,0.373933
0.0,5.1e-5,0.34319
0.0,0.035017,0.288456
0.0,0.010974,0.297019
0.0,0.037037,0.307514
0.0,0.085975,0.319281
0.0,0.168626,0.336062
0.0,0.060225,0.355586
0.006,0.075601,0.372458
0.035,0.036018,0.382001
0.075,0.009245,0.385869
0.207,0.008453,0.378193
0.33,0.015053,0.367016
0.469,0.02442,0.351944
0.494,0.020727,0.338483
0.618,0.049546,0.331123
0.691,0.033072,0.335539
0.55,0.010974,0.355802
0.652,0.004134,0.385655
0.6,0.003459,0.42162
0.499,0.000717,0.452056
0.383,4.0e-6,0.466723
0.229,2.9e-5,0.460104
0.119,0.001613,0.433494
0.027,0.001882,0.401239
0.0,0.000202,0.368369
0.0,0.0,0.310202
0.0,0.0,0.320003
0.0,0.0,0.328248
0.0,0.0,0.342144
0.0,0.0,0.359081
0.0,0.0,0.379706
0.006,0.0,0.397584
0.047,0.0,0.40733
0.121,0.0,0.405771
0.246,0.0,0.393824
0.267,0.0,0.379755
0.253,0.0,0.365211
0.208,2.9e-5,0.353201
0.179,0.002679,0.349328
0.155,8.1e-5,0.356907
0.122,1.0e-5,0.381368
0.279,0.000313,0.411792
0.274,0.00012,0.448315
0.233,1.5e-5,0.476108
0.258,0.00012,0.486844
0.216,0.000717,0.475361
0.069,0.011438,0.452977
0.02,0.009245,0.415776
0.0,0.008843,0.380078
0.0,0.026012,0.319558
0.0,0.077268,0.328321
0.0,0.06917,0.339321
0.0,0.073957,0.353655
0.0,0.066097,0.369765
0.0,0.056057,0.388039
0.006,0.037037,0.404772
0.055,0.037037,0.413705
0.138,0.026834,0.412221
0.28,0.023649,0.402273
0.418,0.011438,0.386502
0.446,0.013952,0.369806
0.574,0.005445,0.353462
0.518,0.012906,0.349124
0.574,0.026012,0.354826
0.587,0.032127,0.373718
0.456,0.004892,0.409936
0.337,0.006351,0.448048
0.472,0.02442,0.477694
0.288,0.034036,0.491013
0.2,0.011438,0.480666
0.11,0.004892,0.450957
0.023,0.008074,0.414987
0.0,0.022156,0.379357
0.0,0.075601,0.316597
0.0,0.129687,0.324082
0.0,0.136935,0.333286
0.0,0.157572,0.346512
0.0,0.141914,0.363196
0.0,0.149606,0.381629
0.005,0.201663,0.397598
0.031,0.204864,0.40684
0.038,0.186157,0.409416
0.077,0.308814,0.402055
0.093,0.448456,0.389778
0.072,0.652355,0.374894
0.18,0.177247,0.357934
0.168,0.054712,0.350326
0.322,0.006038,0.353249
0.166,0.00463,0.379956
0.237,0.033072,0.412411
0.276,0.030292,0.449572
0.315,0.015625,0.477451
0.237,0.008074,0.490759
0.175,0.001057,0.481655
0.116,2.0e-6,0.451878
0.023,0.0,0.416343
0.0,0.0,0.381531
0.0,0.0,0.319224
0.0,0.0,0.327567
0.0,0.0,0.33854
0.0,0.0,0.352407
0.0,0.0,0.368461
0.0,0.0,0.385721
0.004,0.000202,0.402355
0.052,0.000963,0.407667
0.103,0.000579,0.405628
0.168,0.0,0.397799
0.246,0.0,0.383651
0.373,0.0,0.365628
0.51,0.001882,0.349896
0.524,0.001489,0.341945
0.468,9.9e-5,0.34658
0.514,5.1e-5,0.364511
0.408,0.000171,0.394577
0.483,0.002505,0.427825
0.308,0.015053,0.456779
0.273,0.022894,0.470885
0.184,0.019361,0.46227
0.058,0.013952,0.437804
0.015,0.004134,0.403005
0.0,0.000963,0.368025
0.0,0.020036,0.308414
0.0,5.1e-5,0.317347
0.0,0.0,0.327184
0.0,0.019361,0.341895
0.0,0.152231,0.357005
0.0,0.224783,0.375611
0.004,0.296296,0.393303
0.032,0.411544,0.403954
0.08,0.218006,0.406505
0.132,0.189192,0.400709
0.315,0.189192,0.385006
0.396,0.141914,0.366944
0.413,0.198495,0.355809
0.668,0.249606,0.346869
0.626,0.304603,0.35067
0.549,0.23521,0.367362
0.51,0.296296,0.39607
0.461,0.211367,0.431199
0.4,0.264579,0.460988
0.211,0.208098,0.475817
0.048,0.127329,0.472632
0.023,0.06917,0.450942
0.005,0.054712,0.411799
0.0,0.067622,0.374552
0.0,0.141914,0.31189
0.0,0.198495,0.318067
0.0,0.183155,0.327095
0.0,0.198495,0.340075
0.0,0.221377,0.356003
0.0,0.211367,0.373139
0.001,0.186157,0.389245
0.011,0.221377,0.400797
0.03,0.272284,0.404343
0.074,0.371906,0.398569
0.12,0.208098,0.386391
0.081,0.141914,0.372109
0.089,0.016811,0.358498
0.143,0.048307,0.351352
0.142,0.122699,0.355707
0.132,0.152231,0.375151
0.212,0.353079,0.406663
0.184,0.201663,0.440988
0.24,0.127329,0.466462
0.17,0.103251,0.47951
0.115,0.077268,0.468204
0.099,0.060225,0.439875
0.017,0.042423,0.403825
0.0,0.080677,0.368282
0.0,0.198495,0.307493
0.0,0.238755,0.313582
0.0,0.272284,0.323306
0.0,0.326047,0.336567
0.0,0.432378,0.352782
0.0,0.522741,0.367872
0.001,0.565939,0.380803
0.015,0.504922,0.390088
0.048,0.453903,0.392504
0.094,0.411544,0.386843
0.141,0.421875,0.375955
0.194,0.591659,0.361557
0.272,0.19226,0.347359
0.219,0.154886,0.34219
0.294,0.160289,0.34591
0.23,0.23521,0.367737
0.333,0.25702,0.396486
0.203,0.476131,0.43397
0.108,0.330452,0.463934
0.075,0.288142,0.47629
0.035,0.443053,0.467526
0.013,0.339383,0.442115
0.006,0.326047,0.403764
0.0,0.348473,0.367275
0.0,0.376715,0.30747
0.0,0.362411,0.31597
0.0,0.276193,0.327833
0.0,0.245954,0.343424
0.0,0.260781,0.36086
0.0,0.218006,0.379174
0.003,0.186157,0.396023
0.051,0.154886,0.407765
0.124,0.105303,0.408829
0.288,0.163036,0.399983
0.477,0.180185,0.385802
0.52,0.198495,0.369638
0.566,0.437694,0.355649
0.688,0.280138,0.347638
0.69,0.214669,0.355637
0.576,0.253295,0.380961
0.555,0.32168,0.413503
0.332,0.376715,0.450756
0.49,0.362411,0.476255
0.385,0.339383,0.486364
0.223,0.218006,0.476116
0.113,0.147012,0.448986
0.021,0.115967,0.413149
0.0,0.097258,0.375293
0.0,0.386457,0.315346
0.0,0.296296,0.323999
0.0,0.23521,0.334444
0.0,0.105303,0.348575
0.0,0.101227,0.365802
0.0,0.122699,0.384823
0.004,0.066097,0.400925
0.061,0.057424,0.409271
0.138,0.04021,0.409843
0.277,0.036018,0.398972
0.408,0.026012,0.38433
0.593,0.020727,0.365842
0.67,0.009245,0.350595
0.722,0.012404,0.342657
0.78,0.021433,0.346857
0.779,0.039133,0.365307
0.603,0.02442,0.399168
0.504,0.008074,0.440933
0.505,0.007007,0.466416
0.343,0.008453,0.478193
0.2,0.000963,0.469374
0.087,3.9e-5,0.44268
0.023,0.0,0.407407
0.0,0.0,0.373874
0.0,2.0e-6,0.314192
0.0,0.000645,0.321616
0.0,0.0039,0.33199
0.0,0.006351,0.34731
0.0,0.00463,0.365375
0.0,0.0039,0.384374
0.004,0.000645,0.401929
0.065,3.9e-5,0.409297
0.167,0.0,0.401721
0.352,0.0,0.388914
0.497,0.0,0.372074
0.494,0.0,0.356391
0.551,0.0,0.342366
0.49,0.0,0.336359
0.576,0.0,0.339516
0.456,0.0,0.357547
0.454,0.0,0.386496
0.394,0.0,0.420198
0.296,0.0,0.448032
0.272,0.0,0.458764
0.187,0.0,0.450424
0.087,0.0,0.425539
0.018,2.1e-5,0.393372
0.0,2.1e-5,0.362112
0.0,0.0,0.304824
0.0,1.5e-5,0.312863
0.0,0.006351,0.323388
0.0,0.032127,0.337507
0.0,0.063115,0.354213
0.0,0.099229,0.372673
0.004,0.120427,0.387777
0.045,0.149606,0.395756
0.078,0.565939,0.3962
0.068,0.7625,0.39001
0.104,0.553363,0.377572
0.137,0.528772,0.363125
0.383,0.177247,0.347512
0.499,0.516755,0.339624
0.626,0.680612,0.343771
0.38,0.732004,0.369373
0.446,0.695041,0.404104
0.603,0.598209,0.439368
0.408,0.487512,0.470902
0.324,0.39139,0.48529
0.255,0.25702,0.475675
0.123,0.152231,0.451423
0.024,0.089633,0.414829
0.0,0.063115,0.379165
0.0,0.020036,0.316686
0.0,0.022156,0.324158
0.0,0.025208,0.333781
0.0,0.019361,0.34617
0.0,0.009659,0.362384
0.0,0.007352,0.381237
0.003,0.004892,0.398168
0.053,0.003053,0.406444
0.165,0.000358,0.40344
0.252,0.002679,0.394667
0.432,0.003053,0.380149
0.457,0.003675,0.364666
0.588,0.000406,0.349468
0.693,0.004892,0.342008
0.712,0.018056,0.347126
0.546,0.026012,0.369012
0.57,0.033072,0.400532
0.592,0.02442,0.436632
0.459,0.022894,0.467372
0.38,0.02442,0.480422
0.226,0.009245,0.47215
0.099,0.001057,0.44755
0.019,0.0,0.410781
0.0,0.0,0.375969
0.0,0.0,0.315623
0.0,0.0,0.323872
0.0,0.0,0.336779
0.0,0.0,0.352711
0.0,0.0,0.372367
0.0,0.0,0.392638
0.004,3.9e-5,0.409555
0.062,0.002338,0.414134
0.164,0.001744,0.405625
0.233,0.001057,0.394319
0.29,0.001882,0.378833
0.421,0.0039,0.36103
0.578,0.004134,0.344115
0.709,0.008453,0.334469
0.685,0.011914,0.3376
0.552,0.013423,0.355525
0.389,0.026012,0.385364
0.314,0.049546,0.418967
0.337,0.020036,0.445493
0.298,5.1e-5,0.455539
0.186,0.0,0.448493
0.08,0.0,0.424292
0.018,0.0,0.38962
0.0,0.0,0.356346
0.0,0.0,0.298928
0.0,0.0,0.310838
0.0,0.0,0.323356
0.0,0.000144,0.336187
0.0,0.000313,0.351934
0.0,0.000963,0.368874
0.002,0.006351,0.384797
0.038,0.017426,0.394208
0.069,0.018701,0.395153
0.238,0.019361,0.383447
0.272,0.050805,0.371674
0.363,0.147012,0.357434
0.314,0.308814,0.347511
0.334,0.242337,0.341891
0.509,0.406442,0.343784
0.414,0.432378,0.361578
0.329,0.572297,0.393521
0.268,0.528772,0.427847
0.307,0.476131,0.451885
0.244,0.214669,0.462701
0.191,0.186157,0.453641
0.095,0.177247,0.428528
0.013,0.127329,0.392432
0.0,0.070742,0.357476
0.0,0.037037,0.298722
0.0,0.020036,0.307831
0.0,0.009659,0.319435
0.0,0.00463,0.33382
0.0,0.0039,0.353034
0.0,0.003252,0.371902
0.003,0.000645,0.388928
0.06,0.000517,0.397452
0.175,0.0,0.391837
0.214,0.0,0.381172
0.406,0.000235,0.364071
0.505,0.014496,0.346312
0.505,0.017426,0.33216
0.566,0.020727,0.32449
0.423,0.072338,0.329277
0.448,0.027672,0.34624
0.326,0.04021,0.375287
0.239,0.056057,0.410297
0.258,0.152231,0.438713
0.243,0.13941,0.446727
0.163,0.13941,0.438673
0.065,0.136935,0.416248
0.016,0.113779,0.383336
0.0,0.127329,0.349243
0.0,0.168626,0.292288
0.0,0.127329,0.299273
0.0,0.085975,0.3098
0.0,0.04021,0.324656
0.0,0.035017,0.342545
0.0,0.041307,0.361375
0.003,0.038075,0.37796
0.056,0.032127,0.385171
0.156,0.030292,0.381465
0.293,0.007707,0.367886
0.415,0.005737,0.351619
0.57,0.009245,0.333347
0.705,0.023649,0.317318
0.577,0.063115,0.310755
0.759,0.060225,0.312062
0.726,0.07896,0.328523
0.645,0.101227,0.357113
0.581,0.057424,0.39166
0.467,0.060225,0.42254
0.314,0.097258,0.444585
0.14,0.136935,0.445127
0.034,0.147012,0.423418
0.006,0.13941,0.387779
0.0,0.141914,0.351854
0.0,0.238755,0.294098
0.0,0.300431,0.301119
0.0,0.367138,0.310879
0.0,0.386457,0.324496
0.0,0.401383,0.341929
0.0,0.401383,0.361197
0.002,0.334898,0.377774
0.049,0.339383,0.388995
0.122,0.386457,0.390906
0.247,1.0,0.381262
0.321,1.0,0.367591
0.352,0.972479,0.352078
0.342,0.754798,0.339577
0.458,1.0,0.332261
0.579,1.0,0.336278
0.726,1.0,0.352672
0.61,1.0,0.383325
0.575,1.0,0.417322
0.428,1.0,0.446803
0.266,0.695041,0.45938
0.222,0.638525,0.450398
0.091,0.540974,0.42549
0.017,0.437694,0.3907
0.0,0.362411,0.357313
0.0,0.353079,0.299453
0.0,0.242337,0.306977
0.0,0.224783,0.317732
0.0,0.198495,0.332474
0.0,0.152231,0.348493
0.0,0.13449,0.36714
0.001,0.115967,0.383477
0.032,0.085975,0.392352
0.104,0.044716,0.393791
0.177,0.020036,0.385628
0.261,0.011438,0.371848
0.405,0.011438,0.354772
0.491,0.005163,0.340357
0.453,0.045892,0.340249
0.531,0.013952,0.344878
0.562,0.003459,0.361281
0.636,0.0039,0.388976
0.423,0.003675,0.434388
0.292,0.02442,0.463138
0.215,0.000717,0.473581
0.198,1.5e-5,0.463026
0.101,0.0,0.436719
0.016,0.0,0.401433
0.0,0.0,0.368901
0.0,0.0,0.310303
0.0,0.0,0.320432
0.0,0.0,0.331585
0.0,0.0,0.344317
0.0,0.0,0.362677
0.0,0.000235,0.381538
0.001,0.001489,0.39799
0.049,0.001057,0.406274
0.136,0.0,0.401778
0.144,0.0,0.394546
0.304,0.0,0.378582
0.194,0.0,0.365524
0.31,0.000579,0.351228
0.355,0.018056,0.346461
0.418,0.049546,0.351669
0.496,0.120427,0.371378
0.519,0.171468,0.401519
0.485,0.186157,0.43713
0.398,0.13941,0.466669
0.344,0.072338,0.479693
0.25,0.032127,0.470814
0.103,0.020036,0.445706
0.018,0.018056,0.411161
0.0,0.015625,0.376295
0.0,0.006674,0.3161
0.0,0.011914,0.32475
0.0,0.018701,0.335621
0.0,0.013952,0.350219
0.0,0.014496,0.367515
0.0,0.020036,0.385673
0.002,0.014496,0.402785
0.058,0.004134,0.410705
0.159,0.000358,0.40423
0.247,0.002679,0.39497
0.369,0.004892,0.381929
0.526,0.011438,0.365924
0.646,0.022894,0.351158
0.67,0.063115,0.344589
0.652,0.105303,0.350221
0.698,0.154886,0.369362
0.658,0.171468,0.400912
0.541,0.253295,0.437618
0.388,0.304603,0.469022
0.33,0.296296,0.482098
0.188,0.171468,0.473768
0.11,0.091501,0.447326
0.019,0.066097,0.412116
0.0,0.06917,0.376221
0.0,0.043559,0.314897
0.0,0.064594,0.321531
0.0,0.073957,0.332307
0.0,0.075601,0.34592
0.0,0.053388,0.362123
0.0,0.050805,0.379553
0.001,0.02442,0.396409
0.043,0.006674,0.405151
0.146,0.000717,0.401659
0.173,4.0e-6,0.392924
0.376,1.0e-5,0.376515
0.507,2.1e-5,0.359281
0.404,0.0,0.346554
0.496,0.005445,0.338244
0.571,0.037037,0.341918
0.656,0.053388,0.35961
0.59,0.054712,0.390855
0.556,0.066097,0.426095
0.513,0.045892,0.454918
0.342,0.018701,0.468301
0.204,0.0039,0.459705
0.088,0.000794,0.433613
0.014,0.0039,0.398605
0.0,0.026834,0.363994
0.0,0.049546,0.305134
0.0,0.087791,0.311575
0.0,0.101227,0.319595
0.0,0.080677,0.331424
0.0,0.053388,0.346055
0.0,0.053388,0.362244
0.001,0.049546,0.376914
0.016,0.04021,0.385604
0.064,0.027672,0.38647
0.144,0.049546,0.378378
0.189,0.099229,0.363318
0.208,0.101227,0.348427
0.319,0.054712,0.334672
0.248,0.054712,0.329228
0.307,0.044716,0.334568
0.315,0.037037,0.35281
0.245,0.044716,0.384528
0.183,0.064594,0.419781
0.154,0.044716,0.447584
0.134,0.039133,0.457677
0.104,0.010974,0.446907
0.097,0.007352,0.417666
0.013,0.017426,0.384615
0.0,0.037037,0.349928
0.0,0.160289,0.292666
0.0,0.177247,0.300055
0.0,0.147012,0.310193
0.0,0.082418,0.323355
0.0,0.054712,0.33984
0.0,0.016211,0.356666
0.0,0.001156,0.371102
0.018,0.000313,0.380629
0.051,0.000202,0.382964
0.216,0.000645,0.3739
0.306,0.002862,0.361888
0.39,0.003252,0.347045
0.54,0.003252,0.332877
0.627,0.016211,0.325203
0.741,0.02442,0.32817
0.717,0.029401,0.343615
0.589,0.057424,0.371384
0.428,0.06917,0.408341
0.417,0.042423,0.436626
0.321,0.022156,0.450222
0.195,0.009659,0.443904
0.086,0.000963,0.418846
0.016,0.0,0.387244
0.0,0.0,0.356527
0.0,0.0,0.297411
0.0,0.0,0.311667
0.0,0.0,0.323381
0.0,0.000272,0.334934
0.0,0.001057,0.349729
0.0,0.000794,0.365627
0.001,6.5e-5,0.380438
0.037,0.0,0.388726
0.131,0.0,0.387598
0.23,0.0,0.378991
0.359,0.0,0.360492
0.594,0.0,0.338145
0.73,0.0,0.321971
0.721,0.0,0.314445
0.756,0.0,0.318126
0.78,0.0,0.334937
0.69,2.0e-6,0.363547
0.593,2.9e-5,0.396364
0.54,0.000171,0.423874
0.402,0.000202,0.437183
0.248,0.000717,0.43119
0.11,0.002178,0.412662
0.016,0.002679,0.383693
0.0,0.003053,0.353314
0.0,0.002679,0.298281
0.0,0.002505,0.307376
0.0,0.0039,0.319784
0.0,0.007007,0.335033
0.0,0.009245,0.353406
0.0,0.012906,0.372289
0.001,0.015053,0.389817
0.049,0.011914,0.397367
0.168,0.006674,0.384673
0.316,0.000313,0.367058
0.468,0.0,0.347884
0.605,1.0e-6,0.327385
0.718,1.0e-5,0.310635
0.794,0.00012,0.301909
0.828,0.000459,0.303971
0.817,0.000645,0.318997
0.76,0.001057,0.344663
0.661,0.001261,0.374083
0.541,0.001744,0.397703
0.394,0.003459,0.409173
0.243,0.015053,0.403877
0.106,0.058813,0.388279
0.015,0.125,0.362033
0.0,0.165815,0.332308
0.0,0.245954,0.280025
0.0,0.249606,0.287963
0.0,0.25702,0.298975
0.0,0.245954,0.312546
0.0,0.208098,0.328973
0.0,0.189192,0.34668
0.0,0.186157,0.363138
0.048,0.177247,0.371936
0.168,0.149606,0.369114
0.317,0.171468,0.353646
0.472,0.103251,0.33579
0.613,0.107381,0.316649
0.727,0.082418,0.300236
0.802,0.13941,0.290747
0.826,0.19226,0.291216
0.813,0.154886,0.303564
0.711,0.073957,0.328966
0.527,0.034036,0.370208
0.289,0.047089,0.399084
0.205,0.047089,0.412462
0.086,0.010085,0.410137
0.055,0.02442,0.388433
0.011,0.057424,0.361138
0.0,0.056057,0.334316
0.0,0.017426,0.282901
0.0,0.010085,0.292094
0.0,0.010974,0.303229
0.0,0.010974,0.317824
0.0,0.010085,0.334499
0.0,0.010523,0.351536
0.0,0.011438,0.367222
0.044,0.004892,0.376135
0.158,0.001261,0.373352
0.259,0.000579,0.365374
0.395,0.007707,0.349661
0.582,0.015625,0.330984
0.703,0.001489,0.314572
0.774,0.000645,0.30624
0.798,0.002178,0.309301
0.774,0.002679,0.327063
0.6,0.004134,0.368201
0.379,0.004134,0.402007
0.387,0.004134,0.426824
0.277,0.004892,0.437075
0.182,0.003675,0.43048
0.077,0.009245,0.410869
0.01,0.013423,0.379477
0.0,0.011438,0.347628
0.0,0.015625,0.291678
0.0,0.000272,0.29945
0.0,0.0,0.309573
0.0,0.0,0.323993
0.0,0.0,0.341853
0.0,0.0,0.360651
0.0,0.0,0.376718
0.039,0.0,0.384394
0.14,0.0,0.378646
0.205,0.0,0.371119
0.322,0.0,0.356235
0.409,0.0,0.338745
0.379,0.0,0.325291
0.583,0.0,0.315907
0.574,0.0,0.319611
0.559,0.0,0.335531
0.582,0.0,0.36155
0.392,0.0,0.394192
0.369,0.0,0.420952
0.197,0.003053,0.440464
0.132,0.003053,0.435619
0.064,0.003675,0.405405
0.009,0.004377,0.374509
0.0,0.010523,0.343135
0.0,0.004892,0.287962
0.0,0.015625,0.295662
0.0,0.018701,0.305673
0.0,0.020036,0.319513
0.0,0.017426,0.336269
0.0,0.010523,0.353393
0.0,0.005737,0.368669
0.023,0.004892,0.378627
0.087,0.001489,0.379922
0.168,0.000579,0.372884
0.241,0.001156,0.35795
0.36,0.000876,0.340871
0.394,0.00012,0.325515
0.495,0.0,0.316577
0.457,0.0,0.319831
0.414,0.0,0.337224
0.52,1.0e-5,0.363914
0.4,0.002679,0.397341
0.322,0.007352,0.426757
0.245,0.001882,0.439514
0.203,0.002338,0.431641
0.037,0.008074,0.411395
0.007,0.008074,0.378404
0.0,0.003252,0.347603
0.0,5.1e-5,0.2925
0.0,0.000517,0.299891
0.0,0.000517,0.31044
0.0,0.0,0.323187
0.0,0.0,0.339669
0.0,0.0,0.356488
0.0,0.0,0.372872
0.028,0.0,0.381439
0.093,0.0,0.380221
0.195,0.0,0.37217
0.29,0.0,0.35725
0.434,0.0,0.339245
0.505,0.0,0.323477
0.339,0.000171,0.31773
0.347,0.000144,0.322387
0.373,2.0e-6,0.338951
0.366,8.1e-5,0.366316
0.318,0.000171,0.398806
0.264,6.5e-5,0.427093
0.226,0.000171,0.439859
0.12,0.000517,0.435038
0.075,0.000794,0.411146
0.009,0.000144,0.380781
0.0,0.0,0.349288
0.0,0.0,0.291189
0.0,0.0,0.301356
0.0,5.1e-5,0.315657
0.0,0.001489,0.328612
0.0,0.005737,0.344004
0.0,0.014496,0.360092
0.0,0.020036,0.37418
0.029,0.015053,0.38379
0.111,0.011438,0.381573
0.098,0.016811,0.374514
0.141,0.018701,0.36002
0.282,0.020727,0.34381
0.374,0.013423,0.32973
0.285,0.014496,0.326613
0.551,0.026012,0.331438
0.579,0.031201,0.349008
0.577,0.026012,0.379879
0.519,0.020036,0.415877
0.437,0.022156,0.445886
0.348,0.008453,0.459707
0.203,0.001613,0.452562
0.088,5.1e-5,0.427527
0.01,0.0,0.393607
0.0,0.0,0.36184
0.0,0.0,0.299719
0.0,0.0,0.308057
0.0,0.0,0.324212
0.0,0.0,0.340079
0.0,0.000235,0.356008
0.0,0.001372,0.371262
0.0,0.004134,0.385816
0.031,0.005737,0.39374
0.119,0.000794,0.391109
0.299,0.0,0.379419
0.431,0.0,0.362338
0.591,0.0,0.343672
0.574,0.0,0.330971
0.65,0.0,0.32376
0.456,0.0,0.329453
0.41,0.0,0.347884
0.421,0.0,0.37654
0.352,0.0,0.411667
0.292,0.0,0.440792
0.184,0.0,0.454502
0.105,0.0,0.446877
0.041,0.0,0.419356
0.006,0.0,0.386699
0.0,0.0,0.35418
0.0,0.0,0.29729
0.0,0.0,0.305182
0.0,3.9e-5,0.314655
0.0,0.001489,0.32757
0.0,0.002026,0.342913
0.0,0.010523,0.35989
0.0,0.020036,0.377891
0.022,0.020036,0.388614
0.112,0.012906,0.388981
0.272,0.028528,0.383361
0.418,0.070742,0.367647
0.43,0.087791,0.350216
0.382,0.093394,0.335927
0.369,0.183155,0.329553
0.199,0.195361,0.337667
0.206,0.218006,0.358036
0.197,0.313064,0.390211
0.175,0.499073,0.42713
0.114,0.288142,0.456644
0.031,0.268413,0.470086
0.037,0.221377,0.459011
0.013,0.063115,0.431271
0.001,0.021433,0.393894
0.0,0.001882,0.357392
0.0,0.007352,0.298818
0.0,2.0e-6,0.306742
0.0,0.0,0.316262
0.0,1.0e-6,0.330101
0.0,0.000963,0.346013
0.0,0.003053,0.36361
0.0,0.003053,0.378824
0.01,0.002026,0.389068
0.053,3.9e-5,0.389946
0.144,4.0e-6,0.381282
0.246,1.0e-5,0.366599
0.222,0.000202,0.35015
0.363,6.5e-5,0.334477
0.453,0.000202,0.326304
0.393,0.000144,0.332507
0.387,0.000235,0.358455
0.264,0.010085,0.39173
0.297,0.020036,0.424159
0.332,0.060225,0.448556
0.189,0.050805,0.466228
0.117,0.013423,0.45832
0.059,0.006351,0.430628
0.005,0.002505,0.394877
0.0,0.00463,0.359228
0.0,0.018056,0.302348
0.0,0.036018,0.310345
0.0,0.041307,0.321213
0.0,0.053388,0.33568
0.0,0.056057,0.350953
0.0,0.042423,0.367374
0.0,0.042423,0.380778
0.011,0.042423,0.38956
0.042,0.034036,0.390439
0.182,0.030292,0.381257
0.267,0.04021,0.368049
0.308,0.033072,0.352021
0.333,0.070742,0.338589
0.422,0.075601,0.330355
0.338,0.141914,0.339879
0.574,0.152231,0.355477
0.446,0.168626,0.385841
0.589,0.19226,0.417167
0.458,0.242337,0.446656
0.253,0.168626,0.459881
0.107,0.122699,0.45275
0.053,0.093394,0.427724
0.004,0.073957,0.391194
0.0,0.070742,0.35637
0.0,0.157572,0.298023
0.0,0.120427,0.305133
0.0,0.085975,0.315849
0.0,0.063115,0.330967
0.0,0.073957,0.347822
0.0,0.060225,0.366454
0.0,0.034036,0.382772
0.016,0.016811,0.393633
0.086,0.002862,0.394038
0.149,0.001744,0.382282
0.241,5.1e-5,0.369042
0.292,0.0,0.353929
0.44,0.0,0.337663
0.372,2.0e-6,0.333081
0.652,6.5e-5,0.335236
0.506,3.9e-5,0.355469
0.43,1.5e-5,0.390626
0.474,0.0,0.423532
0.19,0.0,0.454672
0.199,0.0,0.466819
0.128,0.0,0.457059
0.01,0.0,0.432333
0.002,0.0,0.396436
0.0,0.0,0.360644
0.0,2.0e-6,0.303592
0.0,0.0,0.310814
0.0,0.0,0.322116
0.0,0.0,0.337486
0.0,0.0,0.354649
0.0,0.0,0.373612
0.0,1.0e-5,0.388752
0.017,0.000144,0.39674
0.075,1.0e-5,0.395122
0.141,1.0e-5,0.388419
0.271,0.000517,0.375512
0.415,0.000406,0.358739
0.532,0.001057,0.343239
0.483,0.003675,0.338125
0.525,0.016811,0.343158
0.441,0.043559,0.365322
0.447,0.077268,0.398128
0.527,0.07896,0.434019
0.394,0.067622,0.464607
0.34,0.067622,0.478246
0.208,0.043559,0.470054
0.074,0.025208,0.442756
0.004,0.008453,0.408543
0.0,0.000794,0.372552
0.0,0.001882,0.312767
0.0,0.008074,0.320979
0.0,0.019361,0.331339
0.0,0.018056,0.344055
0.0,0.008843,0.361075
0.0,0.012906,0.377981
0.0,0.013952,0.391821
0.016,0.012404,0.403446
0.093,0.008074,0.402401
0.209,0.002178,0.393084
0.341,0.001882,0.378072
0.439,0.001882,0.359771
0.654,0.0039,0.342842
0.547,0.016811,0.337276
0.668,0.005737,0.342291
0.575,0.010974,0.362932
0.689,0.026012,0.39233
0.54,0.020727,0.429454
0.435,0.008453,0.45975
0.305,0.001156,0.473917
0.166,0.0,0.465839
0.045,0.0,0.439399
0.003,0.0,0.403923
0.0,0.0,0.370276
0.0,4.0e-6,0.310107
0.0,0.004892,0.316652
0.0,0.026834,0.326053
0.0,0.034036,0.339857
0.0,0.054712,0.356229
0.0,0.032127,0.375275
0.0,0.038075,0.390977
0.003,0.037037,0.402579
0.011,0.032127,0.406142
0.085,0.047089,0.402381
0.094,0.034036,0.389108
0.087,0.02442,0.373291
0.054,0.058813,0.361028
0.062,0.067622,0.355214
0.064,0.028528,0.360101
0.096,0.008843,0.378316
0.121,0.006674,0.40635
0.066,0.014496,0.438894
0.048,0.032127,0.465464
0.032,0.04021,0.47596
0.015,0.047089,0.464744
0.006,0.067622,0.436648
0.0,0.084184,0.397747
0.0,0.120427,0.359935
0.0,0.097258,0.29992
0.0,0.113779,0.30586
0.0,0.163036,0.314523
0.0,0.201663,0.327004
0.0,0.208098,0.343229
0.0,0.224783,0.360225
0.0,0.245954,0.375298
0.002,0.284121,0.385437
0.014,0.326047,0.387795
0.038,0.416688,0.382165
0.057,0.510816,0.370894
0.097,0.572297,0.357621
0.116,0.53485,0.344923
0.194,0.553363,0.338867
0.29,0.510816,0.342974
0.364,0.453903,0.358225
0.311,0.687801,0.38668
0.249,0.611453,0.422726
0.192,0.585158,0.451352
0.119,0.78592,0.464707
0.084,0.49327,0.455011
0.051,0.386457,0.429294
0.003,0.386457,0.394745
0.0,0.437694,0.360555
0.0,0.687801,0.303646
0.0,0.673473,0.312905
0.0,0.565939,0.323866
0.0,0.49327,0.336717
0.0,0.464928,0.353853
0.0,0.421875,0.370885
0.0,0.339383,0.3869
0.017,0.296296,0.398388
0.088,0.304603,0.399328
0.175,0.362411,0.3895
0.283,0.754798,0.376047
0.328,0.770255,0.359712
0.396,0.416688,0.346014
0.445,0.499073,0.339023
0.592,0.481799,0.34266
0.506,0.381565,0.362833
0.467,0.280138,0.393288
0.475,0.189192,0.42817
0.366,0.127329,0.457773
0.234,0.053388,0.470642
0.139,0.061659,0.462044
0.049,0.07896,0.437034
0.002,0.085975,0.401266
0.0,0.089633,0.365985
0.0,0.168626,0.308209
0.0,0.136935,0.316345
0.0,0.075601,0.327411
0.0,0.061659,0.341709
0.0,0.031201,0.358625
0.0,0.012906,0.376364
0.0,0.007352,0.393107
0.018,0.007707,0.403238
0.094,0.005445,0.402154
0.224,0.008074,0.387681
0.34,0.016811,0.372772
0.531,0.020727,0.355098
0.545,0.021433,0.342008
0.644,0.043559,0.335527
0.56,0.063115,0.342374
0.554,0.063115,0.362035
0.534,0.038075,0.394574
0.44,0.025208,0.431327
0.409,0.017426,0.461762
0.284,0.017426,0.474726
0.165,0.015053,0.467276
0.056,0.0039,0.441933
0.002,0.00012,0.407316
0.0,4.0e-6,0.371944
0.0,0.003053,0.313215
0.0,0.004892,0.321454
0.0,0.006674,0.332255
0.0,0.018701,0.346312
0.0,0.038075,0.362533
0.0,0.056057,0.380461
0.0,0.035017,0.396879
0.014,0.018056,0.405065
0.076,0.007352,0.404507
0.128,0.011438,0.391016
0.178,0.012906,0.376512
0.2,0.019361,0.361112
0.377,0.011438,0.347362
0.547,0.016811,0.340343
0.483,0.011438,0.348222
0.527,0.038075,0.364245
0.602,0.06917,0.393202
0.511,0.070742,0.430424
0.414,0.053388,0.460806
0.323,0.022894,0.475031
0.194,0.006351,0.468205
0.064,0.003675,0.444559
0.002,0.001156,0.410775
0.0,0.000459,0.37604
0.0,0.002679,0.317066
0.0,0.006038,0.324978
0.0,0.029401,0.335046
0.0,0.070742,0.347467
0.0,0.111619,0.362828
0.0,0.136935,0.379333
0.0,0.168626,0.394706
0.017,0.168626,0.404878
0.117,0.221377,0.403271
0.259,0.160289,0.392855
0.385,0.195361,0.37579
0.478,0.253295,0.357026
0.39,0.208098,0.341995
0.276,0.228224,0.335044
0.191,0.249606,0.33953
0.327,0.32168,0.355047
0.321,0.211367,0.382673
0.391,0.186157,0.414848
0.292,0.211367,0.444226
0.244,0.238755,0.456165
0.135,0.221377,0.449194
0.053,0.25702,0.423305
0.001,0.300431,0.389329
0.0,0.376715,0.3552
0.0,0.540974,0.299704
0.0,0.470508,0.30932
0.0,0.459394,0.320188
0.0,0.432378,0.335083
0.0,0.406442,0.352611
0.0,0.386457,0.370545
0.0,0.25702,0.38705
0.014,0.249606,0.397003
0.078,0.171468,0.398423
0.115,0.165815,0.390613
0.254,0.231699,0.377606
0.372,0.228224,0.362643
0.568,0.195361,0.349303
0.623,0.186157,0.343637
0.695,0.198495,0.35017
0.686,0.214669,0.370279
0.625,0.201663,0.402449
0.573,0.157572,0.438732
0.34,0.125,0.471545
0.301,0.072338,0.485387
0.136,0.042423,0.478951
0.035,0.012906,0.451122
0.001,0.003252,0.41358
0.0,0.001156,0.376671
0.0,0.0,0.316052
0.0,0.0,0.32477
0.0,0.0,0.336945
0.0,2.1e-5,0.351193
0.0,0.009245,0.368561
0.0,0.019361,0.386783
0.0,0.019361,0.401964
0.013,0.013952,0.4144
0.104,0.010085,0.413907
0.213,0.015053,0.406977
0.319,0.026012,0.395556
0.392,0.011438,0.378998
0.558,0.014496,0.362316
0.687,0.023649,0.353223
0.594,0.020727,0.359465
0.657,0.02442,0.381608
0.607,0.045892,0.414204
0.473,0.082418,0.452713
0.422,0.06917,0.483297
0.302,0.026834,0.498054
0.17,0.008074,0.489434
0.047,0.002679,0.460341
0.0,0.001057,0.424106
0.0,0.000517,0.386684
0.0,0.000517,0.324039
0.0,0.000717,0.332099
0.0,0.001744,0.342805
0.0,0.000876,0.357288
0.0,0.000717,0.376325
0.0,0.000313,0.394921
0.0,0.000313,0.412451
0.005,2.1e-5,0.425705
0.081,0.0,0.425837
0.23,0.0,0.416203
0.388,2.0e-6,0.401014
0.519,0.000313,0.382801
0.607,0.001261,0.36693
0.587,0.015625,0.36009
0.524,0.02442,0.366461
0.6,0.038075,0.386504
0.606,0.050805,0.418975
0.573,0.039133,0.456726
0.378,0.029401,0.490725
0.292,0.021433,0.503081
0.148,0.012906,0.493715
0.045,0.0039,0.464937
0.0,0.000579,0.428834
0.0,0.00012,0.392904
0.0,1.0e-5,0.331684
0.0,0.002178,0.341547
0.0,0.015053,0.353807
0.0,0.039133,0.368288
0.0,0.063115,0.384616
0.0,0.103251,0.40071
0.0,0.125,0.414452
0.003,0.168626,0.42362
0.024,0.204864,0.426863
0.124,0.23521,0.416686
0.076,0.218006,0.403496
0.05,0.288142,0.390066
0.079,0.284121,0.375374
0.058,0.284121,0.368881
0.089,0.168626,0.374469
0.07,0.13449,0.394466
0.057,0.13449,0.427616
0.063,0.105303,0.464949
0.037,0.107381,0.495067
0.036,0.085975,0.504938
0.012,0.07896,0.491753
0.005,0.07896,0.459578
0.0,0.06917,0.417544
0.0,0.089633,0.376396
0.0,0.072338,0.313077
0.0,0.095313,0.317212
0.0,0.141914,0.324929
0.0,0.154886,0.337381
0.0,0.125,0.352721
0.0,0.101227,0.369699
0.0,0.105303,0.386179
0.005,0.095313,0.396616
0.044,0.066097,0.399058
0.144,0.125,0.392243
0.251,0.198495,0.378152
0.218,0.177247,0.363641
0.259,0.095313,0.350252
0.292,0.13449,0.343629
0.283,0.180185,0.347781
0.372,0.149606,0.364732
0.331,0.189192,0.394793
0.347,0.129687,0.428023
0.335,0.093394,0.455749
0.284,0.07896,0.466674
0.165,0.077268,0.460125
0.045,0.091501,0.435923
0.0,0.13449,0.402469
0.0,0.171468,0.367611
0.0,0.330452,0.309415
0.0,0.2922,0.317612
0.0,0.284121,0.329173
0.0,0.242337,0.344008
0.0,0.195361,0.361048
0.0,0.141914,0.379399
0.0,0.118183,0.395781
0.008,0.101227,0.40649
0.064,0.101227,0.407448
0.137,0.099229,0.396899
0.303,0.260781,0.381154
0.321,0.253295,0.363593
0.371,0.165815,0.349726
0.377,0.111619,0.343106
0.411,0.144448,0.348673
0.4,0.125,0.368191
0.254,0.080677,0.401834
0.218,0.058813,0.438666
0.189,0.037037,0.467082
0.149,0.022894,0.478914
0.102,0.010523,0.469539
0.03,0.003675,0.444737
0.0,0.001489,0.409425
0.0,0.000171,0.372453
0.0,0.0,0.313489
0.0,0.0,0.321772
0.0,0.0,0.333461
0.0,0.0,0.348027
0.0,0.0,0.364793
0.0,0.0,0.379915
0.0,0.0,0.395303
0.005,0.0,0.406519
0.048,0.0,0.408525
0.096,0.0,0.397425
0.197,0.0,0.381652
0.303,0.0,0.364554
0.34,0.0,0.350174
0.393,0.0,0.343543
0.381,2.9e-5,0.350073
0.493,0.001882,0.369671
0.467,0.004892,0.402346
0.298,0.011438,0.439826
0.222,0.022894,0.472138
0.194,0.030292,0.486692
0.14,0.035017,0.479036
0.037,0.038075,0.456002
0.0,0.033072,0.420766
0.0,0.016811,0.384674
0.0,0.013423,0.324542
0.0,0.00463,0.334715
0.0,0.0039,0.34808
0.0,0.006038,0.364566
0.0,0.00463,0.382574
0.0,0.005163,0.401966
0.0,0.004377,0.419804
0.008,0.0039,0.432763
0.096,0.001372,0.428681
0.241,0.0,0.40794
0.402,1.5e-5,0.38984
0.535,0.000717,0.370969
0.573,0.000406,0.355901
0.544,0.00012,0.348245
0.519,0.001057,0.352945
0.44,0.002178,0.372199
0.43,0.004892,0.40344
0.39,0.009659,0.439222
0.288,0.014496,0.468951
0.252,0.022156,0.482138
0.13,0.052086,0.476518
0.035,0.107381,0.452481
0.0,0.129687,0.417579
0.0,0.118183,0.381311
0.0,0.127329,0.321357
0.0,0.107381,0.330225
0.0,0.089633,0.342177
0.0,0.087791,0.357543
0.0,0.073957,0.375693
0.0,0.058813,0.394756
0.0,0.063115,0.413316
0.007,0.053388,0.425044
0.088,0.032127,0.425104
0.227,0.008074,0.41381
0.386,0.005737,0.394002
0.536,0.014496,0.372994
0.651,0.014496,0.356416
0.692,0.010974,0.349218
0.675,0.010974,0.353931
0.686,0.013423,0.37222
0.665,0.019361,0.402358
0.586,0.021433,0.438043
0.467,0.022156,0.4677
0.312,0.023649,0.482175
0.159,0.036018,0.476572
0.035,0.084184,0.456132
0.0,0.141914,0.419288
0.0,0.163036,0.382867
0.0,0.186157,0.321868
0.0,0.125,0.330334
0.0,0.107381,0.342296
0.0,0.107381,0.357671
0.0,0.113779,0.3763
0.0,0.129687,0.395888
0.0,0.154886,0.413477
0.006,0.168626,0.425735
0.09,0.154886,0.424194
0.234,0.082418,0.410252
0.391,0.082418,0.389995
0.54,0.101227,0.368609
0.662,0.101227,0.351195
0.746,0.070742,0.34264
0.784,0.053388,0.346257
0.771,0.049546,0.363589
0.71,0.041307,0.393538
0.607,0.026834,0.428442
0.471,0.028528,0.458122
0.315,0.021433,0.472393
0.158,0.027672,0.469613
0.034,0.061659,0.44906
0.0,0.125,0.416134
0.0,0.141914,0.381009
0.0,0.13941,0.321167
0.0,0.132074,0.330465
0.0,0.113779,0.342437
0.0,0.089633,0.358722
0.0,0.082418,0.378347
0.0,0.099229,0.39853
0.0,0.101227,0.41726
0.006,0.07896,0.430156
0.092,0.044716,0.429709
0.241,0.011438,0.415686
0.399,0.010523,0.394231
0.522,0.008453,0.371184
0.658,0.000406,0.351264
0.739,0.001156,0.340796
0.763,0.000579,0.343401
0.767,0.000459,0.36005
0.696,0.000313,0.389138
0.589,0.000313,0.423652
0.438,0.000459,0.453027
0.278,0.005737,0.468512
0.141,0.029401,0.466497
0.029,0.072338,0.447979
0.0,0.091501,0.415173
0.0,0.109486,0.380152
0.0,0.06917,0.320482
0.0,0.048307,0.329354
0.0,0.04021,0.341733
0.0,0.025208,0.357998
0.0,0.013423,0.377597
0.0,0.012404,0.398245
0.0,0.012906,0.416969
0.005,0.019361,0.42986
0.081,0.015053,0.42886
0.221,0.003252,0.410044
0.378,0.001489,0.3887
0.496,0.002862,0.365316
0.632,0.000794,0.344591
0.702,0.001882,0.33372
0.657,0.002679,0.336179
0.508,0.004377,0.353945
0.378,0.003053,0.384178
0.203,0.007352,0.423712
0.145,0.020036,0.46085
0.086,0.021433,0.475866
0.039,0.014496,0.468544
0.006,0.061659,0.44451
0.0,0.109486,0.406563
0.0,0.168626,0.369896
0.0,0.165815,0.310701
0.0,0.118183,0.317277
0.0,0.120427,0.328001
0.0,0.129687,0.342825
0.0,0.122699,0.360775
0.0,0.111619,0.381117
0.0,0.113779,0.400681
0.004,0.109486,0.413644
0.067,0.097258,0.415148
0.171,0.063115,0.409177
0.281,0.101227,0.392487
0.455,0.067622,0.372945
0.534,0.063115,0.356311
0.648,0.070742,0.346696
0.59,0.075601,0.351338
0.611,0.127329,0.369454
0.552,0.23521,0.399895
0.483,0.19226,0.435362
0.391,0.165815,0.467452
0.234,0.171468,0.481969
0.113,0.186157,0.474508
0.02,0.201663,0.450708
0.0,0.268413,0.413307
0.0,0.401383,0.376999
0.0,0.547145,0.316662
0.0,0.448456,0.324628
0.0,0.510816,0.335138
0.0,0.604807,0.350705
0.0,0.591659,0.368556
0.0,0.618148,0.386793
0.0,0.585158,0.404014
0.001,0.522741,0.41761
0.024,0.528772,0.422377
0.047,0.470508,0.416332
0.122,0.406442,0.402039
0.194,0.411544,0.383654
0.192,0.288142,0.371042
0.278,0.189192,0.36265
0.33,0.177247,0.367101
0.444,0.085975,0.384565
0.451,0.105303,0.415171
0.251,0.147012,0.455657
0.24,0.103251,0.485173
0.213,0.13941,0.494119
0.114,0.122699,0.485075
0.02,0.103251,0.46
0.0,0.099229,0.421219
0.0,0.13941,0.38367
0.0,0.304603,0.321846
0.0,0.264579,0.328644
0.0,0.224783,0.339714
0.0,0.195361,0.35456
0.0,0.231699,0.372119
0.0,0.144448,0.390031
0.0,0.144448,0.406871
0.0,0.165815,0.417345
0.003,0.195361,0.41833
0.01,0.280138,0.409639
0.028,0.211367,0.396027
0.088,0.201663,0.378339
0.148,0.066097,0.36443
0.129,0.101227,0.358041
0.242,0.093394,0.361906
0.34,0.272284,0.378543
0.543,0.183155,0.404689
0.49,0.084184,0.438132
0.368,0.13449,0.467817
0.235,0.095313,0.482367
0.119,0.072338,0.476877
0.019,0.073957,0.45236
0.0,0.075601,0.416489
0.0,0.064594,0.379398
0.0,0.101227,0.317882
0.0,0.066097,0.323751
0.0,0.04021,0.333362
0.0,0.022894,0.346591
0.0,0.010974,0.364258
0.0,0.003675,0.382292
0.0,0.000645,0.399332
0.002,0.000645,0.411199
0.044,0.001882,0.414278
0.185,0.000459,0.40561
0.346,0.0,0.385812
0.483,0.0,0.36341
0.592,0.0,0.345074
0.693,0.0,0.334117
0.724,0.0,0.336043
0.705,0.0,0.352221
0.646,0.0,0.380049
0.546,0.0,0.411913
0.414,0.0,0.43925
0.265,0.000202,0.453169
0.12,0.012906,0.451036
0.017,0.061659,0.43128
0.0,0.115967,0.397329
0.0,0.160289,0.362569
0.0,0.186157,0.305099
0.0,0.174341,0.312424
0.0,0.177247,0.323021
0.0,0.177247,0.337213
0.0,0.147012,0.354926
0.0,0.111619,0.374522
0.0,0.084184,0.39281
0.002,0.075601,0.406648
0.069,0.066097,0.40859
0.205,0.041307,0.395109
0.357,0.010974,0.375023
0.499,0.007707,0.35347
0.615,0.001882,0.333953
0.692,0.0039,0.323126
0.725,0.005445,0.323348
0.71,0.008453,0.337743
0.649,0.009659,0.363761
0.548,0.009245,0.39479
0.416,0.010085,0.422333
0.265,0.026834,0.43857
0.118,0.072338,0.438138
0.015,0.132074,0.418647
0.0,0.163036,0.386967
0.0,0.157572,0.354209
0.0,0.115967,0.2994
0.0,0.077268,0.308334
0.0,0.052086,0.320582
0.0,0.041307,0.33652
0.0,0.048307,0.354687
0.0,0.060225,0.373777
0.0,0.049546,0.391517
0.001,0.045892,0.403707
0.066,0.04021,0.403429
0.194,0.026834,0.3878
0.347,0.007352,0.367341
0.492,0.010523,0.346024
0.606,0.000459,0.328684
0.685,0.002679,0.317907
0.718,0.002862,0.319
0.703,0.000717,0.333131
0.64,6.0e-6,0.359313
0.537,0.0,0.389944
0.405,0.0,0.416521
0.256,2.0e-6,0.431302
0.111,2.1e-5,0.43043
0.013,0.003459,0.412089
0.0,0.022156,0.382697
0.0,0.061659,0.350864
0.0,0.041307,0.29621
0.0,0.082418,0.3038
0.0,0.073957,0.315036
0.0,0.037037,0.329382
0.0,0.019361,0.347706
0.0,0.003675,0.367478
0.0,0.044716,0.384963
0.001,0.043559,0.399138
0.06,0.002679,0.401537
0.19,0.0,0.388597
0.337,0.0,0.372309
0.463,0.000794,0.354364
0.585,0.001489,0.340198
0.655,0.001744,0.333631
0.674,0.006674,0.338483
0.637,0.010523,0.35687
0.626,0.006674,0.387353
0.509,0.003252,0.423571
0.38,0.003053,0.455635
0.237,0.006674,0.472669
0.092,0.016811,0.468825
0.011,0.026834,0.449853
0.0,0.033072,0.413716
0.0,0.029401,0.377936
0.0,0.048307,0.318018
0.0,0.048307,0.326045
0.0,0.039133,0.33706
0.0,0.063115,0.351361
0.0,0.056057,0.368787
0.0,0.064594,0.387046
0.0,0.093394,0.404299
0.001,0.118183,0.416314
0.05,0.141914,0.417232
0.187,0.063115,0.40847
0.334,0.053388,0.38953
0.473,0.053388,0.367899
0.561,0.025208,0.349823
0.661,0.053388,0.338226
0.623,0.091501,0.339172
0.611,0.052086,0.353905
0.589,0.034036,0.378986
0.496,0.032127,0.408861
0.327,0.097258,0.434683
0.211,0.23521,0.446519
0.077,0.280138,0.444676
0.008,0.242337,0.429798
0.0,0.141914,0.393801
0.0,0.091501,0.3584
0.0,0.015053,0.300437
0.0,0.075601,0.306387
0.0,0.109486,0.315483
0.0,0.099229,0.328931
0.0,0.075601,0.349199
0.0,0.061659,0.371612
0.0,0.082418,0.392469
0.0,0.001882,0.406335
0.053,1.0e-6,0.405486
0.173,1.5e-5,0.387527
0.28,0.000202,0.372819
0.357,0.044716,0.355848
0.433,0.141914,0.344102
0.451,0.144448,0.342378
0.517,0.13941,0.351889
0.651,0.276193,0.373155
0.606,0.437694,0.406752
0.417,0.453903,0.445328
0.299,0.396365,0.477504
0.218,0.2922,0.493036
0.071,0.276193,0.48476
0.005,0.231699,0.459245
0.0,0.186157,0.41947
0.0,0.189192,0.381126
0.0,0.304603,0.319454
0.0,0.189192,0.327521
0.0,0.168626,0.338141
0.0,0.084184,0.352492
0.0,0.030292,0.369978
0.0,0.012906,0.390343
0.0,0.006351,0.408807
0.0,0.008843,0.421502
0.039,0.008074,0.425217
0.152,0.002679,0.415248
0.269,0.001372,0.401416
0.363,0.002338,0.38396
0.471,3.9e-5,0.369326
0.46,0.0039,0.363328
0.519,0.017426,0.368226
0.57,0.014496,0.388311
0.498,0.013952,0.421479
0.413,0.012906,0.460116
0.349,0.010085,0.491926
0.225,0.011914,0.508483
0.093,0.007007,0.501836
0.007,0.003675,0.475849
0.0,0.002338,0.438545
0.0,5.1e-5,0.40198
0.0,0.0,0.337336
0.0,0.0,0.342706
0.0,0.0,0.35468
0.0,0.0,0.374368
0.0,0.0,0.392393
0.0,0.0,0.416925
0.0,0.0,0.437044
0.0,0.0,0.449995
0.042,0.0,0.450107
0.137,0.0,0.438235
0.277,0.0,0.417369
0.439,0.0,0.391065
0.596,0.0,0.37018
0.675,0.0,0.359716
0.692,0.0,0.362523
0.623,0.0,0.381743
0.602,0.0,0.412615
0.504,0.0,0.448581
0.386,0.0,0.47831
0.234,0.0,0.491152
0.091,9.9e-5,0.486295
0.006,0.002679,0.465099
0.0,0.009659,0.429355
0.0,0.019361,0.392654
0.0,0.028528,0.330851
0.0,0.026834,0.340035
0.0,0.032127,0.352387
0.0,0.033072,0.368719
0.0,0.030292,0.388447
0.0,0.022156,0.409204
0.0,0.016211,0.42901
0.0,0.012404,0.44339
0.05,0.007707,0.446207
0.182,0.000963,0.427715
0.335,0.0,0.405466
0.477,0.0,0.381607
0.584,0.0,0.36099
0.639,0.0,0.349638
0.642,0.001744,0.352238
0.638,0.002679,0.369256
0.417,0.001882,0.402539
0.344,0.001372,0.439505
0.288,0.000717,0.472014
0.152,0.001261,0.489539
0.073,0.006674,0.486763
0.004,0.006038,0.46244
0.0,0.000876,0.42753
0.0,0.001057,0.391534
0.0,0.010085,0.330372
0.0,0.02442,0.339116
0.0,0.037037,0.350543
0.0,0.032127,0.364925
0.0,0.026834,0.383498
0.0,0.016211,0.402474
0.0,0.008843,0.419314
0.0,0.001613,0.431212
0.031,0.001882,0.43222
0.099,0.001613,0.422119
0.245,0.004377,0.402133
0.399,0.005163,0.382003
0.457,0.007352,0.364877
0.396,0.00463,0.363413
0.516,0.003053,0.368798
0.411,0.005445,0.389977
0.48,0.003675,0.422123
0.425,0.002178,0.460196
0.328,0.001489,0.493385
0.191,0.000517,0.509346
0.071,0.000963,0.503418
0.004,4.0e-6,0.477404
0.0,0.0,0.43716
0.0,0.0,0.399748
0.0,0.0,0.343766
0.0,0.000963,0.353667
0.0,0.007707,0.365077
0.0,0.013952,0.379564
0.0,0.021433,0.397343
0.0,0.013952,0.416468
0.0,0.018701,0.433894
0.0,0.029401,0.445093
0.03,0.035017,0.445667
0.126,0.026012,0.432636
0.238,0.030292,0.415057
0.369,0.030292,0.394457
0.472,0.032127,0.375904
0.547,0.028528,0.365801
0.504,0.037037,0.370206
0.468,0.049546,0.38931
0.386,0.045892,0.421395
0.364,0.045892,0.458132
0.229,0.012404,0.490521
0.12,0.009659,0.506436
0.032,0.028528,0.49993
0.001,0.034036,0.478595
0.0,0.044716,0.438254
0.0,0.091501,0.398673
0.0,0.099229,0.335089
0.0,0.089633,0.343943
0.0,0.053388,0.353697
0.0,0.047089,0.366783
0.0,0.054712,0.383963
0.0,0.038075,0.401923
0.0,0.038075,0.418198
0.0,0.04021,0.429505
0.015,0.04021,0.43329
0.038,0.019361,0.429279
0.155,0.006674,0.413938
0.207,0.001261,0.393353
0.312,2.9e-5,0.376338
0.462,0.001057,0.365205
0.37,0.006351,0.370101
0.437,0.012906,0.388109
0.438,0.018701,0.418912
0.407,0.010523,0.456705
0.291,0.007352,0.489012
0.137,0.000459,0.505608
0.046,0.001882,0.499825
0.002,0.009659,0.473465
0.0,0.050805,0.433022
0.0,0.129687,0.392901
0.0,0.330452,0.329848
0.0,0.464928,0.337716
0.0,0.53485,0.348659
0.0,0.421875,0.362495
0.0,0.308814,0.379474
0.0,0.284121,0.398785
0.0,0.284121,0.416016
0.0,0.326047,0.42782
0.006,0.411544,0.432152
0.023,0.540974,0.423664
0.042,0.53485,0.412822
0.114,0.32168,0.398583
0.249,0.308814,0.384452
0.475,0.559627,0.37621
0.543,0.540974,0.380793
0.468,0.652355,0.401574
0.444,0.732004,0.438824
0.289,0.709673,0.477102
0.243,0.631683,0.508008
0.137,0.437694,0.522259
0.046,0.313064,0.514725
0.001,0.284121,0.486141
0.0,0.276193,0.444562
0.0,0.242337,0.404397
0.0,0.264579,0.33948
0.0,0.204864,0.347097
0.0,0.231699,0.356941
0.0,0.214669,0.370148
0.0,0.198495,0.386484
0.0,0.144448,0.405612
0.0,0.136935,0.422583
0.0,0.093394,0.435136
0.016,0.06917,0.437269
0.12,0.032127,0.429278
0.268,0.060225,0.411709
0.372,0.027672,0.39221
0.363,0.000717,0.377248
0.42,0.001489,0.369598
0.421,0.001744,0.374561
0.402,0.000272,0.394435
0.347,8.1e-5,0.428719
0.293,0.0,0.467387
0.221,0.0,0.499722
0.116,0.0,0.515902
0.053,0.0,0.5106
0.001,0.0,0.483585
0.0,0.000313,0.446318
0.0,0.001156,0.408099
0.0,0.005445,0.343475
0.0,0.005445,0.351624
0.0,0.009245,0.362525
0.0,0.006038,0.377391
0.0,0.00463,0.394062
0.0,0.00463,0.413029
0.0,0.005737,0.430311
0.0,0.006674,0.442521
0.022,0.010085,0.444148
0.113,0.005445,0.436079
0.233,0.001372,0.415003
0.278,0.003053,0.394306
0.382,0.001156,0.375147
0.37,0.003675,0.364975
0.466,0.001372,0.366736
0.284,0.000717,0.385606
0.245,5.1e-5,0.417356
0.128,0.0,0.455665
0.113,0.0,0.485871
0.078,0.0,0.499645
0.024,0.0,0.49203
0.0,0.0,0.46754
0.0,0.0,0.430579
0.0,0.0,0.394402
0.0,0.0,0.332484
0.0,0.0,0.342223
0.0,8.1e-5,0.355167
0.0,0.002338,0.371674
0.0,0.004892,0.391608
0.0,0.006351,0.413104
0.0,0.008453,0.432596
0.0,0.009659,0.446572
0.031,0.008453,0.449947
0.151,0.003053,0.434429
0.298,0.0,0.411696
0.444,0.0,0.386281
0.56,0.0,0.36528
0.633,0.0,0.354201
0.664,0.0,0.356776
0.645,4.0e-6,0.375066
0.582,0.000171,0.406507
0.477,0.001156,0.44321
0.342,0.003053,0.474687
0.193,0.008074,0.49317
0.058,0.016811,0.493322
0.0,0.030292,0.470067
0.0,0.037037,0.434071
0.0,0.049546,0.397582
0.0,0.073957,0.335166
0.0,0.077268,0.343613
0.0,0.041307,0.355678
0.0,0.019361,0.37173
0.0,0.031201,0.391171
0.0,0.054712,0.411594
0.0,0.045892,0.429923
0.0,0.034036,0.443261
0.029,0.034036,0.446023
0.147,0.015625,0.432205
0.294,0.001613,0.410037
0.43,0.000717,0.386778
0.548,2.9e-5,0.367284
0.623,1.5e-5,0.355641
0.653,0.001156,0.35666
0.634,0.015625,0.372726
0.567,0.031201,0.402168
0.46,0.049546,0.439794
0.319,0.089633,0.47731
0.159,0.280138,0.501565
0.05,0.253295,0.500866
0.0,0.186157,0.475213
0.0,0.180185,0.437012
0.0,0.149606,0.399197
0.0,0.06917,0.336985
0.0,0.050805,0.346385
0.0,0.028528,0.359008
0.0,0.025208,0.375686
0.0,0.018056,0.39532
0.0,0.013952,0.415949
0.0,0.012906,0.435577
0.0,0.014496,0.449652
0.027,0.015053,0.453627
0.139,0.005163,0.440271
0.266,0.004892,0.42064
0.397,0.0039,0.39967
0.458,0.004377,0.382345
0.556,0.0039,0.373041
0.543,0.000963,0.377513
0.594,0.000235,0.395867
0.52,2.1e-5,0.426674
0.453,0.0,0.462552
0.305,0.0,0.494606
0.176,0.0,0.510751
0.047,0.0,0.50709
0.0,0.000459,0.483008
0.0,0.008074,0.445897
0.0,0.030292,0.407252
0.0,0.041307,0.342404
0.0,0.038075,0.351466
0.0,0.041307,0.363779
0.0,0.041307,0.380169
0.0,0.044716,0.400021
0.0,0.049546,0.421419
0.0,0.056057,0.441285
0.0,0.057424,0.456103
0.025,0.053388,0.459561
0.141,0.030292,0.444388
0.289,0.006674,0.420138
0.429,0.006674,0.394293
0.545,0.004892,0.373977
0.619,0.011438,0.362705
0.646,0.016211,0.364864
0.6,0.026834,0.383034
0.535,0.020727,0.414544
0.418,0.014496,0.451311
0.262,0.006038,0.484747
0.127,0.004377,0.504269
0.032,0.006674,0.501505
0.0,0.011914,0.476522
0.0,0.012906,0.438242
0.0,0.010085,0.399804
0.0,0.034036,0.336641
0.0,0.02442,0.345599
0.0,0.019361,0.357746
0.0,0.005163,0.373413
0.0,0.003675,0.389877
0.0,0.00463,0.408105
0.0,0.003675,0.423499
0.0,0.000645,0.435515
0.005,2.0e-6,0.439925
0.028,0.0,0.436429
0.088,0.0,0.421887
0.151,0.0,0.404078
0.304,0.0,0.386048
0.355,0.0,0.376142
0.279,0.0,0.379065
0.203,0.0,0.399157
0.199,0.0,0.432646
0.173,1.0e-6,0.469698
0.089,2.9e-5,0.502233
0.048,0.000313,0.516434
0.023,0.003675,0.507799
0.0,0.006351,0.481126
0.0,0.010085,0.440067
0.0,0.026012,0.398771
0.0,0.077268,0.335346
0.0,0.058813,0.342447
0.0,0.038075,0.353561
0.0,0.015053,0.370054
0.0,0.002679,0.387902
0.0,0.003675,0.408195
0.0,0.027672,0.427527
0.0,0.058813,0.441394
0.019,0.067622,0.445279
0.118,0.042423,0.434203
0.243,0.010523,0.411799
0.38,0.002679,0.386147
0.49,2.1e-5,0.364967
0.56,0.0,0.353244
0.576,0.0,0.355714
0.596,0.0,0.372774
0.53,0.0,0.402789
0.426,0.0,0.43785
0.289,0.0,0.468331
0.147,6.5e-5,0.486111
0.033,0.000272,0.484585
0.0,0.000645,0.464721
0.0,0.002026,0.429941
0.0,0.005737,0.39286
0.0,0.010974,0.330872
0.0,0.019361,0.339272
0.0,0.066097,0.351248
0.0,0.063115,0.36667
0.0,0.042423,0.385915
0.0,0.049546,0.406119
0.0,0.075601,0.425373
0.0,0.073957,0.438606
0.017,0.060225,0.442459
0.125,0.035017,0.426143
0.265,0.008074,0.401063
0.389,0.001882,0.374638
0.514,0.001613,0.352723
0.587,0.001882,0.340615
0.615,0.004377,0.341761
0.595,0.007707,0.357443
0.524,0.016211,0.386141
0.423,0.014496,0.421054
0.291,0.018701,0.453292
0.14,0.041307,0.474388
0.028,0.077268,0.474612
0.0,0.091501,0.450165
0.0,0.097258,0.415528
0.0,0.099229,0.379833
0.0,0.084184,0.320448
0.0,0.064594,0.330042
0.0,0.058813,0.342229
0.0,0.056057,0.359286
0.0,0.060225,0.378715
0.0,0.087791,0.399124
0.0,0.111619,0.417528
0.0,0.103251,0.431126
0.016,0.084184,0.436081
0.123,0.053388,0.423278
0.265,0.022894,0.399919
0.401,0.010974,0.375679
0.512,0.001057,0.355286
0.586,0.000579,0.343112
0.61,0.000963,0.344283
0.597,0.000717,0.359527
0.522,0.000406,0.388395
0.383,2.9e-5,0.424849
0.269,6.0e-6,0.457353
0.141,0.0,0.478588
0.029,0.001156,0.480178
0.0,0.020036,0.456058
0.0,0.070742,0.421518
0.0,0.118183,0.384724
0.0,0.160289,0.324559
0.0,0.109486,0.333782
0.0,0.099229,0.34657
0.0,0.105303,0.362318
0.0,0.087791,0.380333
0.0,0.101227,0.400282
0.0,0.13449,0.418171
0.0,0.144448,0.431795
0.016,0.152231,0.437352
0.119,0.13449,0.431542
0.259,0.049546,0.411349
0.391,0.034036,0.388327
0.481,0.002178,0.368567
0.517,0.0039,0.357764
0.608,0.008074,0.358653
0.579,0.010085,0.375271
0.507,0.007352,0.404859
0.416,0.000794,0.440095
0.264,0.0,0.471463
0.11,0.001156,0.4916
0.023,0.103251,0.493637
0.0,0.330452,0.468668
0.0,0.386457,0.432411
0.0,0.304603,0.397887
0.0,0.084184,0.338342
0.0,0.037037,0.349254
0.0,0.052086,0.36396
0.0,0.064594,0.381909
0.0,0.042423,0.401371
0.0,0.047089,0.42234
0.0,0.034036,0.442302
0.0,0.027672,0.457796
0.013,0.025208,0.464216
0.032,0.020727,0.453435
0.087,0.048307,0.439534
0.157,0.035017,0.419938
0.256,0.026834,0.401832
0.435,0.052086,0.391611
0.459,0.070742,0.395277
0.509,0.099229,0.413411
0.377,0.122699,0.445626
0.308,0.097258,0.487173
0.198,0.064594,0.521604
0.096,0.020727,0.536303
0.017,0.006674,0.531561
0.0,0.012906,0.504812
0.0,0.026012,0.458621
0.0,0.042423,0.415573
0.0,0.020036,0.350403
0.0,0.054712,0.358752
0.0,0.042423,0.371338
0.0,0.02442,0.389093
0.0,0.016811,0.409951
0.0,0.004377,0.432996
0.0,0.005445,0.454564
0.0,0.006038,0.469236
0.013,0.003053,0.475182
0.096,1.0e-5,0.464272
0.219,0.0,0.443739
0.325,0.0,0.420637
0.441,1.0e-6,0.398713
0.552,0.0,0.385854
0.564,0.0,0.388853
0.474,0.0,0.409464
0.345,0.0,0.444439
0.212,2.0e-6,0.48589
0.167,0.0039,0.520249
0.079,0.009245,0.537881
0.013,0.016811,0.532418
0.0,0.031201,0.503631
0.0,0.045892,0.4606
0.0,0.037037,0.419027
0.0,0.053388,0.351922
0.0,0.047089,0.359836
0.0,0.042423,0.372463
0.0,0.047089,0.388759
0.0,0.053388,0.409084
0.0,0.057424,0.430993
0.0,0.048307,0.451914
0.0,0.037037,0.467707
0.011,0.032127,0.473643
0.097,0.054712,0.465096
0.198,0.043559,0.447981
0.29,0.026012,0.428054
0.364,0.021433,0.409108
0.464,0.028528,0.398747
0.474,0.019361,0.402517
0.508,0.011914,0.422178
0.391,0.007352,0.457615
0.316,0.00463,0.498882
0.218,0.004134,0.534095
0.097,0.002178,0.552065
0.015,0.003053,0.545561
0.0,0.005737,0.51594
0.0,0.010523,0.474265
0.0,0.009245,0.430847
0.0,0.008843,0.361823
0.0,0.007707,0.369462
0.0,0.009659,0.380919
0.0,0.010523,0.397558
0.0,0.006674,0.417773
0.0,0.007707,0.440666
0.0,0.007007,0.461425
0.0,0.005163,0.476307
0.009,0.002178,0.482335
0.095,1.0e-5,0.473093
0.169,0.0,0.455168
0.22,0.0,0.434974
0.236,0.0,0.41633
0.406,0.0,0.405314
0.446,0.0,0.409738
0.527,0.0,0.429798
0.342,0.0,0.467139
0.276,0.0,0.509254
0.184,2.1e-5,0.545879
0.087,2.1e-5,0.563396
0.01,0.00012,0.557368
0.0,0.000717,0.523611
0.0,0.000794,0.480032
0.0,0.000645,0.437746
0.0,0.001261,0.368074
0.0,0.001156,0.37822
0.0,0.001156,0.3919
0.0,0.000963,0.41051
0.0,0.000717,0.43454
0.0,0.000202,0.456575
0.0,1.0e-6,0.479175
0.0,0.0,0.496367
0.009,0.0,0.501998
0.1,0.0,0.484756
0.218,0.0,0.460664
0.381,0.0,0.433491
0.478,0.0,0.413779
0.533,0.0,0.40493
0.477,0.0,0.410431
0.386,0.0,0.43342
0.37,0.0,0.468551
0.234,0.0,0.51148
0.161,0.0,0.545343
0.069,0.0,0.562871
0.009,0.000645,0.554704
0.0,0.003053,0.523857
0.0,0.005163,0.480891
0.0,0.004892,0.436857
0.0,0.000171,0.367813
0.0,0.000313,0.376532
0.0,0.000406,0.38968
0.0,0.001261,0.408215
0.0,0.002679,0.430015
0.0,0.006674,0.451837
0.0,0.013952,0.471913
0.0,0.015053,0.485303
0.008,0.011438,0.490825
0.081,0.005445,0.479655
0.166,0.000645,0.459751
0.291,0.000313,0.435959
0.271,0.0,0.417241
0.373,0.000645,0.406165
0.471,0.001156,0.409473
0.486,0.000517,0.430072
0.398,0.000272,0.466175
0.317,0.00012,0.50821
0.211,0.0,0.544066
0.09,0.0,0.56459
0.009,0.0,0.55787
0.0,0.000406,0.524104
0.0,0.005445,0.483623
0.0,0.015625,0.4399
0.0,0.020727,0.371315
0.0,0.02442,0.381071
0.0,0.020727,0.393868
0.0,0.017426,0.41104
0.0,0.010974,0.432446
0.0,0.006674,0.45439
0.0,0.004892,0.473402
0.0,0.005737,0.485626
0.006,0.009659,0.491153
0.078,0.007707,0.485396
0.149,0.001261,0.46649
0.311,0.000645,0.439016
0.36,3.9e-5,0.416872
0.304,1.0e-5,0.406865
0.321,1.0e-5,0.410167
0.343,0.0,0.430207
0.267,6.0e-6,0.465047
0.216,1.0e-5,0.505601
0.182,6.5e-5,0.539089
0.091,0.000579,0.558783
0.008,0.004377,0.55518
0.0,0.012906,0.52435
0.0,0.020727,0.480128
0.0,0.018701,0.439008
0.0,0.022894,0.369169
0.0,0.018701,0.379375
0.0,0.012906,0.392625
0.0,0.013952,0.410788
0.0,0.013423,0.43111
0.0,0.019361,0.452428
0.0,0.021433,0.470768
0.0,0.014496,0.484125
0.005,0.017426,0.488414
0.085,0.013952,0.479031
0.205,0.002505,0.455522
0.352,0.009659,0.431235
0.437,0.022894,0.413729
0.518,0.042423,0.406476
0.549,0.038075,0.413647
0.549,0.032127,0.437401
0.463,0.020036,0.476041
0.355,0.016211,0.521738
0.233,0.007352,0.561458
0.1,2.9e-5,0.583204
0.009,0.0,0.577562
0.0,0.0,0.543222
0.0,0.0,0.500448
0.0,0.0,0.468209
0.0,0.001882,0.392661
0.0,0.016211,0.399468
0.0,0.053388,0.408832
0.0,0.099229,0.419349
0.0,0.13449,0.435733
0.0,0.141914,0.454998
0.0,0.125,0.473443
0.0,0.101227,0.485657
0.004,0.07896,0.490574
0.062,0.043559,0.48115
0.131,0.005445,0.46289
0.221,0.001613,0.438884
0.372,0.000517,0.415559
0.484,0.002505,0.400595
0.532,0.018701,0.402062
0.53,0.054712,0.420423
0.456,0.064594,0.45441
0.369,0.060225,0.494713
0.238,0.053388,0.531221
0.099,0.087791,0.555367
0.008,0.136935,0.554164
0.0,0.163036,0.525528
0.0,0.19226,0.482488
0.0,0.183155,0.440044
0.0,0.276193,0.370536
0.0,0.242337,0.379821
0.0,0.288142,0.393102
0.0,0.353079,0.409744
0.0,0.357724,0.430027
0.0,0.386457,0.451869
0.0,0.411544,0.471968
0.0,0.376715,0.486584
0.005,0.371906,0.49213
0.089,0.32168,0.481443
0.227,0.313064,0.457773
0.351,0.165815,0.429295
0.422,0.091501,0.406789
0.471,0.07896,0.395208
0.532,0.045892,0.397668
0.482,0.093394,0.418131
0.354,0.228224,0.462868
0.103,0.221377,0.516548
0.047,0.152231,0.558972
0.034,0.087791,0.576923
0.003,0.053388,0.567792
0.0,0.042423,0.53621
0.0,0.049546,0.494125
0.0,0.048307,0.452308
0.0,0.073957,0.38177
0.0,0.084184,0.391775
0.0,0.080677,0.405923
0.0,0.064594,0.423601
0.0,0.045892,0.445634
0.0,0.023649,0.469955
0.0,0.010523,0.491414
0.0,0.003053,0.507203
0.004,0.000963,0.513582
0.057,0.00012,0.502053
0.144,0.0,0.477205
0.226,0.0,0.451476
0.286,0.0,0.430474
0.335,0.0,0.420205
0.29,0.0,0.426501
0.271,0.0,0.449801
0.18,0.0,0.489517
0.132,0.0,0.534343
0.119,0.0,0.569706
0.053,0.0,0.587923
0.004,0.0,0.583779
0.0,0.0,0.546981
0.0,0.0,0.501407
0.0,0.0,0.456619
0.0,0.0,0.387801
0.0,0.0,0.396954
0.0,0.0,0.410256
0.0,0.0,0.429164
0.0,0.0,0.459172
0.0,0.0,0.488196
0.0,0.000144,0.511027
0.0,9.9e-5,0.525526
0.003,9.9e-5,0.528975
0.08,0.000794,0.513563
0.211,0.000272,0.484751
0.353,0.000171,0.454065
0.464,0.001882,0.430697
0.536,0.008453,0.418182
0.551,0.013952,0.4216
0.358,0.026834,0.445811
0.285,0.022156,0.482592
0.308,0.027672,0.523271
0.207,0.035017,0.560181
0.075,0.063115,0.582831
0.004,0.132074,0.576605
0.0,0.19226,0.541687
0.0,0.276193,0.493414
0.0,0.334898,0.444195
0.0,0.481799,0.369695
0.0,0.437694,0.375044
0.0,0.427105,0.38567
0.0,0.376715,0.400446
0.0,0.371906,0.419756
0.0,0.396365,0.441698
0.0,0.353079,0.461387
0.0,0.32168,0.473858
0.002,0.339383,0.478656
0.047,0.308814,0.474224
0.155,0.317352,0.45664
0.277,0.396365,0.436214
0.405,0.228224,0.417898
0.43,0.272284,0.410551
0.463,0.264579,0.416649
0.42,0.264579,0.440576
0.391,0.300431,0.477556
0.264,0.296296,0.522044
0.179,0.296296,0.558132
0.057,0.376715,0.574588
0.003,0.437694,0.56483
0.0,0.39139,0.530695
0.0,0.381565,0.485984
0.0,0.386457,0.443268
0.0,0.522741,0.37377
0.0,0.481799,0.382659
0.0,0.504922,0.394019
0.0,0.559627,0.410186
0.0,0.659344,0.428288
0.0,0.732004,0.450067
0.0,0.793832,0.469505
0.0,0.754798,0.484697
0.002,0.754798,0.490235
0.049,0.732004,0.4832
0.121,0.510816,0.467186
0.209,1.0,0.444027
0.232,1.0,0.426012
0.181,1.0,0.41967
0.167,0.867442,0.427076
0.131,1.0,0.451602
0.066,1.0,0.492145
0.034,1.0,0.538651
0.02,0.801797,0.577345
0.015,0.470508,0.595806
0.001,0.357724,0.584024
0.0,0.300431,0.550772
0.0,0.231699,0.502973
0.0,0.171468,0.456908
0.0,0.218006,0.383731
0.0,0.084184,0.393819
0.0,0.060225,0.407561
0.0,0.073957,0.425865
0.0,0.077268,0.447485
0.0,0.075601,0.470193
0.0,0.072338,0.491085
0.0,0.075601,0.505019
0.001,0.093394,0.508867
0.034,0.113779,0.501649
0.111,0.095313,0.484536
0.238,0.058813,0.461337
0.383,0.089633,0.441044
0.438,0.120427,0.430552
0.443,0.122699,0.436441
0.395,0.152231,0.460897
0.377,0.13941,0.499608
0.245,0.053388,0.545353
0.159,0.027672,0.582971
0.064,0.020036,0.605488
0.001,0.037037,0.597287
0.0,0.044716,0.562477
0.0,0.049546,0.516867
0.0,0.035017,0.470075
0.0,0.067622,0.395244
0.0,0.049546,0.405071
0.0,0.026012,0.419156
0.0,0.018056,0.436859
0.0,0.016811,0.459562
0.0,0.012906,0.483444
0.0,0.019361,0.503672
0.0,0.029401,0.519222
0.001,0.032127,0.525115
0.049,0.017426,0.513327
0.176,0.003252,0.489762
0.301,0.000717,0.462799
0.372,0.008074,0.442435
0.487,0.007352,0.430773
0.478,0.010085,0.436079
0.389,0.020727,0.459902
0.336,0.026012,0.498524
0.296,0.015053,0.549223
0.14,0.017426,0.599376
0.047,0.031201,0.617598
0.001,0.011914,0.610656
0.0,0.042423,0.577135
0.0,0.113779,0.527623
0.0,0.132074,0.480996
0.0,0.276193,0.403405
0.0,0.296296,0.412398
0.0,0.208098,0.425675
0.0,0.19226,0.44418
0.0,0.174341,0.465548
0.0,0.177247,0.489136
0.0,0.19226,0.510831
0.0,0.163036,0.525957
0.001,0.127329,0.530006
0.04,0.111619,0.525099
0.138,0.144448,0.504883
0.277,0.115967,0.479139
0.39,0.038075,0.455352
0.364,0.063115,0.444626
0.3,0.132074,0.455974
0.155,0.163036,0.489508
0.123,0.300431,0.535974
0.161,0.572297,0.581339
0.096,0.7625,0.618997
0.043,1.0,0.633743
0.001,0.981596,0.618754
0.0,0.826011,0.578269
0.0,0.578704,0.528013
0.0,0.504922,0.478409
0.0,0.330452,0.400255
0.0,0.221377,0.408686
0.0,0.157572,0.420819
0.0,0.154886,0.438598
0.0,0.154886,0.460272
0.0,0.129687,0.482426
0.0,0.118183,0.503229
0.0,0.084184,0.518777
0.001,0.06917,0.523389
0.044,0.037037,0.513461
0.141,0.015053,0.492275
0.278,0.003252,0.466929
0.371,0.0,0.446383
0.397,0.000313,0.4369
0.421,0.001882,0.442297
0.431,0.003675,0.465851
0.354,0.015053,0.505644
0.22,0.031201,0.554124
0.128,0.048307,0.595437
0.042,0.093394,0.617569
0.0,0.13449,0.611475
0.0,0.149606,0.576515
0.0,0.154886,0.528395
0.0,0.122699,0.480538
0.0,0.087791,0.404021
0.0,0.093394,0.414049
0.0,0.105303,0.428428
0.0,0.101227,0.447056
0.0,0.132074,0.470267
0.0,0.168626,0.494687
0.0,0.171468,0.516626
0.0,0.180185,0.531922
0.001,0.186157,0.537308
0.056,0.141914,0.526591
0.153,0.115967,0.505033
0.223,0.144448,0.48041
0.261,0.061659,0.459994
0.198,0.064594,0.452031
0.242,0.075601,0.457702
0.202,0.064594,0.482751
0.202,0.101227,0.523316
0.175,0.144448,0.57119
0.126,0.120427,0.6113
0.04,0.154886,0.632239
0.0,0.180185,0.621946
0.0,0.211367,0.579803
0.0,0.242337,0.531403
0.0,0.296296,0.483868
0.0,0.427105,0.407312
0.0,0.53485,0.416905
0.0,0.53485,0.431378
0.0,0.49327,0.450675
0.0,0.411544,0.474636
0.0,0.381565,0.501068
0.0,0.348473,0.525147
0.0,0.339383,0.54325
0.0,0.339383,0.551338
0.057,0.304603,0.546874
0.188,0.330452,0.526634
0.323,0.437694,0.501837
0.436,0.211367,0.479553
0.5,0.245954,0.467861
0.512,0.242337,0.472647
0.473,0.171468,0.497927
0.373,0.171468,0.541133
0.266,0.168626,0.591328
0.139,0.160289,0.632756
0.032,0.168626,0.651815
0.0,0.165815,0.641059
0.0,0.127329,0.604208
0.0,0.118183,0.554946
0.0,0.122699,0.506384
0.0,0.149606,0.424154
0.0,0.120427,0.435109
0.0,0.163036,0.450132
0.0,0.165815,0.470183
0.0,0.163036,0.495069
0.0,0.075601,0.5213
0.0,0.063115,0.544989
0.0,0.084184,0.559809
0.0,0.066097,0.564828
0.039,0.049546,0.555736
0.133,0.026834,0.53336
0.248,0.04021,0.507696
0.357,0.013423,0.485198
0.39,0.037037,0.474564
0.24,0.077268,0.484175
0.093,0.061659,0.514472
0.073,0.091501,0.557741
0.064,0.189192,0.604262
0.054,0.149606,0.640267
0.023,0.113779,0.654705
0.0,0.101227,0.637645
0.0,0.115967,0.601771
0.0,0.122699,0.549428
0.0,0.089633,0.4984
0.0,0.050805,0.41697
0.0,0.063115,0.426255
0.0,0.084184,0.438381
0.0,0.087791,0.455227
0.0,0.080677,0.47655
0.0,0.082418,0.50009
0.0,0.073957,0.521015
0.0,0.061659,0.536445
0.0,0.052086,0.543181
0.034,0.037037,0.538799
0.102,0.016811,0.520601
0.177,0.015053,0.497169
0.243,0.007352,0.474975
0.282,0.004892,0.4633
0.178,0.007352,0.470331
0.13,0.011438,0.496714
0.187,0.016211,0.536424
0.108,0.011914,0.584741
0.063,0.014496,0.624982
0.026,0.026834,0.646325
0.0,0.049546,0.633397
0.0,0.047089,0.602966
0.0,0.044716,0.552528
0.0,0.034036,0.501815
0.0,0.017426,0.42134
0.0,0.014496,0.431231
0.0,0.020727,0.445626
0.0,0.016811,0.462758
0.0,0.012906,0.482699
0.0,0.009659,0.507145
0.0,0.014496,0.530258
0.0,0.026012,0.543356
0.0,0.029401,0.548858
0.018,0.026012,0.542478
0.103,0.008453,0.524166
0.217,0.002679,0.498754
0.357,0.0,0.477073
0.411,0.000202,0.466513
0.362,2.9e-5,0.473598
0.372,2.9e-5,0.499537
0.223,2.1e-5,0.542889
0.146,6.5e-5,0.593269
0.092,0.000579,0.637238
0.03,0.004377,0.660508
0.0,0.012906,0.654342
0.0,0.014496,0.615215
0.0,0.015053,0.564359
0.0,0.018701,0.514351
0.0,0.014496,0.432845
0.0,0.010974,0.443489
0.0,0.0039,0.459855
0.0,0.002178,0.480875
0.0,0.000645,0.506881
0.0,9.9e-5,0.534929
0.0,0.000272,0.559847
0.0,0.000517,0.578339
0.0,0.000579,0.586829
0.043,0.000313,0.578786
0.153,0.0,0.546814
0.286,0.0,0.514453
0.369,0.0,0.489278
0.439,0.0,0.475603
0.382,0.0,0.481658
0.375,0.0,0.507423
0.255,1.0e-6,0.550766
0.133,0.000144,0.604093
0.107,0.000579,0.647199
0.024,0.000459,0.668294
0.0,0.000406,0.65564
0.0,6.0e-6,0.618667
0.0,0.0,0.565499
0.0,0.0,0.514788
0.0,0.0,0.433217
0.0,0.0,0.444918
0.0,0.0,0.46134
0.0,0.0,0.479647
0.0,0.0,0.502696
0.0,0.0,0.534225
0.0,0.0,0.561034
0.0,0.0,0.576953
0.0,0.0,0.584117
0.025,0.0,0.577399
0.109,0.0,0.556239
0.206,0.0,0.527191
0.286,0.0,0.500381
0.369,0.0,0.486525
0.422,0.0,0.489174
0.373,6.5e-5,0.515363
0.298,0.001156,0.559384
0.247,0.003675,0.610496
0.124,0.011438,0.655631
0.029,0.036018,0.683475
0.0,0.057424,0.675236
0.0,0.042423,0.635519
0.0,0.021433,0.582871
0.0,0.016211,0.530523
0.0,0.004892,0.445361
0.0,0.009659,0.456271
0.0,0.010974,0.470893
0.0,0.005737,0.492376
0.0,0.002338,0.51778
0.0,0.001372,0.545771
0.0,0.000645,0.571804
0.0,0.000235,0.589343
0.0,5.1e-5,0.593318
0.03,0.0,0.587167
0.106,0.0,0.556753
0.186,0.0,0.525168
0.177,0.0,0.502573
0.182,0.0,0.491613
0.15,0.0,0.497946
0.162,0.0,0.523355
0.134,0.0,0.566676
0.151,0.0,0.616183
0.077,0.0,0.659305
0.017,0.000794,0.679911
0.0,0.007352,0.667003
0.0,0.012404,0.624855
0.0,0.013952,0.569793
0.0,0.020036,0.516241
0.0,0.030292,0.432385
0.0,0.030292,0.440948
0.0,0.038075,0.454039
0.0,0.053388,0.474303
0.0,0.072338,0.495931
0.0,0.095313,0.519802
0.0,0.111619,0.54412
0.0,0.118183,0.560219
0.0,0.118183,0.567226
0.017,0.093394,0.561313
0.071,0.06917,0.545017
0.099,0.052086,0.524974
0.173,0.045892,0.50537
0.357,0.099229,0.493166
0.212,0.093394,0.501331
0.184,0.087791,0.530761
0.105,0.080677,0.578182
0.076,0.091501,0.630218
0.041,0.093394,0.671847
0.01,0.085975,0.688644
0.0,0.075601,0.672324
0.0,0.070742,0.632086
0.0,0.085975,0.57706
0.0,0.105303,0.523437
0.0,0.070742,0.438401
0.0,0.095313,0.448137
0.0,0.127329,0.461441
0.0,0.160289,0.481445
0.0,0.183155,0.505176
0.0,0.204864,0.530111
0.0,0.242337,0.554227
0.0,0.296296,0.571943
0.0,0.280138,0.579743
0.026,0.242337,0.571721
0.136,0.204864,0.552563
0.264,0.666384,0.525385
0.321,0.32168,0.503941
0.279,0.401383,0.49412
0.188,0.362411,0.502905
0.182,0.411544,0.529214
0.156,0.470508,0.573023
0.137,0.432378,0.623086
0.058,0.604807,0.665875
0.009,0.585158,0.684198
0.0,0.540974,0.667992
0.0,0.481799,0.629561
0.0,0.406442,0.574771
0.0,0.339383,0.520131
0.0,0.296296,0.436668
0.0,0.296296,0.445845
0.0,0.343908,0.461261
0.0,0.416688,0.481265
0.0,0.437694,0.50618
0.0,0.416688,0.531788
0.0,0.453903,0.555982
0.0,0.362411,0.571091
0.0,0.362411,0.577547
0.029,0.300431,0.579533
0.041,0.19226,0.559505
0.069,0.208098,0.536444
0.072,0.052086,0.517058
0.119,0.049546,0.506446
0.231,0.041307,0.509359
0.224,0.038075,0.533445
0.228,0.054712,0.574106
0.14,0.06917,0.621973
0.063,0.021433,0.662263
0.006,0.064594,0.678028
0.0,0.082418,0.660359
0.0,0.070742,0.621694
0.0,0.103251,0.566934
0.0,0.129687,0.515532
0.0,0.067622,0.433341
0.0,0.037037,0.442454
0.0,0.02442,0.456137
0.0,0.012404,0.475376
0.0,0.014496,0.498834
0.0,0.004892,0.523469
0.0,0.000645,0.546022
0.0,0.002679,0.560846
0.0,0.008074,0.565173
0.003,0.019361,0.558601
0.015,0.042423,0.541697
0.027,0.097258,0.519863
0.037,0.097258,0.499771
0.053,0.174341,0.489379
0.181,0.386457,0.489485
0.222,0.115967,0.511759
0.238,0.058813,0.551954
0.217,0.049546,0.600908
0.112,0.045892,0.647176
0.016,0.066097,0.674282
0.0,0.089633,0.662397
0.0,0.109486,0.625898
0.0,0.144448,0.570074
0.0,0.154886,0.517757
0.0,0.19226,0.435203
0.0,0.163036,0.442754
0.0,0.144448,0.456998
0.0,0.120427,0.476848
0.0,0.099229,0.500978
0.0,0.089633,0.526973
0.0,0.115967,0.549676
0.0,0.127329,0.567288
0.0,0.168626,0.574389
0.023,0.177247,0.566382
0.124,0.168626,0.542715
0.248,0.073957,0.513241
0.351,0.031201,0.48538
0.412,0.044716,0.469124
0.434,0.072338,0.470037
0.398,0.097258,0.491169
0.329,0.103251,0.530298
0.187,0.101227,0.578869
0.077,0.115967,0.622921
0.011,0.157572,0.647859
0.0,0.23521,0.637469
0.0,0.253295,0.604158
0.0,0.208098,0.553772
0.0,0.141914,0.503642
0.0,0.041307,0.423922
0.0,0.025208,0.434462
0.0,0.020036,0.449568
0.0,0.004134,0.470852
0.0,0.00012,0.494709
0.0,0.008453,0.520411
0.0,0.022894,0.544154
0.0,0.038075,0.558919
0.0,0.042423,0.565942
0.019,0.037037,0.558676
0.105,0.037037,0.537141
0.224,0.028528,0.507179
0.322,0.002679,0.48315
0.345,0.004377,0.471131
0.334,0.003675,0.477614
0.356,0.004134,0.502426
0.286,0.008074,0.544633
0.224,0.007352,0.595255
0.099,0.004377,0.642042
0.012,0.007007,0.670823
0.0,0.013952,0.663168
0.0,0.030292,0.622077
0.0,0.048307,0.566604
0.0,0.064594,0.515265
0.0,0.149606,0.433646
0.0,0.13941,0.444388
0.0,0.141914,0.459244
0.0,0.132074,0.477468
0.0,0.111619,0.501643
0.0,0.118183,0.527054
0.0,0.149606,0.550424
0.0,0.168626,0.566042
0.0,0.189192,0.572458
0.019,0.198495,0.567158
0.098,0.218006,0.548019
0.159,0.204864,0.522098
0.187,0.198495,0.500653
0.207,0.296296,0.489592
0.193,0.673473,0.496415
0.118,1.0,0.532146
0.032,0.842421,0.583304
0.018,0.53485,0.642022
0.015,0.296296,0.68609
0.008,0.115967,0.707475
0.0,0.075601,0.69318
0.0,0.103251,0.652446
0.0,0.118183,0.594933
0.0,0.144448,0.538376
0.0,0.288142,0.451389
0.0,0.253295,0.459788
0.0,0.127329,0.473995
0.0,0.089633,0.496278
0.0,0.099229,0.521341
0.0,0.129687,0.544529
0.0,0.348473,0.567313
0.0,1.0,0.580688
0.0,1.0,0.579007
0.005,1.0,0.564112
0.067,1.0,0.547685
0.121,0.801797,0.52495
0.218,0.326047,0.505255
0.217,0.195361,0.503906
0.303,0.101227,0.514109
0.333,0.049546,0.542973
0.246,0.037037,0.590785
0.169,0.030292,0.643962
0.086,0.003675,0.689825
0.008,3.9e-5,0.71132
0.0,1.0e-5,0.70108
0.0,0.000794,0.659848
0.0,0.003252,0.603081
0.0,0.010974,0.543839
0.0,0.066097,0.454356
0.0,0.093394,0.462268
0.0,0.144448,0.472078
0.0,0.195361,0.487905
0.0,0.168626,0.510149
0.0,0.095313,0.537256
0.0,0.048307,0.563058
0.0,0.018701,0.581084
0.0,0.010974,0.586968
0.011,0.004892,0.584953
0.063,0.004377,0.563986
0.124,0.003675,0.535525
0.221,0.075601,0.508629
0.198,0.249606,0.498654
0.287,0.334898,0.506254
0.267,0.218006,0.5393
0.191,0.073957,0.586804
0.125,0.038075,0.643544
0.046,0.021433,0.691898
0.005,0.010974,0.717725
0.0,0.004892,0.705695
0.0,0.001156,0.66651
0.0,0.001057,0.60774
0.0,0.005737,0.551883
0.0,0.026012,0.46214
0.0,0.022894,0.474019
0.0,0.015053,0.490337
0.0,0.013423,0.512713
0.0,0.008074,0.539173
0.0,0.002178,0.567047
0.0,0.000406,0.592775
0.0,0.0,0.612339
0.0,0.0,0.617846
0.012,0.0,0.611439
0.085,0.0,0.582409
0.205,0.0,0.548106
0.266,0.0,0.523273
0.365,0.0,0.507531
0.404,6.5e-5,0.511519
0.326,0.000459,0.538233
0.237,0.004134,0.584931
0.161,0.016211,0.645454
0.065,0.011438,0.693959
0.005,0.019361,0.716452
0.0,0.017426,0.701141
0.0,0.023649,0.659165
0.0,0.030292,0.602482
0.0,0.038075,0.546492
0.0,0.017426,0.457621
0.0,0.010085,0.467779
0.0,0.010085,0.482794
0.0,0.010523,0.503124
0.0,0.00463,0.529145
0.0,0.002505,0.558473
0.0,0.001613,0.585192
0.0,0.002026,0.603174
0.0,0.002679,0.609977
0.008,0.003459,0.598813
0.059,0.002338,0.583489
0.103,0.001261,0.563363
0.151,0.0,0.544928
0.231,0.0,0.530715
0.245,0.0,0.535752
0.278,0.0,0.563179
0.248,0.000144,0.609836
0.168,0.001156,0.66629
0.058,0.003053,0.715333
0.004,0.002862,0.735759
0.0,0.001489,0.721655
0.0,0.000171,0.681484
0.0,1.0e-6,0.627072
0.0,0.0,0.570038
0.0,0.0,0.478922
0.0,0.0,0.486758
0.0,0.0,0.501208
0.0,0.0,0.522275
0.0,0.0,0.551667
0.0,0.0,0.580804
0.0,0.0,0.609143
0.0,0.0,0.629194
0.0,0.0,0.63906
0.009,1.5e-5,0.635913
0.075,4.0e-6,0.610868
0.138,0.0,0.578071
0.248,0.0,0.54592
0.296,0.0,0.530421
0.404,0.0,0.531626
0.383,0.0,0.558803
0.308,0.000171,0.60508
0.203,0.001261,0.661123
0.084,0.003252,0.713229
0.005,0.009659,0.742254
0.0,0.018701,0.732211
0.0,0.020036,0.687448
0.0,0.008453,0.628951
0.0,0.014496,0.569807
0.0,0.037037,0.477101
0.0,0.077268,0.487102
0.0,0.06917,0.501563
0.0,0.052086,0.520875
0.0,0.058813,0.545272
0.0,0.037037,0.572815
0.0,0.082418,0.597459
0.0,0.091501,0.613716
0.0,0.109486,0.617825
0.005,0.129687,0.6128
0.024,0.183155,0.592375
0.051,0.171468,0.56671
0.111,0.064594,0.542462
0.134,0.044716,0.530101
0.243,0.029401,0.533811
0.25,0.015625,0.560426
0.186,0.019361,0.604643
0.082,0.009245,0.660657
0.026,0.016211,0.71023
0.002,0.020036,0.729711
0.0,0.012906,0.714946
0.0,0.0039,0.674483
0.0,0.000645,0.612144
0.0,0.0,0.553951
0.0,0.0,0.463285
0.0,0.0,0.47246
0.0,4.0e-6,0.486487
0.0,2.9e-5,0.506385
0.0,0.0,0.530104
0.0,0.0,0.556271
0.0,0.0,0.579546
0.0,0.0,0.59599
0.0,0.0,0.602729
0.004,0.0,0.60413
0.049,0.0,0.585269
0.106,0.0,0.560484
0.187,0.0,0.536407
0.178,0.0,0.524736
0.163,0.0,0.531514
0.148,0.0,0.558657
0.112,0.0,0.604909
0.07,0.0,0.65856
0.028,0.0,0.703772
0.001,0.0,0.723121
0.0,2.0e-6,0.707686
0.0,2.9e-5,0.667724
0.0,0.0,0.609594
0.0,0.0,0.552949
0.0,0.0,0.462434
0.0,0.0,0.473262
0.0,0.0,0.487885
0.0,0.0,0.507245
0.0,0.0,0.531628
0.0,0.0,0.558525
0.0,0.0,0.583938
0.0,0.0,0.601907
0.0,0.000313,0.608002
0.007,0.001261,0.60798
0.062,0.001489,0.587641
0.136,0.000272,0.560777
0.192,0.0,0.536027
0.27,3.9e-5,0.521192
0.317,0.000272,0.525323
0.315,0.000963,0.550739
0.253,0.003252,0.596309
0.157,0.007352,0.650801
0.051,0.022156,0.698082
0.001,0.041307,0.717317
0.0,0.06917,0.701185
0.0,0.091501,0.657695
0.0,0.099229,0.599032
0.0,0.122699,0.54143
0.0,0.13941,0.453883
0.0,0.118183,0.464548
0.0,0.085975,0.477764
0.0,0.075601,0.496125
0.0,0.077268,0.518737
0.0,0.089633,0.542392
0.0,0.080677,0.564403
0.0,0.064594,0.580418
0.0,0.053388,0.588426
0.006,0.06917,0.586497
0.068,0.084184,0.56463
0.12,0.056057,0.537871
0.194,0.049546,0.515099
0.216,0.056057,0.505579
0.195,0.077268,0.513901
0.223,0.097258,0.542731
0.211,0.085975,0.586871
0.145,0.066097,0.642143
0.053,0.089633,0.691457
0.002,0.136935,0.714064
0.0,0.180185,0.700585
0.0,0.177247,0.658742
0.0,0.180185,0.598533
0.0,0.174341,0.539003
0.0,0.280138,0.447442
0.0,0.245954,0.45406
0.0,0.284121,0.466962
0.0,0.284121,0.486693
0.0,0.280138,0.50949
0.0,0.296296,0.535331
0.0,0.276193,0.557731
0.0,0.300431,0.572143
0.0,0.264579,0.57865
0.003,0.249606,0.569759
0.044,0.221377,0.552425
0.114,0.204864,0.528717
0.157,0.253295,0.505568
0.08,0.204864,0.499341
0.086,0.367138,0.508187
0.068,0.093394,0.538055
0.035,0.052086,0.5855
0.019,0.036018,0.639046
0.013,0.025208,0.682164
0.0,0.02442,0.701948
0.0,0.020036,0.686212
0.0,0.018056,0.646929
0.0,0.010523,0.589974
0.0,0.006351,0.537191
0.0,0.004377,0.452528
0.0,0.002679,0.46318
0.0,0.000313,0.478091
0.0,0.0,0.497665
0.0,0.0,0.523501
0.0,0.0,0.550022
0.0,0.0,0.573725
0.0,0.0,0.59213
0.0,0.0,0.599558
0.003,0.0,0.596845
0.05,0.0,0.576732
0.148,0.0,0.544159
0.224,0.0,0.519849
0.285,0.0,0.508969
0.309,0.0,0.516046
0.294,0.0,0.54362
0.235,0.0,0.590055
0.149,0.0,0.646447
0.054,0.0,0.695237
0.001,0.0,0.724173
0.0,0.0,0.713924
0.0,0.0,0.670434
0.0,0.0,0.615026
0.0,0.0,0.565179
0.0,0.0,0.477039
0.0,0.0,0.48479
0.0,0.0,0.507916
0.0,0.0,0.531704
0.0,0.0,0.556608
0.0,0.0,0.580079
0.0,0.0,0.60089
0.0,0.0,0.615093
0.0,0.0,0.621321
0.002,0.0,0.61272
0.034,0.0,0.592877
0.08,0.0,0.566396
0.121,0.0,0.540059
0.18,0.0,0.523769
0.184,0.0,0.528508
0.168,0.0,0.55541
0.158,0.0,0.600607
0.095,0.0,0.656321
0.032,0.0,0.704042
0.001,0.0,0.73234
0.0,0.0,0.727111
0.0,0.0,0.684388
0.0,0.000963,0.627004
0.0,0.002178,0.570061
0.0,0.006674,0.478896
0.0,0.004134,0.490651
0.0,0.003053,0.506387
0.0,0.000645,0.527697
0.0,0.000459,0.554322
0.0,0.000717,0.58167
0.0,0.000313,0.608093
0.0,8.1e-5,0.626061
0.0,0.00012,0.6324
0.003,0.000235,0.6244
0.053,2.9e-5,0.605635
0.132,0.0,0.578019
0.203,0.0,0.551932
0.283,0.0,0.533519
0.304,0.0,0.535149
0.323,0.0,0.557573
0.258,0.0,0.600691
0.157,0.0,0.655604
0.05,6.0e-6,0.705912
0.0,0.000579,0.736083
0.0,0.003675,0.727336
0.0,0.009245,0.682994
0.0,0.013423,0.623538
0.0,0.012906,0.566934
0.0,0.009245,0.475716
0.0,0.007352,0.486846
0.0,0.008074,0.503647
0.0,0.009245,0.524853
0.0,0.009659,0.550714
0.0,0.006351,0.577891
0.0,0.006674,0.602769
0.0,0.010085,0.619154
0.0,0.008074,0.624699
0.002,0.005737,0.614609
0.048,0.00463,0.590489
0.098,0.001057,0.559317
0.161,0.0,0.529214
0.19,1.0e-6,0.514937
0.192,0.008843,0.522754
0.179,0.030292,0.554859
0.09,0.047089,0.606781
0.053,0.058813,0.666347
0.014,0.06917,0.716507
0.0,0.095313,0.738924
0.0,0.085975,0.724911
0.0,0.054712,0.68237
0.0,0.036018,0.626685
0.0,0.022894,0.573148
0.0,0.016811,0.482022
0.0,0.022894,0.493856
0.0,0.035017,0.509107
0.0,0.038075,0.527472
0.0,0.041307,0.551538
0.0,0.037037,0.580773
0.0,0.035017,0.602274
0.0,0.057424,0.620802
0.0,0.064594,0.62927
0.001,0.06917,0.622003
0.043,0.077268,0.600469
0.148,0.077268,0.571624
0.229,0.045892,0.548305
0.31,0.118183,0.536331
0.321,0.183155,0.543887
0.27,0.144448,0.57861
0.188,0.13941,0.630305
0.108,0.180185,0.689506
0.035,0.129687,0.740316
0.0,0.072338,0.763293
0.0,0.039133,0.749566
0.0,0.025208,0.703795
0.0,0.015625,0.643222
0.0,0.006674,0.584094
0.0,0.001744,0.490605
0.0,0.000313,0.503766
0.0,0.001613,0.52227
0.0,0.003252,0.545453
0.0,0.003675,0.571646
0.0,0.003459,0.599835
0.0,0.006351,0.624934
0.0,0.005163,0.64122
0.0,0.0039,0.648443
0.002,0.003459,0.639546
0.05,0.001882,0.618247
0.12,0.001372,0.584675
0.178,0.000144,0.554994
0.205,0.000313,0.540313
0.229,0.003053,0.547935
0.239,0.004892,0.578
0.173,0.006674,0.628133
0.102,0.006674,0.689636
0.021,0.006038,0.741358
0.0,0.011914,0.765284
0.0,0.022894,0.750649
0.0,0.044716,0.704819
0.0,0.07896,0.640429
0.0,0.13449,0.579547
0.0,0.214669,0.484534
0.0,0.288142,0.494706
0.0,0.308814,0.510579
0.0,0.2922,0.532074
0.0,0.32168,0.557642
0.0,0.304603,0.585838
0.0,0.284121,0.611761
0.0,0.296296,0.63202
0.0,0.288142,0.642083
0.001,0.276193,0.633961
0.043,0.218006,0.615616
0.155,0.13449,0.586869
0.214,0.075601,0.561706
0.238,0.13941,0.550168
0.269,0.093394,0.555974
0.197,0.064594,0.585793
0.129,0.027672,0.63583
0.08,0.025208,0.693885
0.019,0.052086,0.745024
0.0,0.056057,0.768155
0.0,0.093394,0.751701
0.0,0.089633,0.702518
0.0,0.101227,0.642083
0.0,0.107381,0.584436
0.0,0.058813,0.490304
0.0,0.105303,0.501171
0.0,0.099229,0.516646
0.0,0.093394,0.536528
0.0,0.063115,0.56101
0.0,0.036018,0.586655
0.0,0.018056,0.610494
0.0,0.009659,0.628544
0.0,0.008074,0.637114
0.001,0.008453,0.634859
0.043,0.009659,0.617192
0.14,0.004134,0.585622
0.19,0.002026,0.559809
0.292,0.030292,0.549593
0.277,0.037037,0.563377
0.254,0.060225,0.594319
0.181,0.066097,0.646616
0.107,0.044716,0.708968
0.027,0.028528,0.76022
0.0,0.027672,0.781902
0.0,0.050805,0.763346
0.0,0.095313,0.720846
0.0,0.165815,0.655004
0.0,0.177247,0.593417
0.0,0.174341,0.495523
0.0,0.168626,0.505917
0.0,0.195361,0.520937
0.0,0.214669,0.542852
0.0,0.214669,0.566977
0.0,0.242337,0.59495
0.0,0.242337,0.620554
0.0,0.231699,0.637431
0.0,0.211367,0.643147
0.001,0.171468,0.638655
0.042,0.147012,0.618749
0.11,0.129687,0.589151
0.175,0.056057,0.565199
0.23,0.054712,0.553585
0.245,0.029401,0.5621
0.251,0.045892,0.592255
0.167,0.016811,0.646688
0.094,0.022156,0.710738
0.026,0.030292,0.764797
0.0,0.023649,0.790243
0.0,0.020727,0.772372
0.0,0.025208,0.728478
0.0,0.04021,0.665721
0.0,0.043559,0.603802
0.0,0.036018,0.507611
0.0,0.028528,0.518247
0.0,0.008074,0.535432
0.0,0.000717,0.55668
0.0,0.0,0.587979
0.0,0.0,0.620387
0.0,0.0,0.649911
0.0,1.0e-6,0.666152
0.0,0.001057,0.66697
0.0,0.004377,0.652722
0.015,0.032127,0.633158
0.042,0.07896,0.609247
0.075,0.107381,0.587984
0.095,0.070742,0.579344
0.145,0.044716,0.590358
0.134,0.043559,0.62426
0.172,0.057424,0.679898
0.093,0.034036,0.742719
0.02,0.020036,0.797985
0.0,0.012404,0.819637
0.0,0.008074,0.801932
0.0,0.005737,0.751962
0.0,0.001882,0.684821
0.0,0.000235,0.620405
0.0,0.0,0.522054
0.0,0.0,0.532393
0.0,0.0,0.548801
0.0,0.0,0.571831
0.0,0.0,0.598615
0.0,0.0,0.629489
0.0,0.0,0.658691
0.0,0.0,0.681061
0.0,0.0,0.689444
0.0,0.0,0.682324
0.033,0.0,0.660557
0.116,1.0e-5,0.63015
0.165,6.0e-6,0.604863
0.185,5.1e-5,0.592021
0.182,5.1e-5,0.599228
0.203,0.000717,0.630073
0.138,0.002178,0.684667
0.08,0.0039,0.748763
0.017,0.005737,0.803548
0.0,0.025208,0.824421
0.0,0.041307,0.811082
0.0,0.056057,0.758013
0.0,0.037037,0.690329
0.0,0.030292,0.625391
0.0,0.118183,0.523336
0.0,0.127329,0.534874
0.0,0.095313,0.550754
0.0,0.063115,0.57575
0.0,0.054712,0.604034
0.0,0.053388,0.636555
0.0,0.056057,0.665344
0.0,0.075601,0.684223
0.0,0.093394,0.689659
0.0,0.095313,0.680317
0.025,0.099229,0.657145
0.038,0.093394,0.628914
0.049,0.067622,0.605668
0.044,0.111619,0.595456
0.04,0.129687,0.606098
0.041,0.23521,0.639473
0.034,0.103251,0.693319
0.018,0.047089,0.754811
0.003,0.022894,0.805507
0.0,0.014496,0.824592
0.0,0.00463,0.804987
0.0,0.002026,0.757353
0.0,6.5e-5,0.690494
0.0,0.0,0.626235
0.0,0.0,0.523444
0.0,0.0,0.533811
0.0,0.0,0.550265
0.0,0.0,0.572101
0.0,0.0,0.599558
0.0,0.000235,0.628416
0.0,0.0039,0.655431
0.0,0.015625,0.67477
0.0,0.013423,0.683099
0.0,0.009659,0.673066
0.012,0.008074,0.655842
0.068,0.003053,0.631824
0.089,0.0,0.607123
0.141,0.0,0.59555
0.167,0.0,0.604154
0.129,0.0,0.636694
0.107,0.0,0.687961
0.049,0.0,0.749826
0.011,0.000171,0.802917
0.0,0.005445,0.823795
0.0,0.002026,0.804214
0.0,0.0,0.744856
0.0,0.0,0.678365
0.0,0.0,0.615263
0.0,0.023649,0.51657
0.0,0.141914,0.529165
0.0,0.249606,0.547917
0.0,0.2922,0.570293
0.0,0.238755,0.597667
0.0,0.221377,0.627129
0.0,0.228224,0.654093
0.0,0.231699,0.672652
0.0,0.19226,0.677209
0.0,0.147012,0.673917
0.032,0.109486,0.656671
0.126,0.072338,0.629819
0.223,0.06917,0.605164
0.268,0.028528,0.593606
0.314,0.016211,0.602164
0.274,0.005163,0.634582
0.207,0.002178,0.689569
0.122,0.002178,0.755839
0.025,0.0039,0.817499
0.0,0.006351,0.845207
0.0,0.004892,0.833236
0.0,0.003459,0.786324
0.0,0.003252,0.720705
0.0,0.005445,0.652191
0.0,0.015053,0.544513
0.0,0.011914,0.554704
0.0,0.018701,0.571172
0.0,0.016211,0.591298
0.0,0.012906,0.618329
0.0,0.023649,0.646002
0.0,0.030292,0.672306
0.0,0.018701,0.690636
0.0,0.033072,0.696121
0.0,0.070742,0.694157
0.022,0.07896,0.672754
0.084,0.047089,0.642522
0.142,0.048307,0.615408
0.155,0.042423,0.601015
0.172,0.028528,0.606284
0.105,0.064594,0.638207
0.087,0.118183,0.691152
0.083,0.080677,0.753306
0.011,0.084184,0.805744
0.0,0.103251,0.825775
0.0,0.154886,0.80615
0.0,0.174341,0.753404
0.0,0.180185,0.686146
0.0,0.147012,0.621616
0.0,0.034036,0.520102
0.0,0.04021,0.530997
0.0,0.053388,0.546761
0.0,0.056057,0.569732
0.0,0.04021,0.597085
0.0,0.029401,0.625825
0.0,0.032127,0.652011
0.0,0.035017,0.670511
0.0,0.028528,0.6773
0.0,0.026012,0.672528
0.004,0.021433,0.655318
0.018,0.018701,0.631304
0.034,0.009245,0.609301
0.068,0.000144,0.597664
0.108,0.0,0.606281
0.067,0.000717,0.640372
0.061,0.001882,0.694283
0.037,0.001744,0.757576
0.008,0.001156,0.808476
0.0,0.002178,0.828575
0.0,0.002862,0.809794
0.0,0.002505,0.761915
0.0,0.0039,0.698537
0.0,0.004892,0.639837
0.0,0.002026,0.538821
0.0,0.002505,0.553075
0.0,0.002679,0.571339
0.0,0.001156,0.596567
0.0,0.000517,0.627856
0.0,0.001744,0.660882
0.0,0.012906,0.690727
0.0,0.009659,0.710325
0.0,0.013423,0.718277
0.0,0.021433,0.707867
0.022,0.020036,0.684623
0.057,0.031201,0.653226
0.081,0.022156,0.625728
0.076,0.030292,0.61183
0.088,0.050805,0.617951
0.069,0.049546,0.650525
0.031,0.084184,0.705302
0.01,0.115967,0.766136
0.002,0.154886,0.813931
0.0,0.214669,0.829475
0.0,0.296296,0.805196
0.0,0.348473,0.750805
0.0,0.371906,0.681457
0.0,0.401383,0.613863
0.0,0.334898,0.511232
0.0,0.339383,0.51896
0.0,0.330452,0.532516
0.0,0.25702,0.551083
0.0,0.23521,0.573538
0.0,0.238755,0.597627
0.0,0.25702,0.618234
0.0,0.224783,0.631252
0.0,0.186157,0.633075
0.0,0.183155,0.62495
0.007,0.174341,0.606017
0.035,0.168626,0.582275
0.047,0.152231,0.561121
0.059,0.147012,0.550793
0.048,0.097258,0.559882
0.035,0.070742,0.591304
0.022,0.057424,0.641812
0.01,0.053388,0.699599
0.001,0.049546,0.745836
0.0,0.031201,0.763595
0.0,0.013952,0.746442
0.0,0.005737,0.701029
0.0,0.002505,0.639288
0.0,0.001882,0.58204
0.0,0.003053,0.488736
0.0,0.008843,0.499016
0.0,0.020036,0.511355
0.0,0.037037,0.529717
0.0,0.082418,0.552508
0.0,0.13941,0.57769
0.0,0.211367,0.600391
0.0,0.2922,0.615914
0.0,0.334898,0.62215
0.0,0.362411,0.615633
0.003,0.381565,0.599879
0.016,0.443053,0.578475
0.037,0.416688,0.558812
0.047,0.448456,0.549187
0.057,0.585158,0.558934
0.089,0.638525,0.591765
0.112,0.578704,0.644699
0.061,0.53485,0.707076
0.012,0.470508,0.761179
0.0,0.443053,0.782115
0.0,0.381565,0.766347
0.0,0.396365,0.710189
0.0,0.49327,0.64919
0.0,0.510816,0.589597
0.0,0.308814,0.493854
0.0,0.189192,0.506046
0.0,0.089633,0.52169
0.0,0.064594,0.544329
0.0,0.067622,0.569825
0.0,0.06917,0.600085
0.0,0.072338,0.628883
0.0,0.099229,0.649003
0.0,0.183155,0.65864
0.0,0.224783,0.652542
0.015,0.317352,0.633624
0.096,0.49327,0.606768
0.155,0.411544,0.582746
0.196,0.604807,0.570743
0.189,0.638525,0.579506
0.167,0.724509,0.61205
0.122,0.842421,0.663533
0.038,1.0,0.724989
0.003,1.0,0.771027
0.0,1.0,0.787467
0.0,1.0,0.769733
0.0,1.0,0.716783
0.0,1.0,0.652845
0.0,1.0,0.594331
0.0,0.875891,0.497198
0.0,0.510816,0.510069
0.0,0.304603,0.528948
0.0,0.381565,0.553176
0.0,0.326047,0.579764
0.0,0.464928,0.612643
0.0,0.443053,0.641978
0.0,0.645415,0.662477
0.0,0.652355,0.67226
0.0,0.659344,0.662989
0.016,0.553363,0.645281
0.078,0.448456,0.61944
0.158,0.195361,0.596391
0.217,0.39139,0.589666
0.209,0.585158,0.598783
0.206,0.936575,0.630956
0.143,0.732004,0.685652
0.062,0.652355,0.751694
0.009,0.481799,0.805956
0.0,0.39139,0.830774
0.0,0.39139,0.813819
0.0,0.317352,0.765761
0.0,0.334898,0.698976
0.0,0.300431,0.635377
0.0,0.416688,0.532661
0.0,0.448456,0.543817
0.0,0.510816,0.560587
0.0,0.585158,0.580883
0.0,0.53485,0.606732
0.0,0.522741,0.63451
0.0,0.528772,0.66106
0.0,0.432378,0.679053
0.0,0.406442,0.685929
0.0,0.371906,0.681106
0.009,0.381565,0.662932
0.045,0.348473,0.635752
0.132,0.231699,0.610784
0.21,0.386457,0.596314
0.201,0.376715,0.604151
0.205,0.253295,0.636626
0.131,0.371906,0.695021
0.064,0.276193,0.760162
0.009,0.284121,0.816852
0.0,0.280138,0.83908
0.0,0.260781,0.821002
0.0,0.288142,0.769887
0.0,0.339383,0.701159
0.0,0.376715,0.633075
0.0,0.396365,0.528929
0.0,0.49327,0.540012
0.0,0.645415,0.555418
0.0,0.770255,0.574852
0.0,0.817886,0.599049
0.0,1.0,0.626454
0.0,1.0,0.650432
0.0,1.0,0.668121
0.0,1.0,0.678754
0.0,1.0,0.664805
0.002,1.0,0.640324
0.058,1.0,0.608863
0.067,1.0,0.582635
0.087,1.0,0.568528
0.056,1.0,0.579336
0.029,1.0,0.614089
0.047,1.0,0.669767
0.027,1.0,0.734432
0.006,1.0,0.786677
0.0,1.0,0.808236
0.0,0.859047,0.790002
0.0,0.411544,0.740924
0.0,0.093394,0.677188
0.0,0.032127,0.615678
0.0,0.006038,0.516165
0.0,0.016811,0.528829
0.0,0.057424,0.545157
0.0,0.087791,0.562869
0.0,0.180185,0.585129
0.0,0.276193,0.607557
0.0,0.396365,0.623268
0.0,0.437694,0.634806
0.0,0.406442,0.639682
0.0,0.32168,0.638372
0.008,0.300431,0.619789
0.043,0.421875,0.594071
0.072,0.2922,0.57039
0.148,0.381565,0.559195
0.164,0.53485,0.567713
0.152,0.659344,0.598081
0.112,0.859047,0.649977
0.07,0.834189,0.710263
0.002,0.884395,0.756273
0.0,0.963418,0.772368
0.0,0.972479,0.755032
0.0,0.709673,0.707377
0.0,0.624891,0.644298
0.0,0.659344,0.583048
0.0,0.585158,0.487085
0.0,0.963418,0.496732
0.0,1.0,0.51274
0.0,1.0,0.534397
0.0,1.0,0.5608
0.0,1.0,0.588513
0.0,1.0,0.615385
0.0,1.0,0.635157
0.0,1.0,0.643923
0.0,1.0,0.637962
0.016,1.0,0.623139
0.095,1.0,0.598018
0.176,0.91896,0.574198
0.241,0.357724,0.562247
0.261,0.334898,0.570111
0.236,0.470508,0.601357
0.173,0.504922,0.655156
0.073,0.25702,0.71944
0.007,0.13941,0.774499
0.0,0.085975,0.801571
0.0,0.070742,0.790072
0.0,0.087791,0.741005
0.0,0.101227,0.676485
0.0,0.095313,0.613616
0.0,0.095313,0.514405
0.0,0.041307,0.527662
0.0,0.04021,0.547121
0.0,0.010523,0.572776
0.0,0.000876,0.605798
0.0,0.000517,0.639285
0.0,0.0,0.666785
0.0,0.0,0.682613
0.0,0.0,0.690306
0.0,0.0,0.677727
0.006,0.001882,0.654356
0.024,0.030292,0.624509
0.033,0.058813,0.599838
0.083,0.049546,0.584747
0.083,0.058813,0.59303
0.066,0.064594,0.627086
0.075,0.043559,0.679025
0.056,0.093394,0.741019
0.008,0.163036,0.798443
0.0,0.198495,0.820302
0.0,0.224783,0.800846
0.0,0.276193,0.748446
0.0,0.276193,0.680865
0.0,0.288142,0.616862
0.0,0.339383,0.515284
0.0,0.432378,0.525489
0.0,0.499073,0.541724
0.0,0.499073,0.56388
0.0,0.540974,0.590982
0.0,0.578704,0.620151
0.0,0.540974,0.6461
0.0,0.510816,0.665982
0.0,0.540974,0.674291
0.0,0.638525,0.668048
0.01,0.702332,0.65322
0.067,0.673473,0.629959
0.14,0.591659,0.607927
0.197,0.540974,0.597586
0.223,0.416688,0.606105
0.214,0.381565,0.64016
0.146,0.406442,0.697287
0.075,0.572297,0.764456
0.007,0.695041,0.820591
0.0,0.680612,0.845859
0.0,0.522741,0.829539
0.0,0.448456,0.777905
0.0,0.553363,0.710067
0.0,0.611453,0.645464
0.0,0.695041,0.540967
0.0,0.631683,0.552916
0.0,0.645415,0.571238
0.0,0.624891,0.59589
0.0,0.528772,0.625877
0.0,0.540974,0.658904
0.0,0.673473,0.687986
0.0,0.702332,0.709061
0.0,0.591659,0.717811
0.0,0.522741,0.710387
0.012,0.559627,0.690692
0.09,0.528772,0.660283
0.17,0.343908,0.632326
0.223,0.253295,0.616755
0.256,0.242337,0.622781
0.23,0.245954,0.655532
0.169,0.437694,0.711527
0.079,0.437694,0.780864
0.008,0.453903,0.840923
0.0,0.427105,0.864731
0.0,0.317352,0.847956
0.0,0.231699,0.797773
0.0,0.180185,0.729754
0.0,0.132074,0.664016
0.0,0.103251,0.557048
0.0,0.095313,0.570557
0.0,0.082418,0.589409
0.0,0.061659,0.614124
0.0,0.058813,0.646359
0.0,0.053388,0.679653
0.0,0.030292,0.709606
0.0,0.020036,0.732079
0.0,0.026834,0.740278
0.0,0.017426,0.734205
0.009,0.009659,0.716176
0.073,0.001744,0.684869
0.163,1.0e-5,0.654695
0.23,0.0,0.638099
0.238,0.0,0.643801
0.223,0.0,0.676996
0.147,0.0,0.735644
0.069,0.0,0.806244
0.007,0.0,0.867974
0.0,0.0,0.896293
0.0,0.0,0.878745
0.0,0.0,0.823906
0.0,0.0,0.745483
0.0,0.0,0.671698
0.0,0.0,0.554918
0.0,0.000202,0.559698
0.0,0.001261,0.569281
0.0,0.001744,0.585224
0.0,0.002178,0.607068
0.0,0.006351,0.632641
0.0,0.010974,0.657592
0.0,0.019361,0.676251
0.0,0.030292,0.683098
0.0,0.021433,0.678338
0.003,0.011438,0.663265
0.028,0.010523,0.639651
0.071,0.011438,0.613021
0.095,0.00463,0.600484
0.092,0.003053,0.607602
0.119,0.007707,0.639465
0.124,0.022894,0.695731
0.058,0.060225,0.764597
0.006,0.109486,0.826513
0.0,0.093394,0.849049
0.0,0.067622,0.830789
0.0,0.058813,0.779094
0.0,0.056057,0.715208
0.0,0.072338,0.652335
0.0,0.160289,0.54786
0.0,0.168626,0.563069
0.0,0.183155,0.584914
0.0,0.168626,0.612124
0.0,0.141914,0.644982
0.0,0.107381,0.679684
0.0,0.075601,0.711934
0.0,0.060225,0.735268
0.0,0.057424,0.744296
0.0,0.077268,0.739758
0.009,0.111619,0.719299
0.084,0.103251,0.686373
0.173,0.056057,0.654676
0.234,0.015053,0.639448
0.254,0.016211,0.648013
0.231,0.017426,0.684467
0.167,0.027672,0.745406
0.078,0.045892,0.820491
0.007,0.085975,0.887018
0.0,0.097258,0.914836
0.0,0.091501,0.896853
0.0,0.075601,0.842624
0.0,0.063115,0.769779
0.0,0.060225,0.698799
0.0,0.045892,0.58542
0.0,0.034036,0.598887
0.0,0.033072,0.617952
0.0,0.034036,0.643811
0.0,0.022156,0.675366
0.0,0.013423,0.710073
0.0,0.004892,0.74284
0.0,0.001372,0.76706
0.0,0.000517,0.777208
0.0,0.000202,0.770798
0.008,0.000358,0.750307
0.082,0.000406,0.711112
0.17,0.0,0.675025
0.231,0.0,0.656678
0.251,0.0,0.663401
0.228,0.0,0.698452
0.165,0.0,0.759766
0.076,0.0,0.835249
0.006,0.0,0.908514
0.0,0.000202,0.945654
0.0,0.003053,0.929784
0.0,0.010523,0.868948
0.0,0.00463,0.790486
0.0,3.9e-5,0.713869
0.0,0.001057,0.600435
0.0,0.008453,0.6117
0.0,0.027672,0.628571
0.0,0.032127,0.650834
0.0,0.042423,0.678513
0.0,0.064594,0.708231
0.0,0.103251,0.734035
0.0,0.095313,0.750924
0.0,0.080677,0.755345
0.0,0.103251,0.74441
0.007,0.154886,0.722288
0.072,0.149606,0.68625
0.144,0.120427,0.651632
0.189,0.115967,0.633579
0.209,0.136935,0.636238
0.18,0.125,0.669722
0.11,0.152231,0.7261
0.046,0.174341,0.793205
0.004,0.171468,0.85035
0.0,0.211367,0.870507
0.0,0.208098,0.850779
0.0,0.171468,0.799588
0.0,0.13449,0.724946
0.0,0.118183,0.656029
0.0,0.115967,0.545348
0.0,0.115967,0.555521
0.0,0.109486,0.570075
0.0,0.125,0.591353
0.0,0.144448,0.617646
0.0,0.13941,0.645164
0.0,0.132074,0.671391
0.0,0.113779,0.688861
0.0,0.120427,0.693443
0.0,0.127329,0.690975
0.003,0.103251,0.672522
0.037,0.097258,0.644864
0.073,0.060225,0.617281
0.087,0.06917,0.604643
0.07,0.097258,0.613242
0.056,0.115967,0.647693
0.048,0.132074,0.702187
0.025,0.144448,0.768083
0.002,0.144448,0.820726
0.0,0.168626,0.840218
0.0,0.174341,0.821247
0.0,0.154886,0.765719
0.0,0.141914,0.696577
0.0,0.120427,0.62888
0.0,0.111619,0.525112
0.0,0.095313,0.53614
0.0,0.132074,0.552057
0.0,0.163036,0.573291
0.0,0.157572,0.600848
0.0,0.125,0.62903
0.0,0.113779,0.65535
0.0,0.129687,0.673945
0.0,0.13449,0.683168
0.0,0.101227,0.680012
0.002,0.054712,0.664926
0.046,0.034036,0.638264
0.1,0.008074,0.613037
0.143,0.00463,0.599734
0.137,0.005163,0.610409
0.067,0.005737,0.649299
0.065,0.005445,0.709758
0.039,0.00463,0.77996
0.004,0.004892,0.841102
0.0,0.006351,0.865004
0.0,0.010523,0.849272
0.0,0.010974,0.798202
0.0,0.008074,0.726946
0.0,0.007352,0.65932
0.0,0.007352,0.5505
0.0,0.007352,0.563294
0.0,0.007707,0.583264
0.0,0.005445,0.612484
0.0,0.003675,0.642586
0.0,0.002505,0.679441
0.0,0.000717,0.70787
0.0,5.1e-5,0.73113
0.0,6.5e-5,0.736128
0.0,9.9e-5,0.734077
0.004,2.0e-6,0.717614
0.052,0.0,0.686884
0.111,0.0,0.655043
0.13,0.0,0.636875
0.134,0.0,0.646073
0.142,0.0,0.677792
0.098,0.0,0.736522
0.045,0.0,0.805481
0.003,0.0,0.865399
0.0,0.0,0.89283
0.0,6.0e-6,0.876419
0.0,3.9e-5,0.825388
0.0,0.000171,0.757421
0.0,0.000171,0.688387
0.0,0.004134,0.577218
0.0,0.004892,0.592442
0.0,0.005163,0.611983
0.0,0.008453,0.636268
0.0,0.015625,0.667487
0.0,0.018701,0.702585
0.0,0.022156,0.731982
0.0,0.028528,0.756729
0.0,0.032127,0.765998
0.0,0.038075,0.761294
0.003,0.041307,0.744139
0.057,0.041307,0.715476
0.127,0.049546,0.687059
0.202,0.037037,0.66915
0.237,0.037037,0.674581
0.222,0.06917,0.708694
0.159,0.118183,0.770067
0.071,0.163036,0.847475
0.005,0.195361,0.912072
0.0,0.198495,0.939581
0.0,0.198495,0.920088
0.0,0.189192,0.855368
0.0,0.149606,0.778954
0.0,0.129687,0.705647
0.0,0.147012,0.590361
0.0,0.105303,0.60332
0.0,0.06917,0.623188
0.0,0.041307,0.649274
0.0,0.02442,0.681106
0.0,0.016811,0.715378
0.0,0.011438,0.746862
0.0,0.006351,0.769647
0.0,0.002679,0.779051
0.0,0.000963,0.771838
0.004,0.000579,0.752864
0.065,0.000202,0.717888
0.149,0.0,0.680658
0.208,0.0,0.661382
0.229,0.0,0.665917
0.208,0.0,0.699522
0.148,0.0,0.760952
0.066,0.0,0.835746
0.004,0.0,0.904467
0.0,8.1e-5,0.935798
0.0,0.00012,0.919316
0.0,0.0,0.865507
0.0,0.0,0.787355
0.0,0.0,0.714743
0.0,0.0,0.597304
0.0,0.0,0.609768
0.0,1.0e-5,0.627871
0.0,4.0e-6,0.652106
0.0,0.0,0.681227
0.0,0.0,0.717746
0.0,0.0,0.75011
0.0,0.0,0.772991
0.0,0.0,0.780818
0.0,0.001057,0.771989
0.003,0.009659,0.749896
0.055,0.010974,0.715002
0.122,0.004892,0.680016
0.157,0.000645,0.660726
0.169,8.1e-5,0.663033
0.175,5.1e-5,0.696462
0.106,0.003252,0.756794
0.052,0.016211,0.832151
0.003,0.063115,0.893851
0.0,0.075601,0.918989
0.0,0.067622,0.899054
0.0,0.067622,0.839321
0.0,0.109486,0.763534
0.0,0.129687,0.689454
0.0,0.095313,0.573042
0.0,0.157572,0.583755
0.0,0.214669,0.599119
0.0,0.189192,0.624256
0.0,0.147012,0.65207
0.0,0.211367,0.681961
0.0,0.249606,0.708938
0.0,0.195361,0.726651
0.0,0.177247,0.735627
0.0,0.23521,0.721602
0.002,0.317352,0.700013
0.027,0.357724,0.667573
0.048,0.448456,0.63917
0.127,0.504922,0.621852
0.173,0.504922,0.626334
0.155,0.416688,0.657645
0.103,0.367138,0.714663
0.05,0.371906,0.780799
0.003,0.416688,0.835284
0.0,0.443053,0.857115
0.0,0.487512,0.837751
0.0,0.578704,0.781117
0.0,0.695041,0.711413
0.0,0.747149,0.646031
0.0,0.859047,0.540512
0.0,0.875891,0.552491
0.0,0.809815,0.56955
0.0,0.702332,0.593517
0.0,0.645415,0.622746
0.0,0.591659,0.65347
0.0,0.547145,0.681593
0.0,0.53485,0.701735
0.0,0.470508,0.709651
0.0,0.448456,0.698262
0.002,0.464928,0.681176
0.025,0.481799,0.65768
0.07,0.362411,0.635429
0.106,0.353079,0.623196
0.124,0.476131,0.632836
0.132,0.432378,0.666067
0.09,0.39139,0.721273
0.046,0.464928,0.788001
0.004,0.49327,0.846875
0.0,0.528772,0.866972
0.0,0.49327,0.838585
0.0,0.522741,0.777333
0.0,0.522741,0.701335
0.0,0.481799,0.63166
0.0,0.470508,0.525357
0.0,0.39139,0.533844
0.0,0.32168,0.549034
0.0,0.288142,0.570137
0.0,0.228224,0.598991
0.0,0.195361,0.630074
0.0,0.177247,0.658002
0.0,0.157572,0.679085
0.0,0.132074,0.685961
0.0,0.125,0.68122
0.001,0.147012,0.663003
0.012,0.168626,0.637862
0.018,0.120427,0.616234
0.05,0.149606,0.603531
0.064,0.163036,0.611318
0.067,0.144448,0.643306
0.082,0.157572,0.697411
0.048,0.195361,0.766634
0.003,0.228224,0.826102
0.0,0.272284,0.849744
0.0,0.326047,0.832528
0.0,0.376715,0.777142
0.0,0.376715,0.708632
0.0,0.39139,0.643524
0.0,0.353079,0.539622
0.0,0.367138,0.55351
0.0,0.386457,0.57258
0.0,0.353079,0.595987
0.0,0.330452,0.626774
0.0,0.362411,0.658447
0.0,0.353079,0.685998
0.0,0.32168,0.706268
0.0,0.276193,0.714233
0.0,0.253295,0.699555
0.001,0.23521,0.679295
0.022,0.211367,0.652829
0.056,0.13941,0.628521
0.061,0.105303,0.617091
0.022,0.101227,0.628084
0.01,0.093394,0.663371
0.018,0.084184,0.71834
0.005,0.087791,0.781128
0.0,0.093394,0.830745
0.0,0.105303,0.848473
0.0,0.113779,0.826397
0.0,0.149606,0.776905
0.0,0.288142,0.704254
0.0,0.401383,0.634289
0.0,0.687801,0.529373
0.0,0.859047,0.541782
0.0,1.0,0.556545
0.0,1.0,0.575882
0.0,1.0,0.602856
0.0,0.884395,0.637904
0.0,0.406442,0.669307
0.0,0.381565,0.69072
0.0,0.427105,0.700161
0.0,0.367138,0.694487
0.001,0.406442,0.676714
0.041,0.32168,0.649571
0.104,0.288142,0.625358
0.149,0.313064,0.615419
0.169,0.339383,0.625637
0.131,0.272284,0.661566
0.091,0.268413,0.720624
0.033,0.308814,0.788237
0.002,0.249606,0.841266
0.0,0.218006,0.861243
0.0,0.201663,0.838848
0.0,0.19226,0.783044
0.0,0.174341,0.713174
0.0,0.144448,0.647642
0.0,0.105303,0.539858
0.0,0.087791,0.552478
0.0,0.082418,0.570866
0.0,0.067622,0.592831
0.0,0.033072,0.62276
0.0,0.012404,0.655757
0.0,0.002026,0.685555
0.0,0.002505,0.709053
0.0,0.007007,0.720318
0.0,0.007352,0.721747
0.001,0.015053,0.706433
0.036,0.015625,0.674448
0.091,0.001489,0.645015
0.109,0.0,0.629712
0.112,0.000202,0.635751
0.076,0.002338,0.670692
0.055,0.001744,0.72713
0.028,0.002505,0.796254
0.002,0.008074,0.851779
0.0,0.016811,0.871996
0.0,0.027672,0.851298
0.0,0.041307,0.796517
0.0,0.049546,0.727941
0.0,0.075601,0.660253
0.0,0.058813,0.551614
0.0,0.064594,0.563826
0.0,0.066097,0.581228
0.0,0.061659,0.605672
0.0,0.077268,0.634763
0.0,0.066097,0.666073
0.0,0.050805,0.693155
0.0,0.037037,0.712011
0.0,0.041307,0.718402
0.0,0.050805,0.709317
0.0,0.064594,0.690375
0.006,0.058813,0.665799
0.016,0.007352,0.643276
0.034,0.008074,0.632358
0.029,0.007707,0.642894
0.023,0.005163,0.679813
0.038,0.008843,0.734471
0.019,0.012906,0.799612
0.001,0.010085,0.854375
0.0,0.005445,0.873641
0.0,0.007007,0.851918
0.0,0.009659,0.79802
0.0,0.015625,0.725124
0.0,0.026834,0.653916
0.0,0.017426,0.544397
0.0,0.017426,0.553888
0.0,0.016211,0.569668
0.0,0.015625,0.590892
0.0,0.011438,0.617845
0.0,0.013423,0.646068
0.0,0.017426,0.672312
0.0,0.018056,0.691388
0.0,0.016811,0.699209
0.0,0.018701,0.695986
0.0,0.019361,0.678175
0.017,0.015053,0.654019
0.051,0.002679,0.631866
0.075,0.000406,0.620369
0.096,0.0,0.627696
0.121,6.0e-6,0.659807
0.081,0.000963,0.716167
0.044,0.004377,0.784336
0.003,0.013423,0.842075
0.0,0.027672,0.864101
0.0,0.043559,0.846566
0.0,0.043559,0.793944
0.0,0.043559,0.723933
0.0,0.063115,0.657392
0.0,0.050805,0.551703
0.0,0.056057,0.565861
0.0,0.049546,0.584657
0.0,0.054712,0.609934
0.0,0.067622,0.639227
0.0,0.077268,0.671514
0.0,0.072338,0.701985
0.0,0.064594,0.72353
0.0,0.080677,0.730856
0.0,0.105303,0.717576
0.001,0.111619,0.702387
0.045,0.101227,0.675861
0.124,0.032127,0.647081
0.157,0.038075,0.633177
0.146,0.04021,0.642231
0.146,0.043559,0.676747
0.087,0.066097,0.732843
0.033,0.060225,0.798772
0.002,0.093394,0.852498
0.0,0.125,0.872736
0.0,0.144448,0.853015
0.0,0.160289,0.801825
0.0,0.154886,0.732787
0.0,0.141914,0.667691
0.0,0.113779,0.559001
0.0,0.097258,0.571367
0.0,0.099229,0.589663
0.0,0.105303,0.613062
0.0,0.113779,0.644681
0.0,0.113779,0.677993
0.0,0.109486,0.707947
0.0,0.091501,0.730479
0.0,0.080677,0.739522
0.0,0.063115,0.72615
0.001,0.067622,0.705978
0.027,0.070742,0.678558
0.084,0.033072,0.651165
0.106,0.022156,0.637198
0.134,0.006351,0.645576
0.133,0.004892,0.677911
0.092,0.009245,0.737531
0.045,0.019361,0.808544
0.003,0.027672,0.869864
0.0,0.026834,0.895576
0.0,0.025208,0.879253
0.0,0.022156,0.812463
0.0,0.021433,0.738259
0.0,0.022894,0.667314
0.0,0.006351,0.557386
0.0,0.005163,0.569074
0.0,0.004892,0.585968
0.0,0.007352,0.609915
0.0,0.009245,0.639937
0.0,0.007007,0.673787
0.0,0.003252,0.701186
0.0,0.001489,0.72353
0.0,0.002679,0.73333
0.0,0.007352,0.73471
0.001,0.007707,0.718297
0.033,0.002862,0.690446
0.092,0.001057,0.65597
0.085,0.000202,0.638257
0.091,0.0,0.642161
0.089,0.0,0.674291
0.063,6.0e-6,0.729312
0.024,0.000459,0.795866
0.001,0.001057,0.851402
0.0,0.0039,0.870601
0.0,0.005737,0.849946
0.0,0.007007,0.793407
0.0,0.004892,0.721766
0.0,0.006674,0.653915
0.0,0.007007,0.546177
0.0,0.007007,0.556344
0.0,0.007352,0.57353
0.0,0.009659,0.596985
0.0,0.025208,0.625675
0.0,0.003053,0.658843
0.0,0.005163,0.688001
0.0,0.020036,0.707522
0.0,0.02442,0.714686
0.0,0.018701,0.706433
0.0,0.023649,0.687557
0.008,0.042423,0.661532
0.037,0.016811,0.635404
0.095,0.002026,0.620898
0.119,0.000202,0.630453
0.092,0.002178,0.666658
0.069,2.0e-6,0.726183
0.03,0.0,0.796208
0.001,0.000235,0.853766
0.0,8.1e-5,0.876077
0.0,0.0,0.856282
0.0,0.0,0.80676
0.0,0.0,0.735603
0.0,0.0,0.666438
0.0,0.0,0.557871
0.0,0.0,0.568919
0.0,0.0,0.586479
0.0,0.0,0.611841
0.0,0.000876,0.641958
0.0,0.001744,0.672858
0.0,0.010974,0.701808
0.0,0.008843,0.724177
0.0,0.008074,0.733164
0.0,0.002679,0.725557
0.0,0.001372,0.710184
0.019,0.000517,0.684917
0.06,1.0e-5,0.661775
0.088,6.5e-5,0.649847
0.12,0.000272,0.659199
0.098,0.001057,0.695467
0.078,0.00463,0.754012
0.037,0.013423,0.8237
0.002,0.037037,0.881051
0.0,0.054712,0.90194
0.0,0.06917,0.879514
0.0,0.072338,0.834065
0.0,0.048307,0.758752
0.0,0.029401,0.686622
0.0,0.029401,0.574678
0.0,0.026012,0.588666
0.0,0.073957,0.608826
0.0,0.103251,0.639962
0.0,0.087791,0.67505
0.0,0.073957,0.71137
0.0,0.066097,0.744325
0.0,0.057424,0.767905
0.0,0.058813,0.778165
0.0,0.038075,0.772602
0.0,0.036018,0.75443
0.042,0.031201,0.724547
0.121,0.007352,0.691925
0.184,0.000963,0.672946
0.21,0.000406,0.678222
0.193,0.001613,0.713196
0.14,1.0e-5,0.774116
0.062,0.000171,0.849349
0.004,0.0039,0.915368
0.0,0.014496,0.945212
0.0,0.025208,0.926696
0.0,0.035017,0.868859
0.0,0.058813,0.7921
0.0,0.080677,0.716032
0.0,0.171468,0.596621
0.0,0.180185,0.606478
0.0,0.224783,0.622468
0.0,0.249606,0.644374
0.0,0.264579,0.672362
0.0,0.32168,0.703192
0.0,0.357724,0.732615
0.0,0.401383,0.754224
0.0,0.547145,0.76186
0.0,0.717066,0.746587
0.0,0.817886,0.722677
0.02,0.778061,0.692337
0.073,0.499073,0.665211
0.078,0.565939,0.65249
0.071,0.645415,0.664141
0.074,0.624891,0.700689
0.064,0.510816,0.757949
0.019,0.510816,0.825173
0.001,0.504922,0.878626
0.0,0.516755,0.897414
0.0,0.504922,0.874102
0.0,0.464928,0.813177
0.0,0.401383,0.739751
0.0,0.348473,0.670963
0.0,0.180185,0.560276
0.0,0.195361,0.571372
0.0,0.204864,0.589008
0.0,0.152231,0.613081
0.0,0.093394,0.641797
0.0,0.075601,0.672689
0.0,0.07896,0.700036
0.0,0.107381,0.719899
0.0,0.07896,0.726357
0.0,0.060225,0.722924
0.0,0.050805,0.703623
0.02,0.038075,0.676255
0.042,0.015053,0.651881
0.087,0.013952,0.637856
0.079,0.018701,0.646213
0.075,0.02442,0.680135
0.052,0.013423,0.737366
0.031,0.011914,0.80559
0.003,0.022894,0.864794
0.0,0.043559,0.889422
0.0,0.066097,0.869307
0.0,0.097258,0.816167
0.0,0.141914,0.744171
0.0,0.211367,0.674965
0.0,0.304603,0.564866
0.0,0.284121,0.578016
0.0,0.249606,0.59585
0.0,0.218006,0.620195
0.0,0.163036,0.647778
0.0,0.107381,0.678958
0.0,0.101227,0.706566
0.0,0.125,0.727438
0.0,0.129687,0.735635
0.0,0.163036,0.730472
0.0,0.208098,0.712582
0.029,0.238755,0.684902
0.059,0.25702,0.656496
0.09,0.39139,0.641661
0.088,0.591659,0.653105
0.092,0.673473,0.689812
0.103,0.7625,0.747002
0.05,0.850707,0.816085
0.004,1.0,0.876982
0.0,1.0,0.902919
0.0,1.0,0.882471
0.0,1.0,0.821924
0.0,1.0,0.746005
0.0,1.0,0.672775
0.0,1.0,0.55787
0.0,1.0,0.564987
0.0,1.0,0.577713
0.0,0.910236,0.596429
0.0,0.39139,0.622897
0.0,0.268413,0.658267
0.0,0.284121,0.693026
0.0,0.334898,0.717637
0.0,0.357724,0.725737
0.0,0.343908,0.715717
0.0,0.487512,0.698205
0.04,0.598209,0.673346
0.107,0.624891,0.6468
0.136,0.702332,0.633573
0.155,0.645415,0.642594
0.138,1.0,0.678697
0.109,1.0,0.73667
0.045,1.0,0.803896
0.003,1.0,0.857981
0.0,1.0,0.875272
0.0,1.0,0.851504
0.0,1.0,0.79579
0.0,1.0,0.722229
0.0,1.0,0.654342
0.0,0.910236,0.545678
0.0,0.954414,0.557141
0.0,1.0,0.575032
0.0,0.972479,0.599255
0.0,0.91896,0.628059
0.0,1.0,0.655978
0.0,1.0,0.683426
0.0,1.0,0.701166
0.0,1.0,0.707431
0.0,1.0,0.695098
0.0,1.0,0.674896
0.006,1.0,0.650062
0.036,0.826011,0.626504
0.037,0.884395,0.616517
0.042,0.954414,0.62748
0.043,0.936575,0.662714
0.027,1.0,0.719322
0.011,1.0,0.782175
0.001,1.0,0.832842
0.0,1.0,0.850593
0.0,1.0,0.829444
0.0,1.0,0.776112
0.0,1.0,0.704325
0.0,1.0,0.636597
0.0,1.0,0.530849
0.0,1.0,0.541362
0.0,1.0,0.557434
0.0,1.0,0.580257
0.0,1.0,0.607436
0.0,1.0,0.636674
0.0,1.0,0.664118
0.0,1.0,0.682961
0.0,1.0,0.692381
0.0,1.0,0.693415
0.0,0.572297,0.68373
0.009,0.459394,0.664037
0.079,0.645415,0.640787
0.183,0.793832,0.629861
0.19,1.0,0.64335
0.186,1.0,0.682698
0.126,1.0,0.74536
0.067,0.867442,0.817146
0.005,0.972479,0.875118
0.0,0.850707,0.896913
0.0,0.724509,0.875617
0.0,0.73955,0.819265
0.0,0.910236,0.744434
0.0,1.0,0.674438
0.0,1.0,0.561727
0.0,0.875891,0.572194
0.0,0.7625,0.587827
0.0,0.717066,0.61045
0.0,0.631683,0.639043
0.0,0.540974,0.66903
0.0,0.437694,0.697828
0.0,0.308814,0.717628
0.0,0.224783,0.721552
0.0,0.177247,0.719839
0.0,0.103251,0.703839
0.033,0.056057,0.677225
0.109,0.011438,0.649784
0.177,0.016211,0.633524
0.204,0.054712,0.641017
0.191,0.075601,0.677027
0.125,0.035017,0.737469
0.062,0.026012,0.811404
0.006,0.030292,0.876072
0.0,0.036018,0.905112
0.0,0.027672,0.887637
0.0,0.014496,0.836141
0.0,0.013423,0.764917
0.0,0.012906,0.693749
0.0,0.026834,0.57844
0.0,0.030292,0.588579
0.0,0.015053,0.60402
0.0,0.003675,0.627284
0.0,0.000794,0.655928
0.0,2.1e-5,0.690593
0.0,3.9e-5,0.723515
0.0,0.0,0.74156
0.0,0.0,0.750741
0.0,6.5e-5,0.742133
0.0,0.001489,0.727987
0.025,0.000717,0.701318
0.073,0.000202,0.675374
0.099,0.0,0.660994
0.122,0.0,0.671283
0.098,0.0,0.70903
0.062,0.0,0.771336
0.025,0.0,0.841645
0.003,0.0,0.899194
0.0,0.0,0.923602
0.0,2.9e-5,0.903658
0.0,0.001882,0.852061
0.0,0.008074,0.776836
0.0,0.007707,0.704536
0.0,0.008843,0.588046
0.0,0.002679,0.602327
0.0,0.004134,0.621566
0.0,0.004134,0.647641
0.0,0.00463,0.680191
0.0,0.005445,0.714479
0.0,0.003675,0.746793
0.0,0.001261,0.771298
0.0,0.000517,0.783295
0.0,0.002026,0.778532
0.0,0.006674,0.761843
0.039,0.015625,0.732443
0.117,0.003252,0.697953
0.177,0.000358,0.678787
0.207,0.0,0.685613
0.197,0.0,0.720968
0.152,0.0,0.783424
0.073,0.0,0.861452
0.007,0.000171,0.930397
0.0,0.003252,0.960681
0.0,0.007707,0.941835
0.0,0.010974,0.888689
0.0,0.009659,0.810158
0.0,0.010974,0.735468
0.0,0.010523,0.614446
0.0,0.018701,0.627934
0.0,0.021433,0.646576
0.0,0.021433,0.672939
0.0,0.018701,0.705937
0.0,0.015053,0.740691
0.0,0.012906,0.773297
0.0,0.016811,0.796068
0.0,0.027672,0.804967
0.0,0.047089,0.796684
0.0,0.056057,0.776296
0.032,0.04021,0.746394
0.098,0.003053,0.715993
0.145,0.000645,0.698067
0.171,0.000406,0.705253
0.157,0.000358,0.741732
0.128,0.001057,0.803344
0.062,0.006351,0.883147
0.007,0.015053,0.946426
0.0,0.02442,0.968802
0.0,0.036018,0.943705
0.0,0.043559,0.884787
0.0,0.045892,0.804895
0.0,0.04021,0.727602
