iter,rho,price_mean,imb_mean,primal_res,dual_res
1,0.3,8.184951498543189,-17.283171661810627,934.3669471477638,Inf
2,0.3,38.71913761708267,-101.78062039513159,5751.386008627187,3038.6062990699597
3,0.315,171.36713647361793,-495.4173626761353,26594.51111904676,4768.161304554938
4,0.33075000000000004,243.20802769442346,-248.09368397475242,14848.002072861284,3530.848224696214
5,0.3472875000000001,455.2145778003684,-820.3233070915778,44092.115474011494,4406.167829707721
6,0.3646518750000001,504.2108168411995,-175.2959946387772,14439.444099810586,6121.322696058897
7,0.38288446875000015,669.1200273321133,-661.067696907103,35579.14945944546,4026.812766598911
8,0.4020286921875002,733.258718999283,-237.73580570972626,16109.083151882407,4754.416739904381
9,0.4221301267968752,884.2105178608247,-626.9090908334915,34041.088397744854,3561.5375694077393
10,0.443236633136719,962.7993751513801,-301.787137043867,18135.047940686112,4305.117858055099
11,0.465398464793555,1078.8548120916157,-499.34075923330255,27261.87892195622,2790.539077380634
12,0.48866838803323276,1165.409361088298,-344.3458872249264,20344.173470430396,4148.984682520044
13,0.5131018074348944,1280.536067840352,-513.1837067606615,28564.66967071875,3379.0408389186728
14,0.5387568978066392,1368.4853650294904,-362.49550635446593,22166.821048867027,4523.4357939597085
15,0.5656947426969712,1469.149039755664,-464.8735207306577,26566.530920440367,2956.7122400194594
16,0.5939794798318198,1551.4495333015407,-351.4292818258673,21895.482547505984,3576.63974314162
17,0.6236784538234108,1630.5447695967353,-378.42307327640333,22766.440022835093,2493.5131048694484
18,0.6548623765145813,1692.38631289993,-273.5779405965286,18633.951248833804,3475.263980915893
19,0.6876054953403105,1756.8523044354645,-263.6968244459879,17671.120586063935,2798.9210402420563
20,0.721985770107326,1811.2857415772955,-205.87967191828434,15513.531434787796,3362.193454963614
21,0.7580850586126924,1860.1619206241105,-170.93005507336832,13629.182286032361,3312.9439306695317
22,0.7959893115433271,1899.0911606056848,-125.88401520349463,11741.321481166382,3492.3911744794295
23,0.8357887771204935,1927.3851090932983,-84.59831177488118,9799.566782029973,3463.7337611059447
24,0.8775782159765182,1941.919573390563,-40.18284143280117,8289.5516567858,3457.1090628802194
25,0.9214571267753442,1940.935637264918,2.5152548584588006,7064.18875893898,3388.634939431524
26,0.9675299831141114,1923.0124389570462,42.364694267728986,6636.508415433827,3304.725053928892
27,1.015906482269817,1889.6989524985047,74.99276288090982,6709.589403231288,3173.853190086852
28,1.0667018063833078,1849.2435438584057,102.03933863738918,7248.043553280458,3037.558320116905
29,1.1200368967024732,1805.4781386618083,123.68407107198614,7919.288657370788,2879.901067803918
30,1.1760387415375968,1761.463515257357,139.3707327905163,8450.941292500074,2706.5097107827646
31,1.2348406786144768,1719.7660694881743,147.93666395398932,8683.257168295942,2508.389756243491
32,1.2965827125452007,1674.660614172012,152.40743025103546,8804.757291449996,2354.020570390905
33,1.3614118481724609,1626.606105362135,154.64002552944905,8863.492143062667,2233.555866040684
34,1.429482440581084,1576.3249282966128,154.10045002627035,8782.966253280863,2124.154436445514
35,1.5009565626101382,1523.2483441320137,150.40937711427125,8548.208700897712,2017.7392523782898
36,1.5760043907406451,1468.050369225122,144.63339092565693,8228.759951770866,1910.1409615272612
37,1.6548046102776774,1411.1126050849323,137.94923896658386,7883.799271884825,1804.0075031987612
38,1.7375448407915615,1352.949330679155,130.29904240800354,7517.673563969155,1719.9146811449448
39,1.8244220828311397,1294.0778044675353,121.94700739795083,7139.3115383591985,1671.0087403873158
40,1.9156431869726969,1234.8190535469703,113.49894418213263,6770.485891195269,1632.284845749788
41,2.0114253463213316,1175.1162993419366,105.73217624326836,6422.26139613124,1582.0663142592848
42,2.111996613637398,1114.804122992275,98.76231951541085,6086.216819529106,1529.4085812130008
43,2.2175964443192684,1054.3511257821551,91.53297856176174,5741.526622154669,1482.8097901217984
44,2.328476266535232,995.2829424084258,82.69644645166682,5369.270379907412,1513.5222681157143
45,2.4449000798619935,938.0704381956598,74.0623805206885,5031.499329713903,1594.2369764303442
46,2.567145083855093,882.3977050640008,66.63811880909839,4727.810187217177,1608.641106315197
47,2.695502338047848,827.317795965739,60.960269309216045,4431.027083848952,1575.486289526534
48,2.8302774549502403,772.1727196415765,56.43309646102876,4130.331820231632,1538.5999059877406
49,2.9717913276977526,716.874434907568,52.32536601962715,3838.039761226209,1509.5115148418997
50,3.1203808940826403,661.4379356136463,48.50314374251389,3553.887083728365,1520.1236992603401
51,3.2763999387867724,606.0847982393902,44.78058970567832,3277.7878524514063,1561.0731358063672
52,3.440219935726111,551.5164460515176,40.818955048927705,3001.9969411595894,1636.1861962552728
53,3.612230932512417,497.9867724183688,37.02449255885174,2732.8871194984613,1667.946892826122
54,3.792842479138038,446.1932181908717,33.12407126244675,2454.694215813816,1630.2191950940728
55,3.98248460309494,397.52219031649634,28.78140495316363,2151.754506157238,1566.910950602021
56,4.181608833249688,353.03417131018966,24.32528939642992,1834.3253667322135,1478.7876370419335
57,4.390689274912172,313.05932357964514,20.210415516624703,1528.5894783983424,1399.8240000476483
58,4.390689274912172,278.88387417612324,16.77511220920548,1268.9959960287172,1300.9537073187603
59,4.390689274912172,250.1287989077186,13.703404694641526,1057.5587216522015,1242.5977924587678
60,4.390689274912172,227.30087644035223,10.878784248982303,876.4542102861695,1253.1478085236358
61,4.181608833249688,213.3355630321213,8.221196616838602,736.794941530692,1291.3776421760026
62,3.9824846030949406,202.93330413655195,6.242579489754467,649.927164615129,1251.0703446705795
63,3.7928424791380384,195.90486191616066,5.210337731328235,621.027221970113,1299.6131989532134
64,3.6122309325124173,189.87970641414557,4.553309070048639,584.6438464887276,1262.5816883745813
65,3.4402199357261116,184.6687006320338,4.014509590958817,547.8244706348659,1233.0229554874916
66,3.276399938786773,180.12942474582508,3.671865991002263,527.2446398244183,1240.644592800248
67,3.1203808940826407,176.29809966998303,3.2541573213605792,502.91883636722696,1232.5817653868075
68,2.971791327697753,172.98381688734085,2.955754794264061,490.9741891386049,1234.4078308143614
69,2.8302774549502407,170.06204711861074,2.7359876469302864,491.5307660011431,1227.795876026445
70,2.6955023380478482,167.50853563860986,2.510702498658611,492.4406091378367,1207.7977915405393
71,2.5671450838550935,165.1588847753454,2.3551189629962295,492.47319903087794,1166.7669597836489
72,2.4449000798619935,162.83976930947262,2.369648668849583,488.6792834711228,1134.9251463716218
73,2.328476266535232,160.3444784487254,2.5991709185350937,488.55966037291745,1103.3130809427191
74,2.2175964443192684,157.69200833517164,2.8165420325460016,491.9895189311379,1075.6096752211452
75,2.111996613637398,155.01409802776922,2.8987705389364224,502.2536936394138,1039.2566761594835
76,2.0114253463213316,152.41260816781244,2.956849693459188,508.44239164612685,1019.3296831325335
77,1.9156431869726966,149.8102177851327,3.01530765789053,514.0381074642157,991.914384773821
78,1.8244220828311395,147.23721428642364,3.039146507184988,523.6962842357343,969.4862733308041
79,1.7375448407915612,144.73561047206198,3.1025521432527956,535.6104032073465,951.4907407394822
80,1.6548046102776772,142.30381583436446,3.074535625038248,553.2424855076611,924.1748711167046
81,1.576004390740645,139.94444193591136,3.1321222362633407,575.0884944663142,913.1852480957097
82,1.500956562610138,137.69034793683844,3.141978827027214,604.423709589786,898.2646658912976
83,1.4294824405810838,135.63208739927384,3.012457148549731,620.7755838104297,883.645202582195
84,1.3614118481724606,133.79560787042234,2.8222528553017847,642.7778528691832,874.2540976382443
85,1.2965827125452005,132.06043412999983,2.7998972570825953,672.7347621512803,861.0319283301028
86,1.2348406786144766,128.91007953175298,5.182157912525117,777.5796008395296,714.642382580674
87,1.2348406786144766,124.95055276809738,7.66258949708729,952.83124267404,616.6982327155947
88,1.2965827125452005,120.78140239387325,9.040066226056846,1065.1110733182595,582.1431276946123
89,1.3614118481724606,116.82588811741225,9.609898129665954,1126.5828015652596,572.1142746982896
90,1.4294824405810838,113.2486184209468,9.737764928751423,1153.0642402363642,574.6764349246491
91,1.500956562610138,109.56263343502934,9.555905925427384,1151.1705899419342,580.820704679396
92,1.576004390740645,105.768315453603,9.095477501575424,1127.5678001614453,575.2599941071942
93,1.6548046102776772,101.8871709208401,8.602507743875258,1083.0608152475445,584.256114998259
94,1.7375448407915612,97.99359276147693,7.979719574569094,1023.2935696038587,592.4243322274223
95,1.8244220828311393,94.1322311053815,7.317330789033417,956.6769748292053,602.1089761260541
96,1.9156431869726964,90.40531795921684,6.530327421242499,888.1620738189996,595.5300951735808
97,2.011425346321331,86.94398365993824,5.607931588737099,824.415923584564,577.8219039263402
98,2.1119966136373978,83.6547097707687,4.92756855190629,753.5002948989587,578.0318273148064
99,2.217596444319268,80.48858253102702,4.385655132258406,685.9657206360147,578.4189174636363
100,2.217596444319268,77.55446291220265,3.9459057174996763,629.2479796686579,574.5757686709951
101,2.217596444319268,74.72806619890662,3.6903264291542675,590.254110668339,569.3204362095495
102,2.217596444319268,72.01659094375223,3.437162657749288,555.2392648823962,559.5821722054267
103,2.217596444319268,69.46497015030059,3.234525445628363,511.8425593503505,553.1052563863728
104,2.217596444319268,67.05963067569796,3.049094033072261,470.5142163286509,551.7921202827673
105,2.217596444319268,64.8078130262714,2.8544842966781654,433.03520727316265,552.4574095430178
106,2.1119966136373978,62.831731429649395,2.6301990227078065,403.1580436446611,549.6480655855646
107,2.011425346321331,61.08670174838627,2.438798144067182,378.6660516819953,547.8715690733789
108,1.9156431869726962,59.5223365608568,2.2956225357095246,357.8669080137094,547.2903546961008
109,1.8244220828311393,58.11793665062451,2.163926117901975,339.7584268675375,546.1896843233034
110,1.7375448407915612,56.850071729855294,2.0512279271998435,323.2738983990745,546.1056295331351
111,1.6548046102776772,55.70063891759115,1.9526024252661462,317.789067728567,545.0321159530738
112,1.576004390740645,54.65169159212048,1.8709975244562624,310.172030631093,538.137500919418
113,1.500956562610138,53.707213553825184,1.7688894666840649,302.34362601889507,539.8045212540803
114,1.4294824405810838,52.87368239673063,1.6391547980603902,281.1494058915275,541.2947840550497
115,1.3614118481724606,52.13747968916897,1.5201443877439658,262.0997075337773,543.3978377571341
116,1.2965827125452005,51.46578525232814,1.4562920563216102,250.00197502649522,544.7547339363517
117,1.2348406786144766,50.85742649426593,1.384923526347597,241.33181041841362,543.0686786145018
118,1.1760387415375966,50.29100545553502,1.3539252991083013,233.73629704416186,541.9108001293865
119,1.120036896702473,49.77326366499081,1.2994448364837214,226.34185801944028,539.9381976172696
120,1.0667018063833076,49.28878214763192,1.2767655006449186,219.4913543123191,539.6355249099641
121,1.0159064822698167,48.84586618923003,1.2255881491169471,213.40609708949418,538.7528068566083
122,0.9675299831141111,48.43151402572267,1.2038770473235525,207.6225879926111,539.0495906240283
123,0.9214571267753439,48.051396904073144,1.1596294994184742,201.7854146343529,538.5618784688994
124,0.877578215976518,47.69994678396339,1.1257833410373421,197.8405044800314,538.1690156315697
125,0.8357887771204933,47.38025395142698,1.0752595795285629,194.35676728756803,537.3023725322331
126,0.7959893115433269,47.086977903259445,1.035729426973042,191.01339287118728,536.769529411084
127,0.7580850586126923,46.82127462686235,0.9852715185010537,188.29745389067048,535.9638399852095
128,0.7219857701073259,46.572300081641394,0.9694005589336823,184.77398431554766,535.4859788163895
129,0.6876054953403103,46.342080041277846,0.9411974520868189,184.25328564359927,533.3585619253757
130,0.6548623765145812,46.11721962111063,0.9652502749652843,249.69040656077615,532.3923223281195
131,0.6236784538234107,45.947587022551744,0.7645845715945099,235.45972537501052,528.8625227933537
132,0.5939794798318196,45.81902578802411,0.6084369049525649,197.8179061756917,525.8639290736812
133,0.5656947426969711,45.68966254465733,0.6428441690280227,179.14589514262082,523.9050550024574
134,0.538756897806639,45.56590975678532,0.6457123663163802,175.55613015966506,519.932712348617
135,0.5131018074348943,45.45439349823381,0.61095834568055,173.6320366833806,515.0929234862523
136,0.48866838803323265,45.358254188606175,0.5530491252513654,208.53404439942133,505.7657124096255
137,0.4653984647935549,45.283272557787306,0.45290476673551416,313.20688258183947,499.2163658282164
138,0.44323663313671896,45.246327031627686,0.23431665810309943,272.85128849548727,489.55326571892886
139,0.42213012679687517,45.24825822616575,-0.012860463829136644,202.9425966955319,480.26122613063364
140,0.40202869218750015,45.252150694524985,-0.02642456052554617,198.90965898503032,469.7417830732114
141,0.38288446875000015,45.2375763064934,0.10388726414159118,312.3050843855255,462.69836485088587
142,0.3646518750000001,45.23701200437479,0.004223504498546859,274.9918887605433,454.046482866096
143,0.3472875000000001,45.26867544347322,-0.24158581929478287,204.67705073326397,444.92581497760443
144,0.33075000000000004,45.30121191102866,-0.2606591976395244,180.16642872435995,436.40935248737117
145,0.315,45.32185727022802,-0.17366583795418628,179.43566655828394,427.99447367291475
146,0.3,45.33555403964737,-0.12097604896465024,174.11566771599536,420.0379569047758
147,0.2857142857142857,45.38481295108693,-0.4435250326037491,179.93703368927518,409.12260371558364
148,0.27210884353741494,45.44986524161856,-0.5971012681506787,186.6155909257736,398.833040607723
149,0.2591512795594428,45.51511980155659,-0.6105881060525227,185.09258654682674,388.8981111164793
150,0.24681074243756454,45.567175883692805,-0.4965477614290821,174.1169163991955,379.8607040048935
151,0.23505784994053763,45.59471622316086,-0.2678002097716148,278.1331660208397,370.6090717394312
152,0.22386461899098822,45.64147834831062,-0.5617023449399824,585.4877617066348,360.3577751557081
153,0.23505784994053763,45.687312826135795,-0.509070301086721,468.78086070080417,356.05959632867734
154,0.2468107424375645,45.72122856898125,-0.3483054606097272,247.21213277318915,354.3779165312402
155,0.23505784994053763,45.79662154808668,-0.7892996830235215,169.1681398103817,345.49117737094247
156,0.22386461899098822,45.92107417122663,-1.328211245958788,226.01094568846756,331.0721931227341
157,0.2132043990390364,46.0737796142557,-1.6613827232619998,236.9081321736378,313.920068791218
158,0.20305180860860608,46.23012256666847,-1.7339858772827257,212.44089938830732,296.9974162504248
159,0.1933826748653391,46.37585188937266,-1.6476549513975878,193.65600555857282,281.5872244402881
160,0.1841739760622277,46.471050785440966,-1.0972442357618521,176.38890925119398,270.90275027159936
161,0.17540378672593115,46.55319536998389,-0.9651668732755787,167.0793877587195,260.7958395122466
162,0.16705122545326775,46.649647595417285,-1.1552814417441353,171.55376816928035,250.28950661435104
163,0.15909640519358834,46.76852736046771,-1.4515618879426035,183.16420659958368,237.6305393165092
164,0.15152038589865555,46.878076683988425,-1.6523714868832944,243.6893956211544,221.9960990256391
165,0.15152038589865555,46.95256816281215,-1.3218606137803528,424.63281392032457,209.38355381912174
166,0.15909640519358834,46.981360416045064,-0.5724617778755955,482.2221647656017,204.48195176792635
167,0.16705122545326775,46.97768781253437,0.06751781245422943,341.49236321337884,203.87924141552625
168,0.17540378672593115,46.94776025521283,0.508732010705716,189.49453696649996,205.4309414266203
169,0.17540378672593115,46.92528411929644,0.38206692563600636,148.30583020994808,204.73647122852145
170,0.16705122545326775,46.94764188862161,-0.3874345433914693,173.52762957850953,199.67083807948242
171,0.16705122545326775,46.97854238882473,-0.5354702883215717,164.7326235643749,195.84610358235815
172,0.16705122545326775,46.9976977652284,-0.3319407407112049,140.94291819221857,192.7496821203625
173,0.15909640519358834,46.99885574723687,-0.02106982746766456,138.48239121758635,191.28324573786225
174,0.15152038589865555,46.986550713294044,0.2350884446177391,150.18940756922836,191.2946900753559
175,0.14430512942729098,46.98923778367411,-0.05390348040645729,150.7006379697664,189.71925906675315
176,0.13743345659741998,47.01573740056718,-0.558170217685905,147.48497965307433,186.57074458440945
177,0.13088900628325711,47.06325648623811,-1.0203454090955375,157.93349484860116,181.6330675483376
178,0.13088900628325711,47.07885682814951,-0.33497566345963337,141.230232161475,179.57802330670788
179,0.12465619646024487,47.06717204546969,0.30993466420972826,250.26756194219013,177.4662088267093
180,0.13088900628325711,47.014132862124846,1.5762972439034797,343.07086577979584,182.5746434430623
181,0.13743345659741998,46.92938158617331,2.328954528366106,313.80313039913614,188.20285088666944
182,0.14430512942729098,46.86139044317789,2.09343210986656,353.87471025795907,191.39459102664944
183,0.15152038589865555,46.81630046345742,1.555529867386416,376.9048646356299,194.23509573771582
184,0.15909640519358834,46.78494087921366,1.000327220619255,312.97460879432094,195.2339729187521
185,0.16705122545326775,46.76738631780805,0.5177680526110194,229.16030767119707,195.45753093804697
186,0.16705122545326775,46.7742563493228,-0.19672826933391754,167.0173381400597,192.55992578988725
187,0.16705122545326775,46.79295775915367,-0.535528255181418,145.06090200935645,190.35069817674983
188,0.15909640519358834,46.81296901600536,-0.6016884951893862,142.87684880488084,188.16795258590014
189,0.15152038589865555,46.83085075297679,-0.5645421106686259,147.3564584884297,186.30398752845778
190,0.14430512942729098,46.85481131187254,-0.7942786396589607,177.7904723171344,184.55471125791593
191,0.14430512942729098,46.86976430612415,-0.5831565794862719,215.689340460239,184.89767891061084
192,0.14430512942729098,46.876119558259475,-0.29158882315648815,329.26359348759473,184.68811455446144
193,0.15152038589865555,46.87421639939335,0.08373609728381202,408.90959132293665,187.4037239312255
194,0.15909640519358834,46.877297479540175,-0.12534705795649817,398.9577934056424,188.05733646683026
195,0.16705122545326775,46.8858227346698,-0.32069486820345117,346.28916339088283,188.30814564630302
196,0.17540378672593115,46.89246074799992,-0.23088526753539879,294.10546483869854,190.6776016664117
197,0.1841739760622277,46.88448671487088,0.2564540805846071,252.88623542406063,194.05204673096065
198,0.1933826748653391,46.84280545517277,1.2394981706548363,232.95857823652258,201.31896864415236
199,0.1933826748653391,46.77351260231525,2.0605990552692317,228.94108388980234,207.98677254356488
200,0.1933826748653391,46.69643648003679,2.657119183750702,233.63513922934777,215.3556304271346
201,0.1933826748653391,46.61483290582651,2.7312605652014263,224.33828221983586,219.55486588411878
202,0.1933826748653391,46.543659243026255,2.3821728443704404,202.4526359052722,222.6788221187607
203,0.1933826748653391,46.49377084931947,1.6697577736181572,183.20288360678853,224.28376883289286
204,0.1841739760622277,46.45959176625789,1.201167739960839,185.62361384261547,224.54073354504973
205,0.17540378672593115,46.44205417189583,0.6471464484162595,192.37745999993018,223.94810380901467
206,0.17540378672593115,46.4281489837503,0.5131087501042029,193.36275600005004,225.6503241670664
207,0.17540378672593115,46.41923898150227,0.3287837653877631,187.0803741376707,225.51218188642196
208,0.16705122545326775,46.42337629637083,-0.16030254756137743,189.86047312717102,221.6869950900718
209,0.16705122545326775,46.42958299410144,-0.24769638629342083,312.52330804757287,219.17574420284464
210,0.17540378672593115,46.4219913882343,0.28853827346358984,536.9820213816507,222.40739180162436
211,0.1841739760622277,46.40525539566115,0.6058037416931823,535.5310050188452,222.6644733582635
212,0.1933826748653391,46.38372106320247,0.7207511878192092,432.8108096915101,223.3235615631739
213,0.20305180860860608,46.36229586438171,0.663059176841067,310.77871569166115,223.78899944728835
214,0.2132043990390364,46.34513792584918,0.4909825003771899,215.61859213481088,223.61480434687425
215,0.2132043990390364,46.33835825834848,0.19400338186949379,172.06917915910776,220.46491344441523
216,0.20305180860860608,46.36101647981248,-0.6609655088364347,180.68619441000874,213.40086844304
217,0.20305180860860608,46.3974359232384,-1.0623956515650594,189.56337835898566,209.71066603861755
218,0.20305180860860608,46.42166205132813,-0.795400551735529,218.91466833659598,207.31536399803835
219,0.20305180860860608,46.437835666434815,-0.5310176818915479,351.5910539405081,206.6453613852773
220,0.2132043990390364,46.447263493271166,-0.29479775835885186,358.2437833341322,206.62612180153795
221,0.22386461899098822,46.449781551544035,-0.07280342857233109,299.7303925266612,207.38854845888673
222,0.23505784994053763,46.44559348134725,0.11196273132078463,228.56327907892816,208.30705672672957
223,0.23505784994053763,46.44546582463382,0.0033133397185353647,173.58217031428597,206.43146958337434
224,0.23505784994053763,46.446047287216466,-0.015091905613013582,148.08028733632426,205.94468974561886
225,0.22386461899098822,46.44523096895567,0.02224698275559165,139.40640450968823,205.2967074349423
226,0.2132043990390364,46.442129177840414,0.08875921513140572,134.2034662512721,204.63782058216785
227,0.20305180860860608,46.4369808735495,0.15468721222527063,130.5938366812765,204.0294079131131
228,0.1933826748653391,46.42952635642048,0.23517926066827582,146.53010792635354,202.57132547474436
229,0.1841739760622277,46.43536920101128,-0.21149729242407023,253.42725528976524,198.92882100118112
230,0.1933826748653391,46.439892814715094,-0.15594687948618677,276.51747008709566,199.26980034660576
231,0.20305180860860608,46.43383900388091,0.1987607949467066,271.6659618287929,201.71948252687864
232,0.2132043990390364,46.421592133456095,0.3717923743472464,249.18711370408553,201.95178195204875
233,0.22386461899098822,46.3948042639091,0.7977401600343355,308.8486084293715,206.12229268978285
234,0.23505784994053763,46.359704187259545,0.995501792670265,327.372289327588,207.51114495734723
235,0.2468107424375645,46.320592866185294,1.0256754090941214,287.4344612253163,209.39783651753643
236,0.2591512795594427,46.28254014923194,0.9227129264069254,226.56125913315194,211.15606341530494
237,0.2591512795594427,46.251652317715745,0.7271619221946594,176.8734539071496,212.33336238529358
238,0.24681074243756448,46.2312174848089,0.5051310897917942,147.97254985976946,213.0638394486168
239,0.2350578499405376,46.220151485291275,0.28721886019480425,133.7167753470197,213.2605413878166
240,0.2238646189909882,46.21637013975849,0.10305236682971769,127.98264055754613,213.084306998008
241,0.21320439903903637,46.21700693720514,-0.018222259160032554,125.82328391945448,212.6772256114562
242,0.20305180860860605,46.21964646183106,-0.07930780367906297,124.69480716653236,212.06611491547022
243,0.19338267486533908,46.2220675156904,-0.07638075636841363,134.1913548176237,210.60700083060868
244,0.18417397606222768,46.2210324612,0.037466548840433274,286.0271387310759,209.7245966926151
245,0.19338267486533908,46.2052764670637,0.5431715172094909,345.3036864548677,212.08970691710448
246,0.20305180860860605,46.17933465728294,0.8269227202230132,314.98152071262626,213.15098768270886
247,0.21320439903903637,46.1486712821809,0.9037703431292288,254.56881463081402,214.60988988266874
248,0.21320439903903637,46.12931081561955,0.5540088783240376,189.36200802697275,213.13943337197273
249,0.21320439903903637,46.12055893462097,0.25043920092931227,149.19968675638222,212.8294261702541
250,0.20305180860860605,46.12050365260982,0.0016610168529784363,136.31682713326705,211.9485414736913
251,0.19338267486533908,46.12596720850314,-0.1723673060742392,142.7489838592964,210.81900828244991
252,0.18417397606222768,46.133303372253614,-0.2430176514413102,148.34682510250053,209.80469122274283
253,0.17540378672593113,46.139330437708566,-0.2096351047842666,143.68112060136352,208.9856536694008
254,0.16705122545326773,46.142551398970376,-0.11763401020018023,134.43971477544875,208.29202490970113
255,0.1590964051935883,46.14310978344925,-0.021412631246369863,139.6433654056492,207.64994043567864
256,0.15152038589865552,46.14088749231094,0.08948020152860382,154.41215373507666,207.1464115098574
257,0.14430512942729096,46.13636657908468,0.19113554951656075,172.74028754653182,206.75094854484874
258,0.14430512942729096,46.11979056205342,0.7008022418259241,182.1433928976532,209.31088756276864
259,0.14430512942729096,46.09011211577781,1.3710968507444852,227.94515130808782,211.64268089364225
260,0.14430512942729096,46.05439080458293,1.650267565523717,409.6644876851243,213.46162412686763
261,0.15152038589865552,46.0143778120033,1.760510853256005,620.6411331887923,213.13295210163844
262,0.1590964051935883,45.97706523556159,1.5635206170042542,705.3445758209507,214.6793266636657
263,0.16705122545326773,45.948342824327334,1.112865672355101,613.6086012353355,216.19311657769705
264,0.17540378672593113,45.92954143175838,0.6735740450573107,457.61760976539864,217.53292733091521
265,0.18417397606222768,45.91936795033369,0.3370065945782045,306.80212402737163,218.24378986685866
266,0.19338267486533908,45.915003091530565,0.13369417280221585,199.6380698090841,218.4362598926319
267,0.19338267486533908,45.9138100963886,0.03654104424794204,151.78862112211857,218.12094616409865
268,0.18417397606222768,45.9134338566896,0.012100301632294148,155.0734344086186,217.62956911195985
269,0.17540378672593113,45.91757578164314,-0.13986952594148092,177.71042875201746,217.00614322002474
270,0.16705122545326773,45.932730053177146,-0.5373351374518562,197.48449828448202,213.46532251131086
271,0.16705122545326773,45.96237168621356,-1.0204108738233086,206.24604378826467,208.80339218953173
272,0.16705122545326773,45.99926915435675,-1.472501146203754,213.8770277625743,203.08743895545751
273,0.16705122545326773,46.03728933291582,-1.5173061818172553,210.30011558929698,199.53849440451583
274,0.16705122545326773,46.070388415002974,-1.282442199605797,195.08496671184892,196.62620421159343
275,0.16705122545326773,46.093493561055425,-0.8952216332674414,174.28242137767108,194.28668440544993
276,0.16705122545326773,46.10665653341122,-0.5100066272798318,177.62184067311233,191.3334489477017
277,0.16705122545326773,46.112458280027504,-0.2315356302852663,289.691572691305,188.40216019405125
278,0.17540378672593113,46.11400934866997,-0.0589523054746026,378.9385399650174,187.3420148288642
279,0.18417397606222768,46.11264132322032,0.048077007642507316,355.1056274499207,186.30697487536827
280,0.19338267486533908,46.10910844616103,0.11480088951030926,288.34655873914,185.24909808412127
281,0.20305180860860605,46.10249238729507,0.2172207152876034,339.604363207456,184.92382318393717
282,0.21320439903903637,46.09725988819166,0.16361448222087766,341.21319656814217,184.43917710307653
283,0.2238646189909882,46.095840196476566,0.041046875478763525,288.2617302359124,184.22920738418094
284,0.2350578499405376,46.098017935297825,-0.05821907825705616,225.24325604142203,184.00668466010845
285,0.24681074243756448,46.100969668623435,-0.07296425071491558,179.70982162708867,184.01683767665452
286,0.24681074243756448,46.11001212453672,-0.22352155413745478,154.5431641811806,181.64444728764747
287,0.24681074243756448,46.127283913386954,-0.42694342372846095,146.5150511577549,178.52084477043775
288,0.2350578499405376,46.15299030439259,-0.6477779962946776,146.5654483168654,174.64101655370533
289,0.2350578499405376,46.17833907275175,-0.6387662263686253,146.4825992311275,172.30167223200039
290,0.2350578499405376,46.19733439345102,-0.47866504399059995,143.98255628494647,170.53062520220993
291,0.2350578499405376,46.2072973538257,-0.25105766528066703,137.9410150074218,169.31587525141904
292,0.2238646189909882,46.21602388625462,-0.23089582954959365,133.70441192430127,166.23014539228626
293,0.21320439903903637,46.22056336462298,-0.1261158385336593,127.22773240727744,164.90607933947382
294,0.20305180860860605,46.21978637649696,0.022665607399391705,123.23945277336225,163.8851929116135
295,0.19338267486533908,46.21436035553731,0.16619721657185402,127.44922157913945,163.05711921879944
296,0.18417397606222768,46.20533290253505,0.2903332758031275,137.82684750313734,162.59326364684074
297,0.18417397606222768,46.18508027214212,0.6513478967029679,142.6214068394738,164.84206732195716
298,0.18417397606222768,46.15467182196547,1.1007146911419505,146.83894506165115,168.31347925141125
299,0.18417397606222768,46.11207687751736,1.541837247542336,158.33458805367948,172.6773538702906
300,0.18417397606222768,46.05924904767998,1.9122437370317868,176.75067772579672,177.79481405575447
301,0.18417397606222768,45.998634499469105,2.194104708560421,194.44893680628152,183.52691464849772
302,0.18417397606222768,45.93925113045972,2.0869309751742477,188.48319636759726,186.91647170773388
303,0.18417397606222768,45.89053094007817,1.7121910750398677,171.71893195160908,189.38028507770272
304,0.18417397606222768,45.84913354435636,1.498488787863273,168.27631156048383,193.29499159851105
305,0.18417397606222768,45.82116228600157,1.0124940541846223,155.4077189228876,194.45303847147423
306,0.17540378672593113,45.816640206779084,0.17187311277190542,147.60103941652682,191.94872636085057
307,0.16705122545326773,45.83650981011421,-0.7698587453058464,169.1258351972172,187.7017128326211
308,0.16705122545326773,45.86914681439939,-1.3024749023995512,193.06824569366876,184.53130003537325
309,0.16705122545326773,45.905823866730586,-1.4637048099734957,201.94824237114005,181.39033232414883
310,0.16705122545326773,45.93911154035148,-1.3284417611253523,220.872494248562,177.77792473981583
311,0.17540378672593113,45.95523429169182,-0.6127861373002624,340.2207677439357,178.89374926453297
312,0.18417397606222768,45.95344735883087,0.06468278523565911,348.24237325439475,178.68806528057488
313,0.19338267486533908,45.937056129341,0.5486122287427971,292.36309806750756,179.44608859746793
314,0.20305180860860605,45.910023189106646,0.8366054966088877,224.9027981334743,180.6970197847116
315,0.21320439903903637,45.876615672848885,0.9559718279984208,174.12425096160055,182.136359586082
316,0.21320439903903637,45.84704692460203,0.8461236715437377,143.29354210583455,181.08090257003374
317,0.20305180860860605,45.83305855192372,0.4202980730945309,139.1128180531211,178.6157875647472
318,0.19338267486533908,45.83922959040765,-0.18901685544730323,149.3626758752789,174.85835967181742
319,0.19338267486533908,45.86325145578788,-0.7357817437015057,157.96420202012092,172.00791802214215
320,0.19338267486533908,45.897427203302826,-1.0467917749446456,168.7364880477367,169.03385521841406
321,0.19338267486533908,45.929649122116814,-1.1108171517576488,175.7353866484924,166.2807550563043
322,0.19338267486533908,45.95830093718266,-0.9877415366818533,173.0784596530004,164.44109945799494
323,0.19338267486533908,45.980285763488304,-0.7358291557992309,159.98196206790996,163.18101796190672
324,0.19338267486533908,45.992719197734985,-0.41614535854187795,143.37061920709067,162.393799771551
325,0.19338267486533908,45.99539528136062,-0.08956815613317752,133.84879827270942,162.04417295740618
326,0.18417397606222768,45.99588248568946,-0.017121995973150443,137.0410078202937,159.17489718494167
327,0.18417397606222768,45.992124239169165,0.13603972362258634,208.66857669458952,157.81665279008897
328,0.19338267486533908,45.97398923265082,0.6251854957523253,302.0615441600315,159.5210624107301
329,0.20305180860860605,45.944328366841525,0.9738357257208343,368.714871310061,162.00687082313388
330,0.21320439903903637,45.91120904009523,1.0054416108482134,339.87238407560835,163.21272173866714
331,0.2238646189909882,45.880032032685776,0.8751515320770834,267.0296067610981,164.64195225476283
332,0.2350578499405376,45.85415074246562,0.6717508586154418,194.12048166614966,165.77141258444644
333,0.2350578499405376,45.84405313672713,0.25445060768008687,143.41413806340574,164.0290373790485
334,0.2350578499405376,45.84512069823079,-0.026901592355164164,124.26549637983793,163.424720173452
335,0.2238646189909882,45.86013491013812,-0.39726190690480334,122.39410455464149,160.29057350554535
336,0.21320439903903637,45.880902030950956,-0.5769523814668274,126.78086971284918,158.4898529342924
337,0.20305180860860605,45.900785949626325,-0.5800360123495035,131.88727290504698,157.03082251276206
338,0.20305180860860605,45.9084990328752,-0.2249992128641515,129.68319277864228,158.27433617859418
339,0.19338267486533908,45.91284511824372,-0.13311914874683675,129.12135964860906,156.13796449680171
340,0.18417397606222768,45.9206648277252,-0.2514908545099026,132.35851457888666,153.3360246711174
341,0.18417397606222768,45.92007546889416,0.018954458139711545,129.42374260807375,154.44809908898202
342,0.18417397606222768,45.90567017916544,0.46329069282167473,126.70975645100668,156.6658065511364
343,0.17540378672593113,45.88421553731318,0.7245062667206614,127.74658809492912,157.43000075365987
344,0.16705122545326773,45.85532503822306,1.0243897415193515,143.97853669178104,158.31443932810433
345,0.16705122545326773,45.82502559509397,1.0743476122852202,154.97496178691182,159.1123944081747
346,0.16705122545326773,45.79870905087474,0.9331233027967787,160.561109293339,159.5558228904852
347,0.16705122545326773,45.778681505167526,0.7101300779292097,157.05816316154332,159.81609835313571
348,0.16705122545326773,45.76591442365409,0.452690944892679,150.72715357164552,159.7179786208037
349,0.16705122545326773,45.75969796064717,0.22042128496784316,144.1589284665745,159.43749952763335
350,0.16705122545326773,45.75834140734019,0.04810021755464492,139.64812387053823,158.95993594106167
351,0.16705122545326773,45.7598685509399,-0.054148951615052156,139.3442728146173,158.41126377207007
352,0.16705122545326773,45.76237409777497,-0.08884084926110264,139.62550783577547,157.8116489258138
353,0.16705122545326773,45.76435232626147,-0.07014337002777822,140.56551620939894,157.3130175565437
354,0.16705122545326773,45.7649693407377,-0.02187789480023472,141.27438638725462,156.81939174568674
355,0.16705122545326773,45.765712373308645,-0.029652883176699084,255.53066176304583,153.9397838401319
356,0.17540378672593113,45.76323546501176,0.09414119436907369,394.7313547212628,153.31751805741112
357,0.18417397606222768,45.75850575719699,0.171204347682381,416.0435832387488,152.28169728378282
358,0.19338267486533908,45.75436788932483,0.1384938766787538,361.0888171264615,152.0273434936242
359,0.20305180860860605,45.750476563277374,0.12042732800002559,278.30694263077726,152.0066052317995
360,0.21320439903903637,45.746296795158365,0.1196060353157982,204.64349425586002,151.97660172757858
361,0.2238646189909882,45.74029350518246,0.15884139895244537,158.3264252202697,152.0350953093533
362,0.2238646189909882,45.73185248318587,0.216836400388091,135.7152221854413,152.1515469632795
363,0.2238646189909882,45.72104001298972,0.27775512462611385,128.6677515860882,152.325976245587
364,0.2238646189909882,45.70877676263933,0.31502335429406386,129.46858062491694,152.4754257983833
365,0.2238646189909882,45.696770593288804,0.308419353186423,133.46476789907183,152.51170439923766
366,0.2238646189909882,45.68728610919739,0.24364127836064664,132.44209910407798,152.5444981715193
367,0.2238646189909882,45.680688351610826,0.1694858757959847,128.2839578761046,152.35650376413966
368,0.2238646189909882,45.67619149299172,0.11551713008389915,126.40190211658205,151.8344159856009
369,0.21320439903903637,45.680554966175656,-0.11769520440972156,130.13615180502055,148.99774589507655
370,0.21320439903903637,45.688973628094566,-0.2270751059152931,130.49564876292928,147.52188619353598
371,0.21320439903903637,45.70173801296415,-0.34429153636600573,130.83905765024343,145.84438845389585
372,0.21320439903903637,45.71689859562873,-0.4089237633549016,135.2630994093515,144.20466716300405
373,0.21320439903903637,45.730767154756805,-0.3740742368845284,138.78587147102473,142.77390134112514
374,0.21320439903903637,45.74039177706727,-0.2596032661244071,136.4105816602792,141.77323657928034
375,0.21320439903903637,45.74394181012397,-0.09575442512315212,128.00788569871597,141.22405203576204
376,0.21320439903903637,45.74122898763012,0.07317249000529136,118.0025297207545,141.01113506565116
377,0.21320439903903637,45.73275929693801,0.22845149615286714,112.61149269934239,141.0522043380189
378,0.20305180860860605,45.72739476609386,0.15193138677193746,111.83963588582225,139.1089148802092
379,0.19338267486533908,45.730512066000344,-0.0927008338868411,117.36069992089763,136.4178987809046
380,0.19338267486533908,45.73806616927349,-0.22464045606585736,124.3910302752379,134.96432274149717
381,0.19338267486533908,45.74708944354983,-0.26832998906145916,128.05937283705234,133.614269761664
382,0.19338267486533908,45.75531150003435,-0.24450374209874998,132.1210978641918,132.24260053187837
383,0.19338267486533908,45.76583397716793,-0.36275145953998855,136.51277204978038,129.1935450572378
384,0.19338267486533908,45.7821308007195,-0.5618160490307844,139.69045168579646,125.85635907344987
385,0.19338267486533908,45.80522079446933,-0.7960035291305707,144.63900863262037,121.94159881734598
386,0.19338267486533908,45.834642187332186,-1.0142719311453028,154.8129395311553,117.66440303850565
387,0.20305180860860605,45.859531258418365,-0.7933655570039191,144.23233517110478,116.9900856603616
388,0.21320439903903637,45.87078193264973,-0.3316016477856855,132.3669396446473,117.51690238954254
389,0.21320439903903637,45.867672396323044,0.08898084800753801,128.92481464592316,117.63426118134434
390,0.21320439903903637,45.85280775382777,0.425358753075593,127.37656972157207,118.36082783049999
391,0.21320439903903637,45.830357211763584,0.642432845682423,125.61843209178446,119.33838726237497
392,0.21320439903903637,45.807776863795276,0.7060626037761346,134.38960355336002,119.26162565026597
393,0.21320439903903637,45.790397462811725,0.5434347215436908,201.16951481141783,119.67619045682115
394,0.2238646189909882,45.777926755049144,0.37137646906983224,223.79798022253502,119.44059337439121
395,0.2350578499405376,45.77166739560951,0.17235609591946954,205.32342975207422,119.42448447580472
396,0.24681074243756448,45.770484671707706,0.030112971055332338,171.73653751839132,119.22898037926844
397,0.2591512795594427,45.7665654215607,0.09226706215896567,141.8692309259493,120.88778242612443
398,0.2591512795594427,45.76049541028421,0.1387381766364642,123.01743961200467,121.09077342071116
399,0.2591512795594427,45.75232307163943,0.18678966327868216,114.3812853156801,121.3548578940693
400,0.2591512795594427,45.74252019523709,0.22405777121337447,111.720597253495,121.51162882149859
401,0.2591512795594427,45.73303610447737,0.2167715015880378,113.21210657667935,121.56352519993828
402,0.2591512795594427,45.723654252756134,0.21443469245608512,113.76287140770827,121.54448664787697
403,0.2591512795594427,45.714277123678826,0.2143267501509527,111.41342079511058,121.46334381330998
404,0.2591512795594427,45.69896968582689,0.3498718404000527,109.83355929758059,123.34879509523904
405,0.2591512795594427,45.67706076507751,0.5636069862775446,112.50278039011211,126.02134277804953
406,0.2591512795594427,45.65159256672913,0.6551694025122031,116.09594672185442,127.07500364648955
407,0.2591512795594427,45.626292749794246,0.6508377906502307,119.36863739825182,128.05442064071212
408,0.2591512795594427,45.60370615114722,0.5810402501940405,119.37295546769741,128.79376678677528
409,0.2591512795594427,45.58534264119935,0.47240129340924236,116.05160877896968,129.2290202662277
410,0.2591512795594427,45.57167749424887,0.35153590530112033,110.9753428735604,129.35870451691704
411,0.2591512795594427,45.56268466627434,0.23134049964455927,107.1914685643466,129.15981331556767
412,0.24681074243756448,45.55771093917958,0.1343465859886551,107.03603801812255,128.8062007803744
413,0.2350578499405376,45.55522953246988,0.07037719183666624,108.31354068179417,128.3917003155009
414,0.2350578499405376,45.54835310200504,0.19502803151313466,109.97279870543112,130.01031776894334
415,0.2350578499405376,45.53304784269496,0.43408489481617946,116.09984516737879,132.4216966457501
416,0.2350578499405376,45.51289586896344,0.5715465004784408,120.4502375820473,133.53030630601816
417,0.2350578499405376,45.49131803064809,0.6119866044554274,121.0959899032465,134.4712236205786
418,0.2350578499405376,45.47140155943972,0.5648672220729163,122.92801966109258,135.03647189312397
419,0.2350578499405376,45.45482047709111,0.47026954861848247,125.4887968981788,135.4333182321622
420,0.2350578499405376,45.4414695391684,0.3786567980631628,133.3158686882571,134.84960339604754
421,0.2350578499405376,45.43032744938139,0.31600986139754744,206.92477921664621,135.45132645475985
422,0.24681074243756448,45.415928085099154,0.388944828468323,234.6114747067778,137.04910458335695
423,0.2591512795594427,45.40127803105479,0.3658957672732758,212.5380725577997,137.733231587585
424,0.2721088435374149,45.38768469166641,0.31391913942444405,174.20980772425375,138.51087643764996
425,0.28571428571428564,45.37566513688073,0.25665722392907736,140.7151339623966,139.08692896271893
426,0.28571428571428564,45.365301036341336,0.2213078038575643,120.17349989457809,139.5012881817429
427,0.28571428571428564,45.35585836599674,0.20163222351706314,110.34150227751887,139.67823234880584
428,0.2721088435374149,45.35315326983911,0.06065088156692773,107.40572762492468,137.58991800404053
429,0.2591512795594427,45.36043035993366,-0.16632756760224288,111.40906628337657,134.60045954966316
430,0.24681074243756448,45.37996577377101,-0.45517790720280055,121.59153779619898,130.83409477492322
431,0.24681074243756448,45.40489360653694,-0.5639048848662883,127.49349606945744,128.21621313412268
432,0.24681074243756448,45.421225571258056,-0.3694534848733623,123.01333218610229,128.03724296909314
433,0.24681074243756448,45.42096052207204,0.005995809267950018,117.14810579826614,129.15175918129725
434,0.24681074243756448,45.40101798196743,0.451130103737327,120.31479538822101,131.66807401034256
435,0.24681074243756448,45.3676568808715,0.8878565128931917,129.5897885390093,135.58638474944095
436,0.24681074243756448,45.325758737009636,1.1150573177710423,133.65775314093472,137.93343782157663
437,0.24681074243756448,45.2824543437737,1.1524825712694984,132.12489041956442,140.05145578845944
438,0.24681074243756448,45.24342708466422,1.0386529533633766,126.94855500130525,141.58657667270322
439,0.24681074243756448,45.212756311627885,0.8162573986237801,122.80093435598634,142.47047022461805
440,0.24681074243756448,45.19262830469189,0.5356772247503662,120.98392177877182,142.5173491012156
441,0.24681074243756448,45.183108501854115,0.25335551505591963,122.83055648910889,142.06189839739935
442,0.24681074243756448,45.18262930197326,0.012753198222346551,125.49250770927229,141.196969017107
443,0.24681074243756448,45.194231415273975,-0.29977974518986567,128.55041317236487,138.08708462653462
444,0.24681074243756448,45.21841229033964,-0.6065966008536556,132.07198182684144,134.2265742952573
445,0.24681074243756448,45.25226533322572,-0.849230670414561,134.73072543660962,129.7354419447453
446,0.24681074243756448,45.28957131575127,-1.0076812204935566,137.52125100723097,124.91954744237687
447,0.24681074243756448,45.32555950713897,-0.9437728491462208,131.86802671459174,122.14568249894754
448,0.24681074243756448,45.353907286633444,-0.7217541322183473,121.37715184368129,120.01464965010851
449,0.24681074243756448,45.37035676567511,-0.40661664877358805,112.11533477789506,118.68507763485573
450,0.24681074243756448,45.37301357169132,-0.06567390711971816,109.05612724472942,118.10259549286464
451,0.24681074243756448,45.363030503496255,0.24677266214136775,109.53254364120278,118.29172306256943
452,0.24681074243756448,45.34371619855508,0.47743262438166373,112.21102569442962,118.81345820338191
453,0.24681074243756448,45.319207689085616,0.6058287901797946,115.10760427684285,119.57029482831166
454,0.24681074243756448,45.29347089502828,0.6361909044815894,115.39946297625644,120.25995400743088
455,0.24681074243756448,45.2697365089112,0.5866931420248208,113.78093505259638,120.87298915588839
456,0.24681074243756448,45.25052434381094,0.4749078173816154,112.07886188698187,121.18186996119836
457,0.24681074243756448,45.23679929124629,0.3392712233586054,110.88787903564238,121.2542999468746
458,0.24681074243756448,45.22864466896562,0.20157508790278833,109.34953093379968,121.02215283384075
459,0.24681074243756448,45.22537858682854,0.08073467675381842,108.11242927442187,120.54688560495599
460,0.24681074243756448,45.22557939919827,-0.0049639050942226525,108.40774354027742,119.97464256824254
461,0.24681074243756448,45.22745181055514,-0.04628436129326433,108.58802330836319,119.37361579737805
462,0.24681074243756448,45.22920385111859,-0.043308901189088624,108.60200346504126,118.83583115481478
463,0.24681074243756448,45.22924458925899,-0.0010070109873681016,108.14698434806837,118.45244515081441
464,0.24681074243756448,45.22661188734064,0.06507807502901924,106.72638272027247,118.1828343346664
465,0.24681074243756448,45.221124888893925,0.13563377384639147,106.38081204689905,117.99900343823427
466,0.24681074243756448,45.207559401275276,0.33532691828711514,108.73561977285443,119.8884236437491
467,0.24681074243756448,45.185598798985694,0.593183318594355,115.4164607084124,122.5199822092958
468,0.24681074243756448,45.158778666753264,0.7244452967632061,120.64724183291624,123.7690596167258
469,0.24681074243756448,45.13123561776277,0.7439721820445288,121.31531028474386,124.95737213814758
470,0.24681074243756448,45.10602838810948,0.6808787819724533,117.7544353626334,125.85667076922934
471,0.24681074243756448,45.08549081243516,0.5547455909330452,113.55471984937624,126.32233348281157
472,0.24681074243756448,45.07102487174009,0.3907431405997165,111.94810344122472,126.36110211621441
473,0.24681074243756448,45.06233793293455,0.23464507581112037,112.37554115072257,126.00264982903347
474,0.24681074243756448,45.05847706358449,0.104286907231583,114.03811569147112,125.49790269562898
475,0.24681074243756448,45.05822517473726,0.0068038326249590594,115.71569845878169,124.91091274136686
476,0.24681074243756448,45.05967398645615,-0.03913421554162442,114.32585627765998,124.37627654589076
477,0.24681074243756448,45.06110813037371,-0.03873801989369689,110.44690081848027,123.89976420072348
478,0.24681074243756448,45.06145062121299,-0.009251105682344798,106.97050328432323,123.48097141250949
479,0.24681074243756448,45.05984094565314,0.04347934896605831,104.46247865047957,123.19875338539939
480,0.24681074243756448,45.05595729615847,0.10490222741273124,103.12285301271284,122.9911967272578
481,0.24681074243756448,45.049851164983416,0.16493423570261237,103.64138263093028,122.89207898147012
482,0.24681074243756448,45.041975758956575,0.2127245610421329,105.24510329814258,122.83550538786899
483,0.24681074243756448,45.03281508882245,0.24744115116018936,107.22830650948315,122.8296100910794
484,0.24681074243756448,45.02286794196991,0.2686848704209589,108.69384712740838,122.88955935441086
485,0.24681074243756448,45.01273759921222,0.27363322081371616,108.4636875947339,122.93875787380712
486,0.24681074243756448,45.003324478983835,0.2542601437689319,108.28298964145704,122.8008086083139
487,0.24681074243756448,44.993850785259134,0.25589630962115567,134.97871293992938,122.09548409078279
488,0.24681074243756448,44.990273636276854,0.09662326544750101,193.02643110904623,120.87465342475086
489,0.2591512795594427,44.992259639694474,-0.05108993791788714,196.819044338055,120.04732566880807
490,0.2721088435374149,44.998147625438705,-0.14005402983856108,177.3000970036487,119.31844942693742
491,0.28571428571428564,45.00526263630298,-0.15648686979600446,148.54667562516357,118.55807969864915
492,0.29999999999999993,45.010493540704786,-0.1063781896486412,125.29628384523551,118.03020285965599
493,0.29999999999999993,45.010886488291696,-0.007758418699442496,111.5818388130259,117.73737716247425
494,0.29999999999999993,45.005271962946566,0.11085406776303092,106.30937815180455,117.70926491539625
495,0.29999999999999993,44.99421071194404,0.21839507221105117,105.96627768089769,117.891163388986
496,0.29999999999999993,44.979250279271845,0.2953811257879005,107.50735850168746,118.21813412295134
497,0.29999999999999993,44.96228333619843,0.3349979814099482,108.08429067616191,118.59211013645577
498,0.29999999999999993,44.945011241001005,0.3410229527396829,106.89442721620809,118.943255843941
499,0.29999999999999993,44.92870861121881,0.3218816757432218,105.20288423709286,119.21501585746708
500,0.29999999999999993,44.91444754208477,0.2815727825561383,104.62059949592009,119.3063276079058
501,0.29999999999999993,44.90249957996447,0.23590243539723837,104.14945350053895,119.27460289159197
502,0.29999999999999993,44.892717578426534,0.19313737042522605,104.05762214179435,119.087509482281
503,0.29999999999999993,44.88460641162537,0.16014814769616836,104.48913375163153,118.72458922762765
504,0.29999999999999993,44.87728859812221,0.14448405592500846,106.99518791069133,118.32037798822576
505,0.29999999999999993,44.870415399313224,0.13570551376727827,108.78529617825336,117.94641240198386
506,0.29999999999999993,44.86360388506273,0.13448760418325828,108.73297547080368,117.57508379997611
507,0.29999999999999993,44.856192651830455,0.14632854968799866,107.86944876665541,117.30895960177634
508,0.29999999999999993,44.84783506601079,0.165013483391548,106.5940523157079,117.12514039894884
509,0.29999999999999993,44.83842238406858,0.1858454664844664,105.48010870703357,117.04757161421709
510,0.29999999999999993,44.82297803495041,0.3049356478885482,104.67869673745592,118.96213602298154
511,0.29999999999999993,44.801913726098036,0.46809575227503186,106.29505973825346,121.48304500863564
512,0.29999999999999993,44.77272378831228,0.648665284127932,111.45126725868697,124.64682339116656
513,0.29999999999999993,44.735918855650894,0.817887392475357,117.49206572643185,128.36393331736798
514,0.29999999999999993,44.697666603796655,0.8500500412054385,118.50236524075426,130.45306106500408
515,0.29999999999999993,44.662577381201835,0.7797605021069087,115.55850964470461,132.11610088427784
516,0.29999999999999993,44.63496242077874,0.613665787179939,111.5630277092416,133.04799552312477
517,0.29999999999999993,44.616399049212816,0.41251936813142015,108.95209339116676,133.38296024934652
518,0.28571428571428564,44.61215702857675,0.09898048150824255,109.09919779741472,131.02178120362362
519,0.2721088435374149,44.6229319107805,-0.2562957417397492,114.94272571187848,127.77280695007866
520,0.2721088435374149,44.64242752059109,-0.4637305246207395,118.57294049923446,125.61156927465372
521,0.2721088435374149,44.66470660089413,-0.5299392887614763,117.80362519851346,123.54806382208953
522,0.2721088435374149,44.685124921842615,-0.4856785079981952,116.03823950742992,121.73802561810587
523,0.2721088435374149,44.69994391057644,-0.35249050871706594,113.80749876097498,120.48536837097625
524,0.2721088435374149,44.70703587914798,-0.16869245631302043,110.08255921470513,119.75715445510816
525,0.2721088435374149,44.7056520145306,0.03291716808286419,105.57665346706735,119.5256348388803
526,0.2721088435374149,44.69633578100629,0.22159972946178563,102.63621047706671,119.6571997313857
527,0.2721088435374149,44.680681794210855,0.3723521130952875,102.85379764363842,120.06538509896308
528,0.2721088435374149,44.66096611231338,0.468965249017677,105.72541401079062,120.62669046556243
529,0.2721088435374149,44.63984927900108,0.5022936079138313,109.21250773685172,121.18737169544053
530,0.2721088435374149,44.61964442898989,0.4806008012370367,110.1639022748997,121.68282505523509
531,0.2721088435374149,44.60198750913782,0.4199946955106435,108.50156846333351,122.01562500518513
532,0.2721088435374149,44.587826727589274,0.3368341242125945,104.78944718843425,122.12758894465274
533,0.2721088435374149,44.57256409523543,0.3630431967664901,103.76352720189679,124.0469929290964
534,0.2721088435374149,44.55306251695547,0.4638724930667943,106.5941165448816,126.48900033324962
535,0.2721088435374149,44.52829022137879,0.6069212416289944,112.17799076238107,129.4512674161394
536,0.2721088435374149,44.497411131313676,0.7565377065954075,118.73283344532871,132.85750058983803
537,0.2721088435374149,44.460647383483014,0.9007118218508581,126.17852461558243,136.73726966060946
538,0.2721088435374149,44.419101014845715,1.017886031613866,130.681278030139,140.87753283521934
539,0.2721088435374149,44.37903545797171,0.9816061434129938,126.7992458201155,143.008922596944
540,0.2721088435374149,44.34520229996581,0.8289123711446873,122.13259261617466,144.43164590033868
541,0.2721088435374149,44.31998374893025,0.617854500371107,118.16336306887086,145.23532281793786
542,0.2591512795594427,44.309724821161964,0.26391091683924367,113.37069301352098,143.35184154062947
543,0.24681074243756448,44.32064905488016,-0.28648272623336474,117.14046990917385,138.3592448683716
544,0.24681074243756448,44.350453749578065,-0.7588482040331234,130.13065104325284,133.7302081364919
545,0.24681074243756448,44.391541044994625,-1.1098192083206113,144.62335457517497,128.2311910281604
546,0.24681074243756448,44.440306510630776,-1.317216183664369,154.27247813858813,122.70475179409506
547,0.2591512795594427,44.48517093262724,-1.1205216076302023,139.83358349162782,121.05845498493628
548,0.2591512795594427,44.51810792956975,-0.7986655163977998,122.38382828844081,119.03550808726631
549,0.2591512795594427,44.53649818689265,-0.4329437907468195,109.81048365798698,118.02862826213796
550,0.2591512795594427,44.53762634482846,-0.029021862898673926,122.88648173607716,116.76715462675402
551,0.2591512795594427,44.52466944459875,0.3333162584091998,186.97088441220384,117.76664594478554
552,0.2721088435374149,44.501799294892315,0.5603186678076658,199.83765379736187,118.54128930280237
553,0.28571428571428564,44.472786589101275,0.6572457622566663,179.19157859624883,119.8456790384979
554,0.29999999999999993,44.4415246128473,0.6548313539651798,148.9073149801648,121.13841033395164
555,0.31499999999999995,44.411415261473756,0.5831602492703332,123.60417349206234,122.1810793100156
556,0.31499999999999995,44.39125848705459,0.3790271534221126,107.07838406356682,120.92604471759742
557,0.31499999999999995,44.38060993581713,0.2002349175354442,100.0106466785804,120.52596862562405
558,0.29999999999999993,44.38283755072703,-0.04270133754479416,100.99065678985669,117.85721363600818
559,0.29999999999999993,44.39404411166502,-0.2148195090629082,106.5376364709612,116.2093485446016
560,0.29999999999999993,44.41031359870846,-0.3118711653577564,109.57949607337906,114.63238295003211
561,0.29999999999999993,44.4265184742609,-0.3106326222530616,106.93834684543513,113.22090424267381
562,0.29999999999999993,44.43348870524703,-0.13361294395149267,100.95071242831438,114.03130015074964
563,0.29999999999999993,44.42523378482713,0.15823926374650657,98.5876470378262,116.01340628959903
564,0.29999999999999993,44.403178727484026,0.4901123854025231,101.48293598172621,119.03177393045945
565,0.29999999999999993,44.36708196384158,0.8021503031653686,109.58203271501725,122.72780491029707
566,0.29999999999999993,44.31972085645949,1.0524690529353569,118.34518996252797,126.93676253982431
567,0.29999999999999993,44.26925994084387,1.1213536803469073,119.73892289203513,129.47250516889434
568,0.29999999999999993,44.22262954513568,1.0362310157374006,116.31350104971473,131.4253755794406
569,0.29999999999999993,44.185066214865195,0.8347406726775998,110.29140222404452,132.65051357576172
570,0.28571428571428564,44.16500788694451,0.4680276514826553,102.76812131620778,131.2093405979654
571,0.2721088435374149,44.164361552924674,0.015373964549337446,100.28999199726482,128.56071994698135
572,0.2591512795594427,44.183072417136714,-0.45370627001105057,107.45738341082901,124.73517136309137
573,0.2591512795594427,44.214361396292965,-0.7366057476337265,117.61173319651922,121.80238046551582
574,0.2591512795594427,44.249112814023384,-0.8181185429799175,122.48696360449657,119.10305849341931
575,0.2591512795594427,44.27591129851669,-0.6125149865245654,114.90024888354259,118.92968059081151
576,0.2591512795594427,44.29034503739001,-0.32990228882901007,107.62512297758994,118.11632841344272
577,0.2591512795594427,44.29112522993802,-0.017832337800138712,100.90288473997644,118.11694431258044
578,0.2591512795594427,44.27944822101187,0.2668935613439708,95.79928185898483,118.65613392533831
579,0.24681074243756448,44.26352809662412,0.38206938590590706,92.5732083991725,117.56243849722964
580,0.2350578499405376,44.250441479492615,0.32977101382509577,92.86544079018914,115.89779233537128
581,0.2238646189909882,44.244948347687526,0.1411098002063127,97.10183736859716,113.52499950325073
582,0.2238646189909882,44.24529861839121,-0.008997896058066902,103.08384060998688,112.22100396792689
583,0.2238646189909882,44.249019264954114,-0.09557747961596771,104.00916122673124,111.03062286357431
584,0.2238646189909882,44.2538442879542,-0.12394714994795976,101.5104847112263,109.99277965498021
585,0.2238646189909882,44.257733046848536,-0.09989601744540037,99.10780046233793,109.229440132279
586,0.2238646189909882,44.259244666913766,-0.03883111000401464,97.55282913700142,108.7680952569147
587,0.2238646189909882,44.25751843203627,0.04434422244269717,94.35728700707955,108.56512349425095
588,0.2238646189909882,44.252950802062884,0.11733513336804469,93.92867206269003,108.30326007980365
589,0.2238646189909882,44.245968779237494,0.17935703727551267,97.79551229493227,108.2341823029486
590,0.2238646189909882,44.23708488059882,0.22821319539267806,99.38281348438632,108.27401374546565
591,0.2238646189909882,44.227242747614106,0.252828708349249,99.85836181627259,108.22005338847471
592,0.2238646189909882,44.21734198421324,0.25433483028552195,100.92624650776766,108.23408188507068
593,0.2238646189909882,44.212543515478096,0.12326501320860564,99.6829482087102,106.48248040012372
594,0.2238646189909882,44.216023430980606,-0.08678978872994086,99.56738315431069,104.07270589032335
595,0.2238646189909882,44.22886557685912,-0.32028568706000526,103.47442687952785,101.02227775197957
596,0.2238646189909882,44.24218443189971,-0.3907940104932291,152.99852315780524,98.3711148699786
597,0.2350578499405376,44.25551875753289,-0.3781856434222157,188.18941464481264,97.18976736471448
598,0.24681074243756448,44.26854517544145,-0.34161148614836045,181.82583467487257,96.05567570001708
599,0.2591512795594427,44.27850551967625,-0.2415212135356821,154.56647282614338,95.44176708644093
600,0.2721088435374149,44.283126936670335,-0.10361665480502193,124.71498774548957,95.26742395683597
601,0.28571428571428564,44.27687853789738,0.12953783219929085,105.99813788149474,97.00776270101458
602,0.28571428571428564,44.26084051930138,0.3228058335839411,98.19675625086337,97.97990525573543
603,0.28571428571428564,44.23819153328632,0.4558683335266558,96.7675507432131,99.14097833387616
604,0.28571428571428564,44.21258322210342,0.515432264191101,96.79628132217353,100.2124263455619
605,0.28571428571428564,44.1875339635997,0.5041799099774867,96.10811733205435,101.0963461900914
606,0.28571428571428564,44.16576840166368,0.4380871815383868,93.84827322904985,101.6959821870716
607,0.28571428571428564,44.149194325712386,0.3335953485347861,91.64719912555631,101.950672474191
608,0.28571428571428564,44.138293900738525,0.21939872117260775,91.25602271875981,101.71966629159095
609,0.28571428571428564,44.12802033351019,0.2067816178892774,90.68925783798353,103.01441627496554
610,0.28571428571428564,44.114398187028605,0.2741802750679683,90.51829258260558,104.78213841768802
611,0.28571428571428564,44.09750224692035,0.3942386025257962,93.43008779350004,107.14141354243795
612,0.28571428571428564,44.07817008520462,0.4510837733671617,95.31609603955016,108.095112840392
613,0.28571428571428564,44.05881784911183,0.45155217549817367,94.86004422663324,108.91418052914256
614,0.28571428571428564,44.04142175067713,0.4059089634765676,94.19550604237328,109.4957937241857
615,0.28571428571428564,44.02706395682256,0.33501518993980783,93.495179168217,109.85931344917996
616,0.28571428571428564,44.01631180036605,0.25088365065188667,92.95987902889188,109.92721825773836
617,0.28571428571428564,44.00902066170319,0.17012656880030796,92.65870129752933,109.95097561825307
618,0.28571428571428564,44.00453574412538,0.10464807681541163,91.77122954887365,109.84738585383322
619,0.28571428571428564,44.00220748147108,0.05432612860018117,91.46139599370032,109.50884963782737
620,0.28571428571428564,44.00116876392832,0.024236742664761744,93.30094884021676,109.16281653042147
621,0.28571428571428564,44.00034749849903,0.019162860016532484,94.26781075797301,108.88514224548194
622,0.28571428571428564,43.998790165975265,0.036337758887648314,93.13285052511337,108.6638847709179
623,0.28571428571428564,43.99584900488525,0.06862709210051353,90.9438677047681,108.47971717917439
624,0.28571428571428564,43.99156398682125,0.09998375482680583,90.7271715203587,108.17765656900217
625,0.28571428571428564,43.98604758139962,0.12871612650488753,93.72676461786864,107.97926693478472
626,0.28571428571428564,43.97924995819247,0.15861120816676996,95.3850952078751,107.92272706858212
627,0.28571428571428564,43.97140032404374,0.183158130136633,94.56669949738892,107.89657396507609
628,0.28571428571428564,43.962779654058735,0.20114896631706894,92.72190559862982,107.9138369630256
629,0.28571428571428564,43.95389885111403,0.20721873537639604,90.82951559002935,107.91796715770508
630,0.28571428571428564,43.94507988347814,0.2057759115041029,89.59709363981767,107.93737680092819
631,0.2721088435374149,43.94074893500403,0.10610823761562076,88.69515709590678,106.13351754484572
632,0.2721088435374149,43.939559384356144,0.0291439908732658,89.85477700218559,105.4070339232102
633,0.2721088435374149,43.940036988713466,-0.011701306754537781,91.28032160405382,104.73276125311197
634,0.2721088435374149,43.94075307568609,-0.017544130829069263,91.4439110775124,104.1454724646928
635,0.2721088435374149,43.94052727010052,0.00553223684647939,90.0942070408455,103.6962429770614
636,0.2721088435374149,43.938746126310846,0.04363802284683881,89.62592902771526,103.3358353759502
637,0.2721088435374149,43.93492950211172,0.09350729287845828,89.92317269893388,103.12987700355433
638,0.2721088435374149,43.928943065914794,0.1466676868251226,89.57540774045746,103.05443037311443
639,0.2721088435374149,43.920985461217455,0.19496131508449402,88.79162905308675,103.08034115557524
640,0.2721088435374149,43.91149088425357,0.23261713561528077,87.79282484111793,103.17238222664824
641,0.2721088435374149,43.90112036164136,0.25407780399901897,87.31406431264003,103.26157375325654
642,0.2721088435374149,43.8906577095285,0.25633497676525385,88.36857502354468,103.29476840758524
643,0.2721088435374149,43.88059407306719,0.246559093301597,90.00255753374834,103.33414860933397
644,0.2721088435374149,43.87141754824245,0.22482485820664477,91.0506005546767,103.2779572145447
645,0.2721088435374149,43.86329650968571,0.198965444640036,90.96479783593355,103.21075178740583
646,0.2721088435374149,43.85625025310636,0.17263328619404728,90.47363025070335,103.04672481446516
647,0.2721088435374149,43.85027795694141,0.14632125604101592,91.57969225025751,102.81919730367181
648,0.2721088435374149,43.84523818461906,0.12347442189780536,93.02243900973997,102.58900855852337
649,0.2721088435374149,43.841126699424265,0.1007313872725168,95.0385199128367,102.19351001591355
650,0.2721088435374149,43.83761267788557,0.08609352769784029,97.18174796465776,101.87891656235342
651,0.2721088435374149,43.834236715344076,0.08271108226695072,98.00717881716264,101.63900607601931
652,0.2721088435374149,43.830670109719854,0.08738183779345061,96.93388427366673,101.40705588057334
653,0.2721088435374149,43.82665362614378,0.09840384761365463,95.81363830182528,101.23665221948977
654,0.2721088435374149,43.82176822533076,0.11969231991893238,93.72963881788088,101.16109090902955
655,0.2721088435374149,43.815842500307596,0.145180263067417,91.26228443365389,101.10868997429314
656,0.2721088435374149,43.809043802760584,0.16656808990191244,89.67765354811623,101.0245890783148
657,0.2721088435374149,43.80161986558733,0.18188646074469272,89.55129548818869,100.97241772615045
658,0.2721088435374149,43.79407830162893,0.18476831698083884,90.02620232241621,100.83456948272702
659,0.2721088435374149,43.78670505226558,0.18064460940186788,90.49187224040382,100.7249418977755
660,0.2721088435374149,43.779895424167194,0.16683588841068878,90.61309889482429,100.479829167085
661,0.2721088435374149,43.77760710089697,0.056063920120559996,93.7044730379565,98.52944632206048
662,0.2721088435374149,43.78187247168782,-0.10450158437571934,97.0715099232696,96.17694183039686
663,0.2721088435374149,43.789894805763225,-0.19654718484781383,97.24535332064204,94.93900968818151
664,0.2721088435374149,43.79919737742066,-0.2212747627254291,95.09591519256779,93.81055667585582
665,0.2721088435374149,43.8071905603499,-0.18459136748622879,92.3144303775599,92.94829320077966
666,0.2721088435374149,43.81146458631962,-0.09870264516750614,89.78233023307631,92.4306560804538
667,0.2721088435374149,43.810979233194736,0.011208550814813704,87.86675514386155,92.18542613674803
668,0.2721088435374149,43.80572562664131,0.12132468711378935,86.88747748976013,92.17219519885148
669,0.2721088435374149,43.79644360841705,0.21435521396400464,86.04394810611736,92.32390957093877
670,0.2721088435374149,43.78439895718451,0.2781543549792654,84.88768187292229,92.54397530893529
671,0.2721088435374149,43.770989021292266,0.30968369248712563,84.49822700273822,92.7790297650617
672,0.2721088435374149,43.757566040730936,0.30998494085464384,84.59873798394003,92.98275783531273
673,0.2721088435374149,43.74555579225916,0.27735987139100826,84.98579076576726,93.00508507884008
674,0.2721088435374149,43.735787963143515,0.2255743362552245,87.47624065651168,92.927116877881
675,0.2721088435374149,43.7284505846054,0.16944648334813286,89.25176236624706,92.79945475063681
676,0.2721088435374149,43.71954155237562,0.20574162468606932,89.27760179085449,94.23793484772412
677,0.2721088435374149,43.70690544569648,0.30958461363901657,91.13009371756918,96.22937535271974
678,0.2721088435374149,43.691932151953104,0.3668456967125812,91.74082326403969,97.0257648167263
679,0.2721088435374149,43.67647338724906,0.3787397352491769,90.64731584284779,97.70365024172055
680,0.2721088435374149,43.66189436871735,0.35718595402684034,89.71001923322744,98.08579797994281
681,0.2721088435374149,43.64931869123822,0.3081040982386163,89.94535163119313,98.23356172681915
682,0.2721088435374149,43.639339362584074,0.2444935520265491,90.60884777296404,98.23373222496558
683,0.2721088435374149,43.635645239715274,0.09050601028545416,91.27535241561066,96.36650924262156
684,0.2721088435374149,43.64013872282372,-0.11009033615677176,94.93951717080424,93.90876274892841
685,0.2721088435374149,43.65295710248976,-0.31405030181773513,99.93908823250797,90.94347117465183
686,0.2721088435374149,43.673073249175275,-0.4928455937954467,104.63788110403993,87.50308828715471
687,0.2721088435374149,43.69835568141048,-0.6194195897627108,108.8701370869304,83.86774274161411
688,0.28571428571428564,43.72147339273971,-0.5237021983965502,102.21850019740504,83.1977761767833
689,0.29999999999999993,43.73466911963145,-0.27640529302670946,93.36499418285125,83.56728809928356
690,0.29999999999999993,43.735199914941866,-0.010794508914567904,90.70157327752003,83.59213076834743
691,0.29999999999999993,43.724818755032715,0.2306924424256861,92.72321077657946,84.18282663616328
692,0.29999999999999993,43.70610894319254,0.41577359644827916,96.02512150365321,85.06056150553351
693,0.29999999999999993,43.68232497759905,0.5285325687439967,97.7699857664168,86.0161528023477
694,0.29999999999999993,43.65394623462214,0.6306387328205114,99.27724763814305,88.35230765459201
695,0.29999999999999993,43.62187154760309,0.712770822645658,101.39664170696963,91.04585652302443
696,0.29999999999999993,43.590658500791264,0.6936232624850088,100.4324134204704,92.39072909690161
697,0.29999999999999993,43.56287713293463,0.5993822622787901,97.4746840484195,93.35880518975081
698,0.29999999999999993,43.5382994271596,0.5302633392670009,96.07072785526638,95.54989077138794
699,0.29999999999999993,43.51561043677879,0.4895143555731468,96.49281112405455,97.82677963650961
700,0.29999999999999993,43.49389922002985,0.4824714833099373,97.96112181680643,100.33341416713222
701,0.29999999999999993,43.4711415089298,0.5057269133346028,99.24497553793188,103.0343067768224
702,0.29999999999999993,43.446531324159345,0.5468929948990562,100.2958596723712,105.88748571113561
703,0.29999999999999993,43.41966262195217,0.5970822712703173,102.37848338495073,108.90748931118941
704,0.29999999999999993,43.39050679669246,0.6479072279936692,104.89064623050342,112.05990532136889
705,0.29999999999999993,43.36304300757375,0.610306424860329,103.5868334427392,113.53557044747653
706,0.29999999999999993,43.33978258469398,0.5168982862172622,100.84298973018116,114.54210107747843
707,0.29999999999999993,43.322180900760976,0.3911485318441308,97.4529420324324,115.07358154827642
708,0.29999999999999993,43.31410851826078,0.17938627778206076,94.19630010557606,113.4627778704015
709,0.28571428571428564,43.32126337775214,-0.1620841955969725,97.703188818545,109.30079896777579
710,0.28571428571428564,43.34185507081157,-0.4664784835469953,107.31617431970433,105.45043576706543
711,0.28571428571428564,43.371813389558426,-0.6990274374264593,116.956888096341,101.03107849319437
712,0.28571428571428564,43.40789093021162,-0.8418092819080742,123.68813292112704,96.456962880626
713,0.29999999999999993,43.444938582334906,-0.7993020954320643,120.00093119510146,93.47115839008973
714,0.31499999999999995,43.475915253537366,-0.6179573238948723,110.47515723464643,91.22067838875621
715,0.33074999999999993,43.49151307812383,-0.2877141662755619,98.33725910864389,91.52797795236381
716,0.33074999999999993,43.48879832415503,0.048617258544765174,93.13551246261328,91.64540583543533
717,0.33074999999999993,43.47010227652527,0.3348187687832502,94.2634535463984,92.49908954137955
718,0.33074999999999993,43.44354176505146,0.5353592637703857,96.90381108661276,93.83590735385432
719,0.33074999999999993,43.41168802818967,0.6420506296151018,97.68500699812606,95.16090526224545
720,0.33074999999999993,43.37934410827143,0.6519308625497007,96.6179006959528,96.28725045987109
721,0.33074999999999993,43.35050138706673,0.5813599638137554,94.5247335208549,97.07286673604274
722,0.33074999999999993,43.32780693508192,0.4574341543924427,91.94837127100195,97.49538170222057
723,0.33074999999999993,43.31234416811187,0.3116707880081376,89.23169910771102,97.53539681137954
724,0.33074999999999993,43.300574395013925,0.23723402565771695,88.00975305488377,98.84584746297162
725,0.33074999999999993,43.289353902686514,0.22616260675067923,88.9812775256853,100.40324989224395
726,0.33074999999999993,43.275959538624775,0.26997962331549485,90.58753586187264,102.45916267114264
727,0.33074999999999993,43.2618099752745,0.2852015792445321,90.25518661104671,103.26472586141475
728,0.33074999999999993,43.24788750929557,0.280624156793767,89.19939062972041,103.99399832139824
729,0.33074999999999993,43.23151239706552,0.33006021123808715,89.24218325906949,106.1828218353755
730,0.33074999999999993,43.21093471558769,0.41476808219351924,90.50988846229215,108.70913882202427
731,0.31499999999999995,43.19327658827658,0.3737169801293885,88.64262472367889,108.08982811252584
732,0.29999999999999993,43.182563809227204,0.2380617566530323,88.27951625852273,106.68454821505605
733,0.28571428571428564,43.18073096709925,0.04152069545500116,90.69302755941987,104.54136300548863
734,0.28571428571428564,43.18501129491615,-0.09696535507531318,93.89255095220823,103.29012367948869
735,0.28571428571428564,43.19234992807654,-0.16624735314796135,95.7296589441875,101.97654707986455
736,0.28571428571428564,43.19994740472782,-0.17211112155003525,96.42490607619698,100.84666153790552
737,0.28571428571428564,43.20547656669994,-0.12525609645583108,96.16820665729993,99.98307974560572
738,0.28571428571428564,43.207285152990266,-0.04097121046060366,95.27407398882562,99.43554195640552
739,0.28571428571428564,43.204552379613034,0.06190748751010271,94.19333970892858,99.19416697447697
740,0.28571428571428564,43.197249797752846,0.16543065702689544,93.16401447485175,99.19805525646143
741,0.28571428571428564,43.186029648708214,0.2541781336973212,93.16885244627039,99.31291676062985
742,0.28571428571428564,43.1722593373707,0.31194880052618534,94.14761323218946,99.4923098484248
743,0.28571428571428564,43.160878220326985,0.25782465794806025,95.50118157403969,98.05992237794392
744,0.28571428571428564,43.15532260073037,0.1258554601174004,97.40213114482381,96.13292991433921
745,0.28571428571428564,43.15740889042618,-0.047262226118524084,99.21590858784305,93.66245924569728
746,0.28571428571428564,43.16722273180466,-0.22898963216439025,101.55828587679605,90.69255210396062
747,0.28571428571428564,43.18439864070003,-0.400771207558612,106.20352436139454,87.25188612369604
748,0.29999999999999993,43.205121793720146,-0.4605145115583988,107.78511509340956,84.97241887331333
749,0.31499999999999995,43.22546782610722,-0.43060386004372886,106.27954146962233,82.93308155225937
750,0.33074999999999993,43.24245255652359,-0.3323765085505924,103.2565393978555,81.50171817226004
751,0.34728749999999997,43.24987473380732,-0.1343001393080413,97.50456107814716,82.04065031251749
752,0.34728749999999997,43.24647902865942,0.059653768970845504,94.63719526505939,82.13846073095227
753,0.34728749999999997,43.23342062224718,0.22940247321692347,92.80060645214031,82.80453204604777
754,0.34728749999999997,43.2128227597269,0.3513118873944384,90.73380559807646,83.69644082431961
755,0.34728749999999997,43.18778490477954,0.4146012284678093,88.52124117635825,84.6577915037463
756,0.34728749999999997,43.161848477687506,0.41697151714736247,85.97549836881831,85.41168444371597
757,0.34728749999999997,43.138925324562486,0.36852808994959935,83.55970025797436,85.9358946634272
758,0.34728749999999997,43.12105482238325,0.28729826122244473,82.11782214115013,86.14499774516216
759,0.34728749999999997,43.10899063433338,0.19395203419707427,81.65356673231942,86.06385374532057
760,0.34728749999999997,43.10229478480235,0.10764699885765731,81.55889357680718,85.76103312272765
761,0.34728749999999997,43.09969393724586,0.041812981705166605,81.31688265925045,85.32128919153783
762,0.34728749999999997,43.09943222266286,0.0042075003754619665,80.93061137381919,84.83209313113645
763,0.34728749999999997,43.099572865288536,-0.002261065828160823,80.2816887574519,84.39124445087015
764,0.34728749999999997,43.098457741552835,0.017927482233226124,79.7165864821265,84.03741195238166
765,0.34728749999999997,43.09534794692316,0.04999515855264922,79.95211844484461,83.69283654322695
766,0.34728749999999997,43.08668349323801,0.1392956086635746,80.64086339786543,84.89589045801482
767,0.34728749999999997,43.07300735672331,0.25866683092755516,83.22987622131038,86.71022589234943
768,0.34728749999999997,43.052587679271646,0.39198411405827016,87.09792186462971,89.10143662281756
769,0.34728749999999997,43.02875375278571,0.4575253737597107,88.51583945114196,90.33508215309591
770,0.34728749999999997,43.0056076117471,0.44432237533467017,90.14019150005045,91.03718992394683
771,0.34728749999999997,42.98573909350783,0.3814038462711225,91.05265569651027,91.59137469341117
772,0.34728749999999997,42.97095528512188,0.2837957674059283,90.07830953879916,91.71789968167097
773,0.34728749999999997,42.96187398001575,0.17432828432005162,88.44664772214526,91.50364400224296
774,0.34728749999999997,42.95837883680114,0.06709413602307752,88.08989437617262,90.95047413277332
775,0.34728749999999997,42.959086787274686,-0.013590094154506183,87.23728653429521,90.4216568831551
776,0.34728749999999997,42.96222122066413,-0.060169809153034284,84.56298239115995,89.84943113755999
777,0.34728749999999997,42.96601406273969,-0.07280887978142944,81.28370407832975,89.31353320271137
778,0.34728749999999997,42.96890666105033,-0.055527448403983506,78.325443601922,88.83500091541107
779,0.34728749999999997,42.96966237598127,-0.014506999358027755,76.62489295419672,88.50643788619529
780,0.34728749999999997,42.96741531237448,0.04313551177425667,75.48442243555654,88.32265728880498
781,0.34728749999999997,42.961910966160204,0.10566358256042725,74.72584904992134,88.25648328049638
782,0.34728749999999997,42.95384481180574,0.15484105348762464,75.21975937473756,88.12046795807593
783,0.34728749999999997,42.944450520084146,0.1803364977928772,78.23517556021878,87.91578380848777
784,0.34728749999999997,42.934914812786516,0.18305116649513647,81.67978339687679,87.7510388312791
785,0.34728749999999997,42.92662166164404,0.15919857260409098,84.5739990230794,87.36323053017546
786,0.34728749999999997,42.9230656775401,0.06826206152791986,87.12234187390244,85.54907141849584
787,0.34728749999999997,42.926736137099724,-0.07045957714392173,90.69171642801783,82.97782541031239
788,0.34728749999999997,42.938276303450124,-0.22152954637330025,96.48198105591453,80.08655119359834
789,0.36465187499999996,42.95466537854665,-0.2996296142546728,97.99646514147601,78.12869518506012
790,0.38288446875,42.97307493035063,-0.3112052977644549,95.88906627546618,76.41674558155759
791,0.4020286921875,42.98981755126223,-0.2616981704061202,91.11990471065846,75.16008111412685
792,0.422130126796875,43.001547780934615,-0.16953416597605855,85.46843042751459,74.33559545680167
793,0.422130126796875,43.008153940260016,-0.09269632947278081,80.970073695387,72.6495044555266
794,0.422130126796875,43.010930275266475,-0.03782231769987583,78.15942744089031,70.91825944040471
795,0.422130126796875,43.0088928676829,0.026947405825347718,76.42161244324791,70.16857128245535
796,0.422130126796875,43.00210320948733,0.08980219583324921,75.90839542292666,69.68784265119098
797,0.422130126796875,42.99125147569179,0.143528509884745,75.45031036057446,69.50807004212074
798,0.422130126796875,42.9774430959125,0.18263405746795075,74.77113857396347,69.51844279646838
799,0.422130126796875,42.96217974635552,0.2018779541627979,74.67701682006769,69.59182042944833
800,0.422130126796875,42.946797982674575,0.2034441373258586,75.28184533616239,69.79887829780601
801,0.422130126796875,42.932391116184476,0.19054983456016722,76.03417917334161,70.02593317848522
802,0.422130126796875,42.919767344392596,0.16696605248065824,76.42349941589389,70.20971557539016
803,0.422130126796875,42.90940398577682,0.13706910320017673,76.28124766146144,70.27145991773816
804,0.422130126796875,42.90149823539389,0.10456398888529567,76.41894533054564,70.1363713692861
805,0.422130126796875,42.89265508802842,0.11696230187457793,77.08807869761223,71.21584267433381
806,0.422130126796875,42.88005282207558,0.16668160935968665,77.94303077073103,72.7550453545614
807,0.422130126796875,42.86192580558287,0.239753731050845,78.8697705571095,74.67244471650858
808,0.422130126796875,42.837817084712576,0.3188696706844879,80.2928688714874,77.03727375265672
809,0.422130126796875,42.81276732830823,0.38978365684965266,81.91468311108495,79.69253253409454
810,0.422130126796875,42.784337697271226,0.4489868444552886,83.68759146778007,82.336197441117
811,0.422130126796875,42.75381534277299,0.48203705541149156,85.50979726911075,84.9174482065592
812,0.422130126796875,42.72245517911085,0.49526850721132826,87.15458311831134,87.67725217779798
813,0.422130126796875,42.69131068635507,0.4918624341756442,87.44252472076164,90.44413643737691
814,0.422130126796875,42.661247980931186,0.4747778550656033,86.59951786376917,93.16247121924576
815,0.422130126796875,42.632887261191286,0.4478985339600932,85.38002051006174,95.74793651883009
816,0.422130126796875,42.60633628380523,0.41931742055522675,84.86035285897665,98.33574444038429
817,0.422130126796875,42.581339680576974,0.3947693162440678,84.54477546801246,100.89567690810934
818,0.422130126796875,42.55752118909064,0.3761634935820938,84.02937077174712,103.41198828113272
819,0.4020286921875,42.540473859887804,0.28268843383776165,81.02817455811031,102.9511226339569
820,0.38288446875,42.53240149685912,0.14055350351531645,79.50246462541017,101.52424671614003
821,0.36465187499999996,42.53395291555809,-0.027537346344643027,82.03244034805884,99.39951254468991
822,0.34728749999999997,42.54489823446754,-0.19804941301182757,87.7128773098131,96.68451740521158
823,0.34728749999999997,42.563726376551976,-0.33076182681854865,93.34483885597872,93.38535676258255
824,0.34728749999999997,42.58534658572643,-0.41502999051130696,97.9498866624129,89.81188792817389
825,0.34728749999999997,42.60882483474997,-0.4506976500938757,100.14365132327174,86.42112067129075
826,0.34728749999999997,42.63179483014153,-0.4409410146074835,99.65999389737077,83.15170008918281
827,0.34728749999999997,42.65300230429026,-0.3952494830537732,97.32510886041347,80.09100540463238
828,0.36465187499999996,42.66915908837769,-0.2784266242164933,91.67500678077008,78.45135636242749
829,0.36465187499999996,42.67914043745568,-0.16699668887964075,87.80041062132175,76.13137071427774
830,0.36465187499999996,42.68374844564601,-0.07709600216400171,86.18995918047965,73.97514718467563
831,0.36465187499999996,42.684583694500105,-0.013974442926920036,85.1399755313823,72.05447556379555
832,0.36465187499999996,42.68356961777068,0.01696638948897607,83.85377799246658,70.1785887175614
833,0.36465187499999996,42.682584071936155,0.01648904269548897,82.56522644423849,68.26359613011054
834,0.38288446875,42.680632398829154,0.03019250659767112,80.54078837545255,67.41937301471982
835,0.38288446875,42.67967081421636,0.014875774873366825,79.47723973758269,65.63261924339524
836,0.4020286921875,42.67574988217455,0.05608605369000819,77.72040109885579,66.05514520926283
837,0.4020286921875,42.668697958165126,0.10087259467703887,76.85354626736242,65.90229931615733
838,0.4020286921875,42.65868784527914,0.14318731433719475,76.14771881703787,65.98599190404516
839,0.4020286921875,42.64623291383747,0.17815864852888808,76.01560598523851,66.23393614693971
840,0.4020286921875,42.632373416348315,0.1982499344550693,76.15038668914744,66.51934263465672
841,0.4020286921875,42.61818518331416,0.20295225503381134,75.87605076943856,66.81887053132277
842,0.4020286921875,42.604773598752544,0.19184286893244318,74.88127852075172,67.00562436992979
843,0.4020286921875,42.590348077961266,0.20634648215719173,74.32822238430786,68.21248153174045
844,0.4020286921875,42.57352157207231,0.24069081091909897,74.91138204429839,69.75503794157841
845,0.4020286921875,42.55357984898979,0.28525170534705924,76.34065612960502,71.66781246110561
846,0.4020286921875,42.530419977020614,0.33128496206118374,77.82316936323872,73.87960602735195
847,0.4020286921875,42.50437689177052,0.3725272108807903,78.53146198967993,76.32670943060918
848,0.4020286921875,42.47602093918587,0.40561107974656124,79.17876606341669,78.82841931897129
849,0.4020286921875,42.44901145192262,0.3863508820431038,78.52389459225482,80.16594051544193
850,0.4020286921875,42.426239997201066,0.3257289385517263,77.83161394809417,80.96705662938844
851,0.4020286921875,42.40916038457078,0.244311316995306,77.55804829762586,81.35165070530786
852,0.4020286921875,42.39815444804029,0.15743184033168756,77.34376003406967,81.28496823008474
853,0.4020286921875,42.39249486151938,0.08095622930720613,77.34730675064252,80.90923517173736
854,0.4020286921875,42.390519895016716,0.028250445588741357,77.64579976920852,80.29020347258215
855,0.4020286921875,42.39020445734234,0.004512104303785019,77.93205606009357,79.63672657140508
856,0.4020286921875,42.38968912615723,0.007371434191739872,79.12157003251303,78.90730905410092
857,0.4020286921875,42.38727872616267,0.03997061306653496,81.28998912711592,78.19432739493574
858,0.4020286921875,42.38196106772469,0.08818041334411869,84.81631051320008,77.82083442957044
859,0.4020286921875,42.3759889791361,0.0990325434415433,88.39475913294282,76.36395620849977
860,0.4020286921875,42.371135852463176,0.08047728544824857,91.79561165308701,74.61149764560479
861,0.422130126796875,42.36613083003381,0.07904391105404321,93.57285052304869,73.84752577270625
862,0.4432366331367188,42.36030342197501,0.08764931450675195,93.91544950195834,73.1416458517314
863,0.46539846479355473,42.353030147711316,0.10418705423271457,93.37654823971454,72.65615564083184
864,0.4886683880332325,42.34374385335236,0.126688426294253,92.08469595522554,72.32547093992146
865,0.5131018074348941,42.33236935768367,0.14778737869525455,90.4709196868912,72.21089134889897
866,0.5387568978066388,42.31849806253663,0.16664630369908165,88.62987433853593,72.19168240972267
867,0.5656947426969708,42.30278522943591,0.17978103284659233,86.85777408580947,72.27281421413046
868,0.5939794798318194,42.28581163583807,0.18495832089392228,85.21500826707906,72.40839011660266
869,0.5939794798318194,42.27095110508366,0.16193263966694044,83.53739186253028,71.37669078170227
870,0.5939794798318194,42.257639509763536,0.14505415748522088,81.93360445991681,71.09394160808695
871,0.5939794798318194,42.24525524152377,0.1349492342869329,80.47851414085133,70.75395439619338
872,0.5939794798318194,42.23323819370572,0.13094769671014808,79.28002351310802,70.43170415616697
873,0.5939794798318194,42.22099571535306,0.13340417435117508,78.52151697662543,70.09155416476257
874,0.5939794798318194,42.20818546229056,0.13959111740298252,77.98372354560705,69.8738066332183
875,0.5939794798318194,42.19478420924921,0.14603114220434502,77.82112857027565,69.56282348227563
876,0.5939794798318194,42.17833082886203,0.17928964729252655,78.04837946137785,70.59029574774881
877,0.5939794798318194,42.157264935986845,0.22955140005373467,78.98425618314515,72.0974955685988
878,0.5939794798318194,42.1310136949279,0.28605524455736464,80.2913839832228,74.0630725952927
879,0.5939794798318194,42.09997014929927,0.3382761606122268,81.26192816453332,76.37486368603925
880,0.5939794798318194,42.06538534135835,0.3768646850369552,81.42071925533288,78.86511435944684
881,0.5939794798318194,42.02878586125723,0.3988182199648883,81.45372627240333,81.45807227909282
882,0.5939794798318194,41.992945308704115,0.40226476693839053,81.39651513512113,83.95260538384865
883,0.5939794798318194,41.95790712150136,0.39325923304833815,81.46782686764983,86.37910061716919
884,0.5939794798318194,41.926816045403754,0.34895791468979215,80.42707768030319,87.46897890375544
885,0.5939794798318194,41.90150936956249,0.28403535476152253,79.46937564150188,87.95862190363341
886,0.5939794798318194,41.88256934761837,0.212577735844575,78.605723574388,88.14079427323189
887,0.5939794798318194,41.869591227937114,0.14566294091420706,77.63447289558978,87.97131169547954
888,0.5939794798318194,41.86138738170935,0.0920777737989535,76.67251033781119,87.55524233620173
889,0.5939794798318194,41.8560192293822,0.06025070460533832,76.08441190764094,86.97677232928132
890,0.5939794798318194,41.85169549772923,0.04852840656146325,75.71186819256259,86.49249100147259
891,0.5939794798318194,41.84687427564136,0.05411210601909826,75.32557180114719,86.05947891454362
892,0.5939794798318194,41.84048817642094,0.07167586801968634,74.97223847190709,85.6767892563495
893,0.5939794798318194,41.83199948458035,0.09527480470075525,74.96954820103134,85.4093488271442
894,0.5939794798318194,41.82114105693149,0.12187208500807752,74.87314859380923,85.30935926192623
895,0.5939794798318194,41.80804824738776,0.14695018922675568,74.57536664258421,85.25858332337923
896,0.5939794798318194,41.793274040758014,0.16582173999157798,74.55709398872119,85.22022242224851
897,0.5939794798318194,41.77761169008437,0.1757900309740605,74.76943228129106,85.26595935097963
898,0.5939794798318194,41.761818578737284,0.1772576537667225,74.86159574753712,85.29410494956899
899,0.5939794798318194,41.74655029894679,0.17136708487888597,74.75254133299467,85.29952986476472
900,0.5939794798318194,41.73455879960475,0.13458937835630966,74.42998691994148,84.03119789016799
901,0.5939794798318194,41.72747032656951,0.07724186765423688,74.35523310477825,82.30042862740844
902,0.5939794798318194,41.72633272077927,0.012035236911932184,74.62787049426679,80.160537303722
903,0.5939794798318194,41.73113418505555,-0.04931730398464672,75.03976844943325,77.65427490680447
904,0.5939794798318194,41.740876795158925,-0.0971546793972562,75.34504172821465,74.8659343940252
905,0.5939794798318194,41.750776400293326,-0.09872025594642175,74.76090991261458,73.06979584340681
906,0.5939794798318194,41.757313483079784,-0.06518870975783755,73.90567744582299,71.76796485347936
907,0.5939794798318194,41.75818606864284,-0.008701546066858759,73.1530226276579,70.96884969204967
908,0.5939794798318194,41.75241237872225,0.057576048638207714,72.59824455915881,70.65394481629299
909,0.5939794798318194,41.74021137669892,0.12167010968562632,72.25187615439285,70.72681897998443
910,0.5939794798318194,41.72283417158465,0.17328793555138758,72.07252343038333,71.05135271569225
911,0.5939794798318194,41.70215188665624,0.20624665670733883,72.0530148385165,71.45359475826652
912,0.5939794798318194,41.68009399338598,0.21996441673332226,72.42643057632804,71.80463480004464
913,0.5939794798318194,41.65848845798845,0.21545344034937614,72.77875061723391,72.21776186611937
914,0.5939794798318194,41.638992351702456,0.1944179163090019,72.77292109713568,72.43472654715293
915,0.5939794798318194,41.62255163020942,0.1639491890537937,72.9787295275467,72.49464993074983
916,0.5939794798318194,41.6095137080338,0.1300159952557068,73.16965334397686,72.38236548713267
917,0.5939794798318194,41.599638727224466,0.0984746987107365,73.46319674480276,72.1522365835276
918,0.5939794798318194,41.59214219899446,0.07475643477981096,73.60887007826022,71.87068786042394
919,0.5939794798318194,41.58598418917559,0.061408540763599084,73.31891895525492,71.56321751926914
920,0.5939794798318194,41.579928216924955,0.060391007769730914,72.7526975438987,71.27625724152156
921,0.5939794798318194,41.572944910990635,0.06963850980199811,72.28372899890543,71.0464419004734
922,0.5939794798318194,41.56445432440478,0.08466932463592008,71.76684486855444,70.88649031891396
923,0.5939794798318194,41.55431954929231,0.1010654040721796,71.0183364671344,70.79533456633509
924,0.5939794798318194,41.54262398812772,0.11662978229240892,70.388755066205,70.7669217159606
925,0.5939794798318194,41.52973956082461,0.1284853227798057,69.9116983128519,70.74134909267059
926,0.5939794798318194,41.51592184940743,0.13779216334183758,69.21001259141144,70.75983779236886
927,0.5939794798318194,41.50160407715885,0.14277884034509025,68.62458094036558,70.74820222562057
928,0.5939794798318194,41.48742118681656,0.14143377898839363,68.34212482922972,70.70858538098221
929,0.5939794798318194,41.47374834725797,0.13634748077470787,68.18641916447116,70.67521373272957
930,0.5939794798318194,41.46078531774719,0.1292691550594829,68.07849528948991,70.56261406597416
931,0.5939794798318194,41.446357988070474,0.1438713624406494,68.70090361040815,71.52615030528091
932,0.5939794798318194,41.42875477457019,0.17554172299152168,69.72889358187243,72.94259387893506
933,0.5939794798318194,41.40951859308615,0.1918259095949215,70.41690254535119,73.57024458341134
934,0.5939794798318194,41.39008185361538,0.19382590207084488,70.56082187566032,74.12133998205653
935,0.5939794798318194,41.371586855727614,0.18443472243804185,70.48962635746574,74.47972105126736
936,0.5939794798318194,41.35466661064955,0.16873106574528554,70.64190946478915,74.64003708221931
937,0.5939794798318194,41.33976757144821,0.14857531622154552,70.76711780440961,74.68268416853937
938,0.5939794798318194,41.32691485389753,0.1281691086651285,70.87823171552611,74.5852398257273
939,0.5939794798318194,41.315870041730975,0.11014042167937216,70.8638103072791,74.3911855767561
940,0.5939794798318194,41.30622072058009,0.09622438883085815,70.67982718286952,74.12701856933185
941,0.5939794798318194,41.29738359927278,0.08812501765915404,70.71893380546236,73.71172068120627
942,0.5939794798318194,41.288695717641595,0.08663677860079498,70.9788446404526,73.44043609992633
943,0.5939794798318194,41.27973235414605,0.08938392253111717,70.76524223372445,73.22343448131473
944,0.5939794798318194,41.270200779013095,0.09505020896519183,70.42601869963661,73.09239159476589
945,0.5939794798318194,41.25992973715511,0.10242427524044075,70.11869853550178,73.02672329778643
946,0.5939794798318194,41.24885279977972,0.11046077878418395,69.88807871539835,73.00662203651999
947,0.5939794798318194,41.236937498124384,0.11882106539866889,69.78170222252366,72.95398578560574
948,0.5939794798318194,41.224287870223826,0.1261438700853506,70.12418334433227,72.91368474397365
949,0.5939794798318194,41.211309454169246,0.12942259184020916,70.69655209659828,72.92394253618697
950,0.5939794798318194,41.198396235902074,0.1287724303264774,71.13444990231073,72.9162936383112
951,0.5939794798318194,41.186019016816324,0.12342737103774956,71.63576913590042,72.74478579649353
952,0.5939794798318194,41.174326661514534,0.11659781297731124,72.21365902377981,72.61161118777592
953,0.5939794798318194,41.16335084893306,0.10945234810415799,72.54871680731259,72.48894369026868
954,0.5939794798318194,41.15289186044311,0.10429850551120533,72.71309330669466,72.35828252552909
955,0.5939794798318194,41.14270142220747,0.10162048457181197,72.81844237005092,72.24280500070425
956,0.5939794798318194,41.13248825801723,0.10184711099037733,72.81471141850977,72.06723000977676
957,0.5939794798318194,41.122067664424506,0.10391562619136992,72.82921010110465,71.97349812096776
958,0.5939794798318194,41.111351070342124,0.10686738474168515,72.32463978033792,71.90267225393315
959,0.5939794798318194,41.100205651564195,0.11114368497020521,71.80354357307745,71.84972830000466
960,0.5939794798318194,41.088934129140895,0.11240120827328602,71.63675505195673,71.68336878043449
961,0.5939794798318194,41.07765582743028,0.11246881228067138,71.63319021476988,71.61440426173861
962,0.5939794798318194,41.06642004885408,0.1120447655984007,71.34149473542118,71.56648151465029
963,0.5939794798318194,41.05529008718628,0.11098954449222492,70.78678334518717,71.50904139974577
964,0.5939794798318194,41.04428490833105,0.10974519271976886,70.2087000197474,71.44458641278304
965,0.5939794798318194,41.03349628320762,0.10758568842267366,69.87411633408092,71.32868974638008
966,0.5939794798318194,41.02298983797614,0.10477175081803909,69.70651744309049,71.22213944051876
967,0.5939794798318194,41.01276984120684,0.10191524643062119,69.49575469322602,71.11514550814556
968,0.5939794798318194,41.00273913833741,0.10002758101462786,69.12029090379382,71.01184736519129
969,0.5939794798318194,40.99287068849985,0.09840957094057898,68.75154912464792,70.91323338796526
970,0.5939794798318194,40.98318596612635,0.09657741480630323,68.26720802116375,70.81494723820393
971,0.5939794798318194,40.97353542905985,0.09623651411253142,67.566015351168,70.73420060973122
972,0.5939794798318194,40.96383144490743,0.09676949597709109,66.75170713143595,70.68041697915938
973,0.5939794798318194,40.95395950113506,0.09844441295063192,66.11164793513784,70.64390257364211
974,0.5939794798318194,40.943759563165514,0.1017152172556505,65.71984906281271,70.62195717324234
975,0.5939794798318194,40.93315744086486,0.10572585602016961,65.10899899525205,70.58473374155643
976,0.5939794798318194,40.92199846613082,0.11127886687276198,64.77397838961656,70.48799833104349
977,0.5939794798318194,40.91038600084468,0.11580113849533623,64.92376656368998,70.46801554902495
978,0.5939794798318194,40.89843654763474,0.11916162950862136,65.32594832278639,70.44127367664228
979,0.5939794798318194,40.88627517701568,0.1212748997433737,65.62610865504044,70.39730973393807
980,0.5939794798318194,40.87412938335499,0.12111956412188132,65.97395403322166,70.32884409872584
981,0.5939794798318194,40.86216837302546,0.11927687873197641,66.18334317292616,70.26249705608187
982,0.5939794798318194,40.850641555702204,0.11494704495293953,66.12110157115146,70.18989236113502
983,0.5939794798318194,40.83962492895439,0.10985935271613538,65.93043244054202,70.11047183994606
984,0.5939794798318194,40.8291021078985,0.10493505284430225,65.68990330947949,70.01644629886401
985,0.5939794798318194,40.81900032144007,0.10073643657039538,65.45315490207265,69.90952549600922
986,0.5939794798318194,40.80920414298805,0.09768887051068784,65.24545142394422,69.79267063481768
987,0.5939794798318194,40.79963743789546,0.09540052986787466,65.08843229170148,69.67536891390091
988,0.5939794798318194,40.790222103905705,0.09389103592213885,65.016247976457,69.56871222424111
989,0.5939794798318194,40.780761911928806,0.09433836608483703,64.95242249406762,69.48139676162496
990,0.5939794798318194,40.77112870131195,0.09606373231769089,64.94426205702563,69.400821823159
991,0.5939794798318194,40.761219652593816,0.09881442869284357,65.0638587799338,69.35604482286381
992,0.5939794798318194,40.75106708724513,0.10124281081199257,65.10461715771334,69.33277309984574
993,0.5939794798318194,40.740726806234186,0.10311473782040767,65.08996950407803,69.31416578176581
994,0.5939794798318194,40.730305370666755,0.10392402248161427,65.22587097588145,69.27365757377424
995,0.5939794798318194,40.71990211442304,0.10374273570651281,65.6413280437936,69.20379220086305
996,0.5939794798318194,40.70950599052924,0.10367161090914079,66.16715225126438,69.17907330401475
997,0.5939794798318194,40.699218735938295,0.10258595089570154,66.79504912614016,69.16212862429445
998,0.5939794798318194,40.689260246278664,0.09930746072108124,67.16073574174864,69.14125253874757
999,0.5939794798318194,40.67976415842861,0.09469632478486831,67.46965981763877,69.10821138660381
1000,0.5939794798318194,40.67079545097402,0.0894372132428426,67.76563572688393,69.05108825302341
1001,0.5939794798318194,40.66235160999966,0.08420317081783157,68.04316815344723,68.96534166503278
1002,0.5939794798318194,40.65431583575802,0.08013387191627888,68.28510616834375,68.86316554616681
1003,0.5939794798318194,40.64634436645304,0.07949261403604034,68.66706246476677,68.66687006142811
1004,0.5939794798318194,40.63829914088786,0.08022812184521395,69.14117692901023,68.569579720388
1005,0.5939794798318194,40.63002120294195,0.0825487624641988,69.52848420649357,68.50891624532925
1006,0.5939794798318194,40.62139081179952,0.08606347535400236,69.79976795337201,68.46838631741905
1007,0.5939794798318194,40.61241281803079,0.0895298176748101,69.93172879913378,68.39442426465129
1008,0.5939794798318194,40.60315922843717,0.09227809803558913,69.490375494291,68.34530102146773
1009,0.5939794798318194,40.59370622532028,0.09426667776065009,68.83053061113088,68.31145508999766
1010,0.5939794798318194,40.5840764854496,0.0960291215482787,68.1766395180998,68.27291687799054
1011,0.5939794798318194,40.57433299029424,0.097163505260277,67.61529840033405,68.21522275075769
1012,0.5939794798318194,40.56455636786098,0.09749385513871862,67.14100478678536,68.15793621165717
1013,0.5939794798318194,40.55470236405751,0.0982655130552442,66.66736766509216,68.10214898633849
1014,0.5939794798318194,40.544813363365286,0.0986145069565567,66.20994473055832,68.04214373228581
1015,0.5939794798318194,40.53463814746278,0.1014686853231901,66.13385275471268,67.94820036670569
1016,0.5939794798318194,40.5242023945998,0.10406679656802689,66.29426695963791,67.84444119083872
1017,0.5939794798318194,40.51359431830582,0.10578523007982077,66.27674263774657,67.79445769749022
1018,0.5939794798318194,40.502947233340244,0.10617423004419073,66.09891980288792,67.75864953685057
1019,0.5939794798318194,40.49246455966462,0.10453469751678196,65.86403432673816,67.72318683359227
1020,0.5939794798318194,40.48229738078726,0.10138853897703659,65.6314606865342,67.6813161606262
1021,0.5939794798318194,40.47252093732377,0.09749207042712932,65.41123080503783,67.63169040311188
1022,0.5939794798318194,40.46318022856734,0.0931468625907955,65.23555047814597,67.56234414854971
1023,0.5939794798318194,40.45419388522513,0.08961308079666136,65.13251247065789,67.49094255416871
1024,0.5939794798318194,40.44537082154111,0.08798483306093546,65.0952306904579,67.42542377576902
1025,0.5939794798318194,40.436528345819426,0.0881784126330748,65.17675948436562,67.37417231510089
1026,0.5939794798318194,40.427569548627574,0.08933838670785499,65.13007844731297,67.33858868220807
1027,0.5939794798318194,40.41859122016133,0.08953315532538018,64.91365695312223,67.30560466121973
1028,0.5939794798318194,40.409664981348406,0.08901370997011061,64.74597084700292,67.29685776125115
1029,0.5939794798318194,40.40091738477634,0.08723226439703342,64.54383640569263,67.2873107087235
1030,0.5939794798318194,40.39241031596914,0.08483368766730755,64.38347517583334,67.26887134014652
1031,0.5939794798318194,40.38425226112929,0.0813532712550099,64.28862368577664,67.23291038900066
1032,0.5939794798318194,40.37638932035481,0.07841035225247216,64.3710638473921,67.12931053251583
1033,0.5939794798318194,40.36872489691488,0.07643070944742635,64.79438460672665,67.06283687969791
1034,0.5939794798318194,40.36130795516767,0.07396278717030197,65.25815438535976,66.99939004683127
1035,0.5939794798318194,40.352081874293404,0.09200377721371449,65.63277758989764,67.96788729858297
1036,0.5939794798318194,40.33966311286689,0.12384163710781683,66.02362540300628,69.29508861718894
1037,0.5939794798318194,40.32522715547248,0.1620253211271037,66.18772334488987,70.96603914908417
1038,0.5939794798318194,40.309062592552436,0.1814267267799171,66.27637950156021,71.7107564834069
1039,0.5939794798318194,40.29271133223655,0.18352216836974797,66.34932892402489,72.37597206002117
1040,0.5939794798318194,40.277490011942966,0.17084002405721035,65.98070890984508,72.85744120306883
1041,0.5939794798318194,40.264327213485494,0.14773572605792057,65.48376956129371,73.10987305538733
1042,0.5939794798318194,40.253654824976884,0.1197840315025415,65.04765437776527,73.1431617726828
1043,0.5939794798318194,40.24552193292179,0.09128140316018367,64.65542925948557,73.00307433570973
1044,0.5939794798318194,40.23959187378686,0.06655739618710732,64.27819801540657,72.74301870984112
1045,0.5939794798318194,40.23527158505637,0.048489764121239905,63.8740955771933,72.41468923767492
1046,0.5939794798318194,40.23178259774151,0.03915945958103162,63.46221900889332,72.07579379150219
1047,0.5939794798318194,40.228387839377085,0.03810185906729641,63.128441565211425,71.70898277162753
1048,0.5939794798318194,40.22439732971748,0.04478841211535572,63.12774424602702,71.4268271638104
1049,0.5939794798318194,40.22129248341518,0.03484796369464979,63.075922123637405,70.2113732342252
1050,0.5939794798318194,40.219888221701545,0.015301997609166163,63.10687947467421,68.78627769726994
1051,0.5939794798318194,40.22071022669229,-0.008696355883015983,63.25001755366089,67.05854612803475
1052,0.5939794798318194,40.22382072033373,-0.031948828863428806,63.760559523617,65.12740853528129
1053,0.5939794798318194,40.22890738894701,-0.052246724714741136,64.43527541448182,63.06596660647684
1054,0.5939794798318194,40.23556055686267,-0.06833671681720004,65.13476871940757,60.928699544264646
1055,0.5939794798318194,40.24124989301556,-0.05843690682223933,64.94890534844554,59.771556960433
1056,0.5939794798318194,40.244154516580885,-0.029834274523222692,64.30834113318103,58.96871490889601
1057,0.5939794798318194,40.24324755864035,0.009315641621202688,63.74957548350795,58.39110099572006
1058,0.5939794798318194,40.238311826256265,0.05069641267047924,63.948890205123895,58.17486353927898
1059,0.5939794798318194,40.22974311290642,0.08801186819576612,64.29924016510788,58.278020496509455
1060,0.5939794798318194,40.21842000027879,0.11630314324463045,64.490156113672,58.53227701809127
1061,0.5939794798318194,40.20543986451162,0.13332293328789346,64.54977969927431,58.8400783173498
1062,0.5939794798318194,40.19192512745825,0.13881398614704668,64.65957559857483,59.141994868369295
1063,0.5939794798318194,40.17899589953502,0.13280004329639772,65.73387764798647,59.16526984720346
1064,0.5939794798318194,40.16727743391364,0.12036393442243218,66.5089299313742,59.30317174461379
1065,0.5939794798318194,40.157165626645074,0.10386145646468506,66.3735792442305,59.324621110292966
1066,0.5939794798318194,40.14856233776154,0.08836700404743421,66.26327106571196,59.27651858907534
1067,0.5939794798318194,40.1411283225357,0.0763570376916485,66.20731479505851,59.178319764046954
1068,0.5939794798318194,40.13451371653879,0.06794063558886611,65.82581599116848,59.04149710829768
1069,0.5939794798318194,40.12645503982434,0.0827731263571027,65.34257581728426,59.860995901426826
1070,0.5939794798318194,40.115438689765796,0.11315229133799577,64.84656787417047,60.99418028919104
1071,0.5939794798318194,40.100680148341894,0.15158948018565965,64.7782103248719,62.46681261315078
1072,0.5939794798318194,40.08403595095785,0.17095762766030093,64.36722595179789,63.21716704548337
1073,0.5939794798318194,40.06706613140831,0.17430219223370633,63.857452659448526,63.88149090895409
1074,0.5939794798318194,40.05107715313588,0.1642276723290178,63.24466821531702,64.36217951298458
1075,0.5939794798318194,40.03703589289536,0.14422206638693685,62.6169212688488,64.63648857160186
1076,0.5939794798318194,40.025507412629274,0.11841253689444385,62.077869494363,64.68639761050537
1077,0.5939794798318194,40.01664705510522,0.09100743445806098,61.73834331988075,64.54476762046954
1078,0.5939794798318194,40.01010101383049,0.06723638641568602,61.41859813020737,64.29288683781213
1079,0.5939794798318194,40.00517613893245,0.050584892119868975,61.063873210835126,63.96146407658149
1080,0.5939794798318194,40.001027184170184,0.042615179756683504,60.78325968057644,63.60227391351341
1081,0.5939794798318194,39.996616033405246,0.04530827486738459,60.91950940637786,63.2178585778696
1082,0.5939794798318194,39.99135664436366,0.05402078891189277,61.296885008248104,63.01295839156721
1083,0.5939794798318194,39.984744579942515,0.06791453028924013,61.852866998571045,62.76800249960682
1084,0.5939794798318194,39.97684969611168,0.08109075969413554,62.75843062727967,62.64639378768715
1085,0.5939794798318194,39.96782851148912,0.09265933863750955,63.6494613646175,62.62888443970233
1086,0.5939794798318194,39.95800849539122,0.10086438035705313,64.32076130533399,62.64397305733067
1087,0.5939794798318194,39.94770873970691,0.10579193196528705,64.81709177588688,62.63201842104205
1088,0.5939794798318194,39.937080382047476,0.10916710307234756,65.38199221811104,62.61887447505049
1089,0.5939794798318194,39.926477665225704,0.10890373820871918,65.83577583657761,62.670432294944156
1090,0.5939794798318194,39.91608630066441,0.10673287468056447,66.09847350094617,62.70043389318202
1091,0.5939794798318194,39.90612716835332,0.10229328541181566,66.19690423560269,62.70339806775335
1092,0.5939794798318194,39.896706783821514,0.0967596426577831,66.15041633819398,62.65091455697221
1093,0.5939794798318194,39.887953245065304,0.08991026631473567,66.0516563814606,62.56870797894087
1094,0.5939794798318194,39.879809308818785,0.08364885301428451,65.76217127263082,62.4597815977797
1095,0.5939794798318194,39.872067868682926,0.07951469270421302,65.30188776181551,62.32989754755057
1096,0.5939794798318194,39.86432653043839,0.07951364614746242,64.77672713886021,62.19624585512707
1097,0.5939794798318194,39.856332699418736,0.08210707644846467,64.39028445684926,62.02210420352629
1098,0.5939794798318194,39.8477752153539,0.08789652878467664,64.37626069217525,61.81445173598849
1099,0.5939794798318194,39.83881368241717,0.09204663797922381,64.5303219603871,61.71019256349561
1100,0.5939794798318194,39.82952105781831,0.09544738142076914,64.63315856255356,61.626041863887494
1101,0.5939794798318194,39.82011093038015,0.09665428892052882,64.57492630703202,61.53081956387402
1102,0.5939794798318194,39.810800289084455,0.09563243640907915,64.44765820417176,61.42865123309459
1103,0.5939794798318194,39.80170055516744,0.09346614239757638,64.32249494329287,61.31035955283187
1104,0.5939794798318194,39.79301954991505,0.08916525257488014,64.3103659287359,61.125734189446916
1105,0.5939794798318194,39.7846574123928,0.08589006486692251,64.36108166634342,60.993437536811605
1106,0.5939794798318194,39.77644605269081,0.08434137988901583,64.3258830045593,60.869249187569345
1107,0.5939794798318194,39.768248588572064,0.08419865411555652,64.27318916491133,60.75560615217025
1108,0.5939794798318194,39.76014695851617,0.0832143132276204,64.2107241938104,60.45671773325406
1109,0.5939794798318194,39.75383175380747,0.0648653936429715,64.65171974686129,59.33115642032657
1110,0.5939794798318194,39.75036910567415,0.03556591505340775,65.05061925711607,58.01922908760168
1111,0.5939794798318194,39.750142343006694,0.0023291485181408285,65.42760511507198,56.46048089365688
1112,0.5939794798318194,39.7530253776219,-0.029612527832184987,65.66090108766078,54.697012049478964
1113,0.6236784538234105,39.75703978073163,-0.03926967494901279,65.45712882913077,53.53779450176482
1114,0.654862376514581,39.75862689199197,-0.014786125904270584,64.63828535504628,53.54837479610472
1115,0.6876054953403101,39.75511252445772,0.031182067417676786,63.66729255357487,54.168421329560964
1116,0.6876054953403101,39.746730878711574,0.07436815875968748,63.02321736382195,54.46426473872094
1117,0.6876054953403101,39.73448297691256,0.10867244131423077,62.59216693172505,54.928009355916416
1118,0.6876054953403101,39.71958553130153,0.13218115318546944,62.266275718026925,55.423628727487525
1119,0.6876054953403101,39.70310523382711,0.14622538533668103,61.78880027766884,55.85829886259457
1120,0.6876054953403101,39.68623320826001,0.14970108663331858,61.476887259615125,56.269082733918616
1121,0.6876054953403101,39.670000540535156,0.14402823109204685,61.47119609255227,56.554249989707586
1122,0.6876054953403101,39.65522959754318,0.1310587284082955,61.619845711937494,56.704869822987924
1123,0.6876054953403101,39.64243738526106,0.11350196640366747,61.598320357163466,56.70365153139481
1124,0.6876054953403101,39.631825707604996,0.0941546508330089,61.48958700197681,56.565747916227906
1125,0.6876054953403101,39.62153584181587,0.09129929798990279,61.47677146902623,57.23272116622427
1126,0.6876054953403101,39.61004917400806,0.10191821045951126,61.55081590820345,58.16748299938788
1127,0.6876054953403101,39.596376589149166,0.12131328288477697,61.472770413238976,59.38708102363199
1128,0.6876054953403101,39.57990305105083,0.14616541115410653,61.406208270570545,60.88782643537047
1129,0.6876054953403101,39.56044146787321,0.17267755656885114,61.12064200527974,62.61238692695381
1130,0.6876054953403101,39.540242198042456,0.19584165598489878,60.902333750690055,64.48578714518952
1131,0.6876054953403101,39.518014184935886,0.21551129979034683,61.31964415785237,66.14313416382925
1132,0.6876054953403101,39.4943936508014,0.22901246227720706,62.23005878996666,68.02226729394918
1133,0.6876054953403101,39.47158601584725,0.22113101294960896,62.61522631552557,68.93156000433653
1134,0.6876054953403101,39.45126875580531,0.1969856279473631,62.71087707248025,69.54806930427802
1135,0.6876054953403101,39.43441098284556,0.16344423339607586,62.508248491750834,69.83068246403323
1136,0.6876054953403101,39.42127643587454,0.12734576303843662,62.159463617168896,69.80343149896142
1137,0.6876054953403101,39.41161003502676,0.09372041491126148,61.84550275423,69.54661617932834
1138,0.6876054953403101,39.40464570172117,0.06752256783660829,61.610326342604885,69.16214650324324
1139,0.6876054953403101,39.39930469713397,0.05178361355344658,61.389164009164276,68.68832604706411
1140,0.6876054953403101,39.39431667741193,0.04836125516604856,61.4940963402926,68.17039689396623
1141,0.6876054953403101,39.388769241199135,0.05378506765274897,61.71955047223454,67.86092435615578
1142,0.6876054953403101,39.382060071358055,0.06504863507283462,61.891472513100176,67.64977601168634
1143,0.6876054953403101,39.37391751486303,0.07894600949918208,62.09203612971171,67.51653037358165
1144,0.6876054953403101,39.36420822927918,0.09413620309567641,62.21366704089074,67.52447281654399
1145,0.6876054953403101,39.35313767337746,0.10733437488741057,62.171841775039816,67.59007976068571
1146,0.6876054953403101,39.341032635872786,0.11736417259311996,62.01099676782452,67.69136141406854
1147,0.6876054953403101,39.32850541115881,0.12145748105928279,61.824966045433925,67.74732516221394
1148,0.6876054953403101,39.31611751376955,0.12010663549774299,61.71615550758218,67.78654601302489
1149,0.6876054953403101,39.305731136426566,0.10070093402250718,61.4931467568286,66.88699839526514
1150,0.6876054953403101,39.29860490242743,0.06909227308812853,61.2378821980486,65.66790173844123
1151,0.6876054953403101,39.29520369445856,0.03201587423289985,61.06736246289328,64.1285944657996
1152,0.6876054953403101,39.29566828844742,-0.00424588804949325,61.02860383971378,62.30756586265633
1153,0.6876054953403101,39.29944307648966,-0.034497492050966846,61.06510758713922,60.28186162573611
1154,0.6876054953403101,39.305486492672046,-0.05523030680924969,61.083173233521954,58.17406521423513
1155,0.6876054953403101,39.31099315898967,-0.05032499186557424,60.56490071355542,56.962499927408814
1156,0.6876054953403101,39.31386729844307,-0.026266535190239325,59.912041795773575,56.06159386127932
1157,0.6876054953403101,39.31285944575847,0.009210686689330401,59.63118105377168,55.54274703860161
1158,0.6876054953403101,39.30744821304997,0.04945283159173115,59.59561104866965,55.41685220381316
1159,0.6876054953403101,39.29797082801478,0.08661307900129837,59.428948351222196,55.57154307617473
1160,0.6876054953403101,39.28535197784584,0.1153226826315521,59.30548537654066,55.898904416833886
1161,0.6876054953403101,39.27095869882346,0.1315390488436175,59.3349763906537,56.24480304208413
1162,0.6876054953403101,39.25617901497269,0.13507037228422153,59.47391299264236,56.59304475331074
1163,0.6876054953403101,39.242205496600185,0.1277028891651822,59.48284234613694,56.86291259860626
1164,0.6876054953403101,39.22991271955125,0.11234272594524815,59.36233982845744,57.01311842202185
1165,0.6876054953403101,39.21969654361589,0.09336483113175224,59.19816015567649,57.02812321402576
1166,0.6876054953403101,39.209980084742824,0.08879795606717744,59.0388433435047,57.79183109180012
1167,0.6876054953403101,39.19946290548854,0.09611567687089424,58.9517095616033,58.74813535314136
1168,0.6876054953403101,39.18722795527014,0.11181425107342337,58.99245162126977,59.933050258005444
1169,0.6876054953403101,39.1743049178201,0.11810262635128377,58.92953771800467,60.448853751681746
1170,0.6876054953403101,39.16156218408779,0.11645484480722712,58.75995461712417,60.881190647445955
1171,0.6876054953403101,39.149662438269395,0.10875084433492546,58.53742894215874,61.17893684506705
1172,0.6876054953403101,39.13904397549652,0.097041299008711,58.336402881220465,61.33455908241143
1173,0.6876054953403101,39.129805735443796,0.08442755175079028,58.20917166880867,61.36344737946543
1174,0.6876054953403101,39.121837924768286,0.07281719724843963,58.17846070375131,61.28957052752137
1175,0.6876054953403101,39.114908597734356,0.06332657664397691,58.17051703152002,61.15295744535011
1176,0.6876054953403101,39.1086858212705,0.056869466363490453,58.22692771613674,60.97487630487332
1177,0.6876054953403101,39.10271585425589,0.05455906062187221,58.201513287236715,60.81945985978383
1178,0.6876054953403101,39.09663170084067,0.055602601187115616,58.043098616337836,60.67601846839941
1179,0.6876054953403101,39.090169869524715,0.059054169919732676,57.82482744009982,60.556918577936585
1180,0.6876054953403101,39.083166547403785,0.06400281194450315,57.62807946819556,60.469796319644594
1181,0.6876054953403101,39.0755493767001,0.06961272602885443,57.49068813890181,60.41611929588042
1182,0.6876054953403101,39.06735155271855,0.07491927082398345,57.4317675087074,60.39214270487491
1183,0.6876054953403101,39.058551400440656,0.08042390191381868,57.39166952211963,60.39799992124052
1184,0.6876054953403101,39.04922440668798,0.08523866485812287,57.380185034587484,60.40688060411817
1185,0.6876054953403101,39.03957379280678,0.08819620384738752,57.426213197536434,60.42276023972614
1186,0.6876054953403101,39.02982292245272,0.08911243989488007,57.39814149740718,60.41576475039416
1187,0.6876054953403101,39.02032759925983,0.08677701441858181,57.50609956058356,60.35093685151981
1188,0.6876054953403101,39.01117224974402,0.08367002163088022,57.5601914850324,60.30666507015327
1189,0.6876054953403101,39.00251529124759,0.07911526516846647,57.47282876206478,60.23319113741715
1190,0.6876054953403101,38.99432760185301,0.07482665162789336,57.306051190549134,60.15918422031308
1191,0.6876054953403101,38.98657177644813,0.07087988047545492,57.10108631718477,60.07293253072317
1192,0.6876054953403101,38.97907616979718,0.068501761679095,56.91359507081059,59.97317116520785
1193,0.6876054953403101,38.97166580322682,0.06772275926383106,56.802637088592114,59.86611825865188
1194,0.6876054953403101,38.96407622836685,0.06936052977604658,56.87529601535332,59.77144360492462
1195,0.6876054953403101,38.95617008486814,0.0722536257530341,56.94368090928146,59.69311347911596
1196,0.6876054953403101,38.947964781317594,0.07498762601879283,56.92461318264572,59.629545773004295
1197,0.6876054953403101,38.93948417644572,0.07750358321626422,56.829756922771644,59.57674887601029
1198,0.6876054953403101,38.930875230575786,0.07867648153814752,56.7020069118624,59.52713879576828
1199,0.6876054953403101,38.92228916451538,0.0784673847521322,56.59566311068189,59.46377474919542
1200,0.6876054953403101,38.913904568083844,0.07662616960515754,56.55534426579803,59.399806217135215
1201,0.6876054953403101,38.90701832622701,0.06293282458757796,56.776323451576054,58.3281802964235
1202,0.6876054953403101,38.90252706877653,0.041045249816149876,57.38567420410792,57.137500212704
1203,0.6876054953403101,38.90074765135613,0.016261956334784278,58.13814634370169,55.71025062895169
1204,0.6876054953403101,38.900060837050376,0.006276742108061765,58.59703813715555,54.92172520649
1205,0.6876054953403101,38.89901219281839,0.009583477443618153,58.79831871834462,54.25726716260749
1206,0.6876054953403101,38.89654364311685,0.022559882237971222,58.92027673110699,53.780800790559695
1207,0.6876054953403101,38.892027195388486,0.04127546179138912,59.04221014159424,53.51817960143413
1208,0.6876054953403101,38.885227185275674,0.06214475943783259,59.09052559103893,53.46005272449921
1209,0.6876054953403101,38.876280313026555,0.0817647642310162,59.029586330460184,53.54386825267496
1210,0.6876054953403101,38.8655662900849,0.09791461590113675,58.94130524360316,53.71457904959769
1211,0.6876054953403101,38.853639171146796,0.10900100513050785,58.988335963969476,53.94016514319396
1212,0.6876054953403101,38.83976825386882,0.1267652258042532,59.22068995704475,55.024238999968375
1213,0.6876054953403101,38.8237670873466,0.14623340667891638,59.29732261759066,56.33504095764678
1214,0.6876054953403101,38.80578722386957,0.16431656305895334,59.35197361347137,57.841126852864484
1215,0.6876054953403101,38.78640661639602,0.17711785265334481,59.507944101989764,59.396949231208175
1216,0.6876054953403101,38.76735680638017,0.18469708910082114,59.719461478181444,61.084085142803154
1217,0.6876054953403101,38.74796763634809,0.18798734801143532,59.785490713310324,62.72251125064391
1218,0.6876054953403101,38.72879559696661,0.18588216170852673,59.992948568286835,64.24179600479
1219,0.6876054953403101,38.710024175577985,0.18199797719137062,60.19714138416561,65.85080705450378
1220,0.6876054953403101,38.691767407542436,0.17700816489758223,60.11948812358969,67.43272093359568
1221,0.6876054953403101,38.67401688443123,0.17209987637274793,59.800071994948844,68.98230834803077
1222,0.6876054953403101,38.65807771794135,0.15453790095143885,59.22568470756767,69.63486809397396
1223,0.6876054953403101,38.64462276237178,0.13045227882127425,58.64864927575622,70.00329245325553
1224,0.6876054953403101,38.63376914035531,0.1052310963190556,58.24928351417033,70.11367386678458
1225,0.654862376514581,38.62708022411118,0.06809488002390977,58.124388676068584,69.15653586390694
1226,0.654862376514581,38.62298496750881,0.041690760779101076,58.15399036386354,68.68459276717675
1227,0.654862376514581,38.6204044826238,0.02626999684770369,58.11956264905379,68.16764277352821
1228,0.654862376514581,38.61957014457398,0.008493774974664605,58.14884441475822,66.82195905485531
1229,0.654862376514581,38.620991198159565,-0.014045329469902482,58.24185567952619,65.29918065500485
1230,0.654862376514581,38.624308388294544,-0.03183131767499674,58.37062764886543,63.62357643402761
1231,0.654862376514581,38.628929374202855,-0.04305084410241882,58.48133955463691,61.83387747828077
1232,0.654862376514581,38.63420051519763,-0.04767760544865044,58.527230652857114,59.95684757972552
1233,0.654862376514581,38.639420223386615,-0.04583727611800805,58.51498330443028,58.09274124148282
1234,0.654862376514581,38.643756458452664,-0.03807898772097641,58.30804214406489,56.28829908147073
1235,0.654862376514581,38.64691494472839,-0.02773649451150334,58.0421807336136,54.557908663071544
1236,0.654862376514581,38.64724890566073,-0.0029327040735084076,57.48619124469282,53.76254851800685
1237,0.654862376514581,38.644045018532296,0.02813518565412369,56.89812555154518,53.30024708232398
1238,0.654862376514581,38.63731646780233,0.0590872950204105,56.448414720244,53.127831087175146
1239,0.654862376514581,38.62770280354415,0.08442314534710817,56.20881437053974,53.1625321478279
1240,0.654862376514581,38.61612422953994,0.1016781541166964,56.17700565321804,53.31499744013033
1241,0.654862376514581,38.60340955981151,0.11165486766509676,56.592608207831695,53.42923388995495
1242,0.654862376514581,38.59063653241392,0.11216734010575687,57.186118245456996,53.664684977307076
1243,0.654862376514581,38.580235111105296,0.09134089555995784,57.43290388899266,53.03557166788828
1244,0.654862376514581,38.57373157773782,0.057111287434854566,57.64982396236624,52.06484270894516
1245,0.654862376514581,38.570974951031744,0.02806316568629232,59.73389762121753,51.27928494712381
1246,0.654862376514581,38.5710337926437,-0.0005990226757345556,64.69138881823193,50.26355064772098
1247,0.6876054953403101,38.57186069908372,-0.008017256461048863,68.06537634336613,49.81560309376177
1248,0.7219857701073257,38.57159482818017,0.0024549967101577023,69.6164431218459,49.88212906893638
1249,0.758085058612692,38.568625361554695,0.026113750620562214,69.99828813768778,50.47103856626404
1250,0.7959893115433266,38.56190732366081,0.05626572950544771,69.73677428623401,51.52864532149097
1251,0.835788777120493,38.55094946660091,0.08740531387724103,69.07438396650717,52.98950511027571
1252,0.8775782159765178,38.53590864504038,0.11426006470025339,68.07012748803915,54.75009683721443
1253,0.9214571267753436,38.51750112235184,0.13317691551533764,66.72374326414574,56.65514933643612
1254,0.9214571267753436,38.498001309962525,0.1369704289618227,65.29699503805749,57.666062749625496
1255,0.9214571267753436,38.47919967352938,0.12821971543358773,63.85509202427702,58.498965651229135
1256,0.9214571267753436,38.462499667385366,0.11057031947741325,62.52140483301623,59.013271505679604
1257,0.9214571267753436,38.449208503433674,0.08800046129869164,61.40984122202861,59.19698366617784
1258,0.9214571267753436,38.43951866359209,0.0641561851972034,60.621284087029515,59.03468575829026
1259,0.9214571267753436,38.43305195261976,0.04281593024634243,59.93532690674108,58.6608463033426
1260,0.9214571267753436,38.428722052671525,0.02866815835009598,59.41357919725441,58.19088361075264
1261,0.9214571267753436,38.42516138704428,0.023575077312001775,58.88831463282672,57.72133875092781
1262,0.9214571267753436,38.41966707430137,0.036377706095011994,58.22423560269742,58.18121678994849
1263,0.9214571267753436,38.411889418806524,0.05149566086588082,57.57759896608571,58.2011061356242
1264,0.9214571267753436,38.40034846525605,0.07641236237551065,56.87752306238261,59.19186797363059
1265,0.9214571267753436,38.38597584069878,0.10398475877426148,56.30947149941383,60.40797661226396
1266,0.9214571267753436,38.367883876769866,0.13089387379477693,55.838637619178044,61.92998971772867
1267,0.9214571267753436,38.347879199402875,0.14473219849812916,55.04013898335377,62.84734138667539
1268,0.9214571267753436,38.32772265282785,0.14583095975066768,54.13274799951983,63.62279360344148
1269,0.9214571267753436,38.3089256184259,0.13599500078550084,53.27033191190942,64.14812362902782
1270,0.8775782159765178,38.29457154695752,0.10904305513417804,52.61767521437258,63.54429766479203
1271,0.835788777120493,38.28578112032085,0.07011681162592069,52.40193533574262,62.44441366796503
1272,0.835788777120493,38.28100188984693,0.03812151749945782,52.40407878412398,61.7155923916339
1273,0.835788777120493,38.27760929430798,0.027061028111557667,52.28729409755335,61.77834904528865
1274,0.835788777120493,38.273246497212554,0.034799837908434765,52.12830860725938,62.19836723623005
1275,0.835788777120493,38.26615413126346,0.056572235659269936,52.02729852579582,63.038411353395894
1276,0.7959893115433266,38.25686834859872,0.07777141836850561,52.10895889233543,63.44047580999425
1277,0.758085058612692,38.24601169554433,0.09547436162598599,52.24054150500455,63.91189541653641
1278,0.7219857701073257,38.234430905000984,0.10693461489904243,52.369475313527964,64.35715726477657
1279,0.6876054953403101,38.22291998089723,0.11160395684016593,52.49312248531745,64.71615536045194
1280,0.654862376514581,38.21346307643287,0.09627370883330805,52.525047084688055,64.14777173894751
1281,0.6236784538234105,38.20731203495612,0.06575013603072948,52.666056304027,63.207359705829795
1282,0.5939794798318194,38.20502175393362,0.024956797148276387,53.10505936639965,61.913522972274
1283,0.5939794798318194,38.20525239535462,-0.0025132597709667448,53.38084239077659,61.115532843579615
1284,0.5939794798318194,38.20672133502749,-0.016006782171571064,53.38142035514541,60.356710141104806
1285,0.5939794798318194,38.20823498331278,-0.016493964207269823,53.190744454998296,59.715678118673345
1286,0.5939794798318194,38.208742616322446,-0.005531589321835728,52.714261737563184,59.256603785754145
1287,0.5939794798318194,38.20751762433737,0.013348526307278483,52.28088337629199,58.98836297324934
1288,0.5939794798318194,38.20423466385067,0.0357738539973957,52.03531571329025,58.88600130173437
1289,0.5939794798318194,38.19892983142092,0.05780584371690665,51.979887681404676,58.92086055631717
1290,0.5939794798318194,38.19196715389827,0.07587109565773789,52.06759229853485,59.03607529199232
1291,0.5939794798318194,38.18519302032417,0.07381656478073195,52.32250883794371,58.39036037475242
1292,0.5939794798318194,38.18009355579058,0.05556798518569683,52.748100317321274,57.499184565850115
1293,0.5939794798318194,38.1776055865322,0.027110971746230013,53.38170587808759,56.35293365923388
1294,0.5939794798318194,38.17819340942007,-0.006218839406575297,54.132605762306305,54.953539175669
1295,0.5939794798318194,38.18186386865167,-0.038831418411262565,54.99465419067024,53.331582175543055
1296,0.5939794798318194,38.18819912176662,-0.06702345644649024,55.99515472561735,51.534215914486
1297,0.5939794798318194,38.196388159856745,-0.08663547103981362,56.99403638797316,49.7005517834443
1298,0.5939794798318194,38.20405306710375,-0.0810904580628055,57.14890647996463,48.66995737547287
1299,0.5939794798318194,38.209436692493746,-0.05695576408741743,56.914131834569865,47.95291674165883
1300,0.5939794798318194,38.21139921635969,-0.020762411614389,56.62625829363356,47.5729626761894
1301,0.5939794798318194,38.20951625904453,0.019920641734837912,56.532274825951404,47.49866786490073
1302,0.5939794798318194,38.2040801962172,0.0575105230266519,56.64586285666834,47.67216254925163
1303,0.5939794798318194,38.19601211241726,0.08535584188336297,56.29477575525305,47.971552737777316
1304,0.5939794798318194,38.18631243391029,0.10261720694670462,55.418266768918656,48.351311433450284
1305,0.5939794798318194,38.174765154319445,0.1221637994073541,54.34846838905717,49.508301801110896
1306,0.5939794798318194,38.16154327998753,0.13988008092893464,53.65693128534765,50.83416770080016
1307,0.5939794798318194,38.146987225354884,0.15399496689389602,53.291473176271154,52.300622818010375
1308,0.5939794798318194,38.13165446871884,0.16221204235284842,53.05115542081371,53.816628554752995
1309,0.5939794798318194,38.116919996847564,0.16537576769996168,52.77843787087541,55.3689053667307
1310,0.5939794798318194,38.10203981392931,0.16701118948255939,52.70972897095587,56.73990463208653
1311,0.5939794798318194,38.087198527984604,0.1665746202647824,53.41407968905622,58.13952277877218
1312,0.5939794798318194,38.072619872130865,0.1636269304327105,54.261408287035884,59.513992490579916
1313,0.5939794798318194,38.058436306166364,0.15919254728596915,54.95913612043382,60.9066997593527
1314,0.5939794798318194,38.04468031542454,0.15439355745329,55.11183774830776,62.27941302839488
1315,0.5939794798318194,38.03248230863253,0.13690716269033296,54.40092834594423,62.85391249068815
1316,0.5939794798318194,38.0224405411802,0.11270610959135513,53.31407706768203,63.186656657244576
1317,0.5939794798318194,38.01472183260223,0.08663271869429494,52.25098456866348,63.30455232914854
1318,0.5656947426969708,38.010674349953646,0.047699254775814874,51.54466177475918,62.450562695578014
1319,0.5387568978066388,38.01049617574267,0.002204757058228167,51.528720617828014,61.25393844218345
1320,0.5387568978066388,38.012530359124824,-0.02517132050265314,51.59084869035176,60.56480891858958
1321,0.5387568978066388,38.016794446834886,-0.05122769344876209,51.830244454957366,59.103381008170935
1322,0.5387568978066388,38.022930270803144,-0.0715672516392321,52.16072987422167,57.49995953726616
1323,0.5387568978066388,38.03034255307249,-0.08393752758337268,52.510546908491804,55.80716746435006
1324,0.5387568978066388,38.03834003199071,-0.08792656408038954,52.832798298009976,54.082451564388855
1325,0.5387568978066388,38.04600519183931,-0.08427295345291932,53.132597949108764,52.36540731512648
1326,0.5387568978066388,38.0529698074018,-0.07657096977843594,53.67801696900795,50.68540951385517
1327,0.5387568978066388,38.05894202976295,-0.0656603158958866,54.318119916477315,49.12634221686619
1328,0.5387568978066388,38.06251218420535,-0.03925129613550559,54.39616193191342,48.4358679838881
1329,0.5387568978066388,38.06304476414867,-0.005855335786862022,54.40521265207939,48.04460033608484
1330,0.5387568978066388,38.06066449683855,0.026169337651736665,54.73777632329808,47.84651868631086
1331,0.5387568978066388,38.05715482160258,0.038586370491587724,55.43706275563507,47.14491650023621
1332,0.5387568978066388,38.05412583128824,0.03330158337336581,55.95556863245779,46.34461959186928
1333,0.5656947426969708,38.05142465375597,0.02828334872039946,55.86009336112093,46.09119635449133
1334,0.5939794798318194,38.049075616099756,0.023424934176729917,55.111757364030574,45.86798268316825
1335,0.6236784538234105,38.046789144240606,0.02108277322343111,53.552259510508584,45.71442867376141
1336,0.6236784538234105,38.045715589881276,0.009610559940805327,52.42871742104899,44.87929230150916
1337,0.6236784538234105,38.04506937446659,0.005784981378386009,51.563661539796065,44.54774531568935
1338,0.6236784538234105,38.044080246830426,0.008854763947277657,50.762918619011465,44.23004862082698
1339,0.6236784538234105,38.04222103476867,0.016643841838773172,50.09454193235848,43.95459010742704
1340,0.6236784538234105,38.03914351547861,0.027550243123646605,49.535019432307834,43.75523020391315
1341,0.6236784538234105,38.03468934858642,0.03987412237800749,49.08912415854735,43.65220654270126
1342,0.6236784538234105,38.02889201059972,0.05189831677705481,48.685089161157215,43.64563385461113
1343,0.6236784538234105,38.021972794472006,0.06194147577203763,48.17806616806293,43.72695248478021
1344,0.6236784538234105,38.014276485209,0.06889808685689629,47.51792413046839,43.854247858839926
1345,0.6236784538234105,38.00473938778597,0.08289028756161843,46.46076964746086,44.69523948996528
1346,0.6236784538234105,37.9932220657812,0.1001011199289099,45.62776632332936,45.77492196531974
1347,0.6236784538234105,37.98192153312893,0.11554932585250965,45.09414505933768,47.04281345604461
1348,0.6236784538234105,37.970567104051,0.11610042338408408,44.75059479616133,47.56226579402583
1349,0.6236784538234105,37.960208401010746,0.10591900309822207,44.43110626533921,48.00046949537318
1350,0.6236784538234105,37.951517849367164,0.08886195143184301,43.95386088149403,48.27056132523496
1351,0.6236784538234105,37.94477900425155,0.06890551393410592,43.43922421843054,48.36854892204705
1352,0.6236784538234105,37.93987938923726,0.05009916162880464,43.047430188768935,48.32379243498307
1353,0.6236784538234105,37.9365128537848,0.03442323596239287,42.821495128375766,48.1767399372318
1354,0.6236784538234105,37.93421464497444,0.023499465633867306,42.69196001248492,47.950870542445266
1355,0.6236784538234105,37.93237069069648,0.018854657587907102,42.56931486219235,47.70477373163686
1356,0.6236784538234105,37.929211801239916,0.03230003030670766,42.40271130901075,48.23416618124976
1357,0.6236784538234105,37.92354274146234,0.05796682826127635,42.41261619974173,49.06408870298441
1358,0.6236784538234105,37.915172605656004,0.08947063191542293,42.63072582339926,50.19677265379427
1359,0.6236784538234105,37.90499146300109,0.10882897100266474,42.7636492038918,50.795822034565035
1360,0.6236784538234105,37.89417786263843,0.11558948147460674,42.64116359398254,51.330286824261975
1361,0.5939794798318194,37.885376233897446,0.0987871246940994,42.29499809622324,50.96975331447099
1362,0.5656947426969708,37.879934573350965,0.06412952823914869,42.229942029866834,50.242394752389416
1363,0.5656947426969708,37.877075357984694,0.03369562121840105,42.414842375320816,49.89036974773069
1364,0.5656947426969708,37.87618209147389,0.010527073388794219,42.52099762965998,49.456556782061696
1365,0.5656947426969708,37.87662695043225,-0.005242626747683911,42.305948697530575,49.0191275096059
1366,0.5656947426969708,37.87746388214193,-0.00986317232601878,42.11109706922144,48.627359417557614
1367,0.5656947426969708,37.87779988845065,-0.003959807099337905,41.23526000674379,48.348975796709645
1368,0.5656947426969708,37.87697352548431,0.009738620542913148,40.14917149964752,48.204481242865235
1369,0.5387568978066388,37.875809573202886,0.014402937406080686,39.434296615896194,47.444008449246546
1370,0.5131018074348941,37.87510091619742,0.008939311201009915,39.28376868326925,46.477938178382104
1371,0.5131018074348941,37.87417740379151,0.011649591735509378,39.37893515665959,46.091795321178935
1372,0.5131018074348941,37.87259296640189,0.019986790217276063,39.199186725535654,45.784646322459096
1373,0.5131018074348941,37.870081188543885,0.03168467081691206,38.82935620599235,45.54965125280919
1374,0.5131018074348941,37.866621827973695,0.04363789598432283,38.51547454498881,45.39856304620684
1375,0.5131018074348941,37.86229943850347,0.05452452217044196,38.37536024946657,45.31213764241388
1376,0.5131018074348941,37.857352221861184,0.0624063669766155,38.43202629042047,45.27498648037779
1377,0.5131018074348941,37.85203319609301,0.0670965308472857,38.66997101986092,45.269883381078415
1378,0.5131018074348941,37.846652368183044,0.0678761302500416,38.99884670292157,45.279523619158525
1379,0.5131018074348941,37.84144764777176,0.06565463279333247,39.31593178985143,45.2874175184186
1380,0.5131018074348941,37.836638623841026,0.060663143322990484,39.565738233994196,45.271286866231414
1381,0.5131018074348941,37.83231468048534,0.05454412356526268,39.779455048329616,45.23011038352475
1382,0.5131018074348941,37.82963448087457,0.033809216894040275,40.142390675162126,44.46239653154183
1383,0.5131018074348941,37.82926872120467,0.004479469292844381,40.882327940356966,43.421966770479116
1384,0.5131018074348941,37.83030816215105,-0.01273006343838592,41.91524897747047,42.758667475873835
1385,0.5131018074348941,37.831588253160156,-0.015677311740983434,43.1338801888612,42.21411730683268
1386,0.5131018074348941,37.83215023379305,-0.00730174304260596,44.25899117864996,41.8543764466832
1387,0.5131018074348941,37.83155704906695,0.007707173865489336,45.15081131957486,41.65547326640697
1388,0.5131018074348941,37.82963675040576,0.024950196801261617,45.75117058894357,41.52258488536795
1389,0.5131018074348941,37.82638950432739,0.04219105619089356,46.5228056630291,41.49962528302205
1390,0.5131018074348941,37.82198705847688,0.057200420224862616,47.13623985160224,41.53600157486474
1391,0.5131018074348941,37.81691927491668,0.06584506864931511,47.81058820643744,41.51627211072093
1392,0.5131018074348941,37.81154520047752,0.06982466716865418,48.36793257226101,41.582210434757414
1393,0.5131018074348941,37.80616388891087,0.06991869824758512,48.34862324486763,41.659766369117165
1394,0.5131018074348941,37.80103154775589,0.06668385728542701,47.878148970328986,41.71647577924869
1395,0.5131018074348941,37.79632565984098,0.06114300445801568,47.25288611704608,41.74097788184533
1396,0.5131018074348941,37.7921398739637,0.05438538468880449,46.67340202145076,41.72350748463699
1397,0.5131018074348941,37.78848552552979,0.047480485431341674,46.183304383822566,41.6644680782768
1398,0.5131018074348941,37.7853403967533,0.04086425904718177,45.783790007553506,41.55616546585674
1399,0.5131018074348941,37.78256292198244,0.0360873772107168,45.45069297504306,41.429575439291206
1400,0.5131018074348941,37.77993038389994,0.03420423321265948,45.179682468560415,41.32424504454767
1401,0.5131018074348941,37.77726337130311,0.03465215620220047,44.91581054147319,41.21500818570345
1402,0.5131018074348941,37.77447100202291,0.036280899680114755,44.80776662916964,41.1036533580598
1403,0.5131018074348941,37.77140976992743,0.03977420011823086,44.44510689656756,41.050886124926656
1404,0.5131018074348941,37.76802198718882,0.044017031182224935,43.74407224468696,41.015260565038844
1405,0.5131018074348941,37.76434142561747,0.04782106939939244,42.97752763203393,40.9976334654387
1406,0.5131018074348941,37.760453433226125,0.05051619171859273,42.36951596665863,41.00001477428295
1407,0.5131018074348941,37.756404345797634,0.052609279092017985,41.89004138864003,41.01728582594419
1408,0.5131018074348941,37.75231705983717,0.05310558777018915,41.43235454325629,41.01706769887381
1409,0.5131018074348941,37.748272645567916,0.05254856132702697,40.9470489228007,41.01616490490724
1410,0.5131018074348941,37.744328465940804,0.05124622534238584,40.427201026052494,41.00198527626783
1411,0.5131018074348941,37.740512608212356,0.04957895519827446,39.94890914342481,40.97625836621716
1412,0.5131018074348941,37.73682147466163,0.04795842978595634,39.55009310508938,40.94200938394022
1413,0.5131018074348941,37.733220250640386,0.04679024667964001,39.19600994805618,40.9049876949433
1414,0.5131018074348941,37.72962114056215,0.046762780486312244,38.87625877966761,40.86729572707791
1415,0.5131018074348941,37.72485283952685,0.061953930210391424,38.79968121899189,41.52053073144285
1416,0.5131018074348941,37.71824802525907,0.0858155135698501,38.97343385591511,42.391775613588486
1417,0.5131018074348941,37.709506331525745,0.11357971727555173,39.41292595876306,43.50830887609828
1418,0.5131018074348941,37.698649397642605,0.1410627640990908,39.97865747100325,44.81187798186688
1419,0.5131018074348941,37.68606266310883,0.16353784442509256,40.4117086108177,46.24058522664005
1420,0.5131018074348941,37.67231249225176,0.17865422492256636,40.608040219959925,47.733563163082586
1421,0.5131018074348941,37.658153149158224,0.18397054786382655,40.84075741893294,49.13536409987524
1422,0.4886683880332324,37.645920637738676,0.16688224187888823,40.953181757393885,49.72185236306559
1423,0.4653984647935547,37.6364820340795,0.1352046238965685,41.12516971979881,50.067457516286005
1424,0.44323663313671874,37.631100377180196,0.08094482716398571,40.889304179773475,49.53513337774859
1425,0.42213012679687495,37.63016565826469,0.014761939603706082,40.59774698058424,48.56867703573809
1426,0.42213012679687495,37.63235076377949,-0.03450919319414111,40.901226756076184,47.89789421511066
1427,0.42213012679687495,37.63527754650693,-0.04622244092729626,40.570868889626716,47.86720736240044
1428,0.42213012679687495,37.63730201291637,-0.03197223290368901,42.072971746425,47.89163048714047
1429,0.42213012679687495,37.63667643126059,0.00987976007189152,43.53873542090054,48.51290485195183
1430,0.42213012679687495,37.63241910325978,0.06723563392028357,43.76064560121279,49.457989353084734
1431,0.42213012679687495,37.62441145166702,0.1264641885591981,44.05572349816733,50.68961166248644
1432,0.42213012679687495,37.61400952507149,0.1642767784182748,43.43822536043066,51.46611315156141
1433,0.42213012679687495,37.60269390127943,0.17870672372878077,41.94070460078133,52.139390101095444
1434,0.4020286921874999,37.59331848846889,0.15546838642329605,39.60015516916087,51.89723771649257
1435,0.38288446874999993,37.58748804413004,0.1015179044806013,37.889157048897985,51.205651154926564
1436,0.3646518749999999,37.58589348608906,0.028303060334653848,38.05066974019532,50.12220385330583
1437,0.3472874999999999,37.58979926202876,-0.07067282722525131,40.86772563892218,48.043716853240326
1438,0.3472874999999999,37.59843149619335,-0.15164605880935406,44.1972614779098,46.16322395326652
1439,0.3472874999999999,37.61007724175768,-0.2045856707604937,46.4359019256846,44.14017600380153
1440,0.3472874999999999,37.62197277703205,-0.22835134721471778,47.611934257050486,42.09068624936587
1441,0.3472874999999999,37.6337672422707,-0.2264111672827815,47.82278933075677,40.31220936041914
1442,0.3472874999999999,37.644318334566876,-0.20254289402248282,46.943782860425515,38.7108679280305
1443,0.3646518749999999,37.652542660593056,-0.1459800080957933,44.278263728009385,37.90917418210214
1444,0.3646518749999999,37.65767855475846,-0.088505835509393,42.60456903833126,36.84821904323401
1445,0.3646518749999999,37.65983508122572,-0.03716298869025733,41.88372388228149,35.913513023851
1446,0.3646518749999999,37.65985851283915,-0.0004037923012493468,42.364447430249236,35.06629005133431
1447,0.38288446874999993,37.65782399543018,0.033390886690741396,42.73216774493905,34.79991998710247
1448,0.4020286921874999,37.6539814355615,0.06006173660758773,42.955196076160846,34.74292294061214
1449,0.42213012679687495,37.64879011433091,0.07727977455805216,42.70827146793926,34.81676318682646
1450,0.44323663313671874,37.64282925842769,0.08450983769912447,42.22922782214881,34.936401543462445
1451,0.4653984647935547,37.63681011978608,0.08127251361717032,42.1851584326087,34.94972237488572
1452,0.4886683880332324,37.63144562067722,0.06898413509545481,42.875314932122464,34.85170344077135
1453,0.5131018074348941,37.626144939031626,0.06491760195691373,43.522636042759814,35.367464396140804
1454,0.5387568978066388,37.62033912948708,0.06771801713890362,43.63774540189926,36.041271823773265
1455,0.5656947426969708,37.61370832692276,0.07365771560347852,43.40974275950516,36.77601380114196
1456,0.5656947426969708,37.608254675171786,0.0605814342650848,42.97336098765886,36.43481917874526
1457,0.5656947426969708,37.60415045354188,0.045591402647936194,42.57045486490154,36.3166876326902
1458,0.5656947426969708,37.601137254073606,0.03347187423197832,42.294274298733335,36.20514205877336
1459,0.5656947426969708,37.599137287443355,0.022216462010416476,42.22177954547095,35.77613529862543
1460,0.5656947426969708,37.59782939834875,0.014528576599394296,42.73211502919347,35.42178937164426
1461,0.5939794798318194,37.595662686448016,0.02292260752259829,42.601253423342534,35.77143159338649
1462,0.5939794798318194,37.59255372941061,0.032891037312885,41.94802724401957,35.72083241445557
1463,0.5939794798318194,37.58754067093125,0.05303537215608129,41.44337372968634,36.370257395896246
1464,0.5939794798318194,37.58015393197116,0.07814759220970834,41.08279047158174,37.27601013335292
1465,0.5939794798318194,37.57041645897794,0.1030170516025876,40.58790655457815,38.36471555011664
1466,0.5939794798318194,37.558692479806346,0.12403318275173406,40.07239459917476,39.57632567387984
1467,0.5939794798318194,37.54556877247974,0.13884152857965873,39.86088548900212,40.861375304950336
1468,0.5939794798318194,37.53255053637474,0.14611319691467178,39.69916918733079,42.16356870174109
1469,0.5939794798318194,37.51941871462865,0.14738805174239689,39.52529845471813,43.41350668537316
1470,0.5939794798318194,37.50750441662589,0.1337228911918058,38.92853003351454,44.015845307504335
1471,0.5939794798318194,37.49769048696786,0.11014891918275976,38.195203688363655,44.39236258334345
1472,0.5939794798318194,37.490388075604045,0.08196031020990727,37.58143868673773,44.54021449827481
1473,0.5939794798318194,37.48554770183964,0.05432705930939012,37.195482439206316,44.49873054781776
1474,0.5939794798318194,37.48180030599521,0.04205976773818541,37.03567524986502,44.969652655389204
1475,0.5656947426969708,37.47895246553696,0.03356156884969364,36.99851678292888,44.95747343709094
1476,0.5387568978066388,37.476537923076656,0.029877946437212973,37.041878130742056,44.94504896831467
1477,0.5131018074348941,37.47415767202288,0.03092629986588357,37.055885865590085,44.94307573122472
1478,0.4886683880332324,37.47151589206611,0.03604052729800929,36.96710382224674,44.94832463737623
1479,0.4653984647935547,37.46847743059098,0.04352487463226825,36.80170439076118,44.94766020792068
1480,0.44323663313671874,37.46513345535993,0.05029631248937351,36.83605841539933,44.91561224382458
1481,0.42213012679687495,37.46154668699534,0.05664554027138554,37.07974264385177,44.918720271861545
1482,0.4020286921874999,37.458761335196925,0.046188275489544975,37.14188875462031,44.28262485624402
1483,0.4020286921874999,37.45645961599151,0.03816840688460062,36.999683377882256,44.08019115877293
1484,0.4020286921874999,37.454457338083124,0.03320290230218492,36.738476775622466,43.874579792197885
1485,0.4020286921874999,37.45255532222058,0.031540300472369935,36.482814598805554,43.69239757401611
1486,0.4020286921874999,37.45149235862027,0.017626662325084624,36.4906643027682,42.91339521103782
1487,0.4020286921874999,37.45171581428857,-0.0035975417510278537,36.80816693348051,41.991203212151504
1488,0.4020286921874999,37.45344793152945,-0.027074131060967805,37.358304961017,40.92182504334188
1489,0.4020286921874999,37.456616402396754,-0.04808279845810593,37.95146452613463,39.729307999004284
1490,0.4020286921874999,37.45977737656282,-0.047969033051872376,37.73399070108472,39.06884728760835
1491,0.4020286921874999,37.46180366230649,-0.030749687502737162,37.13288429600022,38.58048255236334
1492,0.4020286921874999,37.463042210218305,-0.018248013956051128,36.98324875787104,37.66413416690975
1493,0.4020286921874999,37.46383197654941,-0.011635938258451205,37.15238623229038,36.71196049382968
1494,0.4020286921874999,37.46355535047799,0.004075640807752122,37.04270688966209,36.33692764096866
1495,0.4020286921874999,37.46190692052536,0.024286967419145218,36.77650975884615,36.102810993565356
1496,0.4020286921874999,37.458847533067335,0.04507515978889565,36.700968320156804,36.01462595918461
1497,0.4020286921874999,37.45457502924457,0.06294848075026806,36.715136939004324,36.04795787413682
1498,0.4020286921874999,37.45040376609055,0.06145686212327818,36.650171652062824,35.55972211432889
1499,0.4020286921874999,37.447395928993615,0.044315648025357646,36.55556889920873,34.91559848451308
1500,0.4020286921874999,37.44624676004559,0.016931158497459686,36.75209400215206,34.06420705280551
1501,0.4020286921874999,37.447204298350435,-0.014107788793343078,37.34838232266569,33.04817925982439
1502,0.4020286921874999,37.44979119458165,-0.04289737327178988,38.10504179217805,31.889599873295268
1503,0.4020286921874999,37.453813871865634,-0.06670630500010687,38.87677655560717,30.721591864736443
1504,0.42213012679687495,37.45811986035108,-0.06800412498597565,38.63789018311575,30.030682726479096
1505,0.44323663313671874,37.4616887069017,-0.05211512022637245,37.85020063811937,29.50718458982418
1506,0.4653984647935547,37.46260624783521,-0.012388958363213472,36.69448760728877,29.712527118708465
1507,0.4886683880332324,37.459533395414596,0.039514978418586366,36.244424461714374,30.30200580400688
1508,0.4886683880332324,37.45298963405707,0.0841487170303652,36.55741541565045,30.690744354692022
1509,0.4886683880332324,37.44363802543282,0.12757947725226387,37.362020398735055,31.72777446920223
1510,0.4886683880332324,37.43171596535681,0.16264690422604858,38.43341709532181,32.92331226993442
1511,0.4886683880332324,37.41806887797603,0.1861806181174752,39.26767402697032,34.24622198201999
1512,0.4886683880332324,37.40363373249909,0.1969317138908877,39.615358782016294,35.60401874772462
1513,0.4886683880332324,37.389318035076315,0.1953021418115602,39.43701191373269,36.92525110804796
1514,0.4886683880332324,37.37591339061995,0.18287308646140762,39.00123930047066,38.149764140011854
1515,0.4886683880332324,37.36391729010096,0.1636570022090836,38.62860979038718,39.286303319764905
1516,0.4886683880332324,37.35341869022151,0.1432273246581897,38.335792820152676,40.37023751995912
1517,0.4886683880332324,37.34423816624001,0.12524545214856878,38.013510247415724,41.410564341251956
1518,0.4886683880332324,37.33604966302341,0.11171179225190997,37.674961616202204,42.408503185887184
1519,0.4886683880332324,37.328433184313,0.10390793834744382,37.41117704675084,43.394299997787144
1520,0.4886683880332324,37.32096690993901,0.1018587731725826,37.27289812066945,44.38205312171799
1521,0.4886683880332324,37.31420058359375,0.09230972046975959,36.993626204567725,44.76992442639672
1522,0.4653984647935547,37.30954324728519,0.06671467800703226,36.51118793252865,44.3974276001922
1523,0.44323663313671874,37.30748113269113,0.031016007250758818,36.368110030872025,43.70905619309721
1524,0.42213012679687495,37.30805172285287,-0.008748819312163186,36.842149247067596,42.74321355353533
1525,0.42213012679687495,37.31006268616601,-0.030833960781444108,37.24028393451251,42.15310715714883
1526,0.42213012679687495,37.31342724985354,-0.050086040086785,37.755290437052565,40.988840801300114
1527,0.42213012679687495,37.31784858028836,-0.06390041701723748,38.229625647420505,39.73687989325855
1528,0.42213012679687495,37.32289750559168,-0.07084552768810419,38.56290296182167,38.41689013220404
1529,0.42213012679687495,37.32791300434387,-0.07037649289106122,38.753022173386704,37.08561339670369
1530,0.42213012679687495,37.33242358613134,-0.06329159726404286,38.66020375499082,35.80969612113753
1531,0.42213012679687495,37.33612539230654,-0.05194301680573098,38.38635586298119,34.60285749913092
1532,0.42213012679687495,37.338868393736,-0.03848925702886245,38.10444441881557,33.4762569533951
1533,0.42213012679687495,37.3406765146798,-0.02537119776832168,37.94099702928231,32.42523207011847
1534,0.42213012679687495,37.34175461151691,-0.015127642960539606,37.9089694007412,31.42642293931186
1535,0.44323663313671874,37.34146598101071,0.0038571490896610852,37.59759883161109,30.980993430590296
1536,0.4653984647935547,37.33852423356139,0.03744038287862434,37.2293646481191,31.282697727509664
1537,0.4653984647935547,37.33324977380102,0.06712941756862158,37.535396279219725,31.4016141337211
1538,0.4653984647935547,37.326346786297655,0.08785611259495812,38.03132737922598,31.65568305457705
1539,0.4886683880332324,37.317393860778296,0.10852019569509687,38.59376798269075,32.52043154561616
1540,0.4886683880332324,37.30789362173578,0.11515429205967426,38.988791113198154,32.97448956418675
1541,0.4886683880332324,37.2989367312588,0.10856825573705287,39.02708812079555,33.34921165537321
1542,0.4886683880332324,37.291311849601456,0.09242271119287938,38.93417248419751,33.59227104905635
1543,0.4886683880332324,37.28543926247341,0.07118279974442707,38.88829903078587,33.68275408775281
1544,0.4886683880332324,37.28228700868388,0.038209096834335016,39.03326464740416,33.100031472828256
1545,0.4886683880332324,37.281302565748526,0.011932629146298791,39.40948274689424,32.78549556748192
1546,0.5131018074348941,37.28068451932293,0.007134727600909198,39.58985155282533,32.96861488248405
1547,0.5387568978066388,37.27894103131803,0.019168404362848338,39.67790195744587,33.37547817546702
1548,0.5387568978066388,37.275906838595866,0.0333587801286399,39.906840981777684,33.487328023830784
1549,0.5387568978066388,37.271656932268506,0.04672468222175785,40.192077200865334,33.67106008269984
1550,0.5387568978066388,37.26643948376929,0.05736211679871436,40.44115226929701,33.87254112594078
1551,0.5387568978066388,37.2606469189964,0.06368510913291847,40.61059470420324,34.0512892266565
1552,0.5387568978066388,37.25468450848013,0.06555244167471563,40.81494960891856,34.19649578022178
1553,0.5387568978066388,37.24896113677404,0.06292438082290591,41.065054762082966,34.29823607591955
1554,0.5387568978066388,37.24377645820983,0.05700183478739472,41.23902375003615,34.34934151065006
1555,0.5656947426969708,37.23821440963585,0.05823880790423965,41.20383529440159,34.90048623136118
1556,0.5656947426969708,37.2319355570146,0.0657442823097146,41.19036009716668,35.59770327170375
1557,0.5656947426969708,37.22451591001224,0.07768925257329017,41.373628807105604,36.44055569961298
1558,0.5656947426969708,37.21586196234227,0.09061330358084319,41.805934153120134,37.423073754681056
1559,0.5656947426969708,37.206020759733335,0.10304475062834449,41.945912782613064,38.55668077994646
1560,0.5656947426969708,37.19525912941497,0.11268231704765534,41.91355161681823,39.748015622648424
1561,0.5656947426969708,37.18391367885754,0.118795351535104,41.751287328547924,40.98932220453248
1562,0.5656947426969708,37.172374719311875,0.12082153534943821,41.4680785265761,42.22522556063143
1563,0.5656947426969708,37.16227411377321,0.1190348171466019,41.10681519449486,43.427577065989695
1564,0.5656947426969708,37.15242914507201,0.11602215774850574,40.77184563034647,44.52049421241898
1565,0.5656947426969708,37.14288259443777,0.11250532502999498,40.47108185357447,45.59251544049799
1566,0.5656947426969708,37.133637120003065,0.10895716643486009,40.21282045038551,46.64209234073123
1567,0.5656947426969708,37.1247306527665,0.10496199409719047,40.12611589967764,47.652658071775704
1568,0.5656947426969708,37.115947230906805,0.10351191430935205,40.100250299579834,48.709022074625594
1569,0.5387568978066388,37.10824758221932,0.09527672213378495,39.80994927381289,49.17183751942618
1570,0.5131018074348941,37.10192548733432,0.08214217650880311,39.40971801771546,49.47567190726106
1571,0.4886683880332324,37.09705939248181,0.06638578050964287,39.00048082595942,49.626518232464356
1572,0.4653984647935547,37.093560741709595,0.05011692183344476,38.65124888832242,49.654583051383305
1573,0.44323663313671874,37.09124631983748,0.03481092940858472,38.57443118307852,49.569504195032216
1574,0.42213012679687495,37.08977982302054,0.023160264633307736,38.91012774056797,49.45737551031469
1575,0.4020286921874999,37.088743129497104,0.017191037083860567,39.17096780765719,49.34162718673843
1576,0.38288446874999993,37.087751309696785,0.017269261466262703,39.31919874955186,49.25888860127084
1577,0.3646518749999999,37.08651136375327,0.022669035474113943,39.177927918702906,49.20120911254699
1578,0.3472874999999999,37.08491712532551,0.030603624331683274,39.1357196769738,49.15735115979762
1579,0.33074999999999993,37.08304790686131,0.03767636108204914,39.38085645240203,49.078344897277184
1580,0.31499999999999995,37.08098229910232,0.04371656632795446,40.3936172416445,49.011281787409644
1581,0.29999999999999993,37.078724489311774,0.05017355090120576,40.864059950323515,48.97819690665739
1582,0.29999999999999993,37.076249919576085,0.054990438571097706,40.3047749342064,48.94821081489897
1583,0.28571428571428564,37.075414319381856,0.018929454237821906,39.63079583945392,47.71933754469967
1584,0.2721088435374149,37.0774867021052,-0.047858777190878096,40.882049778072044,46.13102646786237
1585,0.2721088435374149,37.0822732456557,-0.1073189524807276,43.0507908744117,44.73053718684583
1586,0.2721088435374149,37.089039700047486,-0.15171047535084786,44.941036762021824,43.174301614909865
1587,0.2721088435374149,37.09632443821504,-0.17847608510517537,46.223029588742584,41.55956306823104
1588,0.2721088435374149,37.104028927973204,-0.18875999907513982,46.878054910128014,40.072195820251196
1589,0.2721088435374149,37.1114817937178,-0.18259521074228682,46.526641747141454,38.66300974672483
1590,0.28571428571428564,37.11782765308475,-0.14375733193768156,44.084063495228435,37.89402589973578
1591,0.28571428571428564,37.122414807972554,-0.10088944674183395,42.15727555758708,36.85683178840633
1592,0.28571428571428564,37.12523628310449,-0.06024782012824745,40.653670819494224,35.917219318749424
1593,0.28571428571428564,37.126496089242785,-0.0269010251968782,39.8669909595507,35.04101239909223
1594,0.28571428571428564,37.12674887894445,-0.005397895697497189,39.715188236961225,34.195125285744886
1595,0.28571428571428564,37.12656943565635,0.003831707329849639,39.69561710459907,33.36851280693792
1596,0.28571428571428564,37.12649900474351,0.0015039327904087685,39.53570355047901,32.51496088798581
1597,0.29999999999999993,37.126095469211585,0.007967468744159035,38.64307491569904,32.13769240744661
1598,0.31499999999999995,37.12498101538613,0.02034577057413879,37.803552751012816,31.866951971746136
1599,0.31499999999999995,37.123877249374274,0.020150650957257547,37.95085798359885,31.1922228356609
1600,0.33074999999999993,37.12245984311874,0.024644335340220595,38.39865939206945,30.950137597197937
1601,0.34728749999999997,37.12057737901159,0.031171677167037636,38.28368604039275,30.818644803352985
1602,0.36465187499999996,37.118101178777486,0.0390507992281855,37.73500988270333,30.769802827636163
1603,0.38288446875,37.115032934688486,0.04608342759281804,37.0420377361395,30.76922063582445
1604,0.4020286921875,37.11143294639751,0.05149518900561992,36.54085955310534,30.78151579657415
1605,0.4020286921875,37.1084206041174,0.04308934433269223,36.47461982734151,30.290591600249368
1606,0.422130126796875,37.104766086545176,0.04978589555477722,36.785925062514714,30.60372541735764
1607,0.4432366331367188,37.099514268490914,0.07899193736307311,37.88318029345283,31.68956987774692
1608,0.4432366331367188,37.0928822599264,0.09975120990615247,39.43954524285479,32.08844492845053
1609,0.46539846479355473,37.084547209026304,0.11939662505164993,40.22433114953497,33.06324372249307
1610,0.4886683880332325,37.07472330003557,0.1340228429109243,39.704775555966975,34.13217161265932
1611,0.4886683880332325,37.06470651549097,0.1326739328973636,38.259674209277335,34.65132210550679
1612,0.4886683880332325,37.05552554610655,0.11806157843846966,36.90747536743487,35.00296477559622
1613,0.4886683880332325,37.04816315578886,0.09467577829661807,36.341717787030085,35.18442624927282
1614,0.4886683880332325,37.04283042136379,0.06857566094140147,36.27172046599989,35.215230752547015
1615,0.4886683880332325,37.03934908914816,0.044767775518627546,36.23210138906767,35.129878767542145
1616,0.4886683880332325,37.03725154992991,0.02697305486759742,36.15404182988877,34.976936090007996
1617,0.4886683880332325,37.03514097499388,0.02714068612239037,36.13112016895091,35.345543900356226
1618,0.4886683880332325,37.03182055133093,0.04269859121817115,36.28492062777309,35.94204844220436
1619,0.4886683880332325,37.02660718554094,0.06704065424601112,36.68144495861421,36.72845325725565
1620,0.4886683880332325,37.01966354632605,0.09472871426280009,37.21369736205774,37.68831479845866
1621,0.4886683880332325,37.01073040969176,0.1218704661217809,37.71821898965882,38.77515473291503
1622,0.4886683880332325,37.00016078825945,0.1441962373822777,38.03500444470616,39.936870336157
1623,0.4886683880332325,36.98849355373077,0.15917044242961412,38.174950341938356,41.133779938328324
1624,0.4886683880332325,36.97631595907372,0.16613303902674953,38.185598254505145,42.334868255474994
1625,0.4886683880332325,36.964213582549945,0.1651068743840026,38.112460080579,43.50870615564985
1626,0.4886683880332325,36.95265193164801,0.15773001603361678,38.002754427649336,44.63827870974583
1627,0.4886683880332325,36.94271027440632,0.13562922539624764,37.354005691234036,45.14604430646109
1628,0.46539846479355473,36.93619250102572,0.0933647741115801,36.31548006426762,44.84012110917423
1629,0.4432366331367188,36.93359471673598,0.03907294803016791,36.04911423000485,44.152690491283444
1630,0.422130126796875,36.934724249689744,-0.017319050312731104,36.85635242275689,43.170278691231324
1631,0.422130126796875,36.93808902702977,-0.05159189720841673,37.73001069790635,42.54113877318954
1632,0.422130126796875,36.94215570240486,-0.06235405101994932,37.87405145971866,41.975887343847205
1633,0.422130126796875,36.94558837458922,-0.05263292413981543,37.38392760790828,41.541695999302505
1634,0.422130126796875,36.94747662042046,-0.028952342156524122,36.77063060584438,41.238716938404714
1635,0.422130126796875,36.947294072552026,0.002798993785252203,36.396083182093044,41.10715349299591
1636,0.422130126796875,36.94490390317823,0.03664830096671463,36.18273032664152,41.112414068945036
1637,0.422130126796875,36.94136784806439,0.054218087415572706,36.09612016811174,40.64013814679291
1638,0.422130126796875,36.93772108432751,0.055915575042235044,36.08638906144915,40.05402118393909
1639,0.422130126796875,36.934869463153404,0.04372370936418156,36.27768740693177,39.29733008524546
1640,0.422130126796875,36.9334058869148,0.021787293974791715,36.783567393581805,38.38784672147756
1641,0.422130126796875,36.93282288371283,0.008678784072941245,36.89540479164286,37.893519959157416
1642,0.422130126796875,36.932555003725994,0.003987752649524056,36.882217313633035,37.45836982306951
1643,0.422130126796875,36.93201939062399,0.007973318917266844,36.79397129063355,37.15885532448273
1644,0.422130126796875,36.930800620332136,0.018143029338488187,36.59632558184268,36.983702843280625
1645,0.422130126796875,36.92864669845478,0.032064014093027414,36.31423761756535,36.914245153481964
1646,0.422130126796875,36.925500214995814,0.04683962358683092,36.05467223963506,36.928759569147054
1647,0.422130126796875,36.921476373099416,0.0599002798705205,35.91015705748155,37.00106004135083
1648,0.422130126796875,36.91678695386446,0.06980829064310773,35.88722555913568,37.10341934806942
1649,0.422130126796875,36.91172610153714,0.07533757006244597,35.90749643356381,37.21539009767321
1650,0.422130126796875,36.906601816802635,0.07628184646327224,35.90575398787531,37.30351491941315
1651,0.422130126796875,36.90175146316707,0.0722040148997258,36.004482017820585,37.34662031215728
1652,0.422130126796875,36.89734687292513,0.06556822931936465,36.07483449927593,37.363707864666964
1653,0.422130126796875,36.893468253397735,0.05773845026355018,36.0434403941953,37.342404028856
1654,0.422130126796875,36.89010872603675,0.05001106761568055,35.9625107567068,37.291786190301494
1655,0.422130126796875,36.8871544007375,0.04397909182575103,35.88650923873653,37.222827938450614
1656,0.422130126796875,36.88444361265967,0.04035371386682662,35.83548440778731,37.147414284722196
1657,0.422130126796875,36.88183176539413,0.03888084726311311,35.81572896849654,37.06382376555228
1658,0.422130126796875,36.879262768569795,0.0382429610124443,36.03597124715934,36.95768367914597
1659,0.422130126796875,36.876566041420624,0.040144398097302116,36.29530680191264,36.8934974648281
1660,0.422130126796875,36.87360796216507,0.04403497449701182,36.34182747375899,36.85769672797927
1661,0.422130126796875,36.870319913535134,0.04894701089979615,36.23284203365316,36.84845290392471
1662,0.422130126796875,36.866748957985784,0.05315845958147685,36.14113297196301,36.83606064507603
1663,0.422130126796875,36.86296453356787,0.056336229806931384,36.185049591764994,36.84374249525893
1664,0.422130126796875,36.85902211836526,0.058688134395758366,36.197398478987346,36.8599577117242
1665,0.422130126796875,36.854990682989595,0.060013318987130235,36.20085360873727,36.88037413715196
1666,0.422130126796875,36.85095254156932,0.06011314744954851,36.23528058729638,36.89967369988066
1667,0.422130126796875,36.84699326315358,0.05893916592513422,36.24007102589456,36.910025799032
1668,0.422130126796875,36.84317773676483,0.056799224329656374,36.147522295738284,36.908248303997205
1669,0.422130126796875,36.84034699117678,0.04213944218795733,36.03033177615275,36.34145573019575
1670,0.422130126796875,36.838210294793235,0.03180758952963703,35.958984142652,36.140556349844694
1671,0.422130126796875,36.83642894806131,0.026517733682336182,35.929004157786174,35.94036422307391
1672,0.422130126796875,36.835470051859254,0.014274455197037881,36.08880455453442,35.226494353680344
1673,0.422130126796875,36.83476715905896,0.010463501435075795,36.127343504771495,34.93455790888827
1674,0.422130126796875,36.83382821968174,0.01397737111056474,36.05343846919875,34.70064133496913
1675,0.422130126796875,36.83229458763703,0.02283016854600702,35.939061506953394,34.54280195066626
1676,0.422130126796875,36.83003490599257,0.03363838997832715,35.99898797371646,34.40829831424582
1677,0.422130126796875,36.82696609303316,0.04568339409755616,36.271360608525576,34.37500741964995
1678,0.422130126796875,36.82229383254877,0.06955285964237369,36.48393993659001,34.957985654818906
1679,0.422130126796875,36.81568191462729,0.09842726035851472,36.93394012556236,35.74102007317048
1680,0.422130126796875,36.80765971555183,0.12669393576711235,37.72722124756668,36.71965324001269
1681,0.422130126796875,36.7981235848802,0.15060333400034218,38.471002222795406,37.811630099411666
1682,0.422130126796875,36.788367100686564,0.15408335920258456,38.39696282663435,38.38668054414386
1683,0.422130126796875,36.77943881457338,0.1410036944599372,37.93078217238667,38.81906432701583
1684,0.422130126796875,36.77199819748384,0.1175090588932406,37.304085900833066,39.098910338646306
1685,0.422130126796875,36.766372501659085,0.08884615536979304,36.6948750222127,39.21326436862169
1686,0.422130126796875,36.7625981365568,0.05960824025064141,36.30816673909178,39.16370789751008
1687,0.422130126796875,36.760433701923134,0.03418273965429133,36.26369672703572,39.02210374817204
1688,0.422130126796875,36.75940228589626,0.016289069197611195,36.283934477190385,38.832500860390326
1689,0.422130126796875,36.75895796628267,0.007017103421812755,36.250377615376046,38.63490010405376
1690,0.422130126796875,36.75855174760335,0.006415378474412665,36.15231471804351,38.46466188066764
1691,0.422130126796875,36.757761180974676,0.012485354293772183,36.096692260642726,38.31585433015051
1692,0.422130126796875,36.756289100792834,0.023248442259927723,36.154797053849336,38.22876881096315
1693,0.422130126796875,36.75397652718779,0.03652228634791785,36.15070837527858,38.187138407484845
1694,0.422130126796875,36.75087415334933,0.04899553702385727,36.244985574055654,38.17311586729752
1695,0.422130126796875,36.74713281294293,0.05908668392191814,36.32911569605966,38.184170384199305
1696,0.422130126796875,36.742963942911196,0.06583862442868808,36.44625023499806,38.213346388190146
1697,0.422130126796875,36.73857857955651,0.06925768582245985,36.45942909675165,38.253914781027774
1698,0.422130126796875,36.73416381963335,0.0697219434312876,36.41875240609344,38.289561461489726
1699,0.422130126796875,36.72989513075917,0.06741505526701928,36.37848320181196,38.31280617388936
1700,0.422130126796875,36.72588985355686,0.06325501621482389,36.30801199504878,38.31400393428588
1701,0.422130126796875,36.722978583827896,0.04597744540775659,36.22071109858045,37.73792934432039
1702,0.422130126796875,36.7216172766012,0.020872829138734266,36.3441326861055,36.973009850580375
1703,0.422130126796875,36.72211349710456,-0.007608514506262291,36.92537387268688,36.00905274644332
1704,0.422130126796875,36.7242363483338,-0.033526016338999536,37.67781540413204,34.92912119871758
1705,0.422130126796875,36.72762831431997,-0.05356904219584703,38.29575875374567,33.78300719013797
1706,0.422130126796875,36.73179720793691,-0.0658389969078994,38.650764093812825,32.6099013354429
1707,0.422130126796875,36.73624554312631,-0.07025219487287049,38.79306713034903,31.43333865906778
1708,0.4432366331367188,36.74000029015468,-0.0564746796277361,38.25265754489372,30.771741306549085
1709,0.46539846479355473,36.741415531357234,-0.019682353781592943,37.10425118469535,30.877278053166577
1710,0.4886683880332325,36.739109857961296,0.02964953144831246,36.31922265331575,31.36706306318207
1711,0.4886683880332325,36.73335940662592,0.0739472416214016,36.25859712909565,31.68866596412026
1712,0.4886683880332325,36.72500340669531,0.10745298235248203,36.57098208345206,32.14054262821584
1713,0.4886683880332325,36.715143590862276,0.12679112320488162,36.87393357823429,32.622251623738045
1714,0.4886683880332325,36.70494059175168,0.13120424754382345,36.88887995151085,33.049886142570465
1715,0.4886683880332325,36.69546052871009,0.12190773757349718,36.60783449158948,33.3457396463171
1716,0.4886683880332325,36.68748113078255,0.1026101139073279,36.30027362840366,33.505262602807996
1717,0.4886683880332325,36.68138786604902,0.07835560953989334,36.06678113013573,33.52663255630833
1718,0.4886683880332325,36.67719697510201,0.053892261214762004,35.9594364871948,33.43394189029283
1719,0.4886683880332325,36.6746338459829,0.032960252547769756,35.97825057330035,33.246171364039334
1720,0.4886683880332325,36.67317857166592,0.01871392613667881,36.089999413939495,33.033210966725235
1721,0.4886683880332325,36.67220897419979,0.012468422723942581,36.11854129039613,32.82923294730461
1722,0.4886683880332325,36.67113690098609,0.013786197351467081,36.045575983130114,32.66148567831075
1723,0.4886683880332325,36.66950432936622,0.020993859611958862,35.93062003649493,32.548197852496315
1724,0.4886683880332325,36.66703076430304,0.03180851427567203,35.845383092967396,32.47983964173697
1725,0.4886683880332325,36.662890496207716,0.05324128270389437,35.903645945065605,32.99275210642537
1726,0.4886683880332325,36.65671444224147,0.07942022778273898,36.34285259681936,33.66248343977707
1727,0.4886683880332325,36.64844740875556,0.10630892899044575,37.048194888527604,34.57437110053243
1728,0.4886683880332325,36.638362920919405,0.1296802659751811,37.64030311666126,35.63981351983638
1729,0.4886683880332325,36.6277561309658,0.13639674762601015,37.557239486331724,36.26052691104263
1730,0.4886683880332325,36.61776902450145,0.12842800186408024,37.011840184487575,36.74155594984229
1731,0.4886683880332325,36.60926230062494,0.10939119891905101,36.378478550168126,37.026711765785315
1732,0.4886683880332325,36.60272237519898,0.08409938932699183,35.95276756696361,37.118050726255774
1733,0.4886683880332325,36.59823915303688,0.05765145953381779,35.80478018556055,37.03857438622232
1734,0.4886683880332325,36.595599212346116,0.03394800177284659,35.957570276395934,36.83636048716394
1735,0.4886683880332325,36.5942656603571,0.01714865240903933,36.13936515220576,36.58565796447658
1736,0.4886683880332325,36.59359147405751,0.008669618137061954,36.1911403467734,36.32954490101437
1737,0.4886683880332325,36.5929044290145,0.008834973611282286,36.14393044587621,36.11761581157275
1738,0.4886683880332325,36.591751141710695,0.014830560235968198,36.204336113222254,35.91957463799667
1739,0.4886683880332325,36.58976271513133,0.025569933929593995,36.41749536533957,35.8241182385403
1740,0.4886683880332325,36.58675448657016,0.03868395562212292,36.45604701788235,35.80575787750491
1741,0.4886683880332325,36.58272352565167,0.05183566012840809,36.321007627795986,35.843858478267535
1742,0.4886683880332325,36.57860428403108,0.0529708952656524,36.1432397163356,35.38660741610101
1743,0.4886683880332325,36.57514521346333,0.0444815045185529,36.08712806596117,34.788315272218725
1744,0.4886683880332325,36.5728831525425,0.02908870203721183,36.2257171959796,34.029120392772114
1745,0.4886683880332325,36.572110283357944,0.009938618901304569,36.62241516846448,33.10751592747818
1746,0.4886683880332325,36.57279521545445,-0.00880780242812448,37.06750382904733,32.08695918526153
1747,0.4886683880332325,36.5746993909161,-0.02448651675149988,37.413904801509396,30.99241616063156
1748,0.5131018074348941,36.57677440824273,-0.02541279742295769,37.202075795398684,30.340308116603136
1749,0.5387568978066388,36.57727747958224,-0.00586774218658423,36.46174676507518,30.36027988057863
1750,0.5656947426969708,36.57490767874866,0.026324734320413434,35.949983010318995,30.735077612711976
1751,0.5656947426969708,36.56982862221371,0.056420274643544446,35.95851233320169,30.943436996034862
1752,0.5656947426969708,36.56259278248282,0.08037872035568278,36.134172235075965,31.27756071396037
1753,0.5656947426969708,36.55398716817378,0.0955947466722654,36.30799217366013,31.626143545434584
1754,0.5656947426969708,36.54484763256756,0.10152576673807474,36.41891057808462,31.961178809465924
1755,0.5656947426969708,36.535236833860786,0.10676075346833704,36.530781615811605,32.73294034789187
1756,0.5656947426969708,36.52534486622464,0.10988409499983373,36.67734369709572,33.54715802191084
1757,0.5656947426969708,36.5153638971814,0.11087275968539333,36.87272748896924,34.416974182140805
1758,0.5656947426969708,36.505441119274565,0.1102263483145384,37.054978005091456,35.34517648227775
1759,0.5656947426969708,36.49639861541418,0.10044789770642568,36.849253908597085,35.78336948077249
1760,0.5656947426969708,36.48876990494969,0.08474289203519159,36.44930844722371,36.06576189469928
1761,0.5656947426969708,36.482740011405866,0.06698256801696337,36.08092345878879,36.18919740275636
1762,0.5656947426969708,36.478201833362576,0.05041197116465298,35.869208586767265,36.174520049102576
1763,0.5656947426969708,36.474840802267416,0.037335732762487375,35.815598264616554,36.069666178792396
1764,0.5656947426969708,36.47146345822791,0.03751694373999377,35.80123861453212,36.45117916981837
1765,0.5656947426969708,36.467150941093436,0.04790523583611688,35.85447986409675,36.985286829109285
1766,0.5656947426969708,36.46131684861211,0.0648075282932241,36.146876901593686,37.70569365968761
1767,0.5656947426969708,36.454445926379194,0.07632506485570834,36.34823919219691,38.058708682412416
1768,0.5656947426969708,36.44711934408625,0.08138672651523839,36.40677524858254,38.374600020173304
1769,0.5656947426969708,36.439829136372566,0.08098266254461639,36.28591120593508,38.619763369759646
1770,0.5656947426969708,36.433020738135866,0.07563052227388026,36.08283102161824,38.76617936709148
1771,0.5656947426969708,36.4269530987939,0.06740186405797359,35.92222889227096,38.82451673234707
1772,0.5656947426969708,36.42174546268338,0.05784859010274963,35.82256033763383,38.801262400338096
1773,0.5656947426969708,36.416635012625555,0.056769006966268715,35.871402684766544,39.22999616638749
1774,0.5656947426969708,36.41092212142047,0.06346117405489225,36.076460740350115,39.82913182607106
1775,0.5656947426969708,36.4041072526676,0.07570239946150648,36.342951395698805,40.588841096846515
1776,0.5656947426969708,36.39646248303867,0.09009299011093733,36.59278094087765,41.48996475396166
1777,0.5656947426969708,36.387626402692725,0.10413249029927757,36.827033961805846,42.448976543479105
1778,0.5656947426969708,36.37852467665551,0.10726310322801082,36.8462671098422,42.95478068895095
1779,0.5656947426969708,36.36988674412094,0.10179733441150282,36.66840911635111,43.35220330426762
1780,0.5656947426969708,36.36224113351407,0.0901029009676094,36.386516954208105,43.59932218367785
1781,0.5656947426969708,36.35590198071669,0.07470640163230177,36.11702356895441,43.70312958269836
1782,0.5387568978066388,36.35247668963858,0.041150598499322406,35.968824133453566,42.62787650026071
1783,0.5387568978066388,36.351888472767236,0.006860865805065865,36.320977439125464,41.6662061026886
1784,0.5387568978066388,36.35404481619025,-0.024418678211695043,37.24198975703906,40.401526696951336
1785,0.5387568978066388,36.358271178850536,-0.04646583643129531,38.0827033976042,39.05887233457136
1786,0.5387568978066388,36.36344097517885,-0.056838215241560186,38.357031986138345,37.6756968802007
1787,0.5387568978066388,36.368523776286175,-0.05588176497148429,38.14531461929243,36.3480280918675
1788,0.5387568978066388,36.372690312227974,-0.04580808442582774,37.69695254060858,35.117562615422194
1789,0.5387568978066388,36.37466549700288,-0.021083247311846798,36.88236445405019,34.54262913155914
1790,0.5387568978066388,36.37358263353897,0.011558553156362795,36.199797776182805,34.230253416984034
1791,0.5387568978066388,36.36936485332872,0.045020852939787775,35.88523714887011,34.180632589073795
1792,0.5387568978066388,36.36325340935903,0.06523393977255688,35.88450470334716,33.81001299135409
1793,0.5387568978066388,36.35654469856294,0.07160920368288323,35.92448649056315,33.40687266375732
1794,0.5387568978066388,36.34961501205463,0.07396791242263341,35.898583577259544,33.39451650581848
1795,0.5387568978066388,36.342827259807414,0.07245289713553689,35.86393102015415,33.38885890896831
1796,0.5387568978066388,36.33655308351885,0.06697095484452253,35.980808141183395,33.35827517873659
1797,0.5387568978066388,36.33097978736444,0.05948971592860385,36.144181350490086,33.34108354304508
1798,0.5387568978066388,36.32614329552497,0.05162502003302116,36.17248599727908,33.30799775223226
1799,0.5387568978066388,36.3219453942232,0.04480866421248066,36.06003743726158,33.244061269189345
1800,0.5387568978066388,36.31827146200814,0.03921578501472299,35.98950931459578,33.14340924817612
1801,0.5387568978066388,36.31484034444693,0.036623966030050185,35.952235257917714,33.05137100025685
1802,0.5387568978066388,36.311390888899204,0.03681970685875035,35.909370883596225,32.9689555723469
1803,0.5387568978066388,36.30766907453618,0.03972688209309254,35.85652973485501,32.91245046434768
1804,0.5387568978066388,36.303528248863,0.04419943533973585,35.804956394994335,32.88580937071338
1805,0.5387568978066388,36.2989005054235,0.04939682639865543,35.77524133325941,32.884865504749634
1806,0.5387568978066388,36.29382846117242,0.0541393213844467,35.76593618237547,32.90986806463961
1807,0.5387568978066388,36.288384949285316,0.058104390444348814,35.765542348986564,32.9536883416643
1808,0.5387568978066388,36.2820199779069,0.0679401073807916,35.90581931707432,33.47848479813802
1809,0.5387568978066388,36.274380421555705,0.08154510805866384,36.282369749506856,34.1908504919732
1810,0.5387568978066388,36.265389686447705,0.0959676756351194,36.66151224976433,35.073960948220424
1811,0.5387568978066388,36.25522942399017,0.10845128459221137,36.896577067932675,36.07627285260083
1812,0.5387568978066388,36.24425765142894,0.11711339480606699,36.97690420479675,37.15021532604683
1813,0.5387568978066388,36.23372824809489,0.11239151767390913,36.67916924793596,37.712384332565385
1814,0.5387568978066388,36.22458296420349,0.09761733913170914,36.371419895353505,38.103235388333594
1815,0.5387568978066388,36.217478328706584,0.07583532900064975,36.23883065525503,38.22320108495473
1816,0.5387568978066388,36.212636103710516,0.051686216109398914,36.56902880149909,38.12705362281362
1817,0.5387568978066388,36.209739120564294,0.03092258147494885,36.917110291004064,37.92622712155196
1818,0.5387568978066388,36.208137383327106,0.017097044655965635,36.94517631329192,37.66877761129173
1819,0.5387568978066388,36.2070752756126,0.011337004973443435,36.67745109216806,37.397106333480984
1820,0.5387568978066388,36.20588967455747,0.012655180708245768,36.4033815302179,37.09940480042377
1821,0.5387568978066388,36.20424195723105,0.017587839038881045,36.67217431185284,36.71831606821194
1822,0.5387568978066388,36.202312133806444,0.023879953184293208,37.70344429142222,36.3619835227481
1823,0.5387568978066388,36.19973088928148,0.031940745265825236,38.48217351464493,36.21632177223935
1824,0.5387568978066388,36.19634420508731,0.04190738850832463,38.31299396510746,36.21164442575946
1825,0.5387568978066388,36.19203390726057,0.051782850343284954,37.54611447861928,36.272633493093316
1826,0.5387568978066388,36.187108518077395,0.05917240552935098,36.79999900497939,36.332976704145814
1827,0.5387568978066388,36.181764388184476,0.06420305268558935,36.357371460851304,36.423359422064436
1828,0.5387568978066388,36.17623068574288,0.06648053032431818,36.13076164759414,36.50104403571585
1829,0.5387568978066388,36.170784239296104,0.06543225841798397,36.07040466715054,36.52745374796323
1830,0.5387568978066388,36.16559306827146,0.062365442733116436,36.11924124261687,36.546950535785825
1831,0.5387568978066388,36.16079252777633,0.05767250431857561,36.17937891721957,36.51338272673621
1832,0.5387568978066388,36.15641232017724,0.05262272903033652,36.19931037466366,36.469412670161745
1833,0.5387568978066388,36.15243932052988,0.0477306335718362,36.22592510309709,36.40421485015155
1834,0.5387568978066388,36.14872093777778,0.04467172926592534,36.184359406847236,36.34987908156074
1835,0.5387568978066388,36.14513220404385,0.04311415807827189,36.07326361437464,36.294800784859426
1836,0.5387568978066388,36.14158957546889,0.042560262119665945,36.00419798733155,36.194008799500295
1837,0.5387568978066388,36.13803679433259,0.042682232476387666,36.20466351107447,36.11447021027246
1838,0.5387568978066388,36.13433865505138,0.044428529221516064,36.30056500449708,36.077137685533415
1839,0.5387568978066388,36.130431330265665,0.04694163205302479,36.21182327102319,36.06015313819419
1840,0.5387568978066388,36.12627427444555,0.049941838837018145,36.043050591555414,36.059607565932026
1841,0.5387568978066388,36.121886888867266,0.05270896349421303,35.89405599288188,36.07151550410053
1842,0.5387568978066388,36.117300861933906,0.05509539152663226,35.80574118552318,36.090084824098106
1843,0.5387568978066388,36.11259162815496,0.056575568048847884,35.7719164608076,36.110795849007054
1844,0.5387568978066388,36.107820812233385,0.057315400655184305,35.76556671991345,36.13156597817965
1845,0.5387568978066388,36.102442580795724,0.06461274019663474,35.80843741731166,36.63385996526259
1846,0.5387568978066388,36.096184480083764,0.07518327169657643,36.06886393776482,37.246305723967204
1847,0.5387568978066388,36.08912388620477,0.08736895258645892,36.48764637698544,38.01256468271854
1848,0.5387568978066388,36.08168572063898,0.09204108688066723,36.60097782987145,38.39511348783007
1849,0.5387568978066388,36.07442193629043,0.0898832649520773,36.44246890393921,38.7096304297175
1850,0.5387568978066388,36.06776473812558,0.08237726752025237,36.184912078807116,38.924561826898724
1851,0.5387568978066388,36.06199006045776,0.07145681340800261,35.96354406119611,39.028916418348054
1852,0.5387568978066388,36.057198265299995,0.059294463201891565,35.83985739375419,39.036250534037926
1853,0.5387568978066388,36.053327987340126,0.047891457484431715,35.80270007260854,38.96824528111486
1854,0.5387568978066388,36.0501860900005,0.03887835561718952,35.80527795268999,38.853599276036384
1855,0.5387568978066388,36.047500161027244,0.03323612788624464,35.8153110144057,38.71908367938792
1856,0.5387568978066388,36.044979155403254,0.03119533917477006,35.82455693116839,38.581159518916095
1857,0.5387568978066388,36.04297179015806,0.0248394684550446,35.908650274442124,37.96230448600574
1858,0.5387568978066388,36.04168151495905,0.015966078012321815,36.09904600836445,37.21438644567814
1859,0.5387568978066388,36.04116440071409,0.00621248243954406,36.373117910793525,36.35705559424633
1860,0.5387568978066388,36.041449827444296,-0.003429046030865172,36.72453983402408,35.367502686439266
1861,0.5387568978066388,36.04249522520108,-0.01255914968398094,37.35009489807894,34.28065562012778
1862,0.5387568978066388,36.0439807931599,-0.017847245452378212,37.729669600580586,33.22949029908441
1863,0.5387568978066388,36.0455734014466,-0.019133201435565836,37.708462916248834,32.201031590294484
1864,0.5387568978066388,36.04699227901727,-0.017046043649705706,37.46449554721648,31.207430198545413
1865,0.5656947426969708,36.04742789034955,-0.004984120606077032,36.9023044136007,30.709578405607243
1866,0.5939794798318194,36.04624416046549,0.012898900311724335,36.38805979798618,30.39989727102285
1867,0.5939794798318194,36.043802529736126,0.026606028790676205,36.177778582111536,29.806963402396075
1868,0.6236784538234105,36.03991234486369,0.04037206986799139,36.083681401654566,29.665799864529347
1869,0.654862376514581,36.03461781219721,0.05232980405756867,36.036416068560065,29.646349258358406
1870,0.6876054953403101,36.02812508901697,0.06111658289343822,35.985845526049594,29.70288087625951
1871,0.7219857701073257,36.02082510677615,0.06544322332754879,35.94289382345712,29.77180995531533
1872,0.758085058612692,36.0131765333175,0.06530313355607735,35.99673593680135,29.82721877913282
1873,0.7959893115433266,36.0055160615308,0.06229021036141019,36.04746753426597,29.875224765714663
1874,0.835788777120493,35.99748100934242,0.06222482486536126,36.09602480857807,30.28638595983095
1875,0.835788777120493,35.98960289364038,0.06100948174771343,36.13390745285879,30.406052902821795
1876,0.835788777120493,35.981923316816705,0.05947196255724265,36.20769475657892,30.519887787132483
1877,0.835788777120493,35.974543673257784,0.05714922781549062,36.20342164130983,30.613130303167623
1878,0.835788777120493,35.96689153568751,0.05925946826389552,36.11553860898307,31.131464245429886
1879,0.835788777120493,35.95857266246189,0.06442278374876251,36.03751729700965,31.728111783565904
1880,0.835788777120493,35.94939930243156,0.0710400763967609,36.07566428447019,32.43047733897745
1881,0.835788777120493,35.93932774488339,0.07799587231830898,36.180243486176806,33.238327681531466
1882,0.835788777120493,35.92848085422154,0.08400018518164103,36.26402048555105,34.122451204861434
1883,0.835788777120493,35.917060081388925,0.0884444273261906,36.27955384092875,35.0545017748622
1884,0.835788777120493,35.905315624820396,0.09095108979773768,36.243946979142656,36.005619071167786
1885,0.835788777120493,35.89350564103108,0.09145854385558863,36.1993973968834,36.94731291028807
1886,0.835788777120493,35.882438597292236,0.08570508844032922,36.05859837015408,37.40911594082881
1887,0.835788777120493,35.87266700501544,0.07567288971180486,35.9047578574108,37.70113186599365
1888,0.835788777120493,35.86445691143197,0.06358037550757405,35.77401183764723,37.822693908882485
1889,0.835788777120493,35.85786321825785,0.05106269298018419,35.704322935531536,37.76762387179671
1890,0.835788777120493,35.852639511098296,0.04045328586928892,35.70437547156023,37.587527312785845
1891,0.835788777120493,35.8483688123339,0.03307302509515781,35.78946629162571,37.3592456855642
1892,0.835788777120493,35.844551778453706,0.029559766275485237,35.80734454028291,37.150555241655134
1893,0.835788777120493,35.84064771082022,0.030233770616789037,35.67535117817996,37.00565277528175
1894,0.835788777120493,35.836276892149336,0.033848370855289044,35.44610123122585,36.90850664169259
1895,0.835788777120493,35.83123961389209,0.03900954841447996,35.25889758352283,36.85513128274532
1896,0.835788777120493,35.82541015719445,0.04514431438234409,35.09902961524059,36.871493541731034
1897,0.835788777120493,35.81882594560689,0.05098926594465995,34.94282797421242,36.924209263079916
1898,0.835788777120493,35.81166325982434,0.05546906951389316,34.793620911729064,36.98780447874486
1899,0.835788777120493,35.804172157440874,0.058012384105430685,34.65856250212074,37.048969731390194
1900,0.835788777120493,35.7966208810713,0.0584783817940865,34.53958101078669,37.094284840641265
1901,0.835788777120493,35.78923987109884,0.057159809556689894,34.43217232849383,37.115899340621056
1902,0.835788777120493,35.78218350514224,0.054645710512008824,34.3304484619499,37.11386061482474
1903,0.835788777120493,35.77551214562031,0.05166415452364038,34.23130504441546,37.0925069513925
1904,0.835788777120493,35.7691786017714,0.04904805190270252,34.13610417502334,37.058635794637034
1905,0.835788777120493,35.763122934623084,0.04689612698361805,34.04977519203185,37.01885533635061
1906,0.835788777120493,35.75660715562069,0.05045931224590757,33.9740998093875,37.45699323793445
1907,0.835788777120493,35.749148313150506,0.057762557793521956,33.93880612681669,38.04299847911224
1908,0.835788777120493,35.741074483069724,0.0625251275276392,33.89509789957922,38.29967221496443
1909,0.835788777120493,35.732765369730544,0.06434720151102158,33.82623983939369,38.53872033969105
1910,0.835788777120493,35.72455063693562,0.06361630235817,33.74054495220119,38.72072610062018
1911,0.835788777120493,35.71679561245315,0.06005624219179893,33.68624208617572,38.79802146436269
1912,0.835788777120493,35.70969226986106,0.05500950564959379,33.67907593526353,38.81223828602215
1913,0.835788777120493,35.703269986923935,0.0497352626503565,33.69168591589058,38.77875289661724
1914,0.835788777120493,35.696859196501535,0.04964626264155457,33.65673287810443,39.17782046042401
1915,0.835788777120493,35.689940583285015,0.0535789296218068,33.65037184143761,39.689358424250436
1916,0.835788777120493,35.682140319181904,0.060406585587816156,33.65556504273393,40.356128521245964
1917,0.835788777120493,35.673238459797886,0.06893752873793813,33.65854239303408,41.14493469011126
1918,0.7959893115433266,35.664765381995394,0.06889781901453931,33.51824301807699,41.09570494397653
1919,0.758085058612692,35.65762833199886,0.0609357720939535,33.3521742143231,40.82933777818298
1920,0.7219857701073257,35.65237147488628,0.04712691930879216,33.290742569247314,40.31287616980357
1921,0.6876054953403101,35.64920685926687,0.029788809327004204,33.39803594918051,39.568058686993496
1922,0.6876054953403101,35.64727740285206,0.018162145473069408,33.49494675919101,39.108208916164045
1923,0.6876054953403101,35.64591448178088,0.012829297709292725,33.50012043795294,38.67436162887837
1924,0.6876054953403101,35.64445864820077,0.013703891450259952,33.4244580487793,38.32796686594753
1925,0.6876054953403101,35.64236558461466,0.01970219438129215,33.314004746436474,38.093523379159095
1926,0.6876054953403101,35.639266671241565,0.029170348217389366,33.21095755958078,37.97838446646151
1927,0.6876054953403101,35.634998951267775,0.040172429087760586,33.1418606655883,37.96951775592283
1928,0.6876054953403101,35.62902189535118,0.056262560907656196,33.13026783887076,38.51297973793876
1929,0.6876054953403101,35.621172449657855,0.07388753302228018,33.2378127323144,39.242685243238604
1930,0.6876054953403101,35.61218433675063,0.08460590915409635,33.30372106441907,39.661915176201134
1931,0.6876054953403101,35.60282422356506,0.0881075809823051,33.260010159176844,40.05305627292676
1932,0.654862376514581,35.594668769326596,0.08060641971334001,33.169249773402015,39.84691666876991
1933,0.6236784538234105,35.58853973187505,0.0636067272715374,33.194235366493274,39.42332237140879
1934,0.6236784538234105,35.58398167598474,0.04730318915415321,33.31172958575826,39.21270634592306
1935,0.6236784538234105,35.58073306584424,0.03371385162046282,33.448888410778785,38.907326072843915
1936,0.6236784538234105,35.578370793135555,0.024515502982359137,33.636413691097964,38.59101683465253
1937,0.6236784538234105,35.57637296592841,0.02073331274368994,33.70598950144222,38.31472299035324
1938,0.6236784538234105,35.574252297255974,0.02200815298427982,33.63313350293313,38.100467566561484
1939,0.6236784538234105,35.57161742951116,0.027344475436164768,33.47695930814488,37.96292209320437
1940,0.6236784538234105,35.56823632555739,0.035088863261866075,33.30174267225786,37.90191115517033
1941,0.6236784538234105,35.564064887553904,0.043290895432661916,33.165928518923344,37.859272537939226
1942,0.6236784538234105,35.559267044522095,0.04979168354376897,33.4258571081545,37.8131647991507
1943,0.6236784538234105,35.553925037213375,0.0554389828181893,33.60047126423563,37.871739826555235
1944,0.6236784538234105,35.54818398765471,0.059580215721782855,33.46651352463351,37.95705041662274
1945,0.6236784538234105,35.54283859326934,0.05547413366579151,33.132439438219734,37.58389537006572
1946,0.6236784538234105,35.538589772552804,0.04409396788280909,33.04599860295221,36.95819516359451
1947,0.6236784538234105,35.53585943332456,0.02750997271451661,33.4167378040902,36.07792214610165
1948,0.6236784538234105,35.53482368744313,0.010131868420155243,34.05898363421545,35.1147910005062
1949,0.6236784538234105,35.53532072398946,-0.004720493720759755,34.24411493486593,34.06170005658114
1950,0.6236784538234105,35.53691848031746,-0.015174334300436826,34.055943403342425,32.95202652050738
1951,0.6236784538234105,35.53900960532567,-0.019859993281084634,33.67261049554661,31.845095221885206
1952,0.6236784538234105,35.5410010819821,-0.018913605289400417,33.26071167376863,30.774521821907797
1953,0.6236784538234105,35.541764196319185,-0.007247508182249785,32.6756323351514,30.225138226601196
1954,0.6236784538234105,35.54054737019378,0.011556534678656138,32.15657133593562,29.891843146522653
1955,0.6236784538234105,35.536384762,0.03953344273318053,31.837959155506496,30.245398263587383
1956,0.6236784538234105,35.528973809955474,0.07038386382080156,31.98686145716325,30.927626728271278
1957,0.6236784538234105,35.51863697889618,0.09817174706369308,32.436820483939684,31.86970384664891
1958,0.6236784538234105,35.50676112395692,0.11278828304094966,32.64384735134514,32.52729990289073
1959,0.6236784538234105,35.49476720143951,0.11390960352617183,32.473897446223,33.11568369607199
1960,0.6236784538234105,35.48385224785051,0.10366233682309585,32.09733882948078,33.5489381418979
1961,0.6236784538234105,35.47483935994596,0.08559789229433193,31.740559921683555,33.78990818149801
1962,0.6236784538234105,35.46810160448431,0.0639903294505724,31.520075732874812,33.84499083408239
1963,0.6236784538234105,35.46356344223566,0.04310018359137483,31.4308920525995,33.741357808889106
1964,0.6236784538234105,35.460827561612184,0.025983415906079454,31.43208308691871,33.51012842689903
1965,0.6236784538234105,35.45940959150813,0.013466854745026962,31.65030064741447,33.175746013452915
1966,0.6236784538234105,35.45857427541803,0.007933228224773246,31.825326032764114,32.848988546886076
1967,0.6236784538234105,35.45836658172625,0.001915072335721916,32.18977919347256,32.02338083215772
1968,0.6236784538234105,35.45857421510894,-0.0019145162461621456,32.500568601702426,31.21120594211122
1969,0.6236784538234105,35.458204113505815,0.003412580013546715,32.30097102295231,30.80681239771882
1970,0.6236784538234105,35.45653430784701,0.015396705579875533,31.901803283275935,30.543518726531868
1971,0.6236784538234105,35.45322164967445,0.030544885448562757,31.5856344228445,30.428146473435298
1972,0.6236784538234105,35.448238696609216,0.04594610208612365,31.46992572795157,30.43210607300948
1973,0.6236784538234105,35.44185417806269,0.0588694569403927,31.518423586747158,30.52749141328405
1974,0.6236784538234105,35.434567813084996,0.06718507373416259,31.653031221974864,30.65343309358539
1975,0.6236784538234105,35.42693654140006,0.07036534024963019,31.799001514188443,30.811929184432525
1976,0.6236784538234105,35.41946258454822,0.06891479410035786,31.82221033644851,30.953605097326072
1977,0.6236784538234105,35.41257774481962,0.06348274705295594,31.757949592600518,31.032247645125985
1978,0.6236784538234105,35.40652488970929,0.055811302087504955,31.735317041331935,31.059569952271524
1979,0.6236784538234105,35.401352290703684,0.04769476229280656,31.695307702372865,31.04193782595137
1980,0.6236784538234105,35.39694421716223,0.040645335062878,31.627537556845436,30.978951278351577
1981,0.6236784538234105,35.393092305799,0.035517154266705354,31.5477942756291,30.890849443084527
1982,0.6236784538234105,35.389648381037844,0.03175524966445976,31.558530733015203,30.71882692502841
1983,0.6236784538234105,35.38639122314965,0.030033136351536684,31.74680985477359,30.547047155248915
1984,0.6236784538234105,35.38316254564081,0.029770528536526068,32.06447671718927,30.36189452252713
1985,0.6236784538234105,35.37973043638166,0.031646302970838716,32.21999573098606,30.20918681160038
1986,0.6236784538234105,35.37591531876206,0.035177891769332024,32.19543351102052,30.148322923678876
1987,0.6236784538234105,35.371802971360424,0.03791854570074052,32.14045602135493,29.94969988626058
1988,0.6236784538234105,35.3677428580604,0.03743691295562695,32.62218278331999,29.54043659240897
1989,0.6236784538234105,35.36468210532868,0.03271720882174936,34.04161291027189,29.023105350370702
1990,0.6236784538234105,35.36180233602594,0.030782628292831793,34.835869335560226,28.869042925527495
1991,0.654862376514581,35.35825242726053,0.036138980165592534,34.280187813537204,29.217426438458936
1992,0.654862376514581,35.35402957312157,0.041737608128360346,33.13104781789391,29.320989108812483
1993,0.654862376514581,35.349176241526564,0.04657192789605501,32.043189906369456,29.432028754878285
1994,0.654862376514581,35.34382396193656,0.04986385130646438,31.363097477059103,29.513518820289566
1995,0.654862376514581,35.3383886389848,0.05063751452280967,31.138320972060203,29.51897720682842
1996,0.654862376514581,35.333045994140626,0.0497740903880171,31.184479797981314,29.508508045570764
1997,0.654862376514581,35.32790498830078,0.04789554552472167,31.23651626868101,29.475904261653092
1998,0.654862376514581,35.32299690466196,0.04572555462599987,31.2167209366274,29.43086250920279
1999,0.654862376514581,35.31831588879456,0.043610105797019544,31.14009744084084,29.38602026408028
2000,0.654862376514581,35.313806717210305,0.04200913977165364,31.04830466689392,29.34386061099221
2001,0.654862376514581,35.30941058476389,0.04095602461444774,30.985971454043113,29.29151094129205
2002,0.654862376514581,35.30506582570205,0.040477410826312885,31.027076686317297,29.249022894067974
2003,0.654862376514581,35.30066077166765,0.041039141486424534,31.06122309642094,29.234039120188392
2004,0.654862376514581,35.29609891295568,0.04249999288547328,31.046082133811666,29.235337111443748
2005,0.654862376514581,35.29135206318697,0.04422343920208844,31.00800327959922,29.23115576189808
2006,0.654862376514581,35.28647677653375,0.0454200055629672,31.03704509891822,29.22684191831504
2007,0.654862376514581,35.281502176293586,0.04634524832172123,31.043183855044724,29.239526872528543
2008,0.654862376514581,35.276486569787146,0.046727278133222576,30.997825621217604,29.25242921816622
2009,0.654862376514581,35.27149625214402,0.04649167756373384,30.93320108514145,29.260648005244946
2010,0.654862376514581,35.26660636668758,0.04555601350891546,30.880815054233025,29.26116314550089
2011,0.654862376514581,35.26187629355558,0.04406714173971747,30.863154726176763,29.225676821291128
2012,0.654862376514581,35.25736663416829,0.042013684328267575,30.942232343920576,29.179264936905355
2013,0.654862376514581,35.25301240815578,0.04056560850229235,30.986790668139612,29.14557760263713
2014,0.654862376514581,35.24875931265847,0.03962343855627057,30.96171078049952,29.115545624462182
2015,0.654862376514581,35.244518725511895,0.03950690605249966,30.904071474990932,29.089763854839035
2016,0.654862376514581,35.240262868486724,0.0396491659893977,30.85880272059059,29.051901807952923
2017,0.654862376514581,35.236035091615186,0.0393875607084578,30.949746486863635,28.976041232822364
2018,0.654862376514581,35.231793951956114,0.03951205346696022,31.06580431120568,28.938518904390268
2019,0.654862376514581,35.22747598227507,0.04022783087121161,31.07056526013321,28.91213518132504
2020,0.654862376514581,35.22309337193011,0.04083004762746846,31.003190625387187,28.875009636950168
2021,0.654862376514581,35.218667882988065,0.04122952077779891,31.00022590666031,28.837450952760907
2022,0.654862376514581,35.21418914442186,0.04172561432021925,30.986382832441855,28.819652823351745
2023,0.654862376514581,35.20970642226363,0.04176272696290009,30.99886445743706,28.775943683881923
2024,0.654862376514581,35.205207049515664,0.041917850124438785,31.00151503735567,28.761514810922076
2025,0.654862376514581,35.20067278974269,0.04224287078106225,30.957167664262318,28.750471900415015
2026,0.654862376514581,35.19611765591553,0.04243734132708583,30.895051873671328,28.74309742557806
2027,0.654862376514581,35.191541306823105,0.042634990723899736,30.844167411582077,28.733685385170972
2028,0.654862376514581,35.18697438455437,0.0425471668861451,30.814462221568185,28.71866526157346
2029,0.654862376514581,35.182374954447255,0.04285002214459641,30.820519629144513,28.678432555474647
2030,0.654862376514581,35.17776551493291,0.04294327355001834,30.93624716529415,28.621877073227157
2031,0.654862376514581,35.17318680416632,0.04265699296939558,31.14050220671941,28.58988378906855
2032,0.654862376514581,35.16859657609462,0.04276429251899716,31.278067261396846,28.573076235917405
2033,0.654862376514581,35.16397050339679,0.04309823454831961,31.32950006352599,28.56287874000985
2034,0.654862376514581,35.15928075298543,0.04369148009620376,31.337012021235058,28.55920467443858
2035,0.654862376514581,35.15457013558642,0.04388588480808408,31.37741709441333,28.525370587720722
2036,0.654862376514581,35.1498290219419,0.04416999931007721,31.455929618229813,28.514079326889682
2037,0.654862376514581,35.145044528702215,0.044574139947103505,31.47290445237111,28.508275851344738
2038,0.654862376514581,35.1402380330676,0.04477912254037488,31.430483770154417,28.505586072373728
2039,0.654862376514581,35.135421303496976,0.044874465739973876,31.366197377074233,28.505239482205422
2040,0.654862376514581,35.13060594540462,0.044861688532400024,31.30676735517642,28.504693698683898
2041,0.654862376514581,35.12580291993091,0.04474679321502844,31.261571922363032,28.503070192911565
2042,0.654862376514581,35.121023227374806,0.04452941497180651,31.227919214408157,28.497321910048523
2043,0.654862376514581,35.116275609816064,0.0442305922231613,31.200112271808,28.48699403872573
2044,0.654862376514581,35.11157011030303,0.04383820465564761,31.174617053758336,28.4668793809218
2045,0.654862376514581,35.10691167120896,0.04339977207865732,31.151401855885275,28.43860854290277
2046,0.654862376514581,35.10229918552004,0.04297165285899471,31.131893430734337,28.403313299294172
2047,0.654862376514581,35.097717330194925,0.0426862888603381,31.11425419729262,28.36855694134023
2048,0.654862376514581,35.09314295131742,0.04261663546010218,31.095939406369933,28.337913475674426
2049,0.654862376514581,35.088612006472886,0.042211987659877756,31.122909380171127,28.278485668033625
2050,0.654862376514581,35.08409227033329,0.0421075631457823,31.18602794317655,28.25316472748668
2051,0.654862376514581,35.07952113208903,0.042586444501106706,31.192893919185572,28.243861095684284
2052,0.654862376514581,35.074869353285585,0.04333772230412503,31.150636761223723,28.24350096391983
2053,0.654862376514581,35.07013435572648,0.044113019556169204,31.09399868715281,28.249354969999434
2054,0.654862376514581,35.06537322477672,0.04435648806051063,31.045406043291912,28.254633865131233
2055,0.654862376514581,35.060584819224005,0.044610588527908626,31.010470169401053,28.25772419226639
2056,0.654862376514581,35.05585286252806,0.044084689730413296,31.01438577251527,28.223468038611163
2057,0.654862376514581,35.051206149417595,0.04329052840159781,31.080208322624,28.201531019746053
2058,0.654862376514581,35.04664599270468,0.042484136421418274,31.092775869681116,28.185635052612486
2059,0.654862376514581,35.042122279199866,0.04214461777720372,31.047456455277704,28.169684357869244
2060,0.654862376514581,35.037606210607684,0.042073394893494605,30.987340897073878,28.149366979252427
2061,0.654862376514581,35.033055974463714,0.04239171266698002,30.947690518484507,28.128003879529793
2062,0.654862376514581,35.02848359608135,0.042597998094418256,30.941072902164386,28.09175585278481
2063,0.654862376514581,35.024010644190646,0.04167170347313569,31.084949077597653,27.98518081973559
2064,0.654862376514581,35.01962613124846,0.04084777293936819,31.297900119950334,27.9343049470196
2065,0.654862376514581,35.01524534323162,0.040813070132868105,31.32154829799784,27.910324967803344
2066,0.654862376514581,35.01131201996532,0.03664432008704975,31.202561881932393,27.516452195286586
2067,0.654862376514581,35.008168095782395,0.02928998108936314,31.134718070489182,26.977761633673502
2068,0.654862376514581,35.00548781676098,0.024970488244545248,31.125303504225506,26.717414479516727
2069,0.654862376514581,35.002895999389956,0.024146346211798363,31.08199694018386,26.48790482261656
2070,0.654862376514581,35.00008627679873,0.026176433264657576,31.00544854800874,26.31136439189379
2071,0.654862376514581,34.99685232061833,0.0301287530667786,30.94997745115489,26.166646136850552
2072,0.654862376514581,34.99312639354996,0.034712139041291605,30.97994173104224,26.06914398378906
2073,0.654862376514581,34.988886892370125,0.039496788777658214,31.050644060796984,26.030045609824935
2074,0.654862376514581,34.984160023042435,0.044037293892958816,31.048132495715596,26.050774291046885
2075,0.654862376514581,34.97905018422278,0.047605181833056814,30.97779843872705,26.09577555233586
2076,0.654862376514581,34.97370957529565,0.04975512301827463,30.897023074265565,26.148377739779864
2077,0.654862376514581,34.96830816349559,0.050321585469301135,30.842348000316733,26.190054740770698
2078,0.654862376514581,34.96305225618558,0.048966010870720854,30.8868295019035,26.19006914955616
2079,0.654862376514581,34.95808181589708,0.04630649264602581,31.001342048496923,26.165582900592057
2080,0.654862376514581,34.95346969762939,0.04296822982456446,31.11403942972999,26.113017313921528
2081,0.654862376514581,34.94913804756629,0.04035528245984134,31.13848733002637,26.08653516224256
2082,0.654862376514581,34.94498042697227,0.03873395841938203,31.055070921115288,26.062197032835112
2083,0.654862376514581,34.94088979538372,0.03810986362953815,30.939971312913638,26.039468428361644
2084,0.654862376514581,34.93676957158133,0.038385555832298,30.85122424940301,26.02149971700672
2085,0.654862376514581,34.93254320484365,0.039374423370612525,30.803377463135888,26.00981380272456
2086,0.654862376514581,34.928164276193556,0.040795747572357925,30.785109600425223,26.005518864771144
2087,0.654862376514581,34.92363439303184,0.042202096623114395,30.783020027567236,25.996665109523146
2088,0.654862376514581,34.91902412094799,0.04295103008098623,30.84922694535069,25.977638567551473
2089,0.654862376514581,34.91391567341632,0.047592220070524535,30.912962973860882,26.35224239457606
2090,0.654862376514581,34.90803172190272,0.05481710707294286,30.964054058285832,26.845551818387168
2091,0.654862376514581,34.90126699086191,0.0630227806816139,31.030283760784105,27.45004097361851
2092,0.654862376514581,34.893661434448795,0.07085622634432186,31.11873729787453,28.142502607653668
2093,0.654862376514581,34.88537777995063,0.0771736433468989,31.21210080722129,28.893682324560718
2094,0.654862376514581,34.87665998813665,0.08121822999387128,31.285809648295825,29.67378559241386
2095,0.654862376514581,34.868216902014154,0.07865896837073261,31.18924242195768,30.086409855144588
2096,0.654862376514581,34.86060484790866,0.07091676129241048,31.02950888712616,30.368208835622674
2097,0.654862376514581,34.85416463131125,0.059999481976827855,30.89397073161829,30.506765746250394
2098,0.654862376514581,34.84899950562221,0.0481202551186884,30.820396899457585,30.5181249079814
2099,0.654862376514581,34.844995849054975,0.037299571592624994,30.803308362314077,30.432520450495474
2100,0.654862376514581,34.84186980027294,0.029123447126359586,30.815838866482785,30.29104076098783
2101,0.654862376514581,34.83921894467291,0.024696368575589916,30.82962672694915,30.13453474755793
2102,0.654862376514581,34.83661656898673,0.02424471145017888,30.829010724516877,29.995669913414215
2103,0.654862376514581,34.83370844658748,0.027093162914805763,30.814475443387874,29.89607028056057
2104,0.654862376514581,34.83029056699319,0.03184225282094275,30.796479125780753,29.84046247568025
2105,0.654862376514581,34.826180714742605,0.03828893055173233,30.827520812644444,29.796425506089175
2106,0.654862376514581,34.821377828738605,0.04474549386265613,30.953615749329344,29.819279244350287
2107,0.654862376514581,34.81599048822173,0.05019049209855902,31.09718918162507,29.87121405440531
2108,0.654862376514581,34.810224512911844,0.053717996351723835,31.219894286006372,29.93277308275135
2109,0.654862376514581,34.804301084156116,0.05518489192017048,31.30790517171842,29.99235041770326
2110,0.654862376514581,34.79842233702158,0.05476862111858374,31.362739097642464,30.039536559461297
2111,0.654862376514581,34.79272958517689,0.05303581898792485,31.39307634321224,30.068277137599775
2112,0.654862376514581,34.78733173314645,0.05028842131556939,31.406479170275954,30.076880075965825
2113,0.654862376514581,34.78227118092814,0.047146009303030714,31.406898909302388,30.06189044386032
2114,0.654862376514581,34.77751731790881,0.04428877728493237,31.39665201598646,30.026191323809535
2115,0.654862376514581,34.77302029667122,0.04189594256847822,31.377486594694986,29.977724437021738
2116,0.654862376514581,34.768677920836744,0.0404552077832041,31.351348823999665,29.92573428625674
2117,0.654862376514581,34.764403142518134,0.039825443881134986,31.320474123298858,29.87551087526376
2118,0.654862376514581,34.760108696002966,0.040008680203592314,31.28561119427948,29.83087504952647
2119,0.654862376514581,34.75570183927838,0.04105593602656972,31.247235577936085,29.801765178703263
2120,0.654862376514581,34.751164273916665,0.042273666890073516,31.106449267468808,29.776977169386782
2121,0.654862376514581,34.746495797275735,0.04349328564345777,30.916958320148144,29.76842671538964
2122,0.654862376514581,34.741713382759826,0.04455477377396464,30.82635901392342,29.780854834739245
2123,0.654862376514581,34.736832112766514,0.045475748611530226,30.794150049816682,29.806962097706766
2124,0.654862376514581,34.73190705063254,0.04588373267766895,30.790296857689242,29.836913647994535
2125,0.654862376514581,34.72698039459252,0.045898582106454505,30.797253513422916,29.865306363947017
2126,0.654862376514581,34.72211079734788,0.04536700089112765,30.80687634291915,29.887055449691676
2127,0.654862376514581,34.71733408715416,0.044501630161333655,30.8169373172889,29.893120499776387
2128,0.654862376514581,34.71268914170265,0.043274060225415564,30.828063166140954,29.88347034414808
2129,0.654862376514581,34.708190884297466,0.041907459171143635,30.840540357594985,29.85574390104051
2130,0.654862376514581,34.70391005164757,0.03988184831033971,30.939264166700035,29.777824760932038
2131,0.654862376514581,34.699783267222664,0.03844667706100694,31.03365498469266,29.722267754579736
2132,0.654862376514581,34.69617530721629,0.033613113487993215,31.05639444845961,29.294518611521042
2133,0.654862376514581,34.6933129074919,0.02666719326534973,31.06712881348289,28.758498983099035
2134,0.654862376514581,34.69127271887045,0.019007165142724766,31.117901902980044,28.11755604204273
2135,0.654862376514581,34.690025353382,0.011620926410071074,31.22231655997185,27.37542351622876
2136,0.654862376514581,34.68944427812426,0.005413515822983592,31.42369428157571,26.569159798938713
2137,0.654862376514581,34.6888078483469,0.005929219363838926,31.421368670774395,26.136086273231175
2138,0.6876054953403101,34.68703407121859,0.015738262279054515,31.178843823472377,26.182123025971247
2139,0.6876054953403101,34.68389718794769,0.027832747907168297,31.01635863577201,26.097042549804517
2140,0.6876054953403101,34.67935247678391,0.04032403797325783,31.008068665583032,26.12864918561733
2141,0.6876054953403101,34.67407249972566,0.04684786067189181,31.023014494074022,25.891446387728475
2142,0.6876054953403101,34.66829647292541,0.05124918078037794,30.99424137932467,25.94585430076756
2143,0.6876054953403101,34.66229481440049,0.053251152282211084,30.946193822476562,26.007100961682433
2144,0.6876054953403101,34.6563350844018,0.05287913139408356,30.90072017644788,26.06242912657617
2145,0.6876054953403101,34.65060712657659,0.05082267728990272,30.896033271094833,26.064484211224197
2146,0.6876054953403101,34.64564938552708,0.04398874452896841,30.95547468337583,25.708826849718545
2147,0.7219857701073257,34.640722008516526,0.04163745935539668,30.9545781916899,25.93834078462743
2148,0.7219857701073257,34.63602637216148,0.03967919797130179,30.910011502297746,25.907858684574677
2149,0.7219857701073257,34.63151091756579,0.03815662101670328,30.856330713831678,25.878900623772385
2150,0.7219857701073257,34.62708044269233,0.03743852298577239,30.82505976347169,25.848186435870126
2151,0.7219857701073257,34.622655244190454,0.03739393644243064,30.81571225578395,25.825191983712
2152,0.7219857701073257,34.61814216850283,0.038136518701333506,30.810778762529893,25.811107736645923
2153,0.7219857701073257,34.613496899921955,0.03925357879380612,30.80143783490132,25.807891087520552
2154,0.7219857701073257,34.60867693615741,0.04072979293253238,30.789272360479433,25.81566974169206
2155,0.7219857701073257,34.60369503792559,0.0420981761078292,30.77974768226958,25.8326745413536
2156,0.7219857701073257,34.59856542432553,0.043346404653715954,30.77520926185168,25.85574074026828
2157,0.7219857701073257,34.59334773900201,0.044090630800492026,30.77462245364554,25.88084522123992
2158,0.7219857701073257,34.58808588258584,0.044463886606015954,30.773705291559576,25.904018129182322
2159,0.7219857701073257,34.58284942859698,0.04424923030239547,30.770181037886797,25.919004668099305
2160,0.7219857701073257,34.57768516488025,0.043639206041119566,30.765390824566595,25.9157849211581
2161,0.7219857701073257,34.572638560499826,0.04264495781889221,30.76297556355413,25.901375908838215
2162,0.7219857701073257,34.56770763852601,0.041667415103255036,30.764221758445156,25.87810634857585
2163,0.7219857701073257,34.56288965337198,0.04071307322243147,30.767708653495216,25.848906208277604
2164,0.7219857701073257,34.558141339906584,0.040124331565866256,30.769479285303603,25.819364024521096
2165,0.7219857701073257,34.55300545482826,0.04339940007526359,30.771220639840287,26.155161817377394
2166,0.7219857701073257,34.54713828173286,0.04957895057897412,30.80317400150823,26.61051582580316
2167,0.7219857701073257,34.54039694604272,0.056965823844767886,30.875858686579967,27.173974125830817
2168,0.7219857701073257,34.533230409859634,0.060558864970419485,30.900427119338268,27.463499527280927
2169,0.7219857701073257,34.526072512547074,0.06048586454489305,30.87998606139715,27.70774780513397
2170,0.7219857701073257,34.519290704583796,0.05730782378162547,30.875731524651417,27.834326646170343
2171,0.7219857701073257,34.51311193035694,0.052212051195905176,30.912372675623264,27.908264117417772
2172,0.7219857701073257,34.5076198811271,0.0464090683736323,30.90078116336765,27.919239927946794
2173,0.7219857701073257,34.50277231033314,0.04096307862645278,30.850348868065563,27.88038111896869
2174,0.7219857701073257,34.49842999323738,0.03669356966108053,30.800319247051913,27.81024903354794
2175,0.7219857701073257,34.49439798025095,0.034071429176683474,30.773289554145876,27.72871211725508
2176,0.7219857701073257,34.490464383467476,0.03323978981959672,30.767328240347332,27.65331151480529
2177,0.7219857701073257,34.486437809828566,0.034025465449916234,30.76909613259182,27.59674836053527
2178,0.7219857701073257,34.48215890143227,0.036157751691098326,30.767395517476604,27.56523529609943
2179,0.7219857701073257,34.47753042455215,0.03911168509342888,30.75963434810386,27.558917816608897
2180,0.7219857701073257,34.472544527321006,0.04213196856407106,30.74999178723117,27.573551731104597
2181,0.7219857701073257,34.46727561725534,0.044523491552470554,30.743813670945542,27.60228159644181
2182,0.7219857701073257,34.46182220528837,0.04608257469160887,30.74268695632196,27.637422291708088
2183,0.7219857701073257,34.456291742059804,0.04673367542252979,30.74454444970541,27.669606070556807
2184,0.7219857701073257,34.45078532406645,0.046530487701825524,30.746867147612917,27.69188622710084
2185,0.7219857701073257,34.44528005794692,0.046520754105398826,30.80977340774632,27.62478898227299
2186,0.7219857701073257,34.43984348144353,0.04594031118524031,30.96818249148704,27.587694189968047
2187,0.7219857701073257,34.434550302055634,0.0447285728598256,31.01693463717247,27.560454005118448
2188,0.7219857701073257,34.42941369898198,0.04340546729953096,30.95387868468894,27.536834882814265
2189,0.7219857701073257,34.424010054867786,0.04566202498677658,30.86029554551471,27.8780809791557
2190,0.7219857701073257,34.41799981051372,0.05078793534004223,30.82082940106056,28.335136488810686
2191,0.7219857701073257,34.41121713718337,0.05731513633073796,30.860992078996752,28.903815528126646
2192,0.7219857701073257,34.40362974009531,0.06411523558895928,30.95492789458224,29.564661680219544
2193,0.7219857701073257,34.395375902881824,0.06974680662055364,31.05815739952968,30.29011086840797
2194,0.7219857701073257,34.38660289481452,0.074133918724751,31.15638080459799,31.00526050996596
2195,0.7219857701073257,34.37755173703992,0.07648434717934707,31.284893088905378,31.745664003852742
2196,0.7219857701073257,34.368898069637865,0.0731254628894916,31.224925440826834,32.134892088991975
2197,0.7219857701073257,34.36075026071843,0.06885084335764916,31.13674003394989,32.735077127844136
2198,0.7219857701073257,34.353078850824275,0.06482516295834956,31.066198729209063,33.27557126728449
2199,0.7219857701073257,34.34575087460466,0.06192307009339237,31.133860027594974,33.79577155417299
2200,0.7219857701073257,34.33864365579726,0.060057619619643926,31.266762303378407,34.332100597434
2201,0.7219857701073257,34.331639742535096,0.059184664205184916,31.412770130801814,34.854758864587495
2202,0.7219857701073257,34.32503634217113,0.055800238884240336,31.58589473200432,35.043361002691476
2203,0.7219857701073257,34.318941210055414,0.05150525628336329,31.694717975893422,35.18443422004204
2204,0.7219857701073257,34.31334270872214,0.047308612922496204,31.72949171129408,35.202391099472
2205,0.7219857701073257,34.30815953485033,0.04379900116357906,31.793257580024267,35.17909656112789
2206,0.7219857701073257,34.30330298811754,0.04103892735650014,31.763218124744142,35.13490566175252
2207,0.7219857701073257,34.2985614549826,0.0400670362274384,31.691392076610175,35.03325477137322
2208,0.7219857701073257,34.29378149092623,0.040391786277100696,31.703608108462497,34.95271576817406
2209,0.7219857701073257,34.28926451861385,0.03816944606905149,31.667905311420206,34.55931245925582
2210,0.7219857701073257,34.28522418282828,0.034141758727445445,31.582514371764542,34.084767713450255
2211,0.7219857701073257,34.28137630010503,0.03251548646476585,31.45549694566403,33.87213706097738
2212,0.7219857701073257,34.27741845647016,0.03344468124290393,31.413066589215322,33.64055791009125
2213,0.7219857701073257,34.27310636155543,0.036438185339601116,31.447811024501696,33.46692191362407
2214,0.7219857701073257,34.26822058599983,0.04128591757434488,31.558679400918717,33.33562182886523
2215,0.7219857701073257,34.26272196814888,0.04646457471978528,31.75528211849547,33.295480153704666
2216,0.7219857701073257,34.257102554269316,0.047485328707367006,31.940635221623374,32.960129114195084
2217,0.7219857701073257,34.25179112324127,0.044882803381028256,32.09489046911386,32.54308126297144
2218,0.7219857701073257,34.24700453329263,0.04044777657774377,32.28180416853154,31.978408118662006
2219,0.7219857701073257,34.24287270076887,0.034914927029642516,32.50486859649982,31.341716533262527
2220,0.7219857701073257,34.23935140952761,0.029755713967536925,32.782581829656685,30.60970819510417
2221,0.7219857701073257,34.23642253722045,0.02474963888192235,32.95057973277637,29.855164143388347
2222,0.7219857701073257,34.23396122076914,0.020798685280695724,32.95815603201351,29.08486600499202
2223,0.7219857701073257,34.231784615859056,0.01839280783324987,32.85963523486603,28.32047350643336
2224,0.7219857701073257,34.22968971190455,0.017702416127691,32.71163740202005,27.579837160263452
2225,0.7219857701073257,34.227489715245966,0.018590473441983422,32.54565640962482,26.87534373094703
2226,0.758085058612692,34.22446957239548,0.024305615034255358,32.27331135644018,26.547692101637402
2227,0.7959893115433266,34.22021105579063,0.03263985161303735,32.01206507277782,26.358673328329253
2228,0.835788777120493,34.21406167107918,0.0448882004869937,31.803966029448638,26.665091711865177
2229,0.835788777120493,34.206460238288614,0.05548760650098098,31.713914160564624,26.835076159452637
2230,0.835788777120493,34.19826323970124,0.05983501329773895,31.63989787807324,26.72601048259515
2231,0.835788777120493,34.190310244025376,0.058053883619751626,31.554900242943543,26.52242302182293
2232,0.835788777120493,34.18284173065949,0.05451734458640126,31.478410101044197,26.517100651233616
2233,0.835788777120493,34.17594332257373,0.05035579000594944,31.419881987378655,26.441603200722618
2234,0.835788777120493,34.16957167444913,0.0465106399860504,31.422630136576682,26.34661718895756
2235,0.835788777120493,34.163668671963975,0.04308970270404932,31.44999374115509,26.24829353839987
2236,0.835788777120493,34.15809727283993,0.0406691226210671,31.477362605354884,26.147334162387978
2237,0.8775782159765178,34.15197322500168,0.042574524592188426,31.480268923099487,26.40338310698769
2238,0.8775782159765178,34.14553916706137,0.04472972211232283,31.481035065681834,26.439241297898807
2239,0.8775782159765178,34.13878458903017,0.04695798532190931,31.473314509109784,26.49951145454069
2240,0.8775782159765178,34.13177661981693,0.048719566778617066,31.456771780523766,26.569093902665838
2241,0.8775782159765178,34.124558145025794,0.05018300650655208,31.452019564759297,26.596864446761874
2242,0.8775782159765178,34.11724464130951,0.050843649829124815,31.474036569429447,26.636337438491783
2243,0.8775782159765178,34.10995354789608,0.05068785287655434,31.457284366331987,26.671399113671463
2244,0.8775782159765178,34.10276278601474,0.04999034570590002,31.40335086699192,26.693623033070736
2245,0.8775782159765178,34.09534113482928,0.05159549357809246,31.35661685851466,27.044238963670033
2246,0.8775782159765178,34.08744285302256,0.054909040866123617,31.342969069229213,27.487357479368526
2247,0.8775782159765178,34.07893721471964,0.05913139751112075,31.36678191371016,28.021019623209376
2248,0.8775782159765178,34.069813644253905,0.06342727643892136,31.41461471615389,28.62995337524705
2249,0.8775782159765178,34.060185519984884,0.06693494634520673,31.466633729862792,29.28653550320697
2250,0.8775782159765178,34.050216053341614,0.06930796655831664,31.508855306504696,29.96776279982731
2251,0.8775782159765178,34.04010884821177,0.07026552775628235,31.578311097495398,30.59821604104276
2252,0.8775782159765178,34.030416666769085,0.06738027332297042,31.577116743865258,30.925125228369573
2253,0.8775782159765178,34.021551407355844,0.06163149192728851,31.511552919297564,31.09294623077779
2254,0.8775782159765178,34.01372073164835,0.05443904167437448,31.476846998651553,31.155494062983315
2255,0.8775782159765178,34.00683334737857,0.047881257415840595,31.47402511681179,31.082887561804608
2256,0.8775782159765178,34.00068143911562,0.04276821091992857,31.50224298281582,30.96519781786386
2257,0.8775782159765178,33.99491727842067,0.040072580708369616,31.58963075053525,30.839350911950522
2258,0.8775782159765178,33.989194796108805,0.03978283160914464,31.688360014637396,30.740110542537835
2259,0.8775782159765178,33.983236296516985,0.04142362928977033,31.772708387831145,30.673061600866326
2260,0.8775782159765178,33.976858442652336,0.044338990056632444,31.834168089685257,30.64667246844299
2261,0.8775782159765178,33.969986670122104,0.04777272423523707,31.871080649755452,30.658522174478897
2262,0.8775782159765178,33.962651712735514,0.050992796249526504,31.88459387454727,30.69798464616052
2263,0.8775782159765178,33.9549729927072,0.05338264221916864,31.883213127574617,30.72176808250881
2264,0.8775782159765178,33.9470745761709,0.05490997750940385,31.92623761303738,30.735714905532358
2265,0.8775782159765178,33.939142393056756,0.05514472355256748,31.929777136371857,30.742928514378836
2266,0.8775782159765178,33.931282312063566,0.05464346791204946,31.931414022367214,30.723507150990866
2267,0.8775782159765178,33.923597839516724,0.05342263386326706,31.929877810509566,30.71885280001833
2268,0.8775782159765178,33.91615049489972,0.05177411491845958,31.935055684106455,30.66963992637697
2269,0.8775782159765178,33.90893220466405,0.05018172347261152,31.994077582342907,30.61705140565483
2270,0.8775782159765178,33.901859882647955,0.04916694897735314,32.031385766145185,30.5488831513068
2271,0.8775782159765178,33.89479119661022,0.04914167157037994,32.077807389032,30.48987741252038
2272,0.8775782159765178,33.8871864532694,0.05286835454785162,32.187467755415376,30.775515344230527
2273,0.8775782159765178,33.87876243784641,0.05856395333034673,32.30003858634524,31.197116141981144
2274,0.8775782159765178,33.86940694631142,0.06503959716657638,32.38700354052183,31.721178680721533
2275,0.8775782159765178,33.85955426918166,0.06849604311389478,32.45114632091461,31.944852025404735
2276,0.8775782159765178,33.849692933272195,0.06855623915397172,32.46815564220275,32.16684225527434
2277,0.8775782159765178,33.84025355635082,0.06562277034559415,32.39894166712435,32.316863667307764
2278,0.8775782159765178,33.83145821909344,0.06114539145534871,32.30893397587058,32.34099654907734
2279,0.8775782159765178,33.82337094386189,0.056222927600084044,32.28440773974195,32.321000956052686
2280,0.8775782159765178,33.81545268226933,0.055047940807180014,32.365876021842226,32.5364209285013
2281,0.8775782159765178,33.80731491792713,0.056573929084760236,32.47768546336124,32.869043892743754
2282,0.8775782159765178,33.79866046678744,0.06016594785194536,32.54998771814815,33.30450885087486
2283,0.8775782159765178,33.7893274041047,0.06488367125833182,32.59190093113374,33.834168300731875
2284,0.8775782159765178,33.77921305800831,0.07031517192355792,32.67404290954567,34.37230425383205
2285,0.8775782159765178,33.76834494146456,0.07555540180028314,32.90357599674717,34.94511015964404
2286,0.8775782159765178,33.75697559076512,0.07903999343829368,33.16075064758176,35.56073712260666
2287,0.8775782159765178,33.745736925671345,0.07813146403427922,33.29932506918561,35.872190088132264
2288,0.8775782159765178,33.73510954203049,0.073881820998008,33.34247239937958,36.063827162831345
2289,0.8775782159765178,33.72541523993683,0.06739501613836155,33.32265158987841,36.1267390466892
2290,0.8775782159765178,33.71673061800193,0.060375695929694224,33.26496297520971,36.090557689105644
2291,0.8775782159765178,33.708937433725595,0.05417840036335329,33.18009755543593,36.00564459802188
2292,0.8775782159765178,33.7016728805877,0.050503344256886636,33.13640226673,35.849923504402206
2293,0.8775782159765178,33.69461170424836,0.049089463970481945,33.14894974496936,35.77410675193436
2294,0.8775782159765178,33.68746507900457,0.04968350676375624,33.158924581713734,35.733148026089516
2295,0.8775782159765178,33.68037947991324,0.049259251516641664,33.12980301337379,35.42883186583452
2296,0.8775782159765178,33.67351418407548,0.0477276981170141,33.06644501274913,35.05821785439672
2297,0.8775782159765178,33.66701182259181,0.04520456995204603,32.97973024521806,34.60642767391653
2298,0.8775782159765178,33.661042223138814,0.04150079578567155,32.924605997129994,34.0222332615013
2299,0.8775782159765178,33.655651780202696,0.03747448606033367,32.89430209977956,33.404751935267846
2300,0.8775782159765178,33.65073691199055,0.03416827939486323,32.7963717351105,32.71896443630772
2301,0.8775782159765178,33.64610408442126,0.03220752621313331,32.71229523296896,31.992594973720585
2302,0.8775782159765178,33.64169197888066,0.03067306147879934,32.57072212040185,31.28196633948555
2303,0.8775782159765178,33.63744344263224,0.029535923912781512,32.37100603919866,30.580685107551254
2304,0.8775782159765178,33.63325660914273,0.029106964881875422,32.159506999139,29.897472020820942
2305,0.8775782159765178,33.629054708876545,0.029211709467630277,31.97153251230365,29.23764839705834
2306,0.8775782159765178,33.624769366086326,0.029791803857079815,31.848558109222648,28.561998994482792
2307,0.8775782159765178,33.62038631689289,0.030471061070005585,31.785754792007594,27.93615597636271
2308,0.8775782159765178,33.61591481831157,0.031085963294531026,31.698059623602184,27.344281252955014
2309,0.8775782159765178,33.61128186445086,0.03220840419398108,31.614778374290868,26.691705983577467
2310,0.8775782159765178,33.606534647293245,0.03300276532125091,31.628038631364152,26.121030420759897
2311,0.9214571267753436,33.601081520157955,0.03610501722578932,31.65525830031671,25.868708445845794
2312,0.9675299831141109,33.594702623048825,0.040223349402950484,31.688738586848586,25.730669274776425
2313,1.0159064822698165,33.587280812785586,0.04457108259627282,31.71822442390258,25.69023191908034
2314,1.0667018063833074,33.57883839733839,0.04828594730079379,31.730159718017926,25.729231387952247
2315,1.1200368967024728,33.56950547179077,0.05083730721966313,31.716306193996747,25.8221753953037
2316,1.1760387415375964,33.55950061851021,0.05190224726093894,31.67624392075901,25.940226256639928
2317,1.2348406786144763,33.54902742426856,0.0517446313683431,31.615396823913297,26.045327101569274
2318,1.2965827125452003,33.53825211909538,0.05070215503571681,31.573125372115936,26.06738823801285
2319,1.3614118481724604,33.526893961011844,0.05089972663168581,31.53158505085208,26.39615940468135
2320,1.3614118481724604,33.51562936042875,0.05048046400462018,31.487136662586124,26.476162545260316
2321,1.3614118481724604,33.50463504958761,0.04926920476025557,31.436989292837094,26.54462586019664
2322,1.3614118481724604,33.493999962652794,0.047659401612928635,31.39105164921075,26.575922936898966
2323,1.3614118481724604,33.48372260842127,0.04605628104785101,31.35635758765687,26.57080227611518
2324,1.3614118481724604,33.473721432393866,0.04481863362404381,31.331322731014883,26.54100643898837
2325,1.3614118481724604,33.46351570992379,0.045735275031791894,31.319084373135723,26.811836129597985
2326,1.3614118481724604,33.452699788726314,0.048469780766574266,31.317556018018248,27.178654523518663
2327,1.3614118481724604,33.4410693382505,0.05211996042564595,31.32611201172056,27.64449645852352
2328,1.3614118481724604,33.42857292979942,0.05600060937343614,31.3420182545485,28.195104816950675
2329,1.3614118481724604,33.41530537827296,0.0594563608642872,31.360252219616104,28.803765422627993
2330,1.3614118481724604,33.401496305261624,0.061883100776074604,31.375095879215987,29.438705002514507
2331,1.3614118481724604,33.38740754696506,0.06313646460986516,31.383085279237758,30.073879322786556
2332,1.3614118481724604,33.37326106051608,0.06339516387745814,31.388559399258337,30.66414869126078
2333,1.3614118481724604,33.35921042905581,0.06296560543266114,31.422960986926956,31.218175117801465
2334,1.3614118481724604,33.3454071145295,0.06185729506774483,31.463391180593323,31.76570785346311
2335,1.3614118481724604,33.331920229138134,0.060439269684785926,31.49718053397858,32.2852387837931
2336,1.3614118481724604,33.31873268629022,0.05909781506524536,31.521878821880037,32.78799030161
2337,1.3614118481724604,33.30576307832134,0.05812117557094874,31.539150707761976,33.284537959963735
2338,1.3614118481724604,33.29290175728626,0.057635905398828485,31.55117751655121,33.779933434801514
2339,1.3614118481724604,33.28003615407746,0.05765509525957738,31.55907173703148,34.28059520775889
2340,1.3614118481724604,33.26699345346634,0.05844872828514536,31.5728100028547,34.71747480868499
2341,1.3614118481724604,33.25405588385736,0.057977600904331725,31.578142399770663,34.937342345039454
2342,1.3614118481724604,33.24147204745847,0.05639240341344523,31.55071949872724,35.082456947048584
2343,1.3614118481724604,33.229267446735705,0.0546929207947664,31.539032843411768,35.09361117994636
2344,1.3614118481724604,33.21751642056032,0.052660300690443904,31.543020111065864,35.103836374822755
2345,1.3614118481724604,33.206224374177076,0.05060345786634605,31.546058753183043,35.068036369953845
2346,1.3614118481724604,33.195661938458855,0.0473338270754632,31.536250794385083,34.73246372283433
2347,1.3614118481724604,33.185986013489924,0.04336107423451493,31.51939370485678,34.300069109962415
2348,1.3614118481724604,33.17717858749946,0.03946903819666692,31.496267602834177,33.78050760743443
2349,1.3614118481724604,33.169105267537596,0.03617926216967775,31.465335794907432,33.19491548410078
2350,1.3614118481724604,33.161566360491996,0.033784378144751985,31.425721850265408,32.56827598657825
2351,1.3614118481724604,33.154367161240025,0.03226203326253686,31.377410046808958,31.927047061635257
2352,1.3614118481724604,33.14724750001066,0.03190559663107224,31.321478362472515,31.296007739855288
2353,1.3614118481724604,33.14000789961035,0.03244308439694153,31.26289698563471,30.68795998556652
2354,1.3614118481724604,33.132120643940304,0.03534544549622597,31.193985544574083,30.424891786825103
2355,1.3614118481724604,33.12327620964084,0.03963488487693035,31.136195943163315,30.288003108571516
2356,1.3614118481724604,33.11335546805034,0.04445817985857808,31.097621746398197,30.269097353875914
2357,1.3614118481724604,33.102444010162756,0.04889791280822949,31.07561881593435,30.321662916733537
2358,1.3614118481724604,33.090734963407016,0.05247217679140497,31.090155995062634,30.40712132762841
2359,1.3614118481724604,33.07858152880892,0.05446362818069606,31.119372473029326,30.54385743765621
2360,1.3614118481724604,33.06635156135496,0.05480659764916827,31.143571126680037,30.667680505650107
2361,1.3614118481724604,33.05433457233405,0.053852169656534325,31.167665372400204,30.712101983676263
2362,1.3614118481724604,33.042679435016424,0.05223059046710299,31.215649960202683,30.736188804691423
2363,1.3614118481724604,33.03149143481057,0.050137191950066405,31.265026314769557,30.6872169156624
2364,1.3614118481724604,33.02078417586468,0.047982828669180765,31.311737046646698,30.62264657315118
2365,1.3614118481724604,33.010476393128535,0.04619264141151624,31.314598968025567,30.550210075715416
2366,1.3614118481724604,33.00048328803604,0.044782465050115294,31.274761220649545,30.475066412035293
2367,1.3614118481724604,32.99065800947655,0.04403037790814172,31.21133456212875,30.411014962582648
2368,1.3614118481724604,32.980816658254454,0.0441024049151659,31.139796045934332,30.366470879217417
2369,1.3614118481724604,32.970826887648464,0.044767522094571105,31.064532671424402,30.34627484684684
2370,1.3614118481724604,32.96026363542741,0.04733748609917747,30.974743232045558,30.64998117731538
2371,1.3614118481724604,32.94883968743507,0.05119455334117662,30.891038824424058,31.001945551051392
2372,1.3614118481724604,32.936504283753685,0.05527909284724747,30.81145018652526,31.485844019193884
2373,1.3614118481724604,32.923365787275145,0.05887802178754051,30.701289479385405,32.04634384984218
2374,1.3614118481724604,32.90967605493999,0.061348295066397364,30.562191620828628,32.6460642408911
2375,1.3614118481724604,32.896051774230074,0.06105498431942677,30.38201458766065,32.98110055955688
2376,1.3614118481724604,32.88267019071542,0.05996737655747791,30.20754801632335,33.486609892066156
2377,1.3614118481724604,32.869649006294644,0.05835230699942761,30.040131844836218,33.953607685703275
2378,1.3614118481724604,32.856991402637256,0.05672297931008607,29.885319131759356,34.36082898779019
2379,1.3614118481724604,32.84459769728043,0.055540362264355055,29.777759727813347,34.75125865410147
2380,1.3614118481724604,32.83237337859087,0.054781283636038354,29.686112062410633,35.13712765300655
2381,1.3614118481724604,32.82018827467448,0.05460554904775301,29.62772544299009,35.51834514715967
2382,1.3614118481724604,32.8079137369545,0.055006332002251926,29.557293423032526,35.909448582915516
2383,1.2965827125452003,32.796251697941756,0.05487459524841071,29.550527837934077,36.07000602738748
2384,1.2348406786144763,32.78530883237847,0.05406512393654559,29.592204708327007,36.153311863865845
2385,1.1760387415375964,32.775026717876564,0.053340597235892746,29.735155200898657,36.143498751811066
2386,1.1200368967024728,32.76531247432274,0.05291438160878848,29.94357597192294,36.13999392994301
2387,1.0667018063833074,32.756140750536126,0.05245718766009644,30.138476162593204,36.12951088732071
2388,1.0667018063833074,32.747055023100465,0.05196533609260694,30.21481716490496,36.10290098189288
2389,1.0667018063833074,32.738057068125244,0.05146332616138374,30.21382860102804,36.06610495305178
2390,1.0667018063833074,32.72916183893803,0.05087579146604705,30.164057451928624,36.02930846181485
2391,1.0667018063833074,32.72065097855274,0.0486774144933402,30.06572539157481,35.75073094328604
2392,1.0667018063833074,32.71268117049437,0.045582894411076956,29.935770231249162,35.37903780858169
2393,1.0667018063833074,32.70515537302058,0.04304339942614189,29.886681467042056,34.841917088640116
2394,1.0667018063833074,32.69809586519563,0.04037648051515937,29.898309892149626,34.34396393061114
2395,1.0667018063833074,32.691478198009655,0.03784939641914172,29.877383845702603,33.81067520842536
2396,1.0667018063833074,32.685253445924694,0.035602139342088474,29.804219271702816,33.25208554174693
2397,1.0667018063833074,32.67932164042144,0.033926646907991784,29.686086368334067,32.682212600002885
2398,1.0667018063833074,32.67349206690464,0.033341936484779254,29.57408300833455,32.05921040904692
2399,1.0667018063833074,32.667599341257265,0.03370313174549601,29.4724654185759,31.434056970556146
2400,1.0667018063833074,32.661576584816856,0.03444683596845567,29.37391975794131,30.858848840597666
2401,1.0667018063833074,32.655455420010924,0.03500967739468239,29.244887093083904,30.32907910616922
2402,1.0667018063833074,32.64926796827476,0.035388801975791556,29.092883098923732,29.802290076670033
2403,1.0667018063833074,32.64297564057131,0.035988634507330426,28.985495789845263,29.209205720898368
2404,1.0667018063833074,32.636680097565545,0.03600702425826679,28.932944855740516,28.672700322766705
2405,1.0667018063833074,32.63056511353294,0.03497432678955755,28.833149687759004,28.14763510021187
2406,1.0667018063833074,32.624735408417834,0.033342689154209675,28.67256017402177,27.6193454040496
2407,1.0667018063833074,32.61929526947317,0.031114586108011544,28.476361599885156,27.08281021940456
2408,1.0667018063833074,32.61428487547478,0.028656682684619714,28.26740590262013,26.536260131171016
2409,1.0667018063833074,32.60969499675265,0.026251567869366315,28.057334265660554,25.980354510414337
2410,1.0667018063833074,32.60548180149302,0.024097146787761817,27.84957477495774,25.417857743215055
2411,1.0667018063833074,32.601581868496815,0.022305459889848583,27.64515886003933,24.85254325821632
2412,1.0667018063833074,32.59751609932032,0.023253951125912487,27.4141072618347,24.586260458528372
2413,1.0667018063833074,32.59293567138083,0.02619751461937253,27.187557773923494,24.41434452460425
2414,1.0667018063833074,32.58764884839512,0.03023770361379187,26.9828091595371,24.334751033990713
2415,1.0667018063833074,32.58158639414575,0.03467388548089134,26.807330297171614,24.29561849402803
2416,1.0667018063833074,32.57477994327532,0.03892913468783478,26.696884581632382,24.295181941813482
2417,1.0667018063833074,32.56737593383168,0.042346839248343336,26.655733045136238,24.328967599539308
2418,1.0667018063833074,32.559617858880806,0.044371898134581866,26.63957010978616,24.402595457095057
2419,1.0667018063833074,32.55176379168904,0.044920920664230715,26.614705408613364,24.467326594847417
2420,1.0667018063833074,32.54404411126293,0.04415230268701933,26.57054654051637,24.51027339819241
2421,1.0667018063833074,32.536646222767985,0.04231183080694216,26.506127721105678,24.525563912380054
2422,1.0667018063833074,32.529661170785204,0.03995063427554747,26.424405131179785,24.513938680405815
2423,1.0667018063833074,32.52309426664566,0.03755905986797556,26.32893754706225,24.48077838161445
2424,1.0667018063833074,32.5168842943756,0.0355176069747908,26.223157482093555,24.434388776550037
2425,1.0667018063833074,32.51087389986964,0.03437613254004134,26.12518486589338,24.34553593379702
2426,1.0667018063833074,32.50492991236742,0.033996321204991915,26.06061145196847,24.285737824575108
2427,1.0667018063833074,32.49894869410331,0.034209260572511946,26.00278570886045,24.24488735333622
2428,1.0667018063833074,32.49282736543613,0.03501061459049522,25.941437561948387,24.218970722728344
2429,1.0667018063833074,32.48652407263891,0.036051348779409804,25.874432786226066,24.205141611857332
2430,1.0667018063833074,32.48002050034909,0.03719683671300146,25.80226670313771,24.201924580099394
2431,1.0667018063833074,32.473350260452875,0.038150083246555166,25.72547327847205,24.210234970739823
2432,1.0667018063833074,32.46657741248019,0.03873694469668958,25.645838842986542,24.225648315125056
2433,1.0667018063833074,32.459777110695775,0.03889396531665417,25.565991109870254,24.241041832798004
2434,1.0667018063833074,32.45294256827731,0.039089802806607045,25.523758090165778,24.20951348974437
2435,1.0667018063833074,32.44609764216031,0.03914919181956747,25.51726377056709,24.197182889880622
2436,1.0667018063833074,32.43926729308395,0.039065819208991055,25.55230510742694,24.1882139999741
2437,1.0667018063833074,32.43246751698878,0.038890958664762804,25.5922392990758,24.19789236477227
2438,1.0667018063833074,32.425736762744364,0.03849619185095878,25.615514265284904,24.204519140363804
2439,1.0667018063833074,32.41870300370736,0.04022921168838128,25.634276395233357,24.49673681169793
2440,1.0667018063833074,32.41147209502353,0.04135679863515208,25.630148265947785,24.581114164365868
2441,1.0667018063833074,32.404162441848584,0.04180717357495607,25.602577863769667,24.659197643882354
2442,1.0667018063833074,32.39688640142408,0.041614927231764846,25.555790211771416,24.719509726848695
2443,1.0667018063833074,32.38938529165499,0.042902199408795146,25.529624530243677,24.981715257757372
2444,1.0667018063833074,32.38186506601667,0.04301153160873875,25.564458493272955,25.018193359855193
2445,1.0667018063833074,32.374425651030904,0.04254933936832946,25.563316422506688,25.0322203734518
2446,1.0667018063833074,32.36712028494834,0.04178265377744395,25.53477660232671,25.05366164612573
2447,1.0667018063833074,32.359986255149174,0.04080270499354273,25.48312282599366,25.06699727091512
2448,1.0667018063833074,32.35302987670456,0.03978663749506492,25.429909722377584,25.060362475296248
2449,1.0667018063833074,32.34622850626205,0.03890007744983161,25.383915162703584,25.04111022822811
2450,1.0667018063833074,32.33951721726453,0.03838486140393239,25.341630133159224,25.01843987990325
2451,1.0667018063833074,32.33249133100766,0.0401841837399737,25.317919271385158,25.285107298578467
2452,1.0667018063833074,32.32484933174464,0.043708009395578507,25.317301406815538,25.644707845779568
2453,1.0667018063833074,32.31640689433264,0.04828607292724401,25.341058094128876,26.094456910742416
2454,1.0667018063833074,32.307949933696825,0.05285426277019219,25.38121365036,26.61685678326553
2455,1.0667018063833074,32.29915729538805,0.05495217911364421,25.37829435842508,26.89418844111301
2456,1.0667018063833074,32.290408450872036,0.054678476925569076,25.338661037476207,27.118048604802837
2457,1.0667018063833074,32.282017319119504,0.05244284580323066,25.276972440205718,27.26767029691985
2458,1.0667018063833074,32.27420061989043,0.04885276080153085,25.206707061512724,27.33879412992823
2459,1.0667018063833074,32.267061484341006,0.04461812730734206,25.13734787223032,27.341549409006973
2460,1.0667018063833074,32.2605751096928,0.04053850607166491,25.06922496620106,27.295033064825017
2461,1.0667018063833074,32.254624259042366,0.03719159134456347,25.00491469722548,27.204787466962273
2462,1.0667018063833074,32.24861700857833,0.037544078567521816,25.021993563912826,27.34364468478248
2463,1.0667018063833074,32.24207561003524,0.04088239408580451,25.151498316317262,27.59999414637026
2464,1.0667018063833074,32.234687339116974,0.04617517206807581,25.32613771253809,27.989033332609587
2465,1.0667018063833074,32.22634474926645,0.052139468909967054,25.503422917600663,28.465120897651616
2466,1.0667018063833074,32.21740119365136,0.05589538120575143,25.607712359091188,28.737477012609137
2467,1.0667018063833074,32.20826294099801,0.05711219760863288,25.643410170643516,28.97242615834565
2468,1.0667018063833074,32.19929335837204,0.05605804466502305,25.62534906744432,29.142496788270638
2469,1.0667018063833074,32.190777342661185,0.053223344830338776,25.569305334783166,29.236959191626248
2470,1.0667018063833074,32.18289512266895,0.04926225208131304,25.489728830109282,29.25977243123444
2471,1.0667018063833074,32.17569587390184,0.04499382254115094,25.400027637164648,29.207905241083616
2472,1.0667018063833074,32.16905162386055,0.041525194773514504,25.374866865981584,29.08115623780616
2473,1.0667018063833074,32.16282989604023,0.03888451788539871,25.386511744564963,28.997274803760458
2474,1.0667018063833074,32.15684981675472,0.03737426429594189,25.394116572871347,28.925964195767936
2475,1.0667018063833074,32.15092254839713,0.03704420686964597,25.3875073885927,28.878098214933058
2476,1.0667018063833074,32.144895282139835,0.03766917315433818,25.36757486244359,28.851456335922553
2477,1.0667018063833074,32.13864189353338,0.03908239128020887,25.338250387387145,28.848821275540473
2478,1.0667018063833074,32.13212517481951,0.04072815023452821,25.30181685824982,28.86270863564556
2479,1.0667018063833074,32.12535401518761,0.04231835358533168,25.25964098976304,28.884382686270655
2480,1.0667018063833074,32.11841405645646,0.043373313201619704,25.211828652991436,28.903235526483137
2481,1.0667018063833074,32.11173590351974,0.041737080889633085,25.13384207534076,28.647506223166072
2482,1.0667018063833074,32.105662573491756,0.03795706223695363,25.043038980826463,28.305670965968204
2483,1.0667018063833074,32.10045125013877,0.03256969799683063,24.94690246991264,27.874433679225476
2484,1.0667018063833074,32.09620791029382,0.026520000369715406,24.86058775417632,27.35943570039895
2485,1.0667018063833074,32.09280661429933,0.020638252109560343,24.7898170212822,26.783777267334067
2486,1.0667018063833074,32.090153697722236,0.015628412100854232,24.73135246337969,26.162766084938593
2487,1.0667018063833074,32.0880885971385,0.011811233240126116,24.6804165146257,25.51747188080888
2488,1.0667018063833074,32.086327629313345,0.009778409767903748,24.635390583709626,24.83781632443594
2489,1.0667018063833074,32.08461923566691,0.009486472655031839,24.638021758087454,24.192521647087997
2490,1.0667018063833074,32.082756035135084,0.01034609378983484,24.665120442198063,23.605400096638444
2491,1.0667018063833074,32.08022476393109,0.014055797450004077,24.660299962624464,23.34586247131379
2492,1.0667018063833074,32.07673664823135,0.01936902204732481,24.653629188456552,23.206560253600795
2493,1.0667018063833074,32.07222251346359,0.025066363437196638,24.658610377618245,23.172721588995874
2494,1.0667018063833074,32.067122552147794,0.028319376898316092,24.71592463325408,22.891769330194016
2495,1.0667018063833074,32.06191897127775,0.02889476189217821,24.786500361340487,22.584456804111312
2496,1.0667018063833074,32.05707831311632,0.026879502494416604,24.856408280048864,22.23152345761495
2497,1.0667018063833074,32.05260364792078,0.024847194384364578,24.859059879865672,22.092689248543223
2498,1.0667018063833074,32.04847490479654,0.022926337164366463,24.817125692502383,21.97185444568656
2499,1.0667018063833074,32.04460649406056,0.021480747567709995,24.76654318205825,21.87363561556792
2500,1.0667018063833074,32.04087908854097,0.020697765184008524,24.726267193235994,21.79806729068215
2501,1.0667018063833074,32.03706052085471,0.021203976034858126,24.726639504608894,21.70547414923183
2502,1.0667018063833074,32.03307824933558,0.02211300068336627,24.732152261011038,21.667093524465923
2503,1.0667018063833074,32.02889624510746,0.023222088677322658,24.715981886281043,21.625778916870683
2504,1.0667018063833074,32.024481253660525,0.02451583434595624,24.715257005626082,21.612950134292984
2505,1.0667018063833074,32.01985672476933,0.02567936667297918,24.671506337133913,21.631945261825294
2506,1.0667018063833074,32.01504545896132,0.026716290837932786,24.591349102258008,21.659349209679
2507,1.0667018063833074,32.01013055961053,0.027291753508185353,24.48294232334672,21.688282675822308
2508,1.0667018063833074,32.00519669280915,0.027397077127059802,24.35452570028007,21.713049999684124
2509,1.0667018063833074,32.00026221358708,0.027400477814229336,24.187202036114428,21.735423808452456
2510,1.0667018063833074,31.99537675604397,0.027128267239092625,24.009979387404368,21.75292691095354
2511,1.0667018063833074,31.990545695620447,0.026826207588724522,23.84166151696054,21.763326734064105
2512,1.0667018063833074,31.9858018694161,0.026341808084780417,23.688419370011786,21.765347581154668
2513,1.0667018063833074,31.98117480566627,0.025693442391060303,23.43128185423658,21.765361983205775
2514,1.0667018063833074,31.97632143970443,0.026950067145175814,23.21474152027785,22.009295175129807
2515,1.0667018063833074,31.970942975085272,0.02986586706301773,23.13443518393317,22.320855953507188
2516,1.0667018063833074,31.964883570426856,0.03364703253123821,23.124514019868524,22.72395750432355
2517,1.0667018063833074,31.9580925028345,0.03770985518930954,23.126596886560968,23.19446751679126
2518,1.0667018063833074,31.951449094226618,0.041519935987841976,23.12507425714497,23.714464180232977
2519,1.0667018063833074,31.944239697029612,0.04505724813858034,23.148841009691356,24.199732094057588
2520,1.0667018063833074,31.93655501207547,0.048027698763681785,23.24059045771097,24.710416510918794
2521,1.0667018063833074,31.928840792286902,0.04821228539782714,23.308311785175956,24.965471564737456
2522,1.0667018063833074,31.92139984015286,0.04650441882022071,23.402635887704037,25.099955673271232
2523,1.0667018063833074,31.91449267072782,0.0431683867893632,23.500780532124114,25.189021554534005
2524,1.0667018063833074,31.90825010791626,0.03901473229108,23.57754925667256,25.20358847572437
2525,1.0667018063833074,31.902348360230825,0.036884707923147124,23.651173678327996,25.4306124215714
2526,1.0667018063833074,31.896436147497198,0.03695011231975202,23.71697497006062,25.68595436352259
2527,1.0667018063833074,31.890141029831366,0.039343189309695756,23.83775247997062,25.97313864445009
2528,1.0667018063833074,31.88322123880125,0.043247269222487734,23.998271766732827,26.370907383982367
2529,1.0667018063833074,31.87554019977045,0.0480049124933744,24.16272909245133,26.83155615530689
2530,1.0667018063833074,31.8674073273553,0.050828778117671954,24.25756076106732,27.08366958584119
2531,1.0667018063833074,31.859154655071052,0.05157750263389371,24.29048874563986,27.293238381666647
2532,1.0667018063833074,31.851112983903,0.05025878910068024,24.276680776626176,27.439528777678994
2533,1.0667018063833074,31.84352000242569,0.04745457091427061,24.232573400603695,27.516420176087212
2534,1.0667018063833074,31.836578709020483,0.04338165463968892,24.22222212359981,27.460575205952132
2535,1.0667018063833074,31.83029801228988,0.03925306143366687,24.215109675279106,27.40666292020338
2536,1.0667018063833074,31.824586685733568,0.035694615071909304,24.14990389719582,27.33261455803638
2537,1.0667018063833074,31.81928729480435,0.03312010221604811,24.03944262573129,27.252743387165623
2538,1.0667018063833074,31.814216896601838,0.03168894482149657,23.91662688203232,27.17962578288137
2539,1.0667018063833074,31.809193205883275,0.03139703266331266,23.803961727251718,27.123136698459238
2540,1.0667018063833074,31.804066250986995,0.03204241251304058,23.71003109106033,27.088285722126873
2541,1.0667018063833074,31.79873539088638,0.033316778058123636,23.634222962190172,27.07654126902956
2542,1.0667018063833074,31.793154838402167,0.03487730404638396,23.57198595226772,27.085737556446364
2543,1.0667018063833074,31.78733008399367,0.036403515794460294,23.51844785274934,27.110600356521807
2544,1.0667018063833074,31.781316856242746,0.03758143537981825,23.469643849970247,27.139394439135472
2545,1.0667018063833074,31.775183822662235,0.03833019714797699,23.42448901478085,27.16774087703663
2546,1.0667018063833074,31.769036502395444,0.0384194859957059,23.38065892011931,27.186292485154414
2547,1.0667018063833074,31.76327669593941,0.03599760446366991,23.314061030713415,26.93941752116917
2548,1.0667018063833074,31.75820668998538,0.0316864933491782,23.243163815853695,26.605670361230853
2549,1.0667018063833074,31.75400051977408,0.02628769781225823,23.17888770572183,26.185362550528385
2550,1.0667018063833074,31.750708671150793,0.020573376136891853,23.124071083287138,25.69115923295568
2551,1.0667018063833074,31.74815869452368,0.015472649422151073,23.081780133406728,25.104429129665274
2552,1.0667018063833074,31.74622058562624,0.01141745835776161,23.092760096252153,24.500056164159826
2553,1.0667018063833074,31.74471465839523,0.008613070912021457,23.1158899536942,23.90125638241156
2554,1.0667018063833074,31.743413668587625,0.0072242157186743795,23.127516905536346,23.306996556942295
2555,1.0667018063833074,31.741736075033447,0.00931544402030745,23.090388573449967,23.002177009260116
2556,1.0667018063833074,31.73926155710067,0.01374065441687798,23.04345794440169,22.80721718851839
2557,1.0667018063833074,31.735795181300702,0.019248303403061728,23.009405021092874,22.71636209674498
2558,1.0667018063833074,31.731340351863683,0.024737049172088108,22.990884523184313,22.713340549668583
2559,1.0667018063833074,31.726034882779146,0.029460532996924086,23.00647714280284,22.71803905813636
2560,1.0667018063833074,31.720489432992807,0.03079311250525801,23.03077786465899,22.52891187317266
2561,1.0667018063833074,31.71528278821164,0.02891177536513443,23.018393234972862,22.27782902329525
2562,1.0667018063833074,31.710794313990412,0.02492387398615413,23.017157002674256,21.9038690784601
2563,1.0667018063833074,31.707273615451513,0.01954995002795014,23.08400193666391,21.456520102941397
2564,1.0667018063833074,31.704844783684067,0.013486965485786056,23.192061516869956,20.96191676319257
2565,1.0667018063833074,31.7034694833052,0.007636852000569192,23.311903878798727,20.417799702576513
2566,1.0667018063833074,31.70259685082322,0.0048456069802558475,23.37725608329153,20.097159490354326
2567,1.0667018063833074,31.70170451969724,0.0049549908146046895,23.401305931002046,19.848239223052385
2568,1.0667018063833074,31.700404832739736,0.007216981173025778,23.402465707810084,19.68431606880572
2569,1.0667018063833074,31.698397962577303,0.011143871295652728,23.392627075901416,19.604663196200036
2570,1.0667018063833074,31.695593810626594,0.015571066338569898,23.378429494944577,19.59627122862106
2571,1.0667018063833074,31.692000084206363,0.01995546371071266,23.359672335883634,19.641780107491726
2572,1.0667018063833074,31.68775968345408,0.023546356465845165,23.334381062044024,19.720080407018145
2573,1.0667018063833074,31.683125682582695,0.025731963263540415,23.301168001369557,19.81055389686934
2574,1.0667018063833074,31.678322297218436,0.02667253182818035,23.26020659948217,19.896406333080833
2575,1.0667018063833074,31.67359531409426,0.026248280799849658,23.214021335404393,19.963726738991568
2576,1.0667018063833074,31.669115356683324,0.024876581321442496,23.166033962201418,20.005113408694843
2577,1.0667018063833074,31.664948001987472,0.02314074185918415,23.119349214031576,20.01866690285278
2578,1.0667018063833074,31.661141639014566,0.021136204956590694,23.076086145100874,20.001404065089396
2579,1.0667018063833074,31.657638323519578,0.019453424399334875,23.036938887945237,19.96358180364308
2580,1.0667018063833074,31.65437248792813,0.01813473147636223,23.001425776403234,19.91335679372479
2581,1.0667018063833074,31.65121228806819,0.017548150930162487,22.967976765007705,19.860214032157344
2582,1.0667018063833074,31.64770006820697,0.019502869108375776,22.92472774262762,20.061176901645258
2583,1.0667018063833074,31.64345329319861,0.02358175182454094,22.886209582515267,20.349077541717588
2584,1.0667018063833074,31.63825795781049,0.02884897587617383,22.862261663089306,20.72225798774748
2585,1.0667018063833074,31.632084953067363,0.034277838024809416,22.854348180731368,21.168010518151554
2586,1.0667018063833074,31.62536979823805,0.0372883221589446,22.831429942495085,21.40990852060768
2587,1.0667018063833074,31.61853907127985,0.03793007813981872,22.82435695739658,21.56066302893639
2588,1.0667018063833074,31.611965944071557,0.036499662504425996,22.81844879632303,21.68612615542882
2589,1.0667018063833074,31.60589090081463,0.03373387149686396,22.785230142618886,21.752184104861605
2590,1.0667018063833074,31.60042291586859,0.03036296100549416,22.738344870555846,21.761854485032842
2591,1.0667018063833074,31.595553817173695,0.027037428826905293,22.69604208129597,21.725229911587988
2592,1.0667018063833074,31.591182899387636,0.024271099427994203,22.665500851363145,21.657364043495782
2593,1.0667018063833074,31.587151104268823,0.02238799835456895,22.644131658633743,21.57507646700941
2594,1.0667018063833074,31.583276220119842,0.021516693531048132,22.626481717129504,21.49390508199772
2595,1.0667018063833074,31.57938502406594,0.021607271273655047,22.609089780423698,21.425879970280718
2596,1.0667018063833074,31.575347728811195,0.022418539845453847,22.58684835961607,21.37271551169801
2597,1.0667018063833074,31.571084726826648,0.02367185796972065,22.553945858821805,21.340763071905943
2598,1.0667018063833074,31.566537682928082,0.02524910327020434,22.51323982823706,21.32732256884971
2599,1.0667018063833074,31.561705566656777,0.02683207056482103,22.467725749116553,21.32191221726887
2600,1.0667018063833074,31.556660078841116,0.02801689311739934,22.41908295917524,21.325830057648563
2601,1.0667018063833074,31.551499053733906,0.028658455651399573,22.366486332671396,21.336444909501243
2602,1.0667018063833074,31.546325601806693,0.028727460056996536,22.31219748538595,21.348393269897745
2603,1.0667018063833074,31.54124520458372,0.028210740207901916,22.257049468688056,21.357814134248795
2604,1.0667018063833074,31.536251800731648,0.027727678101030134,22.21893542643967,21.32207650928482
2605,1.0667018063833074,31.531257547670688,0.027732393640039692,22.238508939028126,21.272343439515144
2606,1.0667018063833074,31.526193156850443,0.028121858876524925,22.3407247565745,21.205629739160944
2607,1.0667018063833074,31.52103028740802,0.02866869698868455,22.47182288603619,21.199358719003687
2608,1.0667018063833074,31.5158035393748,0.029023405931832346,22.582087709180552,21.19264337327635
2609,1.0667018063833074,31.510541525400164,0.02921923280679958,22.65999906542912,21.18161808574717
2610,1.0667018063833074,31.505258180449548,0.02933768075391106,22.70485247656335,21.171250171812712
2611,1.0667018063833074,31.499972146056507,0.029352614854164506,22.725695570025223,21.126226977262753
2612,1.0667018063833074,31.494681880609765,0.02937610930779484,22.782212611890113,21.045386693039607
2613,1.0667018063833074,31.489392646596915,0.029370381898595907,22.81546429701467,21.026499383649835
2614,1.0667018063833074,31.484064608594984,0.02958585506078442,22.795480243563087,21.018432257200406
2615,1.0667018063833074,31.478710489646787,0.029730678933330652,22.738068937564535,21.017291823444925
2616,1.0667018063833074,31.473306575890273,0.030007182588335023,22.664254041212665,21.020916447142657
2617,1.0667018063833074,31.467885382267955,0.030103135283309997,22.58554236801187,21.02596131310499
2618,1.0667018063833074,31.462448714928026,0.030189058688171268,22.505656728135754,21.026922181385903
2619,1.0667018063833074,31.457044770153495,0.030007354827015054,22.4250840429993,21.02691504059513
2620,1.0667018063833074,31.45167380107329,0.02982424537623164,22.34439485342823,21.026274210524573
2621,1.0667018063833074,31.44634875980261,0.029569214628369825,22.26431562259248,21.024415234252498
2622,1.0667018063833074,31.441108971069337,0.02909581912819671,22.186202015639523,21.020796247999744
2623,1.0667018063833074,31.435938780547005,0.02870934992860772,22.111911091814235,21.0160231881954
2624,1.0667018063833074,31.430831172167643,0.028361839980215988,22.042488733148822,21.00991958209053
2625,1.0667018063833074,31.425804591537243,0.02791190414345933,21.978184689035455,21.00254717174917
2626,1.0667018063833074,31.420829851144582,0.02762404250294804,21.918945948950714,20.995054460270918
2627,1.0667018063833074,31.41591080909875,0.02731475731842,21.86415531994721,20.987343032519732
2628,1.0667018063833074,31.411013276033362,0.027195320937198033,21.813578083290988,20.980826294309967
2629,1.0667018063833074,31.40614330342201,0.027042281563604942,21.76675185236142,20.975383538333013
2630,1.0667018063833074,31.40127407001693,0.027038176853825653,21.72313764327422,20.971963866769418
2631,1.0667018063833074,31.396419655246458,0.026955891033881876,21.682052070469087,20.969952952634465
2632,1.0667018063833074,31.391559945177335,0.026985295091883587,21.64321826171907,20.969853665615926
2633,1.0667018063833074,31.386694335920513,0.027018052461807458,21.606486118626535,20.97098417421259
2634,1.0667018063833074,31.38184988029714,0.026900589273142123,21.571790116176945,20.972612417725976
2635,1.0667018063833074,31.37701437524369,0.026850888001437093,21.539264769155466,20.9748514387544
2636,1.0667018063833074,31.372207042017695,0.026694453756173953,21.50884239340117,20.976655485849555
2637,1.0667018063833074,31.367449799282475,0.026416308217476786,21.480484258263342,20.977701253824105
2638,1.0667018063833074,31.362684399123413,0.02646160525913544,21.473738527083682,20.933178966978893
2639,1.0667018063833074,31.357564184795823,0.028431839060017467,21.523699262988593,21.163744347665194
2640,1.0667018063833074,31.35184745839542,0.03174418775610004,21.602619282407673,21.4731169257179
2641,1.0667018063833074,31.34541269648691,0.03573133921096546,21.696957028932395,21.846072197568397
2642,1.0667018063833074,31.33857016853876,0.037995607398167694,21.761279466892663,22.028840181786958
2643,1.0667018063833074,31.331634368101454,0.03851353657665594,21.795974099057794,22.18045516361464
2644,1.0667018063833074,31.324843274788034,0.03770999801472812,21.819041598844493,22.243584157586422
2645,1.0667018063833074,31.31838175210105,0.03587993809730023,21.86618008463526,22.270807250672732
2646,1.0667018063833074,31.312373607178586,0.033362394336573654,21.874547337347707,22.265731695568732
2647,1.0667018063833074,31.306855155648343,0.030643194938694506,21.83901807433718,22.226254989489274
2648,1.0667018063833074,31.301780828921178,0.028177031587725374,21.785405013631514,22.16482423821869
2649,1.0667018063833074,31.297049993409907,0.026269672570425413,21.7347786608503,22.092409551821724
2650,1.0667018063833074,31.292498978281916,0.02527115495555851,21.69455543862559,22.020754036424027
2651,1.0667018063833074,31.28795921515517,0.025208674155497265,21.663135226123043,21.959723167219035
2652,1.0667018063833074,31.283328734772088,0.025712414480977722,21.637120791446932,21.914550167224814
2653,1.0667018063833074,31.278586200773425,0.026334632646080512,21.61449324557787,21.8871699586631
2654,1.0667018063833074,31.273714652839768,0.027051029109609208,21.59489776874787,21.876949297819788
2655,1.0667018063833074,31.26871661297192,0.027753421252739285,21.578454579568408,21.880371397492247
2656,1.0667018063833074,31.26358647980861,0.028486916977199715,21.565080424299097,21.893183507999282
2657,1.0667018063833074,31.258394455311382,0.02883059095896815,21.553911893831934,21.90960240054072
2658,1.0667018063833074,31.25352211991569,0.027055401776885802,21.536510423022445,21.68801253999258
2659,1.0667018063833074,31.24923203610475,0.02382223959049469,21.523982486348114,21.393982539074017
2660,1.0667018063833074,31.245406145400548,0.02124463973649146,21.513418453080718,21.262280941059604
2661,1.0667018063833074,31.241870530474372,0.01963277865485757,21.500786210621744,21.138464436805563
2662,1.0667018063833074,31.23838801856858,0.019337904957709123,21.49615119204963,20.99748198899395
2663,1.0667018063833074,31.2347892510753,0.019983456089338762,21.54258967486783,20.897881572841452
2664,1.0667018063833074,31.230950538452653,0.021315838068828037,21.605796377337693,20.847971035593783
2665,1.0667018063833074,31.22685131698519,0.022762407504344825,21.66535976968995,20.820470515163482
2666,1.0667018063833074,31.222468650344986,0.024336339183447332,21.715517653142896,20.814348235829
2667,1.0667018063833074,31.217866952439817,0.02555258937842885,21.753839795496916,20.824463509930933
2668,1.0667018063833074,31.21342246688966,0.024679611004807134,21.78510430759542,20.609028066729113
2669,1.0667018063833074,31.20915751386984,0.023682691797733697,21.797455214680557,20.5614844056519
2670,1.0667018063833074,31.20502708655912,0.022935689217995107,21.795102201928536,20.51377029149727
2671,1.0667018063833074,31.20133580008481,0.02049720114180457,21.799422280325167,20.237440450481582
2672,1.0667018063833074,31.19793905146582,0.0188616733370143,21.78961352344774,20.13318777210416
2673,1.0667018063833074,31.19465228035841,0.01825098348901743,21.78792108739476,19.992969397631228
2674,1.0667018063833074,31.191305193833664,0.018585906624776827,21.82313664833971,19.91302710583952
2675,1.0667018063833074,31.187818359316214,0.01936190781988483,21.86135055751345,19.865577290250126
2676,1.0667018063833074,31.18411766084285,0.020549464665464177,21.889681685667608,19.843090413679064
2677,1.0667018063833074,31.180204065403128,0.021731651952269018,21.90684577449515,19.84048387744447
2678,1.0667018063833074,31.176078072957182,0.022911063029937957,21.913491776202306,19.852797073107446
2679,1.0667018063833074,31.171799364070193,0.02375907621748771,21.91034355878877,19.873508743811822
2680,1.0667018063833074,31.16742747505418,0.02427649253310735,21.89813200435883,19.897346924080516
2681,1.0667018063833074,31.16301884605398,0.02448050456275989,21.877951600329464,19.919594303509985
2682,1.0667018063833074,31.15855486498261,0.02478786692660915,21.880209757109856,19.887417534614
2683,1.0667018063833074,31.154088280541036,0.024802323079870146,21.910946214034354,19.895574934256082
2684,1.0667018063833074,31.14965003204143,0.02464497752939187,21.940512611217798,19.900683671882906
2685,1.0667018063833074,31.145252079301994,0.024421220769428317,21.95888691085188,19.900195257305292
2686,1.0667018063833074,31.140892690250215,0.024207081967705227,21.965082836155485,19.89506938765469
2687,1.0667018063833074,31.136564684832788,0.02403281300475963,21.958975613055653,19.888022634843445
2688,1.0667018063833074,31.132255561089767,0.0239279656890404,21.9415211497891,19.880286402093276
2689,1.0667018063833074,31.12795059669364,0.023904869413432443,21.91475433246562,19.873338077722526
2690,1.0667018063833074,31.123635581187077,0.023960681833760437,21.881269498023155,19.86817501557904
2691,1.0667018063833074,31.11929966298317,0.024076751609108247,21.843609386975107,19.865295580665713
2692,1.0667018063833074,31.11462420140544,0.025962188807784812,21.80793083436091,20.094871275704502
2693,1.0667018063833074,31.10938041809277,0.02911800047271277,21.78579498907376,20.39122285389418
2694,1.0667018063833074,31.103419593778856,0.03309962956922903,21.782873409558064,20.75112976477772
2695,1.0667018063833074,31.09669560993521,0.03733734844934177,21.79875673429486,21.163533333176687
2696,1.0667018063833074,31.089285711425614,0.04114613732878196,21.82972261497692,21.612429707482498
2697,1.0667018063833074,31.08136793516933,0.043966311921589084,21.87105376459532,22.08021960238816
2698,1.0667018063833074,31.073437663761624,0.04403569576196209,21.87431709695825,22.324812501314295
2699,1.0667018063833074,31.06584343397854,0.04216970329035794,21.855780151888457,22.496745739772205
2700,1.0667018063833074,31.058856519120297,0.038797367857237273,21.828097125574512,22.587362132770323
2701,1.0667018063833074,31.05256376635849,0.034942782141796365,21.798640378736827,22.603983928547944
2702,1.0667018063833074,31.046944333905323,0.031203927979304786,21.76868929167439,22.563431504439897
2703,1.0667018063833074,31.041886046955725,0.02808796493059442,21.737382854102027,22.4876391121926
2704,1.0667018063833074,31.037214809300085,0.02593873395499972,21.704044097914334,22.398838453850693
2705,1.0667018063833074,31.032730003657125,0.024903502880533494,21.669476716912108,22.31612088121356
2706,1.0667018063833074,31.02824058700605,0.02492910716816985,21.635859487509943,22.25319524234381
2707,1.0667018063833074,31.023208014081742,0.027945178519378427,21.66253009867444,22.38940693394878
2708,1.0667018063833074,31.017313175156282,0.03273322187125831,21.762920473557266,22.67186397984884
2709,1.0667018063833074,31.010685687385998,0.036801519155503656,21.86310290585641,22.8107569467506
2710,1.0667018063833074,31.00359464566985,0.03937556983791764,21.944958433834525,22.9532099812367
2711,1.0667018063833074,30.99632256461387,0.04038085614905256,22.0028568808957,23.075386426798612
2712,1.0667018063833074,30.989099569575128,0.040108288312549895,22.036915867862117,23.16303259593298
2713,1.0667018063833074,30.982154470353755,0.038565171433071824,22.050003917211896,23.191356078801096
2714,1.0667018063833074,30.975557467859012,0.03663223865420409,22.09404448215038,23.14607015057808
2715,1.0667018063833074,30.969343431566703,0.03450568051891663,22.1479538727286,23.113975583754552
2716,1.0667018063833074,30.963521394303235,0.03232896435295293,22.18126256233517,23.06277699781145
2717,1.0667018063833074,30.95832368825604,0.02886213981678164,22.169263365578217,22.77549805579301
2718,1.0667018063833074,30.95387299532703,0.0247140797176608,22.128851224820295,22.422940499727616
2719,1.0667018063833074,30.95018909976016,0.02045616045926993,22.073608245573734,22.01450645289347
2720,1.0667018063833074,30.947208628886695,0.016550140829216162,22.015624526314056,21.567036032191506
2721,1.0667018063833074,30.94484010035385,0.013152109999027654,21.962746621583758,21.098442028179512
2722,1.0667018063833074,30.942911598203064,0.010708704610716869,21.919617508131488,20.59914187538736
2723,1.0667018063833074,30.941231616095756,0.009328707324112595,21.91968895935803,20.1213135765065
2724,1.0667018063833074,30.939325857536218,0.010582412607226463,21.934499339291882,19.866027622288364
2725,1.0667018063833074,30.936878112477356,0.013591988366314853,21.967478757669916,19.723608462397614
2726,1.0667018063833074,30.93374690139728,0.01738718026149513,21.970248392449797,19.67318787773896
2727,1.0667018063833074,30.929946516701563,0.021103008413614902,21.94969771897864,19.691231199575636
2728,1.0667018063833074,30.925571612323477,0.024293236419870832,21.92281228916224,19.754342291529248
2729,1.0667018063833074,30.920781540704635,0.026598602448987988,21.896182080093972,19.83579267418471
2730,1.0667018063833074,30.915809310041723,0.027610106322181523,21.868884615820374,19.912809514043687
2731,1.0667018063833074,30.910917669151676,0.027162602505885747,21.834073663453673,19.973591079462526
2732,1.0667018063833074,30.9062889597352,0.025702580549265802,21.749653054465018,20.01044654567401
2733,1.0667018063833074,30.902331984478042,0.02197253405387347,21.645629814395587,19.80150593316713
2734,1.0667018063833074,30.8990045187974,0.01847695480242774,21.515811929265293,19.724167038139
2735,1.0667018063833074,30.89618171165234,0.015674656041927804,21.370801164806956,19.629165008133807
2736,1.0667018063833074,30.893697572174883,0.013794081518241165,21.220427549545608,19.528835127204662
2737,1.0667018063833074,30.891370972464927,0.012919285068549365,21.072464280138608,19.43882468571692
2738,1.0667018063833074,30.889040087935072,0.012943078078480776,20.92965693674052,19.364095581423435
2739,1.0667018063833074,30.88659218616671,0.013592858552406543,20.662371162639076,19.319387282942937
2740,1.0667018063833074,30.884007482466142,0.014352500682661725,20.445093853179213,19.302322024403143
2741,1.0667018063833074,30.88127738664126,0.015159842956849337,20.33412195679277,19.298785591360627
2742,1.0667018063833074,30.878326011805104,0.01638857457490329,20.319460921344437,19.268503348999182
2743,1.0667018063833074,30.87518462366291,0.017443692074110118,20.36474288619794,19.27602317573016
2744,1.0667018063833074,30.87183331791022,0.01860933541150399,20.422065096475837,19.25536858821769
2745,1.0667018063833074,30.868318829880057,0.019515463935536114,20.515582235920785,19.251000524991902
2746,1.0667018063833074,30.86468902389632,0.020155808516148566,20.60757762775299,19.268974403880193
2747,1.0667018063833074,30.86104269114694,0.020247579350546704,20.680603135474797,19.280893025993123
2748,1.0667018063833074,30.857723912673453,0.01842871594761995,20.748686493254752,19.0661050016749
2749,1.0667018063833074,30.85473778048388,0.01658157733130937,20.793287550540935,18.993044672336612
2750,1.0667018063833074,30.85224431476871,0.01384586882098627,20.861576346005858,18.652568445706518
2751,1.0667018063833074,30.850065620976828,0.01209798404690165,20.947397394052224,18.509152590842916
2752,1.0667018063833074,30.847984077854704,0.011558519870174666,21.017866322453344,18.400734305747342
2753,1.0667018063833074,30.845850214611055,0.011849046238631875,21.06220818545629,18.32084947954147
2754,1.0667018063833074,30.84366275759798,0.012146644997087971,21.178829718769155,18.311838300187812
2755,1.0667018063833074,30.841233434159506,0.013489695666730774,21.28251240495552,18.26425625476467
2756,1.0667018063833074,30.83847074353975,0.015340837325906779,21.28915781185421,18.279953798973853
2757,1.0667018063833074,30.835404141717614,0.01702841402520326,21.19913251112563,18.336384825238092
2758,1.0667018063833074,30.832101776603995,0.018337574839805994,21.081013124695104,18.396558211806923
2759,1.0667018063833074,30.828654884254703,0.019140114507280818,20.982029446767914,18.44584008592148
2760,1.0667018063833074,30.82516054004583,0.019403608093506143,20.91516597014526,18.477484685668514
2761,1.0667018063833074,30.8217063542638,0.019180613926362562,20.87309245521262,18.487972572965848
2762,1.0667018063833074,30.818652994749208,0.01695488133051757,20.864950246946943,18.279100226650687
2763,1.0667018063833074,30.815964390118843,0.014929448116080792,20.856866309011895,18.201363287951615
2764,1.0667018063833074,30.813555416954937,0.013376693418252627,20.84878785331507,18.120719265872616
2765,1.0667018063833074,30.811313164269702,0.012450917754511466,20.837784492810353,18.04707894706439
2766,1.0667018063833074,30.809124565017495,0.012152987692413563,20.82337611063722,17.986833250481528
2767,1.0667018063833074,30.8068929316246,0.01239195029903039,20.807053275442776,17.943052661174683
2768,1.0667018063833074,30.804512279120022,0.013219432730206156,20.790651815584532,17.916608929574988
2769,1.0667018063833074,30.80190408965759,0.01448291385663613,20.775176936716893,17.905902955644493
2770,1.0667018063833074,30.7990503588545,0.015846370820182195,20.764636760005555,17.88709073809731
2771,1.0667018063833074,30.795972064033492,0.017093343624050218,20.783189040012648,17.88239978476464
2772,1.0667018063833074,30.79274743791579,0.017905900991898545,20.80950457815288,17.90068637007728
2773,1.0667018063833074,30.789494257710526,0.018064457874540574,20.828140433619595,17.920867248209362
2774,1.0667018063833074,30.786285245670225,0.017819198188556134,20.834147190653102,17.93930252507148
2775,1.0667018063833074,30.78312740668516,0.017535041319879534,20.82787727396988,17.952179814778
2776,1.0667018063833074,30.780071055694453,0.0169714925819882,20.81137689136648,17.95721737725567
2777,1.0667018063833074,30.77712630021604,0.016351818200626003,20.787029105610873,17.956191857109438
2778,1.0667018063833074,30.774257754374865,0.01592863666912124,20.757312145199826,17.94286688596763
2779,1.0667018063833074,30.771487275475206,0.015384084562668938,20.7258621441459,17.917874301913983
2780,1.0667018063833074,30.768730562118474,0.015307646414517366,20.72423950796415,17.84034066184487
2781,1.0667018063833074,30.765929662087576,0.015553008879431807,20.75076828385094,17.81204828352014
2782,1.0667018063833074,30.763088241844766,0.015778011988678987,20.7786469771351,17.787157413880237
2783,1.0667018063833074,30.76012948856505,0.016429546047375652,20.806868363726387,17.739171569785977
2784,1.0667018063833074,30.757043293631703,0.017137211850609412,20.852570838610312,17.7167025447968
2785,1.0667018063833074,30.753806685886946,0.017972433302901936,20.893679188444466,17.710724889625798
2786,1.0667018063833074,30.750465142822588,0.018555124559155443,20.92010494049372,17.71018923251172
2787,1.0667018063833074,30.747019710451767,0.01913200744967212,20.922186034585334,17.71462359933897
2788,1.0667018063833074,30.74352130034351,0.01942618546799495,20.902304403363367,17.72252396931293
2789,1.0667018063833074,30.739983908216455,0.019642647204594386,20.87411304377124,17.72824871279244
2790,1.0667018063833074,30.73645812299438,0.019578195673108704,20.829865288727458,17.728769986134328
2791,1.0667018063833074,30.73293945247732,0.019538688704360003,20.77792937172858,17.72785546078711
2792,1.0667018063833074,30.72946474333497,0.01929457729602124,20.730333710566523,17.72276320453326
2793,1.0667018063833074,30.726020678354438,0.019124414521267005,20.68878682118058,17.71462687366212
2794,1.0667018063833074,30.72262658168922,0.01884694740599006,20.649952789104525,17.70670019712696
2795,1.0667018063833074,30.719250393192244,0.01874750583488833,20.612089925440774,17.701609185665514
2796,1.0667018063833074,30.71590561909863,0.018573066015847708,20.57662038062457,17.696394788119292
2797,1.0667018063833074,30.712564937639822,0.018550340183168767,20.545290526471327,17.69522702521288
2798,1.0667018063833074,30.709245438443283,0.018432718022661956,20.518833706167225,17.697306470569455
2799,1.0667018063833074,30.70592782137201,0.018422266842395545,20.496118297774995,17.70189948600907
2800,1.0667018063833074,30.702634289840415,0.01828852318560154,20.476490169419055,17.70710396572875
2801,1.0667018063833074,30.699346344157927,0.018257505741250124,20.456933179965038,17.712981336076435
2802,1.0667018063833074,30.69606353965745,0.018228957471588904,20.431108040685878,17.717124920136985
2803,1.0667018063833074,30.69280514237065,0.01809342760374735,20.379890601612715,17.718507477311764
2804,1.0667018063833074,30.689567610019893,0.01797756751162032,20.311606875809275,17.718254323870443
2805,1.0667018063833074,30.686345167516013,0.01789377568757813,20.239819709874556,17.715258500553965
2806,1.0667018063833074,30.683148928278953,0.017748272586102627,20.16779293162744,17.706233473742152
2807,1.0667018063833074,30.67991318435755,0.017967636611845878,20.126159160288466,17.653230888505618
2808,1.0667018063833074,30.67665803816398,0.018075374734588225,20.081808768340164,17.632368383228222
2809,1.0667018063833074,30.67340217906768,0.018079333384341683,20.004590431380443,17.618225133977678
2810,1.0667018063833074,30.6701599550582,0.01800361964095499,19.90603483581941,17.60974748304495
2811,1.0667018063833074,30.666929380239566,0.017938933302030273,19.805868471135533,17.594198909246508
2812,1.0667018063833074,30.663666000898036,0.018121092261728734,19.74338345288223,17.563794435233024
2813,1.0667018063833074,30.6600933910504,0.019838206315841926,19.696907618401273,17.760584078135107
2814,1.0667018063833074,30.65600168824194,0.022720657435130926,19.66062412846164,18.016683966805775
2815,1.0667018063833074,30.651268105138954,0.026284929565547257,19.633651861183324,18.327421969241957
2816,1.0667018063833074,30.64585987555409,0.03003114778378637,19.615612415027993,18.68275143691398
2817,1.0667018063833074,30.640092018172155,0.0320281109954163,19.582794499693275,18.87146639702178
2818,1.0667018063833074,30.63427048712757,0.03232615338977114,19.53185112372002,19.024183607475564
2819,1.0667018063833074,30.628583406095814,0.031579571141197645,19.494652509143094,19.07483888605831
2820,1.0667018063833074,30.623196882683683,0.02991061642112191,19.465885218900546,19.10920477843782
2821,1.0667018063833074,30.618188535981375,0.027810653673139563,19.397563948617034,19.10880365848871
2822,1.0667018063833074,30.61359707883917,0.025495723843962904,19.29815352551577,19.08105955140604
2823,1.0667018063833074,30.60944309966229,0.023066469459955746,19.19078289891826,19.034728746736903
2824,1.0667018063833074,30.60565360447681,0.02104254047556307,19.091371192763187,18.98130104025311
2825,1.0667018063833074,30.602101046155166,0.019726862976866065,19.003659740062393,18.933143337256748
2826,1.0667018063833074,30.598360933893783,0.020768323956446295,18.933559724219418,19.095987593899295
2827,1.0667018063833074,30.59408875042942,0.023722841452011704,18.88786629222275,19.332165407467333
2828,1.0667018063833074,30.58902439384987,0.02812166874269182,18.873083354655858,19.640331863919542
2829,1.0667018063833074,30.583118957300638,0.032792069004258614,18.894146327430978,20.006598460934846
2830,1.0667018063833074,30.577142240449525,0.03735324977328282,18.945170181176305,20.414478725729122
2831,1.0667018063833074,30.570553545749387,0.04117798532954513,19.01994736982174,20.826036976235667
2832,1.0667018063833074,30.56369632482809,0.0428562189248565,19.055870543256283,21.049655936427392
2833,1.0667018063833074,30.556942361366005,0.042210881064617664,19.057136705022288,21.208230035853564
2834,1.0667018063833074,30.550538859971756,0.04002056529715492,19.036707250407186,21.300104204125866
2835,1.0667018063833074,30.544685961133272,0.03657941268722898,19.001675497216862,21.327840891741943
2836,1.0667018063833074,30.539433390644838,0.03282748410094227,18.957985634150717,21.302866639646897
2837,1.0667018063833074,30.53475920265036,0.02921271259699392,18.908147221262528,21.238859363161417
2838,1.0667018063833074,30.530600320206254,0.025992159003337685,18.853577287061945,21.156775757045224
2839,1.0667018063833074,30.526788590769947,0.02382252418004428,18.79221294141106,21.075069640092767
2840,1.0667018063833074,30.52318297097595,0.02253438135139043,18.711642786884223,21.003444084673234
2841,1.0667018063833074,30.519608753509825,0.02233812326768208,18.618502634643693,20.950868192469837
2842,1.0667018063833074,30.515966519071313,0.022763215341003163,18.51856808841352,20.919440281572115
2843,1.0667018063833074,30.512154899519363,0.023821837425436223,18.41708834871044,20.90987570950019
2844,1.0667018063833074,30.50840042225869,0.023464709869897148,18.297153693313543,20.72197403003263
2845,1.0667018063833074,30.504884023524646,0.02197676809645002,18.168858670883782,20.493463073189478
2846,1.0667018063833074,30.501791579601466,0.019327137816592392,18.040685689190873,20.22099869320152
2847,1.0667018063833074,30.499244242856992,0.01592033018182125,17.917119759011424,19.905611234254955
2848,1.0667018063833074,30.497307929119078,0.012101562194386597,17.803719165259583,19.546523932538747
2849,1.0667018063833074,30.49599275368314,0.008219575693110803,17.706762890845404,19.157494993419036
2850,1.0667018063833074,30.495258362262227,0.00445611182217545,17.632585009312233,18.75132830468089
2851,1.0667018063833074,30.49505078832788,0.0012228243494188606,17.58188143910673,18.3355081449278
2852,1.0667018063833074,30.49527145336031,-0.0012620819472250972,17.552405413174338,17.920227128723276
2853,1.0667018063833074,30.495509308932277,-0.0013604023262255478,17.487381994748194,17.702287802660585
2854,1.0667018063833074,30.495441170923076,0.00038971172904292417,17.409551312353592,17.555257589798817
2855,1.0667018063833074,30.494865509033296,0.003292467641222685,17.33033428070066,17.4759729738088
2856,1.0667018063833074,30.493705587351997,0.006634110525045547,17.252425517901735,17.45224776051643
2857,1.0667018063833074,30.49199873295227,0.009762263194839218,17.178059463819764,17.46294254542412
2858,1.0667018063833074,30.489862642878123,0.012217253864761685,17.10628128425349,17.493573637508682
2859,1.0667018063833074,30.487453070089284,0.013781423743826638,17.035644765786337,17.533780683552603
2860,1.0667018063833074,30.484939996493253,0.014373391120092695,16.968286220904048,17.570079746029386
2861,1.0667018063833074,30.48244252729515,0.014284142593878254,16.90505809776956,17.594640174810984
2862,1.0667018063833074,30.480038874632147,0.013747563898188337,16.846941246233236,17.60329325421377
2863,1.0667018063833074,30.477805040685233,0.012776294759953297,16.794714495538667,17.595010876724206
2864,1.0667018063833074,30.475799419179626,0.011471045808029885,16.720704472794374,17.572958309458766
2865,1.0667018063833074,30.47400727079534,0.010250097614775456,16.65255797196893,17.542733450367773
2866,1.0667018063833074,30.47237133334711,0.009356657452661203,16.60047938903983,17.507548091401535
2867,1.0667018063833074,30.47078463250985,0.009075051268143852,16.56112553504728,17.47246931892815
2868,1.0667018063833074,30.469199740332968,0.009064706731006721,16.528598361287926,17.4408517906843
2869,1.0667018063833074,30.467533745295118,0.009528570242033815,16.498393617943712,17.41712977942349
2870,1.0667018063833074,30.465842870449954,0.009670868980187937,16.508622350155747,17.34468416377141
2871,1.0667018063833074,30.464081709757373,0.01007286515585566,16.52632623575204,17.322673350139546
2872,1.0667018063833074,30.462251023336627,0.010470513870052139,16.50228530682234,17.314636625699492
2873,1.0667018063833074,30.46031470359026,0.011074678072363913,16.447902381945784,17.317367260643717
2874,1.0667018063833074,30.458132895666935,0.012478734677873946,16.498581794947864,17.26188546582931
2875,1.0667018063833074,30.455852268809647,0.01304392432853357,16.54727968918083,17.254276935639613
2876,1.0667018063833074,30.453545697456008,0.01319231249922588,16.496411485939078,17.2623027044615
2877,1.0667018063833074,30.451296184342635,0.01286597092074049,16.39233429094417,17.275203804270472
2878,1.0667018063833074,30.449108590528827,0.012511826771574247,16.279151511629728,17.283690145964332
2879,1.0667018063833074,30.44699556470787,0.012085339092092825,16.16210123899709,17.285909827679166
2880,1.0667018063833074,30.4449185671412,0.011879277402953763,16.082669580985584,17.281068129830484
2881,1.0667018063833074,30.442880291997692,0.011657806557792218,16.03897042287354,17.268550184507742
2882,1.0667018063833074,30.440851150311776,0.011605568231613506,16.0169880735087,17.24145551309288
2883,1.0667018063833074,30.43889953995345,0.01116213191624751,16.052779306019634,17.172304201430258
2884,1.0667018063833074,30.436969567823155,0.011038373218953389,16.086082971500424,17.139908177586648
2885,1.0667018063833074,30.43504694892333,0.010996316807311692,16.07702541304585,17.11636648280831
2886,1.0667018063833074,30.43308419152631,0.011225886812742971,16.041942733436407,17.10155423752489
2887,1.0667018063833074,30.431083199434124,0.011444568123541603,16.00552201356788,17.092160516313605
2888,1.0667018063833074,30.428960377663497,0.01214136650664668,16.00785959267023,17.039933149489627
2889,1.0667018063833074,30.42671212930649,0.012858737213724917,16.0607606736236,17.03299092264788
2890,1.0667018063833074,30.42433773395367,0.013580228264632042,16.10659076222227,17.03582341604109
2891,1.0667018063833074,30.42185874275217,0.014178458672535347,16.150979324213832,17.038467675326135
2892,1.0667018063833074,30.419308207454087,0.014587651337807503,16.193940943293182,17.041031482126915
2893,1.0667018063833074,30.41672241555461,0.014789299599079948,16.232234876131564,17.041664184273895
2894,1.0667018063833074,30.414136717554346,0.01478876254754824,16.26309754717451,17.04109468440154
2895,1.0667018063833074,30.411579863304176,0.014623792249025276,16.28479424916591,17.038969938423378
2896,1.0667018063833074,30.409092575149135,0.014225912658192483,16.298066037363682,17.035048516039872
2897,1.0667018063833074,30.406687252915628,0.013757112918082664,16.305013065850602,17.026611822251937
2898,1.0667018063833074,30.404361550177892,0.013301733435635994,16.308209823215208,17.014658808177966
2899,1.0667018063833074,30.402109890022203,0.0128782508153563,16.311609641889984,16.998031492805293
2900,1.0667018063833074,30.399919696274846,0.012526696953580597,16.317494902017152,16.9789130990946
2901,1.0667018063833074,30.397782056325013,0.012226118296547238,16.32731368302108,16.956571188624913
2902,1.0667018063833074,30.395696117576694,0.011930416017056883,16.342918036031893,16.929632586766594
2903,1.0667018063833074,30.393662203909052,0.01163286132792981,16.366357468581896,16.902285548746434
2904,1.0667018063833074,30.391675767465802,0.011361317861621072,16.396597493138117,16.875651926822965
2905,1.0667018063833074,30.389732396572146,0.011115006735127268,16.431420118031838,16.849949924463395
2906,1.0667018063833074,30.387827191441406,0.010896719678786318,16.469023738161038,16.825670179552176
2907,1.0667018063833074,30.385923964210438,0.010885407185993103,16.508074700368994,16.803614228398654
2908,1.0667018063833074,30.38398944658435,0.01106437094095949,16.54405516975734,16.784095795363935
2909,1.0667018063833074,30.382043729193608,0.011128427400790722,16.572450078111867,16.767527167687117
2910,1.0667018063833074,30.380433767210246,0.009208092159326291,16.634631586936507,16.573917443738296
2911,1.0667018063833074,30.379319934394637,0.006370507702750638,16.731855745231158,16.333072059696214
2912,1.0667018063833074,30.378847043888165,0.0027046721661330977,16.863983691746412,16.048356182415276
2913,1.0667018063833074,30.379063862391547,-0.0012400819284256292,17.031407540878817,15.72851377023414
2914,1.0667018063833074,30.379944057410366,-0.00503422871797336,17.226371251537454,15.38325120744552
2915,1.0667018063833074,30.381152881706647,-0.006913806437365181,17.362693756025184,15.191355305782709
2916,1.0667018063833074,30.382383277540086,-0.007037183699920513,17.455363882622997,15.043920512829821
2917,1.0667018063833074,30.38339628401694,-0.005793836806803671,17.51891755386558,14.944497282001869
2918,1.0667018063833074,30.384014354071702,-0.0035350188911238848,17.563293084554065,14.890328647356311
2919,1.0667018063833074,30.384209179868055,-0.0011142958072008929,17.595156622738706,14.872677686252352
2920,1.0667018063833074,30.383986266105733,0.0012749434385986348,17.616092395301628,14.88245163450338
2921,1.0667018063833074,30.383455596925014,0.0030351342283961875,17.627046190786196,14.9077258862036
2922,1.0667018063833074,30.382713964458727,0.004241727549130233,17.62870789554154,14.938589198031769
2923,1.0667018063833074,30.38190520093573,0.004625680066852284,17.623867699198687,14.967248858470509
2924,1.0667018063833074,30.38111039707152,0.004545838538961824,17.61341451865452,14.988654452028847
2925,1.0667018063833074,30.38042675716172,0.003910042198684024,17.598879586681342,14.998772474839265
2926,1.0667018063833074,30.379849385006633,0.003302249412821698,17.53447839050919,15.001263706752827
2927,1.0667018063833074,30.37939107020506,0.002621307195110754,17.469319282858628,14.99716517252594
2928,1.0667018063833074,30.379002374224168,0.002223126043371107,17.42266677525221,14.986071460791305
2929,1.0667018063833074,30.378669070191734,0.0019063147324938443,17.392780362048683,14.96415118718161
2930,1.0667018063833074,30.378326804376602,0.001957571173321504,17.371504423359546,14.93813087314678
2931,1.0667018063833074,30.37795289578053,0.0021385503802872456,17.352579922737423,14.912077804721733
2932,1.0667018063833074,30.377454384401293,0.0028512093887104887,17.342253926059527,14.856763474870533
2933,1.0667018063833074,30.37681228619249,0.003672446643535104,17.360251382085142,14.832163945633093
2934,1.0667018063833074,30.376003940182166,0.00462329212527576,17.381644065924256,14.823485649328108
2935,1.0667018063833074,30.375061050968604,0.005392804839025651,17.3953355897375,14.820348715318033
2936,1.0667018063833074,30.373982771571708,0.006167161810444198,17.383025229161603,14.8024080406551
2937,1.0667018063833074,30.37270868554547,0.007287067439934589,17.36993020042536,14.764765881798763
2938,1.0667018063833074,30.371270953713125,0.008223030946956363,17.365053354984187,14.778476827840901
2939,1.0667018063833074,30.369702805278596,0.008968941784824378,17.34528194443334,14.79596016683795
2940,1.0667018063833074,30.368041454799258,0.009502005936011923,17.299520631634238,14.813312041353402
2941,1.0667018063833074,30.36632521487833,0.009815943185384608,17.224064533126246,14.828934961898904
2942,1.0667018063833074,30.364589734926692,0.00992598552042275,17.120077346208895,14.84196526740606
2943,1.0667018063833074,30.362863899535014,0.009870823971359473,16.991555208376944,14.851971732596967
2944,1.0667018063833074,30.36116707701365,0.009704886398693293,16.843951376925062,14.858966906961214
2945,1.0667018063833074,30.359275774887596,0.010817202180998287,16.652405247036675,15.024808198614421
2946,1.0667018063833074,30.357007249631188,0.012974709864318123,16.447937446159013,15.235873193057037
2947,1.0667018063833074,30.354240842318408,0.015822319874266227,16.25202251695202,15.490109915825796
2948,1.0667018063833074,30.350926125318907,0.018984862854517778,16.07720414191641,15.781110882583432
2949,1.0667018063833074,30.347327918682204,0.020798422556326565,15.924192559585624,15.930420431258792
2950,1.0667018063833074,30.343582425239074,0.021487596828406237,15.780836410498923,16.050653867663282
2951,1.0667018063833074,30.339872557066823,0.02121839421169515,15.644584338525327,16.134970210156897
2952,1.0667018063833074,30.33636414521017,0.020066175501503185,15.514094111373932,16.18502083019749
2953,1.0667018063833074,30.33324034886207,0.017866387503146966,15.387697232674913,16.196658515398674
2954,1.0667018063833074,30.330480659558397,0.015783896577643404,15.266673354609908,16.182756038103786
2955,1.0667018063833074,30.32807792510197,0.013742312264347618,15.15114681060595,16.149222726512622
2956,1.0667018063833074,30.32596314942724,0.012095347288016586,15.042193961029394,16.10618586306307
2957,1.0667018063833074,30.324045844445887,0.010992860689520465,14.940613752834398,16.060239269662837
2958,1.0667018063833074,30.322215915539456,0.010517909864729214,14.844369723159906,16.02050890476215
2959,1.0667018063833074,30.32034385187687,0.010780047799066791,14.751106624133108,15.990846776307745
2960,1.0667018063833074,30.318391192250218,0.011258550178750517,14.661899900879252,15.970393387800918
2961,1.0667018063833074,30.316304981998332,0.012037592218402381,14.579586536836652,15.958423384217108
2962,1.0667018063833074,30.314113075167583,0.012650769032168626,14.504529651547477,15.954261207581535
2963,1.0667018063833074,30.311812439050442,0.013276164441089384,14.436363215337758,15.956838342621001
2964,1.0667018063833074,30.30946637157546,0.013534069037134121,14.37484751501479,15.96186546621752
2965,1.0667018063833074,30.30709267367637,0.013688364448350154,14.317812478164809,15.967812365174176
2966,1.0667018063833074,30.30474727643047,0.013521505338876838,14.254660200212031,15.972132406174415
2967,1.0667018063833074,30.30243653747103,0.01331994932328708,14.199686718327536,15.974226904570923
2968,1.0667018063833074,30.300206830668902,0.012854992638150424,14.155998479023092,15.97156456208036
2969,1.0667018063833074,30.2980462879768,0.012461149791025838,14.121647867700972,15.96527011346887
2970,1.0667018063833074,30.295973543171424,0.011962349613920904,14.089630700123656,15.955149550197689
2971,1.0667018063833074,30.29395045019324,0.011683901424502117,14.060917271932908,15.944081049859292
2972,1.0667018063833074,30.291981554246913,0.011379554457051171,14.037880308016952,15.931953905378291
2973,1.0667018063833074,30.290027742611276,0.011300067338310332,14.019916239188756,15.921104578496244
2974,1.0667018063833074,30.288095345756812,0.011183003997537981,14.005644104016579,15.911436011833288
2975,1.0667018063833074,30.286151911874224,0.011251669240048284,13.99342122980076,15.90465848435281
2976,1.0667018063833074,30.284211428763516,0.011237980317925096,13.982866346133973,15.899853943280002
2977,1.0667018063833074,30.282251010181998,0.011354870647459788,13.974530591291199,15.897841176677796
2978,1.0667018063833074,30.28029158455362,0.011349598913899629,13.96892151214987,15.897169500544882
2979,1.0667018063833074,30.278337244857433,0.011319754539267405,13.964495374132305,15.89771030167286
2980,1.0667018063833074,30.27638784306189,0.01129044128997147,13.96040587187551,15.898713374535497
2981,1.0667018063833074,30.274443550807934,0.011260238233740567,13.956108434458958,15.899574493446522
2982,1.0667018063833074,30.27252752831155,0.011096610927978534,13.951276616411867,15.899438231327387
2983,1.0667018063833074,30.27064082347142,0.010927480650893726,13.945429380574646,15.898474414812119
2984,1.0667018063833074,30.268776621536844,0.010798436579211219,13.938305531462472,15.896576606009326
2985,1.0667018063833074,30.266926825788733,0.010716828717692384,13.929826504518486,15.893846783682616
2986,1.0667018063833074,30.265084107270802,0.010678027617131464,13.920224534368414,15.890570715390005
2987,1.0667018063833074,30.26324846482048,0.01064410144684108,13.90694235308631,15.88000454073715
2988,1.0667018063833074,30.26141661326646,0.010629549942353433,13.893142365815292,15.868904091682802
2989,1.0667018063833074,30.25958186776959,0.010654126384721237,13.877261458943343,15.857310167771525
2990,1.0667018063833074,30.257749016512438,0.010653633325098959,13.862700965941832,15.841671794726437
2991,1.0667018063833074,30.255926363710426,0.010606114618057568,13.849937345280672,15.824105376218423
2992,1.0667018063833074,30.25409114124016,0.010692009064150734,13.839407165275926,15.805234168408054
2993,1.0667018063833074,30.252226261443038,0.01088146124963735,13.83181210487183,15.781023232542848
2994,1.0667018063833074,30.250359755666796,0.010910364730959422,13.82750869936543,15.752939459622523
2995,1.0667018063833074,30.248605010782214,0.01027629739659525,13.809460703967053,15.723486627265052
2996,1.0667018063833074,30.24696577405671,0.009615474620862433,13.789250236097494,15.697933479436191
2997,1.0667018063833074,30.245427771911885,0.009036008399372054,13.778674512660407,15.672989767604518
2998,1.0667018063833074,30.243968795393457,0.008584833107523225,13.780778806013894,15.649050078568758
2999,1.0667018063833074,30.242574679633627,0.008215262788150495,13.791905144609432,15.626039273349122
3000,1.0667018063833074,30.24122953161576,0.007937816856358061,13.808125607740148,15.604165088030745
3001,1.0667018063833074,30.239918025653388,0.007749436258838846,13.827429198893912,15.583739999236489
3002,1.0667018063833074,30.238627054130088,0.007637263544761037,13.849113472213048,15.565046413948984
3003,1.0667018063833074,30.23757707735309,0.006283602502390828,13.90159279478305,15.386595067991957
3004,1.0667018063833074,30.23692483613094,0.003959257476511865,13.982855160846881,15.169317188417992
3005,1.0667018063833074,30.236764069333468,0.0009924054394516288,14.09447066770234,14.916906221164446
3006,1.0667018063833074,30.237123660888745,-0.002262051405009309,14.233834187858246,14.637892351324327
3007,1.0667018063833074,30.2377835195328,-0.004192585197681309,14.333306729856309,14.492407879556604
3008,1.0667018063833074,30.23853893539675,-0.004830022181280366,14.401525926457477,14.377577206675406
3009,1.0667018063833074,30.239225651205057,-0.004376424648551701,14.448711667430757,14.296257472766477
3010,1.0667018063833074,30.23969027984818,-0.002954502963709021,14.480817636858854,14.247054643659235
3011,1.0667018063833074,30.239887031721647,-0.0012491650327769728,14.503425636807899,14.222766825744888
3012,1.0667018063833074,30.23978227230197,0.0006643816380150923,14.519344097244527,14.218799831273287
3013,1.0667018063833074,30.23942909784595,0.0022378561760379384,14.532109051525776,14.22870473963393
3014,1.0667018063833074,30.23886395020999,0.003578301401105126,14.543084638934246,14.246610523473906
3015,1.0667018063833074,30.23818130391522,0.004319320388211089,14.55297733324377,14.265573067750367
3016,1.0667018063833074,30.237436256960244,0.004711321487230472,14.561712044544114,14.28185538423533
3017,1.0667018063833074,30.23671730228419,0.0045434210095383915,14.57102373539564,14.291517963651101
3018,1.0667018063833074,30.236077609549113,0.004039776266667684,14.580943932025042,14.293818845638476
3019,1.0667018063833074,30.235541757539664,0.003381801935048742,14.590434667050145,14.288865191687737
3020,1.0667018063833074,30.23511093872625,0.002717435652073269,14.59845603197392,14.277935223351074
3021,1.0667018063833074,30.23475965827922,0.002216559263757863,14.593053149477967,14.263616228345429
3022,1.0667018063833074,30.23445786528015,0.0019052014000707476,14.586120724871313,14.246035695121545
3023,1.0667018063833074,30.234167192097196,0.0018354486284932253,14.582576635823086,14.230303503661254
3024,1.0667018063833074,30.233850167421735,0.0020023847562603667,14.578641991843702,14.216581211340552
3025,1.0667018063833074,30.233482594922695,0.002322746290726324,14.57178553176664,14.201163740395927
3026,1.0667018063833074,30.23304677247371,0.0027557958479275915,14.562438028340509,14.188252113070828
3027,1.0667018063833074,30.232516324407996,0.003356436012474883,14.552447219807577,14.180341291676497
3028,1.0667018063833074,30.2318988674115,0.003910180156937355,14.540571740704156,14.17549932290276
3029,1.0667018063833074,30.23124283285489,0.0041583273433026,14.52712178449687,14.170250593409012
3030,1.0667018063833074,30.23052098869878,0.004575922168302627,14.525675931750976,14.136394947219625
3031,1.0667018063833074,30.229760996086775,0.004808834232663709,14.552616971816654,14.126263173313042
3032,1.0667018063833074,30.22896344697159,0.005034672745270763,14.586722665182638,14.122070999920446
3033,1.0667018063833074,30.228158426613078,0.005073610096295474,14.61037320260704,14.117637604801356
3034,1.0667018063833074,30.227338666043643,0.0051629172679963226,14.620539347368174,14.110025561669444
3035,1.0667018063833074,30.22653065848256,0.005088390053569157,14.62199276413822,14.10083558242948
3036,1.0667018063833074,30.225741983546808,0.004968164538193585,14.617516858465805,14.090695781673146
3037,1.0667018063833074,30.224935582476732,0.005077500137217553,14.62421914838334,14.041862127036847
3038,1.0667018063833074,30.224092324527742,0.005293962644822806,14.667331447593549,14.022957444600678
3039,1.0667018063833074,30.22321377960153,0.005497013984762468,14.716640059252748,14.013912479695493
3040,1.0667018063833074,30.22230555928756,0.005666805891652898,14.757894778886273,14.006260116726926
3041,1.0667018063833074,30.22137561764244,0.005791146392494135,14.786408098528208,13.999730743752897
3042,1.0667018063833074,30.220433136115904,0.005863203885964432,14.80162457868105,13.994133101704756
3043,1.0667018063833074,30.219486881056177,0.005885448355309414,14.80471994729096,13.989235079303372
3044,1.0667018063833074,30.218543184999323,0.005872378559219198,14.797543691403579,13.984862320453981
3045,1.0667018063833074,30.21760637832363,0.005835533791537959,14.78226295584312,13.98075341953777
3046,1.0667018063833074,30.21667847981572,0.005788217460995456,14.761387201482021,13.976746497098526
3047,1.0667018063833074,30.215759365724384,0.005742799013765665,14.737280248558795,13.97277905659156
3048,1.0667018063833074,30.21484723793092,0.005709340145983721,14.710969884876958,13.968858325330949
3049,1.0667018063833074,30.213939366760517,0.005693767214986566,14.682366230182641,13.964960198122542
3050,1.0667018063833074,30.213033071744405,0.005695838446913178,14.651546368767967,13.95947828561153
3051,1.0667018063833074,30.21213242397594,0.005672829281787409,14.619307399732126,13.945203206683304
3052,1.0667018063833074,30.211247072695794,0.0055886156469879995,14.58756862458353,13.920189192403418
3053,1.0667018063833074,30.210381430513817,0.005475278425413818,14.558067791983238,13.893430658228048
3054,1.0667018063833074,30.209522689151495,0.005455743162264301,14.493724422884414,13.868138378298866
3055,1.0667018063833074,30.208659281038653,0.00550915469308819,14.43120821471702,13.845822808374816
3056,1.0667018063833074,30.207783397658957,0.005606454215331695,14.385651679360915,13.824724703495168
3057,1.0667018063833074,30.206891291407782,0.005721943538027802,14.356366917599516,13.803711439611037
3058,1.0667018063833074,30.205983399213522,0.005829830359968541,14.340024704439843,13.783225880216502
3059,1.0667018063833074,30.20506002825816,0.005933067614007087,14.330734396642272,13.764619976223388
3060,1.0667018063833074,30.20412240737833,0.006027909773507962,14.322936346231888,13.747877588344897
3061,1.0667018063833074,30.203172480079697,0.006111020780897954,14.313575817122173,13.733009427994816
3062,1.0667018063833074,30.202210576107145,0.00619397214649761,14.29993308251374,13.719821367775786
3063,1.0667018063833074,30.20123500198216,0.006293470297068883,14.27386618913427,13.700938237224685
3064,1.0667018063833074,30.200268736078165,0.006233106496539091,14.274589991783467,13.666966183243298
3065,1.0667018063833074,30.199306386184304,0.006196119762640167,14.301603523794384,13.652345962259888
3066,1.0667018063833074,30.198343824042787,0.006181237249225216,14.339199209123796,13.640525307266108
3067,1.0667018063833074,30.197378996269144,0.006179941527760986,14.375963635478954,13.630560272211032
3068,1.0667018063833074,30.196420668154992,0.006125672028492499,14.405622279163289,13.61229527737435
3069,1.0667018063833074,30.195477445311663,0.006020577328210869,14.426059070746597,13.592212614195333
3070,1.0667018063833074,30.194554875763746,0.005884202412834683,14.4372024481919,13.57236630552823
3071,1.0667018063833074,30.19365401664905,0.005744915440837225,14.439254500902562,13.553391031077323
3072,1.0667018063833074,30.192774587456537,0.005610990013300151,14.432212573917424,13.531600276288628
3073,1.0667018063833074,30.191909355973923,0.005526077179827226,14.417398484395013,13.514507814032108
3074,1.0667018063833074,30.191048182964682,0.00550672491269031,14.4002012868583,13.502336459887129
3075,1.0667018063833074,30.190181230419622,0.005549886751490116,14.384101519990601,13.49481285268469
3076,1.0667018063833074,30.189297638461277,0.005661857183964798,14.370251836147991,13.485757231656965
3077,1.0667018063833074,30.188343607375483,0.006104337059050053,14.39115182491105,13.443670302415434
3078,1.0667018063833074,30.1873184187601,0.00653874872919706,14.437123147899014,13.445644791275567
3079,1.0667018063833074,30.186232745898998,0.00690306120069979,14.482008328982486,13.44755586480253
3080,1.0667018063833074,30.18510652935251,0.0071439781553866615,14.51621262039991,13.445305079867769
3081,1.0667018063833074,30.183948297907843,0.007357025932541985,14.49654804948814,13.442380934280934
3082,1.0667018063833074,30.182764746373696,0.007533610822037,14.466235350151932,13.438576132530894
3083,1.0667018063833074,30.18155874741929,0.007689270217724987,14.442199600746294,13.43145373276022
3084,1.0667018063833074,30.18032293613048,0.007890881094585349,14.421093538072268,13.417854233493214
3085,1.0667018063833074,30.17906167639949,0.00805726517638172,14.414129107312771,13.4039483084222
3086,1.0667018063833074,30.177784902621802,0.00816020763211635,14.40735575563321,13.39007214613784
3087,1.0667018063833074,30.17650485646015,0.008187522622778444,14.396093331438552,13.377385913326277
3088,1.0667018063833074,30.175232878990787,0.008144745614874627,14.38048154426217,13.366532422207136
3089,1.0667018063833074,30.17398196447674,0.008019999559759232,14.362327381221785,13.353108758522884
3090,1.0667018063833074,30.172761444872574,0.007835202536266659,14.343860971084457,13.3378902840999
3091,1.0667018063833074,30.17157502911324,0.007625418168866448,14.32665414577702,13.323145166213969
3092,1.0667018063833074,30.17042206299545,0.007418576261054469,14.310918692535047,13.307746685583274
3093,1.0667018063833074,30.169300995219036,0.007220578220940132,14.296555920643664,13.290212379158657
3094,1.0667018063833074,30.168210967557346,0.007025385457695275,14.2869293355186,13.271862464737655
3095,1.0667018063833074,30.167148469664916,0.006851773819497738,14.27896055567202,13.254111363817332
3096,1.0667018063833074,30.166102300656387,0.00675115922673212,14.269049164685871,13.238086701544
3097,1.0667018063833074,30.165061667790816,0.006720482417758232,14.258328735906032,13.223513958156897
3098,1.0667018063833074,30.164016402971185,0.0067561287584566405,14.246229972848543,13.21044901890157
3099,1.0667018063833074,30.16295979258812,0.006835566189173922,14.233506893163765,13.198751517917088
3100,1.0667018063833074,30.161887665622583,0.006941934362662199,14.221232974305881,13.188283965912056
3101,1.0667018063833074,30.160788003327934,0.00714090814495483,14.180038904156053,13.18051135085945
3102,1.0667018063833074,30.159649250970446,0.007417819956787448,14.135934882494666,13.17639177889996
3103,1.0667018063833074,30.158465159293478,0.007730036014178179,14.10507325577371,13.173736421529535
3104,1.0667018063833074,30.15723589242985,0.00803418965427817,14.088852756405608,13.171727269388516
3105,1.0667018063833074,30.155968843080448,0.008284607942423979,14.082932713089942,13.170185492651829
3106,1.0667018063833074,30.15467528943589,0.00845843886759382,14.0820461727444,13.168944849205923
3107,1.0667018063833074,30.153373908094824,0.008509275552504832,14.08262202435666,13.164170687595945
3108,1.0667018063833074,30.152085369022632,0.008424768001684912,14.083518764830306,13.156053494683809
3109,1.0667018063833074,30.15082186864034,0.008262756027539798,14.080626639009006,13.147174786968252
3110,1.0667018063833074,30.149590237988942,0.008055778518250595,14.078114920248023,13.138447809902704
3111,1.0667018063833074,30.148396308448415,0.007808375961764829,14.079574068896425,13.126146292212745
3112,1.0667018063833074,30.147244790244095,0.0075275842876986986,14.085968599025104,13.110279753751728
3113,1.0667018063833074,30.146100694778724,0.0074629638767001495,14.116351364452875,13.05878407671628
3114,1.0667018063833074,30.144947676730215,0.007488531351721044,14.17786993839392,13.042409654444842
3115,1.0667018063833074,30.143780164854142,0.007547523092880005,14.243882791975517,13.030946440585318
3116,1.0667018063833074,30.142599542916386,0.007600783395681642,14.30289753383205,13.02166853511711
3117,1.0667018063833074,30.141408064940638,0.007643771714682004,14.353236659241594,13.011227380018457
3118,1.0667018063833074,30.140212492591914,0.007645331948196911,14.399620631578218,13.00294376646126
3119,1.0667018063833074,30.139024880391364,0.0075739065728266065,14.43863845663962,12.99629790450554
3120,1.0667018063833074,30.137856941838557,0.007433573118897719,14.467514012564198,12.99033646537688
3121,1.0667018063833074,30.13671633062672,0.007250116110617254,14.48652463468372,12.984719340741078
3122,1.0667018063833074,30.13560770337995,0.00704124977226073,14.497974540059644,12.97882100140829
3123,1.0667018063833074,30.134517084976697,0.006922239931534442,14.507671338320035,12.953596817319312
3124,1.0667018063833074,30.1333788172657,0.007199561448620133,14.558274658584676,12.896445454340967
3125,1.0667018063833074,30.132172292185416,0.007585539435986626,14.646080555080578,12.889937482707131
3126,1.0667018063833074,30.13089865480324,0.007962185763995449,14.729398991117023,12.893054480968754
3127,1.0667018063833074,30.12986162143646,0.006360207062379845,15.0138824162021,12.822757506479274
3128,1.0667018063833074,30.12877742443452,0.006521861015902112,15.307638494574318,12.771963940570995
3129,1.0667018063833074,30.127506720402668,0.007575135176381405,15.44633877372747,12.809239762021207
3130,1.1200368967024728,30.12577163552673,0.009867929112275188,15.419736027667177,13.003101549832845
3131,1.1200368967024728,30.123673271342593,0.011967669460089729,15.376359171593867,13.095113659693077
3132,1.1200368967024728,30.121235865771055,0.013891491102262435,15.387255681032572,13.119294978585307
3133,1.1200368967024728,30.118542157001873,0.015294422681540326,15.4454223200965,13.17442719628337
3134,1.1200368967024728,30.115699892702228,0.016073681097284683,15.507127164913616,13.215170122202197
3135,1.1200368967024728,30.112843964177145,0.01610901297707452,15.547502619651988,13.242044373944392
3136,1.1200368967024728,30.11006878863352,0.01564477464793075,15.556195183858593,13.25797855933802
3137,1.1200368967024728,30.10742835306443,0.014906830959519363,15.533613090826977,13.265412477936652
3138,1.1200368967024728,30.10493855622818,0.01410657730428873,15.478343963388264,13.265797856869813
3139,1.1200368967024728,30.102591507126586,0.013357437879324365,15.409241018531485,13.262243893817907
3140,1.1200368967024728,30.10036287159802,0.012747634938756535,15.33174783417885,13.256171760133183
3141,1.1200368967024728,30.098218398217977,0.012332427956667651,15.24945449449606,13.249393966343598
3142,1.1200368967024728,30.096126067891863,0.012099818665336078,15.164693037173366,13.240182227855154
3143,1.1200368967024728,30.093895258732083,0.01297393058156434,15.079018881149496,13.357837711510072
3144,1.1200368967024728,30.091377132396165,0.01471556018349221,15.006622291885698,13.513038046801421
3145,1.1200368967024728,30.088477243895735,0.01700369250885885,14.956166555212393,13.702692823055704
3146,1.1200368967024728,30.085116401729223,0.019739066100630136,14.931510769652892,13.92153441531058
3147,1.1200368967024728,30.081424742277928,0.021713487848457527,14.909884430635158,14.02940293811073
3148,1.1200368967024728,30.077588605767133,0.022605933743092776,14.88174432200181,14.116925591881877
3149,1.1200368967024728,30.07386483289954,0.022000392812575882,14.843454443684584,14.177862591526457
3150,1.1200368967024728,30.070319738019517,0.021019475771881853,14.790682631466915,14.214406366137618
3151,1.1200368967024728,30.067040373636843,0.019524949784983606,14.729295858559611,14.227469407037162
3152,1.1200368967024728,30.06404623193727,0.017904695709703763,14.665188209710642,14.222372483809965
3153,1.1200368967024728,30.06128226626537,0.016601475876424247,14.600515241779114,14.20575793374579
3154,1.1200368967024728,30.058730953533196,0.015393269009732053,14.535001238379154,14.182303293947886
3155,1.1200368967024728,30.056312277904947,0.014664278604978527,14.464357962504865,14.155708744788678
3156,1.1200368967024728,30.054000052882888,0.014093152137127784,14.388124671027123,14.130329514174685
3157,1.1200368967024728,30.05156060199581,0.014933375331632654,14.325715897110046,14.243201756271933
3158,1.1200368967024728,30.049023328558356,0.015603834841772381,14.259955288974647,14.254482658867918
3159,1.1200368967024728,30.046375966610206,0.016271592165144736,14.193118276727628,14.268079075804515
3160,1.1200368967024728,30.0436750000368,0.016585842813899652,14.119392681135562,14.281173655557863
3161,1.1200368967024728,30.040936740108688,0.016801477608441782,14.045509631997085,14.292540426396691
3162,1.1200368967024728,30.0382314003363,0.01659286039357131,13.978697379034744,14.298246959516577
3163,1.1200368967024728,30.03557822129862,0.016273272325176676,13.919940246293633,14.297954179990326
3164,1.1200368967024728,30.03303549399337,0.015604147735623923,13.868806125237562,14.290320499872244
3165,1.1200368967024728,30.030609319718,0.014909276908561633,13.82315140867974,14.27077794441804
3166,1.1200368967024728,30.02834182648109,0.013963217184092032,13.780978246671026,14.241073999291242
3167,1.1200368967024728,30.026389447900815,0.01216435973730882,13.73956950497563,14.075279093302465
3168,1.1200368967024728,30.024886276804825,0.009500126729433542,13.719027493374654,13.875902940559834
3169,1.1200368967024728,30.023864918231027,0.006523521657745151,13.730247510685992,13.649007242625094
3170,1.1200368967024728,30.023344272050206,0.0033140390805899422,13.777400946297462,13.396997223863846
3171,1.1200368967024728,30.02330302625015,0.00026086123406958704,13.866039193757539,13.132284267175612
3172,1.1200368967024728,30.02370185794308,-0.0025003803676288444,13.98832833389537,12.860711306845664
3173,1.1200368967024728,30.02447400724183,-0.004789651455932399,14.13772749367788,12.594120572419717
3174,1.1200368967024728,30.025540742540933,-0.006538562383388655,14.307265310044704,12.337338968737848
3175,1.1200368967024728,30.026828665246057,-0.007789210138449397,14.50035433506573,12.092856752288068
3176,1.1200368967024728,30.028118374498348,-0.0077397512693925755,14.613257840858568,11.97275703315565
3177,1.1760387415375964,30.029135229618127,-0.0058208245222361715,14.59041044783653,11.998985678063926
3178,1.2348406786144763,30.029624169495452,-0.0026832020022684515,14.494583069161454,12.095346680784981
3179,1.2348406786144763,30.029548844258027,0.00041528657247789013,14.427671907852499,12.133340991067758
3180,1.2348406786144763,30.02900035248051,0.0030341911165511094,14.379070948801278,12.183524219341624
3181,1.2348406786144763,30.0281189157549,0.004889138427492976,14.340438972607737,12.233700465010761
3182,1.2348406786144763,30.027063708626166,0.005867279091812572,14.305551567760046,12.275466829999543
3183,1.2348406786144763,30.025985839121898,0.0060077056206224375,14.271222542779205,12.303865806495384
3184,1.2348406786144763,30.0251488081983,0.0046619746715906435,14.2815462625533,12.205745738340251
3185,1.2348406786144763,30.024586721249573,0.0031438277315771115,14.221598007007014,12.182329930094102
3186,1.2348406786144763,30.024287965741646,0.0016783993224975017,14.158728789501346,12.151834894671767
3187,1.2348406786144763,30.024172137623086,0.0006527524846693788,14.114617260373809,12.116353043376757
3188,1.2348406786144763,30.02413483065998,0.00021064705482573892,14.087636718311071,12.079895905917537
3189,1.2348406786144763,30.024112520709313,0.00012611616920064458,14.07121106036781,12.046595584809676
3190,1.2348406786144763,30.02413105989457,-0.00010489096256635957,14.05905762708186,12.0191150917331
3191,1.2348406786144763,30.024097208095313,0.00019170623512715522,14.045886545490106,11.999808770674184
3192,1.2348406786144763,30.02403454972668,0.0003552464791574623,14.029847125986233,11.985332583705071
3193,1.2348406786144763,30.023901779602742,0.0007538772182028151,14.00887883428614,11.978477106631098
3194,1.2348406786144763,30.02368337321577,0.0012424186868858387,13.983020595821078,11.97670312198762
3195,1.2348406786144763,30.02338838139649,0.0016816516980632734,13.953320177121645,11.975072076208088
3196,1.2348406786144763,30.02307267256434,0.00180390302976045,13.921216301487654,11.97158880740408
3197,1.2348406786144763,30.022736650510378,0.00192472043798765,13.886850556630044,11.966916726617727
3198,1.2348406786144763,30.022428687159298,0.0017685021083058377,13.851509126580552,11.95944961901949
3199,1.2348406786144763,30.02217149836788,0.0014807579166034326,13.815659214092983,11.949002581004772
3200,1.2348406786144763,30.021968370196035,0.0011725388265265047,13.77991583698477,11.936013541809306
3201,1.2348406786144763,30.021811584231333,0.0009073415118840966,13.744851100321062,11.921183563165988
3202,1.2348406786144763,30.021685595888442,0.000730920655538866,13.71083064164973,11.905603805891566
3203,1.2348406786144763,30.021570390473244,0.0006699863413469448,13.677621521837757,11.890414854607855
3204,1.2348406786144763,30.02130609204182,0.0015459487362461082,13.598879789590214,11.989055261494652
3205,1.2348406786144763,30.02091478987179,0.0022985264606740848,13.541487909856622,11.99837288201618
3206,1.2348406786144763,30.020429066354055,0.0028626102040276726,13.496791977934635,12.003942812421196
3207,1.2348406786144763,30.019849581656338,0.0034256856338089306,13.455446179855372,12.00715110446465
3208,1.2348406786144763,30.019197555428303,0.003866404492538652,13.414096203143645,12.00798587726365
3209,1.2348406786144763,30.01850489416819,0.004117553156225414,13.380899900252018,12.005387438495713
3210,1.2348406786144763,30.017804688840958,0.004169844702424533,13.357007426397386,11.998981954378607
3211,1.2348406786144763,30.01712553515745,0.004049435276917835,13.340657554089297,11.989144664543028
3212,1.2348406786144763,30.016488031847423,0.003804280551916964,13.329490351557387,11.976722900664665
3213,1.2348406786144763,30.015903369393612,0.003491046402462898,13.32150282498719,11.962790579438948
3214,1.2348406786144763,30.015374063515893,0.003161965670314204,13.315368927521549,11.948434947674919
3215,1.2348406786144763,30.01489568608207,0.002858776491862104,13.310492353966746,11.934621982759332
3216,1.2348406786144763,30.014461770979,0.0025939934508258287,13.305755202165935,11.918689661094605
3217,1.2348406786144763,30.01406329656014,0.0023829767050987122,13.300999793010986,11.903496061737895
3218,1.2348406786144763,30.013663421742937,0.0023922462052309666,13.296024843000588,11.889788335738189
3219,1.2348406786144763,30.013278102721223,0.002305910448107512,13.291734249209926,11.873923007755408
3220,1.2348406786144763,30.01288686454541,0.002341926929032424,13.28836420147607,11.860045120308781
3221,1.2348406786144763,30.012485822547468,0.002401031337740853,13.28604333018096,11.847754273652821
3222,1.2348406786144763,30.012103485008446,0.0022893107955841764,13.284518618951646,11.836531432449837
3223,1.2348406786144763,30.011837864295973,0.0015845368144955618,13.334085669824935,11.877965409357314
3224,1.2348406786144763,30.01161816628821,0.0013042649208639223,13.398739470735075,11.822509943352616
3225,1.2348406786144763,30.01139769314275,0.0013106040781614863,13.38097689624629,11.80465407330957
3226,1.2348406786144763,30.011130965805595,0.0015936378562006865,13.313171580593487,11.8083515430594
3227,1.2348406786144763,30.010826112143775,0.0018314173480667162,13.24060195993891,11.81977007104498
3228,1.2348406786144763,30.010489147767263,0.002032275017024745,13.18879596138317,11.830997990912536
3229,1.2348406786144763,30.010105629867628,0.002317666725833332,13.162497150658767,11.837958290611219
3230,1.2348406786144763,30.009695563474047,0.002479117395600292,13.15711660606541,11.838180355246223
3231,1.2348406786144763,30.009268129171197,0.002583162742051721,13.161980475973941,11.836547086966606
3232,1.2348406786144763,30.008808472482542,0.002776793758895065,13.167205002537191,11.833057866362397
3233,1.2348406786144763,30.008331661141376,0.0028805937337360835,13.166435101802067,11.828493858607827
3234,1.2348406786144763,30.00784242114904,0.002959587309038414,13.149051671425529,11.823894304369693
3235,1.2348406786144763,30.007340138093515,0.003047644729908388,13.1095512638116,11.81961218422227
3236,1.2348406786144763,30.00681846241485,0.0031798465985649516,13.049625789292929,11.816310050258513
3237,1.2348406786144763,30.006268955744204,0.003369287693509991,12.972943027440085,11.814178284632451
3238,1.2348406786144763,30.0056880878448,0.0035846021602872406,12.889618162457385,11.813187753785025
3239,1.2348406786144763,30.00507017322216,0.0038431583772218416,12.789213228018985,11.813368694772032
3240,1.2348406786144763,30.0044133802186,0.004118808366411342,12.684126635569513,11.815234264943504
3241,1.2348406786144763,30.00372130172024,0.004375222320134719,12.582266178211523,11.81736212538169
3242,1.2348406786144763,30.002884078566787,0.005347788304468878,12.452904594264846,11.92682300237739
3243,1.2348406786144763,30.001836398719842,0.00676646733816794,12.316015812382343,12.065529327707475
3244,1.2348406786144763,30.000528868453088,0.008503587576588268,12.185494097921916,12.230753110965379
3245,1.2348406786144763,29.99890524353227,0.010399893768947191,12.065141573344052,12.418251271790218
3246,1.2348406786144763,29.997091344261612,0.011535091381412925,11.96562530455094,12.508227295208115
3247,1.2348406786144763,29.99520507442422,0.011926112102300305,11.8791469715223,12.580809045085218
3248,1.2348406786144763,29.99321423297988,0.01242272222309113,11.78346836968471,12.74745643538634
3249,1.2348406786144763,29.9912490612565,0.012211920507433301,11.696965417208625,12.800300802911329
3250,1.2348406786144763,29.989399982986278,0.011462478820208144,11.614417218300884,12.831587399771164
3251,1.2348406786144763,29.987724313300713,0.01037830153050121,11.53407864278135,12.842978813251408
3252,1.2348406786144763,29.986245716909345,0.0091610866375152,11.454945231127914,12.83826362203181
3253,1.2348406786144763,29.98495733876407,0.007992669249347242,11.376759965178444,12.821981486760295
3254,1.2348406786144763,29.98380717027624,0.0071496175149817435,11.300423759958404,12.796237542728223
3255,1.2348406786144763,29.982744513368747,0.006618941450893253,11.225816807798449,12.770507832693797
3256,1.2348406786144763,29.981697476699285,0.006533562262558068,11.150027921492173,12.747220416861325
3257,1.2348406786144763,29.980620385096564,0.006730876914690191,11.072113424637973,12.728716942472722
3258,1.2348406786144763,29.979488528615587,0.007080058825771612,10.992839301485894,12.71622294560322
3259,1.2348406786144763,29.97829323752894,0.007480679377630174,10.913775042448446,12.709728615492258
3260,1.2348406786144763,29.97703827560534,0.007854954864586117,10.836381168938152,12.70838879652024
3261,1.2348406786144763,29.97573607435661,0.008149038934863049,10.761433592781524,12.710872204979308
3262,1.2348406786144763,29.974403833847344,0.00833387161356162,10.688920608245741,12.715676399029407
3263,1.2348406786144763,29.973060615632303,0.00839879627176095,10.618323090995812,12.72134888667203
3264,1.2348406786144763,29.971726280781766,0.008339779513587569,10.548995781043415,12.72664406135631
3265,1.1760387415375964,29.97062866869707,0.0072690999453747145,10.506725783958512,12.611338321067693
3266,1.1200368967024728,29.969851646027333,0.005465303166227561,10.484933999095631,12.468139928408624
3267,1.1200368967024728,29.96927024385654,0.004107616655659295,10.447007935757558,12.41277772646084
3268,1.1200368967024728,29.968790192659846,0.003405059669771352,10.397520461512075,12.363603409950906
3269,1.1200368967024728,29.968234662580702,0.003917539317402531,10.330001252368891,12.435877939875557
3270,1.0667018063833074,29.96758783186918,0.004790422492392347,10.289163137806552,12.433355435626153
3271,1.0159064822698165,29.966854225063464,0.005702375399330722,10.267751300554231,12.43851061666396
3272,0.9675299831141109,29.96604350758115,0.00661171717960749,10.260745011694638,12.448166919182448
3273,0.9214571267753436,29.96516032530795,0.007557573320682096,10.268510781727874,12.45682623640432
3274,0.8775782159765178,29.964238562541116,0.008275100360293606,10.288998521778781,12.467363530499446
3275,0.835788777120493,29.963294891550394,0.00888867020086978,10.315270417481742,12.476760602977073
3276,0.7959893115433266,29.96236486044234,0.009193037955812059,10.343411071954229,12.483769789716524
3277,0.758085058612692,29.961470802653498,0.009276122960027961,10.372667065821014,12.488081448602117
3278,0.7219857701073257,29.960613141335045,0.009342176952066933,10.397978422761769,12.489747591159443
3279,0.6876054953403101,29.959805459728127,0.009238206233130711,10.427274363230591,12.489002895060084
3280,0.6876054953403101,29.958896447958796,0.01030313035539923,10.450727855227163,12.603046487552657
3281,0.654862376514581,29.957950790365512,0.011232477446082075,10.493434787596886,12.627660130637443
3282,0.6236784538234105,29.957001128832708,0.01182446010644729,10.54445639331916,12.648567740548202
3283,0.6236784538234105,29.95590763076604,0.013471041353510219,10.605054480503176,12.784115181137377
3284,0.5939794798318194,29.95476544746415,0.014728038326903975,10.677345829852033,12.824310507365585
3285,0.5656947426969708,29.953626188112633,0.015386096910774697,10.754384244411547,12.856612706459545
3286,0.5656947426969708,29.95247759882454,0.015479305630581029,10.79520055432768,12.883851463147955
3287,0.5656947426969708,29.951346588862453,0.015221520535508598,10.818791995234236,12.90151807435807
3288,0.5656947426969708,29.95026458918996,0.014549882323363421,10.824488667889717,12.912194854841822
3289,0.5656947426969708,29.949241459168338,0.013753694818430565,10.807750115635129,12.916470832973172
3290,0.5656947426969708,29.948279936807733,0.0129262325939586,10.76922616039562,12.915756386033829
3291,0.5656947426969708,29.947376890733256,0.012144624819867538,10.717938133398883,12.910950886718387
3292,0.5387568978066388,29.946681424648972,0.009915965627117993,10.654332676065856,12.786823333184243
3293,0.5131018074348941,29.946143913387377,0.008073035601641108,10.621891204759091,12.745642151112076
3294,0.5131018074348941,29.945690867522877,0.00682754550345672,10.592719616294945,12.702481998458053
3295,0.5131018074348941,29.94529035509028,0.0060573479767076525,10.571175844675473,12.657399842072078
3296,0.5131018074348941,29.94490587500882,0.00583306487162833,10.55166913069173,12.617928438342002
3297,0.5131018074348941,29.944517714444395,0.005904455920563851,10.537813159019626,12.584690721370096
3298,0.5131018074348941,29.94423449419235,0.004359506580581471,10.545952630792039,12.436494677284577
3299,0.5131018074348941,29.944122858421245,0.0017430464216923727,10.640119175481303,12.260422709328632
3300,0.5131018074348941,29.944240391239063,-0.0018640342076760633,10.839212265638897,12.070250721368168
3301,0.5131018074348941,29.944614378996867,-0.006033356095290918,11.134017554394172,11.866139467700012
3302,0.5131018074348941,29.945249446307155,-0.01043421863791046,11.528537996236071,11.651205078423882
3303,0.5131018074348941,29.94609864507058,-0.014761906659819055,12.03343435678018,11.432967778693078
3304,0.5131018074348941,29.94724010228959,-0.018863932970062895,12.657562764683417,11.217727678613729
3305,0.5131018074348941,29.948676782193324,-0.02244974786256929,13.386629517970677,10.99972947951027
3306,0.5387568978066388,29.950328676023997,-0.023602594752097663,13.942985554842002,10.864238602205084
3307,0.5656947426969708,29.95204334274473,-0.022656685707928545,14.35910712741624,10.754248215616972
3308,0.5939794798318194,29.953653926352935,-0.019762100827902116,14.726683790272713,10.642230827517823
3309,0.6236784538234105,29.955066040399352,-0.016115168239767934,15.079968277795883,10.595963307609066
3310,0.654862376514581,29.956228727487566,-0.012404531476195423,15.362386379208116,10.575136265204163
3311,0.6876054953403101,29.957143136655194,-0.009167819288862027,15.569025431304446,10.572397636980906
3312,0.7219857701073257,29.957849465862783,-0.006687638108209686,15.701169534280574,10.574739686443875
3313,0.758085058612692,29.958380426105677,-0.004750900263620467,15.823202734474458,10.547503462877119
3314,0.7959893115433266,29.958811020091783,-0.0036435307052929116,15.935457248895345,10.568072498557001
3315,0.835788777120493,29.959219798424925,-0.0032812302152603148,15.99855912609112,10.588714013226218
3316,0.8775782159765178,29.959680771481807,-0.003521746042192223,16.00876805773076,10.605971635739156
3317,0.9214571267753436,29.960250700431086,-0.004156060166773357,15.973128938057103,10.618350672306942
3318,0.9675299831141109,29.960968768200498,-0.005020251881948581,15.867252516926294,10.627341554898722
3319,1.0159064822698165,29.961828828085153,-0.005780187672080893,15.720243190300488,10.63405991813722
3320,1.0667018063833074,29.962787997642288,-0.006207607490281991,15.54727737793899,10.638467361685187
3321,1.1200368967024728,29.96380737190881,-0.006362380780499069,15.353518559381161,10.641985980400861
3322,1.1760387415375964,29.964851287550804,-0.006292765580763327,15.140090191533568,10.646702880809563
3323,1.2348406786144763,29.965886133074804,-0.006037355263602843,14.89855350658619,10.653615697456349
3324,1.2965827125452003,29.966875460156885,-0.0056090663485723075,14.60075566038238,10.66198115844925
3325,1.3614118481724604,29.96787221617199,-0.0053343504356163545,14.302330555108796,10.675986920623206
3326,1.4294824405810835,29.968849978910313,-0.004940834047126112,14.005743898126225,10.693774753788889
3327,1.5009565626101378,29.96978547555218,-0.004464959115146027,13.711064939182979,10.713808236726067
3328,1.5760043907406447,29.97065987601895,-0.003943263477558827,13.417589536532885,10.734865015225498
3329,1.654804610277677,29.971308784456443,-0.00277601962556764,13.078389967538536,10.8327018212691
3330,1.737544840791561,29.97165375933289,-0.0014024919405241656,12.724887856026726,10.952785299139451
3331,1.737544840791561,29.971718202108303,-0.0002602220382265004,12.438265061283627,10.97465152111298
3332,1.737544840791561,29.97154935763774,0.0006956814525059091,12.190066172188168,10.990808690248729
3333,1.737544840791561,29.971244947778906,0.0012777780733415935,11.965557213798377,10.997636849124335
3334,1.737544840791561,29.97085114515231,0.0016823378261596725,11.756960091375682,10.995983940861853
3335,1.737544840791561,29.970421410997865,0.0018680156956416567,11.554442517817778,10.985891213777847
3336,1.737544840791561,29.969847519164723,0.002544201670641967,11.32943250335074,11.059386446761806
3337,1.737544840791561,29.96905627377843,0.0035592879440928026,11.046668770737874,11.165488086075394
3338,1.737544840791561,29.967947017010637,0.004929394928757167,10.745683818844721,11.302333514802566
3339,1.737544840791561,29.96648655538497,0.006394851664067821,10.4573455153706,11.470684126448724
3340,1.737544840791561,29.964638747354293,0.007962440266636278,10.22993412968577,11.655752266652128
3341,1.737544840791561,29.962425588129154,0.009383171013722904,10.036159730610727,11.846571336127672
3342,1.737544840791561,29.959886072440995,0.01059192806311966,9.88558690747082,12.04219132444046
3343,1.654804610277677,29.95728697047524,0.011312028504254765,9.79389787627663,12.117185914746424
3344,1.5760043907406447,29.954782200174,0.011405516535947059,9.74265267602655,12.160773238446888
3345,1.5009565626101378,29.952476259387723,0.011012037596057287,9.716609357678122,12.17525337946162
3346,1.4294824405810835,29.950424124730702,0.010297302795062009,9.705156525754383,12.166599525278976
3347,1.3614118481724604,29.94863683412823,0.009435684185055214,9.701842418274486,12.142214930146013
3348,1.2965827125452003,29.94710683411034,0.008504303104868894,9.70319696388459,12.10927508295277
3349,1.2348406786144763,29.94578368603772,0.007744549925313245,9.693583411140871,12.07444016156547
3350,1.1760387415375964,29.944600874554837,0.007287902474801161,9.679025731826659,12.043619262919549
3351,1.1200368967024728,29.943496069642627,0.007162529238718666,9.673769831966318,12.018562484225049
3352,1.0667018063833074,29.942419979658748,0.007337276187522785,9.681260754242953,11.99875976598467
3353,1.0159064822698165,29.941450490783406,0.007016216935734941,9.684652771533738,11.870028359335787
3354,0.9675299831141109,29.940643119611277,0.006212797133035941,9.689892055742812,11.721610875122165
3355,0.9214571267753436,29.940034413923797,0.004989176008693208,9.702206903545624,11.5549765277457
3356,0.9214571267753436,29.939523083742067,0.004222845463008693,9.705669410955746,11.467975934055016
3357,0.9214571267753436,29.939038587461507,0.004027105343395851,9.700714163435988,11.394308934799986
3358,0.9214571267753436,29.93851650144663,0.004362058774206663,9.691912115824262,11.335510413488471
3359,0.9214571267753436,29.938017575105516,0.004222274770125314,9.690291562781509,11.19129836780302
3360,0.9214571267753436,29.937599781445613,0.0035843450730778936,9.696867326538118,11.039326161569882
3361,0.9214571267753436,29.93731169733831,0.002507495519921261,9.714172060917152,10.881021484446364
3362,0.9214571267753436,29.937202461856064,0.0009658539817876057,9.746328509254095,10.711314944065768
3363,0.9214571267753436,29.93728634044443,-0.0007538043632214202,9.79340436632848,10.538601902201284
3364,0.9214571267753436,29.93754469445419,-0.002360040548219269,9.866409416953,10.367791980678254
3365,0.9214571267753436,29.937967431429904,-0.00392459507580825,9.966668513992193,10.201544181564048
3366,0.9214571267753436,29.938523875082684,-0.005224036542033468,10.08801037014777,10.042295527070603
3367,0.9214571267753436,29.939215125839798,-0.006402165069556455,10.22584688776257,9.891198195019811
3368,0.9214571267753436,29.940009753208106,-0.007256251470752259,10.371503708874737,9.748367321382421
3369,0.9214571267753436,29.940889465884506,-0.007931718060828145,10.504227397652281,9.613927150623478
3370,0.9214571267753436,29.941813170686387,-0.00825937566154476,10.59196446284634,9.48827198114984
3371,0.9214571267753436,29.94268650617226,-0.007782640093868026,10.627832307361086,9.43280018046677
3372,0.9214571267753436,29.943422464908984,-0.006554041174597844,10.634934834557725,9.39683509508379
3373,0.9214571267753436,29.943982136194933,-0.004987711898180881,10.627281866993531,9.376284936942978
3374,0.9214571267753436,29.944337713885297,-0.0031739471919466854,10.610243265255397,9.367407450192244
3375,0.9214571267753436,29.94449052580587,-0.0013672149928582386,10.585489730014455,9.366287947811534
3376,0.9214571267753436,29.94447909691127,0.00010252846790076909,10.557237529345956,9.367456074388274
3377,0.9214571267753436,29.944339455691914,0.0012561397850797008,10.528492563464365,9.368047955596278
3378,0.9214571267753436,29.944120188078127,0.001977952917269125,10.49902751971584,9.368201849343366
3379,0.9214571267753436,29.943884110646994,0.0021355474777316617,10.469737013314303,9.363895358864605
3380,0.9214571267753436,29.943680482462838,0.0018468164017192879,10.44250516847529,9.353895683192487
3381,0.9214571267753436,29.94354091008763,0.0012686948794630782,10.41916259706602,9.341412510819172
3382,0.9214571267753436,29.9434100498896,0.0011964668104799193,10.358513836636753,9.392495903991845
3383,0.9214571267753436,29.943232732783382,0.0016346130410110399,10.27368412915017,9.460898212195946
3384,0.9214571267753436,29.942960723042404,0.0025316535406079872,10.175850512973204,9.54596453238646
3385,0.9214571267753436,29.942628143002285,0.0031181555433324594,10.10157143313729,9.573066755637061
3386,0.9214571267753436,29.942265925080292,0.003415449681800277,10.044135815356455,9.59419530036088
3387,0.9214571267753436,29.94189930531226,0.0034719829492328054,10.00066380802588,9.608884001678549
3388,0.9214571267753436,29.941546900228424,0.003347996618528241,9.968910284729255,9.61739189145032
3389,0.9214571267753436,29.94121840796667,0.003127761257599546,9.946770113021138,9.620472339927183
3390,0.9214571267753436,29.940919040517535,0.0028546892702500356,9.931989858223702,9.619581903856151
3391,0.9214571267753436,29.94064885392352,0.002578912701231395,9.922421890023964,9.615821137442836
3392,0.9214571267753436,29.940403700595176,0.0023414280807121162,9.916250851198063,9.61048149512149
3393,0.9214571267753436,29.940178231088808,0.002154072374963908,9.913295595054095,9.60259974378577
3394,0.9214571267753436,29.939967029783688,0.002017607113642799,9.914036886546985,9.592680858669715
3395,0.9214571267753436,29.939763941203193,0.0019393514202655344,9.917895425943652,9.583719276400108
3396,0.9214571267753436,29.93956325027333,0.0019151479619102414,9.924667043920909,9.576140715847878
3397,0.9214571267753436,29.939360118577195,0.001936505352489019,9.934580344463948,9.570134160920363
3398,0.9214571267753436,29.939150860774944,0.001992335612398501,9.947402593619476,9.565665135824766
3399,0.9214571267753436,29.938932626232457,0.002074677643356056,9.96238677822818,9.562563934167676
3400,0.9214571267753436,29.938704382626565,0.002166267952120746,9.978769210707075,9.560465974443364
3401,0.9214571267753436,29.938465988106508,0.0022586909855682475,9.9960859755707,9.557878166985425
3402,0.9214571267753436,29.93821909422666,0.0023340672599111156,10.01814910039458,9.553546328115832
3403,0.9214571267753436,29.937965039481373,0.0023960164212823696,10.042181217799262,9.551395236326382
3404,0.9214571267753436,29.93770541569804,0.0024433825490411992,10.063372297496578,9.549624924742213
3405,0.9214571267753436,29.93744178631134,0.0024770668174229665,10.079677360195989,9.548156635471129
3406,0.9214571267753436,29.93717526663733,0.002501292422891602,10.09149104494747,9.5467986309393
3407,0.9214571267753436,29.936908819169243,0.0024979200688611696,10.102377518830531,9.54157273414524
3408,0.9214571267753436,29.936645052037765,0.002469795699755264,10.114634165944324,9.535229583578477
3409,0.9214571267753436,29.93638564018324,0.0024254136869062207,10.12965204913225,9.52871726543165
3410,0.9214571267753436,29.93613145516199,0.0023722927825873237,10.147807035164604,9.522272747167705
3411,0.9214571267753436,29.93588270678525,0.0023168040611394993,10.168607466948313,9.516137608083834
3412,0.9214571267753436,29.935639094764028,0.002263937632432262,10.191187449184133,9.510502251199545
3413,0.9214571267753436,29.935399960758343,0.0022171923742451962,10.21476772844207,9.505474393998927
3414,0.9214571267753436,29.935164125845496,0.0021821305781570643,10.235708196502538,9.501090255363462
3415,0.9214571267753436,29.93493087122494,0.002153189316350755,10.259792382690316,9.497274803668853
3416,0.9214571267753436,29.934699615304766,0.002128902891079385,10.28791911366553,9.493979403539504
3417,0.9214571267753436,29.934471368197844,0.0020956602871581064,10.315135356030435,9.488706361387798
3418,0.9214571267753436,29.934248451852362,0.0020411886911161237,10.343065960826712,9.481575155036241
3419,0.9214571267753436,29.934032932681557,0.0019680469067196345,10.37148623963355,9.474590002178461
3420,0.9214571267753436,29.93382054889162,0.001934079563498958,10.400101161757707,9.46805787464366
3421,0.9214571267753436,29.933535295903088,0.0025995858970522022,10.39241698860663,9.530299809976997
3422,0.9214571267753436,29.933118520406374,0.003807816578106901,10.366130949400823,9.60980825829687
3423,0.9214571267753436,29.932603306581395,0.004709030078275363,10.36207131649806,9.631160363489537
3424,0.9214571267753436,29.932029620406958,0.005239109611020784,10.370684739977827,9.648045924351942
3425,0.9214571267753436,29.93143903316871,0.005384543071176378,10.387851589601624,9.659489186245148
3426,0.9214571267753436,29.930867415830924,0.005199700046167461,10.411603840102261,9.665057019189934
3427,0.9214571267753436,29.930343615886677,0.004751285617769717,10.441066043558566,9.665451941432533
3428,0.9214571267753436,29.92989058433633,0.004096178643411855,10.474663808149886,9.66155918429486
3429,0.9214571267753436,29.92951980693898,0.003340835868434513,10.51111155126838,9.65440187041614
3430,0.9214571267753436,29.92923183614453,0.002585252490528834,10.549600472672745,9.645164026061783
3431,0.9214571267753436,29.92901778246048,0.0019143758267142399,10.589758067529385,9.635011903445031
3432,0.9214571267753436,29.928862306252075,0.0013850546989162152,10.631328781696588,9.624950271794937
3433,0.9214571267753436,29.928750162880483,0.0009949060892077543,10.675348298365789,9.612361803224013
3434,0.9214571267753436,29.928695958002066,0.000477072236006675,10.76080508743111,9.54789783204587
3435,0.9214571267753436,29.92868216188986,0.00012026564045656089,10.864398408863341,9.527669605919426
3436,0.9214571267753436,29.92867969428446,2.1404480327163715e-5,10.918464234224565,9.518755474313588
3437,0.9214571267753436,29.92865917368625,0.00017787355610574261,10.926200420787906,9.516185203123735
3438,0.9214571267753436,29.92859685887282,0.0005408469510034797,10.912077622285981,9.51680700864354
3439,0.9214571267753436,29.928478493824763,0.0010288044694105546,10.896353137180688,9.518419577290187
3440,0.9214571267753436,29.928300039418126,0.0015522274366262005,10.888359570072197,9.519847480643735
3441,0.9214571267753436,29.928065867945296,0.0020368016714595897,10.888693620445299,9.520693248994785
3442,0.9214571267753436,29.927777409250616,0.0025077596709905583,10.894022132872195,9.518129845509316
3443,0.9214571267753436,29.92744129811509,0.002919486023031859,10.90352776888432,9.515519963355267
3444,0.9214571267753436,29.927080057833525,0.003136172958554807,10.909044154483125,9.514385932541217
3445,0.9214571267753436,29.926713803298444,0.0031808391524326203,10.905154825481794,9.513767883399009
3446,0.9214571267753436,29.926357930315156,0.0030945895545997915,10.891369622531252,9.513562263904763
3447,0.9214571267753436,29.92602274713846,0.002920278581648331,10.87047352715471,9.512731136312674
3448,0.9214571267753436,29.925715730708717,0.002681068135400117,10.845368158982788,9.507668530847988
3449,0.9214571267753436,29.92543918057454,0.002420912549011429,10.818954769382895,9.501933344032983
3450,0.9214571267753436,29.925191019680025,0.0021776367836384104,10.792907012410815,9.495665282540132
3451,0.9214571267753436,29.924966309167964,0.0019765011390078494,10.767548923922735,9.489106585074518
3452,0.9214571267753436,29.924758455075033,0.0018325168861266364,10.742395282500258,9.482531082265925
3453,0.9214571267753436,29.924560338095453,0.0017508399577885248,10.71681619051078,9.476163841521355
3454,0.9214571267753436,29.92436553342903,0.001725811089669787,10.690465932153465,9.470136183028638
3455,0.9214571267753436,29.9241691133756,0.0017445392424341863,10.663397899628174,9.464486227814474
3456,0.9214571267753436,29.923967066658147,0.0017991504866085293,10.635914604767997,9.459231128608918
3457,0.9214571267753436,29.923756974193495,0.001875657077888839,10.608343381306264,9.454335452064099
3458,0.9214571267753436,29.923537797012926,0.001961843506298941,10.580873153016505,9.449772941646522
3459,0.9214571267753436,29.923309597265728,0.002047901859983025,10.553500907599684,9.445523676416904
3460,0.9214571267753436,29.923071034586165,0.0021475317819789324,10.520913201129718,9.441640579172933
3461,0.9214571267753436,29.92281984336497,0.002269287416941156,10.483480352730549,9.438517792113759
3462,0.9214571267753436,29.92255521183303,0.0023990214765477833,10.447153799774936,9.435797641168612
3463,0.9214571267753436,29.92227764724156,0.0025243158249898157,10.413840132487971,9.433232799659836
3464,0.9214571267753436,29.921922734186833,0.0032469152303692714,10.352412231038288,9.496738249741114
3465,0.9214571267753436,29.921508190051,0.003808886734542698,10.307735148863763,9.510701742778311
3466,0.9214571267753436,29.920988346230583,0.004804285536659107,10.247893602567476,9.590853017553096
3467,0.9214571267753436,29.92039849266529,0.005473867150090953,10.205645744048269,9.617107367175139
3468,0.9214571267753436,29.91977302202326,0.00582358777602503,10.172011379938931,9.638504462122569
3469,0.9214571267753436,29.919141958358825,0.005892571829667479,10.142822445040554,9.654290281046977
3470,0.9214571267753436,29.918528165463997,0.0057464869427926255,10.116026674548397,9.664453831352429
3471,0.9214571267753436,29.91788386301931,0.006056292633521508,10.075659000050484,9.739385690511535
3472,0.9214571267753436,29.917232992807623,0.006137309473293329,10.044004667559076,9.757452153826737
3473,0.9214571267753436,29.916595075626653,0.006031621289295271,10.016610052341017,9.770307433638402
3474,0.9214571267753436,29.9159188796488,0.0064153208557926516,9.982624479678174,9.849143697329797
3475,0.9214571267753436,29.91522448136491,0.006603134658620841,9.95976332031693,9.867514586686443
3476,0.9214571267753436,29.914532228170184,0.006595588999205805,9.940355511486718,9.87881932899362
3477,0.9214571267753436,29.913859360242704,0.006424611111643973,9.919128506131901,9.883796206155806
3478,0.9214571267753436,29.913217906623977,0.006139254449798333,9.895555049018117,9.884642002658548
3479,0.9214571267753436,29.912613563041315,0.005791947317062399,9.871346452205929,9.88211367237838
3480,0.9214571267753436,29.912047803893792,0.005424985225975007,9.848989180853465,9.87696598448562
3481,0.9214571267753436,29.911518543791306,0.005078579014899612,9.83059884271861,9.870007348975818
3482,0.9214571267753436,29.91102069654684,0.0047810223123454475,9.817283234286249,9.862019808165805
3483,0.9214571267753436,29.91054736271417,0.004549430076522046,9.809048393970265,9.853739724006392
3484,0.9214571267753436,29.91009097455247,0.0043901008290053835,9.8051184736145,9.845786384067084
3485,0.9214571267753436,29.909642676123077,0.0043154111164695995,9.802038580283373,9.838651435566595
3486,0.9214571267753436,29.909194370748093,0.004318076505240193,9.799838514586476,9.832730738307376
3487,0.9214571267753436,29.908740481771535,0.004373964376583054,9.799836979964162,9.827995002559117
3488,0.9214571267753436,29.908276717059497,0.0044708041808502914,9.800398017551808,9.824321920902198
3489,0.9214571267753436,29.90779803784176,0.00461606232151728,9.795951587403248,9.8211748336847
3490,0.9214571267753436,29.90730206536262,0.004785297324640017,9.7974154373531,9.816104769486136
3491,0.9214571267753436,29.906790141072786,0.004940296011062516,9.805049560932645,9.813937732658136
3492,0.9214571267753436,29.906223249514262,0.005438711812588408,9.871757454589597,9.750880735141433
3493,0.9214571267753436,29.90559202385272,0.005983393217402786,9.99142964530678,9.753169445656383
3494,0.9214571267753436,29.904898622671862,0.006493502871527127,10.113374121397593,9.758406550398258
3495,0.9214571267753436,29.90415257834219,0.006914098643526798,10.219263461828934,9.764751359579234
3496,0.9214571267753436,29.903366717554913,0.007222946550939217,10.304377273724285,9.771217700367423
3497,0.9214571267753436,29.90255499298824,0.007414206685294111,10.368944134853898,9.77697120694416
3498,0.9214571267753436,29.90173089221195,0.007494109939956654,10.414796693527949,9.781887261006315
3499,0.9214571267753436,29.900906345316585,0.007477712443653517,10.443285086615962,9.7859138180494
3500,0.9214571267753436,29.900090612394,0.007388844856323457,10.455913363899253,9.788921333198582
3501,0.9214571267753436,29.89929076162984,0.007245835385665507,10.454686973719056,9.790924323161557
3502,0.9214571267753436,29.89850919449868,0.007088751522039577,10.442081211949112,9.792016951002216
3503,0.9214571267753436,29.897747119912314,0.006926066055732047,10.42080773271397,9.792271733689986
3504,0.9214571267753436,29.897002623033668,0.0067841017492099535,10.393481841643792,9.791855910046248
3505,0.9214571267753436,29.89627282198663,0.006670175876128231,10.36233742699779,9.790942144729975
3506,0.9214571267753436,29.895554375993996,0.006587535672458418,10.329080925002412,9.78972889828067
3507,0.9214571267753436,29.894843918316983,0.006535926222562251,10.294887462197158,9.788405262795832
3508,0.9214571267753436,29.894139113737822,0.0065044506388457,10.262392670772918,9.783682439242266
3509,0.9214571267753436,29.893437409647902,0.0064934939963877,10.234487449944742,9.78103093965537
3510,0.9214571267753436,29.892740527931878,0.006470902920718322,10.19963707820782,9.767766348856174
3511,0.9214571267753436,29.89204979128615,0.006437607941397437,10.161983993488333,9.751460680976257
3512,0.9214571267753436,29.891365715016452,0.0063984434412360965,10.125598974551275,9.735412079641716
3513,0.9214571267753436,29.890688319470595,0.00635655725262948,10.092782329718212,9.71992770057604
3514,0.9214571267753436,29.890016453841827,0.006323641196143521,10.062496383610323,9.705355002385902
3515,0.9214571267753436,29.88934750883065,0.006313691398204504,10.034543083514631,9.691913574043248
3516,0.9214571267753436,29.888681950310588,0.006296453737309593,10.011076127128407,9.675835830573849
3517,0.9214571267753436,29.888021938386757,0.00625509204530045,9.99329274909325,9.659489050021904
3518,0.9214571267753436,29.887431856580548,0.005595064708092556,9.9884395146181,9.576980200128922
3519,0.9214571267753436,29.886960712926196,0.0044619719165214485,10.000392527549824,9.482114255858125
3520,0.9214571267753436,29.886640880446894,0.0030193692837589135,10.032215794243191,9.37746556571023
3521,0.9214571267753436,29.88648841806542,0.0014318107524911921,10.08480750430137,9.266337162812238
3522,0.9214571267753436,29.886504574556348,-0.00015064706753182647,10.157267546377744,9.1521549531601
3523,0.9214571267753436,29.88667834320171,-0.0016059795193082741,10.247594839194562,9.038075278863122
3524,0.9214571267753436,29.88699055693101,-0.0028554873764748373,10.355290469606901,8.926816943530833
3525,0.9214571267753436,29.88741592752728,-0.0038453221078920932,10.476718487558932,8.820703957322609
3526,0.9214571267753436,29.887861643052617,-0.003996668082295218,10.56209849081515,8.768653571335003
3527,0.9675299831141109,29.888212208124514,-0.002991907128197888,10.568704841741713,8.77911510908887
3528,1.0159064822698165,29.888361082108755,-0.0012147435635228893,10.528006390962052,8.819519787032888
3529,1.0159064822698165,29.88828860940557,0.0005926721998508758,10.50441422578315,8.833527422791489
3530,1.0159064822698165,29.888018437821838,0.002212562295828682,10.489531619193547,8.851874614133058
3531,1.0159064822698165,29.887592036623463,0.0034958679861724165,10.477926016611368,8.87086717719636
3532,1.0159064822698165,29.887060087564887,0.004366112391359791,10.466152748155906,8.887833536518398
3533,1.0159064822698165,29.886474626307002,0.004811603019876352,10.45250316827821,8.901050345300767
3534,1.0159064822698165,29.885882586101964,0.004872848863120914,10.437108398931837,8.909709267185914
3535,1.0159064822698165,29.885321274394194,0.004627327692654302,10.420433345625405,8.91362760503133
3536,1.0159064822698165,29.884816036288935,0.004172013361229496,10.403089678698082,8.913211929039223
3537,1.0159064822698165,29.884379755983375,0.003608629761746191,10.385686697061047,8.909296889034145
3538,1.0159064822698165,29.88401387569796,0.003031363890095542,10.368426930097835,8.90295493958114
3539,1.0159064822698165,29.883710414249325,0.0025184107984471144,10.351156838613555,8.89534858945351
3540,1.0159064822698165,29.883454698379293,0.0021258924512800852,10.333045149277407,8.887543514474839
3541,1.0159064822698165,29.883228377027557,0.0018851432756571208,10.313191932604807,8.880406002801182
3542,1.0159064822698165,29.88301230685395,0.0018036271519630844,10.291057183145227,8.874544165081815
3543,1.0159064822698165,29.882789050500403,0.001868085493340906,10.266419693396896,8.870286445093809
3544,1.0159064822698165,29.882485219764167,0.0025575521648818628,10.20514407999447,8.92103913331151
3545,1.0159064822698165,29.88204769253418,0.00371112295770242,10.127719824061325,8.988668324195812
3546,1.0159064822698165,29.881444981761575,0.0051528958963996474,10.047766190189082,9.071556497140504
3547,1.0159064822698165,29.880665318792534,0.006715551332132527,9.973260650655217,9.167515607715018
3548,1.0159064822698165,29.87971302079036,0.008256166592334978,9.908464570770946,9.274087528646476
3549,1.0159064822698165,29.878604082725083,0.00966595246241413,9.855407167504229,9.388803789979166
3550,1.0159064822698165,29.8774201139285,0.010355496269157036,9.821578120039508,9.444886706263778
3551,1.0159064822698165,29.876103098088354,0.012501892205906775,10.626180622744315,10.646534305079403
3552,1.0159064822698165,29.874649390147322,0.013738578875976855,11.179126214435266,10.881031729118453
3553,1.0159064822698165,29.873213101782493,0.013711411902278061,11.067052567203332,11.012625817838444
3554,1.0159064822698165,29.871875161692717,0.01272507396580629,10.670996438992576,11.10833221710206
3555,1.0159064822698165,29.87061535461753,0.011781511206136401,10.328634813769517,11.297323121765707
3556,1.0159064822698165,29.869308798004365,0.012082412401106963,10.400946113697133,11.424759994756993
3557,1.0159064822698165,29.86797007642617,0.012116972758484596,10.485554397257424,11.67262787014339
3558,1.0159064822698165,29.866594317252787,0.012145182703033426,10.474165922002108,11.967704932761475
3559,1.0159064822698165,29.865161136104486,0.012316765120025197,10.385310746807484,12.293539344087046
3560,1.0159064822698165,29.863621487918447,0.01292638426820622,10.321967397320586,12.58394873848721
3561,0.9675299831141109,29.8620906377282,0.013295244365119517,10.337946943805692,12.77315480388135
3562,0.9214571267753436,29.86069561295059,0.012692578421910383,10.347845044312129,12.802157686455908
3563,0.8775782159765178,29.859511615831668,0.01135978469522612,10.373028445991173,12.747380539521691
3564,0.835788777120493,29.858577848865146,0.009505774296308951,10.434302660656805,12.614809953619034
3565,0.7959893115433266,29.85791228930282,0.0072258447181717785,10.541052935368144,12.419877332607923
3566,0.7959893115433266,29.857416814453963,0.00543140237884244,10.644443386901417,12.300666364237117
3567,0.7959893115433266,29.857035010179626,0.004226134825625462,10.71684385195525,12.181939584416975
3568,0.7959893115433266,29.856709853167377,0.0036304345849338397,10.755380445125391,12.076845543837303
3569,0.7959893115433266,29.856389730173973,0.003598568423878902,10.76461534649043,11.995161726839253
3570,0.7959893115433266,29.856034575208113,0.004011323508194914,10.756271264454199,11.938484672444662
3571,0.7959893115433266,29.855616803688562,0.00473097132891777,10.740881887332579,11.907141567641004
3572,0.7959893115433266,29.85512253983867,0.0056019087203341205,10.72487117874128,11.897119478467253
3573,0.7959893115433266,29.85455154241116,0.006468942285669009,10.710965921654248,11.901998154531919
3574,0.7959893115433266,29.853913692739475,0.007215982680904018,10.702421216292523,11.91905592603179
3575,0.7959893115433266,29.85321963738206,0.007837889603809073,10.700735645671214,11.940265181236201
3576,0.7959893115433266,29.852497816786602,0.008136333761298315,10.708350558351503,11.962432973007374
3577,0.7959893115433266,29.851774064743857,0.008145147336761206,10.718700967970193,11.981463285789987
3578,0.7959893115433266,29.851063216300968,0.007991519969343032,10.72707446831383,11.994071427924771
3579,0.7959893115433266,29.850388001734913,0.007587971714750131,10.732247553052378,11.99872507793949
3580,0.7959893115433266,29.849754286393374,0.007123475178101525,10.736585590105966,11.995581593203212
3581,0.7959893115433266,29.849172713593866,0.006542876630848217,10.742768778837522,11.985450373020702
3582,0.7959893115433266,29.848636642925673,0.0060387064486582525,10.753159232971402,11.970082122493773
3583,0.7959893115433266,29.848143603554107,0.005562531056671964,10.76933985502277,11.951657963064816
3584,0.7959893115433266,29.847682228247486,0.00521328127262792,10.790119835740532,11.933344908091449
3585,0.7959893115433266,29.8472490586068,0.004901346213893149,10.81266828304069,11.916854413201538
3586,0.7959893115433266,29.846830161844153,0.004745013065109984,10.83521943980254,11.903881498329458
3587,0.7959893115433266,29.846421688649844,0.004630368806542737,10.856628088819336,11.895069430119726
3588,0.7959893115433266,29.846017193302426,0.004587028339716638,10.876795144182822,11.890527201218315
3589,0.7959893115433266,29.845594267927986,0.004797847256795409,10.901863749588035,11.886016482256045
3590,0.7959893115433266,29.845154335226713,0.00499041863009351,10.932258715395754,11.886890718639204
3591,0.7959893115433266,29.844701238878365,0.005138438073842134,10.95855770472517,11.889906475221844
3592,0.7959893115433266,29.844239719235766,0.005232167012965946,10.97606625740039,11.893990701946711
3593,0.7959893115433266,29.84377461576196,0.005271029517969796,10.98456411896983,11.897977364602568
3594,0.7959893115433266,29.84331608760244,0.005195265860313336,10.986574446781866,11.900829648726335
3595,0.7959893115433266,29.84286848165742,0.005071009682654048,10.983734377389597,11.902012711108434
3596,0.7959893115433266,29.84243276687004,0.004936567505751985,10.980917708617207,11.901349870604216
3597,0.7959893115433266,29.842006992403032,0.0048259861473515095,10.981392195188532,11.896317497151125
3598,0.7959893115433266,29.841590133779988,0.00472668899418402,10.988278948499424,11.891886772410937
3599,0.7959893115433266,29.841176903619125,0.004687237425202993,10.983739925236906,11.887596710136792
3600,0.7959893115433266,29.8407629773578,0.004696516160665918,10.973636792685499,11.8840963227496
3601,0.7959893115433266,29.840346968122777,0.0047223715279920775,10.95671471316253,11.87850605278309
3602,0.7959893115433266,29.839923078927736,0.004814707260457156,10.93594116040645,11.871387008665279
3603,0.7959893115433266,29.83948397541161,0.004990050357993694,10.916267649228066,11.865361921474642
3604,0.7959893115433266,29.839034657203683,0.005110472283154187,10.899234591349837,11.855284602153937
3605,0.7959893115433266,29.83858512827838,0.005118824551964871,10.886646636302416,11.841491323151262
3606,0.7959893115433266,29.83815784354678,0.004871342713458872,10.879307911938511,11.827356651692982
3607,0.7959893115433266,29.83775251567551,0.004626457842121249,10.87687152377744,11.81345311991505
3608,0.7959893115433266,29.83736087192111,0.004475372659142583,10.87803223365793,11.79997274635269
3609,0.7959893115433266,29.83698612414449,0.0042870299586732705,10.881312785371383,11.786952946114825
3610,0.7959893115433266,29.83662180471836,0.004172084823850351,10.885171076028309,11.774655323289482
3611,0.7959893115433266,29.83633867970411,0.0032773862814176125,10.923193569398192,11.648489516351857
3612,0.7959893115433266,29.83617377466537,0.001934063138820122,10.990290079320742,11.496940439692576
3613,0.7959893115433266,29.836153645759897,0.0002396945664254516,11.081056914240218,11.323507568173476
3614,0.7959893115433266,29.836278704800947,-0.0015071884872524637,11.18836251523103,11.13463174200608
3615,0.7959893115433266,29.83649085334272,-0.002545847972223491,11.236384412027697,11.04001146969446
3616,0.7959893115433266,29.83672724875871,-0.0028353439962730963,11.242225629669097,10.96587820627314
3617,0.7959893115433266,29.836942291396696,-0.0025833349696771663,11.2243928791927,10.913197436645135
3618,0.7959893115433266,29.83709508608288,-0.0018401793895147867,11.196108333970193,10.88080283537734
3619,0.7959893115433266,29.837166462965868,-0.0008620139914227708,11.165090995251592,10.865451407123283
3620,0.7959893115433266,29.837142547549654,0.0002896111477450686,11.13478080280822,10.863258099225495
3621,0.7959893115433266,29.837028549726977,0.0013840269935742858,11.10634089455588,10.869785721340335
3622,0.7959893115433266,29.836835974565293,0.002343852558922911,11.078704683509827,10.880993343309205
3623,0.7959893115433266,29.836581297488582,0.003107246958074166,11.051801807866582,10.893169922646242
3624,0.7959893115433266,29.836291626458245,0.003541865304395175,11.027879865703994,10.895824278679985
3625,0.7959893115433266,29.83598787953286,0.003721095844953024,11.00677370480667,10.892922341073909
3626,0.7959893115433266,29.835653448734945,0.004081431133356065,11.048741058747305,10.843025266074328
3627,0.7959893115433266,29.83529993302694,0.0042792225368895225,11.139426881268008,10.835970909001373
3628,0.7959893115433266,29.834936579924477,0.004371609226924014,11.207443089682345,10.827574241814666
3629,0.7959893115433266,29.83457083654726,0.004378802365624527,11.262638123734146,10.818141130109389
3630,0.7959893115433266,29.834206610912112,0.004346392221298701,11.299535683498304,10.808470597648245
3631,0.7959893115433266,29.833845533048468,0.004302359913629877,11.316526095244619,10.799409204047656
3632,0.7959893115433266,29.833486956788178,0.004273286920650964,11.31458119568289,10.791603048450105
3633,0.7959893115433266,29.83312833544198,0.00428094200965838,11.295768808551573,10.785530392704445
3634,0.7959893115433266,29.832760366536654,0.004405455983823609,11.262615500328442,10.781365093814385
3635,0.7959893115433266,29.832373101960002,0.004654966832251548,11.217864403550763,10.778968186801029
3636,0.7959893115433266,29.831965571464742,0.004922082445743683,11.16426744795965,10.777946533375594
3637,0.7959893115433266,29.83154709217736,0.005081586492292803,11.104362962693997,10.777817853589475
3638,0.7959893115433266,29.83112328615132,0.00517610687869793,11.040351377032625,10.778202934694995
3639,0.7959893115433266,29.830696935958212,0.005238626579481375,10.974077561908762,10.778696364476389
3640,0.7959893115433266,29.830269172997422,0.005288313067469595,10.906992716071908,10.778992695366
3641,0.7959893115433266,29.829835199645327,0.005398145051200621,10.84020551812673,10.778980412797281
3642,0.7959893115433266,29.829400120319193,0.005442887736631374,10.774699862624812,10.778493740808132
3643,0.7959893115433266,29.82895932977346,0.005514719380894411,10.71114400973326,10.777743817490471
3644,0.7959893115433266,29.828518598675934,0.00551447321375645,10.649386072138087,10.776771308126753
3645,0.7959893115433266,29.828075144028208,0.005549028999443881,10.58886870366889,10.775842123716476
3646,0.7959893115433266,29.827633489230447,0.005526983647185611,10.52931161608334,10.774913104151604
3647,0.7959893115433266,29.827189421196927,0.005557539684922213,10.47053678365675,10.774222555900806
3648,0.7959893115433266,29.826745614057003,0.00555454846334517,10.412557429090652,10.773691310750902
3649,0.7959893115433266,29.826297201869,0.005612304097123661,10.355354471495255,10.773460333208988
3650,0.7959893115433266,29.825789824859477,0.006291483746596738,10.302975801583953,10.874184788862706
3651,0.7959893115433266,29.825184127610587,0.007425382530433913,10.271001033911205,10.999065101346764
3652,0.7959893115433266,29.824450185350255,0.008874127536319536,10.270768888644742,11.152063470991095
3653,0.7959893115433266,29.823565633002122,0.01052939136654073,10.292700635623437,11.327635735024227
3654,0.7959893115433266,29.822521952136608,0.012213843845266867,10.327710915070183,11.522172200831461
3655,0.7959893115433266,29.821330021553372,0.013700069241612243,10.36831488776276,11.731328730597207
3656,0.7959893115433266,29.820005902957007,0.014940250543831383,10.410935952941198,11.950553153401827
3657,0.7959893115433266,29.818570567147738,0.015895599917067862,10.455066675604787,12.17574657210864
3658,0.7959893115433266,29.81712052672656,0.015910597296077546,10.4326103399699,12.288889198516834
3659,0.7959893115433266,29.81572744261409,0.015185231969879906,10.376072191442049,12.370148468622137
3660,0.7959893115433266,29.814371527878222,0.014586335807212943,10.366380778083844,12.53444694261898
3661,0.758085058612692,29.813165410617806,0.013576653907897782,10.36496277210854,12.57781167506891
3662,0.7219857701073257,29.812117380204064,0.012370709789765526,10.378725916383337,12.594382206808092
3663,0.6876054953403101,29.811213367024123,0.011203909785358429,10.419890098495157,12.594822742808569
3664,0.654862376514581,29.810429114375054,0.01021338959251685,10.47424042741042,12.585262997656308
3665,0.6236784538234105,29.809740553881138,0.009426733008470212,10.5281511438535,12.57032173276037
3666,0.6236784538234105,29.809098358949267,0.008830009068952975,10.53000985459556,12.51616336313149
3667,0.6236784538234105,29.808575730117628,0.007331088750543829,10.503764960433212,12.268469461971618
3668,0.6236784538234105,29.808186567666993,0.005429871254675399,10.556919697869501,11.974838674579848
3669,0.6236784538234105,29.807942366443463,0.0034004378168021317,10.714257701586241,11.649413140364455
3670,0.6236784538234105,29.80783865822364,0.0014444241289224946,10.945915741075817,11.307647708377088
3671,0.6236784538234105,29.807867410319524,-0.0003987196870901075,11.356791506582255,10.965808174344078
3672,0.6236784538234105,29.80800133982202,-0.0019546028809294645,11.791884585401087,10.637864518809533
3673,0.6236784538234105,29.80822687684976,-0.003193871752576532,12.152506949763058,10.348799479024038
3674,0.6236784538234105,29.80851629766412,-0.004034724020872082,12.344725180386817,10.098594944754215
3675,0.654862376514581,29.808785161228595,-0.003615113498862563,12.189509072182464,9.971517855392786
3676,0.6876054953403101,29.808966487123488,-0.0023201453210761947,11.843888708340804,9.91144837458496
3677,0.6876054953403101,29.809059610327516,-0.0011907033782497158,11.507123534410681,9.828058296153692
3678,0.6876054953403101,29.809083643807703,-0.0003077417944815219,11.155920439227401,9.768950987860677
3679,0.6876054953403101,29.80905719389248,0.0003397151504327937,10.79810063131971,9.720739767298653
3680,0.6876054953403101,29.8090040856804,0.0006839895393241717,10.454734256066338,9.671257323179596
3681,0.6876054953403101,29.808947612519386,0.0007267937015827806,10.157679248685767,9.609170228155627
3682,0.6876054953403101,29.808914879745736,0.0004183222627827318,9.931118336511597,9.532786465169083
3683,0.6876054953403101,29.808921774772397,-8.935797447889458e-5,9.79329781462918,9.439329156058669
3684,0.6876054953403101,29.808978098220905,-0.0007328013020686812,9.755046250168911,9.329015434868083
3685,0.6876054953403101,29.809040650682725,-0.0008137115723559574,9.75663912419335,9.255704439972686
3686,0.6876054953403101,29.809073719647966,-0.0004279168942711603,9.808159066207597,9.182865338172995
3687,0.6876054953403101,29.809004955570288,0.0008855926238262861,9.854939429087862,9.172529510597501
3688,0.6876054953403101,29.80876243352867,0.003099052232565749,9.932272978945091,9.155559156764621
3689,0.6876054953403101,29.808301776855995,0.005786972653230963,10.103044455816113,9.189025799981826
3690,0.6876054953403101,29.807718802494122,0.008443488174004359,10.309437218648469,9.249984897758264
3691,0.6876054953403101,29.80698000794917,0.010962641852919803,10.51950621832819,9.332515595069221
3692,0.6876054953403101,29.806075535952438,0.013182861714122382,10.709577290354538,9.428674523073738
3693,0.6876054953403101,29.805037070527256,0.014920784626343294,10.863938055927294,9.529688221895013
3694,0.6876054953403101,29.803904526977355,0.016098640588256902,10.981270941266596,9.63351713623339
3695,0.6876054953403101,29.802762678367706,0.016116538826082945,11.059198399562415,9.660465830926412
3696,0.6876054953403101,29.801679438253895,0.015222769813400773,11.107541752483732,9.67441503004695
3697,0.6876054953403101,29.80070592644298,0.013652835761816565,11.130258723031016,9.673197061585512
3698,0.6876054953403101,29.799908691858825,0.011175620040185333,11.13528669400096,9.589933228955196
3699,0.6876054953403101,29.799321014727443,0.00823481829539439,11.139653210647234,9.485388123799183
3700,0.6876054953403101,29.798954336257694,0.005132545243997955,11.151660118341054,9.365997435036723
3701,0.6876054953403101,29.79880165001856,0.0021332418239918415,11.172405985198377,9.238056539881045
3702,0.7219857701073257,29.798791128101286,0.0001403758588478786,11.142946826681385,9.168525392206993
3703,0.758085058612692,29.798859250450047,-0.0008703407673833197,11.081756142715918,9.113586658892906
3704,0.7959893115433266,29.798948566022524,-0.001093496115813927,11.013591013196084,9.07127283222305
3705,0.835788777120493,29.799001871259215,-0.0006254341338326879,10.945056319011998,9.049337668724322
3706,0.8775782159765178,29.798974609678893,0.00030665165256767065,10.872918275849493,9.042765829766507
3707,0.9214571267753436,29.798792139391672,0.0019753940984842686,10.759436081104424,9.111340009939147
3708,0.9214571267753436,29.798459982220052,0.003625074259638879,10.672786760889156,9.137688396804911
3709,0.9214571267753436,29.797990454284747,0.005158773787018807,10.601469255109993,9.164019967836225
3710,0.9214571267753436,29.797418801488018,0.006316532160613807,10.541556167163112,9.182630443945335
3711,0.9214571267753436,29.796775422805656,0.007143784802219786,10.490336266225482,9.19574792385457
3712,0.9214571267753436,29.796100171364134,0.007529103065788283,10.446561947847135,9.202192653660388
3713,0.9214571267753436,29.7954196495034,0.007614802848321442,10.409611547206715,9.202284247196623
3714,0.9214571267753436,29.794763592434215,0.0073630272068909396,10.378541362081473,9.196813583474928
3715,0.9214571267753436,29.794217006852264,0.006041029931483181,10.538972958958542,9.216249587687766
3716,0.9214571267753436,29.79373902730127,0.005187852584214685,10.7318055801689,9.14242776759019
3717,0.9214571267753436,29.793318329632136,0.004545571194161893,10.78034718880279,9.100972492028449
3718,0.9214571267753436,29.792938088026233,0.004134843353227798,10.711534244201463,9.080388993183435
3719,0.9214571267753436,29.792589979431067,0.0038282527156174523,10.591689812357764,9.071090534611788
3720,0.9214571267753436,29.792256757528552,0.0037053600545995293,10.475004797310783,9.068734764120853
3721,0.9214571267753436,29.791931774623492,0.0036451898781269284,10.384640514066172,9.071857313585069
3722,0.9214571267753436,29.791607334896224,0.0036592902815196326,10.327335157743923,9.069063789335992
3723,0.9214571267753436,29.791273406155465,0.003776821933448404,10.298604886247222,9.068764648906905
3724,0.9214571267753436,29.79093068540413,0.003880708587373221,10.286804254282586,9.06860648431398
3725,0.9214571267753436,29.790579219645227,0.003980941388753437,10.283675013164494,9.067950206999036
3726,0.9214571267753436,29.79021925972358,0.00407657837458114,10.285122259345654,9.066209528850568
3727,0.9214571267753436,29.789851739774925,0.004160203320272285,10.2900495756424,9.063007869317902
3728,0.9214571267753436,29.789478295783795,0.0042236948325064605,10.298738946731762,9.058248705682585
3729,0.9214571267753436,29.789101010625448,0.004261827969577141,10.31157279865838,9.052120627992297
3730,0.9214571267753436,29.78871752756321,0.004324777894318235,10.328410354591322,9.045108234833377
3731,0.9214571267753436,29.78833450076639,0.004311161748376673,10.34870358028872,9.037576968581337
3732,0.9214571267753436,29.787951083178772,0.004305595420277777,10.372654637882299,9.030230697424328
3733,0.9214571267753436,29.78757335425687,0.0042301859599918985,10.400923110375086,9.023380578281287
3734,0.9214571267753436,29.787203670840594,0.004127948435694521,10.431501178237687,9.017435276989255
3735,0.9214571267753436,29.786837955655326,0.004071779312285358,10.461883227424902,9.012625230129728
3736,0.9214571267753436,29.786479468093876,0.0039804152284219525,10.490515228233463,9.0088097724297
3737,0.9214571267753436,29.78612760435147,0.0039007640329698705,10.506932547745672,9.00588060494408
3738,0.9214571267753436,29.78578009727461,0.0038516756986570373,10.509088418140468,9.00371175885523
3739,0.9214571267753436,29.78543081949436,0.003869760776470867,10.513273103087917,9.00219738202235
3740,0.9214571267753436,29.785081985250883,0.0038629847138406848,10.518340548091969,9.00097675750756
3741,0.9214571267753436,29.784733780258193,0.0038542088262150886,10.523273514737165,8.999947120752644
3742,0.9214571267753436,29.784385766683258,0.0038506169382257482,10.527299388341367,8.998960213291962
3743,0.9214571267753436,29.784037365938477,0.0038538923855425023,10.530053980179158,8.997923769203148
3744,0.9214571267753436,29.78368484918769,0.003899264949040557,10.53047881808762,8.995900876608731
3745,0.9214571267753436,29.783335229599093,0.0038699999371729936,10.522911203420842,8.989368387549469
3746,0.9214571267753436,29.78299282133325,0.00379428838306693,10.51150763777969,8.982617685359925
3747,0.9214571267753436,29.78266028956063,0.003689593076071727,10.497981014831314,8.975838612515584
3748,0.9214571267753436,29.78233905940671,0.003569126224320165,10.483480813555683,8.969189345356305
3749,0.9214571267753436,29.782029496381355,0.003444307569038694,10.46883277270846,8.96279901624523
3750,0.9214571267753436,29.781731209187015,0.0033233872446212396,10.454536104252993,8.956758949885288
3751,0.9214571267753436,29.781443112874715,0.0032140596867113133,10.440826233901795,8.951137015855402
3752,0.9214571267753436,29.781163659819818,0.0031215455561587,10.427742309394965,8.945967629564793
3753,0.9214571267753436,29.780891048112377,0.0030487949774517633,10.41519459879969,8.941259414640935
3754,0.9214571267753436,29.780623399386656,0.002996793790350696,10.403019825202678,8.9370002080523
3755,0.9214571267753436,29.780358902864617,0.002964918827272892,10.391021993773881,8.933162991338982
3756,0.9214571267753436,29.78009590419031,0.0029515431898485102,10.379000262808127,8.929712749846162
3757,0.9214571267753436,29.779832998339522,0.002953983911869848,10.36676447114549,8.926610019955078
3758,0.9214571267753436,29.779569048923634,0.0029693238730374135,10.354144974130783,8.923817502261853
3759,0.9214571267753436,29.77930318644299,0.0029946482232187654,10.340995402903532,8.921302066091894
3760,0.9214571267753436,29.779034789732425,0.00302723389461927,10.327193577865499,8.91903560652097
3761,0.9214571267753436,29.77876344688021,0.003064782098311458,10.312640768869906,8.916995822278258
3762,0.9214571267753436,29.778488909957932,0.003105490305291599,10.297260248972917,8.915165857559074
3763,0.9214571267753436,29.778210961609087,0.003149052684803999,10.280998080686642,8.913533999801306
3764,0.9214571267753436,29.777929546497003,0.003193663422011084,10.263828281360425,8.912080543953651
3765,0.9214571267753436,29.777644849470704,0.003236592831190139,10.245802244848937,8.910784805217071
3766,0.9214571267753436,29.777356919543095,0.003279308121061121,10.227175056043684,8.909641746676458
3767,0.9214571267753436,29.777065776997464,0.00332195965347424,10.208511626221778,8.908633525420438
3768,0.9214571267753436,29.776732526407095,0.003817825337102423,10.167307951418424,8.96992230065044
3769,0.9214571267753436,29.776328572521262,0.004649365555198556,10.120202499445188,9.048230721124314
3770,0.9214571267753436,29.775835906046233,0.005695511933268703,10.075610039922903,9.14156201939853
3771,0.9214571267753436,29.775284842090848,0.006391937375428426,10.042008854722793,9.179896473745167
3772,0.9214571267753436,29.77470549259223,0.006740415424499669,10.011636614252753,9.206458540833847
