iter,rho,price_mean,imb_mean,primal_res,dual_res
1,1.0,25.016059551411995,-0.016059551411996227,1.4927611192023407,Inf
2,1.0,904.2160595522838,-879.2000000008721,47182.82317967437,35167.35762958497
3,1.05,1630.4241497862088,-691.6267526037374,37116.99405797217,7879.252657509615
4,1.1025,2367.5289311975826,-668.5757654524932,35880.120912012964,1062.721250096388
5,1.1576250000000001,3016.4818544382283,-560.5899347721806,30086.21666165219,5021.147771072091
6,1.2155062500000002,3648.1996636124336,-611.4303587973214,32812.837055133365,2486.7858899877383
7,1.2762815625000004,4235.911266558003,-525.9707815476592,28226.58184491175,4363.293357970771
8,1.3400956406250004,4788.043796899256,-553.6463803871194,29713.81792715655,1527.2513248294845
9,1.4071004226562505,5298.2130074386305,-473.01711008907637,25405.33360432583,3113.2351821288075
10,1.477455443789063,5691.9907919204015,-337.58822728547136,18168.722499201293,9859.592242728186
11,1.5513282159785162,5881.187979334194,-149.97685217194112,8148.007136653361,6820.43189966628
12,1.5513282159785162,5955.603810506076,-57.27138295141678,3320.184471916261,4367.449020107755
13,1.477455443789063,5984.590494259488,-22.74170073093922,1897.3155983581391,3461.994335705129
14,1.4071004226562505,6060.9834605931965,-74.03688789708536,4404.133793242552,4170.584283168333
15,1.4071004226562505,6154.653947036379,-106.8018144615509,6259.947935270181,5265.918237611196
16,1.4071004226562505,6251.329684489685,-129.6804244511373,7621.307948292706,1993.5496658922207
17,1.477455443789063,6335.079290425349,-103.87551217930596,6616.656771088572,747.7677814682728
18,1.5513282159785162,6388.731078461673,-61.530165368117835,4996.313837995663,2188.990764057194
19,1.628894626777442,6395.354090704963,-7.023165720504819,3638.9502560316755,2021.8042296187623
20,1.7103393581163142,6368.144757579166,32.32860994601998,3717.379837855808,1544.3098890434262
21,1.79585632602213,6326.736787861685,55.12452317455829,4123.021116605436,608.3065294179137
22,1.8856491423232367,6278.819680024453,60.75222761529472,4141.582534986594,1160.8321077262378
23,1.9799315994393987,6230.253823200249,56.93458260912837,3831.298832355561,1791.4419990183198
24,2.0789281794113688,6183.103916124747,51.10923768757477,3444.108757751424,1770.2156932600087
25,2.1828745883819374,6134.516784956936,48.69824331767306,3194.2756223717274,1386.5843516175405
26,2.2920183178010345,6081.02127751428,51.06461369561469,3158.2662118821886,936.6154889015561
27,2.406619233691086,6027.6302316645415,57.1035282358656,3334.6245758713685,683.907815622414
28,2.5269501953756404,5973.19281831066,65.2354662749367,3682.2477763151123,547.7323363597513
29,2.6532977051444226,5918.013001597787,74.08978228115853,4121.833885393818,510.30501234535365
30,2.785962590401644,5862.756325622714,83.12939046832109,4600.961422242187,511.19288236666836
31,2.9252607199217264,5807.945646528098,92.39038957457329,5105.668847450752,525.7120971453782
32,3.071523755917813,5754.247876546708,101.41673875164537,5597.707143312674,483.1444551096869
33,3.225099943713704,5701.0272627963295,110.01336326360712,6062.336237143464,438.85034892274734
34,3.386354940899389,5641.041605594759,118.09287222489992,6496.017851019316,416.9509183782481
35,3.5556726879443583,5574.324776670611,125.08993333451647,6868.027587686007,375.96936233274994
36,3.7334563223415764,5501.210091061519,130.5576375641668,7152.982150995876,340.2420870457626
37,3.9201291384586554,5422.679580516902,133.55089041020196,7295.3457282976515,382.05328717885754
38,4.116135595381588,5340.001279853035,133.90925986765157,7289.571051558733,572.3415783691912
39,4.321942375150668,5254.237098665974,132.29264952747533,7181.160692506086,725.319924649513
40,4.538039493908202,5163.410922598314,129.54309686979255,7017.920997319238,838.9519445402051
41,4.764941468603612,5067.886800167426,125.97656952028866,6816.980345616633,919.6849238883293
42,5.003188542033793,4967.929011275375,121.88965233327269,6592.52201098451,975.1112131798228
43,5.253347969135483,4863.7037849179105,117.51587016983835,6355.9964793372565,1008.3014940721505
44,5.516015367592257,4755.296339715171,113.02024896925278,6115.726648925703,1021.4106982751338
45,5.791816135971871,4642.766828906844,108.47684790840556,5875.062123637598,1011.239087182404
46,6.081406942770465,4526.208016671748,103.89370057783076,5634.385238606808,985.0673050193558
47,6.385477289908988,4405.846943900337,99.19816273074947,5389.577449248686,942.2209140258278
48,6.704751154404438,4281.882349214676,94.46886980821432,5143.81726130311,899.3555611512904
49,7.03998871212466,4154.464828421401,89.78291088280785,4900.156743650671,860.8744386310442
50,7.391988147730893,4023.8000488614935,85.13272746082565,4658.296870152067,830.171710737967
51,7.761587555117438,3890.1436495838866,80.51953172951659,4417.812930477152,805.003389203899
52,8.149666932873311,3753.7328908055088,75.98600020076461,4181.016486089983,783.9532106905226
53,8.557150279516977,3615.028670752288,71.44109633387944,3940.8399055041887,765.2808505925101
54,8.985007793492827,3475.1477436112514,66.61781964057052,3679.939316275708,774.9191769355631
55,9.434258183167469,3335.6989938099805,61.40730156313114,3391.3181230855675,865.9788949696256
56,9.905971092325842,3198.2621295804947,55.96056651029456,3083.96632789,1073.4779446561045
57,10.401269646942135,3063.93048150689,50.57439356860401,2777.808592056379,1318.4093022230231
58,10.921333129289241,2932.7667181407905,45.66039730757125,2499.232006483368,1561.1083614307474
59,11.467399785753704,2804.622672683435,41.2475087864476,2250.6424835291614,1876.4121743844628
60,11.467399785753704,2682.887439631318,38.0433156032949,2068.9089637668253,2136.1676720720397
61,11.467399785753704,2585.997113900844,35.622431405437524,1932.3724352548015,2409.017120767804
62,10.921333129289241,2508.240706421589,35.31422691432006,1911.8758010975357,2747.553357440979
63,10.401269646942135,2442.6425241385127,36.80236217455461,1990.3457014098242,3100.497874727901
64,9.905971092325842,2383.8697073487338,39.55379790095152,2138.114755091742,3279.7210767155866
65,9.434258183167469,2321.422828515065,42.84246945228024,2315.381404031184,3213.7566453880277
66,8.985007793492827,2256.2560808096227,45.57659545061723,2462.0546106805527,2859.799534780667
67,8.985007793492827,2189.2002466700724,45.531837578164286,2455.712632758858,2773.6666851009877
68,8.985007793492827,2122.841089049855,43.746392814379455,2356.9986749106633,2469.594319812169
69,8.985007793492827,2058.685854535758,41.06163669378576,2214.153195733903,2066.427433237944
70,8.985007793492827,1997.3980775053656,38.083846313607786,2060.4365621172437,1661.9404850311146
71,9.434258183167469,1937.3361010512751,34.5096083240252,1877.767934054415,1468.7649806851332
72,9.905971092325842,1879.1183076052416,30.92926701773676,1695.6546792278957,1267.029486489456
73,10.401269646942135,1822.8438316224958,27.643868784631792,1528.5598267570388,1089.9536022103805
74,10.921333129289241,1768.3474405816896,24.75304218953957,1381.0708742994218,948.0877172902409
75,11.467399785753704,1715.3792383102248,22.245877890953153,1252.5267105588139,839.6721850117613
76,12.04076977504139,1663.7070815607071,20.066165086007917,1140.1816035889465,758.0713669704769
77,12.64280826379346,1613.1652496163028,18.148145290797174,1040.859691037008,695.232085892557
78,13.274948676983135,1563.6613268987237,16.435932855095334,951.7809876878022,643.7864298066407
79,13.938696110832291,1515.1742783859593,14.885175836849847,870.8511830670463,600.2326793372366
80,14.635630916373906,1467.5924219878839,13.506507956927658,799.0251456982621,578.5419176521375
81,15.367412462192602,1420.7784963149027,12.287123806687209,735.6934996914362,578.2539948161092
82,16.135783085302233,1374.6619920566704,11.191931117811913,678.9417103943069,593.0578676819645
83,16.135783085302233,1330.3645408296165,10.437347983928058,641.997205431171,550.9947014070792
84,16.135783085302233,1287.2267192127435,9.868074284097736,615.489516265364,554.4563249701068
85,16.135783085302233,1245.094068310721,9.357412183336095,593.153480131866,557.8473198927662
86,16.135783085302233,1204.0802888226615,8.843609194345095,571.8762424924156,553.8817296892554
87,16.135783085302233,1164.3445683034117,8.318473130422651,550.3634831577098,529.3184434268019
88,16.135783085302233,1125.5842124272453,7.87794703949222,529.0924458168347,530.2610253028154
89,16.135783085302233,1088.7378273413358,7.488937181869681,507.47144279970416,525.4789464419092
90,16.135783085302233,1052.6297756958857,7.125119150766336,488.561401347335,502.04446692664135
91,16.135783085302233,1017.3823964368725,6.752703533517774,470.33366189253474,450.7920322098068
92,16.135783085302233,983.0421549225798,6.387294962321726,451.68126318658653,367.8428648362976
93,16.942572239567344,948.4846832342556,5.943319314107226,422.84972694558087,363.93663871067804
94,16.942572239567344,914.8473683526817,5.616570300247178,398.158665657597,327.50700795730893
95,17.78970085154571,880.933810504524,5.235964680955342,368.73170037106297,347.59688665478467
96,17.78970085154571,848.0494055667123,4.929196340871575,345.7244024531925,315.1954728415948
97,17.78970085154571,816.0611507147048,4.655211881716929,327.1050765430562,288.6580086731043
98,17.78970085154571,784.9537705102014,4.39516433399014,310.9221543813908,272.98519896922943
99,17.78970085154571,754.7321850981403,4.145641081708713,295.6192316946361,270.00307235498764
100,17.78970085154571,725.5638353898294,3.8846248977825484,280.6757114409126,212.16997849650315
101,18.679185894123,696.6728831932832,3.5577265358613888,259.7447526826225,157.4237516949375
102,19.613145188829147,668.2637109954162,3.2347652038082457,235.5147120799358,139.67152275617477
103,20.593802448270605,640.3290582735066,2.9410400355651185,211.19519350964703,160.22935694498406
104,21.623492570684135,612.8937301735049,2.6707995497180574,188.42014950755646,177.9824766238659
105,21.623492570684135,586.7687410473403,2.469164530379008,171.8147328139493,181.1942507125163
106,21.623492570684135,566.1175505241893,2.296254809956465,159.0322969235289,188.44307689756724
107,21.623492570684135,545.3537482666446,2.241530461700861,155.83215157120418,120.15725855678738
108,22.704667199218342,524.150285179574,2.116498844216279,148.13655228501108,120.35361031536635
109,23.83990055917926,507.06953829126644,1.9103364816607187,134.26637614801277,161.65024190990138
110,22.704667199218342,491.47460869300284,1.8313684578354734,128.45595041035352,164.16870683462918
111,21.623492570684135,479.0542251842815,1.801763109734306,125.47793551552937,180.278316454783
112,20.593802448270605,466.65617087106455,1.8334467193258328,126.72966914586381,166.17991158185117
113,19.613145188829147,456.60470320525417,1.836177293084505,126.26710693533093,186.57425920090944
114,18.679185894123,448.39618282165094,1.8523386424493524,127.09256920757801,192.15499565583463
115,17.78970085154571,440.4210330539373,1.8896599233331446,129.62016235716294,190.1843395229554
116,16.942572239567344,433.91693510567217,1.9037163996046471,130.72071315414476,210.74962017814914
117,16.135783085302233,428.60256854066455,1.9214852664884303,132.17825344605043,225.5771332151109
118,15.367412462192602,424.09247034988044,1.956563692545243,134.84019910735074,231.7185016678122
119,14.635630916373906,419.690732106959,2.005032908191571,138.3360978557595,235.9052913143877
120,13.938696110832291,415.4117657541511,2.046564623062956,141.20560289476796,248.9780511202691
121,13.274948676983135,411.30364908628206,2.0630923040739293,142.24226119126718,276.72390361077487
122,12.64280826379346,407.3857697041075,2.0659330851329525,142.3246045935904,306.6859656121051
123,12.04076977504139,403.65136415427276,2.06764496490111,142.41079973803755,332.73957523680156
124,11.467399785753704,400.0800268160724,2.076226174444611,143.07464536055627,353.11326312332676
125,10.921333129289241,396.65031798656696,2.0935837465407614,144.39450885390326,369.2513933055172
126,10.401269646942135,393.34387695281634,2.119254761507269,146.26825287744964,382.5580937282852
127,9.905971092325842,390.14800512766203,2.1508050012585715,148.5047717537663,394.4089980198501
128,9.434258183167469,387.0545259538462,2.1859900473043985,150.98060072456232,405.307496925688
129,8.985007793492827,384.05856603648465,2.2229325310332855,153.59969879044198,415.6574912282775
130,8.557150279516977,381.1404323199644,2.2734466663944093,157.17718476124787,420.500631500894
131,8.149666932873311,378.2767560844591,2.3425711824318642,162.0435524201917,420.18454813055405
132,7.761587555117439,375.4445720415437,2.432650127140806,168.27968252496595,415.5621177016499
133,7.391988147730894,372.62664147344447,2.541427747431197,175.7767305875058,407.9107856308646
134,7.039988712124661,369.73340301430983,2.6600131455351783,184.27482267579282,398.73229104412343
135,6.7047511544044385,366.7668545899635,2.7803730465565604,193.41834878844494,389.2849581164588
136,6.385477289908989,363.73170593006233,2.8999043244527867,203.1176144981942,379.55557191432774
137,6.081406942770466,360.6351555861934,3.0160179485188086,213.38294692230346,369.58011870878283
138,5.791816135971872,357.4858333061429,3.1269789416090337,224.35884865313304,358.89698035862193
139,5.516015367592258,354.2911212572154,3.233639825508531,236.33270097404636,346.9593995914161
140,5.253347969135484,351.0566375867815,3.337466864254483,249.5957558804425,333.50376874285496
141,5.003188542033794,347.7859414926628,3.440362984045352,264.2586612077529,318.7543696719456
142,4.764941468603613,344.55226380237895,3.4674713287592933,274.77292567926906,286.7711532432511
143,4.764941468603613,341.6396080358731,3.032271499837146,252.96868485643466,195.25767267935663
144,5.003188542033794,338.98387388117004,2.556448209282144,227.77045919668936,144.62078695222635
145,5.253347969135484,336.60342597956594,2.1187736199746414,198.39466045217125,82.45628315350851
146,5.516015367592258,334.35385453215633,1.8513952426891895,178.1633584711465,84.22986106640485
147,5.791816135971872,332.07859880221474,1.7314224537305063,166.38060598656048,93.51538945965505
148,6.081406942770466,329.6443213336639,1.7128383735011874,160.69266582239803,101.62332011686296
149,6.385477289908989,327.0432562208773,1.743043516613582,158.19511387971372,104.928025884962
150,6.7047511544044385,324.25406286599275,1.7801079037871401,156.79483504016414,102.87819115525475
151,7.039988712124661,321.3011635890881,1.7948453781619491,154.68888622740155,97.22019690157035
152,7.391988147730894,318.1474808946681,1.7724332098272602,150.93832921834698,89.68833668170761
153,7.761587555117439,314.86038344882456,1.7081969375525776,144.9779835689545,82.05740144703229
154,8.149666932873311,311.5191334440996,1.6054907532941365,136.89944327878644,76.72703918805978
155,8.557150279516977,308.1990376103679,1.4751049900229052,127.19563895580644,75.07523131109745
156,8.985007793492827,304.9567596663521,1.331974868354093,116.21242893822601,75.65130339621108
157,9.434258183167469,301.82038073929436,1.191373106030618,104.81882330076553,76.49126460126412
158,9.905971092325842,298.83716993160266,1.0477958762281654,92.37095406535204,79.34739267625666
159,9.905971092325842,296.13576895505844,0.9211801456298007,80.57242997105156,80.25896539401185
160,9.905971092325842,293.64911061727025,0.8232550621617857,70.74678414133538,76.99239282032494
161,9.905971092325842,291.292009267254,0.7576337689592382,63.58746378648788,73.13114733813822
162,9.905971092325842,289.04367686198634,0.7226725970286332,59.21443551245563,72.25875728869846
163,9.434258183167469,287.21349707556817,0.7266833252479578,58.13401647262862,73.99995414919312
164,8.985007793492827,285.6251094771605,0.7790732652587335,61.167146194973405,80.80583021932853
165,8.557150279516977,284.1808138866905,0.875081036254217,67.95164217368809,88.69113536897883
166,8.149666932873311,282.8420061872296,1.0020300867494036,77.59475449400784,93.07690414151175
167,8.149666932873311,281.46095756719774,1.1297382918893402,87.65252740338065,95.2046355568441
168,8.149666932873311,279.9455527459808,1.2396456065413775,96.41421170985312,92.16540658779635
169,8.149666932873311,278.33682161266375,1.3159892680832455,102.57807165232815,83.47686577271892
170,8.557150279516977,276.6225674890084,1.3355334955054865,104.53129285669996,73.17313729795426
171,8.985007793492827,274.8181283424731,1.2998561654433607,102.01791568902084,66.4723093024754
172,9.434258183167469,272.9833768433327,1.222091674681472,96.15543376896137,64.05853645071028
173,9.905971092325842,271.1646713006665,1.120114452638646,88.4588510394986,65.28984458242567
174,10.401269646942135,269.40504918626965,1.0020580890188262,79.55954989407542,69.97132349984336
175,10.401269646942135,267.78678284037403,0.8947181852639859,71.44531579652497,74.92897306928226
176,10.401269646942135,266.53017651333937,0.8054185496503923,64.73786302798977,77.84245669165503
177,9.905971092325842,265.3830788983998,0.7495055217477925,60.32837158085708,70.24560097230665
178,9.905971092325842,264.2634281079612,0.7102640383188584,57.11945879064304,65.37822051636599
179,9.905971092325842,263.1430213732858,0.6900423113594011,55.54386489817356,63.76291446685483
180,9.905971092325842,262.03392511138264,0.683076354682682,55.05231850727183,64.7985938346555
181,9.905971092325842,261.01861960600456,0.6832952878724096,55.21295252931678,66.7374655489186
182,9.434258183167469,260.02638860628764,0.7011545797259969,56.79031214533753,68.49330650565031
183,8.985007793492827,259.0397695572022,0.7320483719559514,59.37844197460589,69.12200357976677
184,8.985007793492827,258.01406221564145,0.7610509752357368,61.870352565234846,68.56458669585058
185,8.985007793492827,256.9247445149388,0.784707166270047,64.02471553096699,66.14555000663529
186,8.985007793492827,255.81504563349185,0.7993890708944255,65.53489529063118,62.74038620354852
187,8.985007793492827,254.69719517428973,0.805261188346174,66.36914125195607,59.988235906741615
188,8.985007793492827,253.58325861064844,0.8024417520214273,66.55659872154352,58.45714498309309
189,8.985007793492827,252.48586679744778,0.7905234804038301,66.18941082947495,57.895710416402814
190,8.985007793492827,251.4247198376225,0.7644139292914736,65.22558439465384,58.336322907491
191,8.985007793492827,250.38049015775735,0.7303177671511473,63.9205045360519,58.72906448989196
192,8.985007793492827,249.35873092302444,0.6937886332608351,62.373010684667875,58.4975436596202
193,8.985007793492827,248.3710341330831,0.6511259832675912,60.73641382369319,58.601899231331466
194,8.985007793492827,247.43180840707544,0.601137940292505,59.13762385181054,59.35320280508448
195,8.985007793492827,246.56630792874805,0.5539511540803652,57.71628135501813,58.44315000208773
196,8.985007793492827,245.74847329862962,0.508197390613884,56.46616431013583,57.09281420454525
197,8.985007793492827,244.96885564432588,0.4703394152994619,55.37549194587114,55.578130318731986
198,8.985007793492827,244.23908178740416,0.4402689026736902,54.29987850836569,54.51399009409161
199,8.985007793492827,243.54639195157054,0.41789629900155056,53.25448448808273,53.80536414365606
200,8.985007793492827,242.87897658622958,0.40264833789156307,52.25373830852372,53.237798637620806
201,8.985007793492827,242.22577225872058,0.39407489014078134,51.39547565933027,52.65145054167074
202,8.985007793492827,241.57812192887133,0.3907241912471795,50.81790797131425,52.02490397110197
203,8.985007793492827,240.9333131696254,0.3890098859734861,50.54063624487461,51.405137369239114
204,8.985007793492827,240.37189517416158,0.3984713611817545,54.54931883381323,74.32715044480851
205,8.557150279516977,239.80537050929706,0.4099035514067342,57.7887931700131,45.484035160543215
206,8.985007793492827,239.2509772770603,0.4113468754312566,59.47581036885908,35.954722348377906
207,9.434258183167469,238.67854187923112,0.40450832608512793,60.30067320040879,32.91241085306053
208,9.905971092325842,238.0987206222207,0.3902166693915161,60.086469804122764,31.63455210317621
209,10.401269646942135,237.51989114861826,0.3709992422400727,59.23277521346637,30.82316449289865
210,10.921333129289241,236.93011804904754,0.3495270742275373,57.83969184370851,30.47541582406521
211,11.467399785753704,236.3338342761034,0.32675506540906635,55.49669554048996,31.672897634041906
212,12.04076977504139,235.7364330631942,0.30269755588467767,52.22074320307223,32.61320752049772
213,12.64280826379346,235.14249807205076,0.27826283313238387,48.42365605378533,32.77941803412155
214,13.274948676983135,234.5559828641726,0.254079159576669,44.40036361142492,32.558673600512165
215,13.938696110832291,234.06705279408223,0.23384782727769476,42.977284340016084,71.42246203477646
216,13.274948676983135,233.6182633130564,0.21881713862994698,41.84139122858127,42.53298920535194
217,13.274948676983135,233.18368241872045,0.20571789423637832,41.076511906784155,35.31314982833202
218,13.274948676983135,232.77485793458246,0.19352556241026603,40.63380002885055,32.67028044446278
219,13.938696110832291,232.37901213507874,0.17845888802084167,39.951632731806704,32.69049892258979
220,14.635630916373906,231.99374400532128,0.16060116919535744,39.04409083682207,33.93262977794871
221,14.635630916373906,231.6495953704492,0.14346027835789116,38.30842278032785,33.67607677438247
222,14.635630916373906,231.34321389425816,0.127716827569018,37.68120902533612,32.49764998466644
223,14.635630916373906,231.07039021105916,0.1137280743504697,37.02131822028752,31.2176504304518
224,14.635630916373906,230.82595688231555,0.10189339671372255,36.31951950694139,31.14562367447593
225,14.635630916373906,230.6052479249772,0.0920037601416577,35.63290514240447,32.221556763802504
226,14.635630916373906,230.40484525871534,0.08353896942314112,34.98922858392137,33.54951805564353
227,14.635630916373906,230.22261366414924,0.07596425681532169,34.38211398381438,34.31557136882088
228,14.635630916373906,230.05766115607264,0.06876137321676137,33.79753450256531,34.352163396285036
229,14.635630916373906,229.93077076285957,0.05779976002321779,33.0377119625805,36.43190674941486
230,14.635630916373906,229.82099326979733,0.04854822725010312,32.55355456779079,34.27645066905211
231,14.635630916373906,229.7290631637947,0.03947122486648457,31.714576861909833,30.45056750665754
232,14.635630916373906,229.65815586438876,0.02955810332986937,30.473046314668043,28.676088382427526
233,14.635630916373906,229.61001960464506,0.019481425643912885,29.0072325046045,27.738600469002403
234,14.635630916373906,229.58072589579461,0.01151027048350005,27.60749143946897,25.767007567367433
235,14.635630916373906,229.56723277491994,0.005147381469488662,26.264969522094287,25.556524632939958
236,14.635630916373906,229.5670235653335,7.980967178039656e-5,24.77842818642379,25.929658726381675
237,14.635630916373906,229.57740617675356,-0.0039607783940638006,23.287533211146567,26.030924611424815
238,14.635630916373906,229.59658691642852,-0.007317105130184842,21.937872547866533,25.667388151354437
239,14.635630916373906,229.62385768934868,-0.010100297507207796,20.83551822579946,25.146412696948207
240,13.938696110832291,229.6563085720488,-0.012619801761089278,20.25729023848957,24.687743703693553
241,13.274948676983135,229.6932621987763,-0.015089414373196854,20.215836514147696,24.880937574952167
242,12.64280826379346,229.72820922585703,-0.017627711218651834,20.649573947468728,25.541567110436755
243,12.04076977504139,229.76523128693606,-0.020498169563753856,21.661715812935196,27.148593756152742
244,11.467399785753704,229.80518490625295,-0.02322736340321511,23.11532738985719,27.762864971478805
245,10.921333129289241,229.84375633013744,-0.023545003421494334,24.82743532143573,27.757442523983276
246,10.921333129289241,229.8816971426268,-0.02248549686795401,26.054254912193855,26.689217706905556
247,10.921333129289241,229.91788305891896,-0.021445463448545848,26.672794609382755,24.85615064948974
248,10.921333129289241,229.9539071722498,-0.021349571459557657,26.70720698544927,23.22828436749842
249,10.921333129289241,229.99099329124434,-0.021978965598954917,26.24191032434986,22.604839958513136
250,10.921333129289241,230.03141112950027,-0.023255823286374523,25.40361545737385,22.906072582794728
251,10.921333129289241,230.07631896886923,-0.025086702115642564,24.358534005501497,23.495279907333025
252,10.921333129289241,230.12511833761258,-0.02726061294203921,23.241925025838917,24.094020921100235
253,10.921333129289241,230.17799898870848,-0.029540524780543267,22.282626438444495,24.09094053753878
254,10.921333129289241,230.23476635627796,-0.03171174699384331,21.59745284862378,23.864850385580503
255,10.921333129289241,230.29513162537035,-0.03372162956698575,21.20717502899105,23.771249226271088
256,10.921333129289241,230.35889753403748,-0.03562131641941908,21.07319187536615,23.862660475445303
257,10.921333129289241,230.4255816428651,-0.037251499905371174,21.08140816938323,23.948622905523603
258,10.921333129289241,230.4947803011308,-0.038656193464474735,21.16945918240412,23.99598723624467
259,10.921333129289241,230.56609417014192,-0.03983780590954367,21.271291897572002,23.96763869740689
260,10.921333129289241,230.63922736899346,-0.040854131486451686,21.355842733876557,23.935074451265088
261,10.921333129289241,230.7071471222607,-0.041459989339570055,21.40813179373831,24.589900946203436
262,10.921333129289241,230.77453941431006,-0.041138013251385115,21.373379427784272,26.788749399862315
263,10.401269646942135,230.84004407094375,-0.041985038914951624,21.442578773413768,27.358486878825396
264,9.905971092325842,230.90512427589553,-0.04252294864239986,21.613832934430512,25.838550178215563
265,9.905971092325842,230.9704731041593,-0.04145482060885198,21.537347401208454,24.05793914164523
266,9.905971092325842,231.0335480939775,-0.03884697442084865,21.16710458719186,23.239479756204666
267,9.905971092325842,231.08567548549027,-0.035081461492313164,20.539153678478968,23.766982688090707
268,9.905971092325842,231.13188125102752,-0.031096238222847836,19.93990309577536,24.8678227847097
269,9.434258183167469,231.1764498568191,-0.03149416020217717,19.63738786101644,25.53561850129287
270,8.985007793492827,231.2209671964145,-0.0330308298880209,19.750383013175345,25.21576441181496
271,8.557150279516977,231.26712134090772,-0.03491025832886553,19.999860643598318,24.172926000384077
272,8.149666932873311,231.3146377351633,-0.03663851885891898,20.323876141090796,22.914593270100568
273,8.149666932873311,231.36483362819516,-0.03757728442193863,20.44865438282997,22.05433139492686
274,8.149666932873311,231.41524362328622,-0.037737563948304895,20.284194563823227,21.754949285283434
275,8.149666932873311,231.46477838189867,-0.03708235078037677,19.95244275282738,21.731133027252795
276,8.149666932873311,231.51205785045175,-0.03539401193650623,19.52077205703043,21.768050158186327
277,8.149666932873311,231.55632402052376,-0.03313821833986375,19.09954995286283,21.842808836355836
278,8.149666932873311,231.59825500844272,-0.031390071257686454,18.836875835850847,21.96499233771034
279,8.149666932873311,231.63406748563867,-0.02929565710357398,18.560744347042352,22.431633730033457
280,7.761587555117439,231.66474838901038,-0.026352773109664045,18.501327510229384,22.400200586346287
281,7.391988147730894,231.69014896069757,-0.02290820022950128,18.54449488493376,22.11011445195081
282,7.391988147730894,231.71441559548046,-0.02188552822131494,19.00508136904024,22.601844945665118
283,7.391988147730894,231.7403465270317,-0.023386519776978094,19.710215258738796,23.05681859984742
284,7.391988147730894,231.77018479394255,-0.026126657309435627,20.416328952888048,22.46874156590631
285,7.391988147730894,231.80499336377406,-0.02959097053934714,20.547744483941592,21.842644210445012
286,7.391988147730894,231.84417153230245,-0.03330559216641842,20.25619039088583,21.866933846511458
287,7.391988147730894,231.88507388608375,-0.036888906352804424,19.61282350633199,22.304302911982347
288,7.391988147730894,231.9293172664223,-0.03990210252358162,18.819768129039396,22.782046851897658
289,7.039988712124661,231.9740593225985,-0.04236943931356208,18.20342751448759,22.678431446755273
290,6.7047511544044385,232.01966875299678,-0.044029474390255785,17.88235811946394,22.194360773915086
291,6.385477289908989,232.06507669507667,-0.04468613021215785,17.861049520222057,21.54832508119763
292,6.081406942770466,232.10923160953507,-0.0442967688962046,18.07172886594116,20.89053841289552
293,6.081406942770466,232.15163802745556,-0.04254265504489175,18.290286728697176,20.60378873747588
294,6.081406942770466,232.1912899153375,-0.039779275655827125,18.4626403703939,20.510993382238336
295,6.081406942770466,232.22759470152212,-0.036421420880686166,18.537660235537615,20.527770501717168
296,6.081406942770466,232.26057904491284,-0.03309031065487866,18.519494487149156,20.63757021904281
297,6.081406942770466,232.29060691788885,-0.03012434212534046,18.427954293058754,20.786097391415932
298,6.081406942770466,232.31839477347046,-0.027877128331369485,18.303411646733466,20.953226708291815
299,6.081406942770466,232.34507387976984,-0.026764817021852436,18.189132200445872,21.129940327092807
300,6.081406942770466,232.37187016967945,-0.026882377102326455,18.109688240610105,21.296403846704525
301,6.081406942770466,232.3997732932487,-0.027992766635276507,18.04568607496694,21.438272898016223
302,6.081406942770466,232.42962092303665,-0.029943519878380283,17.98704503343302,21.512222562975683
303,6.081406942770466,232.46132089225495,-0.031801810233225265,17.911328984101242,21.54834126168741
304,5.791816135971872,232.49262326167826,-0.03297307974244706,17.94556200737715,21.4432919359835
305,5.791816135971872,232.5285738467815,-0.03786938596787552,18.012129725047505,21.575665610479263
306,5.791816135971872,232.57006152528217,-0.04370201223521748,18.08721947336495,21.6689244673632
307,5.791816135971872,232.61555772831892,-0.04792448489829623,17.995747122369654,21.632179211025413
308,5.516015367592258,232.66182252890394,-0.05117081027452153,17.92376552540203,21.477097558681514
309,5.516015367592258,232.70962927731526,-0.0528762692558476,17.69075112049236,21.48348666648582
310,5.253347969135484,232.7561940952256,-0.0540777741235283,17.496883390515496,21.285708374035142
311,5.003188542033794,232.7994232720203,-0.052714144525896206,17.488680720766478,21.108152144984743
312,4.764941468603613,232.83652664982714,-0.04750649013926217,17.535256600971795,21.090939747033225
313,4.538039493908203,232.86923901605067,-0.04397853470617857,17.6544094768901,20.708644681700015
314,4.538039493908203,232.89994662599622,-0.04128333855499579,17.803877567580173,20.398295158184787
315,4.538039493908203,232.92894854458592,-0.0389902055548618,17.975430105044843,20.081193622779658
316,4.538039493908203,232.94919690692086,-0.029746123279334923,18.219352109155903,20.503411076669458
317,4.538039493908203,232.96453860216118,-0.02253791938283207,18.537192006522233,20.25859564975603
318,4.538039493908203,232.9755181667146,-0.016129673864547615,18.939408085600206,20.198233574924572
319,4.538039493908203,232.98700800817372,-0.016879302871830128,19.12591329085336,19.916677086054232
320,4.538039493908203,233.00043240958485,-0.019721293639515716,19.232942475240993,20.0575204465516
321,4.538039493908203,233.01612839553107,-0.023058394808609686,19.280278354751854,20.08890900198242
322,4.538039493908203,233.03433938383685,-0.026753092138073104,19.23649507021378,20.093879459227345
323,4.538039493908203,233.05500710227219,-0.030362183879741402,19.019965111483863,20.06930810960853
324,4.538039493908203,233.07792093104297,-0.03366186184084911,18.664323619055665,20.06423110351324
325,4.538039493908203,233.10283828218687,-0.036605162761638846,18.21615444115821,20.065377776913717
326,4.538039493908203,233.12944381501381,-0.03908520828972385,17.702321622952827,20.07215745576598
327,4.538039493908203,233.156970670021,-0.040438688768652045,17.173603631638528,20.06182011342254
328,4.538039493908203,233.18324445056894,-0.038597843236372165,16.645029020301475,19.97879047839093
329,4.321942375150669,233.20682297735888,-0.0363702624781243,16.285611377904495,19.737141112387924
330,4.116135595381589,233.22811703470413,-0.034488752620475,16.086346002727296,19.461653804306238
331,3.9201291384586563,233.24751698112357,-0.032992019283438465,16.04446389093486,19.109815985294976
332,3.9201291384586563,233.26610443858277,-0.0316102808568955,15.983630073074691,18.784476264917124
333,3.9201291384586563,233.28412162731232,-0.030640468027227957,15.873490849830441,18.467874805270323
334,3.9201291384586563,233.301772928202,-0.03001823029522775,15.67697457181386,18.298850449585704
335,3.9201291384586563,233.31902702223135,-0.029342730676994597,15.383233110916278,18.240704429546426
336,3.9201291384586563,233.33585843204088,-0.028623903643605588,15.026914106927736,18.339670757227193
337,3.7334563223415773,233.35158895106102,-0.028089287177261193,14.714233214597291,18.315145432411875
338,3.555672687944359,233.36647649820816,-0.027913231341658375,14.481481377550383,18.241572186864293
339,3.3863549408993894,233.38053595984573,-0.02767865326760083,14.33847931272451,18.064580171050114
340,3.2250999437137042,233.3939013217397,-0.02762779888384254,14.277246271176802,17.83975236684059
341,3.0715237559178132,233.4068346985113,-0.02807157575976604,14.265810436730455,17.5981582760249
342,2.925260719921727,233.42012649363448,-0.030291989662200338,14.333758459490616,17.382079595778333
343,2.7859625904016445,233.43422799491302,-0.03374417475988529,14.461951262684341,17.133617276090384
344,2.7859625904016445,233.4453733292334,-0.026670217704547205,15.30554994757158,17.390227504094653
345,2.7859625904016445,233.45434613071788,-0.021471457214739195,16.08077137410974,17.09739989283459
346,2.7859625904016445,233.46158253325558,-0.017316342922996834,16.80007702531307,16.981403968412582
347,2.7859625904016445,233.46732556212453,-0.013742775748842974,17.462290181430973,16.964398899156798
348,2.7859625904016445,233.47154644179673,-0.010100350202764159,18.064444743408433,16.971679086770422
349,2.7859625904016445,233.47416459268302,-0.006265101800758346,18.5961179692387,16.99156564677367
350,2.7859625904016445,233.47510844979874,-0.0022586020332985906,19.049247163022542,17.00808736737669
351,2.7859625904016445,233.47440204538847,0.0016903897956713247,19.3885004560702,17.011690436367243
352,2.7859625904016445,233.47216086920804,0.005363020518973884,19.5700747644216,16.998840941852247
353,2.7859625904016445,233.46859838301106,0.00852484813014467,19.604588972476925,16.948062358520975
354,2.7859625904016445,233.46411110137504,0.010737836541630665,19.4993278066206,16.873598535613983
355,2.7859625904016445,233.45940303518614,0.011266162737813327,19.28240660582847,16.786654042491474
356,2.7859625904016445,233.45567041590144,0.008931967949257805,18.99260430262226,16.752390709566328
357,2.7859625904016445,233.45239101465216,0.007847440259967127,18.680959866604994,16.82170816841055
358,2.7859625904016445,233.45055240469506,0.0043997000384548455,18.375433942474903,16.649932337787654
359,2.7859625904016445,233.45006214126698,0.0011731754270549485,18.065262677525066,16.42327044077626
360,2.7859625904016445,233.450238524948,-0.00042207716961439385,17.7283339832104,16.122060827545535
361,2.7859625904016445,233.45029528723467,-0.00013187307077578857,17.34487614650935,15.772950288636478
362,2.7859625904016445,233.4493152795408,0.002210489703567594,16.883075023207766,15.490305032829651
363,2.7859625904016445,233.44642248415497,0.006334896188675288,16.35124026322724,15.25405599782365
364,2.7859625904016445,233.4409774439956,0.011822898980715143,15.76446253152286,15.07710534199558
365,2.7859625904016445,233.43291762428538,0.01774607642591067,15.093425491341419,14.965968058267785
366,2.7859625904016445,233.4235062487416,0.020889383021729893,14.292919617206593,14.972431194916776
367,2.7859625904016445,233.41307122529446,0.023198323716486887,13.566568765883895,14.948639216803356
368,2.7859625904016445,233.40200651309982,0.024622170279702673,12.933809754454034,14.9340852815121
369,2.7859625904016445,233.39064538410045,0.02526116313185306,12.380614221595447,14.946275497526498
370,2.653297705144423,233.3799961884484,0.025094670343003302,11.960095683658464,14.807762692958145
371,2.526950195375641,233.37293334216307,0.017589609717619522,11.696105849569022,14.711839719957391
372,2.4066192336910865,233.37087228489506,0.005457799471896349,11.703012549338846,14.527979452270616
373,2.2920183178010345,233.37345381249915,-0.007178862515754858,12.072606451440654,14.10281939521105
374,2.2920183178010345,233.3805663524177,-0.019602594851263453,12.698445647292697,13.815249587327983
375,2.2920183178010345,233.39160651622527,-0.030877094015997208,13.438601097559422,13.614029254848687
376,2.2920183178010345,233.40443103669242,-0.04031354020105326,14.250130894917074,13.49348776826645
377,2.2920183178010345,233.4198408732137,-0.047797314607410435,15.097418346166325,13.455390223756073
378,2.2920183178010345,233.43778525071386,-0.052950600034107724,15.869588532858785,13.472787517437602
379,2.2920183178010345,233.4570500253365,-0.05603438237015595,16.483354815881146,13.536768538807225
380,2.406619233691086,233.47751943888582,-0.05670309415166174,16.81633685430027,13.802408592800225
381,2.5269501953756404,233.49824586032102,-0.054680991795549264,16.871577615638568,14.134125340024713
382,2.5269501953756404,233.51740439350138,-0.05054454764043336,16.787638194134985,14.343458241407209
383,2.5269501953756404,233.5343688738667,-0.04475613962491077,16.632102869623683,14.435541647824115
384,2.5269501953756404,233.54891568681964,-0.03837778567839813,16.47838164774656,14.45582587080874
385,2.5269501953756404,233.5609660575023,-0.03179160582563924,16.29718846962098,14.405896430915002
386,2.5269501953756404,233.5707447107761,-0.0257983010287217,16.137552398718665,14.287357763369297
387,2.5269501953756404,233.57903131224398,-0.021907270444774814,16.066369106185046,14.198970608457769
388,2.5269501953756404,233.58608457279195,-0.018656646881278424,16.057794384750498,14.094478202982552
389,2.5269501953756404,233.59191310688237,-0.015431454773205684,16.04286865283267,13.994446507158624
390,2.5269501953756404,233.59660132313144,-0.012451133841492457,15.992939394386562,13.9215460910581
391,2.5269501953756404,233.6001676571789,-0.009538330778678904,15.881049439770576,13.879200120884054
392,2.5269501953756404,233.6031909214374,-0.00819205039797879,15.675198586287319,13.882059143949519
393,2.5269501953756404,233.60853536951302,-0.014681653737853554,15.461707105253286,14.28508662948124
394,2.5269501953756404,233.6156791202902,-0.019547220186391438,15.52282806545203,14.30893971309551
395,2.5269501953756404,233.6254856677663,-0.025976572452574488,16.034811026598696,14.357730258202768
396,2.5269501953756404,233.63767601332026,-0.032160891223237266,16.998128488548513,14.154901310848079
397,2.6532977051444226,233.65237927203532,-0.03694335715795438,18.079324186967582,14.081851275768503
398,2.785962590401644,233.6687369213639,-0.0391430221991366,18.963806155273918,14.137023906763845
399,2.9252607199217264,233.68592631205246,-0.03917460660701126,19.475229209663176,14.373973205762002
400,3.071523755917813,233.703135435963,-0.03735197962060442,19.544127644541067,14.727681726332955
401,3.225099943713704,233.72042906962267,-0.03574800566718539,19.186834981742116,15.113876898276427
402,3.386354940899389,233.73747361693972,-0.03257800689358798,18.56670175586363,15.510625721320258
403,3.386354940899389,233.75263261133708,-0.028130160314655483,17.898122416072074,15.66997066729664
404,3.386354940899389,233.765232524122,-0.02270032782550311,17.232828421944923,15.805990083852224
405,3.386354940899389,233.7744646217822,-0.016148335184919975,16.598598790884633,15.911666097865263
406,3.386354940899389,233.77953419694248,-0.008683928814437714,15.961104857542,15.935141940067487
407,3.386354940899389,233.78042689607318,-0.0015344737563428308,15.335656097814047,15.905718277338297
408,3.386354940899389,233.77758321692596,0.004906919312334542,14.75744289109257,15.844528349441656
409,3.386354940899389,233.77144973618812,0.010632870213162803,14.236687642980506,15.771177955802187
410,3.386354940899389,233.7624349401853,0.01569795368558727,13.770787112765355,15.700753645088943
411,3.386354940899389,233.75081272180336,0.020283491156768148,13.345592578365874,15.665849997740516
412,3.386354940899389,233.7368799326229,0.024248738503600008,13.02715781442764,15.70928992256337
413,3.225099943713704,233.7215762161075,0.028115288955531288,12.844155475564653,15.62612518595926
414,3.071523755917813,233.70515151465395,0.031901716241305084,12.767939165294512,15.519212288532469
415,2.9252607199217264,233.68764415001544,0.036039638940959844,12.744522407756719,15.37502682939851
416,2.785962590401644,233.66916760975602,0.04060259057789746,12.735097686424481,15.12278383284093
417,2.785962590401644,233.64897568861576,0.044780988281193874,12.67134466760639,14.984725894155622
418,2.785962590401644,233.62746926938215,0.04806157829288842,12.487502338423758,14.870819919459834
419,2.785962590401644,233.60515828905935,0.05010099024905836,12.170126411295833,14.799163863146601
420,2.6532977051444226,233.58348088038247,0.05173476920152537,11.847549981039315,14.621064196198324
421,2.5269501953756404,233.56231940818074,0.053734426614201185,11.57295424767864,14.42901526719537
422,2.406619233691086,233.54196092200752,0.05474078629591488,11.4146136265809,14.307612940766061
423,2.2920183178010345,233.5228913900771,0.05452689294387929,11.64453057048477,14.127044516254426
424,2.1828745883819374,233.50477302059144,0.05455559226399307,12.359554349615669,13.675837861063716
425,2.1828745883819374,233.48642780123566,0.05523037544912004,13.279502193265214,13.268750751085825
426,2.1828745883819374,233.4694653310677,0.05673327665251766,14.062715330784997,13.016990253581287
427,2.1828745883819374,233.45187019996771,0.05934719121585705,14.577726300967578,12.93793544199671
428,2.1828745883819374,233.43299981900506,0.06290489655186315,14.750056025281635,12.957603851303764
429,2.1828745883819374,233.41334057069696,0.06625578454526287,14.589505149729677,13.010232389670294
430,2.1828745883819374,233.39364151964705,0.06681079447274067,14.0753401585653,13.086984565717842
431,2.1828745883819374,233.3742633028376,0.06675878279324593,13.453286965133673,13.152479663374963
432,2.1828745883819374,233.35548542154154,0.06551548609324614,12.785414210387106,13.283900891034255
433,2.1828745883819374,233.3367525563545,0.06464473397041676,12.190592025721724,13.430558106539852
434,2.1828745883819374,233.317815855584,0.06458006653815421,11.678469763747426,13.590293424229797
435,2.1828745883819374,233.2985273388879,0.06507179974274015,11.221077697689784,13.738174163818755
436,2.0789281794113688,233.2799435616757,0.06634841989594054,10.847794201530853,13.630623120912835
437,1.9799315994393987,233.26205882816657,0.06810111531889182,10.575778832103303,13.419299687514199
438,1.8856491423232367,233.24429650494284,0.07053176904645284,10.435288123327846,13.118031501596237
439,1.79585632602213,233.22652211168767,0.0739009587903195,10.428993919185384,12.77175160753494
440,1.7103393581163142,233.20862127396822,0.07818389619887695,10.51892478808261,12.39406794218295
441,1.7103393581163142,233.19006254037865,0.08263028238973641,10.630681101530902,12.15813403311273
442,1.7103393581163142,233.1707635535799,0.08713657349406816,10.755738596636471,11.989245613158772
443,1.7103393581163142,233.15039402880578,0.09176998678665504,10.914540731510451,11.665432076787932
444,1.7103393581163142,233.12917381870784,0.09597126143229888,11.110726520078007,11.282149574968946
445,1.7103393581163142,233.1069292815638,0.09990246545392324,11.361365833210959,10.89735606177863
446,1.7103393581163142,233.0867032359188,0.10393043327712925,11.682416787910384,10.517159366233361
447,1.7103393581163142,233.06586028872738,0.10795667659202983,12.115841171532615,10.248718737323722
448,1.7103393581163142,233.04321741831725,0.11234016814486433,12.648538913749533,9.983509586230774
449,1.79585632602213,233.01762916535702,0.11626606318719766,13.153529973448393,9.852223560159965
450,1.8856491423232367,232.98921615782524,0.11927707713369375,13.558934720601583,9.779333394589349
451,1.9799315994393987,232.958405719104,0.12091242522349634,13.813476805998496,9.698454167581016
452,2.0789281794113688,232.92575822526132,0.12128878575562144,13.896836688979434,9.586608145080383
453,2.1828745883819374,232.89185547592754,0.12056848742022332,13.826063924315045,9.37358458358346
454,2.2920183178010345,232.85715656128664,0.11901845715016049,13.652422810571354,9.103378294011108
455,2.406619233691086,232.8220240861457,0.11678864017800099,13.416122100294468,8.800179917380285
456,2.5269501953756404,232.78666321181478,0.11420890461177018,13.150812501584824,8.468552869846926
457,2.6532977051444226,232.7511311774845,0.11147530079519685,12.893822232922824,8.117665306606353
458,2.785962590401644,232.71532822009092,0.10886921412185172,12.669654527064408,7.755097854056177
459,2.9252607199217264,232.67910461637248,0.10645261582636298,12.485242337587414,7.388140731237285
460,3.071523755917813,232.6423770081169,0.10408495740530938,12.330396428923612,7.022438356356498
461,3.225099943713704,232.60514319967902,0.10160800559661147,12.195302996158322,6.66494627172521
462,3.386354940899389,232.56752548688706,0.0987814005715047,12.070102817966566,6.323654384199007
463,3.5556726879443583,232.52974423006364,0.09548113434296855,11.944371285887184,6.009102249929222
464,3.7334563223415764,232.49203116267964,0.09178318844015879,11.812556023175736,5.713240416494516
465,3.9201291384586554,232.4546241776949,0.0877959949576263,11.665513645775942,5.425268715108889
466,4.116135595381588,232.41780287639898,0.08353978618871681,11.493236406884817,5.201974343731448
467,4.321942375150668,232.3816063651534,0.07957674552056523,11.296081247664796,4.999837873033293
468,4.538039493908202,232.3459813772096,0.07606631502387387,11.076953095415606,4.776825704958245
469,4.764941468603612,232.30989115447042,0.07275693957974536,10.847922759872569,4.565019162639714
470,5.003188542033793,232.27343160421503,0.06945986370614135,10.614078643706076,4.350202272759774
471,5.253347969135483,232.23663200336256,0.0662925426078333,10.379031469529815,4.136969016584009
472,5.516015367592257,232.1995406726659,0.06321467344560187,10.143933393852485,3.9365896197452557
473,5.791816135971871,232.16219267923475,0.06022206133777007,9.913728165509324,3.7743928102915505
474,6.081406942770465,232.12467319583706,0.05724114793213537,9.688294706460866,3.642087034787215
475,6.385477289908988,232.0871384245779,0.05418682001027273,9.467000730411296,3.53539297710366
476,6.704751154404438,232.04971446158424,0.05114862951940206,9.24616313182409,3.437165830243282
477,7.03998871212466,232.01238828085658,0.048303208506369176,9.029357106885676,3.3360252665177
478,7.391988147730893,231.97501986732001,0.04579092156918831,8.816942468629485,3.226575024042998
479,7.761587555117438,231.9374633278087,0.043585238518642606,8.608200007446944,3.1134101230582885
480,8.149666932873311,231.8994956084177,0.04172827180475569,8.404730565811327,3.001021833469213
481,8.557150279516977,231.86100306610683,0.04008511928110273,8.201750898212712,2.8976345536635812
482,8.985007793492827,231.82197401806357,0.03853983171985858,7.997693935244837,2.80494460969763
483,9.434258183167469,231.7823756402795,0.03707651875655664,7.7989934652928445,2.726358978161242
484,9.905971092325842,231.7421390213852,0.03572929892702949,7.603798032833736,2.644793612961927
485,10.401269646942135,231.70108349394746,0.034577493659628034,7.412849615798224,2.5593371887246295
486,10.921333129289241,231.6590239882061,0.033611186851359165,7.223719221046978,2.4681730549016287
487,11.467399785753704,231.61574776231913,0.032792852126061256,7.044078789515368,2.3387133661547863
488,12.04076977504139,231.57247450689167,0.03182444931681654,6.912312886971146,3.346883749418926
489,12.64280826379346,231.52874948223737,0.0307272133473434,6.889414355968077,6.786686157493634
490,12.64280826379346,231.48591283134337,0.029755799575718583,6.969783735996538,6.905851076852232
491,12.64280826379346,231.44266208765467,0.02947861911829019,7.103327890097126,6.592780366634483
492,12.64280826379346,231.39882619659988,0.02943659208166023,7.209708863692363,4.849064883145573
493,13.274948676983135,231.35392392832813,0.02895706022486425,7.149899384734335,2.288114658697148
494,13.938696110832291,231.30759692492376,0.028298339306951626,6.979637308600159,1.8169935529989438
495,14.635630916373906,231.2602804563461,0.027599235628049376,6.758469241328322,4.186362479510708
496,15.367412462192602,231.21218426349384,0.02688069613113932,6.521939066517826,6.214224737810807
497,15.367412462192602,231.16678360563077,0.02666473522732745,6.363670135276913,7.301506777507311
498,15.367412462192602,231.12586242591036,0.026800850836561245,6.3081566710835295,7.703148329590913
499,14.635630916373906,231.08586746960677,0.02783849205519342,6.454585017507453,7.610575794746718
500,14.635630916373906,231.04647590126928,0.029000684590059864,6.679279712732214,6.98579429616075
501,14.635630916373906,231.00575958947246,0.030105397381816376,6.9557639971770975,6.157093765008976
502,14.635630916373906,230.9686017791169,0.031056988631161245,7.239234019868803,5.152759990786044
503,15.367412462192602,230.93420364281923,0.031369722291793876,7.433919595927697,3.9877970235563533
504,16.135783085302233,230.89748673365435,0.03136010415083469,7.559497716928869,3.3152868397111313
505,16.942572239567344,230.85925154201993,0.03097028853381912,7.59159519345885,2.720895580217963
506,17.78970085154571,230.8203997717987,0.030202853047333732,7.533357286221921,2.910080212896075
507,18.679185894123,230.7818330328236,0.02907181249670407,7.3990716660162645,3.2435779868329004
508,19.613145188829147,230.74308025048012,0.027695870215646717,7.2160207638249,3.404706488180815
509,20.593802448270605,230.70468781580243,0.026143553609201654,7.002682100903611,3.4389030466478108
510,21.623492570684135,230.66724068046298,0.024401988984703582,6.766284063997915,3.3987940356160324
511,22.704667199218342,230.6309082607244,0.022721783270451913,6.51901888199977,3.3314470337301656
512,23.83990055917926,230.59568848374417,0.021166767712938413,6.272430575610458,3.3886066158370127
513,25.031895587138223,230.56143848761212,0.01976673809985794,6.039525236054033,3.559723728902398
514,26.283490366495137,230.52805288718625,0.018463075834476043,5.8278168605812475,3.88684834427798
515,27.597664884819896,230.4954893789867,0.017208566365950625,5.639112126604132,4.040672939992139
516,28.977548129060892,230.4646008360053,0.015569451609791566,5.466656898352429,4.395328366388723
517,30.42642553551394,230.43540390031401,0.014005682302034047,5.311341049083843,4.403282067851175
518,31.947746812289637,230.40753778095475,0.012699725457049164,5.169241511647744,4.10366536202647
519,33.54513415290412,230.38081407272847,0.011557584047051211,5.0367199038770165,3.6375951661972743
520,35.222390860549325,230.35514981102605,0.010524623585655816,4.911496265824167,3.4150158736034744
521,36.983510403576794,230.33013388259485,0.009723095744707245,4.791562472263984,3.5393758553928936
522,38.83268592375563,230.30534910676352,0.009129191667156523,4.675103583295025,3.7845002396181164
523,40.77432021994342,230.28052704922752,0.008667073701513475,4.560131138991935,3.934021167365796
524,40.77432021994342,230.25643549203903,0.008516318770392139,4.50427613386803,3.1701771829643723
525,42.81303623094059,230.2322864347306,0.008257164837651725,4.434983132615686,3.0237870851740185
526,44.95368804248762,230.20844918177747,0.007903588850714745,4.355773725923862,2.854542084068787
527,47.201372444612005,230.18519994461485,0.007485973215576457,4.271737777353495,2.7959434341557086
528,49.561441066842605,230.1626384927415,0.007057033985896825,4.1879325898688435,2.89185816292373
529,52.039513120184736,230.1407200156702,0.006657078505048158,4.107638780925261,3.0895707403087465
530,54.641488776193974,230.11939415170423,0.006284544872218698,4.0318935054913325,3.298079206631555
531,57.37356321500368,230.09826879656717,0.005939275372919519,3.9601602325972425,3.4334427408621537
532,57.37356321500368,230.07790848713688,0.005724187053808292,3.942967837005127,3.307940372026358
533,57.37356321500368,230.0581214550919,0.00556301332521421,3.960397588970064,3.8864782863368097
534,57.37356321500368,230.03943015213824,0.0055182512973445345,3.9977150321180113,4.50926882803667
535,57.37356321500368,230.02061576100854,0.005585753912374949,4.052616635779872,5.275425191005985
536,54.641488776193974,229.99849851116298,0.00586763626851677,4.174227935911317,7.292684275372466
537,52.039513120184736,229.97592377075893,0.006190449623146489,4.310719767878281,7.521311680080941
538,49.561441066842605,229.95313676430928,0.006556445867736066,4.455269435568198,7.5266393960190525
539,47.201372444612005,229.93065314490318,0.006893937979147157,4.606630549685171,7.416012721720108
540,44.95368804248762,229.90897979638015,0.007154682133083807,4.766017605855462,7.021976285345397
541,42.81303623094059,229.88875305218005,0.007342083103528344,4.935794400428289,6.510021876746671
542,40.77432021994342,229.86972218844457,0.007433879361624424,5.121612604200798,6.1669556721690935
543,38.83268592375563,229.85172689840473,0.007459168760505304,5.322183124538668,5.9244539524474815
544,38.83268592375563,229.83523317559056,0.007201462320437507,5.460604024122566,4.70501496604612
545,38.83268592375563,229.81910242519967,0.006915974605406295,5.5608843965973795,5.106686645914828
546,38.83268592375563,229.80452119350193,0.006744957599123907,5.627327845436945,5.975080990699797
547,38.83268592375563,229.78945113743794,0.0063509853431636485,5.678283697959849,6.558470460569465
548,38.83268592375563,229.77674885195052,0.005991878830032041,5.688665947500129,5.5218902341469
549,38.83268592375563,229.76534722116736,0.0053727712190155845,5.694560479747345,3.8555643252025833
550,40.77432021994342,229.7542782570499,0.0050187153532358485,5.636593307214577,2.664216182689101
551,42.81303623094059,229.74331469775365,0.004821247828306912,5.534840371220116,2.9266082847638297
552,44.95368804248762,229.73242719726017,0.004527425594368564,5.412069047371727,4.080517597217743
553,47.201372444612005,229.7214219215321,0.004061503713565726,5.251712409959421,6.161489124722371
554,47.201372444612005,229.71031021226494,0.00383296176683502,5.097087789968961,6.592012094770537
555,44.95368804248762,229.70064182281592,0.003961364970285568,4.981314065014436,5.657609474359898
556,44.95368804248762,229.69031676499222,0.004209428427396637,4.8570580257076,5.685819259843882
557,44.95368804248762,229.67958419889374,0.004413231711313367,4.722263687570341,5.637291975597926
558,44.95368804248762,229.66866424198602,0.0046070654233709065,4.596823482036687,5.334368427284315
559,44.95368804248762,229.65934157109388,0.004440916518150247,4.4963283380320895,4.586875810802722
560,44.95368804248762,229.6509751346179,0.003994121201803077,4.443562487223784,3.1287850550768095
561,47.201372444612005,229.6430054707151,0.003676843669122418,4.37912715492307,3.5864246254880525
562,49.561441066842605,229.635374509333,0.003408403265352443,4.30786116382425,3.6556088734422896
563,49.561441066842605,229.62774859159683,0.0034228094431384784,4.286894638076402,1.7818251178983724
564,52.039513120184736,229.6193735750399,0.0036096668215248643,4.251700583667837,2.012416917414566
565,54.641488776193974,229.60992346543208,0.003921069366552081,4.206173059156447,2.7045751369463225
566,57.37356321500368,229.59924914956144,0.004270898490376979,4.154189643758766,3.550721429983709
567,57.37356321500368,229.58764646931715,0.004644579344414771,4.152192266920506,3.516055599840389
568,57.37356321500368,229.57524996721096,0.004922600069858775,4.1857195150644335,3.8129217847712966
569,57.37356321500368,229.56218437715518,0.005120950093024944,4.240763001556975,3.74207466672841
570,57.37356321500368,229.54886622176187,0.005141628022414856,4.305354748967428,3.2624387095896705
571,60.24224137575386,229.53563184491856,0.004855485508631554,4.31466471789902,1.105579103898389
572,63.25435344454156,229.5230679258858,0.00442391554813281,4.281591415233707,2.0300023657023614
573,66.41707111676864,229.51157235559378,0.003911711308259984,4.219503452216752,4.0963686978378435
574,66.41707111676864,229.50119622305914,0.003552453395813742,4.193771286526337,4.091514496912392
575,66.41707111676864,229.49157103618458,0.0032910331622860254,4.194303355010021,4.19927708787067
576,66.41707111676864,229.48180516136276,0.0033274929531257867,4.213971844181036,3.7596145238535925
577,66.41707111676864,229.47145089518986,0.003501819955729779,4.245444154468768,3.2164321840902046
578,69.73792467260708,229.4602043365129,0.003638198298577559,4.227091110184813,1.934714301001031
579,73.22482090623744,229.4483408290963,0.003702374193117899,4.173032995042183,2.445243031768521
580,76.88606195154931,229.43639934714565,0.0036155916893113866,4.096458604471898,3.5431116348519702
581,76.88606195154931,229.42497852443557,0.00348772908473858,4.061480480384027,1.7024727921483127
582,80.73036504912677,229.4139741840829,0.0032295865769689036,4.0046143012749225,2.8018036060361204
583,84.76688330158312,229.4033734697622,0.002962980197235253,3.9334274668224714,3.640260067887665
584,84.76688330158312,229.39327586409357,0.00282235750625452,3.9053577993108646,1.7982590637957823
585,89.00522746666228,229.38311740907884,0.0027041574865702936,3.855530302327524,2.511172678743967
586,93.4554888399954,229.37278131608286,0.002620423153206778,3.789937121945929,3.217327683931311
587,93.4554888399954,229.36241156980014,0.0026289549892731085,3.7650308704049213,1.1855624894435197
588,98.12826328199517,229.35154383600124,0.002624005330060047,3.7165695830882126,2.0173460949484645
589,100.0,229.3404046187799,0.002639213393367158,3.6822450069896706,1.3921985232951661
590,100.0,229.32909942330085,0.002678538601922891,3.6774958321405964,1.8175028951033942
591,100.0,229.31759575154751,0.0027255635616885107,3.6928547030549144,3.052633483375733
592,100.0,229.30736590614907,0.002727958772922011,3.720805580328583,3.9306248830925603
593,100.0,229.29366822217432,0.0027269216914506244,3.770305423018589,5.391389582942122
594,95.23809523809524,229.27799069235755,0.002732381253589485,3.8482129759947754,6.466240851670995
595,90.70294784580499,229.2661405953471,0.0027139222673957025,3.916061462668561,5.016399481801854
596,86.3837598531476,229.25178438735554,0.0027086736938978203,4.016449508833086,6.585324625554689
597,82.27024747918819,229.2389036900805,0.002873096880221561,4.0987286489076995,5.6785220175301125
598,78.35261664684589,229.2232343884409,0.0028491299133479387,4.189838990727868,7.533731246410826
599,74.62153966366274,229.20881144366047,0.0029916560120201237,4.241433300317125,6.732356329794306
600,71.06813301301213,229.19533064983625,0.0032352048584998825,4.2869924661923555,5.93185551451184
601,67.6839362028687,229.18487125193522,0.003488504205384362,4.351073223894001,3.9341144609061307
602,67.6839362028687,229.17330920967228,0.003792777526739894,4.423908557679314,3.4216490380776703
603,71.06813301301213,229.16059581878224,0.003956851801502599,4.440698362356337,1.58877122507373
604,74.62153966366274,229.14705345855623,0.004038113117611047,4.414344685872718,2.950899069590561
605,78.35261664684589,229.13120228368578,0.004066630717838936,4.358099066587345,5.339486037715764
606,74.62153966366274,229.11592563268027,0.004214314054266666,4.371724021439561,5.062045798474206
607,74.62153966366274,229.10190926283184,0.004330126172330534,4.388565474095029,1.7396476806652559
608,78.35261664684589,229.08726966904206,0.0043239344882564975,4.371678406616524,2.3474579525563897
609,82.27024747918819,229.0723559370561,0.004237910093996255,4.3275648187428795,3.210647308972586
610,86.3837598531476,229.05710709290167,0.0041872518987780835,4.265083372632633,3.97624340051404
611,86.3837598531476,229.04156663947873,0.004287391622159771,4.245122415538445,1.7480808255442777
612,90.70294784580499,229.0251233574005,0.0043630008989231864,4.203718178764164,2.7447166743083606
613,95.23809523809524,229.0080936997426,0.004362325529469273,4.146951307259653,3.649728330760688
614,95.23809523809524,228.99101744834604,0.004388408732305857,4.133582010646075,1.6866470125007842
615,100.0,228.9736439312522,0.004289662318278905,4.097476109834059,2.413538863425122
616,100.0,228.95638826110934,0.004259818122430382,4.098194475727088,2.2520683516092648
617,100.0,228.9390219965148,0.004260117934019834,4.12417021932268,3.3602765258793914
618,100.0,228.92173904378512,0.004279002713941408,4.164961645457021,4.335124951942882
619,100.0,228.9017479192991,0.0043136331764920734,4.214497516189834,4.974165744914282
620,100.0,228.88415675101837,0.004315061639387184,4.248119198370685,4.077882197886667
621,100.0,228.8662159267982,0.004309494680140741,4.286586706016645,4.468299567126364
622,100.0,228.84826267061882,0.004307761503957932,4.323302659748178,4.342907625419221
623,100.0,228.83017914287456,0.004325286156047062,4.356696697314672,4.026782191292195
624,100.0,228.8118773269045,0.004348634176644229,4.385613188281738,3.5904875383946493
625,100.0,228.79342966634164,0.004359977179268398,4.409060901800124,3.1065011108001386
626,100.0,228.77490968646262,0.004359449534841294,4.426881234070368,2.6361909340269416
627,100.0,228.75636973529572,0.00435161627580451,4.439632360586326,2.207904573269185
628,100.0,228.73785375092208,0.004337479781903456,4.448343919990264,1.91160851056978
629,100.0,228.71937530813764,0.00432296267361105,4.454232667617064,1.7711489243543646
630,100.0,228.70095949453525,0.00430429455021391,4.458388832310061,1.7472453881654788
631,100.0,228.68260590939138,0.004286676626449893,4.461585322872909,1.7559016602367878
632,100.0,228.66454566706633,0.004215293183411006,4.464623098728129,1.7328262652224045
633,100.0,228.64683767238242,0.004131191610755281,4.466661683200921,1.772916204788826
634,100.0,228.62938845860432,0.004068795683979292,4.468883119131005,1.7922949934296755
635,100.0,228.61205841558342,0.004038547770522477,4.471604981551049,1.8128153592064153
636,100.0,228.59468084306937,0.00404695576656589,4.4745531046148255,1.88492583135689
637,100.0,228.57718862187443,0.004070432614286743,4.478096065063334,1.9698071125261805
638,100.0,228.55953384333998,0.004104644199135027,4.482040448427541,2.0958483332870204
639,100.0,228.5416908184819,0.004144530292416802,4.486236630684957,2.1929833611033134
640,100.0,228.52369473153178,0.004176418047468003,4.49017361829631,2.2797240105326
641,100.0,228.50554960998255,0.004208058585455079,4.493317623566102,2.39674525144761
642,100.0,228.48727205648748,0.0042366900842414745,4.495524638026937,2.525614613414115
643,100.0,228.468917661443,0.004253234373012512,4.49686422163789,2.6536641488819726
644,100.0,228.45054455088223,0.004256951522058946,4.497518917789164,2.7887842004902144
645,100.0,228.43227819889879,0.004232096779513987,4.497645753763556,2.9344335208192507
646,100.0,228.41414282084645,0.004201938165081131,4.497446140074408,3.0503253928343432
647,100.0,228.3961347394052,0.004175972685622674,4.493645533863184,2.9088969314301605
648,100.0,228.37829941185393,0.004142249759757919,4.4867701625470655,2.762304135707684
649,100.0,228.3607118687692,0.004093267849100337,4.477380720848134,2.6971663266838726
650,100.0,228.34349938025835,0.004015999375366479,4.466208992237046,2.6311146421856386
651,100.0,228.3266269188222,0.003947457043025664,4.453998294399911,2.535985310228993
652,100.0,228.31006651467345,0.003885167401863951,4.441710102449089,2.3871089823773897
653,100.0,228.29371539065465,0.0038459165451836795,4.430337088616241,2.2246363615605693
654,100.0,228.27745417185804,0.0038313377389824765,4.42274266292424,2.149314724336373
655,100.0,228.26110235627138,0.0038570625079202515,4.41772134199451,2.166575983970926
656,100.0,228.24446794539847,0.003927983362858425,4.412927572599146,2.1528977059242878
657,100.0,228.22744897064638,0.004025098719282008,4.406013997505609,2.062042407277133
658,100.0,228.2099733362326,0.004140897933874606,4.397718632625371,1.9961163369018948
659,100.0,228.19207925093207,0.00424866868938872,4.388798602142434,1.9950459325616512
660,100.0,228.17384234510732,0.0043388243942499,4.3799393524990045,2.05940403682386
661,100.0,228.1553335379228,0.004411274800607175,4.372233354253249,2.1166797094231944
662,100.0,228.136951781988,0.004388254536314701,4.36499951528949,2.270117754989215
663,100.0,228.11915753794784,0.004255294593866241,4.3575153496715675,2.572059378939328
664,100.0,228.10205676681363,0.004093840858844584,4.3528505192578635,2.6913709761531606
665,100.0,228.0855834191407,0.00394570472280981,4.3505713702358495,2.576317199154544
666,100.0,228.06952428787423,0.0038492269264173177,4.347479548971972,2.282203501944578
667,100.0,228.05349693063556,0.0038450511126107067,4.343589900976123,2.038453933810965
668,100.0,228.03715258118376,0.003924968602966711,4.339307899664575,1.856122060683601
669,100.0,228.0202644040914,0.004059593590368207,4.3350012906533655,1.9012220393392558
670,100.0,228.00271846954448,0.0042216875681389135,4.3309127061906425,2.0283799287574893
671,100.0,227.9845271687168,0.004380747428225214,4.327175962854642,2.012270185353421
672,100.0,227.96577303108612,0.004519777017965588,4.323834915049369,1.9954170499627126
673,100.0,227.94657568676237,0.004629747225444526,4.320886805389885,1.9288486631890462
674,100.0,227.92721052123903,0.004672906982804006,4.318402236156298,1.7708425345860455
675,100.0,227.90800242919707,0.004638881348666176,4.3147931291750075,1.7884046766849775
676,100.0,227.88918446450165,0.004549122612499594,4.3105632473641,1.8458688277134325
677,100.0,227.87054835118005,0.0045084186781824106,4.307448731806485,1.8174870846058948
678,100.0,227.85164904866673,0.004573255286482771,4.306350218806149,1.763076653202883
679,100.0,227.83234023419917,0.0046723244522868,4.3063728749642065,1.6701080081201072
680,100.0,227.81256492063105,0.004784591726784734,4.306926977310341,1.5777318990587834
681,100.0,227.7922742497953,0.004908755319473141,4.307388413791566,1.533565859284103
682,100.0,227.7715298024405,0.005018470251435186,4.307442910956601,1.561186305987544
683,100.0,227.75034063982943,0.005125961025609074,4.307522046779494,1.7736569619220133
684,100.0,227.7290033678699,0.005162613393293055,4.306835694234138,2.1510620123897057
685,100.0,227.70771222845417,0.00515326123873819,4.305323200588998,2.8385592228252206
686,100.0,227.68661822307695,0.005107737673053444,4.303476966909934,3.517183671700951
687,100.0,227.6659194393555,0.005013911776078326,4.301868726934698,3.963756538045926
688,100.0,227.64620475755567,0.004777479371909354,4.300113968857535,4.159205847872346
689,100.0,227.62718022176472,0.00461078877032949,4.299598043864861,3.685875429704461
690,100.0,227.60804864397485,0.004631876245039793,4.304104979382866,2.7811461986118546
691,100.0,227.58833949320922,0.004766480802559601,4.308827206775975,2.0464338354892377
692,100.0,227.5678141166106,0.004958896836143604,4.3131551015209375,1.9216879691328739
693,100.0,227.5463004861727,0.005193016174427494,4.317009889927078,2.2164649254145865
694,100.0,227.52375493971496,0.005438281256883492,4.320043464733754,2.499568267472938
695,100.0,227.50012792836154,0.005695257930535015,4.32299175624177,2.7210613080155084
696,100.0,227.47551082407344,0.005929315619806985,4.326347618561802,2.787533329438914
697,100.0,227.4503261140778,0.006061503271450953,4.329578569203066,2.580825205870063
698,100.0,227.42500199858765,0.006092183259904408,4.3316199109091,2.1848988131673575
699,100.0,227.39966774308004,0.006092518708868294,4.333115742016232,1.929861690743471
700,100.0,227.37430660318432,0.006092284099372295,4.337881031333879,1.734147644863171
701,100.0,227.34881121967325,0.006113081925208904,4.34600626386747,1.6968163605221127
702,100.0,227.32310761750955,0.006147661840682892,4.356854281801875,1.7850992702847859
703,100.0,227.29712310545034,0.006196648353270638,4.369650774884812,1.9382746989070807
704,100.0,227.27080951413328,0.006255087661343289,4.383648665578346,2.0886205249821517
705,100.0,227.2441740048937,0.006310228129247609,4.398503673005195,2.201099153732039
706,100.0,227.21743050136848,0.006315571355048001,4.412601109364815,2.255778691012213
707,100.0,227.19073804154976,0.006285194894636101,4.425464521575958,2.3640437525923437
708,100.0,227.16422156522546,0.006232031622069151,4.43379059988261,2.401374474071714
709,100.0,227.13812311665077,0.006128908906647388,4.437317859236743,2.7552047825396513
710,100.0,227.11279464588915,0.005949421483080375,4.436323901436042,3.6548693968703585
711,100.0,227.08799105677932,0.005766785833693847,4.432436617340474,4.4819779977607945
712,100.0,227.061635780068,0.005615008673010507,4.425556413619704,5.03782861032322
713,100.0,227.03460269998573,0.005410352792905461,4.408912115305038,5.362856613820405
714,95.23809523809524,227.0110897253661,0.005371838508227306,4.43330330174504,4.789199636120097
715,95.23809523809524,226.98879518501235,0.005323326713651216,4.448939406248036,3.7737102715565616
716,95.23809523809524,226.96587534240487,0.005451938819209742,4.465825472718543,2.410388511588551
717,100.0,226.9417138748137,0.005517827357834509,4.430033314917492,2.735976328604745
718,100.0,226.9171865996076,0.005625181215784626,4.411279506823322,2.2818110044007995
719,100.0,226.8921952883281,0.005738187397696453,4.406219282508122,2.6792484238731813
720,100.0,226.86664761974055,0.005858630920531373,4.411709672337468,3.022333000694464
721,100.0,226.84054012176986,0.005974641820407801,4.420843781475276,2.888100768503412
722,100.0,226.81394737618257,0.006071568320813439,4.431125827062903,2.4453610075855106
723,100.0,226.78706799246729,0.006118306158105143,4.444673789676203,2.1778206389274133
724,100.0,226.7602348760018,0.006087355549378633,4.4595828545087794,2.0742168603899347
725,100.0,226.73348658134054,0.006046837363611108,4.475273698061757,2.1360668950959627
726,100.0,226.70683711784187,0.006003173058168749,4.491168995491307,2.1199964479729294
727,100.0,226.68017971779182,0.005983308839840884,4.507421369226276,2.075832328446637
728,100.0,226.65362477600405,0.005941613696790278,4.521606159647533,2.0870508544192377
729,100.0,226.62727594552175,0.005878449998315944,4.534718211492994,2.0181116098074092
730,100.0,226.6009412406898,0.005860904806546517,4.545854986602894,1.9646578259371155
731,100.0,226.5744535293823,0.005881950338138668,4.555907218867066,1.9757639090411214
732,100.0,226.54817828413618,0.0058265248498710655,4.5623538485514565,2.1083448029340897
733,100.0,226.52248495290374,0.0056955316209232245,4.563919110670869,2.4125392774264345
734,100.0,226.49757973872013,0.0055246455133288646,4.560764569902659,2.9779249946728426
735,100.0,226.47330580421723,0.005390861377644166,4.555476404588451,3.4658204467856155
736,100.0,226.4493823952036,0.005323400376668551,4.546589289458253,3.5051217599069266
737,100.0,226.42556440268308,0.0053132009956492155,4.535244437380959,3.3763193307666457
738,100.0,226.4016563685127,0.005348507285216542,4.522338498517315,3.1210125972318967
739,100.0,226.37750690094367,0.005418882021840678,4.508682510417927,2.798376548446802
740,100.0,226.35300752975277,0.0055144324900349,4.4947537519736604,2.4954983771309083
741,100.0,226.3280278527347,0.005640407501837232,4.480516978003759,2.333711289811638
742,100.0,226.3024470720792,0.005791129546621438,4.468917155620515,2.5340860374510292
743,100.0,226.2761648755082,0.005960553572345864,4.460944844376651,2.73716663458659
744,100.0,226.24944502147707,0.006069143826328204,4.454084397289957,3.0554963207520136
745,100.0,226.22256731847378,0.006114541117739561,4.447132518710909,3.4969940190378526
746,100.0,226.1956948332325,0.006128648169823187,4.436034681377371,3.8469393355146058
747,100.0,226.1688486638353,0.006142749015640418,4.421517470466904,4.290160383662067
748,100.0,226.1418585648318,0.006135727235801793,4.404941953991737,4.721333431310032
749,100.0,226.11420274734434,0.006180736274434276,4.386518674571047,4.8025569871110925
750,100.0,226.08797100879366,0.006264336873435599,4.36356033641768,4.34451573121508
751,100.0,226.0615211942879,0.006341691496076843,4.3461682454812065,3.651138124509577
752,100.0,226.03443605005853,0.0065167355924735364,4.331018780416089,3.0543876132296233
753,100.0,226.00647910409046,0.006742532591647886,4.3207156657301695,2.678492812769717
754,100.0,225.97745684945144,0.007010171548383622,4.31411300782366,2.529214975355075
755,100.0,225.9472809454098,0.007292380403292912,4.312012285408516,2.4191986461049755
756,100.0,225.9159413283757,0.0075731718849698405,4.312259484451369,2.5673598671869224
757,100.0,225.88354624757756,0.007822296379794431,4.315526773941232,2.7196078056126622
758,100.0,225.85041442937992,0.008004674723760492,4.3131106093579605,2.6289810266792006
759,100.0,225.81689197284626,0.008106732650778268,4.309024866974769,2.569661012355147
760,100.0,225.78328424874897,0.00814507088743788,4.299651436312135,2.2676097702063487
761,100.0,225.7497839800087,0.008143264434569551,4.286854743322647,2.0785414244111853
762,100.0,225.71646854985994,0.0081143795906611,4.278377677896021,2.1512294036480473
763,100.0,225.68339372953932,0.008064347739830622,4.273830182821412,2.2631591940882445
764,100.0,225.65049118665476,0.008024114673489268,4.272886452823722,2.322262642532511
765,100.0,225.61758997851632,0.008021123779137756,4.274306313522054,2.3817977303601086
766,100.0,225.58476899179482,0.007996078132458617,4.277239995462743,2.4221444492089854
767,100.0,225.55193476476376,0.007990852181512962,4.281763884137073,2.380403491588565
768,100.0,225.5188812584802,0.008035035129290928,4.286657358111156,2.4146271538459985
769,100.0,225.48539211056797,0.008132989091961345,4.29084594874732,2.5291010788262196
770,100.0,225.4514981553372,0.00823031952603327,4.29135625838861,2.3136654729972395
771,100.0,225.41744623919763,0.008274936215833249,4.2881099768236774,1.997594189740893
772,100.0,225.38342260120626,0.008279750488414913,4.282057692314151,1.674946379681018
773,100.0,225.3495580346085,0.008250521457825883,4.2771367761023065,1.7891823321381692
774,100.0,225.3158379553021,0.008206773545851833,4.281590738754621,2.303993901211224
775,100.0,225.28222451082175,0.008152308473143815,4.296565419094424,3.116959073581411
776,100.0,225.24859917825177,0.00811609755210338,4.317261398532244,3.695466954404851
777,100.0,225.21482999895602,0.008109756013295291,4.339120714468723,3.9037599405964754
778,100.0,225.1808315156714,0.008127133608126355,4.359243798356166,3.9742362306837204
779,100.0,225.14665532056773,0.00814040621542405,4.374885065081974,3.7260874987770642
780,100.0,225.1124377440865,0.008137665153648872,4.381657688299457,3.1735004611658333
781,100.0,225.07824029220302,0.0081378576124977,4.378977112046884,2.6337184179114717
782,100.0,225.04403370337596,0.00815432618487362,4.371300899692344,2.2008103043552967
783,100.0,225.00982009020308,0.008177507282816698,4.359804507951729,1.8222453075353553
784,100.0,224.97565683410102,0.008192366077866718,4.345491660949721,1.5791280256788138
785,100.0,224.94161728280935,0.00819324412187225,4.329292672558184,1.5271136428011247
786,100.0,224.90783412872256,0.008183878969412944,4.30159987514407,1.6983512072784572
787,100.0,224.87443557874502,0.008138759260715635,4.276204087676282,2.005708515443938
788,100.0,224.8416125237109,0.008029946596438305,4.259467989209592,2.6879723511780163
789,100.0,224.80956427038396,0.007847891595355566,4.255399951485534,4.131690201723308
790,100.0,224.77002322399778,0.007701314553238723,4.266111560560258,5.510735104335594
791,95.23809523809524,224.72965509278131,0.00775753351445826,4.3378570022718685,5.864493684723986
792,90.70294784580499,224.68937378010787,0.008028146754065544,4.44102120668222,5.9373568195113755
793,86.3837598531476,224.64878890630834,0.008548115215566959,4.564754195950217,5.8991300347117726
794,82.27024747918819,224.60475571967052,0.009221495932378865,4.69596301056045,6.229628848638555
795,78.35261664684589,224.56074086360056,0.0099232090339191,4.823133693983936,5.89905786534844
796,74.62153966366274,224.51605879337447,0.010671217979856597,4.949577601475406,5.676842955803144
797,74.62153966366274,224.47331586547574,0.011217847280786921,5.015394561689348,3.8390142818972035
798,78.35261664684589,224.42818363946208,0.011360398622713862,4.980285554503898,3.1804568165937397
799,82.27024747918819,224.3796911483738,0.011189414465304843,4.857848558647781,5.653931854041681
800,82.27024747918819,224.3240092805958,0.011018673238091954,4.742603355704247,6.592770022715725
801,78.35261664684589,224.26859223214814,0.011019488241372253,4.6744160872939045,6.888976452932602
802,74.62153966366274,224.2182050304413,0.011133745218615479,4.61639183837439,6.319806344779048
803,71.06813301301213,224.17705868647874,0.01135443810105067,4.586815147287587,5.158726325104975
804,71.06813301301213,224.1391815534197,0.01147268862499406,4.563011378504439,3.8358789616831093
805,71.06813301301213,224.10125693484156,0.011503891487162814,4.556339788295932,2.296444475539812
806,74.62153966366274,224.0625267909954,0.011307615895002638,4.50846208978341,2.8312637248326813
807,78.35261664684589,224.0235337835912,0.011029464258681563,4.431934928707858,3.654075561514531
808,82.27024747918819,223.98339974788357,0.010726222616299245,4.337111262366584,4.176447464435914
809,82.27024747918819,223.94409015294042,0.010625453438678377,4.288304672409521,2.792649089283938
810,86.3837598531476,223.90434644843003,0.010432990380057423,4.205375461444059,3.3223512068604584
811,90.70294784580499,223.8634065994975,0.010200672974537018,4.096718520983499,3.970624801819209
812,90.70294784580499,223.82330981783286,0.010121082494904865,4.043907985581889,3.1593440748300905
813,95.23809523809524,223.7851951038144,0.009913982579605494,3.9510326862309935,4.332714301745612
814,95.23809523809524,223.74602602118895,0.009863850978628285,3.9121253699554686,4.475199869159947
815,95.23809523809524,223.70183327012685,0.009878492600074937,3.898662329054239,5.041687202891621
816,90.70294784580499,223.65884033388951,0.01008380313607402,3.9557655707497252,4.898243390731947
817,86.3837598531476,223.61681756211473,0.01041185120771784,4.0539611414341445,5.014768373167507
818,82.27024747918819,223.57290475007233,0.010847847486927137,4.178685477439035,5.281181752222959
819,78.35261664684589,223.53047455555912,0.011308667627562307,4.311613631844051,4.989983309181491
820,78.35261664684589,223.49149634550406,0.011505700107831855,4.374285520317421,4.186820865242711
821,78.35261664684589,223.4521569021296,0.011547328416261266,4.398909006028878,4.244456212717596
822,78.35261664684589,223.41312748861571,0.011464504865323624,4.395770476504615,4.244452018793911
823,78.35261664684589,223.37570321966317,0.011322203721981536,4.371846517658203,4.527881950323587
824,78.35261664684589,223.3388969565119,0.011187379149033116,4.327220114634124,4.506777369058963
825,78.35261664684589,223.30266968249686,0.011089633771602792,4.263229577547202,4.344641658664832
826,78.35261664684589,223.26702290642376,0.01106221280050901,4.1934258842398995,4.285620981204282
827,78.35261664684589,223.23170739422082,0.011120460104160873,4.127694403421722,4.223556062738038
828,78.35261664684589,223.1962863336053,0.011212521435578576,4.070547663154165,4.079026815037991
829,78.35261664684589,223.16056475121601,0.011458441424126331,4.0253479393162745,3.7898947491433677
830,78.35261664684589,223.1238560119554,0.01177633760041538,3.9885784350515485,3.541188057077261
831,78.35261664684589,223.08612089048287,0.012105605880296376,3.955909755869199,3.3200658309028457
832,78.35261664684589,223.04734218967621,0.012440391078584492,3.9248521069718407,3.2240570296757403
833,82.27024747918819,223.00521921806035,0.012494913555419254,3.8276188891404557,3.601264951342614
834,82.27024747918819,222.96270793955853,0.012610096810275747,3.7511424093256913,3.4211871235578197
835,82.27024747918819,222.91955464759823,0.01280053690408538,3.6894455609047165,3.3421262626006913
836,82.27024747918819,222.8759971901689,0.012920424281525171,3.636564514076895,3.0160673923792163
837,86.3837598531476,222.82943510968886,0.012770858936342045,3.5295676669398177,3.4384291296022913
838,86.3837598531476,222.78186655733234,0.012666902881728484,3.451148512800388,2.8685450075149403
839,90.70294784580499,222.74009711139126,0.012280217106684699,3.327563707533665,3.8525192939176462
840,90.70294784580499,222.6977880054042,0.012076579767187044,3.253074818532031,2.5534613801855808
841,95.23809523809524,222.65471563195243,0.011708994724728812,3.1450595125723457,3.3125127894663837
842,95.23809523809524,222.61102349398155,0.011531528543570256,3.0766129651816954,2.315363910929397
843,100.0,222.56906626568306,0.011188594212968509,2.9735035242049306,3.1887535654705945
844,100.0,222.5264727742564,0.011027441146010859,2.9060194618082162,2.3180898859374897
845,100.0,222.484162307479,0.010954166155960414,2.8589808927842872,1.911194000675282
846,100.0,222.44190911842315,0.010939336972402458,2.8246767870629936,1.7785170322323478
847,100.0,222.399535560077,0.0109705005427144,2.798748262103702,1.7875378792917738
848,100.0,222.35683726997974,0.011054573487923668,2.7789244653903187,1.805521272007987
849,100.0,222.31364076678713,0.011183560697144598,2.764321219272506,1.774444097303366
850,100.0,222.27004487971166,0.011286961055107566,2.7508855319352836,1.6040559896225408
851,100.0,222.2262540747058,0.01133742524424481,2.7356108739877185,1.4665989322540973
852,100.0,222.18238391176862,0.011357970987004704,2.7171656410431657,1.5802901943710526
853,100.0,222.13850530069678,0.011360158206269825,2.697055446540889,2.0497575176818135
854,100.0,222.0945823257809,0.011371643991175755,2.6762163905802168,2.671822397967671
855,100.0,222.05173865498622,0.011424978878601433,2.6596461367536994,3.1879734270544557
856,100.0,222.0084981989578,0.011530788274229872,2.6493836212573787,3.6091118013583268
857,95.23809523809524,221.96141145211436,0.01197130694750393,2.695221268166681,4.432744084714332
858,90.70294784580499,221.90915271603654,0.012624294406831963,2.770823845956763,4.898426832493343
859,86.3837598531476,221.85475118258233,0.013444282056059562,2.858644953653182,5.027680406157892
860,82.27024747918819,221.79762069220163,0.014329344994427116,2.9507398805648806,5.201457433589848
861,78.35261664684589,221.7376351434075,0.015231123096280157,3.0430331440520058,5.394950239442109
862,74.62153966366274,221.6756505444164,0.01617445133244696,3.134852583771402,5.512089648791156
863,71.06813301301213,221.61319970013307,0.017153693606643157,3.2270732404964617,5.498345149637384
864,67.6839362028687,221.55096050675866,0.018196368749056654,3.3226441450851203,5.424002217453266
865,64.46089162177971,221.4891666035573,0.019340979839348203,3.418482066983151,5.16487556180893
866,61.39132535407591,221.42895066850295,0.020592404743262932,3.5178851102546274,4.818913711053771
867,58.46792890864372,221.36951043060705,0.021979576715883128,3.632883168396678,4.543160393859436
868,55.68374181775592,221.31056001618362,0.02350801832600079,3.7657891853037615,4.294570845691455
869,55.68374181775592,221.25092429791258,0.024635458640419758,3.8541990265342214,3.440200692625897
870,55.68374181775592,221.18955155184733,0.02535302317439463,3.909728341412743,2.6316480553494794
871,58.46792890864372,221.12517182705236,0.02532876498549335,3.8820873746615363,1.9806906499730235
872,61.39132535407591,221.056925458193,0.02482663868915342,3.797051996322159,2.1391347197708868
873,64.46089162177971,220.98544669487265,0.024043012431181263,3.670142794204143,2.6746953229189883
874,67.6839362028687,220.9110929582533,0.023125339959388893,3.5160261268265924,3.225587224830509
875,67.6839362028687,220.83637218515366,0.02256261636851537,3.406022289882598,2.510710889518788
876,71.06813301301213,220.75889367934965,0.021632305886370932,3.261248397118332,3.2389376592187897
877,71.06813301301213,220.68170834934676,0.02092276702984808,3.1497670550011208,2.939296203168782
878,71.06813301301213,220.60419888370225,0.020398670936482687,3.060005831546442,2.9099914933287354
879,71.06813301301213,220.52814513844294,0.020015559520764992,2.9833735729435733,3.0424377958030386
880,71.06813301301213,220.45303162878093,0.01976811159432698,2.9193105808649,3.0407329885031333
881,71.06813301301213,220.3762721382379,0.019612907867995636,2.8672478876571463,2.9089245272890447
882,71.06813301301213,220.29768450949,0.019495162732669633,2.8231071955600076,2.787904463213741
883,71.06813301301213,220.2196328601544,0.019362202799471647,2.784062705026066,2.694614120062566
884,71.06813301301213,220.14213028589083,0.01922599423775721,2.750876457097508,2.5052901757428923
885,71.06813301301213,220.06531725174253,0.019054940638538485,2.7218464579992467,2.0378495035463087
886,74.62153966366274,219.9848983118335,0.018446097506681396,2.645810826901996,1.9580205871178706
887,78.35261664684589,219.90198241624995,0.017585609628086227,2.5404264962832963,2.236064299681522
888,78.35261664684589,219.81959336713473,0.01696492320843942,2.4646627884314847,1.6612348703592934
889,82.27024747918819,219.7348702137516,0.016130877593421102,2.360186753440856,2.3623306218701186
890,82.27024747918819,219.65074510546054,0.015550497774488135,2.28548448095447,1.9796203335864366
891,82.27024747918819,219.56630654994345,0.015153823677705012,2.2285583235042288,1.8361574765078705
892,86.3837598531476,219.49394825951188,0.014549950209238894,2.139720159971351,2.387935394347855
893,86.3837598531476,219.42085119519402,0.014270392567406967,2.091299223376483,1.8295889249659532
894,86.3837598531476,219.34832488630096,0.014158966697591108,2.0647971890727175,1.8709297105484655
895,86.3837598531476,219.28667282305105,0.014160046337099521,2.051288134178458,2.1772177226775433
896,86.3837598531476,219.23368479977418,0.01431778550480196,2.0570745586428836,3.1539217056126985
897,82.27024747918819,219.17835890686814,0.014969461122222505,2.1248077975633146,4.821761232736184
898,78.35261664684589,219.11106100836636,0.015879097122687962,2.2243809241095627,5.80561768033414
899,74.62153966366274,219.04275023405106,0.016835713548907942,2.328466670325329,5.666077227735467
900,71.06813301301213,218.9742802760819,0.01785655488023928,2.435183048060873,5.458574876824431
901,67.6839362028687,218.90525070268365,0.018883068164189706,2.5425327895685927,5.305075714757901
902,64.46089162177971,218.83733145154292,0.01988822600772531,2.6496979152494777,5.203734128702012
903,61.39132535407591,218.76858765704407,0.02092421574496324,2.7593526041828444,5.25644188638654
904,58.46792890864372,218.6999280299464,0.022007509334587647,2.869183575527822,5.088504654697561
905,55.68374181775592,218.63315763266453,0.023093736684643408,2.9809346376111763,4.807302549308456
906,53.03213506452945,218.56942587032137,0.024346679962862477,3.1034732938194898,4.436903265461479
907,50.506795299551854,218.50834317255251,0.025839435757738807,3.240514581459368,4.084614149124302
908,48.101709809097,218.44534234480565,0.027571263968304956,3.3887567432293695,3.849026456710401
909,48.101709809097,218.37727466507653,0.028921055756399007,3.4898567439526085,3.1014083228464595
910,48.101709809097,218.30679474748226,0.029945983682051817,3.553492713437177,2.4384892804353435
911,50.506795299551854,218.2322845676909,0.030150846400463057,3.5331180194976217,1.854590369022528
912,53.03213506452945,218.15277199181452,0.02975042650163794,3.4512379073846393,2.058830134861389
913,55.68374181775592,218.069153411716,0.02892901442334165,3.325773167301214,2.6538577285432843
914,58.46792890864372,217.98485777481204,0.02777452540136098,3.1684557059805045,3.374037018338897
915,58.46792890864372,217.90051937748842,0.0269792373880199,3.052546755701864,3.137838863477991
916,58.46792890864372,217.8155405644461,0.02639233174711442,2.961897992524555,2.9914330342363855
917,58.46792890864372,217.7321420520234,0.025901529196241273,2.8850716098086693,2.9476373961562943
918,58.46792890864372,217.65006104584376,0.02549234412295495,2.819502336835,2.8939149155287702
919,58.46792890864372,217.5690193532537,0.02516955885369262,2.764071339681305,2.8566099176439588
920,58.46792890864372,217.4863801836727,0.024918151420946347,2.718224607429716,2.6172014401347123
921,58.46792890864372,217.40437882225027,0.024725833415414507,2.678547694449358,2.4984768318659882
922,58.46792890864372,217.32269231090572,0.024630896813892553,2.64628009633882,2.4340691116757807
923,58.46792890864372,217.24098848145388,0.024636118734909156,2.621472193426916,2.4042836005706945
924,58.46792890864372,217.15905162198953,0.02470638416911334,2.6030553676230364,2.3423146437848748
925,58.46792890864372,217.07682609516257,0.02479342590848367,2.5892344518181445,2.207603456703494
926,58.46792890864372,216.99442915308913,0.024845112670181742,2.5779427195383318,1.99229124880276
927,61.39132535407591,216.90706826968977,0.024356807815663413,2.5203083711225327,2.0438937169043054
928,64.46089162177971,216.81575051932006,0.02354138623187833,2.4334219666172845,2.3164094648769504
929,64.46089162177971,216.72381599143668,0.023010086647766343,2.3743905508243013,2.0545584274905404
930,64.46089162177971,216.63339467644158,0.022631347990226067,2.329820564971883,1.950727495452363
931,64.46089162177971,216.54426206863485,0.02230880036039538,2.2939900090365053,1.7857863328782562
932,67.6839362028687,216.4508691150126,0.021613604024669927,2.2226264542500815,1.991258766938634
933,67.6839362028687,216.356406284439,0.021224467863055835,2.173897140184114,1.7342247629277148
934,71.06813301301213,216.26053926684713,0.02051425610773326,2.093537675500173,2.1567659784634405
935,71.06813301301213,216.1640404889086,0.020048004222763913,2.0371602370316326,1.9126511311339736
936,71.06813301301213,216.0663641688329,0.019701595414272462,1.9935652126983303,1.8361441410982506
937,71.06813301301213,215.97008373335464,0.019420041465916645,1.956472570282973,1.8622576255323622
938,71.06813301301213,215.87498691586848,0.019181302303828356,1.9255362089308998,1.8638194835047728
939,71.06813301301213,215.78086793705745,0.018984069423391522,1.9002310769228068,1.8926279635025491
940,71.06813301301213,215.70149191383956,0.018835732668445192,1.8804143412571348,1.9503693790724996
941,71.06813301301213,215.63382780335056,0.018890029340904155,1.8792730601483105,2.0404876260598797
942,71.06813301301213,215.57534325702812,0.019208632829776157,1.9032666749337581,2.559115346137666
943,67.6839362028687,215.52406360098098,0.020203575195417527,1.990935896669569,3.6693526162022008
944,64.46089162177971,215.46067533314192,0.021645419189711905,2.1209925215777186,4.876102368858862
945,61.39132535407591,215.38906229738618,0.023255665475494455,2.26681900543609,5.383720969557106
946,58.46792890864372,215.31585203169664,0.02488360398307406,2.4149998856300643,5.400913618068177
947,55.68374181775592,215.24404433941757,0.02649383849261657,2.5629016925587966,5.0720869382278355
948,53.03213506452945,215.17476557677668,0.028099979824337366,2.7113667170668867,4.7033445232631985
949,50.506795299551854,215.10883686645437,0.02975951801910568,2.8638097598171157,4.308374428278863
950,48.101709809097,215.04484272549263,0.031520967057944334,3.022943611756542,3.960316079872177
951,45.81115219914,214.97832987400423,0.033397730880881375,3.187192852522375,3.6839348447239257
952,45.81115219914,214.90726769682942,0.03464277540720659,3.2946256297441754,2.965557789434104
953,45.81115219914,214.84549188536678,0.035430208026674424,3.361047749484754,2.253984334162422
954,48.101709809096995,214.78085722952318,0.035304607295778376,3.3477439173956474,2.046663747281839
955,50.50679529955185,214.71437071675572,0.03458678546045288,3.2809980781712826,2.1689011042165878
956,53.03213506452944,214.64466248462284,0.033530049168984506,3.1817027253269905,2.453907362178832
957,55.683741817755916,214.57211289751658,0.032266996567829595,3.061564935702301,2.764337250628154
958,55.683741817755916,214.49910286829956,0.03152600174693865,2.9843681870485472,2.4353582124954247
959,58.467928908643714,214.42511329451116,0.0304275930767893,2.87523673311438,2.932324332765308
960,58.467928908643714,214.35051707013247,0.029783566073494357,2.804539374868927,2.6260430330611726
961,58.467928908643714,214.27705316365368,0.029331472616041854,2.7521676611477504,2.5772254956864833
962,58.467928908643714,214.20440637368446,0.02900522763833197,2.7131996762426738,2.411648446704819
963,58.467928908643714,214.13236846028244,0.028762125314920933,2.6832147401200577,2.2817776840005344
964,58.467928908643714,214.06083373134865,0.028561222012137746,2.6590685376559047,2.114653031417859
965,61.3913253540759,213.98557168158032,0.027784933884004905,2.5881213525048747,2.4127375499493438
966,61.3913253540759,213.91169961868906,0.027271784247628113,2.540504887374611,2.2201115755617002
967,61.3913253540759,213.83878067488368,0.026919915664901643,2.5077732673586004,2.070325191250215
968,64.4608916217797,213.76232093949992,0.026099945013344686,2.436505609104112,2.4120434047690154
969,64.4608916217797,213.6872846449769,0.02561404576182356,2.3921422066069375,2.1233052296195782
970,64.4608916217797,213.61304562176642,0.02534189287887448,2.364885381145899,1.9262053111552142
971,67.68393620286868,213.53500743388827,0.024631306820173154,2.301316241292171,2.26793268532461
972,67.68393620286868,213.45828193078952,0.024216982212768558,2.2620548267536216,1.9905398864977435
973,67.68393620286868,213.3823803538332,0.02395692520520821,2.2359797637606174,1.755356341548602
974,71.06813301301212,213.3027112805877,0.023251100825147603,2.1732830158966108,2.117124423569089
975,71.06813301301212,213.22452734060113,0.02281767061510592,2.1328562233084685,1.7746699363672804
976,74.62153966366273,213.14523672437466,0.022038713957830622,2.063734297872916,2.1639786446973908
977,74.62153966366273,213.06522115606776,0.021592440152496825,2.0223404212635616,1.7029211954652876
978,74.62153966366273,212.98621238166837,0.021320753808724124,1.9957717960797245,1.4473414736142083
979,78.35261664684587,212.9033747969753,0.020669412579706718,1.937920128736729,1.8781182922762836
980,78.35261664684587,212.82204002300338,0.0202944352678959,1.9025897685781676,1.5590612409665194
981,82.27024747918817,212.75185915795504,0.019620550974707877,1.8423371423040074,2.0315384725310937
982,82.27024747918817,212.6804815505611,0.019373908454311934,1.8182993658451545,1.532084862941813
983,82.27024747918817,212.60927447581633,0.01932762105322979,1.8124097906433556,1.5383246582467212
984,82.27024747918817,212.53783382879672,0.019391019197818514,1.8164170330224194,1.744451721643839
985,82.27024747918817,212.47671845551187,0.01951581983398784,1.8253431288008075,2.0038124831388524
986,82.27024747918817,212.41574558085173,0.01976344272795934,1.8459253006149188,2.4773993303383666
987,78.35261664684587,212.35538321985,0.020543831577433756,1.9114230252804334,3.2029610971975115
988,74.62153966366273,212.29493366150888,0.021602183896177133,2.0013986318415924,3.7387436293463794
989,71.06813301301212,212.2341541021591,0.022806118306738763,2.105173871162597,3.9745990027667806
990,67.68393620286868,212.1727915667316,0.024101862633173297,2.217846748135104,4.037321374770397
991,64.4608916217797,212.10939878443145,0.02546097394730433,2.336618870975644,3.954154653129523
992,61.391325354075896,212.04380610953675,0.02685607960342484,2.458531462210002,3.688302867348347
993,58.46792890864371,211.9761095535441,0.028255690365513786,2.5805266606853374,3.302202355252513
994,55.68374181775591,211.90645043793094,0.029639398010413428,2.700421980033664,2.845519907875706
995,55.68374181775591,211.83302339213995,0.030332642954961415,2.7647368202707687,1.8848976350733078
996,58.46792890864371,211.7569785191998,0.029918157015849635,2.739382246160318,1.216354842669518
997,61.391325354075896,211.6776075108714,0.02887355589902634,2.6596726724044637,1.8160476835480424
998,64.4608916217797,211.59827380010634,0.027485702671622283,2.548152452736835,2.6761023072991392
999,64.4608916217797,211.5194259693074,0.02652171481444029,2.467156880735265,2.4252941214884833
1000,64.4608916217797,211.44039678686806,0.02580846146278468,2.4036262650986444,2.298681625153467
1001,64.4608916217797,211.36076072545677,0.025249173952594944,2.350100081235194,2.2890031483741975
1002,64.4608916217797,211.28255310956553,0.024796275243293458,2.30369864417829,2.3221328788609275
1003,64.4608916217797,211.2054824465204,0.024435796338791445,2.2655966464872264,2.2944972513897053
1004,64.4608916217797,211.12704324630624,0.02414534046931644,2.235929569658224,2.196213215021404
1005,64.4608916217797,211.04949800376554,0.023870160300128458,2.209649056091341,2.015574069161853
1006,64.4608916217797,210.97272045182822,0.02363384795955198,2.188191016262529,1.7715077230020344
1007,67.68393620286868,210.89214952736918,0.02293253155565294,2.1311913911014573,2.0625871689471995
1008,67.68393620286868,210.81309619533062,0.022500586206893953,2.094080039728073,1.753223390432049
1009,67.68393620286868,210.73489596834915,0.022257770839212723,2.0723742429573377,1.3043787587452007
1010,71.06813301301212,210.6525709881193,0.02166600127605965,2.023710099376528,1.5484311584554784
1011,74.62153966366273,210.56670479745694,0.020895020519141935,1.9598883933076576,1.8710735370070277
1012,74.62153966366273,210.48255910180953,0.02047634841594056,1.9228959748480363,1.4214063977725
1013,78.35261664684587,210.39452509577006,0.019808178769606184,1.8665280196092726,1.8132729838970698
1014,78.35261664684587,210.3080709332949,0.01945270450277969,1.834336107746045,1.4747769219350009
1015,82.27024747918817,210.2334518348398,0.01881203831325413,1.7811677842969162,1.897100214989513
1016,82.27024747918817,210.15750400117972,0.018589342227428623,1.7621432357424658,1.7353731819069678
1017,82.27024747918817,210.0930138478335,0.01857047943813545,1.7612321635274797,2.0629711073735377
1018,82.27024747918817,210.03513607431876,0.0187602121181954,1.7795700833658163,2.98642923468271
1019,78.35261664684587,209.97332592751596,0.019560498739893756,1.8500995475323363,4.328651140067584
1020,74.62153966366273,209.89911133656003,0.02066729789717262,1.9486836474216807,5.164967970438432
1021,71.06813301301212,209.824729095479,0.02183212554576294,2.0535567876665834,5.145464333061798
1022,67.68393620286868,209.75225779452052,0.023017394665280664,2.1609777811303927,4.8474495808256615
1023,64.4608916217797,209.68091430994087,0.024191843177920468,2.2689091780825033,4.6285061026462975
1024,61.391325354075896,209.6114996065511,0.02535419493146301,2.376821757357611,4.380353937213341
1025,58.46792890864371,209.54477513540093,0.026538287106752968,2.4864306555660196,4.100831100976112
1026,55.68374181775591,209.47752915425266,0.027779251015063622,2.5998314831493103,3.8203793444102487
1027,53.032135064529434,209.4085218483652,0.02906038371215354,2.715093069647358,3.415405642769425
1028,50.50679529955184,209.33779568606906,0.03036256374444243,2.8299510499382494,2.892351735720636
1029,50.50679529955184,209.26543859071393,0.03106271920828414,2.8951682167695973,1.8274107558090302
1030,53.032135064529434,209.19019793542918,0.03076249927605263,2.8790355962259975,0.7847244286998742
1031,55.68374181775591,209.11124946203225,0.029846008619495015,2.809970507462386,1.3115476326146605
1032,58.46792890864371,209.0295618217639,0.028554354724442562,2.706393589108767,2.2025011729305533
1033,61.391325354075896,208.960439882409,0.02707220871266892,2.5825278143718977,2.9414585028078957
1034,61.391325354075896,208.89174970260987,0.026119520706361074,2.496686372831809,2.505658634561375
1035,61.391325354075896,208.8228567434592,0.025433619214076813,2.431799952978149,2.1158338123362412
1036,61.391325354075896,208.75326849256479,0.024942042873195368,2.3805906867473383,1.749824953486115
1037,64.4608916217797,208.68060333934562,0.024082178474207745,2.2974670872742067,2.146533499615086
1038,64.4608916217797,208.60739735646897,0.023554773270597018,2.2364208287401928,1.8099838494287777
1039,67.68393620286868,208.53319838453461,0.022737407285505058,2.153462605831436,2.2349793401185343
1040,67.68393620286868,208.45831961244448,0.022277402032909923,2.1000298054664737,1.859967903472062
1041,67.68393620286868,208.38429310308484,0.022023842860398574,2.0664046816039217,1.6759045899554708
1042,71.06813301301212,208.30864122057858,0.02143563082790909,2.0112794634639437,2.041139216425908
1043,71.06813301301212,208.23184010885618,0.021127436807768234,1.9809330644723067,1.8170362362968036
1044,71.06813301301212,208.15562311091918,0.020966751281060167,1.964809596056433,1.7820851073536954
1045,71.06813301301212,208.07962491400838,0.020906560682860124,1.9595964608869787,1.6245858483914788
1046,74.62153966366273,208.0015650607281,0.020451150106654954,1.9261158248864558,1.731938319910574
1047,74.62153966366273,207.92430992642443,0.020240319213573887,1.911326171608304,1.4937168841829456
1048,78.35261664684587,207.84521792181,0.019734825456212066,1.8733996311348347,1.6322913072658105
1049,78.35261664684587,207.76684393945737,0.019555666461814575,1.8583901108712697,1.4775560040496605
1050,82.27024747918817,207.68650308967338,0.019091841869376135,1.8235249907447133,1.8306463427746977
1051,82.27024747918817,207.60703169500542,0.018885228426384435,1.8112647331362333,1.8334538347805605
1052,82.27024747918817,207.5397065460171,0.01882217491471613,1.8129722472144414,2.0586196640669074
1053,82.27024747918817,207.48126468672297,0.018943052062307685,1.8318127823382109,2.4381364109986903
1054,78.35261664684587,207.4234667009531,0.019671067623382704,1.90252138760734,3.182389145163703
1055,74.62153966366273,207.36561927406854,0.020672289223825274,1.9999507206991098,3.94381587638537
1056,71.06813301301212,207.30367302142233,0.021866572074006413,2.1126739234391416,4.278442173606626
1057,67.68393620286868,207.24145149474975,0.023173847076311167,2.231460587310113,4.257779416858576
1058,64.4608916217797,207.1785239633779,0.024549949611744122,2.352160319667693,4.143647436461277
1059,61.391325354075896,207.11467639623135,0.025957275714740026,2.472080877865658,4.053498570494491
1060,58.46792890864371,207.0490319365847,0.027399171180805315,2.592682146411065,3.8941296998573027
1061,55.68374181775591,206.9814770118352,0.02874408158332408,2.703186932325728,3.2778073520897277
1062,53.032135064529434,206.91230316886916,0.030004431348209328,2.8055906169845395,2.672254347611798
1063,53.032135064529434,206.70193543183728,0.030657796980296345,2.855184493011302,13.887539867357162
1064,50.50679529955184,206.528102480167,0.03000281621502392,2.802239100520905,11.953890812378877
1065,48.10170980909699,206.36820925872703,0.028857337919319864,2.699382279156361,11.65373299845804
1066,45.81115219913999,206.22155391196117,0.027546182794572053,2.574918517941419,11.41510279045809
1067,43.6296687610857,206.09081149858724,0.02624572460855299,2.4471135971186952,10.888131433503734
1068,41.55206548674829,205.98007128586906,0.025197684861531785,2.339703650461834,9.792469163186363
1069,39.573395701665035,205.89425484466847,0.024606685983333904,2.276336402214236,7.921673654205121
1070,37.68894828730003,205.83273250113012,0.024760841908907406,2.2789362115922236,5.753327696359462
1071,35.894236464095265,205.78872109215112,0.02581139561530202,2.360771793145992,3.6217044784355696
1072,34.184987108662156,205.7421792402077,0.027825434184759877,2.528199787715918,2.5377696505498823
1073,34.184987108662156,205.69968117482964,0.029891556088554545,2.7099620936140623,2.925055407096201
1074,34.184987108662156,205.6586650780348,0.031995407156865815,2.903513278580923,3.8184190636145257
1075,32.557130579678244,205.6094489653507,0.034628130341447586,3.145301991531377,4.685526330341571
1076,31.006791028264992,205.5565970565193,0.03745733127339516,3.4049252146545084,4.884198011544711
1077,29.53027716977618,205.50365474741702,0.04031922849725228,3.6656475865544595,4.633531902654111
1078,28.124073495024934,205.45341595613854,0.043162977079672336,3.9217307126870327,4.186984529820693
1079,28.124073495024934,205.40154800509407,0.04530294306582249,4.118568008449972,3.6434379889970505
1080,28.124073495024934,205.34928563572757,0.04681459806716947,4.260453320403751,3.005983513793797
1081,29.53027716977618,205.29357822038503,0.04709734614697484,4.299077647509575,2.2978363953677006
1082,31.006791028264992,205.23650380113358,0.046429770013107025,4.255145216060768,1.8266623666519952
1083,32.557130579678244,205.17799788059662,0.04510695020856638,4.151444593180244,1.6911377851016802
1084,34.184987108662156,205.11900357360975,0.0433779442430377,4.007782941083757,1.8157935356772668
1085,35.894236464095265,205.05820890376296,0.041333087071959616,3.833624178250518,2.071720023901123
1086,37.68894828730003,204.9960255292322,0.039091298910034725,3.6389037797920105,2.36909768263805
1087,39.573395701665035,204.93276368739956,0.036772327815086214,3.4341372086539343,2.6275030057268745
1088,41.55206548674829,204.8686382395731,0.03446538850537305,3.2264195643801385,2.8473156125611823
1089,41.55206548674829,204.8057230550041,0.032830010194596984,3.0694015426441816,2.360071191364024
1090,43.6296687610857,204.74134962326744,0.031059587294804646,2.9018104686837556,2.6008649219786606
1091,43.6296687610857,204.67773612189268,0.029798959127898074,2.774192588179959,2.2528343111448343
1092,45.81115219913999,204.6123229342242,0.028332870963564065,2.631882394595211,2.5385381164972105
1093,45.81115219913999,204.547454918935,0.027278385089513336,2.523332629814021,2.2540683550982967
1094,45.81115219913999,204.48256540387297,0.026492646799041984,2.438604468101156,2.0344802368873243
1095,45.81115219913999,204.41725773480397,0.02588676490594234,2.371176768604989,1.8567625999621882
1096,48.10170980909699,204.34930051524591,0.02490707187586874,2.2786792909731317,2.0285571781275613
1097,48.10170980909699,204.28130070363756,0.024196778963994102,2.2084226910431624,1.800562107448625
1098,50.50679529955184,204.21071387421875,0.0232245334789646,2.1204726636243656,1.90413141882029
1099,50.50679529955184,204.14002056962005,0.02258210293736368,2.0580381511728367,1.63386534154751
1100,53.032135064529434,204.06643461662364,0.021734742244494606,1.9812520586923548,1.7837367724304585
1101,53.032135064529434,203.99247253134433,0.021209552131546485,1.9289451721393636,1.6126033684572758
1102,53.032135064529434,203.91965879808606,0.02088024784047186,1.8923510981163545,1.5636522695355504
1103,55.68374181775591,203.8431871115167,0.020276663578060333,1.8368156497604518,1.7982309916446593
1104,55.68374181775591,203.7660275884444,0.019863150668639702,1.7969563439946954,1.712398313294791
1105,55.68374181775591,203.69020557636316,0.019518835653762254,1.7648774257822644,1.6559248108286924
1106,55.68374181775591,203.6155464861978,0.019219465047110272,1.738446188914783,1.6678408214597367
1107,55.68374181775591,203.5418389217827,0.018974514085890102,1.717467570901978,1.7312586820011064
1108,55.68374181775591,203.47974529959632,0.018805577358186592,1.7024439460998446,1.8270381251753762
1109,55.68374181775591,203.42687989901685,0.018836155984401526,1.7044111711150105,2.1037838237053075
1110,53.032135064529434,203.38274077290706,0.01942740772011572,1.7545364799335983,2.713803517674034
1111,50.50679529955184,203.34401960588607,0.020444069907166667,1.8457709904210222,3.3663775708516743
1112,48.10170980909699,203.30468631495958,0.021805623172402793,1.9705606963705906,3.7760661033609817
1113,45.81115219913999,203.26456824309304,0.023352725229912105,2.1155239090618876,3.979148280496964
1114,43.6296687610857,203.223741358109,0.024953591531196424,2.267661103489209,3.995761586738655
1115,41.55206548674829,203.1809336706169,0.02667231173292087,2.4243570296902504,3.8126480456259126
1116,39.573395701665035,203.13601171500108,0.02853314343673198,2.581867534456164,3.520511581682903
1117,37.68894828730003,203.08908036933644,0.030388274900296757,2.729811570881885,2.93710310933999
1118,37.68894828730003,203.03871216924608,0.031663742602367664,2.82984941878002,2.1317629755585257
1119,39.573395701665035,202.98546468607594,0.031879800923153144,2.8484982559241736,1.2633804713797108
1120,41.55206548674829,202.93058512773513,0.03129232443514729,2.8042008898833544,0.9563510782655142
1121,43.6296687610857,202.8733433818231,0.030179605917600237,2.7186120961944895,1.2593591080655187
1122,45.81115219913999,202.81445163490397,0.028709696817379015,2.603947015565041,1.8434784831117246
1123,48.10170980909699,202.75442496353102,0.027057764136985015,2.4744384597315854,2.355756597409978
1124,48.10170980909699,202.69551046222574,0.025782951195118347,2.372525289698029,2.2082107141207725
1125,48.10170980909699,202.6373438509215,0.024714222893774857,2.2867490420916767,2.118791257332253
1126,48.10170980909699,202.57957210702645,0.02383150384517049,2.2119252182335747,1.9949293806911654
1127,48.10170980909699,202.5219243606162,0.023087721812863362,2.143298583107975,1.8469760592250357
1128,48.10170980909699,202.4641687048663,0.022457222454162207,2.0792026308590237,1.6582443864980547
1129,50.50679529955184,202.40425486412843,0.02154081638198947,1.9908714836454848,1.92817419595175
1130,50.50679529955184,202.34446240694297,0.020871044045699397,1.9180416595176366,1.733900687506436
1131,50.50679529955184,202.2843674605779,0.020365660540689657,1.857027542913537,1.5812359587579623
1132,50.50679529955184,202.22364667306667,0.019978400702197547,1.8056835884389026,1.477700332858431
1133,53.032135064529434,202.16025127919085,0.019286548097140206,1.7348982313653196,1.6645818363579963
1134,53.032135064529434,202.09674201668093,0.01875843682913273,1.680660026221968,1.4518497438378664
1135,53.032135064529434,202.03280620400926,0.01833439318009653,1.6397885156606127,1.2760585655124157
1136,55.68374181775591,201.96630694018026,0.017632450143827326,1.5841012429925132,1.5031023090049398
1137,55.68374181775591,201.89989117100748,0.017097389632857053,1.5435188116806045,1.4838964042487952
1138,55.68374181775591,201.83323602121067,0.016659236221611896,1.511877970889374,1.4945073451960056
1139,55.68374181775591,201.7680817103135,0.016284128974277282,1.485666038939716,1.4991689929226784
1140,55.68374181775591,201.70224238396983,0.015976054429988423,1.4642913625069482,1.4168659303417939
1141,55.68374181775591,201.63739732160107,0.015734794133718637,1.4471483832987477,1.2259035495827628
1142,55.68374181775591,201.5732691541941,0.015560838026246011,1.4341802461526612,1.039930533756062
1143,58.46792890864371,201.50577121272696,0.015144263489853257,1.4024108900979642,1.0746986509566647
1144,61.391325354075896,201.43557547685705,0.014562697773768354,1.3568926762771105,1.2053299262607882
1145,61.391325354075896,201.36521987590038,0.014170740907870774,1.3237770590623623,1.0522084463655712
1146,64.4608916217797,201.29213172325439,0.013611761839676273,1.2773218209532893,1.228853176028051
1147,64.4608916217797,201.21904365929416,0.013215286721414582,1.2410447503735622,1.039431889093834
1148,64.4608916217797,201.14545929903915,0.012917498682127092,1.2125959059091385,0.9346059952437942
1149,67.68393620286868,201.06883714725913,0.01243714586353466,1.171311135631232,1.1496090364772351
1150,67.68393620286868,200.99222354007495,0.01207355235222313,1.1415891214862612,1.1244677747745535
1151,67.68393620286868,200.9286957886924,0.011778058759811423,1.120905033910601,1.270566385834292
1152,67.68393620286868,200.87527030760586,0.011653053736174288,1.1187801198658232,1.4311616551056814
1153,64.4608916217797,200.83085177070905,0.01196811986376849,1.1563546997524226,1.84661880385962
1154,61.391325354075896,200.79287910553296,0.012638721211448593,1.227535472134271,2.560632681931464
1155,58.46792890864371,200.75998188933534,0.013525756870544135,1.3210876993954814,3.1998853643379164
1156,55.68374181775591,200.7294230276341,0.014634486693923835,1.4330826507544683,3.796737768522952
1157,53.032135064529434,200.6957134518072,0.015929001130393416,1.5580227686836727,4.2830374532656155
1158,50.50679529955184,200.65903642530077,0.01733196985463253,1.6882080645302955,4.496997236283771
1159,48.10170980909699,200.621031928751,0.018785222474164885,1.818730672646697,4.51423710919007
1160,45.81115219913999,200.58207168035273,0.02027332866175603,1.9494514132733853,4.371338682799118
1161,43.6296687610857,200.54425826234123,0.021785037041776326,2.0794352575369826,3.9861240579301267
1162,41.55206548674829,200.50455704342937,0.023316764274829815,2.2101086260450966,3.558526974812687
1163,39.573395701665035,200.4630680041966,0.024839902892840774,2.339410672784794,3.0022360800649346
1164,37.68894828730003,200.4199231105477,0.026332857741511232,2.4653870809431564,2.4177845928291117
1165,37.68894828730003,200.38130208265946,0.0273261559109108,2.553635085950001,1.6104514381263932
1166,39.573395701665035,200.34046784410205,0.027516289893522405,2.583025391851334,0.8569899912722543
1167,41.55206548674829,200.29813612138574,0.027167023489200085,2.5669698215747445,0.46579183598229806
1168,43.6296687610857,200.2548254168555,0.02647171417072566,2.516901079656092,0.8102727888784741
1169,45.81115219913999,200.20954007899508,0.02559280601721463,2.4440721207694973,1.2711489656987418
1170,48.10170980909699,200.1625338869428,0.024563420307118715,2.3555106217380413,1.697435241738265
1171,50.50679529955184,200.1140083657842,0.02344646930020944,2.2580017013623395,2.0653044852933533
1172,50.50679529955184,200.06574119169625,0.022642370536359785,2.1828269892378644,2.0355622270068365
1173,50.50679529955184,200.01742851342985,0.022003608516495535,2.121183696401372,2.0806716549250863
1174,50.50679529955184,199.97030154196457,0.021463588190454127,2.068158441357229,2.142389584768812
1175,50.50679529955184,199.92417202534344,0.021009305656554025,2.022413296036559,2.1545403449586122
1176,50.50679529955184,199.87751064390793,0.020632562207705676,1.984876408530219,2.0038784733933057
1177,50.50679529955184,199.83017554255542,0.020320840061274954,1.9540420159508303,1.9185237062930056
1178,50.50679529955184,199.78341801733865,0.020072888077558065,1.9287920331512596,1.895265699164748
1179,50.50679529955184,199.73707795839744,0.01989367085447564,1.909237996240734,1.8375552789098726
1180,50.50679529955184,199.6910062801962,0.01977845567728321,1.8948990078780723,1.747418702482359
1181,50.50679529955184,199.64509604313668,0.019709149400885344,1.884432236436904,1.6086334804752453
1182,50.50679529955184,199.5992809903911,0.01966828701401486,1.876670726925032,1.4267610042669618
1183,53.032135064529434,199.5521582182479,0.019266369205021693,1.841862936826265,1.4768262522808224
1184,55.68374181775591,199.5028560679877,0.018638389550905042,1.7893107688956853,1.5579170723458642
1185,55.68374181775591,199.45319443810675,0.018227464775701693,1.7521169662651352,1.2294540805788285
1186,58.46792890864371,199.4013931978895,0.01758000250706196,1.6969672599173011,1.4269881459570686
1187,58.46792890864371,199.34942021758891,0.017124550149461598,1.6568396441513673,1.1630097815455072
1188,61.391325354075896,199.29542194222284,0.01645109899525711,1.6004783578591202,1.4630635294492715
1189,61.391325354075896,199.2413267299405,0.016000613367178406,1.5607483839019596,1.279316431641041
1190,64.4608916217797,199.19495978461833,0.015366609758322852,1.50739720126329,1.6395591186167942
1191,64.4608916217797,199.14819513983917,0.01504700246582038,1.4799673723649809,1.1049962524979688
1192,67.68393620286868,199.0991558992884,0.01458980758685208,1.443201423977595,1.205749398844071
1193,67.68393620286868,199.0510487175631,0.014312508045289905,1.421047083062435,0.8432546362493585
1194,71.06813301301212,199.00074760194508,0.01383747731966868,1.3838021468477737,1.0948179259066224
1195,74.62153966366273,198.94856203788748,0.013274041251972108,1.337843001640495,1.3242342594219454
1196,74.62153966366273,198.8960878144541,0.012958704195193791,1.3089739999639316,1.0002621921535797
1197,78.35261664684587,198.841302520249,0.012509876743511701,1.267908098636288,1.2588827977299921
1198,78.35261664684587,198.78595364716267,0.012270452844736419,1.2417160338055224,0.9778833607130065
1199,82.27024747918817,198.73809243836868,0.011888505035790134,1.2031420503859622,1.3229361919262568
1200,82.27024747918817,198.68928808556433,0.011769687075610453,1.1867756347649794,0.8255348901337561
1201,86.38375985314758,198.63758029627232,0.01153017250599662,1.1625468640089365,0.998807826424521
1202,86.38375985314758,198.5862485227343,0.011446325825131757,1.1542795552658132,0.8504933613631707
1203,90.70294784580496,198.54150519408597,0.011178921326603319,1.13560114068152,1.3067920922174772
1204,90.70294784580496,198.4957976498164,0.011087210003797547,1.1357224955937288,1.133538088061551
1205,90.70294784580496,198.45004812104648,0.011097394120653694,1.1446115414060438,1.105676079560306
1206,90.70294784580496,198.40397835117685,0.011175074520723655,1.157268515330966,1.0834076923900382
1207,90.70294784580496,198.35742085083322,0.011293382565372144,1.1708478504547222,1.0625765546328763
1208,90.70294784580496,198.31030179876595,0.011429597319202718,1.183664872643987,1.0625148315388255
1209,90.70294784580496,198.26263183780333,0.011563230458157412,1.194769720789258,1.131735917291779
1210,90.70294784580496,198.22174751040583,0.011667352434398974,1.2029570120431339,1.2795440950760786
1211,90.70294784580496,198.18163405628516,0.01179335551149639,1.2141007212726613,1.7703741998866724
1212,86.38375985314758,198.14213961784853,0.012191933145384394,1.2494982885965138,2.5616577825391618
1213,82.27024747918817,198.10279527408707,0.012752878865103028,1.298275267265648,3.1935755682452873
1214,78.35261664684587,198.06338457127978,0.013413107562195768,1.3546778364583414,3.6079426053533834
1215,74.62153966366273,198.02376972762326,0.014156714476801873,1.4169037695791342,3.861187599625148
1216,71.06813301301212,197.98391523780697,0.014954471857406847,1.4846769006765834,3.897776546723354
1217,67.68393620286868,197.94383516940013,0.015791070734760163,1.556978603987147,3.84925551039268
1218,64.4608916217797,197.90238332376939,0.016648651839784576,1.632361517743063,3.673516782594389
1219,61.391325354075896,197.85962110511525,0.017508442063631433,1.7087631748464283,3.4148149321992736
1220,58.46792890864371,197.81560506254993,0.018371742130884952,1.7843795833094702,2.963377495724848
1221,55.68374181775591,197.77038951392203,0.0192388552487412,1.858704532841513,2.46815105994103
1222,53.032135064529434,197.72401354345558,0.02011576287216814,1.9315841991310019,1.9678687385839333
1223,53.032135064529434,197.67664389189093,0.020546776027157047,1.971432571422206,1.0387550224769777
1224,55.68374181775591,197.6275753594246,0.02027016420976757,1.9579751538122132,0.38900207873008297
1225,58.46792890864371,197.57636444550917,0.01956096158473364,1.9094712572444512,1.3716794031687725
1226,61.391325354075896,197.5329680988348,0.018572596303717544,1.8387727318532165,2.3343311905897366
1227,58.46792890864371,197.49099649592915,0.01831163312926243,1.8230115654184886,1.8089610337635147
1228,58.46792890864371,197.4512672331316,0.01812013915507532,1.8111932888049507,1.9011873101201568
1229,58.46792890864371,197.4109883962987,0.01783572296035585,1.7984740139665154,1.8025609930928812
1230,58.46792890864371,197.371232468256,0.01760417565043734,1.790877273662284,1.7813872682753218
1231,58.46792890864371,197.33301520834752,0.017430529008263907,1.7888933118157402,1.8382255544597175
1232,58.46792890864371,197.29502258441414,0.017328074675032994,1.7929148077889914,1.819181276206032
1233,58.46792890864371,197.2571336085816,0.01728080176133377,1.800647768946282,1.7475603687767018
1234,58.46792890864371,197.21927562155122,0.017266668063206335,1.81051588910497,1.6400990744721167
1235,58.46792890864371,197.18138385814714,0.017282073146261408,1.8216300951022457,1.4962622557966283
1236,61.391325354075896,197.142387583531,0.016938885916474276,1.8013075287699294,1.5644552020892168
1237,61.391325354075896,197.10374994066402,0.016783106361906202,1.7903657191955742,1.206580404644736
1238,64.4608916217797,197.0640891516949,0.016407173598913142,1.7556556965640782,1.3768341071641264
1239,67.68393620286868,197.02255777620937,0.015886280077464024,1.7047028520540222,1.6408778650850977
1240,67.68393620286868,196.98058540010464,0.01558734799122195,1.6700112490017534,1.3603209916218821
1241,71.06813301301212,196.94044396518228,0.015062141345365513,1.6167244603508109,1.8274732877076316
1242,71.06813301301212,196.89990072902057,0.01476981352469533,1.584100995015699,1.5582015494292119
1243,71.06813301301212,196.85981796101754,0.01460206596717914,1.5640488574836775,1.3870592162250863
1244,71.06813301301212,196.82010137770033,0.014468665675651563,1.5533232111946622,1.1763402081009418
1245,74.62153966366273,196.77883215229096,0.013901331338263222,1.5099623248976983,1.3365517079903184
1246,74.62153966366273,196.74120577755966,0.013446117533381418,1.4792939733780337,1.5622618425503005
1247,74.62153966366273,196.70340900249752,0.013113603492676785,1.46607444886999,1.2859001235957261
1248,74.62153966366273,196.6663257360742,0.012866051436575404,1.4576734709043628,1.121110764245624
1249,78.35261664684587,196.62766900288392,0.012401263289014895,1.4235029975960862,1.3091818142828733
1250,78.35261664684587,196.59213006252452,0.01209538515504577,1.3953611771546952,1.4642597322724684
1251,78.35261664684587,196.55713638149948,0.011909810639024817,1.371801692496135,2.0848304841611855
1252,74.62153966366273,196.52333263766664,0.012080066599276072,1.3759297861888429,2.83304903785229
1253,71.06813301301212,196.4900758742756,0.012478828219680377,1.3994321020639344,3.527208641936839
1254,67.68393620286868,196.4570008378826,0.013031171352575902,1.4386945325269673,3.868259676092529
1255,64.4608916217797,196.42395262496268,0.013671633384019808,1.4915884040857716,3.843906228895136
1256,61.391325354075896,196.38991195127653,0.014355642837398621,1.5543404977684439,3.509324959527897
1257,58.46792890864371,196.354891569244,0.015055578653749228,1.6246767883110536,2.985434258490038
1258,55.68374181775591,196.31889357047217,0.015776367154432366,1.7012411890352308,2.3751281926177548
1259,53.032135064529434,196.28197714640112,0.01649302615108458,1.7805996585905257,1.8437029126910969
1260,53.032135064529434,196.2442841011706,0.01683999456461944,1.8310863119994418,1.0906047094349565
1261,55.68374181775591,196.20522101060462,0.01662103342262388,1.8318965854264788,0.9261769120334344
1262,58.46792890864371,196.16560337388412,0.016054274654906327,1.7964705660517377,1.6280416694904578
1263,58.46792890864371,196.12688915957827,0.015688180340043417,1.7651239305438686,1.711983871233347
1264,58.46792890864371,196.08885976139274,0.015410671962608636,1.7341336836384083,1.7049790113933345
1265,58.46792890864371,196.05128365283989,0.015226985179045312,1.703401608831319,1.6413437592447055
1266,58.46792890864371,196.01395287789572,0.015127568518631179,1.675068350891048,1.501459826652144
1267,58.46792890864371,195.97668693358997,0.01510129716671423,1.6505397910608266,1.4477164617410996
1268,58.46792890864371,195.93939791923893,0.015110645852726288,1.6318932142448281,1.3767110969720433
1269,58.46792890864371,195.90203517052547,0.015140525265071592,1.6203603417439045,1.2677305330686595
1270,61.391325354075896,195.86357272463908,0.014843958188600176,1.5894619941273045,1.448129037513564
1271,61.391325354075896,195.82562638981068,0.014644773482865019,1.5740653650612824,1.3511100061852601
1272,61.391325354075896,195.7881211531157,0.014474538800752196,1.5687171774400435,1.4967269523854758
1273,61.391325354075896,195.7511100170741,0.01428384865432406,1.5663036157886514,1.5938617710116763
1274,61.391325354075896,195.7145506493807,0.014109495975485024,1.5632932664460204,1.4663292628328783
1275,61.391325354075896,195.67834118740547,0.013974455529432531,1.5576221534755923,1.1178849868109522
1276,64.4608916217797,195.64024206087512,0.013595692063043873,1.5237999510579985,1.1019283081594602
1277,67.68393620286868,195.6006547568711,0.013062181162548854,1.4724557703492334,1.322057370783939
1278,67.68393620286868,195.5609314930459,0.012725283794506798,1.4356499097809885,0.9797417574385863
1279,71.06813301301212,195.5196764283364,0.012220058944658716,1.3846364129930755,1.3409630227963665
1280,71.06813301301212,195.47830712182125,0.01189698856551118,1.3494482775292123,1.0370690736180017
1281,74.62153966366273,195.44295078543476,0.011392468484119128,1.3025880440703421,1.413278215629278
1282,74.62153966366273,195.40741542127896,0.011116654910300925,1.2805721818132145,0.9911004034249571
1283,78.35261664684587,195.37599112059422,0.01069500148757754,1.2508422716117327,1.4080407609471286
1284,78.35261664684587,195.34418893287415,0.010508361381074405,1.2424764396925168,1.2235699512141984
1285,78.35261664684587,195.31256132850848,0.010450673998171655,1.2444158147227697,1.2040311920700983
1286,78.35261664684587,195.28087818373726,0.010469026152363881,1.2510879705819218,1.1997654333290142
1287,78.35261664684587,195.2489935425342,0.010535606393339818,1.259513617742908,1.2026124336202901
1288,78.35261664684587,195.2168097816085,0.01063444418939621,1.2682181841169853,1.228322545798373
1289,78.35261664684587,195.18524408412034,0.010743124723062368,1.2761959138053294,1.3162326818477335
1290,78.35261664684587,195.15335457046677,0.010853332883542165,1.2841265757555451,1.492260692419406
1291,78.35261664684587,195.12117166824146,0.010953185263374878,1.2918424342610983,1.6287962552211546
1292,74.62153966366273,195.08961515517746,0.011276998824088372,1.3239479397468603,1.9846334628005973
1293,71.06813301301212,195.05841234850416,0.011708128655520463,1.372323668269014,2.17562563939807
1294,67.68393620286868,195.02746274848832,0.012193774673755245,1.4323724718714754,2.2294373065167337
1295,64.4608916217797,194.9967105700999,0.012721792543138192,1.5018363559821217,2.192540971551833
1296,61.391325354075896,194.9651973443212,0.01328976676849353,1.5782798006646834,2.132412029758193
1297,58.46792890864371,194.93291666530163,0.013877755574563229,1.6573844173360222,1.9627099837209556
1298,58.46792890864371,194.8990716020357,0.01412650339482271,1.7059623493319722,1.4491964801518034
1299,58.46792890864371,194.86504872279548,0.014200721544231925,1.7302722246963824,1.115012159662492
1300,61.391325354075896,194.8301119254691,0.013887789952254545,1.7093965397280424,1.1280407932704186
1301,64.4608916217797,194.7937154291353,0.013377750868178682,1.6596197189339783,1.570946945066479
1302,64.4608916217797,194.75713380120743,0.013054171939488235,1.6173347457659564,1.4354180875385214
1303,64.4608916217797,194.72009686392485,0.012831698356284843,1.5789947327719775,1.458034197346777
1304,64.4608916217797,194.68252779343302,0.01263695098940317,1.5427292872452225,1.522202582008836
1305,64.4608916217797,194.6510805138602,0.012444458590335512,1.5080666244043803,1.574806877899859
1306,64.4608916217797,194.6189400132254,0.01234833314547123,1.4833283051982444,1.4094147328416922
1307,64.4608916217797,194.58690484123252,0.012307866035906695,1.4643717325270482,1.3941868827306276
1308,64.4608916217797,194.5548656899013,0.012309394891886141,1.450667700215143,1.4327418688929587
1309,64.4608916217797,194.52275451047612,0.012337067979768572,1.4409323659167617,1.440592181651848
1310,64.4608916217797,194.49055706748007,0.012370210317001322,1.4344315526268354,1.41396589202094
1311,64.4608916217797,194.45825106182792,0.012411919930078438,1.4301682843060182,1.3832882109210014
1312,64.4608916217797,194.42579209374355,0.012470687871883959,1.4282608252449258,1.3536588057533105
1313,64.4608916217797,194.39319990301811,0.012521871815025844,1.4282633105934253,1.28536635228946
1314,64.4608916217797,194.36047363971076,0.012573382304027655,1.4301817221148865,1.2345118529490207
1315,64.4608916217797,194.3275928425828,0.012632753971059202,1.433579964865273,1.1905179924927194
1316,67.68393620286868,194.29372692654562,0.012391652580225563,1.414182925672815,0.9596072660916385
1317,71.06813301301212,194.25836547038548,0.011963824078781797,1.3794178385247053,0.9642109907683847
1318,74.62153966366273,194.2218729191421,0.01141609516624296,1.333731665346227,1.2487055818911919
1319,74.62153966366273,194.18549598029014,0.011048473523159559,1.3053134141430303,1.0731271813042518
1320,78.35261664684587,194.1546240647972,0.010505856904670739,1.2635352049662365,1.6964787329225344
1321,74.62153966366273,194.12442662147518,0.010475871282960745,1.2664480048949267,1.244560329519641
1322,74.62153966366273,194.09515471116094,0.010460575841250404,1.272359618993052,1.410125448220079
1323,74.62153966366273,194.06587744465173,0.010462489924937883,1.2809400992370572,1.5546714313590637
1324,71.06813301301212,194.03729058540128,0.01072655512895604,1.3143883610117557,1.7406146914687066
1325,67.68393620286868,194.00897823480852,0.011154729735961736,1.3640280466568488,1.894452807937717
1326,64.4608916217797,193.98072380406586,0.011688505503331786,1.4242880268453662,1.9573658425480027
1327,61.391325354075896,193.95242648969497,0.012291558221632462,1.491967569271948,1.9539871362928365
1328,58.46792890864371,193.92411553085435,0.012912359245559576,1.5635035827933244,1.9150059438147111
1329,55.68374181775591,193.89487180144258,0.01359677319376273,1.6373811742038895,1.752174735009154
1330,55.68374181775591,193.86379559305982,0.014027939903314716,1.683901086084149,1.1688052823368613
1331,58.46792890864371,193.83120998380264,0.014008847838830846,1.6843122205957757,0.7166654319756893
1332,61.391325354075896,193.7977660790211,0.013693177942461896,1.6564146499091972,1.2663116716201779
1333,64.4608916217797,193.76587989523242,0.013190916429726791,1.6125267905416307,1.9386678133244217
1334,61.391325354075896,193.7345450016395,0.01321456046706844,1.6153941570452133,1.4554430285291908
1335,61.391325354075896,193.7040505716734,0.013245923498240527,1.620812085885589,1.6773942563192263
1336,61.391325354075896,193.67336150166742,0.013330469662281451,1.630771831034477,1.8562088785841966
1337,61.391325354075896,193.64252946245094,0.013392571469964941,1.6414931177560652,1.878181115981466
1338,61.391325354075896,193.6115207217526,0.013469325628391203,1.653070593609645,1.8801164221453381
1339,61.391325354075896,193.58029348509197,0.013564234134881788,1.6646302510968196,1.8432622223858433
1340,61.391325354075896,193.54790489019464,0.013658927688548437,1.675579629981165,1.7226701970345792
1341,61.391325354075896,193.51436573544387,0.013732176820997694,1.6842557569404581,1.5893331960560282
1342,61.391325354075896,193.4807668092318,0.013756649479327235,1.6889810316183242,1.435903523028641
1343,61.391325354075896,193.44723152011792,0.01373059408557657,1.6904872598272003,1.2571313922861542
1344,64.4608916217797,193.41290730371074,0.013384390713163313,1.6639221774360888,1.670348724247954
1345,64.4608916217797,193.37918638981193,0.013149138831767439,1.6471791584536364,1.4611431683786078
1346,64.4608916217797,193.34580744659308,0.0130157907273756,1.6371010200805716,1.3690234846226184
1347,64.4608916217797,193.31253260395545,0.012975197729230706,1.632063852778233,1.3989780316467477
1348,64.4608916217797,193.2791956207588,0.01299942882926303,1.630887539698819,1.475106972642575
1349,64.4608916217797,193.24576518580778,0.013035869422061037,1.6329160895208539,1.4790998509758047
1350,64.4608916217797,193.21228426751716,0.013055554903985368,1.6368772311677982,1.413930946994973
1351,64.4608916217797,193.1788196152276,0.013049212136781958,1.6423090833303176,1.30549061508909
1352,67.68393620286868,193.14454205361835,0.01272971250807619,1.6216535196153667,1.549919119291298
1353,67.68393620286868,193.11079331604196,0.012533322286960205,1.6117684151986287,1.3449321389096824
1354,67.68393620286868,193.0773492043691,0.01242019288116602,1.608968548494416,1.1898884242981904
1355,71.06813301301212,193.04321968618783,0.012071174652490867,1.5845723115493877,1.5816780672424111
1356,71.06813301301212,193.00974073978864,0.011841075722729065,1.5708827318528524,1.4333791889326235
1357,71.06813301301212,192.97662214039607,0.011713625589067187,1.563247733384123,1.4341532019836138
1358,71.06813301301212,192.94362312955047,0.011671328647547163,1.5594345094577988,1.5870492584258413
1359,71.06813301301212,192.91244199818422,0.011699995499820107,1.558700240568005,1.8049110363373058
1360,71.06813301301212,192.8810855967776,0.011765761512599128,1.562008799726939,1.9150701098350704
1361,67.68393620286868,192.8504087398158,0.012086317151028602,1.593534759215465,2.084032210832949
1362,64.4608916217797,192.82016528349115,0.012511340572046177,1.6439531196920225,2.163405099377687
1363,61.391325354075896,192.79026847763043,0.012986332379855851,1.7079672345199735,2.1247374478967087
1364,58.46792890864371,192.7597678853752,0.013505854596751476,1.780433344661444,2.0678018251273125
1365,58.46792890864371,192.72781720550302,0.013735885959443401,1.8207691177715244,1.6823332557917725
1366,58.46792890864371,192.69569392478067,0.01381008862444674,1.8446874377125413,1.1337089127359823
1367,61.391325354075896,192.66272128208084,0.013500225726446964,1.8273414984244962,0.732668710367005
1368,64.4608916217797,192.62840878655228,0.012990116768789396,1.7828794566955093,1.2636469790584877
1369,67.68393620286868,192.59697244866135,0.012385543613308276,1.7201047904688354,1.8507007975522207
1370,67.68393620286868,192.56552947124203,0.01202733932864642,1.6783758577442416,1.3837137000406565
1371,71.06813301301212,192.5348481722197,0.011512445019222748,1.6234478579261298,1.8092507697752072
1372,71.06813301301212,192.50405327830345,0.011218513461517077,1.5886338209879463,1.3098559325568495
1373,74.62153966366273,192.47286570844352,0.010820537582169611,1.5407236070798234,1.6062212966882852
1374,74.62153966366273,192.4413147112488,0.010627794966043158,1.510338916032773,1.094212027316806
1375,78.35261664684587,192.4082451563909,0.010299873776384683,1.465528559097761,1.3965782700507436
1376,78.35261664684587,192.3747411502063,0.010131250857883975,1.435185645441158,0.9784081267145949
1377,82.27024747918817,192.3396860551223,0.009801464120455912,1.3896195980859507,1.3793481364871572
1378,82.27024747918817,192.30427648925385,0.009612208498872694,1.3576192718116884,1.054338021649521
1379,86.38375985314758,192.27381772873457,0.009264171406909197,1.311114605339868,1.4900261964259836
1380,86.38375985314758,192.24297344060776,0.0091081858185697,1.2857597078543344,0.8777545284987452
1381,90.70294784580496,192.2106368156622,0.00882928014067113,1.2509562597502086,1.0424742217071326
1382,90.70294784580496,192.1787708141868,0.008700779826631895,1.2317825282144022,0.7605902414897194
1383,95.23809523809521,192.14542579988534,0.008418505332031777,1.2012812895172171,0.9031884007979618
1384,99.99999999999997,192.1120088304409,0.008034925341644714,1.162884612633097,1.2042712391547628
1385,99.99999999999997,192.07847643384392,0.007827843846211647,1.1406303767509454,0.9320885876382928
1386,100.0,192.04538350582055,0.007725253762587493,1.1267899309759342,0.959122274303059
1387,100.0,192.01245433072853,0.0076870270771998055,1.1177076475139416,1.03212132703826
1388,100.0,191.97954627034173,0.007682098034464779,1.1110099133522378,1.1056815330182925
1389,100.0,191.95072091598203,0.007686761162586494,1.1052612329749962,1.1841698488251209
1390,100.0,191.92173527688567,0.007729503759011842,1.1048456731220628,1.4900875552252613
1391,95.23809523809524,191.89321744864114,0.00798499190847892,1.1280221285726388,2.3267020037647534
1392,90.70294784580499,191.8648322773004,0.008345240374187619,1.1658441750256328,2.902571802204451
1393,86.3837598531476,191.83644431494278,0.00876336397978993,1.2131721966811793,3.2172197249951533
1394,82.27024747918819,191.80800659645854,0.009217659880865951,1.2667644492624375,3.322578722888567
1395,78.35261664684589,191.77951901961467,0.0096955117563517,1.3243537028252654,3.2755383082777136
1396,74.62153966366274,191.75012639879665,0.010197779423863037,1.3853247226702399,3.156116808163359
1397,71.06813301301213,191.719830522537,0.010715264470950735,1.4472620650038155,2.9139231921239994
1398,67.6839362028687,191.68865925711265,0.011238953746827127,1.5091995091135777,2.6323106143811428
1399,64.46089162177971,191.65671507959047,0.01174127434306514,1.5685142126271276,2.354833419388901
1400,61.39132535407591,191.6241116300097,0.01221628488926908,1.6250903586502,2.086966888098892
1401,58.46792890864372,191.5909231224405,0.012676968090995968,1.6785465803241022,1.809930793959954
1402,58.46792890864372,191.556246730107,0.012859508121977736,1.7027132253750548,1.0639779561676221
1403,61.39132535407591,191.52056093896732,0.01260365420638904,1.6806795191974573,0.8060660127453414
1404,64.46089162177971,191.48342070993152,0.01212883823670619,1.6306644605739349,1.6438627428946668
1405,64.46089162177971,191.45279523875345,0.011766261053055477,1.5825917768368245,2.084243517250087
1406,61.39132535407591,191.4226708867649,0.011798464452526938,1.5692721000569574,1.5936390575650672
1407,61.39132535407591,191.39257669072273,0.01178665361379651,1.552781564915673,1.5926910485404373
1408,61.39132535407591,191.36253658366047,0.011765469194461748,1.5364520792722527,1.5673784568390983
1409,61.39132535407591,191.33162543694436,0.011753999466513804,1.5218971297083264,1.5092176893048233
1410,61.39132535407591,191.30072655088452,0.011749337337582627,1.5088511289317057,1.4848437343407648
1411,61.39132535407591,191.26980161140398,0.011759244181200569,1.4985226506579468,1.4449462471591838
1412,61.39132535407591,191.23879751663029,0.011789343073405335,1.4915347735006212,1.399891602726688
1413,61.39132535407591,191.2076937999839,0.011827224406243668,1.4872671035554819,1.308614054146778
1414,61.39132535407591,191.17651512765494,0.011855726391698173,1.4846378037278545,1.1542768542831776
1415,64.46089162177971,191.14451971352582,0.011586946105192503,1.4576350659734434,1.211353436249677
1416,67.6839362028687,191.11114656485006,0.011175112672640253,1.4149307266121054,1.3427684179789743
1417,67.6839362028687,191.07748324068666,0.010943960120788049,1.3842512328099787,0.9661925616811906
1418,71.06813301301213,191.04329342604166,0.010585830844280478,1.3384484670098982,1.356738927636259
1419,71.06813301301213,191.0086122963797,0.010425195649198344,1.3073241193704535,1.2053885197526846
1420,71.06813301301213,190.97410371226567,0.010373328218303396,1.2854114121167795,1.240640326820019
1421,71.06813301301213,190.9395872300672,0.010375702393410327,1.2701414771482944,1.297417629075044
1422,71.06813301301213,190.90409652735667,0.010357819834749845,1.2582533639493132,1.2667759796394797
1423,71.06813301301213,190.8688790140609,0.010278090595203309,1.2480467142136773,1.0689588480927772
1424,71.06813301301213,190.83404791373832,0.01016531751228887,1.2405815518159307,0.807491664991658
1425,74.62153966366274,190.79878174035986,0.009802182710396797,1.2158674831167708,0.8153811383331369
1426,78.35261664684589,190.76883862921605,0.009325092589868373,1.1818868174184007,1.2689512679358848
1427,78.35261664684589,190.73885692531408,0.00906515671449378,1.1677430648567535,1.1683840528288818
1428,78.35261664684589,190.70933594151202,0.00892585509503571,1.1611895304133861,1.154063080129129
1429,78.35261664684589,190.6833172235164,0.008855256015328935,1.1572077406873007,1.2379511753324304
1430,78.35261664684589,190.65722232495042,0.00888118344401583,1.1578548771224755,1.546685213730838
1431,74.62153966366274,190.63146974689516,0.009202911356458414,1.1825383888627072,2.1880317865107797
1432,71.06813301301213,190.60558959863707,0.009710924680661807,1.2232435086114748,2.8288013737755517
1433,67.6839362028687,190.57938683675053,0.010323576851100144,1.2773105650879166,3.215347423208393
1434,64.46089162177971,190.55286960215454,0.01096984913021445,1.340565016058517,3.3482809415937234
1435,61.39132535407591,190.5253247320572,0.011616230652903209,1.411954641803654,3.171603500523873
1436,58.46792890864372,190.49685870324808,0.012237802982765287,1.4890221643450579,2.873671058020705
1437,55.68374181775592,190.46758759609236,0.012828261271770487,1.5691542587076155,2.5340052616727644
1438,53.03213506452945,190.43770730078313,0.013349518658345941,1.6510750930530067,2.319742258316543
1439,50.506795299551854,190.40731156863538,0.013843484044978944,1.7327863774622356,2.2492357889791967
1440,48.101709809097,190.3764139476895,0.014345309117603842,1.8133829155980976,2.189389336680015
1441,45.81115219914,190.34499397858858,0.014871086441508276,1.8898222506666549,2.060237156858666
1442,45.81115219914,190.31213250978465,0.015100338778754887,1.9317694565250032,1.7921897773978595
1443,45.81115219914,190.27924830696182,0.015110785402087521,1.9475114992151323,1.6827390399215478
1444,45.81115219914,190.2464438302309,0.015074150064717875,1.945711434150039,1.5119353407132283
1445,48.101709809096995,190.21184932069616,0.014698748996559778,1.9036829192421765,1.7547030810229869
1446,48.101709809096995,190.17691462222032,0.014410961915433113,1.8627296620016323,1.7630709601431234
1447,48.101709809096995,190.14261765070765,0.014147892263141533,1.8225887414746922,1.8318261457666187
1448,48.101709809096995,190.10880017343226,0.013950095416635734,1.7858475126164757,1.8675666179443327
1449,48.101709809096995,190.07528714408318,0.01382450717159825,1.7534758892307922,1.8305882675374032
1450,48.101709809096995,190.04702239451382,0.01371709629558732,1.7215601057266263,1.9412420778278707
1451,48.101709809096995,190.0179563883662,0.013695099184962,1.7001433561591395,1.6888771453338716
1452,48.101709809096995,189.98891701535103,0.013682550388588973,1.685135227252194,1.497562557535946
1453,48.101709809096995,189.9599776502457,0.013635429424188278,1.6738622822304738,1.2164157329681569
1454,50.50679529955185,189.93027086286457,0.01333049295368147,1.642238552247453,1.3182572740052712
1455,53.03213506452944,189.89914181478963,0.012916053587126294,1.5986419644737346,1.4686149586748405
1456,53.03213506452944,189.8684750112776,0.01272425923695365,1.5716671925795687,1.2262260954025785
1457,55.683741817755916,189.83631127628905,0.012339681474193339,1.5327657837063784,1.343046523956661
1458,55.683741817755916,189.80487662724238,0.012059966189446047,1.5075537015798781,0.9984723229311112
1459,58.467928908643714,189.772175528935,0.011600408682231597,1.4684416156623457,1.2068429986536062
1460,61.3913253540759,189.73953725192672,0.011026784203953888,1.4193593080374367,1.4744045679349551
1461,61.3913253540759,189.70711733534156,0.010633991767852496,1.3870555980331922,1.2602341861553008
1462,61.3913253540759,189.67542038987298,0.01039685146297455,1.3639213601977467,1.105437323082959
1463,64.4608916217797,189.64231365140722,0.010040938358176682,1.3255852913647221,1.3104013436376214
1464,64.4608916217797,189.6088025432987,0.009867552984459977,1.2976005431136823,1.0868615720351935
1465,64.4608916217797,189.57548969761442,0.009809173387729103,1.275197475803526,1.0567793473286786
1466,67.68393620286868,189.54640682762616,0.009595104638414823,1.2369017355022005,1.4703648255829853
1467,67.68393620286868,189.5217783078244,0.009559426509488251,1.217144858605247,1.7028381236171657
1468,64.4608916217797,189.49789567618765,0.009879946754629781,1.2355824483297817,2.3938060615083154
1469,61.391325354075896,189.47397554255926,0.010390233903773785,1.2790003061724173,3.066245286422251
1470,58.46792890864371,189.4498438128689,0.011006252551645494,1.339786562547912,3.515882418746526
1471,55.68374181775591,189.42549324162746,0.011661367308324039,1.411890335077602,3.5740929374769026
1472,53.032135064529434,189.4002406044342,0.012328184767676761,1.4927903862686385,3.432998401619339
1473,50.50679529955184,189.37415388561325,0.01298266727471272,1.5781346858457646,3.178463111522778
1474,48.10170980909699,189.3473460821763,0.013600590813828589,1.664199347433894,2.8874816095821165
1475,45.81115219913999,189.3198696207682,0.014210501977073431,1.7480205139313734,2.5839093525281607
1476,43.6296687610857,189.2917979976725,0.014800221569014857,1.8276825414608848,2.289255759350549
1477,41.55206548674829,189.2631896385992,0.015376083027604773,1.9023149949851792,1.9865161894318621
1478,41.55206548674829,189.23319608703937,0.015651048474661127,1.9449679877365136,1.3782022323034335
1479,43.6296687610857,189.20213024061127,0.01543865401108094,1.9368429898032655,0.6304454493890639
1480,45.81115219913999,189.16958596848133,0.014954582140024531,1.8948336271177628,0.6863540423690798
1481,48.10170980909699,189.13593434904624,0.014298127479134908,1.8296486089637554,1.2330636040424803
1482,50.50679529955184,189.10140811139374,0.01356425444097936,1.7504684580108552,1.7407284310158389
1483,50.50679529955184,189.06720606194972,0.013045525498117083,1.6880988019819518,1.6614238805475914
1484,50.50679529955184,189.03401019019762,0.012661743913461334,1.636827536397997,1.662250145354531
1485,50.50679529955184,189.00157555672757,0.012371388406147628,1.5943709818943472,1.6326632580717242
1486,50.50679529955184,188.96873021014872,0.012163150251587585,1.5596631815804116,1.547047574456721
1487,50.50679529955184,188.93638071294643,0.011979529401288255,1.5313200216695382,1.4961170464564202
1488,50.50679529955184,188.9044979865185,0.011806676816285173,1.5093861909042694,1.4218886874557246
1489,50.50679529955184,188.873072814694,0.011637237124782521,1.4935246186896094,1.3392430579371257
1490,50.50679529955184,188.8421478928642,0.01145198665606422,1.481565373533048,1.2064255360994423
1491,53.032135064529434,188.80980568132645,0.011074277766718913,1.4515503274958204,1.2480611702166566
1492,53.032135064529434,188.77807972346557,0.010863266705053349,1.4307171227825795,0.9724086256502998
1493,55.68374181775591,188.74483825040383,0.01052445065188246,1.3964274287878096,1.0895704774522141
1494,58.46792890864371,188.71039391533523,0.010083480361125158,1.3519886063324036,1.2788185807913695
1495,58.46792890864371,188.6758292757471,0.009823979771215215,1.3210467758629083,0.995310229164804
1496,61.391325354075896,188.63977724802706,0.00947455015870463,1.2802653122272465,1.1203941171808642
1497,61.391325354075896,188.60342931692503,0.009274091458037622,1.2522573790174933,0.8218829574850096
1498,64.4608916217797,188.56544034964233,0.008962365311923876,1.2134249652051026,1.0742886791304815
1499,64.4608916217797,188.52719480719105,0.008760093767762989,1.1866815600983782,0.8258133361595877
1500,67.68393620286868,188.48741666959742,0.008424533307816163,1.1507717073024974,1.0683747152152492
1501,67.68393620286868,188.44755077953613,0.008197202164960367,1.1270521447976394,0.8421718914515175
1502,71.06813301301212,188.41343175154697,0.007860544065676262,1.0945208615617843,1.201316872409961
1503,71.06813301301212,188.37894975111055,0.007712784282751785,1.0821410759822119,0.7489540085782305
1504,74.62153966366273,188.34383754750758,0.007479757517550478,1.0644457294037495,0.9250772547302173
1505,74.62153966366273,188.30914250741117,0.007390891495044826,1.0592514131120179,0.7674974645550839
1506,78.35261664684587,188.27366517149846,0.007197656784217364,1.0428443603407576,0.8557315173640114
1507,82.27024747918817,188.23648221809287,0.006975213292852257,1.017988351819603,1.019452897053455
1508,82.27024747918817,188.20521335784093,0.0069009159149561305,1.0012733418395434,1.2254909441808701
1509,78.35261664684587,188.17921215732437,0.007088567154298985,1.0123576580383717,2.197126544345493
1510,74.62153966366273,188.15702110995093,0.007473314024757273,1.047798666196172,3.4051425137294626
1511,71.06813301301212,188.13305424375446,0.008012295848153893,1.1054084717489634,4.517577455064294
1512,67.68393620286868,188.10521307511482,0.008627246311343187,1.1760678336807604,5.117476954015154
1513,64.4608916217797,188.07716570709206,0.009248400594083526,1.2493525382188964,5.049581793906903
1514,61.391325354075896,188.04934909464993,0.009865425183137442,1.3240452627283132,4.785975134259072
1515,58.46792890864371,188.0224023288033,0.010470135432072663,1.398992340338553,4.453366410561719
1516,55.68374181775591,187.99623597845496,0.011079241364251136,1.476324503647094,4.166000162517497
1517,53.032135064529434,187.97006237603821,0.011693491988761058,1.5552410916265673,3.8772943011157395
1518,50.50679529955184,187.94301294952362,0.012319436905095118,1.6348842513254056,3.529686416360809
1519,48.10170980909699,187.9151329382946,0.012944277489381336,1.7124329126000917,3.1272659857528162
1520,45.81115219913999,187.88646942827012,0.013566453038832539,1.785774496072122,2.710420314217709
1521,43.6296687610857,187.8570728868548,0.014183560199027272,1.8526194261128095,2.2365334771090164
1522,41.55206548674829,187.8270767572957,0.014753882279378929,1.9126290093363425,1.7802626818826734
1523,41.55206548674829,187.79662471176553,0.014978128896091993,1.9425490457765193,1.0392425023155847
1524,43.6296687610857,187.7652397211156,0.014701911282942218,1.9285146579483168,0.5493328231361317
1525,45.81115219913999,187.73267374328736,0.01410552948867873,1.8840484533088437,1.1909190047951592
1526,48.10170980909699,187.70025576538393,0.013372785949851747,1.8187706237074326,1.8692037701730069
1527,48.10170980909699,187.6738226633,0.012828183946436046,1.7635034026178418,2.014079121987053
1528,48.10170980909699,187.6473303522821,0.012482445134918111,1.7255711881912197,1.7883027288352094
1529,48.10170980909699,187.62050862033433,0.01226957201668213,1.6995122059785406,1.6156952796946902
1530,48.10170980909699,187.59395960119713,0.012144819839096183,1.6810692611681954,1.4565467576710684
1531,48.10170980909699,187.56753634888784,0.0120872879408418,1.6690057919772112,1.280768619700997
1532,50.50679529955184,187.54035039800826,0.011843984352136634,1.6394503594562095,1.3308383741803582
1533,53.032135064529434,187.5118021492986,0.011500222553131283,1.5982844786618013,1.418638027394322
1534,53.032135064529434,187.48369403313643,0.011322921931290282,1.5709202306050083,1.1980727461332894
1535,55.68374181775591,187.45414972094324,0.011004596759386854,1.5317907271430986,1.3776073312282149
1536,55.68374181775591,187.42509720855438,0.010821412310896013,1.5032974925868787,1.088254507368663
1537,58.46792890864371,187.39450070432213,0.010537692838937603,1.4611451434733358,1.2493954106884744
1538,58.46792890864371,187.36342945556115,0.010389513435772645,1.4294672426019575,1.0391276540378929
1539,61.391325354075896,187.3307877253467,0.010092137252532801,1.3846331930093034,1.371025049978014
1540,61.391325354075896,187.29773440156194,0.009921741104656611,1.349918676830824,1.2615793903372876
1541,61.391325354075896,187.26505457363035,0.009809627442963157,1.32364481453601,1.1227569148402672
1542,61.391325354075896,187.23264983563257,0.009727052658073453,1.3050618348648464,0.9491495080565132
1543,64.4608916217797,187.1985515584005,0.00946408574173965,1.274643095141432,1.000238419743382
1544,67.68393620286868,187.16307048350782,0.009105765740605282,1.2369702252092336,1.1263389758572124
1545,67.68393620286868,187.12756074798563,0.008847690413608392,1.2112478239288085,0.7831714745292968
1546,71.06813301301212,187.09083320757833,0.008461508630504136,1.1751884703228335,1.0976620611082808
1547,71.06813301301212,187.0541367344285,0.008208107933474106,1.1478930782323764,0.8450652056033752
1548,74.62153966366273,187.01714363009935,0.007880435341806486,1.1088280266593553,1.1417060407668351
1549,74.62153966366273,186.9800026051037,0.0076815010281782396,1.0794238898035908,0.832536788091757
1550,78.35261664684587,186.94813114599012,0.007385602498421178,1.040381061367491,1.1233624163450897
1551,78.35261664684587,186.91594134081,0.007242109830030715,1.0187536355928033,0.7474061426260185
1552,82.27024747918817,186.88318445341918,0.007018755068444439,0.992562925842772,1.0056727307799387
1553,82.27024747918817,186.85576846100295,0.006911025653639906,0.9797078555044606,1.0827884041440015
1554,82.27024747918817,186.8324652855995,0.006910901644946983,0.981226545261468,1.5335307773348497
1555,78.35261664684587,186.81142259466498,0.007161706257346938,1.0125851717259648,2.4970660723827174
1556,74.62153966366273,186.79025256729028,0.007565296372482777,1.064203645830334,3.4277354925556445
1557,71.06813301301212,186.76813601541602,0.008057201457755979,1.1296543420470957,4.145572633884321
1558,67.68393620286868,186.74318346632555,0.00861176919950699,1.2043781202925725,4.594763567352654
1559,64.4608916217797,186.71767117155056,0.009191315644403779,1.2812820626009898,4.621700246494854
1560,61.391325354075896,186.69155113390735,0.009791863063548255,1.35956481132259,4.527833753514369
1561,58.46792890864371,186.66562518660163,0.010413879588176252,1.438943361156594,4.307806250899002
1562,55.68374181775591,186.64039287105666,0.011058233451249204,1.5185501254836682,3.9888651568300064
1563,53.032135064529434,186.61414971193145,0.011724567604516305,1.5982372737805266,3.644140507612089
1564,50.50679529955184,186.58696589626769,0.01238064332821643,1.6741496574056307,3.161479730827596
1565,48.10170980909699,186.5588942465872,0.013033252392299764,1.7456658795840596,2.695100650523975
1566,45.81115219913999,186.52999181077192,0.013679536730136041,1.8124629003183437,2.2574250636886313
1567,43.6296687610857,186.5003230959093,0.014314881378023614,1.8739755173178743,1.8735773891109422
1568,43.6296687610857,186.4699670453817,0.014646514499122878,1.9057088358704295,1.167016120457657
1569,45.81115219913999,186.43842029926046,0.014496203947484175,1.8928954922147008,0.3843435452522423
1570,48.10170980909699,186.4054193094321,0.014021683574933164,1.8487687153732941,0.7355462399752045
1571,50.50679529955184,186.3715610941223,0.013301809829461417,1.7776529641577883,1.5866889752093678
1572,50.50679529955184,186.3441766619992,0.012657020566328558,1.7054875446335491,1.965512749302982
1573,50.50679529955184,186.31714248308353,0.012131198399876602,1.6421041996818586,1.9256777865201515
1574,50.50679529955184,186.29033407847535,0.011679500418794486,1.5848328817443904,1.8637380839144426
1575,50.50679529955184,186.26366218746787,0.011281578772224125,1.5323602360118365,1.786430898934065
1576,50.50679529955184,186.23704024281244,0.01093247829810389,1.4850361797639342,1.6265367512186735
1577,50.50679529955184,186.2103775353889,0.01063030854317843,1.4423070769976316,1.4700650261890857
1578,50.50679529955184,186.1835809471703,0.010372510921572351,1.403593058719062,1.322315552971751
1579,50.50679529955184,186.15658146870902,0.010146646931631803,1.3680351563874504,1.1801309649378924
1580,50.50679529955184,186.12928528480734,0.009959370393947353,1.3359354820318883,1.085594024740095
1581,53.032135064529434,186.1016172646303,0.00961432355397522,1.2902387560203863,1.3402105021762334
1582,53.032135064529434,186.07873135709315,0.009355992458021569,1.249021099210635,1.4214197528256194
1583,53.032135064529434,186.05552943364668,0.009208915519691314,1.21877466806849,1.224150276688216
1584,53.032135064529434,186.03196886177005,0.009078897277953274,1.197005657089085,1.165461291176331
1585,53.032135064529434,186.0122501255758,0.008939380553730657,1.1825091292766754,1.3282705372762669
1586,53.032135064529434,185.99462208207086,0.0088640813642392,1.179729254795109,1.4172289588289386
1587,50.50679529955184,185.9774731278729,0.009054335017056707,1.2044703794356715,1.490580964146525
1588,48.10170980909699,185.96048726967982,0.009416634466439857,1.247756198676157,1.5753528606843143
1589,45.81115219913999,185.94347034877336,0.0099055477917458,1.3036861207731265,1.6011208677483562
1590,43.6296687610857,185.92636976735295,0.010451958896163936,1.3677239222680815,1.597870335926688
1591,43.6296687610857,185.9080062167196,0.010896982377153898,1.4180710856293806,1.2732491229066514
1592,43.6296687610857,185.88958386940308,0.011259828668271816,1.4570298128888035,0.986915723639117
1593,45.81115219913999,185.8700751357415,0.011356031723042066,1.4689676165128687,0.5253726091993193
1594,48.10170980909699,185.84974360790542,0.011271409639702107,1.4618522396803986,0.26815482687717235
1595,50.50679529955184,185.82879133892797,0.011062415847541798,1.4414764284678967,0.4364646728045799
1596,53.032135064529434,185.80673340872528,0.010768548134167312,1.4120567342758485,0.7095823545959702
1597,55.68374181775591,185.78369527626666,0.010399516364303432,1.375503808980837,0.9944906893901223
1598,58.46792890864371,185.75978036041275,0.00998178485715453,1.3318215331359962,1.2334927866629815
1599,58.46792890864371,185.73576242504913,0.009732799906552545,1.2999898872941906,0.9698620360216054
1600,61.391325354075896,185.71078527060857,0.009358765354351602,1.2572114503191545,1.2409599741033845
1601,61.391325354075896,185.68570950018417,0.00912205444161765,1.2261745614314756,0.9567128578470674
1602,64.4608916217797,185.66035648671064,0.008783723633325389,1.185997420930616,1.2082061078714823
1603,64.4608916217797,185.6348016697918,0.00859576680279497,1.1584135075597077,0.9327631007730418
1604,67.68393620286868,185.61274186273067,0.008313910326051211,1.1212309565200977,1.2114032985373837
1605,67.68393620286868,185.59037070867603,0.008185680510188713,1.0990567972084975,0.7973835936114779
1606,71.06813301301212,185.56705800565356,0.007887375352981193,1.0674606171726055,0.9496473371401244
1607,71.06813301301212,185.54377668454808,0.007647337790672045,1.0442361027797475,0.9603475824075564
1608,71.06813301301212,185.52377785427396,0.0075040966750341154,1.026649971334587,1.2727637607201983
1609,67.68393620286868,185.50440565581886,0.007632416017482236,1.0337278272400654,1.7380443549379896
1610,64.4608916217797,185.48516876767948,0.007958060628883384,1.0585946924100318,2.171344411700951
1611,61.391325354075896,185.46580146560814,0.008412611807798766,1.096257558663764,2.3745074087111724
1612,58.46792890864371,185.44620644446923,0.008937102900511156,1.1440963302093987,2.428195117405323
1613,55.68374181775591,185.42639917877378,0.00948560090672882,1.1996944696422505,2.4032570289435355
1614,53.032135064529434,185.4064637491552,0.010024326869974025,1.260849454563947,2.359362742718574
1615,50.50679529955184,185.3864762495335,0.010553035225205627,1.326185598415871,2.3146333358519797
1616,48.10170980909699,185.3659091959614,0.011069884074701816,1.3933833566988727,2.2331194362401723
1617,45.81115219913999,185.3448304659823,0.011565582436750767,1.4599888369844565,2.0867256809446815
1618,43.6296687610857,185.32325082160435,0.012070337838229368,1.5237633702442834,1.8978275667590316
1619,41.55206548674829,185.30112938798877,0.012613641556098691,1.5839255863988135,1.67550857238596
1620,41.55206548674829,185.27769787501555,0.012971503701261492,1.619363120768541,1.166205252795735
1621,43.6296687610857,185.25307583565962,0.012981495110101477,1.6173383101443684,0.6231741341712919
1622,45.81115219913999,185.2276240659209,0.012779956612150251,1.590160292013811,0.595158696811715
1623,48.10170980909699,185.20091690848312,0.01239973879447308,1.5403723733572252,1.0218316526713498
1624,50.50679529955184,185.17810340575363,0.011867756205873853,1.4714984517052045,1.6367132338669763
1625,50.50679529955184,185.15532470578108,0.01150451606719279,1.413739605590877,1.595942697097784
1626,50.50679529955184,185.1324028444322,0.011239631611959953,1.3644122992153445,1.552181374683293
1627,50.50679529955184,185.10925241815806,0.011021075140731569,1.3219823171500507,1.4394045720047617
1628,50.50679529955184,185.08593203214687,0.01077862794563158,1.2845031873359327,1.2940094872543204
1629,50.50679529955184,185.06256505994457,0.010485592208224344,1.2514918856584685,1.2256352786082585
1630,50.50679529955184,185.04336688489266,0.010135181802776394,1.221703768945034,1.2865024686130793
1631,50.50679529955184,185.02483891497388,0.009781364273343278,1.1999351428562726,1.2978494477979876
1632,50.50679529955184,185.00691167544807,0.009464224142487598,1.1839611824099383,1.286440927009327
1633,50.50679529955184,184.9889286710052,0.009217149313921397,1.1721066672046374,1.1741677423688057
1634,50.50679529955184,184.97126277030054,0.009054618491555526,1.1625760092987425,0.9756008130647916
1635,50.50679529955184,184.95375142369824,0.008975402126790646,1.154589688297519,0.7091938194129377
1636,53.032135064529434,184.9357369830574,0.00879358273148564,1.1324471323027696,0.5907335059269716
1637,55.68374181775591,184.9167675898589,0.008561936197783993,1.1015665438776285,0.6361958899811113
1638,58.46792890864371,184.89694311508032,0.008273584653572355,1.065201706179806,0.7965788135345384
1639,61.391325354075896,184.87637988281676,0.007935181813512413,1.0257079282651496,0.9719170672557399
1640,61.391325354075896,184.85579530241804,0.007712058138807808,0.9985428150428937,0.7912443018629562
1641,64.4608916217797,184.83796366606677,0.0073767254956499904,0.9648128141769008,1.0675072387439073
1642,64.4608916217797,184.82005725985542,0.007191899858210101,0.9447883853312717,0.7820764707349244
1643,67.68393620286868,184.80137013094375,0.006939868750318527,0.9186792630221076,0.8499057654336506
1644,67.68393620286868,184.7830508586929,0.006803257237717168,0.9012339212953079,0.576493897175612
1645,71.06813301301212,184.76384361536984,0.00659549187744816,0.8759209855672855,0.6524073016290577
1646,74.62153966366273,184.74384488805526,0.00634976988286107,0.8452849184694731,0.775598722192736
1647,74.62153966366273,184.72367584565126,0.006217326607006799,0.8234558854599614,0.5253323926337766
1648,78.35261664684587,184.702600081154,0.006007243227494443,0.7945606723817581,0.7528584946223232
1649,78.35261664684587,184.68133041197768,0.005885934023751371,0.7733768021991609,0.5867208832635278
1650,82.27024747918817,184.6630160939764,0.005678546424876539,0.7452140635100452,0.8165395103764825
1651,82.27024747918817,184.644459642604,0.005586041181301758,0.7287635265294534,0.5041795276515787
1652,86.38375985314758,184.62499070740128,0.00541907149891981,0.7077783208152675,0.5800560199326155
1653,90.70294784580496,184.60474197640409,0.005211394718443992,0.6837724435583872,0.6680592595870343
1654,90.70294784580496,184.5843242785378,0.005101826742593878,0.6686015496759685,0.42284415451549084
1655,95.23809523809521,184.563014687491,0.004923427242716509,0.6483151466341581,0.5366806150447643
1656,99.99999999999997,184.54160388929265,0.004711248023576066,0.6247150607750896,0.6570479493439593
1657,99.99999999999997,184.52008116461417,0.004597938262001616,0.608945188340366,0.4341984494887067
1658,100.0,184.49886219628308,0.004533046248881926,0.5981309355652576,0.33046071220264334
1659,100.0,184.47782859185423,0.004493446626123523,0.5905653197789277,0.3908728292110909
1660,100.0,184.45691689223304,0.004467403883475877,0.5851805163212594,0.533059304084472
1661,100.0,184.43921501210627,0.0044490404586607964,0.5813372299205357,0.6926739305946836
1662,100.0,184.4224938803573,0.004458968466372859,0.5816215667557608,1.035726155981864
1663,95.23809523809524,184.40608279173935,0.004595104813028053,0.594718592954425,1.5288041003030999
1664,90.70294784580499,184.38976351347262,0.004797867810444186,0.615862288742159,1.8830409554126688
1665,86.3837598531476,184.37344249092422,0.005038299660676376,0.6423812155469502,2.1021751017596038
1666,82.27024747918819,184.35707352519543,0.005305754706528365,0.672758725278021,2.2099080709276495
1667,78.35261664684589,184.34061442552257,0.005601718786053548,0.7067501937675393,2.2636000211970875
1668,74.62153966366274,184.32403379911037,0.00592523337969674,0.744048404112465,2.2767271426958375
1669,71.06813301301213,184.30730300301664,0.006277842734622101,0.7845596073238125,2.2519764085460645
1670,67.6839362028687,184.28996171420908,0.006633263832026544,0.8279705207796811,2.2063822194198983
1671,64.46089162177971,184.2720183439111,0.006996840828974913,0.8726953114353614,2.086804597936367
1672,61.39132535407591,184.25346477969907,0.007375261110325552,0.917545520506094,1.9206917314326553
1673,58.46792890864372,184.23437027590077,0.007737675281850058,0.9616489625445502,1.7353735304258355
1674,55.68374181775592,184.21475761651587,0.00810197098509703,1.0042492128088165,1.535676448567755
1675,53.03213506452945,184.1946229725929,0.008479109143358017,1.0449563961385273,1.329717137533011
1676,50.506795299551854,184.17397315836607,0.008864913356187692,1.0831926112314534,1.134662999206327
1677,50.506795299551854,184.15223391336016,0.009060779856302522,1.103086103355853,0.7208619134035125
1678,53.03213506452945,184.1296896841418,0.008948849701006366,1.0948631808735738,0.25649176054453
1679,55.68374181775592,184.10604818464228,0.008677214187460317,1.06747904496212,0.48795925128896084
1680,58.46792890864372,184.0816123382502,0.008292894900383551,1.0225221896015204,1.0395096852279015
1681,58.46792890864372,184.06153993099855,0.008014183996760594,0.979553423883827,1.216720253729091
1682,55.68374181775592,184.04186926511974,0.008006283887048651,0.956457854388426,0.9803325123048396
1683,55.68374181775592,184.02168544494603,0.007975870007684547,0.9356309735636201,0.917989053336903
1684,55.68374181775592,184.00167022359747,0.00790924623179574,0.9169257057254413,0.8053049378604558
1685,55.68374181775592,183.98189013138403,0.00781633223431791,0.9011057811157834,0.6610739611571923
1686,58.46792890864372,183.96121434931848,0.00755457645849047,0.8757832313572758,0.7476767913632644
1687,58.46792890864372,183.9405083929617,0.007345244298442497,0.8567620139067313,0.6723500894047776
1688,61.39132535407591,183.92284694927653,0.007019867688333648,0.82945111998827,0.9040845109628289
1689,61.39132535407591,183.90518960112337,0.006813825090501791,0.8127218912492278,0.7034636318750279
1690,61.39132535407591,183.8878776502393,0.006680539131799189,0.8021211938644529,0.5824791413056447
1691,64.46089162177971,183.86975719186958,0.006465589926360751,0.7839380477206506,0.6534399448879883
1692,64.46089162177971,183.85197914614997,0.006343413117410564,0.7717027038085402,0.5004780052195571
1693,67.6839362028687,183.83333679401315,0.006150538771873472,0.7519244335436763,0.5710279141655408
1694,71.06813301301213,183.81392109291951,0.005922962827453936,0.7270210133807612,0.669375152777943
1695,71.06813301301213,183.7943327796934,0.005801572781611399,0.7094563638026459,0.46672151637824705
1696,74.62153966366274,183.77386922554817,0.005604066060598563,0.6852423550460457,0.6442809738655412
1697,74.62153966366274,183.75327975364473,0.005474319794097226,0.6668565359912586,0.49258211826677195
1698,78.35261664684589,183.73562305943116,0.005260004642279369,0.6415599326361884,0.697953452089559
1699,78.35261664684589,183.71782040910864,0.005149015136637263,0.626105777494693,0.4021973921333979
1700,82.27024747918819,183.6991961699431,0.004980713066802572,0.6069410318686399,0.5086586714330938
1701,82.27024747918819,183.68087964775737,0.004898419773197215,0.595329081144906,0.3041536429853013
1702,86.3837598531476,183.6617108757615,0.00474002629702785,0.5796594838077307,0.42077832470342597
1703,90.70294784580499,183.64534511771987,0.004534342911447098,0.5616298951892652,0.6488504799110444
1704,90.70294784580499,183.62888212239966,0.004428430820476345,0.5543655009145126,0.6278041374554116
1705,90.70294784580499,183.61399339967804,0.004377284480161257,0.5534153325719203,0.8341314109757747
1706,86.3837598531476,183.5995183161475,0.004468458285890531,0.5668810291957713,1.1195380893338889
1707,82.27024747918819,183.58519838665063,0.004641590347463175,0.5893089931678344,1.365548925100783
1708,78.35261664684589,183.57097826803934,0.004839700053400935,0.6166921015560772,1.5307507457926304
1709,74.62153966366274,183.5568378929571,0.005053188001206078,0.6454340691893544,1.5605164344660931
1710,71.06813301301213,183.54266453527796,0.005318223354831887,0.6740966092790214,1.5387041400915624
1711,67.6839362028687,183.52832360680594,0.0056501554240176236,0.7026601668570934,1.595895493605489
1712,64.46089162177971,183.5137702353581,0.006020548203860423,0.7319200313220671,1.7269536827422869
1713,61.39132535407591,183.4990029559363,0.006414491227295116,0.7628274116004915,1.8034951175818588
1714,58.46792890864372,183.4840442974485,0.006822501961752635,0.7960383998708876,1.7743393161067327
1715,55.68374181775592,183.46847445304422,0.007239146554918828,0.8320824321002097,1.638598441749017
1716,53.03213506452945,183.45233452872748,0.007649915969497586,0.8699849121889894,1.4293958212424152
1717,50.506795299551854,183.4356770949589,0.00804850726273668,0.9093318825324826,1.1894364153182564
1718,48.101709809097,183.41856302410824,0.008429710211040121,0.9491642997574907,0.9810938384371825
1719,48.101709809097,183.40105399640578,0.00862425023808859,0.9744068039986725,0.5934727573586467
1720,50.506795299551854,183.38286885937256,0.008530737892595367,0.9757128225744888,0.2858767856104946
1721,53.03213506452945,183.3643777296442,0.008261219602010369,0.9606348937816226,0.517330929857176
1722,55.68374181775592,183.34525961050073,0.007897676880540948,0.9342254851572168,0.784724429777671
1723,55.68374181775592,183.3262083117703,0.0076408479915540594,0.9125127137474799,0.7360847443634491
1724,58.46792890864372,183.30994982633678,0.0073061542061798055,0.8806583400433979,0.9427120321388944
1725,58.46792890864372,183.2936600094094,0.007107023098135428,0.8583259569039712,0.6590329287599038
1726,61.39132535407591,183.27662905125092,0.006870432570167474,0.8295542643916652,0.7437166550175053
1727,61.39132535407591,183.25936503271296,0.00676160300833842,0.8079218220385038,0.6128126705979134
1728,64.46089162177971,183.24342782450594,0.006593024206733005,0.7794415048932358,0.886693552256776
1729,64.46089162177971,183.22761334892712,0.006542251249720336,0.7605875291969868,0.8875328708231813
1730,64.46089162177971,183.21132100999853,0.006543628500786901,0.7492818692288559,0.8474701817708147
1731,64.46089162177971,183.19449657042787,0.006560524793135869,0.7435252716101166,0.7040362263631263
1732,64.46089162177971,183.1776220996198,0.006580033982259604,0.7419228637347026,0.4747025760730857
1733,67.6839362028687,183.16023655241682,0.006456498283441133,0.732184761409071,0.34388289248100556
1734,71.06813301301213,183.14205597313764,0.006242950169705303,0.7168977245278132,0.5166601632736407
1735,74.62153966366274,183.12534092152248,0.005973271413933004,0.697016150221714,0.7834740389408501
1736,74.62153966366274,183.1085716626558,0.00581809985856681,0.6861741017110977,0.6705167031543161
1737,74.62153966366274,183.09209489339867,0.005716620492714577,0.679542966314921,0.6018989851079811
1738,74.62153966366274,183.07580913607902,0.005650348838403306,0.6749792227266651,0.5108111964112382
1739,78.35261664684589,183.05874039033588,0.005475734561696102,0.6604582345686296,0.5683879674616624
1740,78.35261664684589,183.0419972670055,0.005371273347864353,0.6500775298506031,0.4316354934910365
1741,82.27024747918819,183.02446760740034,0.005199813142818854,0.6321691620520299,0.5341412326039733
1742,82.27024747918819,183.00722061637887,0.005115965318666099,0.6200489311695119,0.36551390945505535
1743,86.3837598531476,182.9891653358694,0.004952129244795334,0.6021580352070085,0.5338862499445781
1744,86.3837598531476,182.97148700593283,0.004848740767643436,0.5908033012699982,0.4037024810659676
1745,90.70294784580499,182.9556033217993,0.004669803135281084,0.5745754804191119,0.6793585406106573
1746,90.70294784580499,182.9395633922961,0.004578387644607999,0.5673694340401492,0.6544522880188606
1747,90.70294784580499,182.92412160365478,0.004539885860526323,0.5657569253138004,0.8003849110314529
1748,86.3837598531476,182.90910730568748,0.0046349137824974835,0.5777486274200562,1.0085341708243647
1749,82.27024747918819,182.89426160349024,0.004812011681747119,0.5972547879551895,1.1072250028336388
1750,78.35261664684589,182.87892290069274,0.005068350439591156,0.6208111610000184,1.0361150097673333
1751,74.62153966366274,182.86291650949354,0.005391672496514597,0.6457508446033371,0.9796985467753706
1752,71.06813301301213,182.84761544786056,0.0057413680775274655,0.6712877421353401,1.0443098168221923
1753,67.6839362028687,182.8321281589144,0.006101807830150887,0.6984228641992236,1.1861318533152374
1754,64.46089162177971,182.81652599038102,0.0064544224736378655,0.7270194426612481,1.2737895668283905
1755,61.39132535407591,182.80086253935838,0.006803762988730779,0.7574700044077037,1.2928472760790612
1756,58.46792890864372,182.78514463014855,0.007168788999682975,0.7898456186689333,1.284246592631098
1757,55.68374181775592,182.76937347528323,0.007552727528957358,0.8236099968553812,1.2598666344858598
1758,53.03213506452945,182.75307832375034,0.007955194436795605,0.8585183650895836,1.214044039860826
1759,50.506795299551854,182.73626801303018,0.008366045280102223,0.8937475492761734,1.1320735913933182
1760,48.101709809097,182.7189993365675,0.008761038666123462,0.9286837735318112,0.9410815130062798
1761,48.101709809097,182.70134506630194,0.008956664672785377,0.9497948051337489,0.5508296822173455
1762,50.506795299551854,182.68302554639433,0.008851590891769432,0.9482202294537935,0.17171357265083073
1763,53.03213506452945,182.6644192663898,0.008562044849205187,0.931230764912591,0.5438446014790481
1764,55.68374181775592,182.6457938671082,0.008162707580738015,0.9035538914383421,0.9130895699571673
1765,55.68374181775592,182.62724207063346,0.007893641409061885,0.8813638579800235,0.8900377527632001
1766,55.68374181775592,182.60853924547368,0.007726119329795238,0.8626156819308407,0.7891254220502062
1767,55.68374181775592,182.58952355982458,0.00762656475846247,0.8453497943360635,0.7064564859588144
1768,55.68374181775592,182.5706953034348,0.007551393060175866,0.8291985601519154,0.6679495581581709
1769,58.46792890864372,182.55435909735235,0.007341079909978287,0.8033798587476237,0.864100012595385
1770,58.46792890864372,182.53777264516017,0.007236440984669941,0.7878681603059692,0.6393113995460434
1771,61.39132535407591,182.52033220614334,0.0070356206118428015,0.7673950739968375,0.7294579880882985
1772,61.39132535407591,182.5031833139351,0.006918008163407456,0.7550192367353653,0.5787202464363794
1773,64.46089162177971,182.4852436404757,0.0066916467947504225,0.7358906487355326,0.7095967682211645
1774,64.46089162177971,182.46767229867825,0.0065542560339857045,0.7226160366023078,0.5408111948778103
1775,67.6839362028687,182.44926851370252,0.0063474472811871,0.7018482529166221,0.6740852947621324
1776,67.6839362028687,182.43062535080196,0.006242726690625922,0.6867834848970793,0.5507913460762791
1777,71.06813301301213,182.41443911997214,0.006072845496768675,0.6647227038422159,0.7775463081004269
1778,71.06813301301213,182.39790747195153,0.006021787528753681,0.6519471086829289,0.6921333114441541
1779,71.06813301301213,182.3809059399139,0.006012569525860191,0.6449291240919997,0.6598958328185016
1780,71.06813301301213,182.36338414353028,0.006016077990305785,0.6417304363280096,0.6019064592317998
1781,71.06813301301213,182.34590079725612,0.006002876212844329,0.6405018585631739,0.4514793003696187
1782,74.62153966366274,182.32804903591014,0.0058374960763379075,0.6302086262704029,0.39202763090510606
1783,78.35261664684589,182.30964566605317,0.005564374605743606,0.6150654428826068,0.6093781273842438
1784,78.35261664684589,182.29389517377342,0.005360550105866224,0.6072252715508673,0.8411201911797179
1785,74.62153966366274,182.27895087134627,0.005340478542592564,0.6163719250370441,1.0948735594994716
1786,71.06813301301213,182.2644633895027,0.0054360911534389956,0.6363538534798171,1.354787136929498
1787,67.6839362028687,182.25023253625304,0.005606787094213495,0.6622587557515689,1.4600244057583087
1788,64.46089162177971,182.23610329823924,0.005845089493654991,0.6921630083487711,1.433012382044381
1789,61.39132535407591,182.22157653103523,0.0061262325030288466,0.7239067291421939,1.3102979152202732
1790,58.46792890864372,182.20652611850397,0.006470308331421511,0.755982433386255,1.0865837443105593
1791,55.68374181775592,182.19084527629784,0.006872235467954369,0.7878664476258684,0.8624044561265757
1792,55.68374181775592,182.17399162515548,0.007171094116523996,0.8071686956298003,0.5575210371155773
1793,58.46792890864372,182.15617328234424,0.007220535929657294,0.8062721818322522,0.2906140308670568
1794,61.39132535407591,182.1378007163377,0.00709059435335447,0.792783569804559,0.4075443393676022
1795,64.46089162177971,182.1185835446276,0.006857657187634559,0.7714639969936922,0.6396300610277014
1796,67.6839362028687,182.10191479469165,0.00656728942240232,0.7450276240253642,0.8695627296308698
1797,67.6839362028687,182.08515298947006,0.006411603979903536,0.7302258747259625,0.63050841278775
1798,67.6839362028687,182.06860271266882,0.006330691665015209,0.7224308569555413,0.48755343752569774
1799,71.06813301301213,182.0516890219806,0.006161621052747712,0.7079949922457351,0.6462459131754655
1800,71.06813301301213,182.03499611359973,0.00608119053411928,0.700731200486483,0.5106953647513801
1801,74.62153966366274,182.01743384802947,0.005915760965260959,0.6865318021650895,0.6758524836640495
1802,74.62153966366274,182.0001179464741,0.005832774484006887,0.678453776020194,0.5518269308432447
1803,78.35261664684589,181.98346483947174,0.005667747580114983,0.6628896385883247,0.7236419595112674
1804,78.35261664684589,181.96652647214432,0.005596925804239215,0.6545563590300824,0.49630085463708556
1805,82.27024747918819,181.9492055770283,0.005450784794592837,0.6393575040537962,0.6552132071872953
1806,82.27024747918819,181.93157924731466,0.0053853429934287034,0.6304813967519683,0.461417668865394
1807,86.3837598531476,181.91465035396772,0.005225949376214009,0.6139274044613844,0.6702859215257929
1808,86.3837598531476,181.8975316786829,0.005130616563513593,0.6032881516280121,0.4775293965561347
1809,90.70294784580499,181.8806615252151,0.00495982511951651,0.5851931370878664,0.7656885884057568
1810,86.3837598531476,181.86396481220083,0.005004150783980865,0.5837450474551872,0.7499511088903521
1811,82.27024747918819,181.84799853718607,0.005175228551929539,0.5926020481743284,1.0431564573608247
1812,78.35261664684589,181.83205482621204,0.005426310494389429,0.6089404234348985,1.314078393087423
1813,74.62153966366274,181.81604648863396,0.0057207209072071665,0.6304660105409955,1.4804232849005523
1814,71.06813301301213,181.80000578195484,0.006018902706135126,0.6560229454358761,1.4700513045723038
1815,67.6839362028687,181.78354227485002,0.006297501151030291,0.6844077419639559,1.3744339882620644
1816,64.46089162177971,181.76675542441197,0.006545867280465295,0.7145968480044251,1.2259436197468165
1817,61.39132535407591,181.7497101874007,0.006775683216980828,0.7463759779345758,1.0874372541964943
1818,58.46792890864372,181.73241180005337,0.007009834118074861,0.779471613689018,0.9870538929384732
1819,55.68374181775592,181.7148458189992,0.007256490108342807,0.8123102089795156,0.8647966308768366
1820,55.68374181775592,181.69644652445714,0.007379350601581228,0.8321210933260196,0.6035623172517918
1821,58.46792890864372,181.67737742733956,0.00728379651240151,0.8296927747423195,0.5097224865583365
1822,61.39132535407591,181.65738753501753,0.007060112229601925,0.8123574742484359,0.801559201574779
1823,61.39132535407591,181.64079571780442,0.006894077780532104,0.7965721050716676,0.9183876121186508
1824,61.39132535407591,181.62396269964145,0.006790581901824794,0.7853026370109834,0.8630839083372677
1825,61.39132535407591,181.60680294995183,0.006720765206986861,0.7754161801086015,0.8399730303317372
1826,61.39132535407591,181.58926809902783,0.006667647444359235,0.7656323209740834,0.7839022195955772
1827,61.39132535407591,181.57135350803117,0.006613634998462143,0.7549662755711922,0.7123096864559488
1828,61.39132535407591,181.5535878247186,0.0065586618722360745,0.7436190035677005,0.6846131367472782
1829,61.39132535407591,181.53595938977367,0.006507993084634686,0.7328464774207003,0.6585099976625468
1830,61.39132535407591,181.5184524008077,0.00646315815771971,0.7241253329763198,0.5666771005099077
1831,64.46089162177971,181.5000125471886,0.006294543959630369,0.7070425936220338,0.6992099672433917
1832,64.46089162177971,181.48187348213511,0.006191868152714471,0.6963402983971816,0.5992729519224358
1833,64.46089162177971,181.4639259491976,0.0061264876270172505,0.6900305805380261,0.512941173305171
1834,67.6839362028687,181.44506650769443,0.0059526329705276776,0.67596569708602,0.6174776987264664
1835,67.6839362028687,181.4265269948404,0.005851653425359239,0.667618408563034,0.5011655079247251
1836,71.06813301301213,181.4071177926176,0.005664498147548258,0.6521797658329969,0.6479461571973161
1837,71.06813301301213,181.38810633080942,0.005548419196180108,0.6419744074793424,0.5319814141292916
1838,74.62153966366274,181.3717449275375,0.005350151480938672,0.6246950961755794,0.7159440500280606
1839,74.62153966366274,181.35517953922016,0.005259081795534461,0.6164063288299592,0.44954172399066317
1840,78.35261664684589,181.3377935865028,0.0051036428500315974,0.6026471221926164,0.5598257264757606
1841,78.35261664684589,181.32067486257608,0.00502519789340754,0.5947141038207181,0.4024581422191231
1842,82.27024747918819,181.30271620721174,0.004874488760446353,0.5803261297905838,0.5596297688589221
1843,82.27024747918819,181.28505279929306,0.004794350224119823,0.5712394141944507,0.44613634118618994
1844,86.3837598531476,181.26979271462312,0.00464091886203085,0.5557130135663544,0.6206660895060878
1845,86.3837598531476,181.25428855560435,0.004577812721819876,0.5484976104963127,0.5770965683453188
1846,86.3837598531476,181.239481917337,0.004570809233131722,0.545440443727626,0.7293840253503228
1847,82.27024747918819,181.2249291472062,0.004717062146302572,0.5551363514050187,1.0566197352074014
1848,78.35261664684589,181.2103807240157,0.004951435808416872,0.5728815815732368,1.3802040291126287
1849,74.62153966366274,181.19575868300984,0.005225315575733112,0.5965400598808672,1.544346235126396
1850,71.06813301301213,181.1810610050735,0.005514962356381246,0.6246537198234524,1.5832533232605046
1851,67.6839362028687,181.1658623896898,0.00581366395769808,0.6563087046060662,1.5379353814420416
1852,64.46089162177971,181.15018076398832,0.006114895760976403,0.6902078235277084,1.4319036463319632
1853,61.39132535407591,181.1340456118835,0.006413913707804694,0.7253008763124644,1.2965033164167625
1854,58.46792890864372,181.11749305711407,0.006707600011237938,0.7605667129902418,1.1609724035387625
1855,55.68374181775592,181.10055472480224,0.00699720900833195,0.7952405071967245,1.0324484940467769
1856,53.03213506452945,181.08325265331607,0.007286255128155814,0.8287912198143805,0.9104981104320005
1857,53.03213506452945,181.0650684812278,0.007434685125810899,0.8486082918131278,0.5867157515338607
1858,55.68374181775592,181.04622612989172,0.0073369379403372195,0.8467268553263597,0.35071615516303906
1859,58.46792890864372,181.02711059123774,0.007088869632474874,0.8304684649354571,0.6858835830902507
1860,61.39132535407591,181.01085278071517,0.006755294422792622,0.8053928081621163,1.065640436112407
1861,58.46792890864372,180.9950596439701,0.006689639189535246,0.8026121702458086,0.8642048296977551
1862,58.46792890864372,180.98052300105155,0.006630024671627598,0.801183259989223,0.8870621288517848
1863,58.46792890864372,180.96563756822627,0.00659136352716588,0.8022397485210516,0.8491695610326601
1864,58.46792890864372,180.95035449638308,0.006570330671756993,0.8042248108659592,0.8076625738913793
1865,58.46792890864372,180.93512649734097,0.006546654376997798,0.8063826898326835,0.7840151372836619
1866,58.46792890864372,180.91988268057602,0.00655345455900882,0.8082596979874751,0.6523862371962014
1867,61.39132535407591,180.90407447237985,0.006472468128227929,0.7979077453480672,0.5987598794699036
1868,64.46089162177971,180.88737772009708,0.0063211013501462375,0.7797380328416487,0.7055024217693073
1869,64.46089162177971,180.87081357449438,0.006270898756852696,0.7682159660148203,0.5844787432686916
1870,67.6839362028687,180.85518887897382,0.006155944387833164,0.7497602173949809,0.7977259029804369
1871,67.6839362028687,180.83910755679722,0.006151310548407718,0.7404135915144285,0.6546239068040142
1872,67.6839362028687,180.82291179449143,0.006195085355306606,0.7364091566887325,0.6158050414319032
1873,67.6839362028687,180.80653914101018,0.00626274848292666,0.7361698355302988,0.6050908957639387
1874,71.06813301301213,180.7895849712762,0.006176367481784971,0.7255949726306768,0.6816306989766785
1875,71.06813301301213,180.7727912639659,0.006117911366781975,0.7184327923195487,0.5535066001765001
1876,74.62153966366274,180.7551987224372,0.005925959269837043,0.7014870744199522,0.6761353306438274
1877,74.62153966366274,180.7380131948368,0.005788858671965159,0.689390835563665,0.5919582775750585
1878,74.62153966366274,180.72116509627782,0.005675197393892992,0.6802247141481584,0.5697642470779876
1879,74.62153966366274,180.7045372466711,0.005601007640260529,0.6733255811800084,0.6285381101330719
1880,74.62153966366274,180.68896062819613,0.005566442270392871,0.6682240376266069,0.7175927772073126
1881,74.62153966366274,180.67337231377905,0.0055706219187016594,0.6654535527175299,0.8308224225580477
1882,71.06813301301213,180.65810862149692,0.005727346096357956,0.6752451824142081,1.0148617221304583
1883,67.6839362028687,180.64294997830916,0.005972325306225448,0.6931474676505454,1.201356927862275
1884,64.46089162177971,180.6278023385308,0.006266389598230443,0.7164492466805135,1.3349615779877073
1885,61.39132535407591,180.61260592371758,0.006600895582896568,0.7441753009365625,1.3888237608131047
1886,58.46792890864372,180.59734826392472,0.0069588736150160415,0.7748978028655831,1.3894819556841205
1887,55.68374181775592,180.58160784334598,0.007318455371054967,0.8086473624254817,1.2857795688114175
1888,53.03213506452945,180.56542483962735,0.007670334516518561,0.844527205070323,1.124299721444004
1889,50.506795299551854,180.54884329511924,0.00801183923380379,0.8818376751408925,0.959646047883071
1890,50.506795299551854,180.53142125254107,0.008172766502503256,0.9059442610765152,0.6311481555295164
1891,53.03213506452945,180.5134096627671,0.008046977155548656,0.9064380317255133,0.32136686611857546
1892,55.68374181775592,180.4952036153449,0.007746527945261691,0.8907406324024734,0.5729046310803275
1893,58.46792890864372,180.47705527747158,0.007354259992952519,0.8641352539486655,0.8733479848120893
1894,58.46792890864372,180.45964224338272,0.007056292474233455,0.8408027852524144,0.8710195296268585
1895,58.46792890864372,180.4422795333282,0.0068309705250394065,0.8197285804475191,0.8080427709732746
1896,58.46792890864372,180.42485095778636,0.006657168767046508,0.7998639897926301,0.7290569926921865
1897,58.46792890864372,180.40725703586617,0.006524588245979126,0.7810741277009295,0.6655773073498882
1898,58.46792890864372,180.38940250922295,0.00642838035349145,0.7636900822729795,0.6459241373983968
1899,58.46792890864372,180.37122085722723,0.006355494403479699,0.7476732811709365,0.6693159401034878
1900,58.46792890864372,180.3532145641746,0.00629419674027779,0.7329246249717859,0.7209495423556134
1901,58.46792890864372,180.33804047345313,0.006240217832662381,0.7199198466221782,0.7557114985633101
1902,58.46792890864372,180.32247383329334,0.0062151946643547815,0.7119357798570993,0.6300452247947388
1903,58.46792890864372,180.30696209418272,0.0061932746672443036,0.7067120642347648,0.5383241637445532
1904,61.39132535407591,180.29107740816013,0.006040170322624681,0.6928388518114884,0.6146475350222745
1905,61.39132535407591,180.2754687921601,0.0059351943757417385,0.6835936798847704,0.4832449663369489
1906,64.46089162177971,180.25916860924508,0.0057310804428576684,0.6668747589551174,0.5708140865055881
1907,64.46089162177971,180.2432092643521,0.005611243129846599,0.6549134278384032,0.41479703186663924
1908,67.6839362028687,180.22648011955562,0.005438651650027262,0.6361439676326115,0.5608472519080454
1909,67.6839362028687,180.20956736736372,0.005338196589899328,0.6225663846047244,0.45867210690108
1910,71.06813301301213,180.1924083835048,0.005158014332728802,0.602850523906444,0.6334065299360618
1911,71.06813301301213,180.17512416797075,0.005044329269678904,0.5891617119286926,0.496870445786159
1912,71.06813301301213,180.15813447949395,0.0049583727244412205,0.579018035724958,0.39517018411174265
1913,74.62153966366274,180.1404246977741,0.00477903750471333,0.5623644227624981,0.5591898890943895
1914,74.62153966366274,180.12268814632273,0.00464685572499755,0.5498345239236703,0.44409690292507464
1915,78.35261664684589,180.10751762184447,0.004453304345359172,0.530766566090228,0.6388972096255069
1916,74.62153966366274,180.09260991683234,0.004461127604153189,0.5274080530963002,0.1837241049854395
1917,78.35261664684589,180.07676961996077,0.004382991699420429,0.5163536527013118,0.4121370617073037
1918,82.27024747918819,180.06306021933332,0.00425028032482161,0.5001235765219448,0.6292838494473431
1919,78.35261664684589,180.049510808115,0.004282245924341055,0.5005290863449987,0.5767529715745389
1920,78.35261664684589,180.03592344686592,0.004294239904059428,0.5034867798676155,0.5722325198828468
1921,78.35261664684589,180.0223368723205,0.004293991269047323,0.5087558709527249,0.5772993865833451
1922,78.35261664684589,180.00975647788997,0.004281633456180354,0.5156194774315999,0.6780260876449745
1923,74.62153966366274,179.9974891328195,0.004383844173591959,0.5327946728774798,0.9500895755808276
1924,71.06813301301213,179.98534175889785,0.004558019994497749,0.5561316802124785,1.1078035641207975
1925,67.6839362028687,179.9732031529503,0.004782466516578094,0.582830380993074,1.1849042589886274
1926,64.46089162177971,179.96101603700174,0.005041657824632366,0.6113860516638209,1.2072282234679301
1927,61.39132535407591,179.94875476900245,0.005325950283120829,0.6407202652250585,1.2189918773674202
1928,58.46792890864372,179.93640590301314,0.005632200407877086,0.6705494580666864,1.2240231808400366
1929,55.68374181775592,179.92392717254506,0.005976001880468385,0.7006899468345196,1.2426457495595256
1930,53.03213506452945,179.9112952379884,0.006351839083396814,0.7309611900061608,1.2897530157035433
1931,50.506795299551854,179.89854803501515,0.006730290659003035,0.7617448697157204,1.2932385828481856
1932,48.101709809097,179.88538309204114,0.007085817716198929,0.7931951640493562,1.226208272931002
1933,45.81115219914,179.87189438883485,0.007401048784817367,0.8248428053309349,1.0206012062822238
1934,43.62966876108571,179.85815527164334,0.007684824791173137,0.8572334745965693,0.8029531613503958
1935,43.62966876108571,179.84537999284288,0.0078083128068133925,0.8778576111184478,0.4877300727944743
1936,45.81115219914,179.83214622456842,0.007703375059965545,0.8792730661768983,0.2856981456557353
1937,48.101709809096995,179.81868225557454,0.007464166546203909,0.866925793985149,0.4572061566774144
1938,50.50679529955185,179.80472262191245,0.007155759172574901,0.8448540738289302,0.6774315853793617
1939,53.03213506452944,179.79117312456285,0.0068132261483348265,0.8153357762977423,0.8681517150021455
1940,53.03213506452944,179.77764571231026,0.006604000857451808,0.7931102368010587,0.7470761495217857
1941,53.03213506452944,179.76398086744408,0.006476790901291294,0.7756924423100491,0.6003369105376808
1942,55.683741817755916,179.74968886571753,0.006263566706550656,0.749886858361233,0.7187579854904471
1943,55.683741817755916,179.7353019640565,0.006121511889940508,0.7294579324209216,0.5893140748379515
1944,58.467928908643714,179.72237955160682,0.005893789497173825,0.7020802627229705,0.7448797271589447
1945,58.467928908643714,179.7093612086966,0.005764604338310065,0.6837232442703778,0.5288116347782398
1946,61.3913253540759,179.69580501724033,0.005550408753016297,0.6614873200335967,0.6156478496746371
1947,61.3913253540759,179.68221893953302,0.005400626500252286,0.6473818424828887,0.48185509235060126
1948,64.4608916217797,179.66972563531527,0.005168324091642389,0.6293921095165071,0.7536996599714978
1949,64.4608916217797,179.65758687740413,0.005021652707869142,0.6209224010105736,0.8279320281639133
1950,61.391325354075896,179.6459672194971,0.00504725288797077,0.628813175374703,0.9063524114604661
1951,58.46792890864371,179.63458742130982,0.005190217793890994,0.6476542445095782,1.0161022108415008
1952,55.68374181775591,179.623287540118,0.005411456832450037,0.6735044736635961,1.0468285742181684
1953,53.032135064529434,179.61167833538508,0.005667543546297744,0.7020276661689888,0.9960282095488371
1954,50.50679529955184,179.5996834585812,0.005969531684517144,0.7319160488047114,0.8401658186749649
1955,50.50679529955184,179.5869214518491,0.006166322213728965,0.7496016224481664,0.5468204860846865
1956,53.032135064529434,179.5734445045955,0.006201681732629183,0.7474030748521449,0.296692736427671
1957,55.68374181775591,179.55939565017655,0.0061570057496094874,0.7329710116251209,0.6113982250735008
1958,55.68374181775591,179.54647890301925,0.006185765891726744,0.7221666095808496,0.9308844300063941
1959,53.032135064529434,179.5338062017917,0.006372338186864399,0.727212997584319,1.1166043602311
1960,50.50679529955184,179.52124703592912,0.006631010494368845,0.743592003571298,1.1590545290951397
1961,48.10170980909699,179.50839040746993,0.006919872413223822,0.7682517796624945,1.0848488676418835
1962,45.81115219913999,179.4952431506385,0.007213702289069178,0.7989579928314181,0.9426578636294659
1963,45.81115219913999,179.48142306421562,0.007362013375506018,0.8218333127842069,0.6513809109588637
1964,48.10170980909699,179.4670758361083,0.007278879795536004,0.826877824683225,0.2708668318541443
1965,50.50679529955184,179.45245418514992,0.007064861584767672,0.8196044343290191,0.30494747278617146
1966,53.032135064529434,179.43772163168543,0.0067794735688929955,0.803319132844931,0.5557744317534112
1967,55.68374181775591,179.42248692044691,0.006482248101973573,0.7813539648094353,0.757303582238607
1968,55.68374181775591,179.40770920773568,0.006287798874317306,0.7663042783783367,0.7578844615708161
1969,55.68374181775591,179.39489668984925,0.00613585101291672,0.7553118241860923,0.7887253315886421
1970,55.68374181775591,179.38190955652757,0.006038323762495286,0.7468888527942954,0.7211186669772099
1971,55.68374181775591,179.36902947727478,0.005988549334820902,0.7392540089442389,0.5913188273701041
1972,58.46792890864371,179.35541328651,0.005853723435447044,0.7210185891871485,0.6234397737270206
1973,58.46792890864371,179.3415208018839,0.005798548216380271,0.7064447650712724,0.46477757396774205
1974,61.391325354075896,179.32687282985944,0.005653147616270074,0.6833618015850528,0.6548013952475639
1975,61.391325354075896,179.31200526344088,0.00557077331738337,0.6659776225489166,0.5862921259353845
1976,61.391325354075896,179.29727377608074,0.005519785444477451,0.6528305912301262,0.5534095107342576
1977,61.391325354075896,179.28263439245595,0.005485274817953348,0.6432605843106302,0.5212693424630566
1978,64.4608916217797,179.2672334212181,0.005335771038741763,0.6264523152229621,0.6149258692928868
1979,64.4608916217797,179.2521307781099,0.005232413233000383,0.6149053320167409,0.5083975119373466
1980,67.68393620286868,179.2391277846867,0.00504759142361649,0.597574984189067,0.6330781313401282
1981,67.68393620286868,179.22598132022478,0.004954645629393599,0.5889741005152298,0.3880551757644971
1982,71.06813301301212,179.2122036505627,0.004801233969716604,0.5757494530527952,0.4458837772627692
1983,74.62153966366273,179.19789375876275,0.004610913007538376,0.5590384043190266,0.542667323670764
1984,74.62153966366273,179.1839270194299,0.004500342907009753,0.548572456880109,0.37187793618066295
1985,78.35261664684587,179.16940947667183,0.0043253092965414314,0.5327253405268763,0.5149208448541458
1986,78.35261664684587,179.1548395209698,0.004214490328150136,0.5219945278624657,0.4050648497356324
1987,82.27024747918817,179.14235612295627,0.004045865330705626,0.5054890981754643,0.6031125289803604
1988,82.27024747918817,179.12972535298076,0.003974396637631579,0.4968660130838236,0.42640454989154913
1989,82.27024747918817,179.11761170307844,0.003926457911097911,0.49147798067544707,0.5406822554987987
1990,82.27024747918817,179.10568385044053,0.0038662345147991396,0.4888572179512198,1.0140616029472875
1991,78.35261664684587,179.09420279099325,0.00390748386414121,0.4974281325985453,1.3943042751853207
1992,74.62153966366273,179.0829017765877,0.004038517370517604,0.5118647320621866,1.4149048207693387
1993,71.06813301301212,179.0712872827236,0.004231135074492936,0.529643626671308,1.2467138537312308
1994,67.68393620286868,179.05924923752934,0.004470587967415796,0.5494374767270607,0.9839882019228303
1995,64.4608916217797,179.04670857998647,0.004747675834388737,0.5709563959429218,0.7993466243673837
1996,61.391325354075896,179.03401370954532,0.005046361076272119,0.5942095991941294,0.8047266700404871
1997,58.46792890864371,179.0222554692157,0.005362821658092819,0.6196398327463607,0.9530896754045459
1998,55.68374181775591,179.01032780597723,0.0057120985284326905,0.6499316286864775,1.1349395901247377
1999,53.032135064529434,178.99825908673932,0.006068632021317644,0.6835847851135151,1.2120027999264915
2000,50.50679529955184,178.98572927204387,0.006422828750969758,0.719478713508067,1.1839268523350779
2001,48.10170980909699,178.97278292555566,0.006765205526040832,0.7560500622674423,1.082522384635475
2002,45.81115219913999,178.95947075051055,0.007091447024311955,0.7922284952228816,0.9529198244862013
2003,43.6296687610857,178.945838952207,0.007402715675842932,0.8278398934003172,0.8183179673986347
2004,43.6296687610857,178.9334757508472,0.007556449062196623,0.850037977359988,0.5439822376234567
2005,45.81115219913999,178.92059724295655,0.0074965780295465,0.8535465531618063,0.3009301306366432
2006,48.10170980909699,178.9073974959659,0.0073176869279868665,0.8450054432909578,0.3116933806471048
2007,50.50679529955184,178.8935994659709,0.007072920542945452,0.8280913426246784,0.439232867179116
2008,53.032135064529434,178.87926942607223,0.006792076524771594,0.8052263343341698,0.5720518001479351
2009,55.68374181775591,178.86445461665886,0.006492690721833129,0.7779990923734573,0.6966923755260155
2010,55.68374181775591,178.84960792709012,0.006317147976852894,0.7589883326958052,0.5392901409443027
2011,58.46792890864371,178.83414966948433,0.006081706239464463,0.733717819845786,0.7008397387373554
2012,58.46792890864371,178.8186058608268,0.005937246980815618,0.7152645141636874,0.5727287101629787
2013,61.391325354075896,178.8052599462669,0.005711731572366683,0.6898828592585164,0.7586901476105553
2014,61.391325354075896,178.79179652266586,0.005594196723939948,0.674518252932058,0.5194340324654332
2015,64.4608916217797,178.77771076354415,0.005411727969590914,0.6545677835660642,0.6128307910546734
2016,64.4608916217797,178.76388965396262,0.005310050004818192,0.641813933502897,0.43221203363745325
2017,67.68393620286868,178.74942839292336,0.005137304905141675,0.6235636197097063,0.5392612501388763
2018,67.68393620286868,178.73525813998378,0.00503392544641452,0.611671851223269,0.37141830697471445
2019,71.06813301301212,178.72046087316633,0.004860535930053425,0.5940737250837465,0.5046211964757488
2020,71.06813301301212,178.70596811238917,0.004760513232089606,0.5824863318867864,0.3481478127663042
2021,74.62153966366273,178.69083496077306,0.004596269785976019,0.5652726577907076,0.5055415054776609
2022,74.62153966366273,178.67556970543046,0.00450135202210883,0.5536216800369503,0.3566882483759603
2023,78.35261664684587,178.66011568571437,0.004340013370045585,0.5358320203494837,0.5460093415711199
2024,78.35261664684587,178.64453927184928,0.004246976506924405,0.5236519988286399,0.40026375726688546
2025,82.27024747918817,178.6311419419808,0.0040928177534232425,0.5060737136792754,0.5964424524918596
2026,82.27024747918817,178.61756139560708,0.0040279509572828135,0.4966868266718554,0.31466914345196745
2027,86.38375985314758,178.60328900416184,0.003914147215662675,0.4834413421087547,0.4032049036976208
2028,86.38375985314758,178.58918365653764,0.0038683361048077753,0.47628196684307966,0.24107666683539342
2029,90.70294784580496,178.57434686043226,0.0037623051074901505,0.464276392199002,0.3787613671073112
2030,95.23809523809521,178.56140963090894,0.0036224242665099282,0.4489103423906461,0.51240091183512
2031,95.23809523809521,178.5482827903542,0.00356846151001273,0.44161437746275184,0.21797458465160233
2032,99.99999999999997,178.53451703759606,0.0034601445962603766,0.43036717369696936,0.3176421191922198
2033,100.0,178.52096107679463,0.00340741151890039,0.4242043335759025,0.22262875308529093
2034,100.0,178.50750446792108,0.003382438526681576,0.42095507042560654,0.2991037666379775
2035,100.0,178.49408793113645,0.003372366050120057,0.4194414439351359,0.40509993928947985
2036,100.0,178.48145148495823,0.0033697189808106803,0.41899895944339466,0.49456637008142906
2037,100.0,178.46878162318973,0.0033786298049662674,0.4200071389553678,0.6069406753775858
2038,95.23809523809524,178.45634769162143,0.0034815008391208754,0.42996906331370877,0.8805413142993087
2039,90.70294784580499,178.4439825546561,0.003635350267779142,0.44554611819733736,1.0739655927874472
2040,86.3837598531476,178.4316104412133,0.00381927141980865,0.46487117908712566,1.1888490526228874
2041,82.27024747918819,178.41920143351197,0.004022193711264411,0.48686496187930567,1.2409757534708192
2042,78.35261664684589,178.40674875712705,0.004238165673048143,0.5104990820481067,1.2655539377578555
2043,74.62153966366274,178.39425672670382,0.004464137470050872,0.5356304980017519,1.2452723773602767
2044,71.06813301301213,178.38135430188245,0.004700325545490693,0.5618934385270746,1.2050441015672604
2045,67.6839362028687,178.3680468687144,0.004942002595795092,0.5885543215658502,1.1302291122623078
2046,64.46089162177971,178.35434735580972,0.005186398411593954,0.6151503408326491,1.0314840306271675
2047,61.39132535407591,178.3402775644659,0.005430008144719256,0.6411800394528466,0.9246915322073346
2048,58.46792890864372,178.32586240411905,0.005671322917550439,0.6664587752948473,0.8113021986980409
2049,55.68374181775592,178.3111320423462,0.0059078625955650095,0.6906424353593796,0.7049828283555971
2050,55.68374181775592,178.296177452734,0.0059977929913885295,0.7021460770844326,0.40413311188402773
2051,58.46792890864372,178.28078843718816,0.0058781208712648005,0.6945041914435107,0.19344437270165274
2052,61.39132535407591,178.26477634666637,0.005655215860764074,0.6753457431025374,0.49487328024905053
2053,64.46089162177971,178.25117138968363,0.0053838146286561755,0.6489640598394146,0.7880953638544929
2054,61.39132535407591,178.23788385975305,0.005360301960862864,0.6421815595967785,0.39065138791388476
2055,64.46089162177971,178.22383990590305,0.0052385111122263414,0.6272445076102078,0.5561883421297388
2056,64.46089162177971,178.20996689943397,0.005174746323171024,0.6168389064063975,0.48450893108299714
2057,67.6839362028687,178.19723170434256,0.005017515550757897,0.5990011504226623,0.6318731509078894
2058,67.6839362028687,178.18433872816257,0.004931727597130258,0.5879450261276062,0.4062803746243103
2059,71.06813301301213,178.17084722211942,0.004771773363638163,0.5712322286703955,0.5088352562650932
2060,71.06813301301213,178.15760692105258,0.00468292537208686,0.5604211562464149,0.34813180356852885
2061,74.62153966366274,178.1437541161058,0.0045303376523908,0.5442760516058504,0.48684189530201216
2062,74.62153966366274,178.13015940142833,0.004445933369741361,0.5337446132723734,0.3383793417292909
2063,78.35261664684589,178.11594763056098,0.004297486545277124,0.5178600349288839,0.4912438162636113
2064,78.35261664684589,178.10161205426525,0.004208664052721744,0.5072832420269419,0.3533577760950841
2065,82.27024747918819,178.08911275153463,0.004051461490626816,0.4908862791943885,0.5272805242669083
2066,82.27024747918819,178.07646276892467,0.003980875838121239,0.4822800731607021,0.2925342630311201
2067,86.3837598531476,178.0632360595009,0.0038486994053385775,0.46992539702686503,0.4163672353616982
2068,86.3837598531476,178.0502930512497,0.0037661482204895415,0.4633251700559182,0.3305822501359546
2069,90.70294784580499,178.03793509880327,0.00363323801924629,0.4520114040826311,0.48712968027866094
2070,90.70294784580499,178.02539517626516,0.003579356530275785,0.44663261376719504,0.35203107824665936
2071,95.23809523809524,178.0121939501923,0.0034841580737200476,0.4362264011085544,0.4181127567550804
2072,95.23809523809524,177.99911324115814,0.0034523503907777217,0.43027106723270486,0.2585357556115134
2073,100.0,177.98532911208804,0.003363848199989731,0.4188690967612582,0.3657280117230354
2074,100.0,177.97170775844057,0.003324124847888537,0.4114939069063289,0.21882065880737958
2075,100.0,177.95813855480512,0.003311398274939176,0.4067353043249839,0.16355690278381257
2076,100.0,177.94457488661376,0.003310047417492622,0.4036828042267035,0.19033685373269169
2077,100.0,177.93101317233976,0.003309570587859185,0.40153626745434867,0.23650467305280895
2078,100.0,177.91746508953878,0.0033062439934434707,0.3999650104757429,0.2738026110733879
2079,100.0,177.90394636912214,0.0032990784625051006,0.3988631950607277,0.2948285531802138
2080,100.0,177.89048167402785,0.0032858942430072408,0.39792373412068477,0.3129760388151055
2081,100.0,177.87709371580024,0.003267167548758169,0.3970528532553011,0.32698991631571145
2082,100.0,177.86378554139472,0.003247697282254632,0.3963156363502505,0.338319785908065
2083,100.0,177.85054352963118,0.0032315510982325337,0.3957661017389438,0.3425266287746742
2084,100.0,177.8373568288497,0.0032180531292488744,0.39524996644140215,0.3475307921894174
2085,100.0,177.82421671334657,0.003206684561490746,0.3946740337465591,0.3517534003698076
2086,100.0,177.8111147292687,0.003197379053282291,0.39398923769225164,0.355181600599346
2087,100.0,177.79804362999027,0.003189841995513603,0.3931944607836344,0.3586535265433082
2088,100.0,177.78500681023874,0.0031814764960345224,0.39225126611768657,0.3680207695952068
2089,100.0,177.77313959330286,0.0031645911829124647,0.39093889354667216,0.4078330944394701
2090,100.0,177.76126352021714,0.0031669528228520723,0.3903569739882144,0.5348320484968987
2091,95.23809523809524,177.7495906815857,0.003268394816793633,0.39755491030252504,0.8196086162778352
2092,90.70294784580499,177.737934217605,0.0034270004103229704,0.40944546296295803,1.0638176975484064
2093,86.3837598531476,177.72621052782623,0.003619103034748969,0.42443610835481965,1.2454012047254024
2094,82.27024747918819,177.7143919262027,0.0038308224371906125,0.4416831669914237,1.3619651486741282
2095,78.35261664684589,177.70249316325908,0.00404964580307058,0.4603153211998223,1.4281045390661704
2096,74.62153966366274,177.6902173838156,0.0042590857003189184,0.4801406424015883,1.3391688147245058
2097,71.06813301301213,177.67762609441024,0.004453378237119625,0.5007321011530813,1.1699360153742202
2098,67.6839362028687,177.66477583909193,0.004633223040240065,0.5217788243604651,0.9694860178869744
2099,64.46089162177971,177.65171038822453,0.0048022849529727706,0.5429045864986931,0.7890154898421968
2100,61.39132535407591,177.638461570708,0.004964239407439516,0.5636464090300941,0.6652067390736576
2101,61.39132535407591,177.62469533898692,0.005007874657151944,0.5737309020462612,0.4354308450950822
2102,64.46089162177971,177.61062646119018,0.004874258222804596,0.5665135495638293,0.4357583753738187
2103,67.6839362028687,177.59863492806574,0.004654955807914599,0.5484410051939271,0.715381662902871
2104,64.46089162177971,177.58691329204092,0.004638538407896389,0.5447651520230046,0.5133017124786626
2105,64.46089162177971,177.57522523876267,0.0046252488927279066,0.54015810295223,0.4787684504985054
2106,64.46089162177971,177.56355280715385,0.004619067015592757,0.5350724996685315,0.4354769302977987
2107,67.6839362028687,177.55209724142074,0.0045133567877294585,0.5209465404848348,0.5625359856239993
2108,67.6839362028687,177.54042380706747,0.004465237315973475,0.5111544240556014,0.4740502219484438
2109,67.6839362028687,177.52881795971268,0.004439384428276642,0.5035920250331706,0.43006953297317774
2110,67.6839362028687,177.51726014244522,0.0044210123081260475,0.49753239459880183,0.39733970405415153
2111,71.06813301301213,177.5058012055947,0.004299699969510811,0.48397367403251984,0.5437213125857131
2112,71.06813301301213,177.494187050097,0.004231011808268617,0.47550764015602714,0.4075514038378095
2113,71.06813301301213,177.48269488652656,0.00418657041223835,0.46995355106033104,0.32681711470832503
2114,74.62153966366274,177.4706476231794,0.004058060160961248,0.4580755718492731,0.45011388519258855
2115,74.62153966366274,177.4588207380484,0.003983826865559139,0.4506264348610547,0.37309227655527377
2116,78.35261664684589,177.44752356351333,0.003844900151339509,0.43780650688985834,0.5121910300775891
2117,78.35261664684589,177.43609303927863,0.0037769753606550637,0.4306818622756705,0.3635638813399878
2118,78.35261664684589,177.42476172324706,0.003744194104813303,0.42657670415643606,0.2754642285077634
2119,82.27024747918819,177.4128534349363,0.00363831938129737,0.41640489141592396,0.3946172263992612
2120,82.27024747918819,177.4011294372974,0.003582013361009473,0.4099527805386875,0.2818602889337447
2121,86.3837598531476,177.38923037967828,0.0034623801366857067,0.3980560008959993,0.4164139846635408
2122,86.3837598531476,177.3772060820869,0.003396914935256569,0.3905617164916089,0.27869813583516995
2123,90.70294784580499,177.36607966228286,0.0032711674224033278,0.37794543556339727,0.43397264506190203
2124,90.70294784580499,177.35483658919995,0.003209187850818256,0.3708205127391544,0.2673071061977158
2125,95.23809523809524,177.34377765524408,0.0030965015076543107,0.3595842615482171,0.3997546842870089
2126,95.23809523809524,177.3325861566566,0.0030423491305892427,0.3533909568891948,0.28949033131605056
2127,100.0,177.32156437558115,0.002939141620123801,0.3431251114059043,0.40229311531645184
2128,100.0,177.31039156451902,0.0028926371681938195,0.33770819900574794,0.3126544753965939
2129,100.0,177.2993011747835,0.0028712983133684904,0.33476732006531695,0.29501276702850415
2130,100.0,177.28824161492668,0.0028633164678235723,0.3333099760590395,0.29921094165042067
2131,100.0,177.27720050599382,0.002858539529535204,0.3326697142469491,0.319485195849743
2132,100.0,177.26616250813075,0.002857734074579257,0.3326303895785939,0.3284142116490502
2133,100.0,177.25548009543425,0.0028486433857091696,0.3332104878494718,0.34358723324994733
2134,100.0,177.24485109039614,0.0028344013435080604,0.33464785691052734,0.417487170422895
2135,95.23809523809524,177.23452290591982,0.0028918916533789605,0.3435889429346464,0.6345036312684686
2136,90.70294784580499,177.22436015177166,0.00298784971955264,0.3570695917792459,0.816924898295943
2137,86.3837598531476,177.21432312160718,0.00309843121175878,0.37310905258194826,0.9339446633557256
2138,82.27024747918819,177.2043640540692,0.0032280823564178915,0.3903566459932926,0.9677428411891282
2139,78.35261664684589,177.19405681444357,0.003405809681435951,0.40822313993202164,0.8640405623645038
2140,74.62153966366274,177.18334884654587,0.003606925214314257,0.42588149023657956,0.785987229213836
2141,71.06813301301213,177.17222366741433,0.003820226951047899,0.44340036217900086,0.7417145326434536
2142,67.6839362028687,177.16073742268534,0.004020798333486208,0.46058523873147833,0.7266531460865883
2143,64.46089162177971,177.1489248849073,0.004215309922821615,0.4779448590241601,0.6896751290415387
2144,61.39132535407591,177.13683089481322,0.004399547219798844,0.49512401735797296,0.6418202502749475
2145,58.46792890864372,177.12449355319728,0.004575220605090142,0.5122829228424364,0.5726588283065165
2146,58.46792890864372,177.11160737090322,0.004639567474714627,0.5204563011106343,0.34992304239863636
2147,61.39132535407591,177.0984192487215,0.004522170029053176,0.5142583275244286,0.24820834829179772
2148,64.46089162177971,177.08713790378334,0.004334276158573225,0.499285532094446,0.5261800871326543
2149,64.46089162177971,177.07578949766966,0.004233049479302537,0.48978401732972754,0.44912644412239877
2150,64.46089162177971,177.06457104048008,0.00418457745426596,0.48327980750273464,0.42952299927817833
2151,64.46089162177971,177.05343322426765,0.004154497701847415,0.4784574050317777,0.38704409316950183
2152,67.6839362028687,177.04318309892616,0.004038427596059652,0.46651163645679294,0.4949439791417885
2153,67.6839362028687,177.03277168927332,0.003982496794642869,0.4596963120321956,0.3356948535575206
2154,71.06813301301213,177.0218509818039,0.003862514744306041,0.4476402394381613,0.41365679448878695
2155,71.06813301301213,177.01111674668036,0.003796561857344373,0.43993233002627297,0.2950604286769041
2156,74.62153966366274,176.9998911235664,0.0036711599751950413,0.4272574993407661,0.41179340754167926
2157,74.62153966366274,176.98888255623316,0.00360017536378671,0.4189477880109493,0.30859082962925166
2158,78.35261664684589,176.9786746925203,0.0034741621998101084,0.40603139467184274,0.4336950560832618
2159,78.35261664684589,176.96833801662626,0.003415536274700306,0.39899379133441687,0.2992559423770235
2160,82.27024747918819,176.95781866046318,0.0033103801067085607,0.3881872619940769,0.393362574021923
2161,82.27024747918819,176.9471392881486,0.0032628507354313502,0.38231524542820644,0.2863969699967701
2162,86.3837598531476,176.93627152428112,0.0031622949438135607,0.3720809655182294,0.3825543150493853
2163,86.3837598531476,176.92525027501492,0.003113549540214806,0.3661432798649837,0.2730373906910416
2164,90.70294784580499,176.91500761665617,0.0030113415574940738,0.35568537536747413,0.3807577632087651
2165,90.70294784580499,176.90462466517116,0.0029636774141748234,0.3500509124127117,0.27315633350414087
2166,95.23809523809524,176.8943453149607,0.002878218058914614,0.34005692218263445,0.39431391290943013
2167,95.23809523809524,176.88414139633994,0.0028570972138274977,0.334311273578465,0.4239266978129499
2168,90.70294784580499,176.8741281487883,0.0029438947801974044,0.3374004829092089,0.6266867364614404
2169,86.3837598531476,176.8641737570603,0.0030729207263799118,0.34596116655011233,0.8143280961442719
2170,82.27024747918819,176.85424827958207,0.0032171946424432007,0.3582691854715725,0.9142876035015738
2171,78.35261664684589,176.84435218055586,0.0033680556607413575,0.37350509954213007,0.9389246350473756
2172,74.62153966366274,176.8344971965483,0.003521765628537457,0.3909017639091561,0.9254882863679679
2173,71.06813301301213,176.82439997403088,0.0036783963940183956,0.40994935528900395,0.8961399860794428
2174,67.6839362028687,176.81406915925854,0.00383657109352866,0.4299074127259322,0.8454014620542986
2175,64.46089162177971,176.80351556854976,0.003995406732301079,0.44973247952845025,0.7505495329494936
2176,61.39132535407591,176.792746979345,0.004155962633710924,0.4689758398730318,0.6566355642042289
2177,58.46792890864372,176.7817702387592,0.004318553449717645,0.4872223665649844,0.5699141363997041
2178,58.46792890864372,176.77030061685508,0.004381035531375913,0.4956010144150638,0.33647903027076886
2179,61.39132535407591,176.75851633503692,0.004286881658353349,0.48866205403109486,0.21809496853316276
2180,64.46089162177971,176.74628796348335,0.0041132061554964945,0.4725121360791293,0.4623812951023992
2181,64.46089162177971,176.73620190710847,0.003991299489261222,0.4584541779783503,0.5100575194817162
2182,64.46089162177971,176.7260004033485,0.003919402763604553,0.4481729964737158,0.43660513745834034
2183,64.46089162177971,176.71592479177417,0.003871035170805579,0.4400522042455349,0.40270591942120126
2184,64.46089162177971,176.70593580195808,0.003837755218458039,0.4339201859976589,0.33759641861616846
2185,67.6839362028687,176.69575821948536,0.003724011657364655,0.42183752338909175,0.44021699059270314
2186,67.6839362028687,176.68544876570814,0.0036623920496892657,0.41387270547320093,0.3479977684561144
2187,67.6839362028687,176.67524310684232,0.0036255193242394233,0.4082610717177686,0.30051993309567077
2188,71.06813301301213,176.6648563996153,0.0035141295499571987,0.3969921070995792,0.41364947602915536
2189,71.06813301301213,176.65436851726943,0.0034450097846990602,0.38946357375607554,0.3204300590501231
2190,74.62153966366274,176.6450596547554,0.0033266042864329116,0.376713514857783,0.42559859054891536
2191,74.62153966366274,176.63558865204348,0.0032859674942526456,0.36923934590673346,0.2761864021076799
2192,78.35261664684589,176.62617610335434,0.003203483292852856,0.3578150667718946,0.43737836238381034
2193,74.62153966366274,176.61704962667164,0.0032614270977822596,0.3575401447711721,0.483156540781563
2194,71.06813301301213,176.60801298315104,0.003390790644614948,0.36411612426029766,0.6925333748754482
2195,67.6839362028687,176.5989785028265,0.003559477903284384,0.3748939143534987,0.8410767280893057
2196,64.46089162177971,176.5899256569793,0.0037450493860371223,0.38833381806042705,0.929801633494818
2197,61.39132535407591,176.58060669497456,0.003929995375135054,0.40413436617547854,0.8927201087285113
2198,58.46792890864372,176.57102517126364,0.004119183614843082,0.4215739627243422,0.8211038875720774
2199,55.68374181775592,176.56117891460784,0.004315188771552523,0.440014438640872,0.7302420177881226
2200,53.03213506452945,176.55106295218735,0.004519474378744804,0.458919342703202,0.6362136361291227
2201,50.506795299551854,176.54068634079687,0.004725941573876933,0.47747854882737567,0.5546770898111143
2202,50.506795299551854,176.52980182458992,0.0048128763193900645,0.48620025035730025,0.3809834291146805
2203,53.03213506452945,176.518660548612,0.004691818508180281,0.47894806959339137,0.23666649138246149
2204,55.68374181775592,176.50718596834818,0.004468034895711071,0.4628498685404379,0.35439356167331315
2205,58.46792890864372,176.49755617865316,0.004201344809336168,0.4421295857990012,0.5551257902722423
2206,55.68374181775592,176.48824702528606,0.004140318804313124,0.4364805213975682,0.34945964948775876
2207,58.46792890864372,176.47948275386918,0.003997300893228574,0.42450384725969365,0.5041602363981157
2208,58.46792890864372,176.470623772532,0.00392281280354867,0.41712820497844577,0.4689200066209614
2209,58.46792890864372,176.46184414052166,0.0038876764212630297,0.41234433027882417,0.4643212181693408
2210,58.46792890864372,176.45338612764814,0.0038576192824237607,0.40917911523009,0.5038896869931716
2211,55.68374181775592,176.44520954181627,0.003915726237693157,0.4149257288313346,0.5312380420356211
2212,53.03213506452945,176.43718033060026,0.004037406731467197,0.42625940526361367,0.544344187436767
2213,50.506795299551854,176.42896996178231,0.004208665026775568,0.4413250895900699,0.5259444894899599
2214,50.506795299551854,176.42030919255143,0.004310234876197376,0.45003893713600457,0.44585011395444346
2215,50.506795299551854,176.41149886394197,0.004384666607639145,0.45536068828653725,0.39864161207359466
2216,50.506795299551854,176.4025551967495,0.004451025679902503,0.4589261482335429,0.39951612477790693
2217,50.506795299551854,176.39354106115337,0.00448609593325866,0.46132604992224413,0.4565220883281607
2218,50.506795299551854,176.38504026120836,0.004488267315115054,0.4631961151306697,0.5478651751728371
2219,50.506795299551854,176.37655393147168,0.004480627309068266,0.46592705122298445,0.6603568638823565
2220,48.101709809097,176.3682994677946,0.004576116571785861,0.4787850903486451,0.7245272183326824
2221,45.81115219914,176.36017079218178,0.0047317011819570315,0.4978885136509103,0.801386977231831
2222,43.62966876108571,176.3521168509771,0.004922608205716096,0.5212300573017238,0.8378900164141512
2223,41.5520654867483,176.34411170731133,0.005137422057283124,0.5471550801635297,0.8321748024512508
2224,39.57339570166504,176.33590373018237,0.005369876869751088,0.5747447703110632,0.7838647043372636
2225,37.688948287300036,176.32749156686268,0.0056103242232529976,0.6027237631786849,0.7087473556198175
2226,37.688948287300036,176.31865792605927,0.005719825444980634,0.6201195965282945,0.6196024014679535
2227,37.688948287300036,176.3097260135991,0.005783456821572476,0.630003580273584,0.4959258378646257
2228,39.57339570166504,176.3004824048953,0.005700268245034411,0.6237695909350237,0.4156327056317361
2229,41.5520654867483,176.2907247033777,0.005563841453228265,0.6066627576658329,0.42816855835008183
2230,43.62966876108572,176.28051826990992,0.005381145088732945,0.5832632160909589,0.5666480697383176
2231,43.62966876108572,176.27025985691472,0.0052510197004172416,0.5660508421245247,0.5286652765115923
2232,43.62966876108572,176.25993878715965,0.005129215627240008,0.5533280097025017,0.47947742995348913
2233,43.62966876108572,176.24983287480356,0.005022289822182913,0.5437761894425917,0.44824919148914943
2234,45.811152199140004,176.24115445856293,0.0048323512565017586,0.5281573947830243,0.5633289028737057
2235,45.811152199140004,176.232388142883,0.004739122118540381,0.5207517988229836,0.43818563854953346
2236,45.811152199140004,176.22369877704426,0.004697522579167174,0.5178416328283815,0.35735404798892284
2237,48.10170980909701,176.21480066254537,0.004581307942722636,0.5087430486293242,0.4289962075168012
2238,48.10170980909701,176.20597663450494,0.0045431635829019925,0.5036103128052889,0.34617784492312365
2239,50.50679529955186,176.1966628369077,0.004433959960359651,0.49195999187725026,0.43299868983128337
2240,50.50679529955186,176.1874750899859,0.004373951822745751,0.484224938304667,0.36867049455157963
2241,53.032135064529456,176.1778476343225,0.004237892877196605,0.4708031549163721,0.46342855876815897
2242,53.032135064529456,176.16840814986838,0.004155150159263105,0.46208309914970325,0.40372479387214644
2243,53.032135064529456,176.1590856551606,0.004103652647272781,0.4569553062598658,0.3594958217654757
2244,55.68374181775593,176.14931379776309,0.003977306356064631,0.4463509915854104,0.42842072146929777
2245,55.68374181775593,176.13973206677122,0.0038999217882384487,0.4401018720391329,0.38378079509659124
2246,55.68374181775593,176.1302374122946,0.0038644802172811705,0.43572785526873875,0.3926730251896504
2247,55.68374181775593,176.12217636127826,0.0038599765621315876,0.43224644552632724,0.4567617653763928
2248,55.68374181775593,176.1140453964806,0.0038938785515664777,0.4312674057893726,0.5861745583384983
2249,53.032135064529456,176.1060065123455,0.004042270659896996,0.4397492649590309,0.752727924841878
2250,50.50679529955186,176.09795172157132,0.0042527826081747554,0.4542671520045254,0.9021358119482894
2251,48.10170980909701,176.08983751313264,0.004498361753786738,0.4730432148504964,0.9962267860027808
2252,45.811152199140004,176.08165653392467,0.004762147099024282,0.49484381186810744,1.0324599208611667
2253,43.62966876108572,176.07319720303218,0.005019790643835403,0.5192150360852118,0.973328680906906
2254,41.5520654867483,176.06449577671162,0.005263711928496672,0.5456962442370813,0.8472166458456476
2255,39.57339570166504,176.05558924112935,0.005492404923320363,0.5734842331630111,0.7057276775069801
2256,37.688948287300036,176.04650235335117,0.005712431159862685,0.6020525274343879,0.5822563666468065
2257,37.688948287300036,176.0382971488561,0.005805560068516533,0.6204595954078105,0.384890202162663
2258,39.57339570166504,176.0297989792069,0.0057265203881341365,0.6234805773892997,0.25290399104477507
2259,41.5520654867483,176.021152148588,0.005549234367450061,0.6155908249719281,0.3013000883627577
2260,43.62966876108572,176.01218457228012,0.0053213848967934175,0.6000637660539282,0.39311004461868077
2261,45.811152199140004,176.00294470258717,0.005069777673728638,0.5791406339182683,0.4774418549085894
2262,48.10170980909701,175.99346053774175,0.004811667825592883,0.5545676197937155,0.5453694197873274
2263,48.10170980909701,175.98399838745217,0.004660678666732575,0.5368441974832966,0.4272818886737394
2264,50.50679529955186,175.97418875897185,0.004467713911100467,0.5146953258295415,0.5182382440752198
2265,50.50679529955186,175.96433924343754,0.004355223435878535,0.4986408305415802,0.41603007030683253
2266,50.50679529955186,175.95436226482747,0.004283091845965369,0.4864389956775602,0.35411764403080476
2267,53.032135064529456,175.94424951263207,0.004134646766566075,0.4688674062929078,0.49537592994358426
2268,53.032135064529456,175.9340765506982,0.004038120198192758,0.4561997166880532,0.42929696743026247
2269,53.032135064529456,175.92379471661076,0.0039624627214827615,0.4462313387348075,0.3953046929423073
2270,53.032135064529456,175.91369404512702,0.0038926454051357714,0.43787180405374676,0.39043657681401833
2271,53.032135064529456,175.90375250062513,0.003831320282728306,0.4306544202922384,0.3756965507914925
2272,53.032135064529456,175.8939451176143,0.003779616481390106,0.4242906281055751,0.3622065196760668
2273,53.032135064529456,175.8842033447587,0.0037543313238931615,0.4183305289042432,0.34573442273980515
2274,55.68374181775593,175.87570806849956,0.003668291836890525,0.405639833469043,0.4636443397807985
2275,55.68374181775593,175.86805973127966,0.003662750607920737,0.39876517306499293,0.47695690138920965
2276,55.68374181775593,175.86034000365032,0.00369693911958476,0.39715742246931374,0.5055594506155092
2277,53.032135064529456,175.85271838259763,0.0038324541869689216,0.4065815673295233,0.5570159648426631
2278,50.50679529955186,175.84510411681737,0.004020193446620556,0.4233026006216604,0.598328039628571
2279,48.10170980909701,175.83745393370327,0.004241115000971667,0.445294243980843,0.6437273552218965
2280,45.811152199140004,175.8297659811265,0.004475156351054239,0.47039555224729174,0.6851869989295333
2281,43.62966876108572,175.8220227778493,0.004732683666578661,0.4968249879881988,0.7251263213617014
2282,41.5520654867483,175.81421667385388,0.0050096853374792675,0.523379451538979,0.7633969389815086
2283,39.57339570166504,175.80634394754003,0.005305063279252309,0.5498080936211323,0.8023944849760674
2284,37.688948287300036,175.79840127008652,0.005619810096000953,0.5763031624079277,0.8385527420519255
2285,35.89423646409527,175.79037110765552,0.005965795234018461,0.603763521989207,0.8519325617144393
2286,34.18498710866216,175.78198019565528,0.006354849263089779,0.6324151236500534,0.8233018200926772
2287,32.55713057967825,175.77321949556668,0.006763741085317725,0.6616778238251954,0.7660744054849201
2288,32.55713057967825,175.76385751945668,0.007017436077966227,0.6803214657952921,0.5828811034888957
2289,32.55713057967825,175.75430570244035,0.007159734713309835,0.6919243148102807,0.3992801137088396
2290,34.18498710866216,175.7444005722885,0.007071016068695357,0.6874679638988649,0.30013007413274245
2291,35.89423646409527,175.73405575565772,0.006828383603144268,0.6717774324571261,0.42688124751334755
2292,37.688948287300036,175.7234303731543,0.006485047528294935,0.6476262253307699,0.5989708018618721
2293,37.688948287300036,175.71291401122846,0.006231561558968786,0.6278382480668091,0.6172797038930448
2294,37.688948287300036,175.70273341132827,0.006032602855658927,0.6101315186497939,0.624045504097145
2295,37.688948287300036,175.69279530388286,0.005888911846422948,0.5945200178646828,0.6131829190924792
2296,37.688948287300036,175.68276131132495,0.005772552817720536,0.5814564631975286,0.5796718539018901
2297,37.688948287300036,175.67290706877782,0.0056691426920972765,0.570535349770447,0.5699611627349765
2298,37.688948287300036,175.6632122647324,0.005577417771213572,0.5618693314469085,0.5665097169456716
2299,37.688948287300036,175.65512113513785,0.005476263947485816,0.5551238010265337,0.6032796942865825
2300,37.688948287300036,175.64748276627878,0.005404497750567019,0.5530569236170972,0.6253727601743343
2301,37.688948287300036,175.63988730984894,0.005374135230630067,0.5553428367620391,0.6558202581657341
2302,37.688948287300036,175.6322844449356,0.0053793770738879195,0.5606475101883547,0.683727288462567
2303,35.89423646409527,175.6246208450671,0.005527638198426615,0.5772291956340146,0.6683592280231746
2304,35.89423646409527,175.6165712329328,0.0056369543527807365,0.5905776413967926,0.6255081387139552
2305,35.89423646409527,175.60816147442628,0.005717627573017195,0.6011957009011262,0.5687142795522122
2306,35.89423646409527,175.59967141278014,0.005772224080749548,0.6089222535444696,0.5163611205410855
2307,35.89423646409527,175.59112794251854,0.005808535536285526,0.6148587763068711,0.47347823268397704
2308,37.688948287300036,175.58231448871834,0.005706754262120948,0.6091456818543167,0.48501664042853004
2309,39.57339570166504,175.5730892551911,0.005523239612650944,0.5962625965094653,0.5339767694503146
2310,39.57339570166504,175.56403995295292,0.005417907789627415,0.5887689237760987,0.5080869726813751
2311,39.57339570166504,175.55510094534023,0.005351873293850919,0.5848913544465252,0.49597439154144285
2312,39.57339570166504,175.54620263022937,0.00532751028586256,0.58271953886342,0.439164121871277
2313,41.5520654867483,175.53703902608103,0.0052250871303354905,0.5724836871943855,0.436681593938754
2314,43.62966876108572,175.52739992961497,0.005082027602642311,0.5572013259349299,0.45222654325629563
2315,45.811152199140004,175.5173240881783,0.004911967600884973,0.5385170607471504,0.4978870416394742
2316,45.811152199140004,175.507117078062,0.004830982782351316,0.526461267742777,0.4088857493348367
2317,48.10170980909701,175.4964117573493,0.004685005479962721,0.5098289515785309,0.4990338410381708
2318,48.10170980909701,175.485588874191,0.0045984997359677805,0.4987910607578228,0.4400802171513231
2319,48.10170980909701,175.47489748122692,0.004542631293713059,0.4911671884935565,0.40435147277191635
2320,50.50679529955186,175.4639756927894,0.004419545980413433,0.47765965231253926,0.4984915637339622
2321,50.50679529955186,175.4528983332093,0.0043519402661835295,0.4689887817020363,0.45535248188356986
2322,50.50679529955186,175.44193797961987,0.004305972354889034,0.4632290817229715,0.41836725903795174
2323,50.50679529955186,175.43105331881836,0.004276235079570542,0.4599020110180281,0.3743113069687193
2324,53.032135064529456,175.4196094990781,0.004157106557310759,0.45039001705487247,0.3975817748799133
2325,53.032135064529456,175.40840432830063,0.004070414422082091,0.4439148041218003,0.34066062966826244
2326,55.68374181775593,175.396699365288,0.003931548796816041,0.43178810155912195,0.41530482130994373
2327,55.68374181775593,175.38521462206106,0.003857579760573356,0.42285735615693365,0.4232596102425483
2328,55.68374181775593,175.3755308350352,0.00382666045551179,0.4160620172777774,0.49722793263681325
2329,55.68374181775593,175.36725541239838,0.003847210560838003,0.413341093986717,0.6369601566627892
2330,53.032135064529456,175.35928751947438,0.004006573455547555,0.42293564735460654,0.8785364736776432
2331,50.50679529955186,175.3512350563869,0.004251553632046049,0.44123129732796607,1.0935571416975058
2332,48.10170980909701,175.34302993745933,0.004548760787715109,0.4656368598193072,1.2281670501011046
2333,45.811152199140004,175.3346396992673,0.0048839567306038275,0.4944786768120076,1.2725262456725395
2334,43.62966876108572,175.32604782669125,0.005251394487672052,0.5270746486681022,1.2751853195973477
2335,41.5520654867483,175.31725908555043,0.0056403075918400975,0.5626000425368357,1.250103094290011
2336,39.57339570166504,175.30802363998998,0.006042074035837815,0.600098156516969,1.214779712775601
2337,37.688948287300036,175.29836436420538,0.006442060960194369,0.6379874176639817,1.14763190365764
2338,35.89423646409527,175.28831290986457,0.0068337839241179405,0.6751601649766014,1.0606748436081184
2339,34.18498710866216,175.27790408288956,0.00721416717963379,0.7107734245438683,0.9641080720831988
2340,32.55713057967825,175.2671699305029,0.007584103370853552,0.7443853745549841,0.8617589941326396
2341,32.55713057967825,175.255799293351,0.007799810719347869,0.7639134016609918,0.650087759342872
2342,32.55713057967825,175.2442886996575,0.007895815412731435,0.7730364153882765,0.4464890762404869
2343,34.18498710866216,175.2324090495993,0.007760927229541172,0.7638740967962766,0.23891272176895248
2344,35.89423646409527,175.22000832466563,0.00749083988324109,0.7429967430964858,0.312813046561288
2345,37.688948287300036,175.20722891434687,0.007137855152522457,0.7142226542014533,0.5019055074065331
2346,39.57339570166504,175.19418178117894,0.006738224669576947,0.680277281536996,0.6891799777543497
2347,39.57339570166504,175.18172960956272,0.006430955282860297,0.6529707852378418,0.7023251784131118
2348,39.57339570166504,175.16975697519518,0.006183297067348686,0.6313593047949098,0.7049558249081719
2349,39.57339570166504,175.15817689987168,0.0059805589638662815,0.6144040537373248,0.7189502062741673
2350,39.57339570166504,175.1486027944466,0.005817142088613883,0.6013776531860178,0.7353403710543853
2351,37.688948287300036,175.1391869362114,0.005832079723398199,0.6036472758822962,0.6324693151141098
2352,37.688948287300036,175.1294891048794,0.005831777455266184,0.6062295666360366,0.6164174881118706
2353,37.688948287300036,175.11981255345495,0.005818980812356688,0.6082780110200863,0.5867545156353058
2354,37.688948287300036,175.1101865513974,0.005788583020571774,0.6093143538123595,0.5362095346915854
2355,37.688948287300036,175.10059530397544,0.0057676833683495115,0.6094179398124574,0.4272115475038702
2356,39.57339570166504,175.09073499885432,0.0056471246129957955,0.5994159388482858,0.32502177548686517
2357,41.5520654867483,175.08040183514095,0.005471971207466443,0.5828660580974456,0.28967204815333897
2358,43.62966876108572,175.06965290645383,0.0052631912476531935,0.5620621662550526,0.3409268208566298
2359,45.811152199140004,175.05853165908775,0.005035132998351907,0.5388358359792224,0.4235769812064743
2360,48.10170980909701,175.04708490929923,0.004791959201390493,0.5142060122473635,0.5009842388638234
2361,48.10170980909701,175.03567863395972,0.004635937243069706,0.49682119657875234,0.413772763728942
2362,50.50679529955186,175.02387831926862,0.004434664433413489,0.47655468774395854,0.47932117108867434
2363,50.50679529955186,175.012075939846,0.004306252794271822,0.4623817996503752,0.399717792243015
2364,50.50679529955186,175.000176869921,0.004215079214664394,0.45187836047470864,0.36109239419059297
2365,53.032135064529456,174.98996914334396,0.004051478400702595,0.43619996906976194,0.4804479341910146
2366,53.032135064529456,174.97967819518016,0.003965543016518039,0.42739283378134824,0.36356268041105577
2367,53.032135064529456,174.96951763984566,0.00391529707563949,0.4222130310454377,0.30265424532126645
2368,55.68374181775593,174.95885923412334,0.003797633055465936,0.4119864891832832,0.3268327429493945
2369,58.46792890864373,174.9478051972564,0.003641791985210248,0.39814836388462943,0.3609404250850908
2370,58.46792890864373,174.93672293762222,0.0035447476473847,0.3883946452093504,0.2784250427148685
2371,61.39132535407592,174.92518154364,0.003413412269116171,0.3741056562681317,0.3527818128265926
2372,61.39132535407592,174.91385397413478,0.0033501728463165175,0.3633967131660362,0.37061065389310416
2373,61.39132535407592,174.90428894621496,0.003328110941716458,0.3551607430171648,0.4661920351661752
2374,58.46792890864373,174.89630715573793,0.003430696105912655,0.3575961766691998,0.6262724122810345
2375,55.68374181775593,174.88875508642695,0.003616648385769287,0.3688878698778637,0.8492077239176222
2376,53.032135064529456,174.88109916709882,0.00384970072395612,0.3872338723685308,0.9795246014452392
2377,50.50679529955186,174.8732997243518,0.004117963507411925,0.4104797465994513,1.0515317113798248
2378,48.10170980909701,174.86534435868106,0.004410302365463941,0.4371193481538666,1.0723734136003216
2379,45.811152199140004,174.8572373844827,0.004719068790991443,0.46590494339344374,1.0611319216804111
2380,43.62966876108572,174.84874239655076,0.005040949630941031,0.4958696261698579,1.0335683297083806
2381,41.5520654867483,174.83987365582644,0.0053649246252282425,0.5258509951926238,0.985373396385542
2382,39.57339570166504,174.83065591877047,0.0056843139422388545,0.554699628051065,0.9015421208442065
2383,37.688948287300036,174.82113844529292,0.005983116924510353,0.5814653451489621,0.8102386278429597
2384,35.89423646409527,174.8113593966365,0.00626692498477227,0.6068140982083855,0.6914055867366637
2385,35.89423646409527,174.80107309734268,0.006399997746492008,0.6204570052032905,0.4699009026922755
2386,37.688948287300036,174.79042865192463,0.006307458544290986,0.6159182052422305,0.19245705389196133
2387,39.57339570166504,174.7793186197642,0.006087236255730163,0.5997465563991461,0.20762823737850833
2388,41.5520654867483,174.7678479184188,0.005811233022174219,0.5765612065964153,0.40635632024579077
2389,43.62966876108572,174.7581506988636,0.005504492973819442,0.548766138682307,0.5991670862828284
2390,43.62966876108572,174.748477811984,0.005330758122417044,0.5300377401591011,0.5184842341487729
2391,43.62966876108572,174.7387119320489,0.005225249403122905,0.516293225188284,0.46812461093372476
2392,43.62966876108572,174.7288184958468,0.005139319013808258,0.5054329830043356,0.46274749062194537
2393,43.62966876108572,174.71908238430746,0.005057593957472909,0.4963263955485985,0.4952635269498814
2394,43.62966876108572,174.71090848656596,0.004995381872295468,0.48940886622680235,0.5595707791379829
2395,43.62966876108572,174.7027815345488,0.004967232770994872,0.4864658886727136,0.5850442254556437
2396,41.5520654867483,174.6948882567309,0.005065630456889577,0.4944125879103173,0.5959154549022369
2397,39.57339570166504,174.68712248270043,0.005232993120964026,0.5091194374271003,0.6192072490784611
2398,37.688948287300036,174.6794344498518,0.005439637310527967,0.5281447232272015,0.6270237578456368
2399,37.688948287300036,174.67134800659974,0.005554884485060827,0.5408744599766226,0.5773456173215487
2400,37.688948287300036,174.66292488058542,0.005617635573267638,0.5494312292229014,0.5161719109668806
2401,37.688948287300036,174.65446075053933,0.005644982392910435,0.5548549071971688,0.4495235659782087
2402,39.57339570166504,174.64575908345086,0.0055270504538167155,0.5487418682446046,0.4070607493402591
2403,41.5520654867483,174.63668847695695,0.005327221663373452,0.5355013993892528,0.42192298997027594
2404,43.62966876108572,174.6273212978369,0.005086824362129742,0.5175428527191134,0.46221167100135896
2405,43.62966876108572,174.61796804729065,0.004931320857372591,0.5051683854562242,0.40203952972421675
2406,45.811152199140004,174.6083078669475,0.004709333028243683,0.48738673137669447,0.4855107865786759
2407,45.811152199140004,174.59868954271946,0.004552357469134262,0.4745547722732076,0.44783118034353403
2408,45.811152199140004,174.58905596405324,0.004426774176734326,0.4645206745744474,0.4359776752875511
2409,45.811152199140004,174.5796628691233,0.004316268285791984,0.45614209632676217,0.43976153022017916
2410,45.811152199140004,174.57048435698692,0.004217664267283065,0.4491001934798699,0.4413644554928693
2411,45.811152199140004,174.56149690881364,0.004129867504804461,0.44325259031331526,0.44060763382711104
2412,45.811152199140004,174.5526983475889,0.0040430711132471275,0.43798632825004286,0.4350878202949868
2413,45.811152199140004,174.54404119776098,0.003978090451115237,0.43304313049397747,0.37495362588245884
2414,45.811152199140004,174.53547441886744,0.003936563648649462,0.42817980843343734,0.29166739533395
2415,48.10170980909701,174.5264595208191,0.003830310804401756,0.4163263158785053,0.30461347375799364
2416,50.50679529955186,174.51706506001017,0.003690783166979885,0.4002605020535449,0.35955035076621517
2417,50.50679529955186,174.50757205409315,0.0036208722213447904,0.388907535901713,0.33089943990927223
2418,50.50679529955186,174.4981621682731,0.0035891681169954066,0.3804609449629353,0.38244989917443517
2419,50.50679529955186,174.49019694123143,0.003574280907302274,0.3742209366092206,0.44465016714470545
2420,50.50679529955186,174.48340251756596,0.003586940889340055,0.3720145767531421,0.480655321579267
2421,48.10170980909701,174.47670513343988,0.003712901490206229,0.38118850838393575,0.5444287576070977
2422,45.811152199140004,174.4700039131882,0.003900779572845349,0.39766725282642623,0.6166983732873792
2423,43.62966876108572,174.46325642942324,0.004124095036971415,0.41890645814787986,0.6614086401718424
2424,41.5520654867483,174.45644737872234,0.004369811301300884,0.44342992924165825,0.6763711254179765
2425,39.57339570166504,174.44957449758755,0.004631314220339918,0.47010732354991996,0.6719021490905653
2426,37.688948287300036,174.4424243454496,0.004911710617249732,0.4982861611943559,0.6545092890051263
2427,35.89423646409527,174.43498669229035,0.005208413852882633,0.5274646856991544,0.6325254423358824
2428,35.89423646409527,174.42703869620482,0.005403684485590106,0.5479076707931964,0.5144352268663589
2429,35.89423646409527,174.41959129568832,0.005532847795906617,0.5617845096783056,0.4099189299311706
2430,37.688948287300036,174.41179262929816,0.005517915636254914,0.5630450810373375,0.27525684689403646
2431,39.57339570166504,174.40375888902045,0.0054135630838312646,0.555647496401806,0.23201973327506614
2432,41.5520654867483,174.3953251243836,0.005254850533967965,0.5424995318360626,0.2642021674300163
2433,43.62966876108572,174.38654148499953,0.005060423505927877,0.5253218028703781,0.3249652114297578
2434,45.811152199140004,174.3774511396448,0.004842462054272397,0.5050199028229607,0.39093195049482904
2435,48.10170980909701,174.36805787842604,0.004626746651992499,0.4836745364220815,0.44737129995355884
2436,48.10170980909701,174.35862869254208,0.00450916671104245,0.46936289599215186,0.36033588179272164
2437,50.50679529955186,174.34880921147706,0.004341942902009609,0.4511140803231572,0.4540838785234285
2438,50.50679529955186,174.33892558867217,0.004243014433370994,0.43813883416771554,0.3949530044119759
2439,50.50679529955186,174.32890950515488,0.004174640276060238,0.4280740782272597,0.36678729609583344
2440,50.50679529955186,174.31897730263634,0.00413967920616131,0.4196870671475807,0.3838495228695084
2441,50.50679529955186,174.30909801798742,0.004117623372721023,0.41280446854554026,0.3908556847778482
2442,50.50679529955186,174.29926141767373,0.00409983281173103,0.40720614626621215,0.38484623274541685
2443,50.50679529955186,174.2894684353201,0.004081653121800313,0.4027716168446405,0.36531602658933154
2444,50.50679529955186,174.27969143509176,0.004074991872975314,0.399263254874047,0.3690327537597505
2445,50.50679529955186,174.26994852236382,0.00406078441840412,0.39662061148914773,0.35302527323596894
2446,50.50679529955186,174.26023022605284,0.004050524451424121,0.39509113582382693,0.3430042700747725
2447,50.50679529955186,174.25051470525662,0.004049367634451438,0.3946577538059029,0.336211651634727
2448,50.50679529955186,174.24078463742777,0.004055430745661553,0.39494049979725876,0.3294523618069
2449,50.50679529955186,174.23102989170977,0.004065716333777175,0.3955716474209315,0.3223305082238
2450,53.032135064529456,174.22099320607074,0.003984025819210559,0.389075617695888,0.3690601547631675
2451,53.032135064529456,174.21106659593684,0.003940331748184504,0.3850069596121728,0.3358360831759598
2452,53.032135064529456,174.20116113852302,0.003931935252984105,0.38224211396737967,0.2962088565602882
2453,55.68374181775593,174.19064898664212,0.0038583082872618037,0.37315871020422997,0.3517983608564112
2454,55.68374181775593,174.18018582038763,0.0038403289381078844,0.36696603260366023,0.37140792504466424
2455,55.68374181775593,174.17127061646906,0.0038496181596808714,0.3625830718969907,0.43323321856042185
2456,55.68374181775593,174.16227836729254,0.0038828865881810042,0.36172039128579914,0.4337000096048767
2457,55.68374181775593,174.15292540368384,0.003921013999562659,0.3631470800898023,0.41220610264449387
2458,55.68374181775593,174.14321240821033,0.003953348586847068,0.36577593291633265,0.35602397872819513
2459,55.68374181775593,174.1334449007696,0.003975535852295477,0.3690225939047869,0.25799050236241894
2460,58.46792890864373,174.12339686015017,0.0038949690100929363,0.36510204515230243,0.15686622694249758
2461,61.39132535407592,174.11290592838637,0.0037601932290746375,0.3569937164991392,0.19241495192434224
2462,64.46089162177971,174.10207043037445,0.003591025208373348,0.3455031604604831,0.3024039213749422
2463,64.46089162177971,174.091458233906,0.0035170201675893786,0.33878851156156475,0.2349565843380042
2464,67.6839362028687,174.08030345560184,0.0034182513702193263,0.3279379362485155,0.32032452994001376
2465,67.6839362028687,174.0689069991883,0.0033905930103778244,0.3206962923796788,0.30992282570962476
2466,67.6839362028687,174.05920680667415,0.00339521480799566,0.3152634125559745,0.40381205009135906
2467,64.46089162177971,174.05071501436421,0.0035129485372597043,0.3195852273611781,0.45606261629315653
2468,61.39132535407591,174.04219812443114,0.0036994976663241906,0.3313814270554892,0.5537676057813916
2469,58.46792890864372,174.033597079991,0.003922854620466796,0.3482361090209646,0.6119186810697268
2470,55.68374181775592,174.02489427850253,0.004167728295250297,0.3686812069823776,0.6281965224714527
2471,53.03213506452945,174.01609536395048,0.004424444180937926,0.39145633092060594,0.6291251370432293
2472,50.506795299551854,174.00721635557068,0.004687954470132628,0.4161641459215102,0.6185449270535626
2473,48.101709809097,173.9982717555929,0.004958714919236969,0.44217199838206034,0.6126309654498595
2474,45.81115219914,173.98928719131328,0.005229913880997699,0.4684684741532852,0.6124737668147602
2475,43.62966876108571,173.9802878884882,0.00550041784602659,0.49459691417933616,0.6111302358436123
2476,41.5520654867483,173.97128810489303,0.005775747279788944,0.5206983178637653,0.6039463399765299
2477,41.5520654867483,173.96177780663587,0.005925609502640129,0.5368921605741577,0.487472655648164
2478,41.5520654867483,173.95214294718025,0.00600322021478425,0.5463297411908016,0.3908438317512587
2479,43.62966876108572,173.94218148516535,0.005911159458982892,0.5417641045223784,0.26957678669374135
2480,45.811152199140004,173.9317346268004,0.005732034223329653,0.5290601671506552,0.27623672448325753
2481,48.10170980909701,173.92087984934466,0.005507030327856999,0.5112350076320215,0.3532501919567285
2482,50.50679529955186,173.90970783601108,0.005240846813928466,0.4902154054789334,0.4676599328016705
2483,50.50679529955186,173.89859402797697,0.0050616916694541285,0.4758643640338815,0.44041737500678757
2484,50.50679529955186,173.8892709798939,0.004922399334075283,0.46540924357257646,0.4941933806599982
2485,50.50679529955186,173.8801264435859,0.004828148372875418,0.4597151929730337,0.5475101209183776
2486,50.50679529955186,173.8711132237563,0.004758815667529327,0.45699746456936635,0.6333688038202188
2487,48.10170980909701,173.86242773576058,0.004815068199071357,0.4645792920332497,0.687851479528386
2488,45.811152199140004,173.85393779739337,0.004941992191656188,0.47869527186624383,0.7560716918582203
2489,43.62966876108572,173.845569053478,0.005115017160234133,0.4965932260829978,0.7737952548382331
2490,41.5520654867483,173.83726897566822,0.005326700506208493,0.5176817696884479,0.776086362000024
2491,39.57339570166504,173.82879093142532,0.005546561956218267,0.5401290626581232,0.7569266263338733
2492,37.688948287300036,173.82011220633197,0.0057881022713420745,0.5630614227837737,0.6852764239559007
2493,35.89423646409527,173.81121088585903,0.006051830778813687,0.5857886247663239,0.5990930965087075
2494,35.89423646409527,173.8020780657541,0.006209222774992451,0.5989814108601017,0.46232737362682574
2495,37.688948287300036,173.79257279825003,0.006154707004926231,0.5961827837997374,0.371811264965912
2496,39.57339570166504,173.78260584688545,0.005967313502863024,0.5839052959845314,0.41103073842163385
2497,41.5520654867483,173.77232838899252,0.005689520913525521,0.5653749135789686,0.517365459537676
2498,41.5520654867483,173.76211067574843,0.005491695863836347,0.5519814716637801,0.4970329340587447
2499,41.5520654867483,173.75216885353183,0.005343413212072296,0.5413348249608261,0.48359284540380415
2500,41.5520654867483,173.74243725584856,0.005230424212199885,0.532518396003882,0.4594694446837608
2501,41.5520654867483,173.7328684836963,0.005142910668504265,0.5250095906897477,0.4268145546667385
2502,43.62966876108572,173.7228671204612,0.00497033251556658,0.5101428072879945,0.506665075403844
2503,43.62966876108572,173.7128046815016,0.004855034023133204,0.49893154455049676,0.4542795634485085
2504,43.62966876108572,173.70291645846152,0.004770976448139357,0.48986190758434783,0.42124405839994133
2505,43.62966876108572,173.69314324567443,0.004715485061555006,0.48330683866111457,0.37777572197395426
2506,45.811152199140004,173.68288128809786,0.004578178378358347,0.47028129525141393,0.44358562260139184
2507,45.811152199140004,173.67280999607613,0.004493116545524294,0.46169566406935025,0.38812505550945564
2508,45.811152199140004,173.66285601624938,0.004440779927377619,0.45599449762860894,0.3432468426541631
2509,48.10170980909701,173.65240345951312,0.004311798973998875,0.4450785219759758,0.39543303539194
2510,48.10170980909701,173.64213683757262,0.004235098748216082,0.4379030026063273,0.34045937363993156
2511,50.50679529955186,173.63139058553142,0.004098891946329274,0.42649705302487906,0.3891273105007433
2512,50.50679529955186,173.62085495585194,0.004018555257774459,0.4191559628420784,0.3231754299556931
2513,53.032135064529456,173.60984656146502,0.0038824592306248365,0.40720828045253177,0.38910976858949003
2514,53.032135064529456,173.59909300780967,0.0037925815685133004,0.39921954051553615,0.31378022101451897
2515,55.68374181775593,173.58819699758334,0.003659831803769858,0.38686105444365776,0.39273302801667814
2516,55.68374181775593,173.5771629901901,0.0035982362174626914,0.37887992328498493,0.37255697315403485
2517,55.68374181775593,173.56784800438092,0.003573712998862434,0.3727738484343424,0.42811089650056844
2518,55.68374181775593,173.55988512386378,0.003594088341495786,0.3701904069220396,0.5236428675521191
2519,53.032135064529456,173.55243621628364,0.003745606983862881,0.37912289593164666,0.6726660964819284
2520,50.50679529955186,173.54488393253754,0.00398746806320329,0.39613970150979083,0.8608769554451248
2521,48.10170980909701,173.537158515074,0.00428282348336271,0.41893446054738015,0.9677231492133332
2522,45.811152199140004,173.5292564009423,0.00459981976868709,0.4458458534611049,0.982132722774477
2523,43.62966876108572,173.52093593275796,0.004937389123894163,0.4764610812465731,0.9496774493269464
2524,41.5520654867483,173.51220848716451,0.005279451642025772,0.5092469424103996,0.8708592620186856
2525,39.57339570166504,173.50310963263198,0.005611002501406266,0.5425641741834318,0.7834961598729305
2526,37.688948287300036,173.4936544603676,0.005943951546815778,0.5753138492019421,0.709434559513662
2527,35.89423646409527,173.48384022944663,0.0062894716169566815,0.6067319699795484,0.6457911812417813
2528,35.89423646409527,173.47337566428178,0.0065109123854321695,0.6256542089854652,0.51437890403365
2529,37.688948287300036,173.4623867080203,0.006511601435501143,0.6249593389231333,0.3785408708150168
2530,39.57339570166504,173.45074318606464,0.0063795376979147575,0.6115029978979677,0.44184762807369654
2531,41.5520654867483,173.43860178131263,0.0061510216425967,0.5893001323393561,0.565735215931306
2532,41.5520654867483,173.42642790256124,0.00598783831851728,0.5715340463082191,0.5513286446884376
2533,41.5520654867483,173.41416658541937,0.0058551900236966225,0.5561053547392432,0.5400668317455123
2534,41.5520654867483,173.40176409694425,0.00575010103732095,0.5426875287119028,0.5248104428528589
2535,41.5520654867483,173.38925678871976,0.005629803952414184,0.5295544233151931,0.4883301112714882
2536,41.5520654867483,173.37666940175637,0.005500824355736385,0.5168680647298662,0.45986250956603875
2537,41.5520654867483,173.36400296306854,0.005374146422310725,0.5049102108627799,0.45250696648720806
2538,41.5520654867483,173.35124107589883,0.005256935464958189,0.49368914351043663,0.45948715096974524
2539,41.5520654867483,173.33836674991343,0.005148788136697351,0.48303116771337073,0.4708468574546726
2540,41.5520654867483,173.32573882400712,0.005050246138881557,0.47283164128824456,0.48017486987245017
2541,41.5520654867483,173.31294749224395,0.004966598565152028,0.4635493274614341,0.4657560682580668
2542,41.5520654867483,173.29996979386826,0.004892194860185316,0.45490329396703993,0.4537147059336309
2543,41.5520654867483,173.2871706131799,0.004824899158949572,0.44672552263042115,0.44493564090475823
2544,41.5520654867483,173.27451182233781,0.004771976486256671,0.4396615830221458,0.42900961616080074
2545,41.5520654867483,173.26193564011666,0.004740835565866952,0.4343716770466577,0.4292450268574517
2546,41.5520654867483,173.24941839871948,0.0047186166802691215,0.430317111946872,0.40938076221088004
2547,41.5520654867483,173.2369426114464,0.004702989744928507,0.4272000796251785,0.3776383519354311
2548,41.5520654867483,173.22453327158485,0.004677941105735221,0.4255995855032497,0.3865636769683924
2549,41.5520654867483,173.2122240690842,0.004640192387164898,0.4247495659614729,0.40280053114251607
2550,41.5520654867483,173.20186159708425,0.00459568777051107,0.42512067872687703,0.4738000853156935
2551,41.5520654867483,173.1930794039652,0.004582170049897992,0.42944729381524127,0.5304905412891902
2552,39.57339570166504,173.1857598421984,0.004717627786430454,0.44630678129183093,0.6021213973693439
2553,37.688948287300036,173.1787353725872,0.004970135759854186,0.4736233559364794,0.7123591297198723
2554,35.89423646409527,173.1715994930026,0.005301411619246179,0.5083492387383024,0.8109149069736803
2555,34.18498710866216,173.1643362115258,0.005665864533801853,0.5468834204268939,0.8715961318385628
2556,32.55713057967825,173.1569010029741,0.006089978585788566,0.5888714261348623,0.8790898268931473
2557,31.006791028265,173.1492594249168,0.00657196078998948,0.6335389857437993,0.8654552763697755
2558,29.530277169776188,173.14139655363067,0.007100392807878336,0.6802594737888724,0.8524169762362049
2559,28.12407349502494,173.13331283245822,0.007664817757286555,0.7288739990000533,0.8430708153207831
2560,28.12407349502494,173.12450979801253,0.008103743469224116,0.7673435422075817,0.7321271539682899
2561,28.12407349502494,173.11563070655347,0.008418971465168923,0.7976147438981562,0.6121566291177704
2562,29.53027716977619,173.10624358154064,0.00847683657811847,0.8102350217127702,0.4293626820641788
2563,31.006791028265003,173.0965106218349,0.008370604746502724,0.8112309652898887,0.3362309302526652
2564,32.55713057967825,173.08653903487627,0.008167457660687886,0.8046278076660841,0.36832569978018453
2565,34.18498710866216,173.07641129213508,0.007900343472589179,0.7926947071834264,0.48146561637439667
2566,35.89423646409527,173.06591449791995,0.007571178253084179,0.775311010331087,0.6016140226377553
2567,37.688948287300036,173.0550850546883,0.007222480755265121,0.7535042954078883,0.6777446231995563
2568,37.688948287300036,173.0445711086093,0.007012066233920963,0.739226963120129,0.5758111150388333
2569,39.57339570166504,173.03362732706606,0.006748716049229022,0.7182736771730089,0.6079801979226929
2570,39.57339570166504,173.02262190300146,0.006589057498430476,0.7032022434846352,0.4824971812607305
2571,41.5520654867483,173.01114952837509,0.006351017541939166,0.680628659956387,0.5469112051406968
2572,43.62966876108572,172.9992962506338,0.006067390244801965,0.6535053009586356,0.6208336860830522
2573,43.62966876108572,172.98746056174036,0.0058819290899972685,0.6339705392225305,0.5203422000024382
2574,45.811152199140004,172.97521459448666,0.005627205993390858,0.609315025640507,0.6120487795191993
2575,45.811152199140004,172.96299255282327,0.0054526328398348195,0.591571411139638,0.5157495398961046
2576,45.811152199140004,172.95070021081602,0.00532426797016531,0.5787262572538018,0.43111845170406216
2577,48.10170980909701,172.93793598849345,0.005112026618405579,0.560155437270637,0.5031204350547115
2578,48.10170980909701,172.92515843041505,0.004968318002131323,0.547142774912384,0.4065767511536869
2579,50.50679529955186,172.91191977804232,0.004759691189789144,0.5289748479232619,0.5019612883761052
2580,50.50679529955186,172.89868173442872,0.004620846915216623,0.5161108486290132,0.41369647772828333
2581,53.032135064529456,172.88737174434078,0.0044233547705775835,0.4981557484978149,0.5278892889692591
2582,53.032135064529456,172.8760018374951,0.004317270201977664,0.48820837983172816,0.3035924078312805
2583,55.68374181775593,172.86409420928655,0.004180719848871917,0.4750184410229193,0.34100531536237577
2584,58.46792890864373,172.8516629927616,0.004035644547299228,0.4592208903584424,0.42423956981525884
2585,58.46792890864373,172.83903769010902,0.0039792740469275995,0.4491816021958313,0.4305668710105777
2586,58.46792890864373,172.82833495754858,0.003968604306771163,0.4423034139060861,0.5163368079976042
2587,58.46792890864373,172.81918158989356,0.0039930532959079655,0.4404466479204698,0.584220385733342
2588,55.68374181775593,172.8105302833581,0.0041430676186940294,0.45201986751355727,0.7584625339215549
2589,53.032135064529456,172.8018520252362,0.004363773329162463,0.47306919451642476,0.9283697687511431
2590,50.50679529955186,172.79308352851265,0.00462960633135312,0.5011386980771672,1.048193460414194
2591,48.10170980909701,172.7841923205939,0.0049291153843036084,0.5342759307298123,1.133450853442445
2592,45.811152199140004,172.77516125615773,0.005256981617021209,0.5714279101840105,1.1784161046605712
2593,43.62966876108572,172.76599225043392,0.005604141086656167,0.6108242924475564,1.1778484696951486
2594,41.5520654867483,172.7564195702147,0.0059644780151769244,0.6512159042863407,1.1428575928839424
2595,39.57339570166504,172.74645629163285,0.006328390048424727,0.6911018733704607,1.0700856074537515
2596,37.688948287300036,172.73611556386965,0.006695671591967864,0.7300724673437674,0.9613971795891543
2597,35.89423646409527,172.72542274806062,0.00705809012841396,0.766283618718117,0.8275864164135552
2598,35.89423646409527,172.7140853892436,0.007265571501620509,0.7878334337353581,0.5399868540433795
2599,37.688948287300036,172.70223934997227,0.007230057616380561,0.7866950137312665,0.14614796188016038
2600,39.57339570166504,172.6897559550905,0.007044899061124858,0.7702844457296272,0.27459785396317
2601,41.5520654867483,172.6767968334256,0.006762248244030654,0.7434903081292604,0.5666259127183696
2602,43.62966876108572,172.66581288130143,0.006421935644199491,0.7096441520726726,0.8076787190904543
2603,43.62966876108572,172.65484990436119,0.006222982700971544,0.686615921064498,0.6339363278018767
2604,43.62966876108572,172.64377421565436,0.0061038465837569824,0.6704272599853706,0.5094576724538353
2605,45.811152199140004,172.632192787201,0.005901582371781681,0.6481036779025964,0.5989951465206859
2606,45.811152199140004,172.62049949588575,0.005785033648045928,0.6325859295982195,0.4941320016948766
2607,48.10170980909701,172.6086045067628,0.005604590290596927,0.6118054347896733,0.6205000396693592
2608,48.10170980909701,172.59655066622926,0.005514016201238764,0.5978957430082243,0.5337935149722955
2609,48.10170980909701,172.5845871354963,0.0054727040815093966,0.5882749289080694,0.4991862554760982
2610,48.10170980909701,172.57265623233582,0.005457778634010118,0.5819405346171859,0.47739440596589755
2611,50.50679529955186,172.56040157802155,0.005338931662988767,0.5683161059152637,0.5704381912820471
2612,50.50679529955186,172.54829480975357,0.00527450279571577,0.5596024955345995,0.49575238382968534
2613,50.50679529955186,172.53627376614284,0.0052371555092574126,0.5538784274061002,0.419536061017901
2614,53.032135064529456,172.52359938294015,0.0051056801780174,0.5413203258888301,0.47270405058766946
2615,53.032135064529456,172.5110898288003,0.005039281327310885,0.5336025712712562,0.4010553163949307
2616,55.68374181775593,172.49793351616626,0.004900432761146758,0.5203133312755003,0.48775155951253407
2617,55.68374181775593,172.4849581416582,0.004833037348405888,0.511990127666367,0.4203576365700714
2618,58.46792890864373,172.47370017593778,0.004698421191720195,0.4985039268210969,0.5314166064776816
2619,58.46792890864373,172.46218953904557,0.0046639528808747185,0.49345666589916143,0.34643000196338924
2620,61.39132535407592,172.45035610943808,0.00456642293433733,0.4839403204692814,0.3710685884717658
2621,64.46089162177971,172.43792960418114,0.004433921348534289,0.47180918365044305,0.40992945404404774
2622,64.46089162177971,172.42565021194895,0.0043814297132020565,0.4657231377256406,0.25979179726954116
2623,67.6839362028687,172.41272556653576,0.004264136421364384,0.45479102260193593,0.3413938788072466
2624,71.06813301301213,172.39925300787849,0.004109945025027992,0.4406696941072799,0.4345151474774208
2625,71.06813301301213,172.38603454444697,0.004032430617030563,0.4323777214341281,0.2989997889217747
2626,74.62153966366274,172.3722201526131,0.003896648001179474,0.41929126670929756,0.4133812630347305
2627,74.62153966366274,172.35866196113142,0.0038243811506102196,0.4111700759261721,0.2892330808850114
2628,78.35261664684589,172.3449182619383,0.0036921024884688414,0.3983221491970648,0.41847859282695293
2629,78.35261664684589,172.3310233618355,0.0036240010168561475,0.3904566520356681,0.27779936879528616
2630,82.27024747918819,172.319061321619,0.0034956658794472618,0.37783803700708796,0.4195318101534947
2631,82.27024747918819,172.30690360102622,0.0034493684828379124,0.37223748406045604,0.2003582442961351
2632,86.3837598531476,172.29412511589467,0.003352279959652351,0.3632197157424228,0.28967148597777836
2633,90.70294784580499,172.2831417526176,0.0032284051561897323,0.3518022196291255,0.3726971043992089
2634,90.70294784580499,172.2719537652235,0.0031927684829128507,0.3478333390159446,0.28769267548003974
2635,95.23809523809524,172.26084052304302,0.0031117078105366977,0.3407348779277265,0.37974536107671825
2636,95.23809523809524,172.24979939831923,0.00309151492264733,0.33883977722180164,0.46968417962097797
2637,90.70294784580499,172.23898176244603,0.003180384946695172,0.3466353635293433,0.7408620192973984
2638,86.3837598531476,172.22821465648227,0.0033238056110315678,0.3603792836467723,0.9611123293395533
2639,82.27024747918819,172.21742982045458,0.0034957428258583613,0.377434541100487,1.1270114380785696
2640,78.35261664684589,172.20657283408653,0.003695085740183816,0.3968342363170498,1.2283775542801079
2641,74.62153966366274,172.1955937670323,0.003923466639325657,0.418220115701263,1.3172564183540414
2642,71.06813301301213,172.18445401339645,0.004179933879847761,0.44155197190696127,1.3892985653919974
2643,67.6839362028687,172.1731678840613,0.00444660086010834,0.46684994034916294,1.4170756744288429
2644,64.46089162177971,172.161421595834,0.0047177600932290665,0.4936873521549305,1.3791367174231248
2645,61.39132535407591,172.1492484000846,0.004984158895746788,0.5208936793923232,1.2878947122110664
2646,58.46792890864372,172.13668647261056,0.005243190409018547,0.5481812572329161,1.1436290498018078
2647,55.68374181775592,172.1237727562098,0.005494683313539629,0.5746084398503558,0.9940502490332048
2648,53.03213506452945,172.11054324897518,0.005738351731960862,0.6000681834694058,0.836265288686661
2649,50.506795299551854,172.09703405353562,0.005973447564294244,0.6237954897240512,0.6754240088316273
2650,50.506795299551854,172.08291776158907,0.0060600886595152045,0.6344444274939879,0.3594046867290494
2651,53.03213506452945,172.0684319237216,0.005922603614012238,0.6247899878756983,0.31360205731788104
2652,55.68374181775592,172.0560494073225,0.005672437693854161,0.6031282476476649,0.6648479183372092
2653,55.68374181775592,172.04361327629027,0.005531066589616431,0.5881601767194848,0.5756899953848754
2654,55.68374181775592,172.03137430583527,0.005443377880111595,0.5768380927383625,0.5132440551243623
2655,55.68374181775592,172.01926377879846,0.005386251664758706,0.5680611252362885,0.4481515701030021
2656,58.46792890864372,172.0069308467437,0.005223969558908307,0.5512204755287783,0.5641448811083754
2657,58.46792890864372,171.99444913442923,0.0051329997425398725,0.5401958837640871,0.4570195751405416
2658,58.46792890864372,171.98209210891144,0.005081723340727942,0.5325372739774789,0.393914949891736
2659,61.39132535407591,171.97075701084248,0.0049236480903095525,0.5182110923522212,0.552122573683375
2660,61.39132535407591,171.95929684442663,0.004832984724131567,0.5109851066610136,0.42757019652105094
2661,61.39132535407591,171.9479567832956,0.004782333888310496,0.5075732941066845,0.37557479609832234
2662,64.46089162177971,171.93603385076727,0.004649230313435115,0.497381187845664,0.47742098103299613
2663,64.46089162177971,171.92427115507667,0.004586747534082885,0.49183583174796935,0.3930155515753303
2664,67.6839362028687,171.912274081138,0.004455372407110206,0.4801037488302265,0.48660313333651933
2665,67.6839362028687,171.90006793288,0.004400987057500918,0.47369228346690395,0.36748945873484024
2666,71.06813301301213,171.8876158049423,0.004275882139327367,0.46098714656914797,0.4649797499775306
2667,71.06813301301213,171.87497125332396,0.004215492884839634,0.45334530065978274,0.33487719386758924
2668,74.62153966366274,171.86354320930985,0.004083912523808171,0.44023346851682893,0.47380058522485835
2669,74.62153966366274,171.85196636403126,0.004016590262771954,0.43392611153705746,0.29592269576105945
2670,78.35261664684589,171.83986471374143,0.003882266790001143,0.4229348851286436,0.3973970141657848
2671,78.35261664684589,171.82796116382488,0.0038187152510464942,0.41737460699504875,0.28359959755849007
2672,82.27024747918819,171.81591447802003,0.003680603735823023,0.4067963375980309,0.42519989665805424
2673,82.27024747918819,171.8037552456307,0.0036067863158397964,0.40121684707485183,0.33313147297395784
2674,86.3837598531476,171.79249086429024,0.0034773145197829754,0.39051703421150774,0.4562132060716172
2675,86.3837598531476,171.78106549293977,0.003424283627066465,0.3855732117118107,0.32005292236865635
2676,90.70294784580499,171.76978061659693,0.0033177536447815195,0.3759267701827607,0.40483736088308914
2677,90.70294784580499,171.75830792094152,0.0032747306045655122,0.3712753600366377,0.300445473186874
2678,95.23809523809524,171.74697426025318,0.0031734249927575973,0.36164305168690924,0.3934419714992808
2679,95.23809523809524,171.73545953417226,0.003130216798693169,0.35697998425257316,0.3220802555588453
2680,95.23809523809524,171.7240203928353,0.0031096694896396316,0.3544103058156374,0.353898098810291
2681,95.23809523809524,171.71295337574057,0.0030987647865245646,0.3533131836503043,0.383554747558259
2682,95.23809523809524,171.70190150436633,0.003094523984799233,0.3531328038420951,0.45381741219049704
2683,90.70294784580499,171.69108961067647,0.0031786967448176897,0.361065606630437,0.6432003798995327
2684,86.3837598531476,171.68037722356272,0.0033069139020184936,0.3737818392693472,0.8043726684766987
2685,82.27024747918819,171.6697038793012,0.0034596044421957295,0.38960722163718586,0.9081584005427855
2686,78.35261664684589,171.659040643162,0.0036291444483014935,0.40752856275984145,0.9710871335587513
2687,74.62153966366274,171.64838690597492,0.0038072071361883275,0.4269793839478227,0.9902599765627125
2688,71.06813301301213,171.63774822321008,0.0039919186706526355,0.44749999172640326,0.9824331150311469
2689,67.6839362028687,171.62681452678063,0.004182278138603045,0.46874535292360936,0.9558139622940686
2690,64.46089162177971,171.61559794927462,0.004373794117406475,0.4900470660804331,0.8965877959562709
2691,61.39132535407591,171.60411663905006,0.004563956543751433,0.5108841224998062,0.8175784876615274
2692,58.46792890864372,171.59240096808134,0.004747547180165699,0.530795000221046,0.7296473538707768
2693,55.68374181775592,171.58043761128886,0.004942051341159884,0.549834242861817,0.6415007441616611
2694,55.68374181775592,171.56789297806648,0.005031238915446491,0.5578438294989627,0.3884393643785943
2695,58.46792890864372,171.5549425186888,0.004946668962232851,0.5481177359649192,0.34615667312456444
2696,61.39132535407591,171.5437800807124,0.004777255925598113,0.52860128010029,0.6126080450381101
2697,61.39132535407591,171.532989135749,0.004687283271631672,0.5136754337284718,0.6480777023214258
2698,58.46792890864372,171.5222577153168,0.00475194064302316,0.5105954671865478,0.6025209199458024
2699,58.46792890864372,171.51180232568854,0.004768603836190178,0.5056525418142127,0.6190333030436478
2700,55.68374181775592,171.501315630802,0.004875753359472422,0.5097184426932426,0.5486379829164773
2701,55.68374181775592,171.49043613181038,0.004911054661344869,0.510184533452629,0.521381967130002
2702,55.68374181775592,171.47956309488993,0.004908137653315325,0.508664406710673,0.5256181486406595
2703,55.68374181775592,171.46935426829148,0.004888956220830249,0.5063022944860511,0.5546446105254013
2704,55.68374181775592,171.45917827397707,0.004873233003462947,0.5044973472918886,0.5596879864991775
2705,55.68374181775592,171.4490273957787,0.004861205020620179,0.5028784979628845,0.549308279403946
2706,55.68374181775592,171.43889443815365,0.0048526229472933636,0.5016172704201117,0.5413643602835687
2707,55.68374181775592,171.42848118943917,0.0048416048098865495,0.49975792046680306,0.4702681348295355
2708,55.68374181775592,171.41805405462438,0.004848061105362353,0.49758150736725704,0.40234066674622027
2709,58.46792890864372,171.40696841883073,0.004765814989200143,0.48689539698070344,0.4834506261866077
2710,58.46792890864372,171.3959446106045,0.004739234759324044,0.4794109824471737,0.42874271471632586
2711,58.46792890864372,171.3849278402798,0.004736209101863448,0.47423432691626577,0.394808268338841
2712,61.39132535407591,171.3742688238388,0.00462997722867898,0.4624773541527016,0.5097246311926154
2713,61.39132535407591,171.3633722969559,0.004595286495836268,0.4566646763362591,0.4150647542511009
2714,61.39132535407591,171.3524872890848,0.004590428694747533,0.45416040312203426,0.3695609847404879
2715,64.46089162177971,171.34163229215457,0.004490576805932298,0.44526073639362934,0.480686938263822
2716,64.46089162177971,171.33053739826508,0.004456135131176422,0.44154778974462106,0.41340280400077584
2717,64.46089162177971,171.31944422369756,0.004455444585484041,0.4408187936834115,0.4132401542269715
2718,64.46089162177971,171.30865769627812,0.004462251823533621,0.4420937255729593,0.46265671903165245
2719,64.46089162177971,171.29784725073867,0.004472146451350096,0.4447695864839894,0.5238531191367366
2720,64.46089162177971,171.2870138383933,0.004481647532433749,0.4483679369382289,0.6122919410892863
2721,61.39132535407591,171.27641988083784,0.004601717476934672,0.4612377805892807,0.6811510762433566
2722,58.46792890864372,171.26593339725716,0.00478278549231342,0.47990651083484787,0.7593577568317156
2723,55.68374181775592,171.25548330776132,0.005004495820959044,0.5024546887245581,0.8079472876643927
2724,53.03213506452945,171.2450561224822,0.0052432034608629625,0.527142084009698,0.8175894011290163
2725,50.506795299551854,171.23430548912006,0.005510813904953901,0.5533397434172457,0.7729376432056981
2726,48.101709809097,171.2231953523152,0.005805681083538063,0.5804504704286901,0.703400730248335
2727,45.81115219914,171.2117086813013,0.00611899398139976,0.607683729427109,0.6342279639652125
2728,45.81115219914,171.19988441081327,0.006298834524313859,0.6239479823133568,0.49604835846080186
2729,48.101709809096995,171.18754356552796,0.006260967535674134,0.6226442904512308,0.46848429469994674
2730,50.50679529955185,171.1749114261597,0.0061035731471206275,0.6108459871661538,0.6112091356972695
2731,50.50679529955185,171.16245894314414,0.006016767131246513,0.6032960042641938,0.60476371849526
2732,50.50679529955185,171.1501051817866,0.005969066987753674,0.5986812159216172,0.6037624704930034
2733,50.50679529955185,171.13779395167512,0.0059485168209808805,0.5962053132466903,0.6016025405401376
2734,50.50679529955185,171.12553700134933,0.005922290017005505,0.5951910814469922,0.5785672431682455
2735,50.50679529955185,171.1133215239406,0.005902251211535287,0.5953882385510395,0.5635783018699799
2736,50.50679529955185,171.10111993614163,0.005895540056293856,0.5966661886806406,0.5569841641474625
2737,50.50679529955185,171.08891067487917,0.005899247705800518,0.5986662794377982,0.5488072034354321
2738,50.50679529955185,171.0766693807699,0.005914725275992172,0.6013968173424391,0.5007297184939269
2739,53.03213506452944,171.06405308154896,0.005805637652165658,0.5940964934974889,0.5913776962594615
2740,53.03213506452944,171.0515367556812,0.005759632951938413,0.5913823566804854,0.4969439608503498
2741,53.03213506452944,171.03905113493374,0.005745503388373832,0.5912951203359346,0.40830324650158184
2742,55.683741817755916,171.02623178702058,0.005618166183079332,0.5825713839078588,0.5118836127573595
2743,55.683741817755916,171.01352487732686,0.0055688893706864325,0.5793657124917354,0.40277917466199914
2744,58.467928908643714,171.0005003922275,0.005436256139576133,0.5690800385777443,0.500987072443871
2745,58.467928908643714,170.98759201545838,0.005387793983936944,0.5650199839954554,0.37919088535445283
2746,61.3913253540759,170.97435478069457,0.005261957306194463,0.5548930277988787,0.49223954682347404
2747,61.3913253540759,170.96122776942613,0.005218142163840797,0.550999005879999,0.38612631966710426
2748,64.4608916217797,170.94774718307946,0.005103516606938009,0.5413286868937293,0.5037296215195721
2749,64.4608916217797,170.93439100272084,0.005056418653625775,0.538229221405011,0.395727798917857
2750,67.68393620286868,170.92067492687804,0.004945398907805614,0.529680487862567,0.5070205696682136
2751,67.68393620286868,170.907091287129,0.004897648420000748,0.5271304341891314,0.4189548059544026
2752,71.06813301301212,170.89436764139606,0.004774252610209601,0.5185507780667661,0.552803695587757
2753,71.06813301301212,170.88135111581974,0.004741892204563117,0.5169315503005733,0.46780437602563446
2754,71.06813301301212,170.86875411693163,0.004726731322561021,0.5173955551615813,0.5386691380628775
2755,71.06813301301212,170.85610675754117,0.004745627931684372,0.5208600442047674,0.6116435604925349
2756,71.06813301301212,170.8433619055796,0.0047822097551481,0.526053045054961,0.6848702327288629
2757,67.68393620286868,170.83081341491044,0.004943956226798542,0.5421129969255113,0.8681673609186789
2758,64.4608916217797,170.81830724848626,0.005173645025962278,0.5650359561054233,1.0311678059145553
2759,61.391325354075896,170.80578062640973,0.005441212637937287,0.5924125486973724,1.1467839386866456
2760,58.46792890864371,170.79320685179664,0.005734779093528639,0.6231169072126037,1.2018639213945268
2761,55.68374181775591,170.78057357452462,0.006050013575334508,0.6567668204778544,1.229845773693332
2762,53.032135064529434,170.76786105279982,0.006392361516564904,0.6933473952996998,1.2266551868692366
2763,50.50679529955184,170.7550996836933,0.006737770118969857,0.7321546750056765,1.2110627933835083
2764,48.10170980909699,170.74229939440394,0.007096235228879709,0.772918330864547,1.1870357328045762
2765,45.81115219913999,170.72908022519798,0.007470754314311446,0.8155082658391395,1.1537898150377734
2766,43.6296687610857,170.7154425325536,0.007856936903521195,0.8589931805658609,1.0950627412217349
2767,41.55206548674829,170.7014054411815,0.008244068056344695,0.9020323618587861,0.994508827630602
2768,41.55206548674829,170.68658353384652,0.008451451635124998,0.9287217547885783,0.6825473429502998
2769,43.6296687610857,170.6711640447882,0.008373516892105432,0.9294717167418536,0.291659370402074
2770,45.81115219913999,170.65545100056173,0.00812660126532578,0.9130602558814647,0.3710531243225317
2771,48.10170980909699,170.63916657633348,0.007787436215870998,0.8857291530597439,0.6321066320025653
2772,50.50679529955184,170.62292185078942,0.007398525483441087,0.8511894092495493,0.8681184324307323
2773,50.50679529955184,170.60677058063055,0.007141710683118123,0.825787846869427,0.7310415296629855
2774,50.50679529955184,170.59056848745473,0.006955517885797945,0.80591914847529,0.6316140444766029
2775,53.032135064529434,170.57671365872181,0.006664250038026736,0.7773174490796444,0.8420150160795155
2776,53.032135064529434,170.56285378550209,0.006472501421710941,0.7567631879754714,0.6753809388231965
2777,53.032135064529434,170.5488813386611,0.00633502215595094,0.7412623471425188,0.5575913916205147
2778,55.68374181775591,170.53475622073842,0.006099278374262014,0.7177463885155109,0.75337916728063
2779,55.68374181775591,170.5205544637024,0.00595375866801364,0.7015400812231661,0.6193547327043221
2780,55.68374181775591,170.5065858505374,0.005856018484126432,0.6897759849486071,0.5403515190878789
2781,58.46792890864371,170.494162139266,0.005666336629733948,0.6706339339742161,0.7305725637104145
2782,58.46792890864371,170.48155990504037,0.005580348788674054,0.6608325956459163,0.5078375939732727
2783,61.391325354075896,170.46831271497808,0.00542389209469191,0.6456934939159039,0.6084406348061008
2784,61.391325354075896,170.45523576799093,0.005354188250784287,0.6376072285941142,0.46606160577531097
2785,64.4608916217797,170.44146373407864,0.005213853609558298,0.6234877107592796,0.604963112435179
2786,64.4608916217797,170.42785732977487,0.005151149107229289,0.615497344000962,0.4927767793031361
2787,67.68393620286868,170.41395073528187,0.005014091348426625,0.6015756704508648,0.6070174970505687
2788,67.68393620286868,170.39979249841005,0.004956138108040411,0.5945106148124392,0.4415877853130413
2789,71.06813301301212,170.38489029139777,0.004823455701073747,0.5813300471384576,0.5680057128362014
2790,71.06813301301212,170.3701762926059,0.004762537609356383,0.5739702159499352,0.4314184384874446
2791,74.62153966366273,170.3547065914315,0.004629809300853152,0.5606031472357752,0.5597704531060441
2792,74.62153966366273,170.3394480734504,0.004566605887814459,0.5529241003921388,0.410684720914232
2793,78.35261664684587,170.323890679221,0.004434337417945786,0.539499069978401,0.5464805426308064
2794,78.35261664684587,170.30808818448168,0.00437300837521312,0.532008575381887,0.355483111061032
2795,82.27024747918817,170.2915143516174,0.004240832171803039,0.518626931166224,0.5084425030318142
2796,82.27024747918817,170.27520016865193,0.00417439421186702,0.5105531849149006,0.34459531239207686
2797,86.38375985314758,170.25860564871118,0.004043929029424999,0.4971320786394253,0.5099667721574594
2798,86.38375985314758,170.24177869681716,0.003981136425913423,0.4894808602302627,0.3104561702240183
2799,90.70294784580496,170.22723673542117,0.0038549288767913996,0.4765972990123272,0.501826493156788
2800,90.70294784580496,170.2124060762372,0.0038169512426888866,0.4721786826571245,0.2085554252636269
2801,95.23809523809521,170.19721058061685,0.0037246179187989054,0.46377281417305155,0.34293972036968245
2802,99.99999999999997,170.18176165282307,0.0036064166786018226,0.45274350301257915,0.4622769310363339
2803,99.99999999999997,170.16603012578383,0.0035654242655802685,0.4484798994447699,0.3938263078813495
2804,99.99999999999997,170.15268528986934,0.003558235163964084,0.4477060428870992,0.47707581579527664
2805,99.99999999999997,170.13923613706038,0.0035864407490589735,0.4514056692682171,0.7360294471202989
2806,95.23809523809521,170.1259400600661,0.003722901558383107,0.4663196982845135,1.1818872572862407
2807,90.70294784580496,170.11262363501774,0.003915028964227968,0.48779555443461975,1.4741809782088517
2808,86.38375985314758,170.09921425673141,0.004139475076995898,0.5136355132556523,1.6466205354946524
2809,82.27024747918817,170.0856823506,0.0043861643939281155,0.5430524282262092,1.7561047313254796
2810,78.35261664684587,170.0720207074382,0.00464962754151323,0.575094517330203,1.8296758068771666
2811,74.62153966366273,170.0582336573925,0.004926924176957146,0.6094972442472051,1.8601068297300545
2812,71.06813301301212,170.04433008186163,0.005216993868195235,0.6456203993085079,1.8680530033435354
2813,67.68393620286868,170.03032853037098,0.005516444925693441,0.683202964553636,1.8509364056543813
2814,64.4608916217797,170.0158118737732,0.005830446338370907,0.7212061165376686,1.7876231086175074
2815,61.391325354075896,170.00078008377082,0.006154573655222172,0.7586361786313821,1.6578448097961291
2816,58.46792890864371,169.98524458589415,0.006484321266275917,0.7942702268077333,1.5056567356649955
2817,55.68374181775591,169.969223418511,0.006816878917903926,0.8276690419493047,1.2985566184284805
2818,53.032135064529434,169.95277018418452,0.007136656265375624,0.8584214831785351,1.0794413630041677
2819,50.50679529955184,169.9359461268575,0.0074392012989017925,0.8864450726146248,0.8618800090621176
2820,50.50679529955184,169.91882794730552,0.007569255209003097,0.8980142168707519,0.447705587705695
2821,53.032135064529434,169.90116388888742,0.0074386952068448585,0.8852042194059396,0.4588860562803861
2822,55.68374181775591,169.885981572099,0.0071636786541074355,0.8571629353143064,0.9269328945260014
2823,55.68374181775591,169.87070261505187,0.006999298775988935,0.8369173660157808,0.8458087166443216
2824,55.68374181775591,169.85520837067625,0.006891186428943888,0.8211760778660951,0.800208573356087
2825,55.68374181775591,169.83990012395182,0.006808462518030309,0.8078535531211503,0.7709253307071655
2826,55.68374181775591,169.82475180546896,0.00673733318122255,0.7966223077511008,0.6824741600824833
2827,55.68374181775591,169.8097133956883,0.006688450425820541,0.7871773877593695,0.5693688500905333
2828,58.46792890864371,169.79386021396417,0.00651948832487998,0.7671246961017738,0.709859827352394
2829,58.46792890864371,169.77821651730864,0.006433339343328863,0.7525535152623921,0.5711952653389796
2830,61.391325354075896,169.7622381818273,0.006258054057414952,0.7300795317936408,0.7428410484217998
2831,61.391325354075896,169.74598625921584,0.0061798124624004025,0.7152979750119602,0.5932805281506326
2832,64.4608916217797,169.73145009059104,0.00601343161061895,0.6933150286619476,0.7857072668977729
2833,64.4608916217797,169.7166139398385,0.005958767450845976,0.6821857555344006,0.542110304042848
2834,67.68393620286868,169.70094766980912,0.005818007588260492,0.6658666639684921,0.6157027680506986
2835,67.68393620286868,169.68544027015935,0.005759007642971209,0.657360257474682,0.4257312045250457
2836,71.06813301301212,169.6691106288522,0.005607364617122832,0.6426778837703178,0.5130835455774051
2837,74.62153966366273,169.65258867591334,0.005403239688862064,0.6238573338427447,0.6370996423874256
2838,74.62153966366273,169.63590075781664,0.005298559156838224,0.6130266223765931,0.41643821755493915
2839,78.35261664684587,169.61848574660897,0.0051127300455259435,0.59575741899683,0.5988058638144728
2840,78.35261664684587,169.60092747293677,0.005004649801316328,0.5845237971501018,0.44258068176400217
2841,82.27024747918817,169.5858526729776,0.004814322867501917,0.5665103915085824,0.6672217905901466
2842,82.27024747918817,169.57060069238753,0.004729036584764382,0.557501749019927,0.38709710883756093
2843,86.38375985314758,169.55463070772592,0.004578512509861247,0.5433579425838587,0.508944212925163
2844,86.38375985314758,169.5389044575912,0.004508635073865719,0.5357053304725111,0.3699025046569981
2845,90.70294784580496,169.52244205808464,0.004364017859178383,0.5223800539432834,0.5181179685884635
2846,90.70294784580496,169.50628701754763,0.004282540062952566,0.5148202122220966,0.45302412830384486
2847,90.70294784580496,169.49033112201565,0.0042297487090180415,0.5107532807713666,0.49483846330146136
2848,90.70294784580496,169.47607328131033,0.004191805167360071,0.509022125234224,0.5804606691681672
2849,90.70294784580496,169.46187366844063,0.004174686183702262,0.5101908244720063,0.715094825048807
2850,86.38375985314758,169.44803793401596,0.004271091216894816,0.5226855182011265,1.0132240924618723
2851,82.27024747918817,169.43438824250325,0.004424342758464118,0.5422102368610048,1.2601730228629988
2852,78.35261664684587,169.42085145154348,0.0046071351246447755,0.5661529495025077,1.419379536072521
2853,74.62153966366273,169.40740952491478,0.00480359127380712,0.5932250679123974,1.5409982435339227
2854,71.06813301301212,169.39402396519714,0.0050226204629932585,0.6228565367824701,1.5999682302076332
2855,67.68393620286868,169.3806757524483,0.0052590372241585566,0.6540928782979742,1.5913758731199756
2856,64.4608916217797,169.36695919903767,0.005509094195904356,0.6862218609143547,1.5357372812031411
2857,61.391325354075896,169.3528776012861,0.005765529623070531,0.7182990628609336,1.4238904455611894
2858,58.46792890864371,169.33844335302348,0.0060246735389555125,0.749623231468728,1.2770150897437345
2859,55.68374181775591,169.3236846978355,0.00627969005013093,0.779794570545725,1.1064866854997313
2860,53.032135064529434,169.3086357359254,0.0065275474822279415,0.8081157647195528,0.9103677741252111
2861,53.032135064529434,169.29291066111088,0.006622149671490914,0.8212948123592436,0.48302283996663503
2862,55.68374181775591,169.2767493413429,0.006481772683135962,0.8109574360124938,0.3599817194199448
2863,58.46792890864371,169.26291430275776,0.006217118179041808,0.7859491260308281,0.8368330452098242
2864,58.46792890864371,169.24902725078599,0.006058729792334145,0.7686104229364331,0.7308674882680225
2865,58.46792890864371,169.23537070856815,0.005958161556680371,0.7557599482761687,0.6637960893906948
2866,58.46792890864371,169.221862104707,0.005893618086295454,0.7461913921688225,0.595944169717616
2867,61.391325354075896,169.20868511447878,0.005723714287897291,0.7272948521301278,0.7839137980165193
2868,61.391325354075896,169.1953213478801,0.005635771548547128,0.7155092581672831,0.5953540269544677
2869,64.4608916217797,169.18211199589558,0.005464544119507951,0.6964058036563119,0.7386668813620079
2870,64.4608916217797,169.16871704752782,0.005379925269822827,0.6850193137888893,0.5154204118118998
2871,67.68393620286868,169.15470294105208,0.005204440984651764,0.6666576240541318,0.6513940421609675
2872,67.68393620286868,169.1409640844444,0.0051022210039528065,0.6548372040978018,0.470916959368767
2873,71.06813301301212,169.12660869429223,0.004929435086188269,0.6365769048609621,0.6285957936055057
2874,71.06813301301212,169.1123584169645,0.004893340849900666,0.6279016118564487,0.5273045558598946
2875,71.06813301301212,169.0981646351064,0.004873941115930465,0.6221195422805577,0.3933501842642331
2876,74.62153966366273,169.08318352091143,0.004756634071273247,0.6079270704193717,0.5566899225744865
2877,74.62153966366273,169.0683836219643,0.004699096653776991,0.5990724384796334,0.4265637958272057
2878,78.35261664684587,169.0549739017386,0.00456388764861291,0.5834369291745726,0.6214132855700469
2879,78.35261664684587,169.04130398701437,0.004516934659823383,0.5765167189286096,0.351403100209517
2880,82.27024747918817,169.0268926639762,0.004403067388995681,0.5640201920774056,0.48243567008821414
2881,82.27024747918817,169.01263032078683,0.004357549825296737,0.5576085198736374,0.2873244103270395
2882,86.38375985314758,168.99762121995812,0.004240134476242149,0.5449288413621459,0.46907103411442935
2883,86.38375985314758,168.98280639409978,0.004185250975297726,0.537683364832215,0.2931432716686156
2884,90.70294784580496,168.9672834678939,0.004054824150612626,0.5240334580836224,0.5051101498504282
2885,90.70294784580496,168.95202631686365,0.0039853996370795165,0.5155029168391512,0.3381331887573555
2886,95.23809523809521,168.93827384209533,0.0038506929351343365,0.5009476213354739,0.5543388204519272
2887,95.23809523809521,168.92430179444622,0.0037982265453686695,0.49408191507028737,0.27944970212100967
2888,99.99999999999997,168.90962811484582,0.003688360096882616,0.48220203985542626,0.4357300795495038
2889,99.99999999999997,168.8951229147035,0.0036460112840977386,0.47591635633372104,0.2838755509776577
2890,100.0,168.8806550710422,0.0036366213997502507,0.47289108746065844,0.2903111314042499
2891,100.0,168.86616095821302,0.0036432243891493933,0.47183036730147354,0.3591897764140436
2892,100.0,168.85161704102424,0.003655743158663327,0.47186166592077783,0.42866486810927884
2893,100.0,168.8370150493258,0.003670340704042108,0.47247447730717257,0.48099309244356503
2894,100.0,168.82320387430525,0.0036829800054576267,0.4733460260031804,0.5112964912586051
2895,100.0,168.80933205813307,0.0036991509792641333,0.4751437901743254,0.5759791055653956
2896,95.23809523809524,168.795720255123,0.0038113048428103863,0.48658798100878314,0.8779730416312038
2897,90.70294784580499,168.78220597561216,0.003973198176213572,0.5039991403096772,1.0929909167663276
2898,86.3837598531476,168.76872089257606,0.0041628451332215675,0.5253151846852301,1.218517934880478
2899,82.27024747918819,168.75522327366258,0.004375050706528169,0.5496454243754597,1.3114146262377329
2900,78.35261664684589,168.7416888251764,0.004606337883044789,0.5766585513172903,1.369655774865082
2901,74.62153966366274,168.72811007352013,0.004852486906589792,0.6055175342888824,1.3692640899457995
2902,71.06813301301213,168.71407573767635,0.005112678290591048,0.6356601640609109,1.3260000708542357
2903,67.6839362028687,168.69959181855836,0.005378916052001938,0.6661065837280323,1.2268922277572003
2904,64.46089162177971,168.68467806305839,0.005646089636496636,0.6960367985025544,1.0962871889278776
2905,61.39132535407591,168.66935893260145,0.005912170345606555,0.724676149704347,0.9540418665244891
2906,58.46792890864372,168.6536598694034,0.0061764458220548175,0.7520892007420459,0.8099249801364358
2907,58.46792890864372,168.63717689157605,0.006295980122821978,0.7652206909413497,0.41803656111642856
2908,61.39132535407591,168.62015874888777,0.00619085361969573,0.7560639648167179,0.4269695853315812
2909,64.46089162177971,168.6055122702656,0.005969849352922502,0.7333747639064554,0.8943140722968815
2910,61.39132535407591,168.59107472100231,0.005998956371245967,0.7307776998655878,0.5500710176638557
2911,64.46089162177971,168.57685596432987,0.005882122245901181,0.716723611686624,0.8078196633450716
2912,64.46089162177971,168.5623543936999,0.00582438723477598,0.7085915093785088,0.717724230221152
2913,64.46089162177971,168.54793478442457,0.0057914684096056195,0.7039705198619016,0.6917158627204495
2914,64.46089162177971,168.5335616365601,0.005772807724145945,0.7019005007103196,0.683722495744744
2915,64.46089162177971,168.51924901312222,0.005748498791920061,0.7010728106604791,0.6655859690685796
2916,64.46089162177971,168.50498151714652,0.0057303738714814655,0.7011803934350548,0.6279457051425242
2917,64.46089162177971,168.49073539163376,0.005721790673503819,0.7020361807950013,0.5759379897151252
2918,67.6839362028687,168.47611280907432,0.0055933240659166335,0.6914707551083638,0.6773042878678568
2919,67.6839362028687,168.46165432254253,0.005530555245405092,0.6856501108287486,0.5397303749338171
2920,71.06813301301213,168.44689176044054,0.005377969546457361,0.6712711618177266,0.6742016748457303
2921,71.06813301301213,168.43233554831616,0.005302796694471053,0.6633084470137859,0.4950350740368456
2922,74.62153966366274,168.41749985013476,0.005147250345298242,0.6479304702007539,0.6522452472214578
2923,74.62153966366274,168.4028857104507,0.00507038055196113,0.6395943249044201,0.4543333837893078
2924,78.35261664684589,168.3880064898841,0.004916524239096522,0.6245705937471079,0.6276305492045275
2925,78.35261664684589,168.37335844683147,0.00484013651127918,0.6165752521292969,0.41993853231812045
2926,82.27024747918819,168.35800793561057,0.0046900159813161755,0.6020534110434281,0.6016641668634518
2927,82.27024747918819,168.34291084843707,0.004612587756596535,0.593847527774102,0.41072134885234113
2928,86.3837598531476,168.3284508213523,0.0044638103610757955,0.5789025578049753,0.6184974235932227
2929,86.3837598531476,168.31377778641487,0.004397636781739056,0.5715588213346524,0.3753747019614998
2930,90.70294784580499,168.29839074675255,0.004264105627972765,0.5581890731329348,0.5531679663321059
2931,90.70294784580499,168.28323942538796,0.004198782619642502,0.5511365779405755,0.38277894672469065
2932,95.23809523809524,168.2678318336617,0.0040664772206386625,0.5379546952947825,0.5619368001011151
2933,95.23809523809524,168.25220499786005,0.004004215164847668,0.5311353106953258,0.4279999036685667
2934,100.0,168.23766998080595,0.003876004547790204,0.5179592266241899,0.5993449578555825
2935,100.0,168.22289834079254,0.003824372818989039,0.5122895390669364,0.5171433155721351
2936,100.0,168.20862364489318,0.003806585573153074,0.5105533015569623,0.5978377027908774
2937,100.0,168.19433988477735,0.0038090026975595,0.5113076279270952,0.7080004325876132
2938,95.23809523809524,168.1803281605392,0.003923282786680026,0.5231312288394423,1.0478110023830507
2939,90.70294784580499,168.16639756046166,0.004095596422822112,0.5417552631568417,1.3187167299231928
2940,86.3837598531476,168.1524568891154,0.0043034852445950934,0.5652455889410544,1.5241540414915178
2941,82.27024747918819,168.13846273820138,0.004535994106509181,0.5925426429950045,1.6605058963828925
2942,78.35261664684589,168.1243955335936,0.004787657033811133,0.6229154718329967,1.736814389542547
2943,74.62153966366274,168.11024879946868,0.005055460461302926,0.6555416553206668,1.776058256507851
2944,71.06813301301213,168.09560981399133,0.005332950848527219,0.6894569610368797,1.7388841067425362
2945,67.6839362028687,168.08051104648183,0.005607253275836389,0.7230196526466423,1.629139211452613
2946,64.46089162177971,168.06496571676993,0.00588519269898862,0.7552335736318179,1.476567846756657
2947,61.39132535407591,168.04898765661412,0.006166473593182302,0.7854236452889483,1.2681173931328515
2948,58.46792890864372,168.0325944693944,0.006449533417152084,0.8129858112715812,1.0551029910702308
2949,55.68374181775592,168.0158026581326,0.006734642040361748,0.8376187890912274,0.8622825212357426
2950,55.68374181775592,167.9986973531311,0.006860374046659996,0.8458725258923548,0.45481120650854584
2951,58.46792890864372,167.9810336509478,0.006746979763413228,0.8305231802091017,0.5476231250109826
2952,61.39132535407591,167.96583922005053,0.006502852261673701,0.8009735668173358,1.0271458461349496
2953,58.46792890864372,167.95090597390387,0.006515169922848261,0.7928100829683421,0.6439266340141402
2954,61.39132535407591,167.93622989531391,0.006374876148643604,0.772646562593047,0.918040654686856
2955,61.39132535407591,167.92128090513157,0.006304292500641366,0.7586757010391563,0.7927618472024665
2956,61.39132535407591,167.90597046643117,0.006268662791420334,0.7488809413105869,0.6976154409975202
2957,61.39132535407591,167.8907061708727,0.006249770073576726,0.7415181678278063,0.6327658707122834
2958,61.39132535407591,167.87546190868687,0.006241567666164914,0.7360806236548002,0.5593715227738907
2959,64.46089162177971,167.85981508887065,0.006101323548239455,0.7200342875877299,0.723339931925265
2960,64.46089162177971,167.84434303361073,0.006033175827805534,0.7102194348485932,0.5857150341796585
2961,67.6839362028687,167.82944450489967,0.0058698432929139045,0.6926806833420669,0.7408998273332599
2962,67.6839362028687,167.81427613975626,0.005802092855570113,0.6836182015553908,0.49725855031556715
2963,71.06813301301213,167.7983141045902,0.0056455679589035215,0.6676905207496132,0.6399899013616872
2964,71.06813301301213,167.78256724973136,0.005569461432759533,0.6585898907609559,0.44875907895402106
2965,74.62153966366274,167.7660379227362,0.0054056512556245355,0.64235240457263,0.6196294378720265
2966,74.62153966366274,167.7497706351191,0.00531995548032034,0.6328199968551076,0.43933163766382316
2967,78.35261664684589,167.73323381986913,0.005150571589818605,0.6163101319109958,0.6303467615980488
2968,78.35261664684589,167.71649012122518,0.005063114253131642,0.6067146934413828,0.42272805809440933
2969,82.27024747918819,167.70139444075107,0.0048930383904730685,0.5900523231262387,0.6295439172915248
2970,82.27024747918819,167.68607783654141,0.004820046121843221,0.5822402342594251,0.3528877553934514
2971,86.3837598531476,167.67001219026557,0.004674771425524801,0.5687685968199835,0.5083925133869502
2972,86.3837598531476,167.65418984486666,0.004603975892807909,0.5615848636197989,0.3473179945701442
2973,90.70294784580499,167.63762129452547,0.004457795771743407,0.5479489877972579,0.5153296424796183
2974,90.70294784580499,167.62133888053546,0.0043808103150152905,0.540085694816815,0.37091388618785853
2975,95.23809523809524,167.60482946384153,0.0042303673966814235,0.5258888222213194,0.5360377553161421
2976,95.23809523809524,167.5881437736553,0.00415100549247721,0.5176605018110707,0.37314032016146514
2977,100.0,167.5731449175609,0.003999694958493352,0.5027511837714727,0.5607863084157141
2978,100.0,167.55795669560501,0.0039322257491149985,0.49558819968920254,0.3910899892109574
2979,100.0,167.54289085053156,0.0039005424138385553,0.49235392665506417,0.42506586147038794
2980,100.0,167.5283205885491,0.003885403195346468,0.4913564848457344,0.511889311433876
2981,100.0,167.51376644463426,0.003881105043936777,0.49205112646449783,0.6187033318176363
2982,95.23809523809524,167.49954504252713,0.003981992589982022,0.5032068743643291,0.9551966660706126
2983,90.70294784580499,167.48547600140503,0.004136298089893091,0.5207100347461433,1.2050246900317974
2984,86.3837598531476,167.47148309080984,0.004319611500757217,0.5423331652443947,1.3492392943744809
2985,82.27024747918819,167.45753819593025,0.0045200285018071615,0.5664652361545846,1.4190161902139184
2986,78.35261664684589,167.4436357789308,0.004731572930812778,0.5921516778673587,1.4298133241104427
2987,74.62153966366274,167.42934833764156,0.0049570324368501855,0.61918998143436,1.3825100733051527
2988,71.06813301301213,167.4146838058397,0.005186657591755712,0.6462887023933834,1.2796291739034955
2989,67.6839362028687,167.3996632868984,0.005415722311416597,0.6726437369248697,1.1412444488967604
2990,64.46089162177971,167.38430687880637,0.005644340043099246,0.6977803954044008,0.9623413696196944
2991,61.39132535407591,167.368638454656,0.00587084911713819,0.721333780783786,0.7867891109498625
2992,61.39132535407591,167.35226681535553,0.005955668857652046,0.730694829097057,0.3779727896563623
2993,64.46089162177971,167.3354462831305,0.005827587579835451,0.7180576055091598,0.5424103205737928
2994,67.6839362028687,167.32103323770178,0.005594955109686555,0.6925356368781496,1.067156149055046
2995,64.46089162177971,167.3068806476018,0.005600526463282445,0.6864908139008145,0.7520531414191313
2996,64.46089162177971,167.29229707528398,0.005602987068478241,0.6811827210100999,0.7243733167704174
2997,64.46089162177971,167.27771068849114,0.005604068385660977,0.6764012604465384,0.7140467204194805
2998,64.46089162177971,167.2626722150677,0.00560947515071732,0.6725763440919296,0.6919206789248286
2999,64.46089162177971,167.24717246288202,0.00561314169882539,0.6690871442980212,0.6767659867994137
3000,64.46089162177971,167.2316695489913,0.005614286691253737,0.6656051710212865,0.669101231581563
3001,64.46089162177971,167.21615632298062,0.005618021163206767,0.6627314258146492,0.6508015968528383
3002,64.46089162177971,167.20061944772843,0.005626585593323618,0.6607928950203574,0.6274621263929864
3003,64.46089162177971,167.18501477926677,0.0056511364949103264,0.6601417411195446,0.6118778365728417
3004,64.46089162177971,167.1693358822253,0.005678017927072215,0.6607543894307857,0.6063618801608639
3005,64.46089162177971,167.1535892471328,0.005702548853394025,0.6624020153111421,0.6044871184383315
3006,64.46089162177971,167.13778548889243,0.005723235656564156,0.6650489671195757,0.6211564878954863
3007,64.46089162177971,167.12197689686445,0.005724986183627677,0.6675472901890446,0.5981168659956773
3008,64.46089162177971,167.10617073213305,0.005724107152777336,0.6702538707694728,0.5798194919876851
3009,64.46089162177971,167.0903586611221,0.005726246076279789,0.6729535127806733,0.5357903726046334
3010,67.6839362028687,167.07411847343374,0.005601224711363864,0.6638505028728099,0.6537743050236551
3011,67.6839362028687,167.0580531441475,0.005540916220980346,0.6591882314980144,0.5389488769853626
3012,71.06813301301213,167.04369287652702,0.0053883569701870275,0.645762840912274,0.6874934272660301
3013,71.06813301301213,167.02904330985868,0.005336805553564981,0.6411005336523312,0.42979836580387387
3014,74.62153966366274,167.01403475126273,0.00520722432270537,0.6299648438192657,0.5343731988400157
3015,74.62153966366274,166.99916116698978,0.0051603949371461216,0.6263323799754246,0.40741997429988963
3016,78.35261664684589,166.98392971089797,0.00503291303041351,0.6159667658469982,0.5534174439253767
3017,78.35261664684589,166.96885151638577,0.004982270977808708,0.6122420094905568,0.5145526850407685
3018,78.35261664684589,166.95381793374813,0.004967529925863455,0.6123616285533868,0.5514223143380628
3019,78.35261664684589,166.93878362937548,0.004967768408001838,0.6146199688215062,0.5945163305904753
3020,78.35261664684589,166.92417379049715,0.0049723381310791325,0.6177695250210143,0.6330639629664393
3021,78.35261664684589,166.909540162244,0.004980434648486614,0.621725606159624,0.6776403204782409
3022,78.35261664684589,166.8948828364163,0.004988499922541538,0.6259265257301436,0.6916187568074127
3023,78.35261664684589,166.8802109337762,0.0049934610204045386,0.6299244331428505,0.6848706614218729
3024,78.35261664684589,166.865097621181,0.004993875006727509,0.6334444019958962,0.6622439391523933
3025,78.35261664684589,166.8495528487322,0.004986836703318688,0.6358837942475295,0.5928208904471701
3026,78.35261664684589,166.83405429352644,0.004972009992667638,0.6367905182687733,0.5004743778696319
3027,82.27024747918819,166.81824009815347,0.004831684623636957,0.6249688325387804,0.4757849781582853
3028,86.3837598531476,166.80323745679388,0.0046313153876947925,0.6060202135807613,0.6544052539342854
3029,86.3837598531476,166.78813845679278,0.004525302233344113,0.5949359410019017,0.44265962203902703
3030,90.70294784580499,166.77332828406423,0.004354190782168141,0.577277690520653,0.6486790969253202
3031,90.70294784580499,166.75837649868524,0.004267791166453903,0.5669836832543814,0.4150140566411434
3032,95.23809523809524,166.74367314079547,0.0041169402091319855,0.5503087098604286,0.6305324337938618
3033,95.23809523809524,166.72880287051993,0.004042403570052273,0.5407037782538231,0.3953611846417407
3034,100.0,166.71416451983444,0.0039035601827864734,0.5250826847333052,0.6073788058487188
3035,100.0,166.69934299136114,0.0038372889251565567,0.5162318220934486,0.3823556341511098
3036,100.0,166.68465603588334,0.0038024480201462258,0.5110595868794825,0.28706608492244107
3037,100.0,166.6700434059111,0.003783205170774472,0.5080567999340416,0.2738345478686679
3038,100.0,166.65546846036725,0.00377344868449813,0.506623286571025,0.28138643718477907
3039,100.0,166.64091007923636,0.0037691601633304257,0.506142275923378,0.298519538009044
3040,100.0,166.62635776652058,0.003767589052650106,0.506188442542339,0.30972799407495316
3041,100.0,166.6118064168546,0.0037673397193497197,0.506620271763833,0.3069245718416395
3042,100.0,166.5972538050564,0.0037676664849626085,0.5072537736393173,0.2977067431157456
3043,100.0,166.5826994493171,0.0037681179907720795,0.5077874946037174,0.28937461684752336
3044,100.0,166.5681437858974,0.00376845654878296,0.5083304039042156,0.27420303785452477
3045,100.0,166.5535877175527,0.0037685613837496034,0.5087581935348499,0.25975943690936254
3046,100.0,166.539032400277,0.0037683669322137623,0.5089986493212176,0.24517909646998842
3047,100.0,166.52447913065706,0.0037678367947975647,0.5090715571526084,0.23120217509926433
3048,100.0,166.50992926454524,0.0037669556276631747,0.5090545250418153,0.22017619630617538
3049,100.0,166.4953842133245,0.0037657090538744677,0.5087729585334794,0.2058150057559107
3050,100.0,166.48084375734842,0.0037645193465576177,0.508402180121929,0.1953757372202555
3051,100.0,166.46629926601443,0.003765564099441369,0.5080714170467157,0.18724263892704615
3052,100.0,166.4517322944455,0.0037713842249648107,0.507940789002801,0.1839900029128064
3053,100.0,166.43713785430782,0.0037784958285211247,0.5078739042498919,0.18480690438071007
3054,100.0,166.42251615878266,0.0037855522395476822,0.5078259641288118,0.18893853689917148
3055,100.0,166.40786559925544,0.0037930251202964054,0.5078133125601841,0.1953993791623709
3056,100.0,166.3931848003501,0.0038008540855286673,0.5077705467008042,0.19693549139836142
3057,100.0,166.37847174784156,0.003809204532927652,0.5077696306093807,0.20269041098152696
3058,100.0,166.36372239841563,0.003818601793163475,0.5077526922117509,0.20251116460757082
3059,100.0,166.34894019727398,0.0038271070916747183,0.50772099972472,0.20162206961402893
3060,100.0,166.3341282246679,0.0038348149142002005,0.5077834008907093,0.21039952055980082
3061,100.0,166.3192893408865,0.0038417822087765687,0.5077992351332117,0.20521752496333953
3062,100.0,166.30442608483995,0.003848092180312178,0.507849707529788,0.20468996352781202
3063,100.0,166.2895401381813,0.003853966772483967,0.5079066156232592,0.20068615216729482
3064,100.0,166.27463197695968,0.0038597181156310415,0.508188087707848,0.22305566312065586
3065,100.0,166.2597110489849,0.003863023423877701,0.5081120994666329,0.19336946864119345
3066,100.0,166.24478059003405,0.003865490990523145,0.5080568026825067,0.18853808620026927
3067,100.0,166.22984078157288,0.0038679115757054147,0.5080407195275676,0.18667741658513748
3068,100.0,166.21487224820288,0.003875348445309839,0.5083078533807682,0.19798727889810175
3069,100.0,166.19986288429646,0.003885919457973043,0.5088420092029603,0.21706377798044738
3070,100.0,166.1848083424873,0.003897616002387928,0.5094712937720468,0.23107515074287316
3071,100.0,166.16970750792268,0.003909601181750687,0.5101172042932002,0.24032353526456116
3072,100.0,166.1545510178016,0.003924010387335504,0.5109223006083303,0.2567689185141295
3073,100.0,166.13934551258103,0.003936700380757014,0.5116860749311455,0.2634084714076594
3074,100.0,166.12410256511495,0.003946394165955781,0.5123103190189319,0.25781758172230057
3075,100.0,166.10883338408485,0.0039531860272154756,0.5127991704178274,0.2442870327414757
3076,100.0,166.09354627821313,0.003957826762892511,0.5131520943724935,0.2222137108396122
3077,100.0,166.07824511040639,0.0039614673933311,0.5134293334096982,0.19788089591359592
3078,100.0,166.06292131133054,0.003967326621588619,0.5137068631223773,0.18042522752073786
3079,100.0,166.04756825373684,0.003974901642374472,0.5140451393748987,0.178855495311329
3080,100.0,166.03217849112002,0.003984404560990354,0.5145700198202661,0.19167772524622154
3081,100.0,166.01674918226416,0.003994643069503557,0.5153222247631997,0.21349806594102133
3082,100.0,166.0012734789976,0.004006654567396654,0.5160629663801559,0.21720184759057745
3083,100.0,165.98574884715632,0.004019322159524109,0.5168397777110353,0.2179283676657215
3084,100.0,165.97017667623604,0.004031630011733295,0.517571277266573,0.2111359211809825
3085,100.0,165.9545538366453,0.004044748114112571,0.5183048639728249,0.20136649314246385
3086,100.0,165.93888340790852,0.0040570689285954606,0.5190034971250889,0.19312883751377513
3087,100.0,165.92317119720377,0.004067886266606754,0.5195573184895039,0.1805836706772683
3088,100.0,165.9074235283313,0.004077066374743272,0.5202311804615247,0.17540906392125474
3089,100.0,165.89164251664607,0.004085698818203909,0.5207793645539294,0.16292490826514752
3090,100.0,165.87582944857144,0.0040939982070244815,0.5214769336600833,0.15748382660957175
3091,100.0,165.8599873140066,0.004101523511922907,0.5220774301182122,0.146279117231044
3092,100.0,165.84411657606836,0.00410892891607308,0.5227510767521641,0.14018830557634426
3093,100.0,165.82821311052552,0.004117402082245548,0.5235690542613153,0.14195135022754457
3094,100.0,165.8122751174344,0.004126341253383003,0.524366787245502,0.14113509988905515
3095,100.0,165.79630251507527,0.004135301581656019,0.5252014756600915,0.14457762521192422
3096,100.0,165.780298067443,0.004143546312566334,0.525982702967027,0.14392629779916322
3097,100.0,165.7642634275471,0.004151363079832778,0.5267259596355799,0.14316632991541114
3098,100.0,165.74819630758319,0.004159772158953887,0.5276890737080837,0.11538246639527175
3099,100.0,165.73209589642713,0.004168391237809763,0.528678829912979,0.11034188342274082
3100,100.0,165.71596348366504,0.004176676443279368,0.5296452792817574,0.10616080197012441
3101,100.0,165.6998015429073,0.00418432123173463,0.5305616686863464,0.10301636535176113
3102,100.0,165.68360826423094,0.0041924346087858074,0.5314042171556593,0.10847821265000074
3103,100.0,165.66738164658628,0.004201066056878933,0.5321631096409265,0.12660286023390974
3104,100.0,165.65112199625133,0.004209618209695757,0.532840428133598,0.15450516609811552
3105,100.0,165.634832388392,0.004217374203064909,0.5334224356150195,0.18555185389489046
3106,100.0,165.61851398178428,0.004224830189686153,0.5341859445023441,0.21560988562221942
3107,100.0,165.60215919650997,0.0042342486147334,0.5350883361774511,0.23659336492746472
3108,100.0,165.5857652862766,0.004244378053931334,0.5360867016774435,0.2494647124534307
3109,100.0,165.56933311865353,0.004254282879765725,0.5374118000416663,0.2607648658266859
3110,100.0,165.55286424363274,0.004263786413162812,0.5389049628825379,0.27028473516739066
3111,100.0,165.5363521186058,0.00427498382572558,0.5406747700519327,0.278017754518256
3112,100.0,165.51978761910422,0.00428854356028536,0.5427798793344067,0.2800426426679625
3113,100.0,165.50316038337002,0.0043047859505858,0.5453434120447654,0.26594414880985895
3114,100.0,165.48646046585856,0.004323603239233333,0.547680951922646,0.2746675673112132
3115,100.0,165.4696901327825,0.00434183380608116,0.5497949950824933,0.27963398518200744
3116,100.0,165.45285781326638,0.004357882075367423,0.551484841053835,0.2908015779732605
3117,100.0,165.43596547545567,0.004373420792417005,0.5530044039284844,0.3062450606975591
3118,100.0,165.41901817145043,0.004387651522403966,0.5542158234032077,0.3298084515811185
3119,100.0,165.40203072821362,0.004398043556461653,0.5554755017320712,0.2991118381228007
3120,100.0,165.3850155420643,0.004405226187528191,0.5562670875387828,0.28890237413001735
3121,100.0,165.3679826128365,0.004409819864778836,0.5569854495517226,0.2521309212760543
3122,100.0,165.35093972263482,0.00441239875772061,0.55763706323568,0.20734454893660056
3123,100.0,165.33388977825805,0.00441422508136236,0.5583349212877549,0.15668174218340175
3124,100.0,165.31683005860538,0.004416755897140412,0.5587659805137691,0.1303007166974201
3125,100.0,165.29974873486432,0.004422349188610782,0.5592248417256256,0.11995066604150968
3126,100.0,165.28263960227954,0.004429548889298888,0.5596257140925367,0.1314228296015377
3127,100.0,165.2656089280377,0.004409236049625568,0.5580850074449646,0.239424844764759
3128,100.0,165.24861716028082,0.004399163173333963,0.5573181519586432,0.23780647339711958
3129,100.0,165.23162575726948,0.004399068740779397,0.557042469702727,0.2769922986040923
3130,100.0,165.21460896984448,0.00440564075729522,0.5575087070230155,0.36556970783888626
3131,100.0,165.1975399719488,0.00441915803123889,0.5580824921688304,0.42916395555079734
3132,100.0,165.18041510897348,0.004433621482269798,0.5586995865631382,0.5072686046880295
3133,100.0,165.16372296579772,0.004451238180198885,0.5596384286449982,0.605274044946043
3134,100.0,165.14695140060618,0.004472417384433965,0.5612095044802042,0.7281647977313623
3135,95.23809523809524,165.13049610485237,0.004607482811050999,0.574239133104901,0.930582736607505
3136,90.70294784580499,165.114167424829,0.004800631926897915,0.5937803370652924,1.1461620737685518
3137,86.3837598531476,165.09788937387515,0.005025034329435534,0.6177681780101832,1.2576355445554825
3138,82.27024747918819,165.08162233407646,0.00527271694516813,0.6452688936587347,1.3282028518265365
3139,78.35261664684589,165.06534099085928,0.005541220842892012,0.6758110302541998,1.3634914684124073
3140,74.62153966366274,165.0490315684865,0.0058283162194264545,0.708668742626385,1.3890769523128297
3141,71.06813301301213,165.03268744346016,0.006132753395294157,0.7436628113464409,1.3923812519050407
3142,67.6839362028687,165.01582287438904,0.006450912461185787,0.7799492633189258,1.345184906425372
3143,64.46089162177971,164.9984703175898,0.006766458914039684,0.8157892171024165,1.2431794640044307
3144,61.39132535407591,164.98065440862354,0.007082034429729056,0.8503269020172813,1.1001107651378912
3145,58.46792890864372,164.96240015514178,0.007397180227719533,0.8826736925061486,0.9165970062447839
3146,58.46792890864372,164.94323117451196,0.007541607345026197,0.897495428555596,0.41355656899854576
3147,61.39132535407591,164.9234237240808,0.007421713361865824,0.8855600048962325,0.4463777888898246
3148,64.46089162177971,164.90612584057982,0.00715591860055593,0.8574227163074173,1.0413655680385796
3149,61.39132535407591,164.88913940627512,0.007163524030234263,0.8514667419488051,0.5831905922815683
3150,64.46089162177971,164.8722314861975,0.006994595597332559,0.8315284310235991,0.9163005765768604
3151,64.46089162177971,164.85505614334758,0.0068982767591190906,0.8180139967678955,0.7597533192657184
3152,64.46089162177971,164.8380307348751,0.006838057359721835,0.8083633754749303,0.6443051184034067
3153,67.6839362028687,164.82116427949504,0.006645183018355697,0.788443117013121,0.8840679161163633
3154,67.6839362028687,164.80406148432385,0.006542036978546772,0.7765405336952397,0.6447295985836351
3155,71.06813301301213,164.78717622400225,0.00633580184938146,0.7566088908759188,0.8556621785768534
3156,71.06813301301213,164.77007477547912,0.006230020827169429,0.745434924750648,0.5776803160511668
3157,74.62153966366274,164.75321861721395,0.0060236971223776,0.7263067768690362,0.773915398478275
3158,74.62153966366274,164.73613255639154,0.005928014400901639,0.7162892524117447,0.4844619979689819
3159,78.35261664684589,164.71822494981282,0.005744845095006232,0.6989638440319547,0.694389583495833
3160,78.35261664684589,164.7006203844055,0.0056476280504978325,0.6889472746995737,0.46786851228953336
3161,82.27024747918819,164.68274318362384,0.0054619912105925055,0.6717220934734084,0.6990754481644774
3162,82.27024747918819,164.66465723878008,0.0053648237226382855,0.6620640916659705,0.4548254042545283
3163,86.3837598531476,164.6478755983174,0.005180492410808777,0.6450192615329121,0.7046213644745105
3164,86.3837598531476,164.63087408849486,0.005095501050665736,0.636814449469057,0.40237165327944424
3165,90.70294784580499,164.61306478224654,0.004935371888988735,0.6223592469726555,0.6020937489124947
3166,90.70294784580499,164.59553462623018,0.004858012884171142,0.6148199922292129,0.3754219088245772
3167,95.23809523809524,164.57715790610854,0.004708844600756645,0.6008608048318419,0.5981874206026415
3168,95.23809523809524,164.55907589068585,0.004633329567552893,0.5933218833415259,0.3914786838442101
3169,100.0,164.5422839032501,0.004477863316186534,0.5790839424028666,0.6767177059354249
3170,100.0,164.52524464028517,0.004411459667320875,0.573149853681459,0.4078338214912741
3171,100.0,164.50830948714736,0.004384505666739782,0.5717308774257642,0.39132027873747843
3172,100.0,164.49141609370778,0.004373694094397883,0.5729164480141097,0.4564642026153277
3173,100.0,164.47453651643735,0.004370117092658966,0.5758238407620386,0.5541241258091871
3174,100.0,164.45815388337522,0.004368702149894026,0.5800047075315238,0.6541196538925744
3175,100.0,164.4417594359293,0.004371852652236521,0.5850465425086799,0.7222213050472198
3176,95.23809523809524,164.42577349804654,0.004476062607200346,0.6010599328918562,1.098722697233727
3177,90.70294784580499,164.41001816862118,0.0046320668510517055,0.6239934568312879,1.3969260514277144
3178,86.3837598531476,164.39436559071615,0.004831950799257316,0.6524038164930451,1.6126173378635054
3179,82.27024747918819,164.378699678794,0.005077870360891761,0.6850186576890244,1.7546812120320294
3180,78.35261664684589,164.36296494973027,0.0053551852253493236,0.7210955407588813,1.8223485410870015
3181,74.62153966366274,164.3471425093171,0.0056542889124316115,0.7598325142577266,1.837168491781023
3182,71.06813301301213,164.33123462336238,0.00596906481344052,0.800387959573994,1.812216101024886
3183,67.6839362028687,164.31478983884557,0.006290339522680445,0.8414314101027522,1.716864725811604
3184,64.46089162177971,164.29782445316891,0.006615485341416348,0.8818765060896964,1.5262490756892806
3185,61.39132535407591,164.28041411103513,0.006920816819346578,0.9199249706118908,1.2984084427683669
3186,58.46792890864372,164.26261964773553,0.0072108592232364545,0.9546421291962625,1.042744707154466
3187,58.46792890864372,164.2439913089935,0.007328903867981425,0.9704563674847962,0.4349716617385178
3188,61.39132535407591,164.22479630773515,0.007192232933557473,0.9585669325605941,0.4929880946409742
3189,64.46089162177971,164.20806817692403,0.00692021902076791,0.9297213867382988,1.138222753398035
3190,61.39132535407591,164.1917564115139,0.006879002467214285,0.919507546405407,0.7321506121026846
3191,64.46089162177971,164.17561250780992,0.006678531555222338,0.894432985574566,1.1514984335776228
3192,61.39132535407591,164.15980561703014,0.006666086590870614,0.8854594968694529,0.7886516433841618
3193,61.39132535407591,164.14410864661411,0.006619730943025972,0.8742451241118616,0.8271843565690579
3194,61.39132535407591,164.1290547566204,0.0065389868060955255,0.8597223302166779,0.9507609128707787
3195,61.39132535407591,164.11424133841263,0.006434532619417925,0.8422150201664338,1.0907492490633046
3196,58.46792890864372,164.0996884657853,0.006444103774287936,0.8344003550048419,0.9850902550324887
3197,58.46792890864372,164.0857210604575,0.006370400816748401,0.8186433948218335,1.2553377495644895
3198,55.68374181775592,164.07239403004465,0.006382248499754272,0.8100889642126399,1.245286007206372
3199,53.03213506452945,164.0595915811724,0.0064375804628247655,0.8051661126675849,1.2772532820370814
3200,50.506795299551854,164.0472468720661,0.006517781238816648,0.8029228152983928,1.3029712959229824
3201,48.101709809097,164.03530040333632,0.0066228934631599005,0.803592112083459,1.288145201390458
3202,45.81115219914,164.02335020009156,0.006753603880555432,0.8073806001453052,1.2414219052250572
3203,43.62966876108571,164.0113637750663,0.0069056098841977645,0.8138562471888455,1.1859863293131585
3204,41.5520654867483,163.99932626032276,0.00706970469482077,0.8226076659261355,1.1140576738796844
3205,39.57339570166504,163.98718772706485,0.007267461309390131,0.8339121590475661,1.0549790126301088
3206,37.688948287300036,163.97491306608057,0.007491660638970455,0.8476361699385728,0.9912121517759782
3207,37.688948287300036,163.96245444328085,0.007603939054978298,0.852409479454347,1.0097738743703695
3208,37.688948287300036,163.94991845934968,0.007651155295380432,0.8520348508486075,1.012010524342923
3209,37.688948287300036,163.93698694445786,0.0076626814165915115,0.8489367936689134,0.9907294742954789
3210,37.688948287300036,163.92368978013337,0.007649854526600682,0.844035536279514,0.9609851694167307
3211,37.688948287300036,163.91004832561092,0.007619344243781286,0.8380121181173351,0.9253832677730403
3212,37.688948287300036,163.8960792792679,0.007575066494736937,0.8312155754413851,0.8825944264339002
3213,37.688948287300036,163.88179644879736,0.007519634781440004,0.823943347056001,0.8365962622427673
3214,37.688948287300036,163.86721175428312,0.007454912988882138,0.8162586953750843,0.785158259525886
3215,37.688948287300036,163.85276844041275,0.0073826467925707856,0.8083932320346674,0.7362520621839987
3216,37.688948287300036,163.83846203688128,0.007312665576165599,0.8012256513085425,0.6723187085005606
3217,37.688948287300036,163.82427952030858,0.007249341212462953,0.7951549024626995,0.5959361545465275
3218,39.57339570166504,163.8097461501804,0.0070749321120804,0.7803447224829967,0.6608955691014772
3219,39.57339570166504,163.79546365901783,0.006952802720584067,0.7700444000095309,0.5628295916803324
3220,41.5520654867483,163.7804646292207,0.006751380530384409,0.7534034678575372,0.6246654261572655
3221,43.62966876108572,163.76485431777922,0.006497023880390854,0.7320685294946302,0.697925402630163
3222,43.62966876108572,163.74921673385,0.006318810399217492,0.7167942148739787,0.5903788216780296
3223,45.811152199140004,163.73313779293693,0.006007538823283751,0.6916279375357276,0.6652490778068927
3224,45.811152199140004,163.717178785621,0.005789056602758071,0.6733795890528369,0.5691995348145834
3225,45.811152199140004,163.70119335726554,0.005629748265632342,0.6596501874686629,0.5022770962294448
3226,48.10170980909701,163.68458232765767,0.005409221006808787,0.6401458489480318,0.6153791471898322
3227,48.10170980909701,163.66799421409152,0.005244425844317954,0.6249762247801481,0.550841944286366
3228,48.10170980909701,163.6518224910007,0.00511278164249512,0.6125394747997961,0.5000769280722055
3229,50.50679529955186,163.63549114442483,0.004917378580321745,0.5946103801663315,0.6048516953635039
3230,50.50679529955186,163.6191485858728,0.004777431566327333,0.5813549238702087,0.5209921189134278
3231,50.50679529955186,163.60318075027692,0.004667888542551315,0.5710635659652309,0.4702578473450887
3232,53.032135064529456,163.58702368527167,0.00449829153151854,0.5558000287036416,0.5656962689414085
3233,53.032135064529456,163.57083117299305,0.004376854770507342,0.5449675673224048,0.5004171669786399
3234,53.032135064529456,163.55498345878746,0.004283655453126616,0.5367696068546763,0.4649668944854249
3235,53.032135064529456,163.53940081349526,0.004212007019718487,0.5309943488899037,0.44568649585048503
3236,53.032135064529456,163.52402375518432,0.004156436621254795,0.5270669084430042,0.44528533167280226
3237,53.032135064529456,163.508806056638,0.004113361492750971,0.5247896507353671,0.4571749151177641
3238,53.032135064529456,163.49371137745624,0.004080109216504398,0.5240804763311852,0.4822571760842233
3239,53.032135064529456,163.47871287200627,0.004054113345673589,0.5244598808823832,0.5030834610565774
3240,53.032135064529456,163.46378981333407,0.004033719994548799,0.5254653495817669,0.5296244655538607
3241,53.032135064529456,163.45115626641237,0.0040174850871785555,0.5270252306721823,0.5516665186591297
3242,53.032135064529456,163.44040461135393,0.004022401079513334,0.5318893068998533,0.6718585654126057
3243,50.50679529955186,163.43144619175672,0.004140109459577099,0.548788154335363,0.9132179336617495
3244,48.10170980909701,163.42359575971187,0.004352129172987507,0.5763555939551369,1.1914146913986097
3245,45.811152199140004,163.4156142735176,0.004646022237520064,0.613751576165275,1.4486606649241736
3246,43.62966876108572,163.40742834393012,0.005003280150093126,0.6586294641648212,1.6120474629810866
3247,41.5520654867483,163.3990111878228,0.005401837274901893,0.7090545026018132,1.7014761840696269
3248,39.57339570166504,163.3903653418205,0.00582603259861448,0.7636132762576934,1.7292759091982421
3249,37.688948287300036,163.38148599061537,0.006282549913517165,0.8216419011699764,1.6994126200520239
3250,35.89423646409527,163.37211587911187,0.00675851912402454,0.8812086608432634,1.6046916069633914
3251,34.18498710866216,163.36226546137166,0.007242917042866489,0.9413664980115667,1.480469653454237
3252,32.55713057967825,163.35195451429294,0.0077287541836893086,1.001163903021579,1.343412713399364
3253,31.006791028265,163.34121484500665,0.008206423382947432,1.0590203832754097,1.1876135774276166
3254,31.006791028265,163.32967675535977,0.008559722696733779,1.1039111310608098,0.9435537637094051
3255,31.006791028265,163.31943028658887,0.008812236228424197,1.1378786784363146,0.724548044948039
3256,32.55713057967825,163.30858030496316,0.0088869270172616,1.1548142436104079,0.5038035891602679
3257,34.18498710866216,163.2972638615288,0.008827612658017141,1.1584155306378487,0.34117181112753237
3258,35.89423646409527,163.28560040189757,0.00866505658867544,1.1510002770562573,0.2772110277558695
3259,37.688948287300036,163.27369229630148,0.008425533133385846,1.1349967822343396,0.33034063052510243
3260,39.57339570166504,163.26162552275383,0.008131236206463912,1.1124894073389533,0.4368954332693828
3261,41.5520654867483,163.24910593711573,0.007800615040595154,1.0850615255915619,0.5483526362721546
3262,43.62966876108572,163.23618406004422,0.007444541791157988,1.0535564312619048,0.6607053795485031
3263,45.811152199140004,163.2229432894129,0.0070534096174442755,1.0163199306805002,0.8445560899240766
3264,48.10170980909701,163.21098599988332,0.006628892307390652,0.9723708278989094,1.0833248551353516
3265,48.10170980909701,163.19926038228704,0.006311124101455679,0.9370176836543801,0.9279185591744384
3266,48.10170980909701,163.18766294742056,0.006060322154870868,0.9074681701854529,0.8050387039528138
3267,48.10170980909701,163.17612064385528,0.005855837767852703,0.8833685419332402,0.673988613648787
3268,50.50679529955186,163.1642022619594,0.0055909720048346245,0.853993094210018,0.8237597014107376
3269,50.50679529955186,163.1523790266186,0.005384794450952787,0.8303027814710272,0.6824938232368923
3270,53.032135064529456,163.14053812185364,0.005136039850987295,0.8016502803411194,0.8203645918283706
3271,53.032135064529456,163.12876709931297,0.004957017627587806,0.7792846592209963,0.6548552196501674
3272,53.032135064529456,163.11696962088777,0.004823455087426806,0.7617367342851202,0.528857664682047
3273,55.68374181775593,163.10470127337265,0.00463797702381685,0.7388011803724562,0.6729716785753153
3274,55.68374181775593,163.0924334440885,0.004502700106480232,0.7207694693677598,0.5490461653103655
3275,58.46792890864373,163.07970725264192,0.004318940561991812,0.698168810493817,0.693372820091349
3276,58.46792890864373,163.06700490815055,0.004185288855856386,0.6800655278587071,0.5707814284955752
3277,58.46792890864373,163.0542439022481,0.004082152595709627,0.6653461304667947,0.4751661476448811
3278,61.39132535407592,163.04098110757295,0.003922950679247143,0.6453889377356874,0.6310015271958929
3279,61.39132535407592,163.027735846631,0.00380365480013225,0.6291596756867378,0.5277887305310687
3280,61.39132535407592,163.01442787516746,0.0037103528575108038,0.6155321726908392,0.44792338589661207
3281,64.46089162177971,163.00099148480487,0.0035677684942767526,0.5967369059123054,0.6092718052218675
3282,64.46089162177971,162.9875450521383,0.0034664417768338297,0.5819093057362723,0.49442220947552407
3283,64.46089162177971,162.9739934723931,0.003391794479514903,0.5696973406271313,0.4103631074157408
3284,67.6839362028687,162.9598578515925,0.0032713571931931758,0.5528279244213568,0.5580547368290649
3285,67.6839362028687,162.9456808726272,0.003185367542083611,0.5389776947805535,0.4712714782409006
3286,67.6839362028687,162.93136402020352,0.0031231020762882383,0.5272708007914163,0.40885605763538524
3287,71.06813301301213,162.91902632208584,0.0030155361945760875,0.5111115490786138,0.5579736744627032
3288,71.06813301301213,162.9065593205491,0.002958388422640971,0.5012285001288093,0.3503673337151714
3289,74.62153966366274,162.8934743346526,0.0028710444497898773,0.4895589065049561,0.39992998943787905
3290,78.35261664684589,162.87985190695403,0.0027637238428319813,0.4763720658731896,0.4587420971385705
3291,78.35261664684589,162.86655179893557,0.0026983314909866506,0.46722556364019346,0.3492160562331024
3292,82.27024747918819,162.8526720668012,0.002603722491565483,0.4554033874000032,0.4340041332480849
3293,82.27024747918819,162.83912735685405,0.002540875111272456,0.44682302060986767,0.35943182820589864
3294,86.3837598531476,162.82498242366174,0.002453510871768098,0.43560672238098935,0.43182933023152703
3295,86.3837598531476,162.81112467683147,0.0024036969312178987,0.42754037088556235,0.3499870657768306
3296,90.70294784580499,162.7970358810817,0.0023274033769207178,0.41661315929099585,0.4264003856158959
3297,90.70294784580499,162.78278249685889,0.00228601225767716,0.4090822665909146,0.342952515253976
3298,90.70294784580499,162.76864213757528,0.0022678848857703806,0.40374557357633717,0.3129747190295806
3299,95.23809523809524,162.75367748173136,0.0022192221171539197,0.39534195784803616,0.355080450225183
3300,95.23809523809524,162.73890828052953,0.0021902366684359974,0.38898574638252364,0.32553144168803283
3301,95.23809523809524,162.72425561531838,0.002172954664043046,0.38466543813057025,0.33295430011087107
3302,95.23809523809524,162.70966005824926,0.002164485665279593,0.382013752319217,0.37534969600244167
3303,95.23809523809524,162.6972732626475,0.0021610961224185488,0.38088767229853193,0.4412138071917995
3304,95.23809523809524,162.68667725446642,0.0021748958876955963,0.3832401637208828,0.6065565068728128
3305,90.70294784580499,162.67776952242718,0.002258570777414083,0.3952561979064196,1.041020846746213
3306,86.3837598531476,162.670031582637,0.00238870201322167,0.4159905750982815,1.473768981969997
3307,82.27024747918819,162.6621350790969,0.0025595331749633525,0.4442524539938572,1.8326203573507749
3308,78.35261664684589,162.65401713016055,0.0027628769474178387,0.47826893849494856,2.066491605288225
3309,74.62153966366274,162.6456295430141,0.002997378392066747,0.5159783741423654,2.1418132093872044
3310,71.06813301301213,162.6369481646991,0.0032574856256975377,0.556533345482742,2.154250979281096
3311,67.6839362028687,162.6279627829282,0.003540133656506366,0.5991705865866649,2.1240152926269302
3312,64.46089162177971,162.61840658703977,0.0038381349693688053,0.6429111663390834,2.0319206005520285
3313,61.39132535407591,162.60828357924916,0.004144735726771999,0.6865971064716823,1.8851073612338165
3314,58.46792890864372,162.59759972596217,0.004459305882845636,0.7292026327220321,1.7062569994009906
3315,55.68374181775592,162.58636780662889,0.004779092077330728,0.770660903280999,1.5350473045627644
3316,53.03213506452945,162.57460396944694,0.005102611478281776,0.8105404623337628,1.3383550473330468
3317,50.506795299551854,162.56232889730992,0.005427747350793223,0.8486416542965607,1.1669933015360625
3318,48.101709809097,162.54956574051968,0.005753150694128835,0.8857592523857095,1.039761029035209
3319,48.101709809097,162.53588168935866,0.005988597296398978,0.9126083617156492,0.7401873454273163
3320,50.506795299551854,162.521333949286,0.006063406073665886,0.9227571402158052,0.3470053721825871
3321,53.03213506452945,162.50615903173207,0.006023628268628547,0.9203129073172674,0.24430880232300659
3322,55.68374181775592,162.49054743079702,0.005901874425447722,0.9084154507078236,0.4826374736748647
3323,58.46792890864372,162.47417284782634,0.005723823690739,0.8894936542477169,0.7283764630447974
3324,61.39132535407591,162.4601590207093,0.0054886372708608236,0.8624704400614931,1.075961007786764
3325,58.46792890864372,162.44663939082707,0.005397897725252478,0.8483905915481338,0.7629245372811495
3326,58.46792890864372,162.4333217986852,0.005317231385338762,0.83507410840033,0.7513594207722418
3327,58.46792890864372,162.42018098172707,0.005246651467823613,0.822889356188546,0.719456852953359
3328,58.46792890864372,162.4071900262324,0.005186817222413125,0.8120674642069835,0.6748116965874397
3329,61.39132535407591,162.3935110797048,0.005049937199968261,0.7948856180846945,0.7780975954009878
3330,61.39132535407591,162.38011891822828,0.004944063074791079,0.78037649737819,0.6928912868520695
3331,61.39132535407591,162.3669133774915,0.0048751671978642325,0.769175746822177,0.5449745573432148
3332,64.46089162177971,162.352977830452,0.0047569744995464925,0.7530697094167181,0.6551138839561148
3333,64.46089162177971,162.3392751240332,0.004677493091846507,0.7408838351643009,0.5080701500071066
3334,67.6839362028687,162.32485925557765,0.0045501015421295045,0.7242755460803811,0.6336859943686426
3335,67.6839362028687,162.31073810988283,0.004457077768188819,0.7116952868329847,0.48450645036708645
3336,71.06813301301213,162.2959809421844,0.004306820452046632,0.6944558762861631,0.6179147092112229
3337,71.06813301301213,162.28161894618574,0.0041914911698277,0.6809835660500476,0.47472538727833963
3338,74.62153966366274,162.26665551550155,0.004037926473032252,0.663455844343475,0.6261876095546791
3339,74.62153966366274,162.25166701300333,0.003926885608732661,0.6490520382182948,0.5345946802868595
3340,78.35261664684589,162.2387815574849,0.003782522821406668,0.630480616767365,0.7077902280560986
3341,78.35261664684589,162.2257975264742,0.0037004462494928366,0.6180096286127269,0.5397220115503751
3342,78.35261664684589,162.2129598484793,0.0036587356691302297,0.6094734978178923,0.4941462317650799
3343,82.27024747918819,162.20175430175303,0.0035782393086790185,0.5970263298652267,0.6217660434063803
3344,82.27024747918819,162.19031501447725,0.003546484559008394,0.5907629817691623,0.5852797011372158
3345,82.27024747918819,162.17939428677866,0.003539790072570624,0.5883848381484362,0.6256481031966077
3346,82.27024747918819,162.1684446566475,0.003549158362558538,0.5892561428277391,0.6870373162542144
3347,82.27024747918819,162.15744455344918,0.0035655184501872167,0.5918482903934364,0.7597049948198931
3348,78.35261664684589,162.14672004197402,0.0036499990033643966,0.6026520967107261,0.949714767859903
3349,74.62153966366274,162.13614843907516,0.00377785572245405,0.6191577803171012,1.1012653107966903
3350,71.06813301301213,162.12566180087148,0.003934867479646738,0.6396596896762622,1.1920040624276915
3351,67.6839362028687,162.1152231656632,0.004112698243758839,0.6630036945443487,1.2277260059604
3352,64.46089162177971,162.10481324756782,0.004306453244678465,0.6882320790841202,1.225260984282175
3353,61.39132535407591,162.09410587248425,0.0045155173437716615,0.7147905461660397,1.190938200592611
3354,58.46792890864372,162.08310056770873,0.004731279958699938,0.7412358556771216,1.076910631374288
3355,55.68374181775592,162.07180675187692,0.004949591399992482,0.7670618228737724,0.9537755097838231
3356,53.03213506452945,162.06023351308784,0.0051705368221387224,0.7919428841533491,0.8318459977278282
3357,53.03213506452945,162.0479900867604,0.005310635190375448,0.8077132814548857,0.5491137759039049
3358,55.68374181775592,162.03513687530045,0.0053096494600253525,0.8082310414116632,0.16600521367400184
3359,58.46792890864372,162.0218755326779,0.005217379101102646,0.7985163376218538,0.2605353845286988
3360,61.39132535407591,162.00795799820324,0.005062915516576666,0.7814368947607337,0.5140000191631001
3361,64.46089162177971,161.99603821805266,0.004858457357239191,0.7574664838820598,0.8443991594668407
3362,64.46089162177971,161.98409471807284,0.00472633540772458,0.739107118911753,0.7207219189038039
3363,64.46089162177971,161.97235800973027,0.004644502893078773,0.7259916901338348,0.5875447720298358
3364,67.6839362028687,161.96000478253558,0.004520087378547445,0.7092512497457201,0.6602926834965528
3365,67.6839362028687,161.9478588073474,0.004444253172309685,0.697553981726435,0.5244203615936972
3366,71.06813301301213,161.93506795667687,0.004327522219305477,0.6824715417576719,0.6163928995553605
3367,71.06813301301213,161.92248129349736,0.004258439565865293,0.6721970142214111,0.48671917289921296
3368,74.62153966366274,161.90922673979023,0.004146469384846431,0.6578385243425254,0.5981491741495129
3369,74.62153966366274,161.89618756297654,0.004079092261955215,0.6477075160691678,0.4803833064841701
3370,78.35261664684589,161.88246624171202,0.0039690152078321024,0.6333125937111914,0.6129299216435738
3371,78.35261664684589,161.8689928890818,0.00389728805695688,0.6227111164506045,0.49487011598963543
3372,82.27024747918819,161.85731981220195,0.0037832405086472773,0.607813189394004,0.6375839126379348
3373,82.27024747918819,161.84546591549653,0.0037299457832006646,0.5993178632129277,0.36215107080642717
3374,86.3837598531476,161.83330776982177,0.00364350545633938,0.587625873452308,0.41783032057675695
3375,90.70294784580499,161.8205448778566,0.0035365080490760174,0.5736194506619873,0.49005481818519636
3376,90.70294784580499,161.80797348294385,0.0034834455559078987,0.5646988735630074,0.28549336139791787
3377,95.23809523809524,161.7947170751968,0.00339644735886185,0.5523003658996953,0.4134873452756311
3378,100.0,161.78124786167353,0.00328663876008252,0.5370015744973341,0.5561495311197057
3379,100.0,161.76761530590127,0.0032296078601203623,0.5267303195035681,0.3409511536591509
3380,100.0,161.75410073507763,0.0032016567463427257,0.5194809533695612,0.22675887303028833
3381,100.0,161.7406368571163,0.0031896474012306835,0.5144350133573077,0.17932391437307357
3382,100.0,161.72720327055544,0.003182471245414003,0.5108575171164789,0.18927813039604674
3383,100.0,161.7137810147391,0.0031797869459441507,0.5081210817070387,0.24351126328351214
3384,100.0,161.7003539480437,0.0031809266627543724,0.5059665671998929,0.30032026223035935
3385,100.0,161.6868963430631,0.0031881613066594206,0.5044524174148604,0.33797442425460184
3386,100.0,161.67340090956412,0.0031971230363289057,0.5033498233192104,0.36272159749577043
3387,100.0,161.65986789233602,0.003206026774521911,0.5026049797639712,0.3715427095604532
3388,100.0,161.64629993537747,0.0032143041386457306,0.5018741485388328,0.38370701234025933
3389,100.0,161.63269991692096,0.0032218996377794498,0.5013594260306863,0.3787701633102153
3390,100.0,161.61906992386523,0.003229000742139042,0.5008210459748815,0.37680737969586126
3391,100.0,161.60541276090655,0.003235437402579371,0.5001329351799865,0.3745260378011578
3392,100.0,161.59173191967042,0.003241046882687194,0.49940866251856,0.3667523207467723
3393,100.0,161.57802890623293,0.003246299567348733,0.49860024576997375,0.3589774468846592
3394,100.0,161.5643041257617,0.0032514562660483567,0.4977281822091258,0.35045547859559734
3395,100.0,161.55056104945936,0.0032557906227933704,0.4968972123487688,0.3409437976998603
3396,100.0,161.53680466406746,0.003258943600177232,0.4959030342274464,0.3334398834551472
3397,100.0,161.52304031693183,0.0032608297696617326,0.494715346219526,0.3268473131018429
3398,100.0,161.50927311864504,0.003261505218928937,0.49324817542381866,0.32338201030662794
3399,100.0,161.49550725782208,0.003261188368319898,0.49190225494183604,0.3157576023146555
3400,100.0,161.48174585125525,0.003260133136938265,0.49029449017541166,0.31456889488410694
3401,100.0,161.4679894332242,0.0032589513325634893,0.4886948575415068,0.3105237488739093
3402,100.0,161.4542332649203,0.0032588921711704404,0.4870868105458051,0.3081313588131935
3403,100.0,161.44047936934504,0.0032583537524875873,0.4854660290477369,0.305458563497604
3404,100.0,161.4267294017337,0.0032574232019165787,0.4838656710343471,0.3020803093045188
3405,100.0,161.41298507421493,0.0032560870410583754,0.4822353683954151,0.3001577354542875
3406,100.0,161.39924833838256,0.0032542885396918348,0.4805817780109122,0.2984560528148359
3407,100.0,161.38551664420163,0.0032530941519965197,0.4789563867341103,0.2958857796482577
3408,100.0,161.3717894243634,0.003252034162005203,0.47734472132913397,0.2937178199517457
3409,100.0,161.35806849896068,0.0032505429846812917,0.47573177241189635,0.2920411539210183
3410,100.0,161.34435690503355,0.003248332320161366,0.4741068320121637,0.29087716325339824
3411,100.0,161.33065814623507,0.0032452916260302545,0.47246516864227117,0.2901592828015563
3412,100.0,161.31697571085363,0.0032414245422277433,0.4708058912880795,0.289815680242318
3413,100.0,161.3033127745136,0.003236805140042313,0.4691303005259016,0.2897679112652557
3414,100.0,161.289672033181,0.0032315470526338825,0.46747191468453414,0.2891280403593929
3415,100.0,161.2760555199518,0.0032258073164591196,0.4657684809609057,0.29004642233942995
3416,100.0,161.26246491034988,0.0032196706418893347,0.46412568426418704,0.2886408722842159
3417,100.0,161.24889539565095,0.0032146731736696628,0.4624235972092779,0.28958455778316705
3418,100.0,161.2353396267263,0.003211416743889532,0.4608379589612445,0.28606378047444764
3419,100.0,161.22179530716343,0.003208704343529462,0.4593888844277124,0.28183188656890634
3420,100.0,161.2082674719185,0.003204799141654134,0.45787013050495273,0.2815267153029822
3421,100.0,161.19477483087263,0.003196461492844528,0.45613096174052886,0.2888527580913434
3422,100.0,161.18131631690468,0.0031883766494162813,0.4541321799139448,0.3008896734954859
3423,100.0,161.167870047898,0.0031854757683603217,0.4522858599976649,0.30052010247715294
3424,100.0,161.1544282619976,0.0031844137022368005,0.4505439921852014,0.3005026244975484
3425,100.0,161.1409899452545,0.003183591844803393,0.4488742532202,0.30020896785794604
3426,100.0,161.12755429286196,0.003182960649301286,0.44730117181420576,0.2980061700176885
3427,100.0,161.11412194345817,0.003182178157828434,0.44580644219498794,0.29596061847974187
3428,100.0,161.10069875096718,0.0031800088480239135,0.44427117080555345,0.29617739125960735
3429,100.0,161.08729065508612,0.003176432399758856,0.4427571294771366,0.29430622119138433
3430,100.0,161.07390329265488,0.003171520561248917,0.4412356779960597,0.2928674683459827
3431,100.0,161.06054166061082,0.003165424927933093,0.43989709865218424,0.2880692919809322
3432,100.0,161.0472099737725,0.003158330787054127,0.4384215472604101,0.2873206940039494
3433,100.0,161.03390894010886,0.0031510689254005994,0.4369906393525531,0.284933858923347
3434,100.0,161.02064045920918,0.003143357043340838,0.4353721350622539,0.28535671708853255
3435,100.0,161.0074387686035,0.0031275341512552205,0.43358082387537156,0.294956116081639
3436,100.0,160.99432015642705,0.0031078525337727035,0.4317559157740871,0.3094528975584128
3437,100.0,160.98128239507565,0.0030886986447940658,0.4298044856686002,0.31897302558489327
3438,100.0,160.9683122258913,0.003072685785711964,0.42796506091947645,0.31652456633950893
3439,100.0,160.95539157036663,0.003060955798562917,0.42634731847950685,0.3050630422025711
3440,100.0,160.9425025498922,0.003053461326600508,0.42473812044672854,0.29407536788441624
3441,100.0,160.9296308653369,0.0030493543769264065,0.42310913989316234,0.28662623139670745
3442,100.0,160.9167563298469,0.0030500297749019288,0.42158651352490295,0.2822679006042108
3443,100.0,160.90386467222802,0.003054086076830112,0.4200431781527231,0.3002525208820283
3444,100.0,160.89096358831142,0.0030563192050842977,0.4185695828120515,0.3024797492389781
3445,100.0,160.8780643985556,0.003055870470696082,0.4171254973279349,0.3011689302700337
3446,100.0,160.86518046799202,0.0030522555060132953,0.415602113208143,0.300042091123003
3447,100.0,160.8523236640124,0.0030458291080816755,0.4140186945524482,0.2954169457878694
3448,100.0,160.8394961876237,0.0030388812825853546,0.41250920824986065,0.2845991166162879
3449,100.0,160.8267043250556,0.0030304442237698128,0.41094081325277687,0.27838277284082036
3450,100.0,160.81395478491095,0.0030204178696816206,0.4093613453334194,0.271870137685114
3451,100.0,160.80125273897573,0.003009166298475188,0.40772264971293254,0.2697921113816408
3452,100.0,160.7886010302068,0.0029972412192153285,0.4060064664236615,0.27177943868720034
3453,100.0,160.77600006394738,0.002985220112499477,0.40434256771316457,0.27000480222382894
3454,100.0,160.76344821749706,0.002973583430139569,0.40283774938606104,0.26457305591290914
3455,100.0,160.7509426525732,0.0029626191484609975,0.40118252609120225,0.27019986516340977
3456,100.0,160.7384799772476,0.00295245842834502,0.3995859296415867,0.2691793566680802
3457,100.0,160.72605683439272,0.002943093025344585,0.39803490726727586,0.2678847531441384
3458,100.0,160.71367046526888,0.0029343811790861194,0.3965377904863631,0.26556813917294
3459,100.0,160.70131907912088,0.0029260935699040266,0.3950893309401103,0.26279783741782964
3460,100.0,160.68900204537746,0.0029179553456705224,0.3935921057503741,0.26316989918514405
3461,100.0,160.67671935359346,0.0029098195959531264,0.3920552572840448,0.26391614417025816
3462,100.0,160.66447141987055,0.002901585270026846,0.39051473026439404,0.2636989581794609
3463,100.0,160.65225943761624,0.0028930682210226975,0.3889646890061172,0.2637717286932611
3464,100.0,160.640096866304,0.002881362568049648,0.38741201313144524,0.2658038101782684
3465,100.0,160.6279720759778,0.002872412098940074,0.38572079360508876,0.26927689707038166
3466,100.0,160.61589260719015,0.002861675242286468,0.38394957996262485,0.2747557934156104
3467,100.0,160.6038511964532,0.0028526591354155746,0.38174238708480873,0.23605696253076502
3468,100.0,160.59185073462154,0.0028429581733477524,0.37910086239144786,0.21251074244625406
3469,100.0,160.579897884021,0.002831678879210663,0.37625834269858,0.19118153641648095
3470,100.0,160.5679951051948,0.0028198166724315655,0.3737418544793987,0.196216090746417
3471,100.0,160.55615206831806,0.0028056635618114592,0.3712173031262582,0.21276116463066547
3472,100.0,160.54436139512654,0.0027932583919859076,0.36875388572458934,0.18801924492016941
3473,100.0,160.53262319786444,0.0027808266310881576,0.36601928368000025,0.18107907406426574
3474,100.0,160.5209468571038,0.0027661725745251214,0.36303619530007925,0.1808205527245066
3475,100.0,160.5093166650557,0.002755239756993897,0.3598999630604392,0.1883511450380466
3476,100.0,160.49772188612812,0.0027468502448348333,0.35723160315237473,0.19433310692344052
3477,100.0,160.48615592517578,0.0027400231493925455,0.3549702730291734,0.2004121411434295
3478,100.0,160.4746177612091,0.0027334379305268323,0.3529216746476396,0.2055932676032895
3479,100.0,160.46310870849945,0.0027265413554283333,0.3512717087630728,0.20940533840374634
3480,100.0,160.45163086039236,0.002719148858292532,0.34971573485185403,0.21359444599149754
3481,100.0,160.44018628532694,0.002711266339537863,0.3482768133593625,0.2181525381877198
3482,100.0,160.42877663117633,0.0027029934328610967,0.3469308523618539,0.22310833722303336
3483,100.0,160.41740301891664,0.002694454962491102,0.3456746270484941,0.22805080571203568
3484,100.0,160.40606609540205,0.0026857632496563155,0.3444529797052539,0.23305716459390552
3485,100.0,160.3947661294238,0.0026770078591127244,0.3432591380434255,0.23756789131377268
3486,100.0,160.38350279961145,0.002668328602563492,0.3422244822082433,0.2400590450985611
3487,100.0,160.37227557702835,0.0026597746532189405,0.34110290403535193,0.24303537565884312
3488,100.0,160.36108406818553,0.0026513139229922367,0.33992812858774835,0.24546814424689622
3489,100.0,160.34992687466712,0.00264318448320644,0.3387264514078687,0.2470816421374537
3490,100.0,160.338794742163,0.0026372474271035666,0.337485492111236,0.2500241034092511
3491,100.0,160.32768972703968,0.002630823209398208,0.3361625531247755,0.25453169855141833
3492,100.0,160.31661408682987,0.002623864173009159,0.3349055208410859,0.2528274918001111
3493,100.0,160.30555359504666,0.00262027544916429,0.3335635858678492,0.25958018427074686
3494,100.0,160.29450380778442,0.0026177395046833537,0.3323540714351041,0.2643161172158701
3495,100.0,160.28346605541023,0.002614888390760149,0.33091774509514404,0.2850562214730192
3496,100.0,160.27244463427215,0.002611019454604335,0.32949507788662,0.29619623224494995
3497,100.0,160.2614437128665,0.0026061629846558946,0.32810542957374383,0.30286965158208
3498,100.0,160.25046764926267,0.0026002740704013268,0.3266788110914422,0.30816225169659417
3499,100.0,160.23952249486027,0.002592951555002217,0.32529795465950573,0.3055834977554808
3500,100.0,160.2286135167543,0.0025843812433612398,0.3238755477682797,0.3026960159411621
3501,100.0,160.2177493672865,0.0025737611567789743,0.3219473189776913,0.26951207570882124
3502,100.0,160.20693346367298,0.0025623315178774243,0.3201320246611423,0.26419641056882204
3503,100.0,160.19617201424353,0.002549431100373598,0.31805095338481776,0.2267966919316713
3504,100.0,160.1854659995776,0.00253629837967103,0.31609199467119875,0.22438094444488293
3505,100.0,160.17481520950756,0.002523215448440435,0.3142393426818881,0.22330633407403583
3506,100.0,160.16421882091015,0.002510327518531429,0.3124763674882175,0.22365267363909264
3507,100.0,160.15367575981276,0.0024976940170532203,0.3107868951502726,0.22524022044487485
3508,100.0,160.1431790786389,0.002486706424726738,0.3091658973823729,0.22758256525325202
3509,100.0,160.13272698171963,0.002476144233613642,0.3075918339318783,0.23103838322672507
3510,100.0,160.12231587937853,0.0024664324514886834,0.30582082267951527,0.19222709858917011
3511,100.0,160.11193985484368,0.0024581223766194527,0.30421829484222984,0.19293249908221038
3512,100.0,160.101596434319,0.002450398354122897,0.30274295326295925,0.19350031311466911
3513,100.0,160.09128484283573,0.002442857924854241,0.3013599994446218,0.194265900227409
3514,100.0,160.08100590146407,0.002435122980782594,0.3000348304773294,0.19566654178180065
3515,100.0,160.07075945575457,0.0024274246263554567,0.29875918437115884,0.1968792028348158
3516,100.0,160.06053614463195,0.0024219439486787447,0.29762273203330425,0.19389242671170603
3517,100.0,160.05032852420584,0.0024182267589376236,0.29660423871743846,0.19063651397593714
3518,100.0,160.0401224620623,0.0024178575954539898,0.2958069839231016,0.18328476512094075
3519,100.0,160.02991808847048,0.002417457570696217,0.2952166613561974,0.17762799787138853
3520,100.0,160.01972087475173,0.002415761367692178,0.29469904502036265,0.17714739393792053
3521,100.0,160.00953723335337,0.0024125460298130602,0.2942505426347592,0.18263022243248175
3522,100.0,159.9993728182233,0.002407991248726581,0.29392922869401233,0.19710217942125785
3523,100.0,159.9892320961229,0.002402378273728869,0.29368228192304313,0.21733783850172478
3524,100.0,159.9791184744318,0.002395958076624035,0.2934631534884211,0.23966356978963807
3525,100.0,159.96903508804024,0.002388795211321002,0.2932069679371949,0.26029496720967743
3526,100.0,159.9590052234947,0.002376115668483663,0.29268696925297727,0.2806767840569468
3527,100.0,159.95015796484128,0.002359268974268374,0.29211038151614305,0.3091363282466777
3528,100.0,159.94134181806453,0.0023509724737795384,0.2921618171290383,0.3320631841836813
3529,100.0,159.9325193922864,0.002352646874163917,0.2926603482139071,0.33831741102926927
3530,100.0,159.9236717394921,0.002359374078481835,0.2933993313482554,0.345178937204494
3531,100.0,159.91479148628738,0.002368067521263474,0.29419509488133916,0.3508157640892806
3532,100.0,159.9058785282628,0.0023767888065661324,0.2949887793265628,0.3511023056954853
3533,100.0,159.89693728299144,0.0023843320723550714,0.29571884528245296,0.34684816987107414
3534,100.0,159.8877057104699,0.0023900511382682036,0.29634846793793757,0.33851090334261835
3535,100.0,159.8781900935341,0.0023918350924068774,0.29663630400419205,0.31385423497122933
3536,100.0,159.86840224379,0.0023886050816713873,0.2964295227320366,0.27721705346237335
3537,100.0,159.85864995567496,0.0023799267008545693,0.2956386237760274,0.2330638421104549
3538,100.0,159.84894784052403,0.0023676826022399943,0.2944517540943585,0.19945868760652846
3539,100.0,159.83930541217015,0.0023531167690592665,0.2930008461972349,0.1751229228722277
3540,100.0,159.82972866883654,0.002337087142816596,0.2913765024012578,0.15882374519811507
3541,100.0,159.8202210256439,0.0023202240980835873,0.2896345126703343,0.14966171198954467
3542,100.0,159.81078392368198,0.002303009373064086,0.2878399368694969,0.14443882317789095
3543,100.0,159.80141731134418,0.0022858072419279334,0.28602520518318997,0.14294914450597634
3544,100.0,159.7921314587406,0.002266098816040686,0.28407444350026384,0.15519115442487
3545,100.0,159.78292125842705,0.0022476367994569003,0.28206687661245505,0.16602503652645798
3546,100.0,159.773775474531,0.002231916760194943,0.2800198302441927,0.1806555246432075
3547,100.0,159.7646815974138,0.00221924954530411,0.2779921216116334,0.19679667202793652
3548,100.0,159.75562829228863,0.002209348446630176,0.27598550143076006,0.21769062160680414
3549,100.0,159.746606332563,0.0022016989850740247,0.27403789293874453,0.2386856011991701
3550,100.0,159.73760480390564,0.0021967130325969936,0.2722405066810478,0.2541944354654271
3551,100.0,159.7286249986535,0.002191411701092526,0.2705679906741894,0.26250944920257213
3552,100.0,159.72035811520294,0.0022045022534825285,0.2694643268949279,0.3069979996419626
3553,100.0,159.71200884155513,0.002226472972737555,0.2689486156001843,0.3570076352125679
3554,95.23809523809524,159.70380998019323,0.0022956811813381705,0.27311655466760726,0.4221094944583678
3555,90.70294784580499,159.69569585684854,0.0023855522633234056,0.28004171118931626,0.4614817053000486
3556,86.3837598531476,159.6875789759365,0.0025056811375434385,0.2901556407704685,0.4676464405710909
3557,82.27024747918819,159.6794833489303,0.0026240760596868144,0.30083404946147807,0.47282278049667253
3558,78.35261664684589,159.67142211339666,0.002743575008659575,0.31197435643810933,0.4729960380958843
3559,74.62153966366274,159.66339958486176,0.0028669214710310598,0.32371278941997994,0.46832904747192544
3560,71.06813301301213,159.65517324217996,0.002996838903449787,0.33580782525448555,0.4588860855702254
3561,67.6839362028687,159.6467349200245,0.003133753103961359,0.34836459382335433,0.4331724505695112
3562,64.46089162177971,159.6380813866735,0.003276077911590875,0.3609325736952742,0.39944117799055034
3563,64.46089162177971,159.6289548468784,0.0033545145265256476,0.36827519842385026,0.2717944714704479
3564,67.6839362028687,159.61946019330583,0.003323635196975477,0.3665144740689785,0.20749269881291107
3565,71.06813301301213,159.6094992444436,0.0032240993255312094,0.35841880688588795,0.3405854594880896
3566,71.06813301301213,159.60112205088393,0.003143347359618145,0.35144161465365675,0.4066570587332574
3567,71.06813301301213,159.59264611716287,0.0030877643809483816,0.34646075613029337,0.38923075122594697
3568,71.06813301301213,159.58403462243263,0.0030457756934751303,0.34247459270988967,0.3772165198427453
3569,71.06813301301213,159.5755248624171,0.0030097934243185913,0.33899525415008047,0.37789575738251757
3570,71.06813301301213,159.56685165940817,0.0029782535179530395,0.33564331266134945,0.355248957551514
3571,71.06813301301213,159.55800939341685,0.0029478711857675636,0.33200657993405036,0.3304723081004938
3572,71.06813301301213,159.54925846007907,0.0029174223281708935,0.32821910051181036,0.32608719107053746
3573,71.06813301301213,159.54058862221453,0.0028903863841169535,0.32476475892528456,0.2876117805523665
3574,71.06813301301213,159.53198971004588,0.0028667408824431936,0.3217145771372518,0.25185084871251934
3575,74.62153966366274,159.52293750228367,0.0027904414619270646,0.3141442164623669,0.31221196194039325
3576,74.62153966366274,159.5140524738461,0.002738906617540297,0.30857289749456396,0.2750070805044964
3577,74.62153966366274,159.50528718165995,0.002701996616181843,0.30436521532233324,0.24025903518889916
3578,78.35261664684589,159.497589794687,0.0026197421528137235,0.29640844588315673,0.3120737075017407
3579,78.35261664684589,159.48979331300902,0.002576182736014992,0.2920417703528978,0.20691620275398268
3580,82.27024747918819,159.4816119516297,0.0024996376385063752,0.28509373764762275,0.2547355175556654
3581,82.27024747918819,159.47357813913146,0.0024545572759792004,0.280989464160377,0.18751751348260923
3582,86.3837598531476,159.46516534267374,0.002376650587492879,0.2740597854136067,0.2557451324799499
3583,86.3837598531476,159.45691660747815,0.0023303025869339656,0.26965509733767634,0.19685784828496886
3584,90.70294784580499,159.448550581117,0.0022508931783877706,0.26250364647883445,0.27116949633352655
3585,90.70294784580499,159.4401208768887,0.0022019668092478364,0.257925683054118,0.2091121746786994
3586,95.23809523809524,159.43254520901795,0.0021211870037948543,0.2504050044863304,0.2908884293700048
3587,95.23809523809524,159.4249039824764,0.0020772266326631278,0.24620919320549653,0.22252781518777062
3588,95.23809523809524,159.4173562953405,0.00205179844473729,0.24381770241111325,0.21780058849895742
3589,95.23809523809524,159.40984077140314,0.0020430550509360637,0.24284118214723646,0.21019925167154463
3590,95.23809523809524,159.40234188185943,0.0020385330798193776,0.2424622800446831,0.2341987696818624
3591,95.23809523809524,159.39507225635154,0.002035495142194252,0.24240520031067206,0.2576493924015938
3592,95.23809523809524,159.38780658341364,0.0020343884226429903,0.24269891661352772,0.28643869984629566
3593,95.23809523809524,159.3805432542474,0.0020337321665104624,0.2431579718815688,0.3073413615327878
3594,90.70294784580499,159.3734732096923,0.0020785930992354867,0.24795575483081506,0.3864462360916163
3595,86.3837598531476,159.36651011923615,0.0021495060238197953,0.2554875175136041,0.45402846512997086
3596,82.27024747918819,159.35961139647796,0.0022361175011887825,0.26483304982210787,0.4963844246948303
3597,78.35261664684589,159.35274926763296,0.0023354689398326694,0.2754751498180919,0.5167964355091054
3598,74.62153966366274,159.34571229817018,0.0024414788609121176,0.2868353969829211,0.4919552140417448
3599,71.06813301301213,159.33850307193117,0.0025498112389618593,0.2983737100239458,0.4546078933115663
3600,67.6839362028687,159.33112951182468,0.002658573524671384,0.30991534001302595,0.4054533526982504
3601,64.46089162177971,159.32359957125786,0.0027676748891060456,0.3214980192889064,0.3494730793471132
3602,64.46089162177971,159.3156952825078,0.00282064933269057,0.32745314675301695,0.2061504640977941
3603,67.6839362028687,159.30751547317135,0.0027799704662817286,0.32449669021612954,0.07798334479923856
3604,71.06813301301213,159.29897173934467,0.002684838626384324,0.3158297439817192,0.2474794238175008
3605,74.62153966366274,159.2917050131524,0.002558592068017952,0.30363179059054457,0.4184342908451809
3606,71.06813301301213,159.28464998709626,0.0025322871382428107,0.29983534797168604,0.2541688003212096
3607,71.06813301301213,159.27764975122926,0.002512621088850992,0.29707967369351984,0.2041452298768627
3608,74.62153966366274,159.27027976842768,0.002445987750350446,0.29039332188597444,0.25228835377282793
3609,74.62153966366274,159.26304134780924,0.0024023242172539778,0.2856808671588709,0.197493144209116
3610,78.35261664684589,159.2554708682145,0.002323189695802361,0.27765324846538797,0.26149235144760813
3611,78.35261664684589,159.2480537855387,0.0022761160411468337,0.27214201130953114,0.20343329034781577
3612,82.27024747918819,159.24127387735493,0.0021976055392104676,0.26400524509055445,0.28141080726912404
3613,82.27024747918819,159.234428272921,0.002154271838049245,0.25938325231197384,0.17417490625804283
3614,86.3837598531476,159.22727035962,0.002082805010830461,0.25254284059565096,0.23732609685804684
3615,86.3837598531476,159.22027465025954,0.002035607012503594,0.2482160463170439,0.1706185955180955
3616,90.70294784580499,159.21319962283798,0.001960654219945695,0.24130754995844586,0.2481882193154572
3617,90.70294784580499,159.20607978670782,0.001915603643274228,0.236932418536861,0.1787007467585219
3618,95.23809523809524,159.19949046974438,0.0018450087497337206,0.23002909404289631,0.2578728654433453
3619,95.23809523809524,159.1928404725786,0.0018077662198137212,0.225982206763194,0.18170501978149797
3620,100.0,159.18628699680036,0.0017475935408878484,0.21949275117981398,0.2568685227450102
3621,100.0,159.17965520108606,0.0017169697642122432,0.2157548336244224,0.21781831572449623
3622,100.0,159.17327667786117,0.0017009395266513571,0.21346597048777868,0.22538175467696006
3623,100.0,159.16692331098298,0.0016942311675404436,0.2122400949138761,0.2563177991510505
3624,95.23809523809524,159.160731157832,0.001733802882242773,0.21563287105376006,0.32745168642724387
3625,90.70294784580499,159.15461199966316,0.0017990325016262964,0.22183853758015648,0.4105012418707541
3626,86.3837598531476,159.14852443396893,0.0018792315298159401,0.22996592764011428,0.46381252002570694
3627,82.27024747918819,159.1424450594447,0.0019705380614234635,0.23945772506764895,0.49229296217228796
3628,78.35261664684589,159.13636604085974,0.002068943823464389,0.2500667188652461,0.49650562823217287
3629,74.62153966366274,159.1302870390778,0.002172385009942494,0.2611169479749805,0.5020815511659431
3630,71.06813301301213,159.1240296685892,0.0022795465784506024,0.27271903916290946,0.4896414560594599
3631,67.6839362028687,159.11760078084885,0.002387506253091143,0.28448493701365735,0.43430188578854706
3632,64.46089162177971,159.11101137712646,0.00249463416957295,0.2958688738700843,0.3824801846297651
3633,61.39132535407591,159.10427421845714,0.0026000972973652557,0.30694372250282576,0.3265970797463065
3634,61.39132535407591,159.09720062512767,0.002650426025928966,0.31279355989765356,0.18635147907486546
3635,64.46089162177971,159.08988114769772,0.0026119591250683624,0.31006859930374553,0.09547602406683293
3636,67.6839362028687,159.0822398299512,0.002521320388876575,0.30174653519240596,0.2534649294122315
3637,67.6839362028687,159.07481429775265,0.0024501200384204817,0.2943417454998559,0.29661837458532003
3638,67.6839362028687,159.0686532549773,0.002391635961134428,0.2875486709945123,0.3243729256163268
3639,67.6839362028687,159.06240806264148,0.002353690986739249,0.2827652437548882,0.25058618357869794
3640,67.6839362028687,159.0562343424648,0.0023267545261910884,0.2791583628722506,0.19565238224474132
3641,71.06813301301213,159.049749937887,0.002259681375478628,0.27198585567549405,0.24454680391310155
3642,71.06813301301213,159.04339194379548,0.0022156299257678727,0.2669115687034385,0.19048255519341434
3643,74.62153966366274,159.03675036174658,0.0021400411329393913,0.25893023504820545,0.2556942007790915
3644,74.62153966366274,159.0300668987731,0.0020908115970755445,0.253272197030498,0.1980329070636772
3645,78.35261664684589,159.024155081747,0.002012038152347342,0.2449761637725197,0.2783653475664017
3646,78.35261664684589,159.01819806464744,0.001968370509140459,0.2399700449556395,0.1791669342717465
3647,82.27024747918819,159.01215675800813,0.0019011640073300028,0.23292544441567076,0.2368441481646361
3648,82.27024747918819,159.0060597616838,0.001862805074529719,0.2285763615426743,0.1716627857482958
3649,86.3837598531476,159.00023260448305,0.001798843427871086,0.2219351762743633,0.2410014827766844
3650,86.3837598531476,158.99435192605097,0.0017624907106734452,0.21798397876048684,0.19399395375954662
3651,86.3837598531476,158.98853426374302,0.0017436042276304342,0.21553247283434948,0.18891537073781114
3652,86.3837598531476,158.98274490666873,0.0017351209017742737,0.2139954859376203,0.20697460429161932
3653,86.3837598531476,158.97712775011266,0.0017340162288634194,0.2129524522039589,0.24023585248219562
3654,86.3837598531476,158.97149568107324,0.0017386197124752794,0.21252060885449855,0.2689088445989701
3655,82.27024747918819,158.96598724137326,0.0017854781021319234,0.21616857627711766,0.3324399309850915
3656,78.35261664684589,158.9605317086502,0.0018567455541509898,0.22210668549617898,0.41367499603840724
3657,74.62153966366274,158.9550963801916,0.0019423626593996878,0.2296037157081435,0.43361484332214684
3658,71.06813301301213,158.94966844267472,0.0020367075131283367,0.23826379675217052,0.43099341058236434
3659,67.6839362028687,158.94425045349584,0.0021346233617635375,0.2475275626106997,0.4229977134946617
3660,64.46089162177971,158.93868686480243,0.0022345507112404325,0.2574733147793653,0.3947433438907982
3661,61.39132535407591,158.9329865112009,0.0023339366832925514,0.26761431768617566,0.35871598004490135
3662,58.46792890864372,158.92715036039286,0.002435935886838535,0.2777585393164318,0.3188694500523176
3663,58.46792890864372,158.92101390071994,0.002486680608779156,0.2831523531022331,0.21430539121791517
3664,61.39132535407591,158.91466726286524,0.0024493821124186273,0.28077816142178474,0.12139823801420531
3665,64.46089162177971,158.90805044286424,0.00236121547558859,0.27341384338529584,0.21216777302629233
3666,67.6839362028687,158.90234333708787,0.0022485318660157363,0.26305240468561003,0.3378828677497199
3667,64.46089162177971,158.89678123242916,0.0022339546659557777,0.2604248036282898,0.22118096509928117
3668,64.46089162177971,158.89124959004175,0.0022217198489210134,0.25826181252460284,0.23037708884982286
3669,64.46089162177971,158.8857505864058,0.0022086108737949042,0.2565830436455778,0.2510540988682281
3670,64.46089162177971,158.88028787830694,0.002194033193393036,0.25497968159989565,0.25549231228992547
3671,64.46089162177971,158.8750218774225,0.002178478868608607,0.2536166375444858,0.268495890329364
3672,64.46089162177971,158.8697923194457,0.002163402892420881,0.25261226435344203,0.27418521579168775
3673,64.46089162177971,158.8645981162685,0.0021487770528812395,0.2519370554227452,0.28448732338879373
3674,64.46089162177971,158.85928353972037,0.002134537878343274,0.25123415773842933,0.2771041828516144
3675,64.46089162177971,158.85416675582567,0.0021167496615932336,0.2504249054586578,0.2861093956510162
3676,64.46089162177971,158.8489300610951,0.0021032575518176956,0.24988995644670184,0.2534553873339173
3677,64.46089162177971,158.84371141484058,0.0020960085913159787,0.24941843558156707,0.21577682495748304
3678,64.46089162177971,158.8385049657669,0.002091109735370426,0.2492532315376082,0.1954439019341078
3679,67.6839362028687,158.8331670436439,0.002041823197235626,0.24469442937111485,0.21610427284991185
3680,67.6839362028687,158.827901287152,0.002014218924194042,0.24184125157847736,0.17851285984895418
3681,71.06813301301213,158.82252928700703,0.0019570080710416883,0.23623522101119543,0.24249560027965758
3682,71.06813301301213,158.81708735505242,0.0019247418238001579,0.23288445220009188,0.21128511936293973
3683,71.06813301301213,158.81170230554724,0.001904623228049365,0.2306011995626716,0.20166440937218022
3684,71.06813301301213,158.80636189475138,0.0018888350866927775,0.2291604269637847,0.20528231090924615
3685,71.06813301301213,158.80107223276624,0.0018708858805360328,0.2279040156640034,0.21165553674837584
3686,71.06813301301213,158.79583381608987,0.0018527610693649856,0.2268246626549924,0.22324261835487258
3687,71.06813301301213,158.79094804342157,0.0018332727430817129,0.2257487115922485,0.23991791547853883
3688,71.06813301301213,158.78609918188297,0.0018194226987826923,0.22512255274157258,0.25539395953602106
3689,71.06813301301213,158.78126288022082,0.0018147098967681865,0.22482705534506386,0.27525446727366787
3690,67.6839362028687,158.77654378429395,0.001859267724503856,0.2285404755288785,0.32139204212982325
3691,64.46089162177971,158.77187138274763,0.00193291422801471,0.234901965933347,0.37381080556243546
3692,61.39132535407591,158.76720806974723,0.00202561213053943,0.24326706060544942,0.4047738358201757
3693,58.46792890864372,158.76252576083894,0.0021355565900665775,0.2532324236946229,0.41836052582217903
3694,55.68374181775592,158.75780667663926,0.0022599459234182028,0.26437639285176867,0.4221085991084398
3695,53.03213506452945,158.75303766155344,0.0023980504550380035,0.2765066267637283,0.4156260167998
3696,50.506795299551854,158.7480791757561,0.0025417379198900848,0.2896548149935484,0.3812787107202035
3697,48.101709809097,158.7429395724378,0.0026857363042849494,0.30309609586294406,0.34660780158426224
3698,48.101709809097,158.73747325882218,0.0027732632000042833,0.3117606996455729,0.24150381542962363
3699,50.506795299551854,158.73175167888397,0.0027645421454319044,0.3122168851834416,0.14631153704007885
3700,53.03213506452945,158.72589079689686,0.0026969998525538446,0.30766296982565006,0.20319967893126223
3701,55.68374181775592,158.71996788930545,0.00259575443007018,0.299823959515406,0.3028486911715146
3702,55.68374181775592,158.71420197826632,0.0025269496260087406,0.29444297086365545,0.30630465737233586
3703,55.68374181775592,158.7090241356907,0.0024796430251822973,0.29075366022226573,0.3125004008672637
3704,55.68374181775592,158.70374279967024,0.0024555393403721975,0.28894141886377306,0.2922448710676329
3705,55.68374181775592,158.69848958614872,0.0024424638795064227,0.2881590278005486,0.28353201735860806
3706,55.68374181775592,158.69324659539046,0.0024377108402565462,0.28807906986878995,0.27202774651553935
3707,55.68374181775592,158.68800947968018,0.0024349792565422235,0.288279292476799,0.251580045231196
3708,55.68374181775592,158.6827600357826,0.002440711205583895,0.2887190729725768,0.2205042174147983
3709,58.46792890864372,158.6773316023993,0.002403744535540141,0.2848911045398728,0.251331362647652
3710,58.46792890864372,158.67192800637764,0.0023927463950682002,0.28294706813310433,0.21848087634467606
3711,61.39132535407591,158.6663597368244,0.002348252260423609,0.2777852686713646,0.26827644501200837
3712,61.39132535407591,158.66082960771266,0.002332167662247681,0.2750052593847794,0.2290096947429552
3713,64.46089162177971,158.65530919718844,0.0022837249626836927,0.2693943454063875,0.28441520822594657
3714,64.46089162177971,158.6496691303971,0.002265267250095546,0.26644772422647767,0.22766046723493286
3715,64.46089162177971,158.6441241944776,0.002227059041441364,0.262833959393739,0.15367705277059862
3716,67.6839362028687,158.63830590028107,0.002160749158692858,0.2565499613033649,0.21823301319506383
3717,67.6839362028687,158.6325910045643,0.002122349901013474,0.2528039272420311,0.17657111284972032
3718,71.06813301301213,158.62678325917238,0.002054125364154914,0.24619337801264957,0.25021619036072285
3719,71.06813301301213,158.62091798759252,0.002014050137959009,0.24219725771806366,0.19983114180302175
3720,74.62153966366274,158.61547335200686,0.0019456886434772416,0.23545478860328764,0.26815782282201467
3721,74.62153966366274,158.60997505656508,0.0019076354051645872,0.23153510191387566,0.20061623724698402
3722,74.62153966366274,158.6045240759428,0.001891219513008598,0.22962008940225942,0.16838260096949614
3723,78.35261664684589,158.59894357163842,0.0018439598066086501,0.22522062131978543,0.22267699126781154
3724,78.35261664684589,158.5934345400332,0.001820343162471162,0.22298166819591814,0.20862408079168943
3725,78.35261664684589,158.58796106058375,0.0018085957033150536,0.22196295753382464,0.20042860383238764
3726,78.35261664684589,158.58250444443752,0.0018030235808676033,0.2216656043991506,0.19736712179037158
3727,78.35261664684589,158.57705516082007,0.001800600701589931,0.22180271521522696,0.19372974385528963
3728,78.35261664684589,158.5716086816183,0.0017996740415957507,0.22217651583503353,0.1889550350249048
3729,78.35261664684589,158.56616333559592,0.0017992996063897495,0.2226819702236396,0.18139516343811515
3730,82.27024747918819,158.5605739228049,0.0017589556456679035,0.2195364439646611,0.18996149188890246
3731,82.27024747918819,158.55505631418296,0.0017363592919401644,0.21775607891077492,0.16601177139342357
3732,86.3837598531476,158.5496002002835,0.0016843023607599446,0.21300642686001317,0.2222562250360315
3733,86.3837598531476,158.54407406755308,0.0016562302658900327,0.2103419051595457,0.1819693040501351
3734,86.3837598531476,158.53860496632691,0.0016391374257485047,0.2087142075203326,0.16328531771888513
3735,90.70294784580499,158.5331948947577,0.0015905610413421694,0.20416291285830832,0.22278938964955167
3736,90.70294784580499,158.5277171547279,0.0015635490959090188,0.2014850326754981,0.18464494005436738
3737,90.70294784580499,158.52229953973125,0.0015463871931895037,0.199777013767315,0.16731372789037852
3738,90.70294784580499,158.51692356193092,0.0015345024012849329,0.1986672204647019,0.15890991200338286
3739,95.23809523809524,158.51160094055703,0.0014903339846736566,0.19444198631996348,0.21846614899614408
3740,95.23809523809524,158.50620859890466,0.0014658792841238623,0.1919947855130872,0.18329754908469326
3741,95.23809523809524,158.50087303067127,0.0014504457333741863,0.19045358319636047,0.1662038833099429
3742,95.23809523809524,158.4955766034707,0.0014398054525764949,0.18945356746788006,0.15795669005170274
3743,95.23809523809524,158.4903098721086,0.0014317327974639681,0.18881315103030055,0.151849720492102
3744,100.0,158.485089105486,0.0013922044327022635,0.18508253575919226,0.19772355742177342
3745,100.0,158.4797845294811,0.0013733530109609068,0.18309146180477287,0.15416319136124543
3746,100.0,158.4745188817541,0.0013632744924333196,0.1819374865865679,0.12967634834602032
3747,100.0,158.46927668097277,0.0013572040857780879,0.18128171427951897,0.11333626695333585
3748,100.0,158.46405148217642,0.0013528022773695704,0.18090471290027668,0.10418881487682842
3749,100.0,158.4588410638129,0.00134897562810119,0.18073053008007606,0.09805231090467306
3750,100.0,158.45364503923528,0.001345249081558069,0.18064146680564086,0.09795607089365073
3751,100.0,158.4484636863695,0.001341450580161041,0.18060542468420643,0.10089415230895876
3752,100.0,158.44329739091,0.0013375522225210546,0.18060105975244267,0.10588945999976299
3753,100.0,158.43814642685632,0.0013335829265353322,0.180613644964745,0.11197981315570431
3754,100.0,158.4330109017333,0.001329585792350812,0.18063315003748343,0.11834861456901356
3755,100.0,158.42789077780967,0.0013255984268423918,0.18064583595222317,0.12434967088874532
3756,100.0,158.42278591341292,0.0013216477402350731,0.18065484800525639,0.1295897850943629
3757,100.0,158.41769611374164,0.0013177474877184162,0.18065398502902322,0.13381242900813212
3758,100.0,158.41262117925746,0.0013138988955784569,0.18063916081071305,0.1368940183572758
3759,100.0,158.40756093837055,0.0013100947280107356,0.18060780047607025,0.13882645078530617
3760,100.0,158.4025152552477,0.0013063257275980592,0.1805579066356801,0.13963457525711095
3761,100.0,158.3974840464684,0.0013025783247387482,0.1804885093681485,0.13944855733583428
3762,100.0,158.3924673119525,0.0012988309426414269,0.18036283573797032,0.13834461535248452
3763,100.0,158.38746509605897,0.0012950720760012283,0.1802483056810478,0.13681826224563806
3764,100.0,158.38247745057532,0.001291299801566264,0.1802098412691116,0.13583255710380765
3765,100.0,158.37750455725322,0.0012874804717561872,0.18010452977842606,0.13341741543450822
3766,100.0,158.3725466840682,0.00128359176309892,0.1799625412012272,0.13099065408348368
3767,100.0,158.36760415443584,0.0012796193222890334,0.17979766488741758,0.1287442482661251
3768,100.0,158.36268692089618,0.0012730701721129951,0.17939983032122608,0.13353150189617563
3769,100.0,158.3577927501909,0.001267099211703224,0.1789774218417284,0.133382539232303
3770,100.0,158.35291571759868,0.0012626621597892,0.1785581122244999,0.13224996224792177
3771,100.0,158.34804245033177,0.001261687318280923,0.17821722790748423,0.12871235358523694
3772,100.0,158.3431674869938,0.001262126430584893,0.17798860839000433,0.12430666348064805
