Agent,Type,Total_Generation,Total_Cost
Cons_Elec_01,PowerCons,805.5922847200003,1.5906267686457183e7
Gen_Conv_01,PowerGen,0.0,-0.0
Gen_VRES_01,PowerGen,1092.1242497363587,534137.1514743293
Prod_H2_Green,H2Prod,183.01149089965497,187272.03079616505
Offtaker_Green,Offtaker,191.02490142178036,72808.03190610139
Offtaker_Grey,Offtaker,55.931830407003595,10746.052363795116
Demand_GC_Elec_01,GC_Demand,201.39807118000007,192155.31463285512
