iter,elec_rho,elec_price_mean,elec_imb_mean,H2_rho,H2_price_mean,H2_imb_mean,elec_GC_rho,elec_GC_price_mean,elec_GC_imb_mean,H2_GC_rho,H2_GC_price_mean,H2_GC_imb_mean,EP_rho,EP_price_mean,EP_imb_mean,cap_rho_Green_Coalition
1,1.0,105.07542434704713,-0.455175179008616,0.5,85.05542209378417,0.0,0.3,7.011871554003391,-0.403014658250689,1.0,120.26148626928985,-0.3592130588446403,3.0,213.17807595324655,-0.5261141514355897,0.1
2,1.0,105.35182405762944,-0.27639971058230556,0.5,85.05542209378417,0.0,0.3,7.0607313021506535,-0.16286582715754935,1.0,121.09435592234351,-0.832869653053571,3.0,214.3094962224382,-0.3771400897305913,0.1
3,0.9523809523809523,105.2456108582431,0.13120454041844645,0.5,85.05542209378417,0.0,0.3,7.032670793221632,0.11004121148636682,1.05,122.30518872539,-1.3566754095759674,2.9702970297029703,214.57976544557735,-0.10704780994919842,0.10500000000000001
4,0.9070294784580498,105.09306872332733,0.19209332238105156,0.5,85.05542209378417,0.0,0.3,7.010641606952138,0.08387278229390814,1.1025,123.73162963088755,-1.790759793169059,2.9408881482207625,214.86614343812747,-0.11122565779573021,0.11025000000000001
5,0.863837598531476,105.0539327771905,0.05024008433088763,0.5,85.05542209378417,0.0,0.3,7.0283001631197335,-0.0700721091226796,1.1576250000000001,125.22723203807384,-2.1037371736726502,2.9117704437829333,215.64326092132373,-0.295962148325607,0.11576250000000002
6,0.8227024747918819,105.11632758934398,-0.08165355131233434,0.5,85.05542209378417,0.0,0.2857142857142857,7.056787738048103,-0.1179376499422943,1.2155062500000002,126.7156757869794,-2.345846157614247,2.8829410334484487,216.7865845312391,-0.42697535909508566,0.12155062500000002
7,0.7835261664684589,105.15692112003777,-0.06562265484060598,0.5,85.05542209378417,0.0,0.27210884353741494,7.067445694604879,-0.05221590663312915,1.2762815625000004,128.16809111639435,-2.564777529402486,2.854397062820246,217.69692955693782,-0.40396348678845057,0.12762815625000004
8,0.7462153966366274,105.1376463373534,0.0384907907618417,0.5,85.05542209378417,0.0,0.2591512795594428,7.066818539774999,0.0032778867525696488,1.3400956406250004,129.54951814072786,-2.7332452308185387,2.8261357057626197,218.498842744469,-0.35940558203076245,0.13400956406250006
9,0.7106813301301212,105.08460928871271,0.13083292934647145,0.5,85.05542209378417,0.0,0.24681074243756454,7.0675530673120015,-0.004037480512793592,1.4071004226562505,130.83625333516645,-2.8525391019416815,2.7981541641214056,219.2476221145368,-0.329075448578408,0.14071004226562506
10,0.6768393620286869,105.0167746981038,0.17570261447888752,0.5,85.05542209378417,0.0,0.23505784994053763,7.074789586583246,-0.0418306067139698,1.477455443789063,132.01561790576002,-2.929424292625951,2.770449667446936,219.96168616553186,-0.3077251060238228,0.14774554437890633
11,0.644608916217797,104.94930413914703,0.18349769900235738,0.5,85.05542209378417,0.0,0.22386461899098822,7.083868455801505,-0.06311417464517846,1.5513282159785162,133.27110468353317,-2.97000408006877,2.743019472719739,220.62574106757762,-0.2806169478400159,0.15513282159785166
12,0.6139132535407591,104.8921669179973,0.1584117908869442,0.5,85.05542209378417,0.0,0.2132043990390364,7.090568365664394,-0.05609017636459957,1.628894626777442,134.58342756221398,-2.9566254020445037,2.7158608640789494,221.28608057232378,-0.27362850549179585,0.16288946267774426
13,0.6139132535407591,104.84919267242017,0.11914522734764912,0.5,85.05542209378417,0.0,0.20305180860860608,7.092027836497071,-0.012854352486238637,1.7103393581163142,135.92944729861847,-2.888136614894983,2.6889711525534152,221.9754618266514,-0.28851932163642124,0.17103393581163148
14,0.6139132535407591,104.81284675740704,0.10076831481815067,0.5,85.05542209378417,0.0,0.1933826748653391,7.088820420771932,0.029413925362772052,1.79585632602213,137.32773861374267,-2.7741979148596627,2.6623476757954605,222.71579060030385,-0.3129402573154977,0.17958563260221305
15,0.6139132535407591,104.78235007285487,0.09947228421056901,0.5,85.05542209378417,0.0,0.1841739760622277,7.083927691337019,0.04713598337164932,1.8856491423232367,138.75927981173436,-2.6261353636886016,2.6359877978172874,223.52709348096494,-0.33628227234817204,0.18856491423232372
16,0.6139132535407591,104.75637272689389,0.09968396771121636,0.5,85.05542209378417,0.0,0.17540378672593115,7.079735960653558,0.0423711345114542,1.9799315994393987,140.2083877269918,-2.4580316002143565,2.6098889087299875,224.3688231389334,-0.34211942550462254,0.1979931599439399
17,0.6139132535407591,104.73598663100161,0.09203344409632244,0.5,85.05542209378417,0.0,0.16705122545326775,7.076650898583999,0.03260712304749272,2.0789281794113688,141.65981378147873,-2.276434318600179,2.584048424485136,225.19631346881894,-0.32980116150095523,0.2078928179411369
18,0.6139132535407591,104.72194080245347,0.07460020982840844,0.5,85.05542209378417,0.0,0.15909640519358834,7.073761001154176,0.031936996557858734,2.1828745883819374,143.09507153625788,-2.081438520782432,2.5584637866189466,225.96787832571061,-0.3105868510529523,0.21828745883819375
19,0.6139132535407591,104.71404597434145,0.04933060472432978,0.5,85.05542209378417,0.0,0.15152038589865555,7.070028078209971,0.04331501662265386,2.2920183178010345,144.4892736434407,-1.8695319718614836,2.533132461998957,226.71088273009337,-0.3020809853852857,0.22920183178010345
20,0.6139132535407591,104.71140939840015,0.019381845154170484,0.5,85.05542209378417,0.0,0.14430512942729098,7.065116506368025,0.060195142557842495,2.406619233691086,145.81691173194756,-1.6461156408044297,2.508051942573225,227.4498904732208,-0.30346063602559314,0.24066192336910863
21,0.6139132535407591,104.71272175505251,-0.011349788954994734,0.5,85.05542209378417,0.0,0.13743345659741998,7.0593355395370825,0.07529279313842897,2.5269501953756404,147.05814600859458,-1.4230097456853066,2.4832197451220046,228.17965721300715,-0.3026626390264657,0.25269501953756407
22,0.644608916217797,104.71810196293121,-0.05213468337906391,0.5,85.05542209378417,0.0,0.13088900628325711,7.051154009419479,0.11525470808258892,2.6532977051444226,148.20264794120635,-1.2132327381636154,2.4586334110118857,228.8985062112768,-0.2923774626384029,0.2653297705144423
23,0.6768393620286869,104.7278874012384,-0.09638366064555114,0.5,85.05542209378417,0.0,0.12465619646024487,7.041259078388301,0.15287469935167944,2.785962590401644,149.24909688317874,-1.0256970583654885,2.434290505952362,229.54505652631767,-0.26560113242844674,0.27859625904016444
24,0.7106813301301212,104.7419382241586,-0.1318061257974842,0.5,85.05542209378417,0.0,0.12465619646024487,7.032889874818765,0.13418859108757925,2.9252607199217264,150.19566266257843,-0.8578776286362046,2.410188619754814,230.1145970172976,-0.2363053606310397,0.2925260719921727
25,0.7462153966366274,104.75920456697828,-0.15425700494819927,0.5,85.05542209378417,0.0,0.12465619646024487,7.027232283581195,0.09318949971205498,3.071523755917813,151.03831825428955,-0.7061518906739574,2.386325366093875,230.6257671072668,-0.21420804439836594,0.3071523755917813
26,0.7835261664684587,104.77924266024102,-0.17049499319272304,0.5,85.05542209378417,0.0,0.1187201871049951,7.0220196491332265,0.09303826404466851,3.225099943713704,151.77430923392356,-0.5702876767115669,2.3626983822711636,231.09674022500653,-0.19933696204041415,0.3225099943713704
27,0.8227024747918817,104.80175969000807,-0.18246393608846256,0.5,85.05542209378417,0.0,0.11306684486190009,7.015628802134628,0.11944909807566823,3.386354940899389,152.40642327957465,-0.4528875814935233,2.33930532898135,231.528572477358,-0.1845984989652996,0.3386354940899389
28,0.8638375985314759,104.82583334299808,-0.18578841695035078,0.5,85.05542209378417,0.0,0.11306684486190009,7.009448922224783,0.11352863259505948,3.5556726879443583,152.95630080994454,-0.36427923961392406,2.3161438900805447,231.8330535500646,-0.15465922831815146,0.3555672687944359
29,0.9070294784580497,104.85184286475118,-0.18560192707281914,0.5,85.05542209378417,0.0,0.11306684486190009,7.005462918436174,0.08331115551341926,3.7334563223415764,153.43537222266832,-0.2934554505742256,2.2932117723569747,232.05633688621762,-0.13476412580895297,0.37334563223415773
30,0.9523809523809522,104.87897971178816,-0.18442517403783146,0.5,85.05542209378417,0.0,0.11306684486190009,7.002887043993787,0.05509916122215402,3.9201291384586554,153.8450403847995,-0.2320318559722323,2.2705067053039354,232.2854816888812,-0.13561637960206888,0.3920129138458656
31,0.9999999999999999,104.90714547274106,-0.18230265988936495,0.5,85.05542209378417,0.0,0.11306684486190009,7.0009689586184525,0.041111303363927924,4.116135595381588,154.19990427717502,-0.18584491747654244,2.2480264408949857,232.52373683433174,-0.13827019417834488,0.4116135595381589
32,1.0499999999999998,104.93708447336864,-0.17917701279450607,0.5,85.05542209378417,0.0,0.1076827093922858,6.997817234111263,0.07081871829735124,4.321942375150668,154.52512749999855,-0.1574867069412093,2.225768753361372,232.75345947310024,-0.13072968944405625,0.4321942375150669
33,1.0499999999999998,104.96506102195167,-0.1625555878934924,0.5,85.05542209378417,0.0,0.1076827093922858,6.99497734161894,0.06429728815842661,4.538039493908202,154.84374530234254,-0.14266119802801766,2.2037314389716554,232.95026027303106,-0.11311460059471325,0.4538039493908203
34,1.0499999999999998,104.98961510244509,-0.14266959978825683,0.5,85.05542209378417,0.0,0.1076827093922858,6.993528968116745,0.03430276109231158,4.764941468603612,155.1669161676553,-0.13379549983634545,2.1819123158135203,233.09242529285257,-0.09709279538871982,0.47649414686036135
35,0.9999999999999998,105.00991052673942,-0.12382125510653243,0.5,85.05542209378417,0.0,0.10255496132598647,6.993420265639253,0.00273120932624362,5.003188542033793,155.47903657523028,-0.11948267767296385,2.160309223577743,233.21194628415768,-0.09699311107681179,0.5003188542033794
36,0.9523809523809521,105.02714909615206,-0.11043013112029884,0.5,85.05542209378417,0.0,0.09767139173903473,6.9940756436278155,-0.01732386651537758,5.253347969135483,155.75916313186076,-0.09915406887423042,2.1389200233443,233.32852102066153,-0.11240964950696271,0.5253347969135485
37,0.9523809523809521,105.04438085689661,-0.11038651484933464,0.5,85.05542209378417,0.0,0.09302037308479498,6.993909235517089,0.004694874829276442,5.516015367592257,155.99885527258803,-0.07844829843982679,2.117742597370594,233.46746632075366,-0.13532074686124673,0.5516015367592259
38,0.9523809523809521,105.06315414915849,-0.120261552824495,0.5,85.05542209378417,0.0,0.08859083150932855,6.9923425139924325,0.047821967670237955,5.791816135971871,156.16754981703747,-0.0640639296041286,2.0967748488817763,233.62128279332356,-0.1513020270081151,0.5791816135971871
39,0.9523809523809521,105.08398414975086,-0.13343680914490044,0.5,85.05542209378417,0.0,0.08859083150932855,6.990523918975821,0.05694934455463953,6.081406942770465,156.31705773607146,-0.06216367504012,2.0760147018631447,233.77580891308017,-0.14904861581771967,0.6081406942770465
40,0.9523809523809521,105.10474388868374,-0.14531817253010135,0.5,85.05542209378417,0.0,0.08859083150932855,6.989225464616497,0.04154381443212648,6.081406942770465,156.53286587266214,-0.07104370061778412,2.0554601008545985,233.9094685235959,-0.13021098160755215,0.6385477289908988
41,0.9523809523809521,105.12667415616664,-0.15351187238041827,0.5,85.05542209378417,0.0,0.08859083150932855,6.9887418897756834,0.015669636762676867,5.791816135971871,156.77148623199813,-0.0800787583043838,2.035109010747127,234.02403254343773,-0.1127241681848423,0.6704751154404438
42,0.9523809523809521,105.14941289839626,-0.15917119560724668,0.5,85.05542209378417,0.0,0.0843722204850748,6.988131329168381,0.021269637517645705,5.516015367592257,156.96135726351002,-0.08431409316407511,2.014959416581314,234.12896930434135,-0.10428403430875359,0.7039988712124661
43,0.9523809523809521,105.17272724714837,-0.1632004412647876,0.5,85.05542209378417,0.0,0.08035449570007124,6.986887961895263,0.04536984908674542,5.516015367592257,157.12820590510327,-0.08632020744776243,1.9950093233478357,234.2266787033946,-0.09807264430273427,0.7391988147730894
44,0.9999999999999998,105.19796261864259,-0.16823580996141174,0.5,85.05542209378417,0.0,0.08035449570007124,6.984971274990647,0.06721654773034308,5.516015367592257,157.28388455677538,-0.08919093850741606,1.9752567557899363,234.31809560815609,-0.09267432455325135,0.7761587555117438
45,1.0499999999999998,105.22494570077174,-0.17132115637585682,0.5,85.05542209378417,0.0,0.0843722204850748,6.983631966720342,0.04892084597165899,5.791816135971871,157.43228454077007,-0.09169150647718531,1.9556997582078577,234.4074861501672,-0.08886047623000858,0.8149666932873311
46,1.1024999999999998,105.25363974975463,-0.17350898855842775,0.5,85.05542209378417,0.0,0.0843722204850748,6.982627309465909,0.04036432008627217,6.081406942770465,157.5755550587936,-0.09391761672717536,1.9363363942652057,234.49527119989506,-0.08557004776321027,0.8557150279516976
47,1.157625,105.28381389274507,-0.1737703947906973,0.5,85.05542209378417,0.0,0.0843722204850748,6.981587119730623,0.042026119111074844,6.081406942770465,157.71689146839572,-0.0975277731661644,1.9171647467972333,234.58078784512898,-0.08174026087178174,0.8985007793492825
48,1.21550625,105.31507853383496,-0.17147665065416892,0.5,85.05542209378417,0.0,0.0843722204850748,6.980495602798019,0.04960825327203469,6.081406942770465,157.86342118988807,-0.10178116134438536,1.898182917621023,234.66346845991058,-0.07749491572009512,0.9434258183167467
49,1.2762815625000001,105.34697026369238,-0.16658669891496308,0.5,85.05542209378417,0.0,0.0843722204850748,6.979196052141093,0.05982317010400526,6.081406942770465,158.0130294611679,-0.10524456002018791,1.8793890273475475,234.74391700990478,-0.07393871233320416,0.990597109232584
50,1.3400956406250002,105.37888084349892,-0.15874777311487884,0.5,85.05542209378417,0.0,0.08859083150932855,6.978205004722802,0.04324585373705449,6.385477289908988,158.1678295416866,-0.1058052309979457,1.8607812151955916,234.82396835440358,-0.07214503388260225,1.0401269646942133
51,1.4071004226562502,105.41057891956495,-0.14580731948978426,0.5,85.05542209378417,0.0,0.09302037308479498,6.977892161252032,0.014782897571373773,6.704751154404438,158.32825166343028,-0.10414508516641496,1.8423576388075165,234.90608653918167,-0.07257069813264236,1.092133312928924
52,1.4774554437890628,105.4401000721412,-0.12556054969721664,0.5,85.05542209378417,0.0,0.09767139173903473,6.978150539966327,-0.013130230968611276,7.03998871212466,158.49133764301374,-0.10092512673326558,1.824116474066848,234.99237617700533,-0.07477643489946068,1.1467399785753702
53,1.4774554437890628,105.46455565915264,-0.10098590596944133,0.5,85.05542209378417,0.0,0.09767139173903473,6.9788114229105735,-0.034229516849743756,7.391988147730893,158.65303989805165,-0.09601766997943195,1.8060559149176714,235.08299622202094,-0.07700422105002391,1.204076977504139
54,1.4774554437890628,105.48363700547687,-0.0787937351400128,0.5,85.05542209378417,0.0,0.09767139173903473,6.979599120425647,-0.04671254952969238,7.761587555117438,158.81132954236716,-0.09033867211472853,1.7881741731858132,235.17269962815902,-0.07698756189253592,1.264280826379346
55,1.4774554437890628,105.49871466967473,-0.06226109306686694,0.5,85.05542209378417,0.0,0.09767139173903473,6.980369514197648,-0.05190580987429158,8.149666932873311,158.96364093683798,-0.08412273803562198,1.7704694784017951,235.25843036637517,-0.07431381712974457,1.3274948676983134
56,1.4774554437890628,105.5103145789212,-0.047900193271745134,0.5,85.05542209378417,0.0,0.09767139173903473,6.981155356059862,-0.0527979810391624,8.557150279516977,159.10804344594138,-0.07776155089511488,1.7529400776255397,235.33849795573158,-0.07009888868841259,1.3938696110832292
57,1.4071004226562502,105.51711120412293,-0.029468992949215025,0.5,85.05542209378417,0.0,0.09767139173903473,6.9821823566204735,-0.06954918890155239,8.985007793492827,159.23929320401436,-0.07031385509882145,1.7355842352728117,235.41113484632882,-0.06422927183224571,1.4635630916373907
58,1.3400956406250002,105.51886941798809,-0.008004477219315485,0.5,85.05542209378417,0.0,0.09767139173903473,6.98363932168649,-0.09452609310458106,8.985007793492827,159.34660860587798,-0.06352377345776383,1.7184002329433778,235.4737457100255,-0.05591738099570133,1.5367412462192602
59,1.2762815625000001,105.51609796212755,0.013248250697243252,0.5,85.05542209378417,0.0,0.10255496132598647,6.986412584970051,-0.1432609936674236,8.985007793492827,159.4358084317922,-0.05797323328269734,1.701386369250869,235.51655612383433,-0.04543065530167701,1.6135783085302233
60,1.21550625,105.50947553031409,0.033239720699138074,0.5,85.05542209378417,0.0,0.1076827093922858,6.990872107283452,-0.19488250250167252,8.557150279516977,159.5129474846414,-0.05319437221165384,1.6845409596543257,235.54460546037714,-0.03536914950197922,1.6942572239567346
61,1.157625,105.49988112287227,0.050564687452480724,0.5,85.05542209378417,0.0,0.11306684486190009,6.996570592369703,-0.2341612169760605,8.149666932873311,159.57735354736462,-0.04774216834851729,1.6678623362914116,235.56307284829413,-0.02767004996967428,1.7789700851545713
62,1.1024999999999998,105.48797548522064,0.06588266059664946,0.5,85.05542209378417,0.0,0.1187201871049951,7.002660713625217,-0.2567259893185365,7.761587555117439,159.6293197068794,-0.04140634327891128,1.6513488478132787,235.57815686869887,-0.02282669082479324,1.8679185894123
63,1.0499999999999998,105.47429531600473,0.0794875730570258,0.5,85.05542209378417,0.0,0.12465619646024487,7.0083654599232625,-0.2694461651445726,7.391988147730894,159.67166335020983,-0.03512736767716694,1.634998859221068,235.59156273184,-0.020490001989075936,1.961314518882915
64,0.9999999999999998,105.45929955210718,0.0914883217098483,0.5,85.05542209378417,0.0,0.13088900628325711,7.013896488057167,-0.28171595109306546,7.039988712124661,159.7051524595462,-0.02924940093301406,1.6188107517040278,235.60399634534883,-0.01919402059198363,2.059380244827061
65,0.9523809523809521,105.44315683921043,0.10341008346756617,0.5,85.05542209378417,0.0,0.13743345659741998,7.020027991889462,-0.2974289756461439,6.7047511544044385,159.73178577142764,-0.02408670786505633,1.6027829224792354,235.61550654490898,-0.017946213084959497,2.162349257068414
66,0.9070294784580496,105.4258958814742,0.11610222805972796,0.5,85.05542209378417,0.0,0.14430512942729098,7.0268096928517565,-0.31330376077464334,6.385477289908989,159.7499370274659,-0.019768915540753735,1.5869137846329062,235.62573209029676,-0.01610266734607519,2.270466719921835
67,0.8638375985314758,105.40741524491682,0.13052145012604197,0.5,85.05542209378417,0.0,0.15152038589865555,7.034252454279116,-0.3274701897138164,6.081406942770466,159.76287510017934,-0.016574635798412105,1.5712017669632734,235.63398390491938,-0.013124482170913707,2.3839900559179266
68,0.8227024747918816,105.38765181799964,0.14656035733992137,0.5,85.05542209378417,0.0,0.15909640519358834,7.042352560204472,-0.3394212842415285,5.791816135971872,159.7724721590857,-0.014286354042139137,1.5556453138250232,235.63973218833044,-0.009234050818696776,2.503189558713823
69,0.7835261664684586,105.36664131501946,0.16359876146237415,0.5,85.05542209378417,0.0,0.16705122545326775,7.051097168299033,-0.34897910589338343,5.516015367592258,159.77968991688883,-0.012470533590813323,1.5402428849752705,235.64280404473328,-0.004983980932272658,2.6283490366495146
70,0.7462153966366273,105.34425716109257,0.1830094622380594,0.5,85.05542209378417,0.0,0.17540378672593115,7.060467038857549,-0.35612574214855813,5.253347969135484,159.7849941208887,-0.0106908181633502,1.52499295542106,235.64336920152,-0.0009261168432943458,2.7597664884819904
71,0.7106813301301211,105.32033789029522,0.20533836324861834,0.5,85.05542209378417,0.0,0.1841739760622277,7.070445356522958,-0.36119173398810334,5.003188542033794,159.78863760953374,-0.008627592977147467,1.5098940152683762,235.64186706371055,0.002486153773190599,2.89775481290609
72,0.6768393620286868,105.2947077526365,0.23102681889113177,0.5,85.05542209378417,0.0,0.1933826748653391,7.0810069179823545,-0.3640988510389385,4.764941468603613,159.7907989089326,-0.006057997489348141,1.4949445695726498,235.63883050987044,0.005075987793237778,3.0426425535513943
73,0.6446089162177969,105.26641808491398,0.2599509328202646,0.5,85.05542209378417,0.0,0.20305180860860608,7.092151934296393,-0.3659170005398889,4.538039493908203,159.79169003549168,-0.0029806576009762625,1.4801431381907424,235.63492344988967,0.0065964615523286495,3.194774681228964
74,0.613913253540759,105.23543087287538,0.2902672992087873,0.5,85.05542209378417,0.0,0.2132043990390364,7.103904357004604,-0.367485310221284,4.321942375150669,159.79157606784707,0.00043537258057024054,1.4654882556343984,235.63089902600234,0.006862558330342871,3.3545134152904126
75,0.613913253540759,105.20311530944248,0.30271039899924773,0.5,85.05542209378417,0.0,0.22386461899098822,7.115889509880369,-0.3465210597850536,4.116135595381589,159.7909486853328,0.0024856251949804393,1.450978470925147,235.6280216811859,0.004955592816136089,3.5222390860549333
76,0.613913253540759,105.17549916306015,0.29989194969677874,0.5,85.05542209378417,0.0,0.23505784994053763,7.12760937545542,-0.3133157036146488,3.9201291384586563,159.79025283133365,0.0029029659927679043,1.4366123474506405,235.6274770166741,0.000947445325904618,3.69835104035768
77,0.613913253540759,105.14990338876163,0.27795212815333215,0.5,85.05542209378417,0.0,0.23505784994053763,7.137332796148404,-0.2523721245590478,3.9201291384586563,159.78967796039169,0.0024273039450905644,1.4223884628224164,235.62937151991952,-0.003328448224521452,3.8832685923755643
78,0.613913253540759,105.12736290873406,0.2447737786797435,0.5,85.05542209378417,0.0,0.23505784994053763,7.144225886952717,-0.17891069675902413,3.9201291384586563,159.78951006910913,0.0007051980487071279,1.4083054087350657,235.63340435457047,-0.007156130336271913,4.077432021994342
79,0.6446089162177969,105.1095004615224,0.18473678910577607,0.5,85.05542209378417,0.0,0.22386461899098822,7.146120971676949,-0.05014215704032612,3.9201291384586563,159.79029882433474,-0.003324533785466678,1.3943617908267978,235.63947050119143,-0.010871816231406622,4.281303623094059
80,0.6768393620286868,105.0983884026985,0.10945047867379781,0.5,85.05542209378417,0.0,0.2132043990390364,7.142746091580367,0.09103005474794085,3.9201291384586563,159.79226320702497,-0.008225336391354827,1.380556228541384,235.64664600889824,-0.01261031641638463,4.495368804248763
81,0.7106813301301211,105.09475927691003,0.03404362953876539,0.5,85.05542209378417,0.0,0.20305180860860608,7.134914261012961,0.22380063542164505,3.9201291384586563,159.7955737377076,-0.013870977863986066,1.3668873549914693,235.65397072881962,-0.01262259130542647,4.720137244461201
82,0.7462153966366272,105.09751719457148,-0.024639156235337176,0.5,85.05542209378417,0.0,0.20305180860860608,7.125845048991485,0.2933790918299708,3.9201291384586563,159.80041499275555,-0.02027843050682615,1.3533538168232369,235.6608563722877,-0.011635530221042483,4.9561441066842615
83,0.7835261664684585,105.1039846903908,-0.05502897113174985,0.5,85.05542209378417,0.0,0.2132043990390364,7.116538019946476,0.2783839227844896,3.9201291384586563,159.80684404140447,-0.026930825485853117,1.3399542740824126,235.6669537219586,-0.010103384885786918,5.203951312018475
84,0.8227024747918815,105.11126834488891,-0.0590221837686362,0.5,85.05542209378417,0.0,0.22386461899098822,7.109196520580761,0.22810839133644467,3.9201291384586563,159.81528866059762,-0.03523386139561336,1.3266874000815967,235.67413885084773,-0.011674667166699888,5.464148877619399
85,0.8638375985314757,105.11791070296951,-0.051262398487063564,0.5,85.05542209378417,0.0,0.22386461899098822,7.103612037080555,0.18192344220863318,4.116135595381589,159.82577105370015,-0.04206472711248082,1.3135518812689075,235.68272959909947,-0.013687530077824544,5.73735632150037
86,0.9070294784580495,105.12334805293656,-0.0399645222576669,0.5,85.05542209378417,0.0,0.22386461899098822,7.099040247605273,0.14808957432012665,4.321942375150669,159.8380673997457,-0.04761116592404964,1.3005464170979282,235.6929077737593,-0.015901867937835826,6.024224137575389
87,0.952380952380952,105.12844743611821,-0.035695682271548276,0.5,85.05542209378417,0.0,0.2132043990390364,7.094614066048654,0.15193161591209975,4.538039493908203,159.8517252909617,-0.051094766413278106,1.2876697198989389,235.70383412783562,-0.016739314241802344,6.325435344454158
88,0.9999999999999997,105.13446038845665,-0.04008634892282613,0.5,85.05542209378417,0.0,0.20305180860860608,7.0895875829505535,0.18472347692319743,4.764941468603613,159.86651108702088,-0.053234953773911915,1.2749205147514246,235.71494141360296,-0.01668608635570171,6.641707111676866
89,1.0499999999999996,105.14211371356794,-0.04859254038926817,0.5,85.05542209378417,0.0,0.20305180860860608,7.08407949747859,0.19923178972202923,5.003188542033794,159.88227489806903,-0.05431400770901267,1.2622975393578462,235.7256025173973,-0.01570481634379893,6.97379246726071
90,1.1024999999999996,105.15198885413758,-0.059713624003778165,0.5,85.05542209378417,0.0,0.20305180860860608,7.078459078359899,0.20136963451679696,5.003188542033794,159.89766010227578,-0.05565929329042086,1.2497995439186596,235.7355051814555,-0.014304309082567733,7.322482090623746
91,1.1576249999999997,105.16452467493812,-0.07219275557323433,0.5,85.05542209378417,0.0,0.20305180860860608,7.073011403372182,0.19526692818160118,5.003188542033794,159.9144810053722,-0.05747653824860379,1.237425291008574,235.7448349975115,-0.013215149178269157,7.688606195154933
92,1.2155062499999998,105.17972097808537,-0.08334690804596463,0.5,85.05542209378417,0.0,0.20305180860860608,7.06797162772971,0.18483351669990197,5.003188542033794,159.9313774981809,-0.05958146380148414,1.2251735554540335,235.7542229722887,-0.0130393232493632,8.07303650491268
93,1.2762815625,105.19719667616991,-0.08862567460546607,0.5,85.05542209378417,0.0,0.20305180860860608,7.063409330619274,0.17297261262418048,5.003188542033794,159.94873308531015,-0.061909856966015364,1.2130431242119144,235.76420981097917,-0.013601766712196432,8.476688330158314
94,1.340095640625,105.2156488630858,-0.0865259432449031,0.5,85.05542209378417,0.0,0.20305180860860608,7.05939716910978,0.15939717543150678,5.003188542033794,159.96655585373725,-0.06408928161245378,1.2010327962494203,235.7746183960645,-0.013900906830849715,8.90052274666623
95,1.340095640625,105.2328891700349,-0.07848854281170284,0.5,85.05542209378417,0.0,0.20305180860860608,7.056064527052854,0.1348771243731484,5.003188542033794,159.98467358192815,-0.0658555742529694,1.1891413824251686,235.78565375201757,-0.014451799614045295,9.345548883999541
96,1.340095640625,105.2480753335683,-0.06913681120393009,0.5,85.05542209378417,0.0,0.20305180860860608,7.053659099734261,0.09795208260808216,5.003188542033794,160.00276693746906,-0.06678466169217177,1.1773677053714542,235.79604848058403,-0.01374896834087988,9.812826328199518
97,1.340095640625,105.26215370362134,-0.06409344995358492,0.5,85.05542209378417,0.0,0.1933826748653391,7.051638051328359,0.08572858526019751,5.003188542033794,160.02051088660437,-0.06681288481618314,1.1657105993776773,235.8051070836181,-0.012101509913180703,10.303467644609494
98,1.340095640625,105.27625723503733,-0.06420800004383015,0.5,85.05542209378417,0.0,0.1841739760622277,7.049648793473524,0.0881663978105636,5.003188542033794,160.0378251196837,-0.0651962833944526,1.154168910274928,235.81128335457922,-0.008333473276247597,10.81864102683997
99,1.340095640625,105.29132414494015,-0.06859389490215458,0.5,85.05542209378417,0.0,0.17540378672593115,7.047481815594405,0.1007101736358922,5.003188542033794,160.05443031130469,-0.06278243086372083,1.1427414953217108,235.81521306023936,-0.00535526667820005,11.359573078181969
100,1.340095640625,105.30771888965205,-0.07463902040758368,0.5,85.05542209378417,0.0,0.16705122545326775,7.0450504679043,0.11885129699493169,5.003188542033794,160.07017785959198,-0.05985269981646971,1.1314272230908027,235.81842259360613,-0.004417579244824863,11.927551732091068
101,1.340095640625,105.3240578403428,-0.074385011506729,0.5,85.05542209378417,0.0,0.16705122545326775,7.042804623738915,0.11152550442535676,5.003188542033794,160.08489237460776,-0.05632371798112884,1.1202249733572303,235.82141616625748,-0.004161535753015184,12.523929318695622
102,1.340095640625,105.33886778548938,-0.06742403236278546,0.5,85.05542209378417,0.0,0.16705122545326775,7.040815638409461,0.10047608094652251,5.003188542033794,160.0989070681984,-0.05362992972264004,1.1091336369873568,235.82554596949618,-0.005798485318743,13.150125784630404
103,1.2762815625,105.35071248851736,-0.056620636605725985,0.5,85.05542209378417,0.0,0.15909640519358834,7.039323994382367,0.07966761225765419,5.003188542033794,160.1118090765701,-0.04973708161011811,1.0981521158290661,235.83051125422574,-0.007041265705240107,13.807632073861924
104,1.2155062499999998,105.35983913343108,-0.045809022485787346,0.5,85.05542209378417,0.0,0.15152038589865555,7.038284030504196,0.05864787156114756,5.003188542033794,160.12335837401346,-0.045101803781100375,1.0872793226030357,235.8344061023858,-0.006562956937729483,14.498013677555022
105,1.1576249999999997,105.36700519527035,-0.03776675937143024,0.5,85.05542209378417,0.0,0.14430512942729098,7.03772599220694,0.033045867751263815,5.003188542033794,160.133160824827,-0.03921576029449631,1.0765141807950849,235.83626569325133,-0.003723307245870839,15.222914361432775
106,1.1024999999999996,105.37296123644563,-0.03295916193104794,0.5,85.05542209378417,0.0,0.13743345659741998,7.037314128605688,0.025831870264340473,5.003188542033794,160.14163537642497,-0.03360983219701257,1.065855624549589,235.83678785289777,-0.0012422735113756763,15.984060079504413
107,1.0499999999999996,105.3782384861867,-0.030663054507101814,0.5,85.05542209378417,0.0,0.13088900628325711,7.037091725086609,0.014683949171552864,5.003188542033794,160.14859508123004,-0.026798051084400774,1.0553025985639495,235.83582762188465,0.002714514062990266,16.783263083479635
108,0.9999999999999996,105.38300497699197,-0.029080095365349515,0.5,85.05542209378417,0.0,0.12465619646024487,7.036976739581319,0.008008173888541902,5.003188542033794,160.15361594906562,-0.01933264075333406,1.0448540579841084,235.83365081149194,0.007312054466355673,17.622426237653617
109,0.9523809523809519,105.3873507151258,-0.027838762048566796,0.5,85.05542209378417,0.0,0.1187201871049951,7.036938709552651,0.00279300375848314,5.003188542033794,160.15653992782399,-0.011258657418637904,1.0345089683010973,235.8304891265071,0.012619433526462921,18.503547549536297
110,0.9070294784580494,105.39128401784093,-0.02645653942487467,0.5,85.05542209378417,0.0,0.11306684486190009,7.036848737369066,0.006995366053345428,5.003188542033794,160.15737352725685,-0.0032097396098673533,1.0242663052486112,235.82668332985875,0.01804967103057772,19.42872492701311
111,0.8638375985314756,105.3949673525499,-0.026013940916769892,0.5,85.05542209378417,0.0,0.1076827093922858,7.036731025346176,0.009675680710088378,4.764941468603613,160.15607555986128,0.0052476573969160315,1.0141250547015952,235.82232602699207,0.024555224413203864,20.400161173363767
112,0.8227024747918814,105.39851533606709,-0.026310909251929467,0.5,85.05542209378417,0.0,0.10255496132598647,7.036570624995349,0.013958601518255648,4.538039493908203,160.15273470925945,0.014182344952712702,1.004084212575837,235.8174518221547,0.03236252349008184,21.420169232031956
113,0.7835261664684584,105.40190463537837,-0.02639085651936017,0.5,85.05542209378417,0.0,0.09767139173903473,7.036362229064737,0.01922529299431645,4.321942375150669,160.14740290103776,0.02376592971523928,0.9941427847285513,235.81120883176118,0.04186514914789178,22.491177693633556
114,0.7835261664684584,105.40671967468677,-0.03749241357959064,0.5,85.05542209378417,0.0,0.09302037308479498,7.035889689746331,0.045430632889473965,4.116135595381589,160.1401588232026,0.03291663795776772,0.9842997868599518,235.8034614771286,0.05247286606502423,23.615736578315236
115,0.7835261664684584,105.41330356111584,-0.051265582095362174,0.5,85.05542209378417,0.0,0.09302037308479498,7.035152666643787,0.07207796507154046,4.116135595381589,160.13130491901845,0.039059794661849494,0.9745542444157939,235.79464682356638,0.06029870314374135,24.796523407231
116,0.7835261664684584,105.42141986304084,-0.06319777036447133,0.5,85.05542209378417,0.0,0.09302037308479498,7.034412846583723,0.0731740474603487,4.116135595381589,160.12279211476792,0.04418235485290767,0.964905192490885,235.78498086886427,0.06678345034975143,26.03634957759255
117,0.7835261664684584,105.43020758479834,-0.06842579622980405,0.5,85.05542209378417,0.0,0.09302037308479498,7.033764485697888,0.06480598879083588,4.116135595381589,160.11487841896576,0.04832108071843606,0.9553516757335495,235.77485947798732,0.07062942463241768,27.338167056472177
118,0.7462153966366271,105.43751031863805,-0.059706049075556704,0.5,85.05542209378417,0.0,0.09302037308479498,7.033560577253935,0.02021662901059346,4.116135595381589,160.1066230725611,0.05348282768872808,0.9458927482510391,235.7646192708496,0.07217313771695914,28.705075409295787
119,0.710681330130121,105.44295746194702,-0.04676177216775166,0.5,85.05542209378417,0.0,0.08859083150932855,7.033646838940422,-0.008996864654085675,4.116135595381589,160.09692609762243,0.060004305482790406,0.9365274735158803,235.75438203687744,0.07287370462809083,30.0
120,0.6768393620286867,105.44664513052149,-0.03324017807579183,0.5,85.05542209378417,0.0,0.0843722204850748,7.033871373501284,-0.024668785911286316,4.321942375150669,160.08496753466983,0.06636181363194271,0.9272549242731488,235.74404265046098,0.0743368851132635,30.0
121,0.6446089162177968,105.44882182506582,-0.020601471756411548,0.5,85.05542209378417,0.0,0.08035449570007124,7.034123477315022,-0.0292294892396365,4.538039493908203,160.07048085918046,0.0725369683520038,0.9180741824486622,235.7333361594982,0.07774601201409975,30.0
122,0.6139132535407589,105.44991822104649,-0.010895759091687052,0.5,85.05542209378417,0.0,0.07652809114292498,7.034324333470829,-0.024628779419375624,4.764941468603613,160.05320644838338,0.07847302717284324,0.9089843390580814,235.72189200851224,0.08393361318568364,30.0
123,0.584679289086437,105.45009049049767,-0.0017975775133165777,0.5,85.05542209378417,0.0,0.07288389632659521,7.034428632563545,-0.013549392884639447,5.003188542033794,160.03296727090242,0.08395642394591586,0.8999844941169123,235.70933651363367,0.09300526813240977,30.0
124,0.5568374181775589,105.44951679445857,0.006285654520107885,0.5,85.05542209378417,0.0,0.06941323459675734,7.034423185498354,0.0007509656961071277,5.253347969135484,160.00969016188898,0.08881131395492309,0.8910737565513983,235.69534229861748,0.10469926433013615,30.0
125,0.5303213506452942,105.44876427025966,0.008657219416808273,0.5,85.05542209378417,0.0,0.06610784247310222,7.0343139873566844,0.01600587052375543,5.516015367592258,159.98339154015855,0.09294938061947414,0.8822512441102953,235.67964916873865,0.11858398223558667,30.0
126,0.5050679529955182,105.44827367602116,0.005926109847159417,0.5,85.05542209378417,0.0,0.06295984997438307,7.0341175111324095,0.030640217469649657,5.791816135971872,159.95415251648532,0.09635204934755483,0.8735160832775201,235.6620645757991,0.13420545063923828,30.0
127,0.5050679529955182,105.4491264293252,-0.010300793110971956,0.5,85.05542209378417,0.0,0.06295984997438307,7.033907009114663,0.033153858330651084,6.081406942770466,159.92327160079236,0.09708295957092139,0.8648674091856634,235.64255751283216,0.150366501345292,30.0
128,0.5050679529955182,105.45190137500383,-0.03662801757267861,0.5,85.05542209378417,0.0,0.06295984997438307,7.0337663217922985,0.022334666427869944,6.385477289908989,159.89173183231267,0.09607400157948737,0.8563043655303598,235.62128476120031,0.165616747877085,30.0
129,0.5050679529955182,105.45676834541518,-0.06424179007325889,0.5,85.05542209378417,0.0,0.06295984997438307,7.033653800593709,0.01800506011839267,6.7047511544044385,159.85959212408207,0.09345538501571451,0.8478261044855048,235.59865433099606,0.17794867826830496,30.0
130,0.5303213506452942,105.46492608212199,-0.10255086149685402,0.5,85.05542209378417,0.0,0.06295984997438307,7.033396889797221,0.04182916527579637,7.039988712124661,159.82815867731793,0.08892810456449843,0.8394317866193116,235.57509798535378,0.18708167451535868,30.0
131,0.5568374181775589,105.47702158485052,-0.14481190060942634,0.5,85.05542209378417,0.0,0.06295984997438307,7.032814752918284,0.08505436765181303,7.391988147730894,159.79833407265076,0.08325178733171855,0.8311205808111997,235.55049296722532,0.19161573476071908,30.0
132,0.584679289086437,105.49281135646852,-0.1800391190263356,0.5,85.05542209378417,0.0,0.06610784247310222,7.032167813892123,0.08833789250926216,7.391988147730894,159.77078564257891,0.0787221211251377,0.8228916641695047,235.52562886594177,0.18987351696947116,30.0
133,0.6139132535407589,105.51150458754753,-0.2029953577447831,0.5,85.05542209378417,0.0,0.06941323459675734,7.031696828118934,0.06837426127281171,7.391988147730894,159.74554949682963,0.0747934328675638,0.8147442219500046,235.5014116629298,0.1813425674151105,30.0
134,0.6446089162177968,105.53192400634443,-0.21118147022310976,0.5,85.05542209378417,0.0,0.07288389632659521,7.03146193889527,0.03862629754076599,7.391988147730894,159.71876431765253,0.07128875486686985,0.806677447475252,235.47876295488336,0.16630425468721358,30.0
135,0.6768393620286867,105.5533581610366,-0.21112005688677368,0.5,85.05542209378417,0.0,0.07288389632659521,7.031195817390204,0.044532906353155904,7.039988712124661,159.6923553855168,0.06966049220051898,0.798690542054705,235.45856639393307,0.14541911602152816,30.0
136,0.710681330130121,105.57522732532595,-0.20514740209789248,0.5,85.05542209378417,0.0,0.07288389632659521,7.030796301118582,0.0719169863094504,6.7047511544044385,159.66689751925912,0.06885376184162392,0.7907827149056486,235.44148142273735,0.12062643026684125,30.0
137,0.7462153966366271,105.59704900756094,-0.1949542748946128,0.5,85.05542209378417,0.0,0.07288389632659521,7.030139582483269,0.11041192549290584,6.385477289908989,159.64295432638878,0.06830886187208482,0.7829531830748996,235.42789135344555,0.0940879584165893,30.0
138,0.7835261664684584,105.6181799885795,-0.17979387647693404,0.5,85.05542209378417,0.0,0.07652809114292497,7.029462919825701,0.10892340126227115,6.081406942770466,159.620227842273,0.06770144826895096,0.7752011713612867,235.41786253657213,0.06808418202988038,30.0
139,0.8227024747918814,105.63806231727669,-0.161113965306546,0.5,85.05542209378417,0.0,0.08035449570007122,7.028811621252145,0.10083693185862584,5.791816135971872,159.599563703346,0.06580543485825124,0.7675259122388978,235.41136548823977,0.04325106139447246,30.0
140,0.8638375985314756,105.65656905572945,-0.14282575400909062,0.5,85.05542209378417,0.0,0.08437222048507478,7.028388879052574,0.07400481939680521,5.516015367592258,159.58071605683642,0.06341141181469964,0.7599266457810869,235.4080135365618,0.02188076845217795,30.0
141,0.9070294784580494,105.67421201023276,-0.12967571559929544,0.5,85.05542209378417,0.0,0.08437222048507478,7.027959971612338,0.07438559573887236,5.253347969135484,159.56369989652006,0.06039078269187018,0.7524026195852346,235.40724374673178,0.004927437671114868,30.0
142,0.9523809523809519,105.69161555426064,-0.12182480819526478,0.5,85.05542209378417,0.0,0.08437222048507478,7.027458952621651,0.09162926197687447,5.003188542033794,159.54844780067822,0.0565826298243673,0.744953088698252,235.408379305295,-0.00712758911618702,30.0
143,0.9999999999999996,105.70890501383607,-0.11526306383607784,0.5,85.05542209378417,0.0,0.08859083150932853,7.026950434492187,0.0888232000610954,4.764941468603613,159.53534388357468,0.051706444125681,0.7375773155428238,235.41071812624585,-0.014395085341197718,30.0
144,1.0499999999999996,105.72615728988444,-0.10953826062451276,0.5,85.05542209378417,0.0,0.09302037308479497,7.026541995011702,0.07440450467292913,4.538039493908203,159.52434201272456,0.04583277739093931,0.73027456984438,235.41363016177817,-0.017575111435934567,30.0
145,1.1024999999999996,105.7438009739294,-0.10668894358265232,0.5,85.05542209378417,0.0,0.09302037308479497,7.026111062632331,0.08102838931953303,4.321942375150669,159.51536460811883,0.03944367984868307,0.7230441285587921,235.41656939057285,-0.01739478079310975,30.0
146,1.1576249999999997,105.76217955522839,-0.10584073022487998,0.5,85.05542209378417,0.0,0.09302037308479497,7.025481443669949,0.10107429783538899,4.116135595381589,159.50830299692043,0.03274805794938727,0.7158852758007842,235.41914907054812,-0.014970473889305601,30.0
147,1.2155062499999998,105.78102943257484,-0.10037437373755008,0.5,85.05542209378417,0.0,0.09767139173903472,7.024827791810044,0.10053400949026903,3.9201291384586563,159.503069793701,0.025723462062365934,0.7087973027730536,235.42118235402222,-0.01157049117863317,30.0
148,1.2762815625,105.79872473947306,-0.08712562276319291,0.5,85.05542209378417,0.0,0.10255496132598646,7.024266468780834,0.08819208099377207,3.7334563223415773,159.49943958244378,0.01900974203180306,0.7017795076960927,235.4225613654049,-0.007694951107943461,30.0
149,1.2762815625,105.81221915320216,-0.06644186544707806,0.5,85.05542209378417,0.0,0.10768270939228579,7.024003934216293,0.04899186466882391,3.555672687944359,159.49699826947952,0.013684071523250364,0.6948311957387056,235.42327789101208,-0.003920612124925624,30.0
150,1.2762815625,105.82177478793257,-0.04704866841657521,0.5,85.05542209378417,0.0,0.10768270939228579,7.023922993864478,0.014958150762962398,3.3863549408993894,159.4952853496538,0.01002015706646546,0.6879516789492134,235.42327145119174,3.455254634824693e-5,30.0
151,1.2762815625,105.8286441961025,-0.033822610043775486,0.5,85.05542209378417,0.0,0.10255496132598646,7.023851258210189,0.014109736470608255,3.2250999437137042,159.49395675384636,0.008163825445488085,0.68114027618734,235.42241483911582,0.004642072064625325,30.0
152,1.2762815625,105.83427014260177,-0.02770023120820285,0.5,85.05542209378417,0.0,0.09767139173903472,7.023701412450449,0.030679314117735782,3.0715237559178132,159.49266055581109,0.008420725865736056,0.6743963130567723,235.42052161814945,0.010362161695427592,30.0
153,1.2762815625,105.83965986023208,-0.02653712126956085,0.5,85.05542209378417,0.0,0.09302037308479497,7.02341800671321,0.061162543782354875,3.0715237559178132,159.49106776879646,0.010452350663008047,0.6677191218383884,235.41745420020158,0.016956780080147223,30.0
154,1.2762815625,105.84477444370079,-0.02518245501185943,0.5,85.05542209378417,0.0,0.09302037308479497,7.023049115430488,0.07555439281125867,3.0715237559178132,159.4890148732268,0.013659873855440274,0.6611080414241469,235.41320817080484,0.023706901961055057,30.0
155,1.2762815625,105.84888293907744,-0.020228822273062684,0.5,85.05542209378417,0.0,0.09302037308479497,7.022647275920969,0.07926438458518223,3.0715237559178132,159.48628087763112,0.017662021829919182,0.6545624172516306,235.4079399375945,0.02970832543018705,30.0
156,1.2155062499999998,105.8498721866095,-0.005114251376587594,0.5,85.05542209378417,0.0,0.09767139173903472,7.022524011440737,0.027316518029424447,3.0715237559178132,159.48270398076005,0.023107290561033285,0.6480816012392382,235.40186675947285,0.03459000091382715,30.0
157,1.1576249999999997,105.84757725485866,0.012457651254987608,0.5,85.05542209378417,0.0,0.09302037308479497,7.022538738050172,-0.0034038170590982475,3.0715237559178132,159.47880902321594,0.029415446288064275,0.641664951722018,235.39525964822082,0.03800734631229332,30.0
158,1.1024999999999996,105.84269308610023,0.027838533582435356,0.5,85.05542209378417,0.0,0.08859083150932853,7.022654740093658,-0.028021226643252472,3.0715237559178132,159.47436776381838,0.036795135821351556,0.6353118333881366,235.38931526008682,0.040631750690817446,30.0
159,1.0499999999999996,105.83629194822016,0.03830911987022042,0.5,85.05542209378417,0.0,0.08437222048507478,7.02283415534634,-0.04541825983475011,3.2250999437137042,159.46865435010255,0.043575470181527895,0.6290216172159768,235.38396369299448,0.04346521168729159,30.0
160,0.9999999999999996,105.82879738620133,0.047095623331396295,0.5,85.05542209378417,0.0,0.08437222048507478,7.023222782127272,-0.08255452666537333,3.3863549408993894,159.46174869093323,0.04908681449490526,0.6227936804118582,235.37907218485765,0.047206962063322776,30.0
161,0.9523809523809519,105.8197610538425,0.05962326940496109,0.5,85.05542209378417,0.0,0.08859083150932853,7.024516776424085,-0.15457728944938914,3.555672687944359,159.45387743756018,0.05296817097566656,0.6166274063483744,235.3742519244102,0.05211424162908208,30.0
162,0.9070294784580494,105.80863754026085,0.0770645912197698,0.5,85.05542209378417,0.0,0.09302037308479497,7.027699885035572,-0.24034358515883225,3.7334563223415773,159.44524435102576,0.055649579996007226,0.6105221845033411,235.36892329162478,0.05818661380620374,30.0
163,0.8638375985314756,105.79477691085667,0.10082892584287381,0.5,85.05542209378417,0.0,0.09767139173903472,7.032216660045447,-0.3082973720659708,3.9201291384586563,159.436106150708,0.05702271825662276,0.6044774103993475,235.3630654068236,0.06460550000617991,30.0
164,0.8227024747918814,105.7782989991199,0.125861719313692,0.5,85.05542209378417,0.0,0.10255496132598646,7.037885226253231,-0.36848964590900646,4.116135595381589,159.42624718954994,0.05912474537012732,0.5984924855439084,235.35647564162232,0.07340404277258152,30.0
165,0.7835261664684584,105.75862027839099,0.15322880853671797,0.5,85.05542209378417,0.0,0.10768270939228579,7.044256313723509,-0.3944358078303755,4.321942375150669,159.4159996099406,0.05966936612257157,0.5925668173702063,235.34924556598276,0.0813418889680778,30.0
166,0.7462153966366271,105.73605986824106,0.1790781616518092,0.5,85.05542209378417,0.0,0.11306684486190008,7.051141741974186,-0.4059797994769609,4.321942375150669,159.40544208233226,0.061334135375493315,0.5866998191784221,235.34140842214433,0.08905342030328324,30.0
167,0.7462153966366271,105.71211274724115,0.19008548058374272,0.5,85.05542209378417,0.0,0.11872018710499509,7.058219056947439,-0.3858473021444152,4.321942375150669,159.39450462485755,0.0629233667021242,0.5808909100776456,235.3329645908447,0.09690667849635327,30.0
168,0.7462153966366271,105.68829256534283,0.18907787386021596,0.5,85.05542209378417,0.0,0.12465619646024485,7.065064274453774,-0.34507037231584964,4.321942375150669,159.38324047004218,0.06409531801545203,0.575139514928362,235.3240348876504,0.10350767610793234,30.0
169,0.7462153966366271,105.66555211019242,0.18050730799608045,0.5,85.05542209378417,0.0,0.13088900628325711,7.071419734381795,-0.29623807782580813,4.321942375150669,159.37171891972932,0.06487735957777736,0.5694450642855069,235.3147988301093,0.10812933644099722,30.0
170,0.7462153966366271,105.64655785737575,0.16969410264381607,0.5,85.05542209378417,0.0,0.13743345659741998,7.076891902170847,-0.24789875060926575,4.321942375150669,159.36000564626588,0.06533892163030731,0.563806994342086,235.3054603998019,0.11042112402784542,30.0
171,0.7462153966366271,105.62855087681693,0.16087384098431295,0.5,85.05542209378417,0.0,0.14430512942729098,7.081055469119911,-0.20825811837804556,4.321942375150669,159.34794501714632,0.06550532984515099,0.5582247468733526,235.29620706958966,0.11050901707004648,30.0
172,0.7462153966366271,105.61120570195587,0.1549612881147609,0.5,85.05542209378417,0.0,0.15152038589865555,7.0847578320371465,-0.18953596403453105,4.321942375150669,159.33523217104494,0.06610046745356857,0.5526977691815371,235.28683865656888,0.10971091410531703,30.0
173,0.7462153966366271,105.59423891107758,0.14716584136810335,0.5,85.05542209378417,0.0,0.15152038589865555,7.0874831626407655,-0.15347789239282447,4.321942375150669,159.32189634335188,0.06656876207166035,0.5472255140411258,235.27748266174214,0.10743800283733991,30.0
174,0.7462153966366271,105.5781622678792,0.1394449156380074,0.5,85.05542209378417,0.0,0.15152038589865555,7.089548412737511,-0.11588253371017916,4.321942375150669,159.30786148966607,0.0673885551109167,0.541807439644679,235.26843760975999,0.10490601608010423,30.0
175,0.7462153966366271,105.56339378037534,0.12809828946655832,0.5,85.05542209378417,0.0,0.14430512942729098,7.090277651261635,-0.04381611881773748,4.321942375150669,159.2932008725192,0.06799290971715594,0.5364430095491871,235.2597325563819,0.1019722823218663,30.0
176,0.7462153966366271,105.55022114784668,0.11425622930201573,0.5,85.05542209378417,0.0,0.13743345659741998,7.0897663128602355,0.03214508899261446,4.321942375150669,159.27759263034235,0.07000742931206516,0.5311316926229576,235.25112236193738,0.10186970165788686,30.0
177,0.7462153966366271,105.53872055987205,0.09975331915477054,0.5,85.05542209378417,0.0,0.13088900628325711,7.088141070896277,0.10764114948373944,4.321942375150669,159.26086607212358,0.07257555893843572,0.5258729629930273,235.2423481438119,0.10484841641679642,30.0
178,0.7462153966366271,105.52879728679535,0.08607207113797057,0.5,85.05542209378417,0.0,0.12465619646024487,7.085732269351479,0.17615741534447749,4.321942375150669,159.24291698857022,0.07542090988705599,0.5206662999930963,235.23313708829875,0.1111691339283702,30.0
179,0.7462153966366271,105.51967413441166,0.07913201772252781,0.5,85.05542209378417,0.0,0.12465619646024487,7.083099058208985,0.19574220925868183,4.321942375150669,159.22375430402911,0.07821952647685859,0.5155111881119766,235.22322570511162,0.12081767200587734,30.0
180,0.7462153966366271,105.50994533268309,0.08438527368910967,0.5,85.05542209378417,0.0,0.13088900628325711,7.081190281528216,0.15915695291025328,4.321942375150669,159.20381849543338,0.07984102670703125,0.5104071169425511,235.2124972861497,0.13208493755074027,30.0
181,0.7462153966366271,105.49913506468842,0.09376565057380021,0.5,85.05542209378417,0.0,0.13088900628325711,7.07982571773976,0.11912251714290877,4.321942375150669,159.18312316220266,0.08142892690330601,0.5053535811312387,235.20085421771364,0.1447792738570681,30.0
182,0.7462153966366271,105.4878415876669,0.09795688882874093,0.5,85.05542209378417,0.0,0.12465619646024487,7.078648369236143,0.10977454958566382,4.321942375150669,159.16148548204956,0.083682620467953,0.5003500803279591,235.18821164573868,0.15877998349641514,30.0
183,0.7462153966366271,105.47705006811387,0.09360303112448239,0.5,85.05542209378417,0.0,0.1187201871049951,7.077357040496481,0.12554668273751105,4.321942375150669,159.1393951495031,0.08502666451834887,0.4953961191365932,235.17468670215328,0.17156044092593395,30.0
184,0.7462153966366271,105.46701999607595,0.08699841950298927,0.5,85.05542209378417,0.0,0.1187201871049951,7.076133743038221,0.12018395516621874,4.321942375150669,159.11695614153646,0.08606746666950124,0.49049120706593385,235.16038728290357,0.1831983107772708,30.0
185,0.7462153966366271,105.45780415146567,0.07993600768237137,0.5,85.05542209378417,0.0,0.1187201871049951,7.0750907975688015,0.10321872912481585,4.321942375150669,159.0942355416367,0.08698431605449782,0.48563485848112264,235.14544136719036,0.1933957686309031,30.0
186,0.7462153966366271,105.44970473860255,0.06820616375667585,0.5,85.05542209378417,0.0,0.11306684486190009,7.073987095480373,0.1137983419214761,4.321942375150669,159.07106051772737,0.08842177428440265,0.480826592555567,235.12995340849426,0.20241374241501964,30.0
187,0.7462153966366271,105.44288572990627,0.057423720911652015,0.5,85.05542209378417,0.0,0.11306684486190009,7.0729455724798855,0.10854285553821184,4.321942375150669,159.04747756334666,0.08984854318374151,0.4760659332233336,235.1140413030994,0.21003652931442535,30.0
188,0.7462153966366271,105.4371077927696,0.04865672773860696,0.5,85.05542209378417,0.0,0.11306684486190009,7.072048059712266,0.09429065284084673,4.321942375150669,159.02349903230888,0.0912421411087613,0.4713524091320135,235.09782340329932,0.216213682306224,30.0
189,0.7462153966366271,105.43269191857831,0.03718662615561443,0.5,85.05542209378417,0.0,0.1076827093922858,7.071061986094072,0.1080605407095073,4.321942375150669,158.99894805129475,0.0931580721860768,0.46668555359605296,235.08137227274133,0.22151629714507876,30.0
190,0.7462153966366271,105.42943893858548,0.027393749379489987,0.5,85.05542209378417,0.0,0.1076827093922858,7.07025950996258,0.09783557856399727,4.321942375150669,158.97340149221205,0.09635193372142944,0.46668555359605296,235.06449760636792,0.2272192538644724,30.0
191,0.710681330130121,105.42578358408342,0.03232130495956247,0.5,85.05542209378417,0.0,0.1076827093922858,7.06968031630941,0.0717786197024378,4.321942375150669,158.94722592555897,0.09866867613400514,0.46668555359605296,235.04744567166517,0.22960619157506154,30.0
192,0.6768393620286867,105.42128390502884,0.04177632396728525,0.5,85.05542209378417,0.0,0.10255496132598647,7.069303379425881,0.049344905439966655,4.321942375150669,158.91949158352514,0.103415204864739,0.46668555359605296,235.03109905831835,0.23351359705032781,30.0
193,0.6446089162177968,105.4157844358198,0.0536115986855059,0.5,85.05542209378417,0.0,0.09767139173903473,7.069051147716339,0.03487248100122125,4.321942375150669,158.88992327873933,0.10905570820006369,0.46668555359605296,235.01427258558866,0.2403684536641406,30.0
194,0.6139132535407589,105.40946083662784,0.06472791495104398,0.5,85.05542209378417,0.0,0.09302037308479498,7.06886605712102,0.027074082913427205,4.321942375150669,158.85801139121682,0.1153296718026437,0.46668555359605296,234.99670235569945,0.2509931259384814,30.0
195,0.584679289086437,105.40266527174681,0.07303686854969732,0.5,85.05542209378417,0.0,0.08859083150932855,7.068706290914934,0.02474653022900929,4.321942375150669,158.82273692874105,0.1218978484536701,0.46668555359605296,234.97809862592177,0.2657568125456208,30.0
196,0.5568374181775589,105.39574852302134,0.0780562852555364,0.5,85.05542209378417,0.0,0.0843722204850748,7.068545896768869,0.02632976404501302,4.321942375150669,158.7839741325803,0.12838455023168158,0.46668555359605296,234.95816438565356,0.28476333603538667,30.0
197,0.5303213506452942,105.3890525860132,0.07934262026863863,0.5,85.05542209378417,0.0,0.08035449570007124,7.06836741599195,0.031079551099729003,4.321942375150669,158.74171917400992,0.13459517578321684,0.46668555359605296,234.93661538364088,0.3078304273847797,30.0
198,0.5050679529955182,105.38284595304096,0.07722191062860398,0.5,85.05542209378417,0.0,0.07652809114292498,7.068162995342199,0.03778507884863631,4.321942375150669,158.69599706753402,0.14051304919464386,0.46668555359605296,234.91319001953735,0.33463451529663946,30.0
199,0.4810170980909697,105.37729823880473,0.07247493924674478,0.5,85.05542209378417,0.0,0.07288389632659521,7.067927867799916,0.046166706739757306,4.321942375150669,158.64684338143516,0.14615041198715428,0.46668555359605296,234.8876737938826,0.36450275720058284,30.0
200,0.4581115219913997,105.37246552535237,0.06629093152402986,0.5,85.05542209378417,0.0,0.06941323459675734,7.067663241301635,0.055224714730292945,4.321942375150669,158.59422440982942,0.15163477205944295,0.46668555359605296,234.8598998593398,0.3967544360266637,30.0
201,0.4362966876108568,105.36826520429932,0.060497142641156486,0.5,85.05542209378417,0.0,0.06610784247310222,7.06737119996211,0.06481438993070582,4.321942375150669,158.53804714151374,0.15706235819188524,0.46668555359605296,234.8297507292935,0.43068442714797217,30.0
202,0.4155206548674827,105.36461438438924,0.055211822756707045,0.5,85.05542209378417,0.0,0.06295984997438307,7.067069332877348,0.06688524551400113,4.321942375150669,158.47776095214843,0.16306650622555247,0.46668555359605296,234.79709544757486,0.4664851449687659,30.0
203,0.39573395701665015,105.36073455224955,0.061608964610976674,0.5,85.05542209378417,0.0,0.06295984997438307,7.066962568601026,0.02510640402579022,4.538039493908203,158.41384376679738,0.1641432575434873,0.46668555359605296,234.76195959886363,0.5019203821572453,30.0
204,0.3768894828730001,105.3558641139203,0.08120603790532009,0.5,85.05542209378417,0.0,0.06295984997438307,7.067098030060391,-0.03142483014031,4.764941468603613,158.34882729336246,0.1617678254044998,0.46668555359605296,234.72451074399876,0.534961989950403,30.0
205,0.35894236464095247,105.35027181451147,0.09790389887393336,0.5,85.05542209378417,0.0,0.059961761880364825,7.06738073054233,-0.06910848431366819,5.003188542033794,158.28219874839488,0.16000346826167175,0.46668555359605296,234.68482731739084,0.5668831515078324,30.0
206,0.3418498710866214,105.34430832147943,0.1096224709845071,0.5,85.05542209378417,0.0,0.05710643988606173,7.06770467702049,-0.08364262967745455,5.253347969135484,158.21360898237455,0.158593650924258,0.46668555359605296,234.64304191440775,0.5969101701865899,30.0
207,0.3255713057967823,105.3378264416995,0.1251091697429062,0.5,85.05542209378417,0.0,0.05710643988606173,7.068337057273433,-0.13538650214982406,5.253347969135484,158.1430633530564,0.16096234507746085,0.46668555359605296,234.59928375822528,0.6250912182060848,30.0
208,0.3100679102826498,105.32988247390786,0.1563067449768323,0.5,85.05542209378417,0.0,0.059961761880364825,7.070707760435383,-0.2635794421428689,5.516015367592258,158.06901224104388,0.16098768635691446,0.46668555359605296,234.55367196153077,0.6515707252713332,30.0
209,0.2953027716977617,105.31948888357017,0.20847688725877409,0.5,85.05542209378417,0.0,0.06295984997438307,7.074272203830808,-0.37743031438556734,5.791816135971872,157.9921881197974,0.1576897666068655,0.46668555359605296,234.50650965197323,0.6737200126027519,30.0
210,0.2812407349502492,105.30634556128155,0.268750666913377,0.5,85.05542209378417,0.0,0.06610784247310222,7.079140452142029,-0.49094006894392095,6.081406942770466,157.9128662298725,0.15403113325744958,0.46668555359605296,234.45797500665736,0.6933240157360167,30.0
211,0.2678483190002373,105.29057635873697,0.32870491579767863,0.5,85.05542209378417,0.0,0.06941323459675734,7.085266062652115,-0.5883230141601736,6.385477289908989,157.83092044575744,0.15043398791316503,0.46668555359605296,234.40821889910208,0.7107727701155939,30.0
212,0.2678483190002373,105.27294751098384,0.35676576246261876,0.5,85.05542209378417,0.0,0.07288389632659521,7.091806448077485,-0.5982469612640297,6.385477289908989,157.75145012700244,0.14801104783039631,0.46668555359605296,234.3575037197007,0.7244732420026486,30.0
213,0.2678483190002373,105.25500170541082,0.3526021665150788,0.5,85.05542209378417,0.0,0.07652809114292497,7.098679491864244,-0.5812992280125104,6.7047511544044385,157.6701819296712,0.1438004390600067,0.46668555359605296,234.3060460549303,0.7350797465783553,30.0
214,0.2678483190002373,105.23832774845036,0.32761267387566106,0.5,85.05542209378417,0.0,0.08035449570007122,7.10530624885996,-0.5182331102997927,7.039988712124661,157.58978766473177,0.13737498705380946,0.46668555359605296,234.25423201671066,0.7401705898167452,30.0
215,0.2678483190002373,105.2233844876689,0.2936076680935737,0.5,85.05542209378417,0.0,0.08437222048507478,7.1116156523271306,-0.4562321520265031,7.039988712124661,157.51243532913952,0.13461050449849551,0.46668555359605296,234.20241383313115,0.7402298068470531,30.0
216,0.2678483190002373,105.20995644465114,0.2638364179785319,0.5,85.05542209378417,0.0,0.08859083150932853,7.117448626250549,-0.38999684982395927,7.039988712124661,157.43633930404368,0.1333544530575421,0.46668555359605296,234.15101461071197,0.7342448896346438,30.0
217,0.2678483190002373,105.19737560430626,0.2471904392438612,0.5,85.05542209378417,0.0,0.09302037308479497,7.122848981430156,-0.33386190302469393,7.039988712124661,157.36035852970295,0.13308892473957426,0.46668555359605296,234.1004061327996,0.7229489967053878,30.0
218,0.2678483190002373,105.18472348409982,0.24859095779538992,0.5,85.05542209378417,0.0,0.09767139173903472,7.12791802377267,-0.2897636713427432,7.039988712124661,157.28405150987228,0.13320840938616368,0.46668555359605296,234.0509135212719,0.7070086934890432,30.0
219,0.2678483190002373,105.17311683230884,0.2682934362860511,0.5,85.05542209378417,0.0,0.10255496132598646,7.132808186470821,-0.25847277255342016,7.039988712124661,157.20735184001524,0.13335031059655034,0.46668555359605296,234.00276929070694,0.6877468878705961,30.0
220,0.2678483190002373,105.16094504200454,0.3029523164392363,0.5,85.05542209378417,0.0,0.10768270939228579,7.137444343995526,-0.24297895495667451,7.039988712124661,157.13005637182494,0.13365364347352532,0.46668555359605296,233.95608677365365,0.6668661113621415,30.0
221,0.2678483190002373,105.14694686046238,0.3484106625317485,0.5,85.05542209378417,0.0,0.11306684486190008,7.142074091251066,-0.23356963722708585,7.039988712124661,157.05278664387757,0.1333506127633681,0.46668555359605296,233.91095048136347,0.6447780801205821,30.0
222,0.2678483190002373,105.1316926827383,0.37967204177352093,0.5,85.05542209378417,0.0,0.11306684486190008,7.145494105340642,-0.18932681224561942,7.039988712124661,156.97557825655966,0.13301359203845856,0.46668555359605296,233.86739665906214,0.6221722808960299,30.0
223,0.2812407349502492,105.11627476420065,0.3654738123288843,0.5,85.05542209378417,0.0,0.11306684486190008,7.147523567659717,-0.11283760322250973,7.039988712124661,156.89916624760593,0.1320240858470965,0.46668555359605296,233.8253116587102,0.6011899593869899,30.0
224,0.2953027716977617,105.1029535610912,0.3007354797892997,0.5,85.05542209378417,0.0,0.10768270939228579,7.147049335814284,0.027709712155630763,7.039988712124661,156.82341548679236,0.13041430894217038,0.46668555359605296,233.78465710299747,0.5807558629780272,30.0
225,0.3100679102826498,105.09340635758436,0.20527123661695,0.5,85.05542209378417,0.0,0.10255496132598646,7.1440804597547745,0.18471719728194402,7.039988712124661,156.74809836902503,0.12889893854628098,0.46668555359605296,233.74526614228316,0.5627052364036009,30.0
226,0.3100679102826498,105.08733540090456,0.13052961364250354,0.5,85.05542209378417,0.0,0.10255496132598646,7.139985391049813,0.24389652087401548,7.039988712124661,156.67343693574605,0.12830831540819032,0.46668555359605296,233.70575958930087,0.5479189200843535,30.0
227,0.3100679102826498,105.08277337773563,0.09808653776832962,0.5,85.05542209378417,0.0,0.10768270939228579,7.136743817293166,0.2091601374542744,7.039988712124661,156.60096891534025,0.12609112759379357,0.46668555359605296,233.66614096134208,0.5334692185730583,30.0
228,0.3100679102826498,105.07836541702599,0.09477409224376968,0.5,85.05542209378417,0.0,0.10768270939228579,7.134415057277289,0.1615034002270095,7.039988712124661,156.53004958282352,0.12438759388804854,0.46668555359605296,233.62755149897498,0.5196113897622321,30.0
229,0.3100679102826498,105.07311695173574,0.11284550074769098,0.5,85.05542209378417,0.0,0.10768270939228579,7.132885154446356,0.10678493454721628,7.039988712124661,156.45976814626619,0.12357467800964692,0.46668555359605296,233.5887206458512,0.5076327602608324,30.0
230,0.3100679102826498,105.06715289889075,0.1282311099647771,0.5,85.05542209378417,0.0,0.10255496132598646,7.131472817347222,0.10561307964495406,7.039988712124661,156.38965473080376,0.12327349301950147,0.46668555359605296,233.54961167958484,0.4963771961270043,30.0
231,0.3255713057967823,105.0616705847522,0.11226038742585483,0.5,85.05542209378417,0.0,0.09767139173903472,7.129402224098673,0.16355176118455877,7.039988712124661,156.31988855758684,0.12291581617250336,0.46668555359605296,233.5100959889118,0.4869314628501981,30.0
232,0.3418498710866214,105.05753456160718,0.08065964028553438,0.5,85.05542209378417,0.0,0.09767139173903472,7.126752120089814,0.20716833359214,7.039988712124661,156.25109109765103,0.12195851157136796,0.46668555359605296,233.47013205386256,0.4781115989971037,30.0
233,0.35894236464095247,105.05479969014328,0.05079499725346116,0.5,85.05542209378417,0.0,0.10255496132598646,7.12426202284324,0.1930253943145767,7.039988712124661,156.18409626145453,0.12011453997691497,0.46668555359605296,233.4298025365784,0.4684323010460028,30.0
234,0.3768894828730001,105.05379042919488,0.01785246505542209,0.5,85.05542209378417,0.0,0.10255496132598646,7.121844297370482,0.19006975543308535,7.039988712124661,156.12690874938053,0.11824697831099837,0.46668555359605296,233.390496083676,0.4565492824831801,30.0
235,0.39573395701665015,105.0546652808429,-0.014738043619573614,0.5,85.05542209378417,0.0,0.10255496132598646,7.119712886780624,0.188710982468464,7.039988712124661,156.06870400953522,0.1178126082417325,0.46668555359605296,233.35248606345706,0.4414910574923565,30.0
236,0.4155206548674827,105.05683632643074,-0.034832533792333684,0.5,85.05542209378417,0.0,0.10768270939228579,7.117969082976593,0.16733287521761328,7.039988712124661,156.00868124541185,0.11592778622852049,0.46668555359605296,233.31507305618564,0.42189968807233014,30.0
237,0.4362966876108568,105.06005397613913,-0.04916608047952445,0.5,85.05542209378417,0.0,0.10768270939228579,7.116287447166484,0.16377999645002334,7.039988712124661,155.94829897939215,0.11428763329443793,0.46668555359605296,233.2785425743114,0.3999491353895288,30.0
238,0.4581115219913997,105.06412627613449,-0.059262134507114775,0.5,85.05542209378417,0.0,0.10768270939228579,7.114431391214686,0.17423049124054224,7.039988712124661,155.8881055751646,0.11270059986995282,0.46668555359605296,233.24311280997296,0.3766000732525346,30.0
239,0.4810170980909697,105.06886677320978,-0.06570101969525442,0.5,85.05542209378417,0.0,0.10768270939228579,7.1121867291604515,0.19125050049071343,7.039988712124661,155.82856706343398,0.11113894275930629,0.46668555359605296,233.20893093759256,0.352753035975695,30.0
240,0.5050679529955182,105.0735909676311,-0.06235721211126392,0.5,85.05542209378417,0.0,0.11306684486190008,7.110212057579247,0.17174994852097086,6.7047511544044385,155.77131378026857,0.1122912759848052,0.46668555359605296,233.17623331855035,0.3276074857368633,30.0
241,0.5303213506452942,105.07763409010713,-0.050826069528588945,0.5,85.05542209378417,0.0,0.11872018710499509,7.108829932983667,0.13776856468742862,6.7047511544044385,155.71459671553205,0.1113209295996006,0.46668555359605296,233.14510419206542,0.3028080360794214,30.0
242,0.5568374181775589,105.08098438850902,-0.04011103052706834,0.5,85.05542209378417,0.0,0.11872018710499509,7.107563676865374,0.12879441101994804,6.7047511544044385,155.65946188302394,0.10974552651695745,0.46668555359605296,233.11553171306733,0.27928715994723424,30.0
243,0.584679289086437,105.08397256125704,-0.03407192973196668,0.5,85.05542209378417,0.0,0.11872018710499509,7.106203611636835,0.13580665717759688,6.7047511544044385,155.60615235092655,0.10790957079559162,0.46668555359605296,233.08746318820994,0.25736269866926487,30.0
244,0.6139132535407589,105.08702371580233,-0.03313339496206097,0.5,85.05542209378417,0.0,0.11872018710499509,7.1046167576089285,0.15126397443270448,6.7047511544044385,155.55466037043365,0.10581303311496867,0.46668555359605296,233.06083683361297,0.23702846265428634,30.0
245,0.6446089162177968,105.09045638393323,-0.03550129951688778,0.5,85.05542209378417,0.0,0.11872018710499509,7.102603190653174,0.17071321177815557,6.7047511544044385,155.5050855360925,0.10369810893246038,0.46668555359605296,233.0355320947517,0.2187023368086631,30.0
246,0.6768393620286867,105.09409655466047,-0.03585460038190958,0.5,85.05542209378417,0.0,0.12465619646024485,7.100695197660831,0.1597704560046884,6.7047511544044385,155.4574039990163,0.10105223330940885,0.4620649045505475,233.01163341728065,0.20253942880239922,30.0
247,0.710681330130121,105.09782901136083,-0.03501294267084417,0.5,85.05542209378417,0.0,0.13088900628325711,7.099320356974919,0.12937821670278665,6.385477289908989,155.41277355910668,0.10006320513563972,0.45749000450549254,232.98927942040032,0.18576977185169352,30.0
248,0.7462153966366271,105.10188978530576,-0.03627883640781296,0.5,85.05542209378417,0.0,0.13088900628325711,7.098103052841975,0.12073241191124519,6.081406942770466,155.3707081215305,0.09949311069388836,0.45296040050048764,232.96871579465707,0.16757286773376884,30.0
249,0.7835261664684584,105.10639728427998,-0.03835225222491628,0.5,85.05542209378417,0.0,0.13088900628325711,7.096925145800718,0.12446426415847126,6.081406942770466,155.33011977835778,0.09705569244663291,0.45296040050048764,232.9497739074852,0.14986148490917206,30.0
250,0.8227024747918814,105.11162145540469,-0.04110040552203761,0.5,85.05542209378417,0.0,0.13088900628325711,7.095519164556577,0.13631537574525882,5.791816135971872,155.29231744572382,0.09615151479989892,0.45296040050048764,232.93260499767464,0.1318779782739687,30.0
251,0.8638375985314756,105.1175761075325,-0.0433170212049685,0.5,85.05542209378417,0.0,0.13088900628325711,7.093780634755786,0.1517610854050092,5.791816135971872,155.25586359568487,0.09366278259404101,0.45296040050048764,232.91718751408027,0.1157103036727047,30.0
252,0.9070294784580494,105.1237663286002,-0.04163722947068042,0.5,85.05542209378417,0.0,0.13743345659741998,7.092098190552462,0.14321726318926806,5.791816135971872,155.22098333903733,0.09014573819597146,0.45296040050048764,232.90377886375242,0.10176827408676772,30.0
253,0.9523809523809519,105.12972386276411,-0.03705234359519859,0.5,85.05542209378417,0.0,0.14430512942729098,7.090794167810638,0.11947418142324916,5.516015367592258,155.1886349055036,0.08827496221916593,0.45296040050048764,232.89205548495713,0.08984616278879251,30.0
254,0.9999999999999996,105.13543947091627,-0.032868892000741126,0.5,85.05542209378417,0.0,0.14430512942729098,7.08958621938369,0.11315308273083345,5.253347969135484,155.15830633980028,0.08692270247982743,0.45296040050048764,232.8817115083765,0.07986663118093094,30.0
255,0.9999999999999996,105.14003176132093,-0.02563980610681729,0.5,85.05542209378417,0.0,0.14430512942729098,7.0885764617449745,0.1008233293549389,5.003188542033794,155.1295822661342,0.08635495973644643,0.45296040050048764,232.87258221614866,0.07182701821249364,30.0
256,0.9999999999999996,105.1431529155457,-0.016918560038352782,0.5,85.05542209378417,0.0,0.14430512942729098,7.087743856632293,0.08347298407263631,4.764941468603613,155.10198833053445,0.08665303115214343,0.45296040050048764,232.8640646149305,0.06726084201884636,30.0
257,0.9999999999999996,105.14470193281605,-0.00839661862313051,0.5,85.05542209378417,0.0,0.14430512942729098,7.087095889384649,0.06507994516242478,4.538039493908203,155.0752132272713,0.08730057507831883,0.45296040050048764,232.85548536066725,0.06659078691494105,30.0
258,0.9999999999999996,105.1454290704074,-0.003941529354038792,0.5,85.05542209378417,0.0,0.13743345659741998,7.0864686573103475,0.06717174590608843,4.538039493908203,155.04816719773703,0.086596056144614,0.45296040050048764,232.84761103992938,0.07035609399027341,30.0
259,0.9523809523809519,105.14539019723894,0.00022125210305487593,0.5,85.05542209378417,0.0,0.13088900628325711,7.085893096753992,0.06511912940270005,4.321942375150669,155.0217634642615,0.08779752459303815,0.45296040050048764,232.83992500997266,0.078429230139542,30.0
260,0.9070294784580494,105.14464231018266,0.004469539534308155,0.5,85.05542209378417,0.0,0.12465619646024487,7.085378156932228,0.06153951192064814,4.321942375150669,154.99495526443877,0.08821048782631594,0.45296040050048764,232.8319399886704,0.09134006378282551,30.0
261,0.8638375985314756,105.14337365469194,0.007960856007140913,0.5,85.05542209378417,0.0,0.1187201871049951,7.084928150328755,0.05676357953172252,4.116135595381589,154.96866820729485,0.09047343593733162,0.45296040050048764,232.82359931330333,0.10904510569783975,30.0
262,0.8227024747918814,105.14169539910095,0.011057665978727387,0.5,85.05542209378417,0.0,0.11306684486190009,7.084534122243222,0.052486671074904796,4.116135595381589,154.94184491371354,0.09193524824829724,0.45296040050048764,232.81470183440837,0.13095300582681194,30.0
263,0.7835261664684584,105.13974755192359,0.013475644448174857,0.5,85.05542209378417,0.0,0.1076827093922858,7.084187282078514,0.0488046726981274,4.116135595381589,154.91461409801792,0.09318779567144395,0.45296040050048764,232.8040646198492,0.15655841801987216,30.0
264,0.7462153966366271,105.13766426001088,0.015133315640004858,0.5,85.05542209378417,0.0,0.10255496132598647,7.08387727943314,0.046106858177983226,4.116135595381589,154.88685203347725,0.09494892247962182,0.45296040050048764,232.79151095051296,0.18476478035744315,30.0
265,0.710681330130121,105.13556563882763,0.01600690302172535,0.5,85.05542209378417,0.0,0.09767139173903473,7.083591039007666,0.04504787103291912,4.116135595381589,154.85874322518737,0.09758564276592564,0.45296040050048764,232.77692245976695,0.21471326161239412,30.0
266,0.6768393620286867,105.13354175152114,0.016208726237118908,0.5,85.05542209378417,0.0,0.09302037308479498,7.083323332533799,0.04463262075507792,4.116135595381589,154.82932451159198,0.10131214288379001,0.45296040050048764,232.76025437007726,0.24532077817111625,30.0
267,0.6446089162177968,105.13174592844189,0.015101337310770468,0.5,85.05542209378417,0.0,0.08859083150932855,7.0831119609641995,0.040226434938771795,4.116135595381589,154.7988979330111,0.10651516162019367,0.45296040050048764,232.74147185282612,0.2764409019772041,30.0
268,0.6139132535407589,105.12953615787553,0.019511395995560822,0.5,85.05542209378417,0.0,0.08859083150932855,7.083018923041149,0.017881261336505035,4.116135595381589,154.76718191543435,0.1113825986812318,0.45296040050048764,232.72074032566437,0.3051264104450817,30.0
269,0.584679289086437,105.12667350342402,0.026539906325672828,0.5,85.05542209378417,0.0,0.08859083150932855,7.0831689092813965,-0.02656581340964012,4.116135595381589,154.73498205056714,0.11756779882357346,0.45296040050048764,232.69815389178632,0.3324269090339247,30.0
270,0.5568374181775589,105.12263435279854,0.039319664704218785,0.5,85.05542209378417,0.0,0.08859083150932855,7.083629132753881,-0.07338394040700025,4.116135595381589,154.699523550231,0.12393639564915991,0.45296040050048764,232.6739633174246,0.35603663270888064,30.0
271,0.5303213506452942,105.11654071584307,0.0622853102892205,0.5,85.05542209378417,0.0,0.09302037308479498,7.085029854114441,-0.15031413118341866,4.116135595381589,154.66024260276106,0.13085814205973462,0.45749000450549254,232.6480976053697,0.3769220718874237,30.0
272,0.5050679529955182,105.10766441740572,0.0924896265463008,0.5,85.05542209378417,0.0,0.09767139173903473,7.088245448814205,-0.23557552866639322,4.116135595381589,154.61712132323575,0.13737869043290654,0.4620649045505475,232.62071085471814,0.3951356960448151,30.0
273,0.4810170980909697,105.09550655309808,0.12914288870991572,0.5,85.05542209378417,0.0,0.10255496132598647,7.092844900609897,-0.29899101491354196,4.321942375150669,154.57084531734864,0.13919011231368647,0.46668555359605296,232.59198813639304,0.4103079415206565,30.0
274,0.4581115219913997,105.08018802109893,0.16587556957267144,0.5,85.05542209378417,0.0,0.1076827093922858,7.09838252722239,-0.3428360129336969,4.538039493908203,154.52284313076035,0.13874369021642327,0.4713524091320135,232.56204166772133,0.4235538433892065,30.0
275,0.4362966876108568,105.06225689500687,0.19793605849895823,0.5,85.05542209378417,0.0,0.11306684486190009,7.1046233116535875,-0.36797020021337523,4.764941468603613,154.47420702537116,0.1365423669218693,0.4713524091320135,232.53037692202412,0.4348122686287307,30.0
276,0.4155206548674827,105.04230458184061,0.22452395332930059,0.5,85.05542209378417,0.0,0.1187201871049951,7.111341293730657,-0.37724458049279674,5.003188542033794,154.42382421690354,0.13371243114699333,0.4713524091320135,232.49808988127407,0.44335746669268017,30.0
277,0.39573395701665015,105.02090340736753,0.24550430369489107,0.5,85.05542209378417,0.0,0.12465619646024487,7.118354945976842,-0.37509311986862953,5.253347969135484,154.37192509927814,0.13043534560982534,0.4713524091320135,232.46536403364573,0.4493830516159823,30.0
278,0.3768894828730001,104.998463388244,0.2624199202442986,0.5,85.05542209378417,0.0,0.13088900628325711,7.125759686985323,-0.36616617108987287,5.516015367592258,154.31879640993503,0.12672909718714245,0.4713524091320135,232.4323523560437,0.4533079964252684,30.0
279,0.35894236464095247,104.97509347077632,0.2786011017178467,0.5,85.05542209378417,0.0,0.13743345659741998,7.133463945592777,-0.3522675786079501,5.791816135971872,154.26475058438515,0.1226438982137396,0.4713524091320135,232.39918780304725,0.4554072426259213,30.0
280,0.35894236464095247,104.95174173179667,0.27838438949300925,0.5,85.05542209378417,0.0,0.14430512942729098,7.14094720703554,-0.31637795650001493,6.081406942770466,154.21089426946187,0.1173673508587064,0.4713524091320135,232.36599695434776,0.4557683285617755,30.0
281,0.35894236464095247,104.93256455897277,0.26896223639818023,0.5,85.05542209378417,0.0,0.15152038589865555,7.147905124789448,-0.27199947466460406,6.385477289908989,154.1578912278993,0.11153242925817075,0.4713524091320135,232.33294687605763,0.4538353049505764,30.0
282,0.35894236464095247,104.91673739597138,0.26115050772219567,0.5,85.05542209378417,0.0,0.15909640519358834,7.153458480239856,-0.22834654631880535,6.7047511544044385,154.10605828409047,0.10557719045778029,0.4713524091320135,232.30024187050643,0.44909685349003836,30.0
283,0.3768894828730001,104.90296877319908,0.24354836803172286,0.5,85.05542209378417,0.0,0.16705122545326775,7.157438236170578,-0.1780255394394682,7.039988712124661,154.05615825260296,0.09908709517848814,0.4713524091320135,232.2681131431781,0.44118354687973665,30.0
284,0.39573395701665015,104.89054324416102,0.20932462020209372,0.5,85.05542209378417,0.0,0.16705122545326775,7.159947046919198,-0.11258798331868228,7.039988712124661,154.00766968266842,0.09589924108587261,0.4713524091320135,232.23680726991427,0.42988432325993653,30.0
285,0.4155206548674827,104.880777734043,0.1566790965124231,0.5,85.05542209378417,0.0,0.15909640519358834,7.160211015961711,-0.012397117610339067,7.039988712124661,153.96052565581542,0.09427116604868838,0.4713524091320135,232.2065671527171,0.41524963086130684,30.0
286,0.4362966876108568,104.8744506567562,0.09667851359657374,0.5,85.05542209378417,0.0,0.15152038589865555,7.15825435506216,0.09755797687084898,7.039988712124661,153.91353803945165,0.09398642669033046,0.4713524091320135,232.1775074209592,0.39904087694923407,30.0
287,0.4581115219913997,104.87163997024263,0.040902507776060235,0.5,85.05542209378417,0.0,0.14430512942729098,7.154634830941662,0.2065833124969793,7.039988712124661,153.8659665870495,0.09452439258483457,0.4760659332233336,232.149399769312,0.3821456970167055,30.0
288,0.4810170980909697,104.87144948218985,0.0026400732048101772,0.5,85.05542209378417,0.0,0.14430512942729098,7.1487793054545286,0.2721795606605132,7.039988712124661,153.81787196716334,0.09491854147064281,0.480826592555567,232.12224504219373,0.36553459042457853,30.0
289,0.5050679529955182,104.87226066706215,-0.010707270410597023,0.5,85.05542209378417,0.0,0.15152038589865555,7.142793307456595,0.2642858934403668,7.039988712124661,153.7698010320866,0.09459500214370958,0.48563485848112264,232.09601518149594,0.3495889106513086,30.0
290,0.5303213506452942,104.87243104499986,-0.002141820081160918,0.5,85.05542209378417,0.0,0.15909640519358834,7.138483701421771,0.21539320562649272,7.039988712124661,153.72213780847022,0.09378586868006185,0.49049120706593385,232.0698941547882,0.3346519103360874,30.0
291,0.5568374181775589,104.87075140665897,0.020109260933182514,0.5,85.05542209378417,0.0,0.16705122545326775,7.13601989839322,0.1534761233257603,7.039988712124661,153.67510531705386,0.09266397668043443,0.4953961191365932,232.04464987859498,0.32021716964884855,30.0
292,0.584679289086437,104.86702837898451,0.04245093841987696,0.5,85.05542209378417,0.0,0.16705122545326775,7.134111637765304,0.1206162843452795,7.039988712124661,153.6279072728021,0.09166114672127428,0.5003500803279591,232.02024814737513,0.30646505220994064,30.0
293,0.6139132535407589,104.86230482579063,0.05129446944496161,0.5,85.05542209378417,0.0,0.15909640519358834,7.1321624844340805,0.12965405587679968,7.039988712124661,153.58043148100134,0.09114763626904568,0.5053535811312387,231.99659130307296,0.29416822194467385,30.0
294,0.6446089162177968,104.8574851997061,0.04984547956952704,0.5,85.05542209378417,0.0,0.15909640519358834,7.130042381415453,0.14062076024699227,7.039988712124661,153.53252860152938,0.09047686227494707,0.5104071169425511,231.97355051611808,0.2836709599842441,30.0
295,0.6768393620286867,104.85343256818918,0.03991721664226937,0.5,85.05542209378417,0.0,0.15909640519358834,7.127898271533383,0.15229298979040962,7.039988712124661,153.48421531200665,0.08953445918166728,0.5155111881119766,231.95097458845055,0.2751957998837156,30.0
296,0.710681330130121,104.85090775324497,0.023684454500967893,0.5,85.05542209378417,0.0,0.15909640519358834,7.12539927219376,0.16396467469778842,7.039988712124661,153.44290380865806,0.08800244937237353,0.5206662999930963,231.92873627042366,0.2683964450742438,30.0
297,0.7462153966366271,104.84999785086399,0.008129041427422497,0.5,85.05542209378417,0.0,0.16705122545326775,7.12310261414681,0.15076236103883,7.039988712124661,153.40277325980844,0.08646147065628795,0.5258729629930273,231.90617258895722,0.2617738040858809,30.0
298,0.7835261664684584,104.85098568973271,-0.008160262361420886,0.5,85.05542209378417,0.0,0.16705122545326775,7.120865889167554,0.1464415703188094,7.039988712124661,153.36392781052191,0.08524756338780254,0.5311316926229576,231.88331601045923,0.25489941869653443,30.0
299,0.8227024747918814,104.85408758756785,-0.023692941248030824,0.5,85.05542209378417,0.0,0.16705122545326775,7.118587602066187,0.14779919206123357,7.039988712124661,153.32567926123613,0.08437693864591057,0.5364430095491871,231.86025615443413,0.2472040710115873,30.0
300,0.8638375985314756,104.8588691125407,-0.03377002579593749,0.5,85.05542209378417,0.0,0.17540378672593115,7.116609710939117,0.13213118818626216,7.039988712124661,153.28754156170027,0.08348071455562249,0.541807439644679,231.83714365420084,0.23817016479268413,30.0
301,0.9070294784580494,104.86515075463844,-0.04102150867970041,0.5,85.05542209378417,0.0,0.17540378672593115,7.114713883840534,0.12739001478509848,7.039988712124661,153.2491432041732,0.08279422874504754,0.5472255140411258,231.81481467287756,0.2278179634817115,30.0
302,0.9523809523809519,104.87276015527655,-0.045947550840331905,0.5,85.05542209378417,0.0,0.17540378672593115,7.112768250299713,0.12914475087547,7.039988712124661,153.21045390794987,0.08211237499751635,0.5526977691815371,231.79336461459792,0.2166836574557895,30.0
303,0.9523809523809519,104.88036057851289,-0.04455664363186483,0.5,85.05542209378417,0.0,0.17540378672593115,7.11102976203583,0.1202309849184752,7.039988712124661,153.17181577683982,0.08181185452219437,0.5582247468733526,231.77284346819576,0.20524752365661755,30.0
304,0.9523809523809519,104.88706581672265,-0.03816380588919607,0.5,85.05542209378417,0.0,0.17540378672593115,7.109571590426873,0.1061500476566389,7.039988712124661,153.13446456461392,0.08183215568743918,0.563806994342086,231.7525386449289,0.1952166799777156,30.0
305,0.9523809523809519,104.89228577251457,-0.028844769133932503,0.5,85.05542209378417,0.0,0.17540378672593115,7.108343161161004,0.09018463825576283,7.039988712124661,153.0977319035676,0.08240334193598978,0.5694450642855069,231.73230774440984,0.1869710318573845,30.0
306,0.9523809523809519,104.89585603670692,-0.019728796656673674,0.5,85.05542209378417,0.0,0.17540378672593115,7.107347958872104,0.07342984533230601,7.039988712124661,153.0611240276934,0.08290947556619468,0.5694450642855069,231.71249749579894,0.18003134552237834,30.0
307,0.9523809523809519,104.89864944886043,-0.015436017444643547,0.5,85.05542209378417,0.0,0.16705122545326775,7.106413942416393,0.07364642732236759,7.039988712124661,153.02490859008924,0.08357038535676467,0.5694450642855069,231.69314266099545,0.17451947587405495,30.0
308,0.9523809523809519,104.90163166850002,-0.01647934205565322,0.5,85.05542209378417,0.0,0.15909640519358834,7.105375449119237,0.08536274601381143,7.039988712124661,152.9884039348059,0.08426514510676499,0.5694450642855069,231.6741445763316,0.17046361896372095,30.0
309,0.9070294784580494,104.9041192254925,-0.014433198386448446,0.5,85.05542209378417,0.0,0.15909640519358834,7.104504088079084,0.07168297465524044,7.039988712124661,152.95141300590242,0.0851194330031779,0.5694450642855069,231.65827341978988,0.16753730885214,30.0
310,0.8638375985314756,104.90604314236629,-0.011721012906549097,0.5,85.05542209378417,0.0,0.15152038589865555,7.103802673104234,0.061142824793390775,7.039988712124661,152.91419029644672,0.08568071848519433,0.5694450642855069,231.64397918155132,0.16734699722137142,30.0
311,0.8227024747918814,104.90742468677726,-0.008837572504899064,0.5,85.05542209378417,0.0,0.14430512942729098,7.103218321227015,0.05403757872271583,7.039988712124661,152.8770115961981,0.08593366948965897,0.5694450642855069,231.62940772319203,0.17059249754127762,30.0
312,0.7835261664684584,104.90832994717016,-0.006080383308113691,0.5,85.05542209378417,0.0,0.13743345659741998,7.102713117958181,0.04959364028629588,7.039988712124661,152.84419642764746,0.08624382625160142,0.5694450642855069,231.61427840340158,0.17712355108878736,30.0
313,0.7462153966366271,104.90882498091192,-0.0034912547487461238,0.5,85.05542209378417,0.0,0.13088900628325711,7.102264777570839,0.04671313485124424,7.039988712124661,152.8105912433349,0.08726326507313989,0.5694450642855069,231.59840421569837,0.1858439464289944,30.0
314,0.7462153966366271,104.90942556858676,-0.004235680105623581,0.5,85.05542209378417,0.0,0.13088900628325711,7.101871371899228,0.041349009829297005,7.039988712124661,152.77672789174522,0.08773741765581662,0.5694450642855069,231.58162944411694,0.19638735596573062,30.0
315,0.7462153966366271,104.91049281251915,-0.0075268009683198255,0.5,85.05542209378417,0.0,0.13088900628325711,7.101539863309342,0.03511887196357464,7.039988712124661,152.74285846366223,0.08781063548718665,0.5694450642855069,231.56389228410384,0.20765433021848112,30.0
316,0.7462153966366271,104.91221026282385,-0.012112419873301354,0.5,85.05542209378417,0.0,0.13088900628325711,7.101269527067119,0.028857052468101073,7.039988712124661,152.7091973208802,0.08765139492263176,0.5694450642855069,231.54522610953114,0.21853058639430492,30.0
317,0.7462153966366271,104.9146339859643,-0.017093450828650835,0.5,85.05542209378417,0.0,0.13088900628325711,7.101062571827894,0.02222407855275777,7.039988712124661,152.67588169892264,0.08743391457926172,0.5694450642855069,231.52572676902454,0.2282847135406555,30.0
318,0.7462153966366271,104.91770486240047,-0.021657537730338596,0.5,85.05542209378417,0.0,0.13088900628325711,7.100908076860262,0.016683008450066185,7.039988712124661,152.6426593082915,0.08756857129225562,0.5694450642855069,231.50548263458032,0.2370042428311274,30.0
319,0.7462153966366271,104.9219019762168,-0.02960039347902701,0.5,85.05542209378417,0.0,0.12465619646024487,7.100627916490252,0.03151151594957319,7.039988712124661,152.60920706056936,0.08811013517203407,0.5694450642855069,231.48463411975413,0.24407990789333533,30.0
320,0.710681330130121,104.92572366069903,-0.028300288685590744,0.5,85.05542209378417,0.0,0.12465619646024487,7.100438904492172,0.021179937326708236,7.039988712124661,152.57498942132605,0.08931537683669306,0.5694450642855069,231.46334912786597,0.24918987769173076,30.0
321,0.6768393620286867,104.92836867635755,-0.020566177666918022,0.5,85.05542209378417,0.0,0.1187201871049951,7.100301079507712,0.016312340475925616,7.039988712124661,152.53937152594736,0.09133604667105628,0.5694450642855069,231.44170965215056,0.2533399277365161,30.0
322,0.6768393620286867,104.93041670543803,-0.015924340486068778,0.5,85.05542209378417,0.0,0.11306684486190009,7.100032327188412,0.033132330146012016,7.039988712124661,152.50235777917948,0.09328143823555861,0.5694450642855069,231.41970733100274,0.2575878696376277,30.0
323,0.6768393620286867,104.93242512559908,-0.015616363452827926,0.5,85.05542209378417,0.0,0.1076827093922858,7.09958392886741,0.06418994420565143,7.391988147730894,152.46401866815137,0.092772494501027,0.5694450642855069,231.39728956080236,0.26245165813057975,30.0
324,0.6768393620286867,104.9347272663725,-0.017900172352093482,0.5,85.05542209378417,0.0,0.1076827093922858,7.099037731031185,0.07843478005095818,7.391988147730894,152.4254481941185,0.09310909977627063,0.5694450642855069,231.37446188856032,0.26725050607807493,30.0
325,0.6768393620286867,104.93681962297529,-0.01626900676274496,0.5,85.05542209378417,0.0,0.11306684486190009,7.098668300984998,0.05901772298997246,7.391988147730894,152.38663311865307,0.09335984425392642,0.5694450642855069,231.35128413251462,0.2713490437077511,30.0
326,0.6768393620286867,104.93867681447074,-0.014440493058743288,0.5,85.05542209378417,0.0,0.11306684486190009,7.098407131736884,0.04246993166992332,7.391988147730894,152.34750384010943,0.09363501426489955,0.5694450642855069,231.32784580181422,0.2743996704908985,30.0
327,0.6768393620286867,104.94029950541167,-0.012617146549728977,0.5,85.05542209378417,0.0,0.11306684486190009,7.098231326754169,0.028624469963710653,7.391988147730894,152.30803398160307,0.09390975413509466,0.5694450642855069,231.30424081310574,0.27635078651073774,30.0
328,0.6768393620286867,104.94221452458791,-0.01489012909549446,0.5,85.05542209378417,0.0,0.1076827093922858,7.098009138016161,0.03869851531290278,7.391988147730894,152.26798964389752,0.09447544304679878,0.5694450642855069,231.28054526926147,0.27741094304413144,30.0
329,0.6768393620286867,104.9448616482185,-0.020582568091047897,0.5,85.05542209378417,0.0,0.10255496132598647,7.097651763109172,0.06458450779228914,7.391988147730894,152.22715440152186,0.09529612218735163,0.5694450642855069,231.2568116700069,0.27785646931377544,30.0
330,0.6768393620286867,104.94805636589416,-0.024840356276187078,0.5,85.05542209378417,0.0,0.10255496132598647,7.097199007249701,0.07656601059471455,7.391988147730894,152.1856898626102,0.09588054495967048,0.5694450642855069,231.23307922965841,0.27784290164762376,30.0
331,0.6768393620286867,104.95150736398395,-0.026833050917976074,0.5,85.05542209378417,0.0,0.10255496132598647,7.096730062667902,0.07895042153297503,7.391988147730894,152.1435352702592,0.0962404686348753,0.5694450642855069,231.20937970988945,0.2774574904041548,30.0
332,0.6768393620286867,104.95515629244692,-0.028372047939379,0.5,85.05542209378417,0.0,0.10255496132598647,7.096296462478563,0.07509298550598287,7.391988147730894,152.10331128242473,0.09638289386327566,0.5694450642855069,231.18573669115685,0.27679601557621863,30.0
333,0.6446089162177968,104.95797602645798,-0.02302092540798075,0.5,85.05542209378417,0.0,0.10255496132598647,7.096028815417364,0.04992832570074057,7.391988147730894,152.06088627751527,0.09733184863920195,0.5694450642855069,231.1622077580142,0.27546038085550945,30.0
334,0.6139132535407589,104.9595545636583,-0.01353189923224261,0.5,85.05542209378417,0.0,0.09767139173903473,7.095849748661444,0.035182036086447974,7.391988147730894,152.0159941815245,0.09886151817438929,0.5694450642855069,231.13873705615688,0.27477864947616126,30.0
335,0.584679289086437,104.95973439316052,-0.0016186545603954553,0.5,85.05542209378417,0.0,0.09302037308479498,7.095714582459977,0.02804406239979543,7.391988147730894,151.96839891834787,0.1006420669446013,0.5694450642855069,231.11517501374414,0.2758480011579302,30.0
336,0.5568374181775589,104.95864570993439,0.009989571024821517,0.5,85.05542209378417,0.0,0.08859083150932855,7.095596040515183,0.026014519925659247,7.391988147730894,151.91795332786572,0.10237194572516858,0.5694450642855069,231.09130813427421,0.27941682135544893,30.0
337,0.5303213506452942,104.95676566361732,0.017585953906590117,0.5,85.05542209378417,0.0,0.0843722204850748,7.095499336237232,0.022539426577147352,7.391988147730894,151.86443325584762,0.10405520679668522,0.5694450642855069,231.06686156319455,0.2862034474473721,30.0
338,0.5050679529955182,104.95375588621056,0.02870012802026885,0.5,85.05542209378417,0.0,0.0843722204850748,7.095469816182913,0.006787887363332725,7.391988147730894,151.80867731950238,0.10465751009814592,0.5694450642855069,231.04162562087944,0.29544485673124243,30.0
339,0.4810170980909697,104.95045197736593,0.03211660179793908,0.5,85.05542209378417,0.0,0.08035449570007124,7.0954864718582105,-0.004045758275881346,7.039988712124661,151.75157719861608,0.10824662546733169,0.5694450642855069,231.01534770247196,0.3076435879499075,30.0
340,0.4581115219913997,104.94746087908251,0.029640415581041468,0.5,85.05542209378417,0.0,0.07652809114292498,7.095512281280866,-0.006626646226850995,6.7047511544044385,151.69270521841412,0.11324642958758549,0.5694450642855069,230.98778668882548,0.32266517439521897,30.0
341,0.4362966876108568,104.94507782088724,0.024073560491343182,0.5,85.05542209378417,0.0,0.07288389632659521,7.09551990512894,-0.0020753391108812315,6.7047511544044385,151.63042609033397,0.11607100720992566,0.5694450642855069,230.95872507838718,0.34023311771392056,30.0
342,0.4155206548674827,104.94355405218128,0.01616270433513309,0.5,85.05542209378417,0.0,0.06941323459675734,7.0954983759926105,0.006218754788409719,6.385477289908989,151.56700443212895,0.12086492254155322,0.5694450642855069,230.92795859983832,0.3601925275265018,30.0
343,0.39573395701665015,104.94259450442176,0.010686878530060355,0.5,85.05542209378417,0.0,0.06610784247310222,7.095432185496545,0.020359761895990938,6.385477289908989,151.50010101252576,0.12410649247806914,0.575139514928362,230.89503729478537,0.38160370018541373,30.0
344,0.3768894828730001,104.94182455998208,0.0090039476952185,0.5,85.05542209378417,0.0,0.06295984997438307,7.095317363113511,0.03766107774901234,6.385477289908989,151.4300335005548,0.12675915087424083,0.5808909100776456,230.8598400701738,0.40394531917539667,30.0
345,0.35894236464095247,104.94041556013575,0.01679718852408799,0.5,85.05542209378417,0.0,0.06295984997438307,7.095243826586463,0.024118891477924384,6.385477289908989,151.35729454762583,0.12899651426658562,0.5866998191784221,230.82228961338805,0.4266856242128452,30.0
346,0.3418498710866214,104.93846588245226,0.024404941478229948,0.5,85.05542209378417,0.0,0.059961761880364825,7.095178990872772,0.02258004633058863,6.081406942770466,151.28466795755585,0.1348017475439068,0.5925668173702063,230.78230803042953,0.449812373181605,30.0
347,0.3255713057967823,104.93574013604808,0.03478183352420063,0.5,85.05542209378417,0.0,0.059961761880364825,7.09521718476556,-0.011386106724597864,6.081406942770466,151.211144984326,0.1390463425518738,0.5925668173702063,230.74030106675403,0.4725988973632224,30.0
348,0.3100679102826498,104.93141086227018,0.05631630463978115,0.5,85.05542209378417,0.0,0.06295984997438307,7.095511697251161,-0.07848700143589388,6.081406942770466,151.137033398913,0.14157303112357367,0.5925668173702063,230.69648111281938,0.4929959249616468,30.0
349,0.2953027716977617,104.92508535760216,0.08388153196420187,0.5,85.05542209378417,0.0,0.06610784247310222,7.096765822149731,-0.1754821603333741,6.081406942770466,151.06084618140264,0.14389749889815917,0.5925668173702063,230.65106080956102,0.5110006379814136,30.0
350,0.2812407349502492,104.91655831146915,0.11527147754724029,0.5,85.05542209378417,0.0,0.06941323459675734,7.0995701954812915,-0.2693408874981551,6.081406942770466,150.98281850952958,0.1458124505595751,0.5925668173702063,230.60429316422196,0.5261588957065692,30.0
351,0.2678483190002373,104.90588672714293,0.14706327128756555,0.5,85.05542209378417,0.0,0.07288389632659521,7.103266997181923,-0.3381452682007295,6.081406942770466,150.90313403459004,0.14740348731431444,0.5925668173702063,230.55644481656407,0.5383173256348304,30.0
352,0.25509363714308314,104.89333944404787,0.17626946763378948,0.5,85.05542209378417,0.0,0.07652809114292497,7.1076316888567135,-0.3802256669942032,6.081406942770466,150.82191023931782,0.1487696963255504,0.5925668173702063,230.5077868525824,0.547425905458917,30.0
353,0.2429463210886506,104.87922247384822,0.20217198184230006,0.5,85.05542209378417,0.0,0.08035449570007122,7.1124391213875064,-0.398851986140356,6.081406942770466,150.7392384968068,0.1499585589396318,0.5925668173702063,230.45858327615784,0.5535643124373985,30.0
354,0.23137744865585771,104.86371841701427,0.2263481225326569,0.5,85.05542209378417,0.0,0.08437222048507478,7.117495332491025,-0.3995162605613955,6.081406942770466,150.655225113819,0.15097584018120797,0.5925668173702063,230.4090534489505,0.5572347933931896,30.0
355,0.22035947491034066,104.84724602009852,0.24515480941675002,0.5,85.05542209378417,0.0,0.08859083150932853,7.122943766808843,-0.3980654255083226,6.081406942770466,150.56954398717454,0.15251290496058026,0.5925668173702063,230.35932312413505,0.5594904895971596,30.0
356,0.22035947491034066,104.83295202666692,0.2502754619602994,0.5,85.05542209378417,0.0,0.09302037308479497,7.1282063404687355,-0.35551211265719174,6.385477289908989,150.48289856799366,0.1477698563856521,0.5925668173702063,230.30817092784005,0.5587254752738723,30.0
357,0.22035947491034066,104.82088642032679,0.24853921334748202,0.5,85.05542209378417,0.0,0.09767139173903472,7.133079904892772,-0.30442225743312074,6.7047511544044385,150.3979447336463,0.14093763521936784,0.5925668173702063,230.25733953318178,0.5552214214909964,30.0
358,0.23137744865585771,104.81107755295918,0.22638956508580527,0.5,85.05542209378417,0.0,0.10255496132598646,7.137099316370861,-0.24008050597877856,7.039988712124661,150.31634828982408,0.13295217989918268,0.5925668173702063,230.20700699151413,0.5497725474533515,30.0
359,0.2429463210886506,104.80343816188939,0.19755501590312324,0.5,85.05542209378417,0.0,0.10768270939228579,7.139594578730585,-0.17487868451652674,7.391988147730894,150.23917698377116,0.12425399561228256,0.5925668173702063,230.15755093524672,0.5401988681749017,30.0
360,0.25509363714308314,104.79706235457333,0.16662658693903468,0.5,85.05542209378417,0.0,0.11306684486190008,7.141157227205551,-0.13310406736797006,7.761587555117439,150.16574299602425,0.11639345161049518,0.5925668173702063,230.10784219310892,0.527144569622305,30.0
361,0.2678483190002373,104.79174749817822,0.13228522807136575,0.5,85.05542209378417,0.0,0.11306684486190008,7.142029703185558,-0.0788036434014799,8.149666932873311,150.0953542100769,0.10935278732633841,0.5925668173702063,230.05834363860492,0.5096267962421082,30.0
362,0.2812407349502492,104.78803368425943,0.0880340447947581,0.5,85.05542209378417,0.0,0.10768270939228579,7.142027694210038,0.0001899572516441264,8.149666932873311,150.02597391307066,0.10686819641699859,0.5925668173702063,230.00958011598928,0.4874359817290627,30.0
363,0.2953027716977617,104.78612447583211,0.04310171594008127,0.5,85.05542209378417,0.0,0.10255496132598646,7.141083732307387,0.09436445498290072,8.149666932873311,149.95682910053694,0.10661004820375738,0.5925668173702063,229.96198482539225,0.4619013930673191,30.0
364,0.3100679102826498,104.78614832724958,-0.000512821367075664,0.5,85.05542209378417,0.0,0.09767139173903472,7.138875654617578,0.19199999885669708,8.149666932873311,149.88610440758472,0.10772155956318644,0.5925668173702063,229.91583831002285,0.4347974381940567,30.0
365,0.3255713057967823,104.78703035465946,-0.018061120952903298,0.5,85.05542209378417,0.0,0.10255496132598646,7.136090628110794,0.2210174365494836,8.149666932873311,149.82432606395463,0.10817015229033015,0.5925668173702063,229.87128917209887,0.40752114160326536,30.0
366,0.3418498710866214,104.7879118870413,-0.017191413666143563,0.5,85.05542209378417,0.0,0.10768270939228579,7.133624593149474,0.1965724426019823,8.149666932873311,149.7666338142905,0.10960208002336494,0.5925668173702063,229.8285954233124,0.37917343722875274,30.0
367,0.35894236464095247,104.78770204479873,0.0038974175843841737,0.5,85.05542209378417,0.0,0.11306684486190008,7.131953161664694,0.157271222000116,8.149666932873311,149.7027013069713,0.1105332856938791,0.5925668173702063,229.78819099524932,0.3483897378948759,30.0
368,0.3768894828730001,104.786044932264,0.029312085903929436,0.5,85.05542209378417,0.0,0.11872018710499509,7.13104406778383,0.1051991730966053,8.149666932873311,149.63737009858517,0.11090087820823825,0.5925668173702063,229.7502574420969,0.3175577306921438,30.0
369,0.39573395701665015,104.78309884243014,0.04963081520794084,0.5,85.05542209378417,0.0,0.11872018710499509,7.130318328634371,0.08452139498083154,8.149666932873311,149.57150388666702,0.11011462985044322,0.5925668173702063,229.71496695455312,0.2868267151863465,30.0
370,0.4155206548674827,104.77996423371431,0.050292064171250664,0.5,85.05542209378417,0.0,0.11306684486190008,7.1294781830788505,0.103070702995334,8.149666932873311,149.50586851423336,0.10918430991947152,0.5925668173702063,229.68229054204812,0.2578452208936779,30.0
371,0.4362966876108568,104.77747455619306,0.03804257656099915,0.5,85.05542209378417,0.0,0.11306684486190008,7.128436297147262,0.12178332310778674,8.149666932873311,149.44225310624665,0.10747715500928459,0.5925668173702063,229.65209844453395,0.23130273984085883,30.0
372,0.4581115219913997,104.77587054206612,0.023342411180702606,0.5,85.05542209378417,0.0,0.11872018710499509,7.12741053896516,0.11645916853189946,8.149666932873311,149.3801524627855,0.1050011911442285,0.5925668173702063,229.6241762896612,0.2076821631146512,30.0
373,0.4810170980909697,104.77518808992978,0.00945845984882506,0.5,85.05542209378417,0.0,0.12465619646024485,7.126598538117691,0.09812065928038351,8.149666932873311,149.3190224235417,0.10164976437914727,0.5925668173702063,229.59834507946474,0.1865339108240551,30.0
374,0.5050679529955182,104.77576277584203,-0.007585591982827886,0.5,85.05542209378417,0.0,0.12465619646024485,7.125814496081094,0.09586633546644777,8.149666932873311,149.26063654299662,0.09778942860266228,0.5925668173702063,229.5751084649034,0.16779765854874854,30.0
375,0.5303213506452942,104.777890608014,-0.026748966067082738,0.5,85.05542209378417,0.0,0.12465619646024485,7.124910664681145,0.10117045448581899,8.149666932873311,149.20310655203943,0.09377484364998527,0.5925668173702063,229.5572355716203,0.15184097324318194,30.0
376,0.5568374181775589,104.78118701195633,-0.039465785819800314,0.5,85.05542209378417,0.0,0.13088900628325711,7.124098799442152,0.09397705132465707,7.761587555117439,149.1502084599769,0.09067873472523828,0.5925668173702063,229.54334764020868,0.13880744290730782,30.0
377,0.584679289086437,104.78557908330663,-0.050079549960315696,0.5,85.05542209378417,0.0,0.13088900628325711,7.123262967328927,0.0973964692297144,7.391988147730894,149.10211541086247,0.08791521620336559,0.5925668173702063,229.53184335006773,0.12942889368465638,30.0
378,0.6139132535407589,104.79076813426434,-0.05634944815442939,0.5,85.05542209378417,0.0,0.13088900628325711,7.122270414538742,0.11154169532694432,7.039988712124661,149.05815042381568,0.08510491653929225,0.5984924855439084,229.52077154403568,0.123329936458457,30.0
379,0.6446089162177968,104.79637134811261,-0.05794949161951351,0.5,85.05542209378417,0.0,0.13743345659741998,7.121327412304959,0.10259349226531166,6.7047511544044385,149.01714361152182,0.0828193013360716,0.6044774103993475,229.5098233140326,0.12074595140432404,30.0
380,0.6768393620286867,104.80171759098674,-0.052658904254610985,0.5,85.05542209378417,0.0,0.14430512942729098,7.120592057675121,0.09063115625039034,6.385477289908989,148.97857465803796,0.08007197283747328,0.6105221845033411,229.4988387454415,0.1199472502931751,30.0
381,0.710681330130121,104.80691208181302,-0.04872780158118189,0.5,85.05542209378417,0.0,0.14430512942729098,7.119882710925064,0.08874937349808505,6.081406942770466,148.94188532568052,0.07818785345535914,0.6166274063483744,229.48759780793455,0.1215313860648868,30.0
382,0.7462153966366271,104.81211206804603,-0.04645652588082679,0.5,85.05542209378417,0.0,0.14430512942729098,7.11909045560543,0.09500765852140347,5.791816135971872,148.90665847707584,0.07687936386621823,0.6227936804118582,229.47591885164923,0.1250168571360944,30.0
383,0.7835261664684584,104.81748964074733,-0.04575531259782072,0.5,85.05542209378417,0.0,0.14430512942729098,7.118112308556015,0.10539261675360395,5.516015367592258,148.87260420456306,0.07615397657141305,0.6290216172159768,229.46364476773286,0.13008650874484548,30.0
384,0.8227024747918814,104.82316463257105,-0.04464717171810279,0.5,85.05542209378417,0.0,0.15152038589865555,7.117145702622328,0.10048715154029163,5.253347969135484,148.8396883772834,0.07561080319092617,0.6353118333881366,229.450690807331,0.1359328308935073,30.0
385,0.8638375985314756,104.82924274689393,-0.04421514495871568,0.5,85.05542209378417,0.0,0.15909640519358834,7.116349775350413,0.0871387765904237,5.003188542033794,148.80787269617198,0.07527285135040027,0.641664951722018,229.43704235650634,0.1418024654771054,30.0
386,0.9070294784580494,104.83599196012204,-0.04539717351815583,0.5,85.05542209378417,0.0,0.15909640519358834,7.115579908072842,0.08581608482274466,4.764941468603613,148.7769918681078,0.07541234781072738,0.6480816012392382,229.42273640732358,0.1471620153533656,30.0
387,0.9070294784580494,104.8425304689086,-0.04269894571593264,0.5,85.05542209378417,0.0,0.15909640519358834,7.1148872434011095,0.0796264237154317,4.538039493908203,148.7473792885331,0.07669365200862181,0.6545624172516306,229.40785115048078,0.15160516858769338,30.0
388,0.9070294784580494,104.84812095508394,-0.03650799800374584,0.5,85.05542209378417,0.0,0.15909640519358834,7.114281201116655,0.07028211087387089,4.321942375150669,148.71835234214873,0.07913222466777724,0.6611080414241469,229.392017498896,0.15501729725984928,30.0
389,0.9070294784580494,104.85226613126075,-0.02706957478170264,0.5,85.05542209378417,0.0,0.15909640519358834,7.11372172665527,0.06479947487782461,4.116135595381589,148.69016169210252,0.08211712156348526,0.6677191218383884,229.37538528053838,0.1565275025680391,30.0
390,0.9070294784580494,104.85549137948578,-0.02044863676280203,0.5,85.05542209378417,0.0,0.15152038589865555,7.113147647311403,0.06945825702885694,4.116135595381589,148.6607364882355,0.08546399026627707,0.6743963130567723,229.35791036294282,0.15808731231935347,30.0
391,0.9070294784580494,104.85783193644234,-0.014839539684441265,0.5,85.05542209378417,0.0,0.15152038589865555,7.112570643411363,0.07044624508822382,4.116135595381589,148.62989430543632,0.08853426994198538,0.68114027618734,229.34013853674773,0.15918148906633678,30.0
392,0.9070294784580494,104.85962893000857,-0.011393252902535823,0.5,85.05542209378417,0.0,0.15152038589865555,7.112029014049283,0.06674846437647619,4.116135595381589,148.59850823223675,0.09137849704175183,0.6879516789492134,229.32148923035112,0.1605700680543107,30.0
393,0.9070294784580494,104.86137415022517,-0.011065000827971579,0.5,85.05542209378417,0.0,0.15152038589865555,7.111536176234504,0.0611800539452157,4.116135595381589,148.56657176480076,0.09407406806222522,0.6948311957387056,229.3019413144014,0.16178705579081235,30.0
394,0.9070294784580494,104.86316150432212,-0.01133213698461341,0.5,85.05542209378417,0.0,0.15152038589865555,7.111095765770805,0.05501889345489725,4.116135595381589,148.53373222109633,0.09666020822040354,0.7017795076960927,229.2815395396531,0.16231275847353438,30.0
395,0.9070294784580494,104.86541833330438,-0.014308689711114412,0.5,85.05542209378417,0.0,0.14430512942729098,7.110613647466949,0.06276604839898697,4.116135595381589,148.49957701459053,0.09954509477033426,0.7087973027730536,229.26032137762758,0.16226836983170173,30.0
396,0.9070294784580494,104.86833165642804,-0.018470977169167554,0.5,85.05542209378417,0.0,0.14430512942729098,7.110136818957378,0.06294349373659107,4.116135595381589,148.4638733576934,0.10246101598776321,0.7158852758007842,229.23834991904135,0.16152003573346033,30.0
397,0.8638375985314756,104.87110657464694,-0.018473139207653883,0.5,85.05542209378417,0.0,0.14430512942729098,7.109748296405868,0.05096930390560549,4.116135595381589,148.4263818067598,0.10566466682156091,0.7230441285587921,229.21637373340775,0.1599552336108757,30.0
398,0.8227024747918814,104.87334497041302,-0.015646481442698958,0.5,85.05542209378417,0.0,0.13743345659741998,7.1094077717144,0.04705307225455277,4.116135595381589,148.38707495443077,0.10912801806643486,0.73027456984438,229.19436055470425,0.15863810921482827,30.0
399,0.7835261664684584,104.87487657316714,-0.011241266694414769,0.5,85.05542209378417,0.0,0.13088900628325711,7.109108299784296,0.04383728830487193,4.116135595381589,148.3466523212063,0.11273062220702354,0.73027456984438,229.17167313231946,0.15873500048155603,30.0
400,0.7462153966366271,104.87564425570874,-0.005916162250106607,0.5,85.05542209378417,0.0,0.12465619646024487,7.1088411092160415,0.0414628073365434,4.116135595381589,148.30547948439602,0.11621922298768575,0.73027456984438,229.1481490007917,0.15979526830024848,30.0
401,0.710681330130121,104.87565935206013,-0.00012215737945214707,0.5,85.05542209378417,0.0,0.1187201871049951,7.1085739017931,0.04381537584061119,4.116135595381589,148.2638952221989,0.11936626585341098,0.73027456984438,229.1279667622364,0.16128750578047035,30.0
402,0.6768393620286867,104.87521852935927,0.003745423758715264,0.5,85.05542209378417,0.0,0.11306684486190009,7.108320110732135,0.04408545238999657,4.116135595381589,148.2212523877682,0.12142516695501485,0.7230441285587921,229.11000238997974,0.16563647636574738,30.0
403,0.6446089162177968,104.87454371220463,0.00602022084858827,0.5,85.05542209378417,0.0,0.1076827093922858,7.108075580969876,0.045014795770959126,4.321942375150669,148.17792869796014,0.1195623230633981,0.7158852758007842,229.09131169339236,0.17405672127603544,30.0
404,0.6139132535407589,104.87381322889576,0.006842674872091652,0.5,85.05542209378417,0.0,0.10255496132598647,7.1078404828611506,0.045831868330462405,4.538039493908203,148.1352740144789,0.11550944885512406,0.7087973027730536,229.07160151468386,0.18538613349084104,30.0
405,0.584679289086437,104.87316311916022,0.006394278928148902,0.5,85.05542209378417,0.0,0.09767139173903473,7.107611435330159,0.04732964599122739,4.764941468603613,148.09355099181863,0.11097434417128717,0.7017795076960927,229.05069830111864,0.19857342024516503,30.0
406,0.5568374181775589,104.87241444766752,0.0077318870839050945,0.5,85.05542209378417,0.0,0.09767139173903473,7.10747148853738,0.028745881907812295,5.003188542033794,148.052670693193,0.10646417874943626,0.6948311957387056,229.02857155092167,0.21229856817725737,30.0
407,0.5303213506452942,104.87155629198695,0.009305711559494625,0.5,85.05542209378417,0.0,0.09302037308479498,7.1073714331961275,0.021632797711916747,5.253347969135484,148.01228807350307,0.10240481966997629,0.6879516789492134,229.00530825567742,0.22543536080695945,30.0
408,0.5050679529955182,104.87065414548387,0.010271878516132338,0.5,85.05542209378417,0.0,0.08859083150932855,7.107293659465308,0.017778201102348803,5.516015367592258,147.9717066850623,0.09925913352363204,0.68114027618734,228.98099350812683,0.2379808134551487,30.0
409,0.4810170980909697,104.86974587413707,0.010858697060512928,0.5,85.05542209378417,0.0,0.0843722204850748,7.1072201850895835,0.017775131012071357,5.791816135971872,147.93035940370692,0.09679138444504515,0.6743963130567723,228.95574042634706,0.24963641596445474,30.0
410,0.4581115219913997,104.86879551630044,0.011929948332813857,0.5,85.05542209378417,0.0,0.08035449570007124,7.107148871783687,0.018304618646045306,6.081406942770466,147.88770312664764,0.09490324778103773,0.6677191218383884,228.92964566929328,0.26053626642716887,30.0
411,0.4362966876108568,104.8677302838374,0.01404058149872333,0.5,85.05542209378417,0.0,0.07652809114292498,7.107052359153491,0.026231631088232895,6.385477289908989,147.8436209698349,0.0930685591390204,0.6611080414241469,228.90282651742496,0.27044648466724786,30.0
412,0.4155206548674827,104.86657156776931,0.016036405526895347,0.5,85.05542209378417,0.0,0.07288389632659521,7.106940503589194,0.032307415259051835,6.7047511544044385,147.79782638196363,0.09146085542299266,0.6545624172516306,228.875348890647,0.2798574646074878,30.0
413,0.39573395701665015,104.86532327257589,0.01813997140036245,0.5,85.05542209378417,0.0,0.06941323459675734,7.106812630506601,0.03924838868299384,7.039988712124661,147.75027891800124,0.08981682014297705,0.6480816012392382,228.84726588248992,0.28888345853828823,30.0
414,0.3768894828730001,104.8636832743452,0.025023726131390367,0.5,85.05542209378417,0.0,0.06941323459675734,7.106740906898049,0.02192440069128798,7.391988147730894,147.70132748447887,0.08776082790667099,0.641664951722018,228.81863174079828,0.2974983711230112,30.0
415,0.35894236464095247,104.86170298464683,0.031726825951319405,0.5,85.05542209378417,0.0,0.06610784247310222,7.106706705926196,0.011073957219070061,7.761587555117439,147.6508862224456,0.08578305759132661,0.6353118333881366,228.78947570035777,0.3059499173821015,30.0
416,0.3418498710866214,104.85908674603537,0.0440113355630951,0.5,85.05542209378417,0.0,0.06610784247310222,7.106742584569274,-0.01149674145166618,8.149666932873311,147.5996313528372,0.08323098489415233,0.6290216172159768,228.75987025272988,0.3137724450961899,30.0
417,0.3255713057967823,104.85604240858702,0.053773621504216,0.5,85.05542209378417,0.0,0.06295984997438307,7.106813676660133,-0.02408005895199666,8.557150279516977,147.5473225417586,0.08093964482851985,0.6227936804118582,228.7298450577244,0.32140333628874307,30.0
418,0.3255713057967823,104.85372267903594,0.047500696155913,0.5,85.05542209378417,0.0,0.059961761880364825,7.106838537728496,-0.009013688255545738,8.985007793492827,147.49477545627843,0.07806772814576755,0.6166274063483744,228.69944868790262,0.32863032585226537,30.0
419,0.3255713057967823,104.85203495052798,0.03455932137135251,0.5,85.05542209378417,0.0,0.059961761880364825,7.1068496652477835,-0.0040642065955175015,9.434258183167469,147.44280232179037,0.07466577983076517,0.6105221845033411,228.6687306337631,0.33542929773090246,30.0
420,0.3255713057967823,104.85110286544364,0.019086143194615237,0.5,85.05542209378417,0.0,0.059961761880364825,7.106865024653818,-0.005535144190846562,9.905971092325842,147.39181417503647,0.07108203362548084,0.6044774103993475,228.63780223264928,0.34110346757617477,30.0
421,0.3418498710866214,104.85145217656847,-0.006812174084037875,0.5,85.05542209378417,0.0,0.059961761880364825,7.106847432663508,0.00727828339025061,10.401269646942135,147.3417545026728,0.06698097056737712,0.5984924855439084,228.60679875543417,0.34535078232930144,30.0
422,0.35894236464095247,104.85344306906289,-0.036977013405717615,0.5,85.05542209378417,0.0,0.059961761880364825,7.106773132589258,0.02836210779712781,10.921333129289241,147.29106545608266,0.06271205499414555,0.5925668173702063,228.57497107627472,0.34764753917244157,30.0
423,0.3768894828730001,104.85713701286528,-0.06534088409276324,0.5,85.05542209378417,0.0,0.059961761880364825,7.106605852422591,0.05381025046202172,11.467399785753704,147.239922531472,0.05850539898288168,0.5866998191784221,228.54251262536943,0.3476531159557246,30.0
424,0.39573395701665015,104.8620824306877,-0.08331216354941366,0.5,85.05542209378417,0.0,0.06295984997438307,7.10642836216193,0.054764649909387085,12.04076977504139,147.18855495813142,0.054334154300293994,0.5808909100776456,228.50964213280204,0.3452301351823037,30.0
425,0.4155206548674827,104.86757157970318,-0.08806861064950723,0.5,85.05542209378417,0.0,0.06610784247310222,7.106301149637693,0.042773545863016654,12.64280826379346,147.13692707046135,0.05049422312281124,0.5808909100776456,228.47630867563214,0.33989566077270233,30.0
426,0.4362966876108568,104.87302569113498,-0.08333948872663753,0.5,85.05542209378417,0.0,0.06610784247310222,7.106164059951293,0.04777462160818538,12.64280826379346,147.09471916738931,0.04856598362870723,0.5808909100776456,228.44285051478363,0.3312303332309288,30.0
427,0.4581115219913997,104.87771688030381,-0.06826851750567417,0.5,85.05542209378417,0.0,0.06941323459675734,7.106046995920059,0.04086701740504595,12.64280826379346,147.05803068017562,0.04821273512686362,0.5808909100776456,228.40968190308064,0.31879984847744347,30.0
428,0.4810170980909697,104.88140129842009,-0.05106427097804069,0.5,85.05542209378417,0.0,0.06941323459675734,7.1058987291586995,0.049039131009114834,12.04076977504139,147.02063802353777,0.050580424997699394,0.5808909100776456,228.37726855106658,0.30246667569454566,30.0
429,0.5050679529955182,104.88370101895926,-0.03035526243558572,0.5,85.05542209378417,0.0,0.07288389632659521,7.105758850788499,0.04506790213188039,11.467399785753704,146.98349456139866,0.054127442388487136,0.5808909100776456,228.34603307370602,0.28298571313790527,30.0
430,0.5303213506452942,104.88440706124369,-0.008875653520982204,0.5,85.05542209378417,0.0,0.07652809114292497,7.10564900666299,0.03607864660826431,10.921333129289241,146.94618717696497,0.058482439674519326,0.5808909100776456,228.31625395171068,0.2619334884385377,30.0
431,0.5568374181775589,104.88374852895615,0.007884195830116014,0.5,85.05542209378417,0.0,0.07652809114292497,7.105521479823447,0.04331160642014895,10.401269646942135,146.90503370857883,0.06331168676775377,0.5808909100776456,228.2882326076707,0.23929348552564372,30.0
432,0.584679289086437,104.88204314932159,0.01944518606337762,0.5,85.05542209378417,0.0,0.07652809114292497,7.105310013715845,0.06073689763073586,9.905971092325842,146.86143969898492,0.06808944342359792,0.5808909100776456,228.26213469782726,0.21637666118884774,30.0
433,0.6139132535407589,104.87958210920495,0.026725166815260198,0.5,85.05542209378417,0.0,0.08035449570007122,7.105084158076405,0.06228459419645434,9.434258183167469,146.8161068691056,0.07201710819336522,0.5808909100776456,228.2381155485867,0.19334150037919215,30.0
434,0.6446089162177968,104.87663281547616,0.030502150524282328,0.5,85.05542209378417,0.0,0.08437222048507478,7.104893292858755,0.05469696890279471,8.985007793492827,146.7700820805763,0.07502912861355555,0.5808909100776456,228.21625656006097,0.17082848970165265,30.0
435,0.6768393620286867,104.87340391665033,0.03180369431818686,0.5,85.05542209378417,0.0,0.08859083150932853,7.104743154907251,0.04259866519158517,8.557150279516977,146.72411413834695,0.07710585545040244,0.5808909100776456,228.19714728133678,0.14933944541376284,30.0
436,0.710681330130121,104.87030633287674,0.029057409580019792,0.5,85.05542209378417,0.0,0.08859083150932853,7.10458778390468,0.04408343961463737,8.149666932873311,146.6792819973392,0.07830991500400517,0.5808909100776456,228.18054991033108,0.12970882978379095,30.0
437,0.7462153966366271,104.86769024434143,0.023372058944187268,0.5,85.05542209378417,0.0,0.08859083150932853,7.104403053040518,0.05274466910652708,7.761587555117439,146.63873343546834,0.07866490896034314,0.5808909100776456,228.16563350458424,0.11317674589118107,30.0
438,0.7835261664684584,104.86559646752124,0.017814991677354165,0.5,85.05542209378417,0.0,0.09302037308479497,7.104207535788297,0.05290266302608178,7.391988147730894,146.60159065735021,0.07835188216646088,0.5808909100776456,228.15222000408951,0.09880932202098171,30.0
439,0.8227024747918814,104.86390537272175,0.013304442059176412,0.5,85.05542209378417,0.0,0.09767139173903472,7.10402870687593,0.046021910334806806,7.039988712124661,146.5671766054728,0.07787865191613128,0.5808909100776456,228.14054487806655,0.08626348614577685,30.0
440,0.8638375985314756,104.86281472332297,0.007933911523484946,0.5,85.05542209378417,0.0,0.09767139173903472,7.103844953225967,0.050169217874839175,7.039988712124661,146.5341592725275,0.07521731896870146,0.575139514928362,228.1305125433735,0.07647637645678387,30.0
441,0.9070294784580494,104.86223893558703,0.0038729159788753304,0.5,85.05542209378417,0.0,0.10255496132598646,7.103655454498529,0.04783889396747105,7.039988712124661,146.50272447258843,0.07141526828314816,0.575139514928362,228.12164926999608,0.06906611933046397,30.0
442,0.9523809523809519,104.86224468204671,-3.5739584815663863e-5,0.5,85.05542209378417,0.0,0.10768270939228579,7.103483517875702,0.0401343931567887,7.039988712124661,146.47370082200158,0.06700140146024167,0.575139514928362,228.11361234092175,0.06363443946191565,30.0
443,0.9999999999999996,104.8627951322232,-0.003165487717394733,0.5,85.05542209378417,0.0,0.10768270939228579,7.103301857207773,0.04498665111080916,7.039988712124661,146.44684418411134,0.062085378020019635,0.575139514928362,228.10619793230234,0.059231356658033245,30.0
444,1.0499999999999996,104.86338329552993,-0.0031274762523121062,0.5,85.05542209378417,0.0,0.11306684486190008,7.103123112250844,0.04092889614024671,6.7047511544044385,146.42274111267199,0.05840608035196544,0.575139514928362,228.0993860052105,0.05517053938082065,30.0
445,1.1024999999999996,104.86343645295767,-0.0002613566334347148,0.5,85.05542209378417,0.0,0.11872018710499509,7.102980813548796,0.03012802404164096,6.385477289908989,146.4007873793805,0.05554411875880265,0.575139514928362,228.09301961446928,0.051898087273947784,30.0
446,1.1576249999999997,104.86263048868392,0.0036640284502108818,0.5,85.05542209378417,0.0,0.11872018710499509,7.102813510343498,0.034390361997401295,6.081406942770466,146.38130373619757,0.05295156604508376,0.575139514928362,228.08699625509422,0.04931220058772112,30.0
447,1.2155062499999998,104.86092060798474,0.007187574056392531,0.5,85.05542209378417,0.0,0.11872018710499509,7.102630973661429,0.04100098705949912,5.791816135971872,146.36448778832832,0.05148523260829392,0.575139514928362,228.08109805193752,0.048370614922043684,30.0
448,1.2762815625,104.85875784368162,0.008406189796922965,0.5,85.05542209378417,0.0,0.11872018710499509,7.102403886937915,0.05100771914263667,5.791816135971872,146.34927626445617,0.04957604201130131,0.5694450642855069,228.07523136943746,0.049008964326500856,30.0
449,1.2762815625,104.85657101613195,0.00825215373863917,0.5,85.05542209378417,0.0,0.12465619646024485,7.102200404050872,0.04226156027486773,5.791816135971872,146.33545681390015,0.047763294510090634,0.563806994342086,228.06927397496156,0.05013583050384954,30.0
450,1.2762815625,104.85452508549751,0.007720468921489292,0.5,85.05542209378417,0.0,0.12465619646024485,7.102027233271561,0.03491845524884652,5.791816135971872,146.32188449515814,0.046498160162066315,0.5582247468733526,228.0631569098953,0.051740117781532605,30.0
451,1.2155062499999998,104.85226879413244,0.008939994554254694,0.5,85.05542209378417,0.0,0.12465619646024485,7.101909994226076,0.023640283767524705,5.791816135971872,146.30854943540933,0.04568532140716438,0.5526977691815371,228.05691805098306,0.053208280834758724,30.0
452,1.1576249999999997,104.84987294002256,0.009967626157666767,0.5,85.05542209378417,0.0,0.11872018710499509,7.101842924825561,0.014200189335242981,5.791816135971872,146.29519503500543,0.04575158163103116,0.5472255140411258,228.05033346158413,0.05561670648417123,30.0
453,1.1024999999999996,104.8470090481806,0.012510575362032613,0.5,85.05542209378417,0.0,0.11306684486190008,7.101812850439869,0.006685836850048681,5.791816135971872,146.2816807214393,0.04629943701020083,0.541807439644679,228.04425006551162,0.05899568803478804,30.0
454,1.0499999999999996,104.84346166534164,0.01627114183543147,0.5,85.05542209378417,0.0,0.10768270939228579,7.101792717690049,0.004699497310662901,6.081406942770466,146.26726183859375,0.0456758678835636,0.5364430095491871,228.03850812811118,0.06350738354085265,30.0
455,0.9999999999999996,104.83886639439673,0.022131476682428448,0.5,85.05542209378417,0.0,0.10768270939228579,7.101831163266832,-0.008974178208091519,6.385477289908989,146.25204470855377,0.04457192828775835,0.5311316926229576,228.03299319738014,0.06972995042579523,30.0
456,0.9523809523809519,104.83309305214908,0.029195496937544304,0.5,85.05542209378417,0.0,0.10768270939228579,7.101947308239193,-0.02876227093858532,6.7047511544044385,146.2361556627627,0.04303283556569167,0.5258729629930273,228.02765013330136,0.07749326604073122,30.0
457,0.9070294784580494,104.82623205250584,0.03643051108937526,0.5,85.05542209378417,0.0,0.10768270939228579,7.102184002247238,-0.05231436892959092,7.039988712124661,146.21974780328964,0.04108918729510142,0.5206662999930963,228.02240128876713,0.08638133520242962,30.0
458,0.8638375985314756,104.8182102677878,0.04472374565519145,0.5,85.05542209378417,0.0,0.11306684486190008,7.102787860503021,-0.08787706707929878,7.039988712124661,146.2034472089169,0.03963162130174553,0.5155111881119766,228.0164558432521,0.0962154929118845,30.0
459,0.8227024747918814,104.80892602790516,0.05435040924083828,0.5,85.05542209378417,0.0,0.11872018710499509,7.104035877302946,-0.12655867878565086,7.039988712124661,146.18711272898918,0.03855728856609605,0.5104071169425511,228.00974175780073,0.10704516291438143,30.0
460,0.7835261664684584,104.79821487809984,0.06583879260491005,0.5,85.05542209378417,0.0,0.12465619646024485,7.106116672077986,-0.16110851205343935,7.039988712124661,146.17058882614535,0.03786836742260256,0.5053535811312387,228.00221048542116,0.11856892845193517,30.0
461,0.7462153966366271,104.78614087885983,0.07792668608309691,0.5,85.05542209378417,0.0,0.13088900628325711,7.109081833636522,-0.19176299302893832,7.039988712124661,146.1542039856454,0.037549673710502475,0.5003500803279591,227.99384074058955,0.13007866753609004,30.0
462,0.710681330130121,104.77247442133384,0.08991726611136723,0.5,85.05542209378417,0.0,0.13743345659741998,7.112843202829712,-0.2069391102605633,7.039988712124661,146.1382303536983,0.03554106179611016,0.4953961191365932,227.9848060174062,0.13817303357541452,30.0
463,0.710681330130121,104.75807340195789,0.0947502517779418,0.5,85.05542209378417,0.0,0.14430512942729098,7.1167030314205935,-0.204966515830109,7.039988712124661,146.12255999421407,0.03385076279480745,0.49049120706593385,227.97534709218831,0.1450856526019263,30.0
464,0.710681330130121,104.74376680739883,0.09412899192542111,0.5,85.05542209378417,0.0,0.15152038589865555,7.120294448131497,-0.19333979084963357,7.391988147730894,146.1066417153608,0.03179501869057863,0.48563485848112264,227.9656014651672,0.15075017241712535,30.0
465,0.710681330130121,104.72973533182204,0.09231887056116075,0.5,85.05542209378417,0.0,0.15909640519358834,7.123471297455547,-0.17183859289421702,7.761587555117439,146.09089207478291,0.02908754711456616,0.480826592555567,227.9557788448241,0.15429264590694913,30.0
466,0.710681330130121,104.71624368703479,0.08876710093348636,0.5,85.05542209378417,0.0,0.16705122545326775,7.126197736681389,-0.15711773610209992,8.149666932873311,146.07504542460484,0.0270612217167572,0.4760659332233336,227.94599307334985,0.15684174017636482,30.0
467,0.710681330130121,104.7025382992945,0.09017340406301586,0.5,85.05542209378417,0.0,0.17540378672593115,7.12866831462073,-0.1392216762965577,8.557150279516977,146.05947303710568,0.02458887204710663,0.4760659332233336,227.93630450433105,0.15717734306244102,30.0
468,0.710681330130121,104.68807529710118,0.09515806232244495,0.5,85.05542209378417,0.0,0.1841739760622277,7.1309413608084675,-0.12819610978744123,8.985007793492827,146.0438827632251,0.022762010842698525,0.4760659332233336,227.9268002802343,0.15626780449046634,30.0
469,0.710681330130121,104.67461733186562,0.10417118736329092,0.5,85.05542209378417,0.0,0.1933826748653391,7.133147327097979,-0.12164639132686397,8.985007793492827,146.02851971932373,0.021776943687301573,0.4760659332233336,227.91755198326914,0.1541587477533838,30.0
470,0.710681330130121,104.6620722432101,0.11424126971260733,0.5,85.05542209378417,0.0,0.20305180860860608,7.135375314429818,-0.1200830916569869,8.985007793492827,146.01347988169064,0.021318802400489577,0.4760659332233336,227.90856847711535,0.15151877896698657,30.0
471,0.710681330130121,104.64850106983019,0.1273066919923416,0.5,85.05542209378417,0.0,0.2132043990390364,7.137688906436429,-0.11747174440699616,8.985007793492827,145.9988897096241,0.020681406466172014,0.4760659332233336,227.8998948718311,0.14790226963403116,30.0
472,0.710681330130121,104.63364763424138,0.13933516996594578,0.5,85.05542209378417,0.0,0.22386461899098822,7.140107820243181,-0.11906220426787542,8.985007793492827,145.98426285103042,0.02073340921005535,0.4760659332233336,227.89143863688875,0.144252119970533,30.0
473,0.710681330130121,104.61804567333364,0.1463568385838177,0.5,85.05542209378417,0.0,0.22386461899098822,7.142255054966402,-0.11080488570696442,8.985007793492827,145.9696230885759,0.0207517002890136,0.4760659332233336,227.883096496236,0.14063050522819825,30.0
474,0.710681330130121,104.60202588959672,0.15027629644741922,0.5,85.05542209378417,0.0,0.22386461899098822,7.144101032319246,-0.09539453216850602,8.985007793492827,145.9551984616184,0.020446748117155297,0.4760659332233336,227.87493565143595,0.13669061702628432,30.0
475,0.7462153966366271,104.58608690093727,0.14239846145649737,0.5,85.05542209378417,0.0,0.22386461899098822,7.145480063078176,-0.07173513381210225,9.434258183167469,145.94010023806177,0.01978877836062748,0.4760659332233336,227.86687244662227,0.13383125899648174,30.0
476,0.7835261664684584,104.57161101585989,0.12316870150075568,0.5,85.05542209378417,0.0,0.2132043990390364,7.146082574776842,-0.03294504818010621,9.905971092325842,145.92424137356127,0.019219350076058836,0.4760659332233336,227.85879949459883,0.13198209505298616,30.0
477,0.8227024747918814,104.5596819381924,0.09666578974363695,0.5,85.05542209378417,0.0,0.20305180860860608,7.14584621309812,0.01375823467670449,10.401269646942135,145.90763316606527,0.01861070594840874,0.4760659332233336,227.85060028296866,0.1313335697351205,30.0
478,0.8638375985314756,104.55077652653864,0.06872751443812783,0.5,85.05542209378417,0.0,0.1933826748653391,7.144773479937331,0.06664405964076625,10.921333129289241,145.890602735645,0.017645711957723374,0.4760659332233336,227.84221995304327,0.13133272976086746,30.0
479,0.9070294784580494,104.54511215879728,0.04163310289874623,0.5,85.05542209378417,0.0,0.1841739760622277,7.142908174297085,0.11732411065405601,11.467399785753704,145.8728882101869,0.01697135666021108,0.480826592555567,227.83356081494873,0.13202674771107997,30.0
480,0.9523809523809519,104.54175861202097,0.0234748274342421,0.5,85.05542209378417,0.0,0.1933826748653391,7.140667408678097,0.13561504586020345,12.04076977504139,145.854922891064,0.01591458983020639,0.48563485848112264,227.82464989457205,0.13291449597727115,30.0
481,0.9999999999999996,104.53949050352504,0.015120723306423289,0.5,85.05542209378417,0.0,0.20305180860860608,7.138408368793435,0.13202555477229802,12.64280826379346,145.83685120029233,0.014802421845270865,0.49049120706593385,227.81552240079353,0.1336598330343183,30.0
482,1.0499999999999996,104.53721893205017,0.014422676030919249,0.5,85.05542209378417,0.0,0.2132043990390364,7.136500840447441,0.1153275041587022,13.274948676983135,145.81880169037063,0.01367013743305935,0.4953961191365932,227.80622837311677,0.1342747091013158,30.0
483,1.1024999999999996,104.533997282081,0.019480876608562087,0.5,85.05542209378417,0.0,0.22386461899098822,7.135101933666354,0.09473370100976043,13.938696110832291,145.80097629992585,0.012483029414646789,0.5003500803279591,227.79684808893347,0.13443812279861153,30.0
484,1.1576249999999997,104.52933071784311,0.0268743576310869,0.5,85.05542209378417,0.0,0.23505784994053763,7.134165809712146,0.07153333690197747,14.635630916373906,145.78314076028218,0.011548901383711533,0.5053535811312387,227.7874250740329,0.13430901185887392,30.0
485,1.2155062499999998,104.5233747133401,0.03266679762980289,0.5,85.05542209378417,0.0,0.23505784994053763,7.133331814350375,0.06313894695416603,15.367412462192602,145.76543242429946,0.010602435724072566,0.5104071169425511,227.77801341610459,0.1337553697778972,30.0
486,1.2762815625,104.51665899615068,0.03405786501318627,0.5,85.05542209378417,0.0,0.23505784994053763,7.132527892156199,0.06040278072527558,16.135783085302233,145.7474180818173,0.00997286146772692,0.5155111881119766,227.76861653612625,0.13322522112531882,30.0
487,1.2762815625,104.50986816962087,0.03443877202618875,0.5,85.05542209378417,0.0,0.23505784994053763,7.131801065776598,0.05510365784494347,16.942572239567344,145.7287606436981,0.009550516457484608,0.5206662999930963,227.7592996739075,0.13235734216879866,30.0
488,1.2762815625,104.5033683027598,0.032963208829809444,0.5,85.05542209378417,0.0,0.22386461899098822,7.131059563439567,0.058677090846369635,17.78970085154571,145.7090401827141,0.009333948200471367,0.5258729629930273,227.75001888392953,0.13163921288187758,30.0
489,1.2762815625,104.4974103015736,0.031121665528406783,0.5,85.05542209378417,0.0,0.22386461899098822,7.130341389700188,0.05763820797068831,18.679185894123,145.68828718036517,0.009082444131821828,0.5311316926229576,227.74067319579484,0.13148222825959535,30.0
490,1.2762815625,104.4917582909121,0.029523321642751496,0.5,85.05542209378417,0.0,0.22386461899098822,7.129669731160298,0.05447745369808252,18.679185894123,145.67079924926608,0.00900412069184082,0.5364430095491871,227.7311591574499,0.13207920603211393,30.0
491,1.340095640625,104.48651406284152,0.02608882486505139,0.5,85.05542209378417,0.0,0.22386461899098822,7.1289460650302265,0.058331297523640066,18.679185894123,145.6558184497357,0.009074421349974068,0.541807439644679,227.72142912835608,0.13355304233419274,30.0
492,1.40710042265625,104.48231802958568,0.019880283303580538,0.5,85.05542209378417,0.0,0.22386461899098822,7.128139535155687,0.06475485768624706,17.78970085154571,145.64301163978683,0.00958286315750172,0.5472255140411258,227.7114947729242,0.13550093811200925,30.0
493,1.4774554437890626,104.47950690354388,0.012684538378087912,0.5,85.05542209378417,0.0,0.22386461899098822,7.127285605481216,0.07281088265972943,16.942572239567344,145.63177813373656,0.010383410377011959,0.5526977691815371,227.70139663248668,0.13745638766540896,30.0
494,1.5513282159785158,104.47820869003917,0.00541644013133996,0.5,85.05542209378417,0.0,0.22386461899098822,7.126301356096166,0.08167172152636651,16.135783085302233,145.6217951809166,0.011398667544185,0.5582247468733526,227.69120015542896,0.13891748242215318,30.0
495,1.5513282159785158,104.47807589558566,0.0005379111367454861,0.5,85.05542209378417,0.0,0.23505784994053763,7.125411393227766,0.07463346671485181,15.367412462192602,145.61287602668793,0.012580245479113107,0.563806994342086,227.68108057583902,0.13895425836228664,30.0
496,1.5513282159785158,104.47833712792598,-0.0010273544734584195,0.5,85.05542209378417,0.0,0.2468107424375645,7.124794852585736,0.059027284896024046,14.635630916373906,145.60488779416912,0.013918310245867597,0.5694450642855069,227.67093402105618,0.13736870095973164,30.0
497,1.5513282159785158,104.47850802665396,-0.0006720973848320685,0.5,85.05542209378417,0.0,0.2468107424375645,7.124302523606072,0.04701666932253651,13.938696110832291,145.59680837362086,0.015457056593177743,0.575139514928362,227.6609744947833,0.13420860734886864,30.0
498,1.5513282159785158,104.47852006008856,-4.7324166659374394e-5,0.5,85.05542209378417,0.0,0.23505784994053763,7.123860342261533,0.04502298377922351,13.274948676983135,145.58818044067817,0.017331759045017256,0.5808909100776456,227.6513809975533,0.12984765749030186,30.0
499,1.5513282159785158,104.47834870700977,0.0006738842205058789,0.5,85.05542209378417,0.0,0.22386461899098822,7.123390081656163,0.04996240655424571,12.64280826379346,145.57890024458317,0.019574123936992323,0.5866998191784221,227.64224959544137,0.12479390798062645,30.0
500,1.5513282159785158,104.4780183381234,0.0012992493690488333,0.5,85.05542209378417,0.0,0.22386461899098822,7.122896670506419,0.05281694264484493,12.04076977504139,145.56909246838177,0.021721260649452765,0.5925668173702063,227.63365111248575,0.11915827549469656,30.0
501,1.4774554437890626,104.47731617799964,0.002899471445971084,0.5,85.05542209378417,0.0,0.22386461899098822,7.12247422492518,0.04496094105555512,11.467399785753704,145.55842013467998,0.02409494561261137,0.5984924855439084,227.62561385987522,0.11302884313288951,30.0
502,1.40710042265625,104.47624789049337,0.0046319101106010825,0.5,85.05542209378417,0.0,0.2132043990390364,7.122118406870668,0.03986399164515106,10.921333129289241,145.54682790372576,0.02667998945031684,0.6044774103993475,227.61806600202374,0.10693435394060984,30.0
503,1.340095640625,104.47495860670695,0.0058696174009403934,0.5,85.05542209378417,0.0,0.20305180860860608,7.121807776762317,0.036695824871317166,10.921333129289241,145.53405835745255,0.02853361978741857,0.6044774103993475,227.61087793982847,0.10184647747369395,30.0
504,1.2762815625,104.47334794388995,0.007699370245100084,0.5,85.05542209378417,0.0,0.1933826748653391,7.121525258920834,0.035248464299116045,10.921333129289241,145.5217517294755,0.030049147129734787,0.6044774103993475,227.6040501051474,0.09814942438103931,30.0
505,1.2155062499999998,104.47150610238107,0.00924468519299555,0.5,85.05542209378417,0.0,0.1841739760622277,7.121260753572328,0.03487029501138595,10.921333129289241,145.50889955502245,0.03138121033618641,0.6044774103993475,227.5981698013196,0.09594270479453068,30.0
506,1.1576249999999997,104.46952040443479,0.010465075267931294,0.5,85.05542209378417,0.0,0.17540378672593115,7.12100684384398,0.03532624153897838,11.467399785753704,145.49532688907536,0.03156232148112782,0.6044774103993475,227.59248263088048,0.09546246927524299,30.0
507,1.1024999999999996,104.46752368091968,0.011049341622874752,0.5,85.05542209378417,0.0,0.16705122545326775,7.120760001105897,0.036060168141300544,12.04076977504139,145.48086604441124,0.031093593462794337,0.6044774103993475,227.58648919910547,0.09632611142126667,30.0
508,1.0499999999999996,104.46575925996935,0.010252032484295895,0.5,85.05542209378417,0.0,0.15909640519358834,7.120517165104056,0.0372485837803259,12.64280826379346,145.46557201466737,0.030406936117189965,0.6044774103993475,227.5801131492428,0.09830443489622248,30.0
509,0.9999999999999996,104.46441681832063,0.008190161853213957,0.5,85.05542209378417,0.0,0.15152038589865555,7.120276331740256,0.03878846935251805,13.274948676983135,145.44947898658452,0.029584346239194766,0.6044774103993475,227.5732654171862,0.10129416603365979,30.0
510,0.9523809523809519,104.46366960424021,0.004786647134246887,0.5,85.05542209378417,0.0,0.14430512942729098,7.120039179459818,0.04010537621211793,13.938696110832291,145.4326533663941,0.028600179899088248,0.5984924855439084,227.56595675166585,0.10527620973016036,30.0
511,0.9070294784580494,104.46347086658287,0.001336767354797002,0.5,85.05542209378417,0.0,0.13743345659741998,7.119807297520875,0.041174801271186515,13.938696110832291,145.41547334054292,0.028352037325656918,0.5925668173702063,227.55815049355394,0.10989610843968707,30.0
512,0.8638375985314756,104.46369217157027,-0.0015629898776901624,0.5,85.05542209378417,0.0,0.13088900628325711,7.119581691272631,0.04206346170565686,13.938696110832291,145.39774466459178,0.028405310191389095,0.5866998191784221,227.54980180209637,0.11507726502108871,30.0
513,0.8227024747918814,104.46386046692423,-0.001248033922342918,0.5,85.05542209378417,0.0,0.13088900628325711,7.119419922715813,0.030161157094824087,13.938696110832291,145.37997581274755,0.02846968097168788,0.5808909100776456,227.54089361177535,0.12059603575721312,30.0
514,0.7835261664684584,104.4638623174716,-1.4409329340675205e-5,0.5,85.05542209378417,0.0,0.12465619646024487,7.119305667263796,0.02236763769286737,13.938696110832291,145.36208454071442,0.028665825537103097,0.575139514928362,227.53140966165446,0.12619263895629784,30.0
515,0.7462153966366271,104.46365100560094,0.0017276539438715642,0.5,85.05542209378417,0.0,0.1187201871049951,7.119226675686129,0.016237279769565578,13.938696110832291,145.3439360311129,0.02907797774427912,0.5694450642855069,227.52133100270163,0.13195234172209536,30.0
516,0.710681330130121,104.46322326392759,0.003672008893654647,0.5,85.05542209378417,0.0,0.11306684486190009,7.119155277906822,0.015410136616257357,13.938696110832291,145.325500424797,0.029537970991837387,0.563806994342086,227.51065596558675,0.1376017064419796,30.0
517,0.6768393620286867,104.46264073922914,0.005250803947844314,0.5,85.05542209378417,0.0,0.1076827093922858,7.119091934203401,0.014355374769795199,13.938696110832291,145.3066491603754,0.030203948386814408,0.5582247468733526,227.49936691111967,0.14324053715054358,30.0
518,0.6446089162177968,104.46184857884212,0.007497455204524605,0.5,85.05542209378417,0.0,0.10255496132598647,7.119028786464394,0.015026512200380492,13.938696110832291,145.29016701635766,0.031068337416782152,0.5526977691815371,227.48744554614177,0.148969511787758,30.0
519,0.6139132535407589,104.46081056529923,0.010315566361727679,0.5,85.05542209378417,0.0,0.09767139173903473,7.118965177190615,0.015893155015711643,13.938696110832291,145.27300371968028,0.03235228934921921,0.5472255140411258,227.47488384603804,0.15460212509047414,30.0
520,0.584679289086437,104.45954967291847,0.013157015217310223,0.5,85.05542209378417,0.0,0.09302037308479498,7.118885907239899,0.020796371613251114,13.938696110832291,145.25512421745375,0.033702314906374216,0.541807439644679,227.46187613710984,0.16005328309697348,30.0
521,0.5568374181775589,104.45813002031072,0.015554309639785737,0.5,85.05542209378417,0.0,0.08859083150932855,7.118797863930217,0.024252953838412496,13.938696110832291,145.23674016626939,0.0351712499519197,0.5364430095491871,227.44857193022904,0.16533855593213045,30.0
522,0.5303213506452942,104.456500979713,0.01874087492905216,0.5,85.05542209378417,0.0,0.0843722204850748,7.118698532667918,0.02873052312993977,13.938696110832291,145.2175343474515,0.036743405868245885,0.5311316926229576,227.4350108298287,0.17021642138508228,30.0
523,0.5050679529955182,104.45444769937106,0.024802502555871186,0.5,85.05542209378417,0.0,0.0843722204850748,7.118643593317598,0.015890629380350695,13.938696110832291,145.19757395463336,0.03818701100775483,0.5258729629930273,227.42119944441671,0.17509153203530145,30.0
524,0.4810170980909697,104.45215411529472,0.029090502130103897,0.5,85.05542209378417,0.0,0.08035449570007124,7.118613329584267,0.009191139968446128,13.938696110832291,145.17688176094126,0.039587047985154646,0.5206662999930963,227.40713237425246,0.18011626211151632,30.0
525,0.4581115219913997,104.4497778912471,0.03164559302763199,0.5,85.05542209378417,0.0,0.07652809114292498,7.11859920446578,0.004504310047789834,13.938696110832291,145.1554372085398,0.04102641496440009,0.5155111881119766,227.39282113919865,0.18507500107112781,30.0
526,0.4362966876108568,104.4471447501146,0.036820466649615496,0.5,85.05542209378417,0.0,0.07652809114292498,7.11863920841325,-0.012756720073354589,14.635630916373906,145.1329272004826,0.04101407619210968,0.5104071169425511,227.37829801590505,0.18969332272767023,30.0
527,0.4155206548674827,104.44441159541567,0.04012995418567547,0.5,85.05542209378417,0.0,0.07288389632659521,7.118693256607416,-0.018097003257023885,15.367412462192602,145.10960270936465,0.040474375978551774,0.5053535811312387,227.36357093745391,0.19428084943607024,30.0
528,0.39573395701665015,104.44164005685965,0.0427282074757112,0.5,85.05542209378417,0.0,0.06941323459675734,7.118748150852238,-0.019299301480830745,16.135783085302233,145.08547789450415,0.03986967306640511,0.5003500803279591,227.34865655928147,0.1987192402393525,30.0
529,0.3768894828730001,104.43890621461101,0.04425440428468124,0.5,85.05542209378417,0.0,0.06610784247310222,7.118791313653047,-0.015933592011813488,16.135783085302233,145.06105811346225,0.04035714645359079,0.4953961191365932,227.33355887069757,0.2031732856555797,30.0
530,0.35894236464095247,104.43636185275449,0.04324652573271464,0.5,85.05542209378417,0.0,0.06295984997438307,7.118818287888479,-0.010455444894060504,16.135783085302233,145.03612314287304,0.04120857014066251,0.49049120706593385,227.31824232879185,0.2081796327848587,30.0
531,0.3418498710866214,104.43405910692204,0.04109676635689439,0.5,85.05542209378417,0.0,0.059961761880364825,7.118826588269392,-0.003378163738568944,16.135783085302233,145.01058251233752,0.04220950897438486,0.48563485848112264,227.3026995502477,0.21336714574432641,30.0
532,0.3418498710866214,104.432104058535,0.03489146116185645,0.5,85.05542209378417,0.0,0.059961761880364825,7.118828316420134,-0.0007033383436491486,16.135783085302233,144.98461577376128,0.04291371285625277,0.480826592555567,227.28681764149408,0.22020286175881165,30.0
533,0.3418498710866214,104.43068363011278,0.025350177242026373,0.5,85.05542209378417,0.0,0.059961761880364825,7.11883289858067,-0.0018648889403669639,16.135783085302233,144.95837252063987,0.043370692301507724,0.4760659332233336,227.2705412993385,0.2279284026258032,30.0
534,0.3418498710866214,104.42985172296305,0.014846924606565084,0.5,85.05542209378417,0.0,0.059961761880364825,7.118846058218845,-0.005355827999021481,16.135783085302233,144.93194487367805,0.04367542923644255,0.4713524091320135,227.25387981429878,0.23565503173371036,30.0
535,0.3418498710866214,104.42948439926454,0.0065555720489053415,0.5,85.05542209378417,0.0,0.059961761880364825,7.11887049442403,-0.009945266742701284,16.135783085302233,144.90535545179603,0.043942785202160245,0.46668555359605296,227.23690376936122,0.24250511301379604,30.0
536,0.3418498710866214,104.42925903411647,0.004395012101924107,0.5,85.05542209378417,0.0,0.059961761880364825,7.1189020390176765,-0.012838302663867113,16.942572239567344,144.8772627878439,0.042928437918874775,0.4620649045505475,227.21976111416896,0.2473340148169789,30.0
537,0.3418498710866214,104.4289122304312,0.006763274653626405,0.5,85.05542209378417,0.0,0.059961761880364825,7.118943035929007,-0.016685291998755833,17.78970085154571,144.84791992043887,0.04145989413998455,0.45749000450549254,227.20252692003535,0.2511412848925017,30.0
538,0.35894236464095247,104.42867182992985,0.004464978689346777,0.5,85.05542209378417,0.0,0.059961761880364825,7.118951431566974,-0.0037337741929311836,17.78970085154571,144.8189894630506,0.04087718095786554,0.45749000450549254,227.18447705460542,0.2553664709821037,30.0
539,0.3768894828730001,104.42872235389434,-0.0008937007934306073,0.5,85.05542209378417,0.0,0.059961761880364825,7.118904096287843,0.0210513178817238,17.78970085154571,144.79022309115737,0.040645336974717464,0.45749000450549254,227.16617793053948,0.25889294039188115,30.0
540,0.39573395701665015,104.42905311919793,-0.0055721829902642605,0.5,85.05542209378417,0.0,0.059961761880364825,7.118754605524274,0.05559153262049627,17.78970085154571,144.76149655307546,0.04058905394089871,0.45749000450549254,227.14824641817054,0.26130279266334555,30.0
541,0.4155206548674827,104.42966034209185,-0.00974236197079489,0.5,85.05542209378417,0.0,0.06295984997438307,7.118556590735343,0.06145695859605141,18.679185894123,144.7313896866526,0.03933368809875596,0.45749000450549254,227.13015023623836,0.2637024015675402,30.0
542,0.4362966876108568,104.43034786482676,-0.010505431348864478,0.5,85.05542209378417,0.0,0.06610784247310222,7.118360111761043,0.05877009778246772,18.679185894123,144.7017733239966,0.038692860125888344,0.45749000450549254,227.11194907724777,0.2652321553317354,30.0
543,0.4581115219913997,104.43091680278026,-0.008279468006794322,0.5,85.05542209378417,0.0,0.06941323459675734,7.1181901715380995,0.052850147520045354,19.613145188829147,144.67103151780879,0.03713658550857572,0.45749000450549254,227.09368393146255,0.2661645880089827,30.0
544,0.4810170980909697,104.43125560216359,-0.004695597234300726,0.5,85.05542209378417,0.0,0.07288389632659521,7.118071615718422,0.03933783981293611,19.613145188829147,144.64086320488587,0.036443796622336155,0.4620649045505475,227.0752463472944,0.2660172338938989,30.0
545,0.5050679529955182,104.43126507208294,-0.00012499861744600752,0.5,85.05542209378417,0.0,0.07652809114292497,7.117991168726876,0.02490627392358324,19.613145188829147,144.6109946662332,0.036081664587817246,0.46668555359605296,227.05616693791623,0.26461355378257534,30.0
546,0.5303213506452942,104.4309226767906,0.004304249262351856,0.5,85.05542209378417,0.0,0.07652809114292497,7.117910942974585,0.02795513859637494,19.613145188829147,144.5810945318616,0.036119832713311734,0.4713524091320135,227.03650732492787,0.26209788994309796,30.0
547,0.5568374181775589,104.43012714256007,0.009524434536014929,0.5,85.05542209378417,0.0,0.08035449570007122,7.117832211635731,0.025366991569233895,19.613145188829147,144.5510721166949,0.03626754983750924,0.4760659332233336,227.01631113927627,0.2588208839720612,30.0
548,0.584679289086437,104.42895366766986,0.013380268603620543,0.5,85.05542209378417,0.0,0.08035449570007122,7.117726609854791,0.03504530104011759,19.613145188829147,144.5207382793186,0.03664375276607412,0.480826592555567,226.99559619637884,0.2551849772535182,30.0
549,0.6139132535407589,104.42738219992493,0.017065035772638213,0.5,85.05542209378417,0.0,0.08437222048507478,7.117611729658423,0.03630901125442744,19.613145188829147,144.48995868522752,0.03718223389026588,0.48563485848112264,226.97432104619955,0.2519331978654799,30.0
550,0.6446089162177968,104.4253742042707,0.02076706877298601,0.5,85.05542209378417,0.0,0.08859083150932853,7.117490553770065,0.035412691975491975,19.613145188829147,144.45879165455403,0.03765026337698356,0.49049120706593385,226.95251459327704,0.24822138506031324,30.0
551,0.6768393620286867,104.42299676075001,0.023417112479767868,0.5,85.05542209378417,0.0,0.09302037308479497,7.117379459636894,0.030019767923006983,19.613145188829147,144.42724849883646,0.03810462834747186,0.4953961191365932,226.93019232415242,0.24424962621590032,30.0
552,0.710681330130121,104.42039513097878,0.02440502900465187,0.5,85.05542209378417,0.0,0.09302037308479497,7.117257938803884,0.03483705170673799,19.613145188829147,144.398758899671,0.03873538063877109,0.5003500803279591,226.90738221882356,0.23991878873325384,30.0
553,0.7462153966366271,104.41766275746349,0.02441094557580862,0.5,85.05542209378417,0.0,0.09302037308479497,7.117088169064885,0.04866883339475867,19.613145188829147,144.369675819585,0.03954229649684264,0.5053535811312387,226.8848620468791,0.234524002665766,30.0
554,0.7835261664684584,104.41472749544361,0.02497480531381975,0.5,85.05542209378417,0.0,0.09767139173903472,7.116897373929707,0.05194212698367361,19.613145188829147,144.3400071051223,0.04033854394017515,0.5104071169425511,226.86284183802465,0.22846107565217966,30.0
555,0.8227024747918814,104.41148525052152,0.026273126445693826,0.5,85.05542209378417,0.0,0.10255496132598646,7.116698992783666,0.05008125774174202,19.613145188829147,144.309808602359,0.041058861251881594,0.5155111881119766,226.84162877228235,0.22214931627248474,30.0
556,0.8638375985314756,104.40785469222119,0.028018833682673674,0.5,85.05542209378417,0.0,0.10768270939228579,7.116504243732383,0.045459395808495964,19.613145188829147,144.27914892999408,0.04168588236074046,0.5206662999930963,226.82066892664693,0.21568563351995138,30.0
557,0.9070294784580494,104.40375857325739,0.03010647438397962,0.5,85.05542209378417,0.0,0.11306684486190008,7.116321291795824,0.039487423333940015,18.679185894123,144.24866099066,0.04352500800537519,0.5258729629930273,226.8001260387352,0.20850783108665955,30.0
558,0.9523809523809519,104.39924510029854,0.03159431071184274,0.5,85.05542209378417,0.0,0.11872018710499509,7.116157868552188,0.03261437701300483,17.78970085154571,144.2181056912899,0.04580223074027716,0.5311316926229576,226.78018678584712,0.20049716137162443,30.0
559,0.9999999999999996,104.39470463555111,0.02938812134269252,0.5,85.05542209378417,0.0,0.11872018710499509,7.115986309745094,0.03423799142630204,16.942572239567344,144.187465322331,0.04822623707996704,0.5364430095491871,226.76113198552625,0.19147485910587825,30.0
560,1.0499999999999996,104.39063705356807,0.02434340404615856,0.5,85.05542209378417,0.0,0.11872018710499509,7.115803785010161,0.040998303519979316,16.135783085302233,144.15681581059775,0.0506526586634869,0.541807439644679,226.7431892459664,0.18163291838615786,30.0
561,1.1024999999999996,104.38700430247258,0.020102687017742822,0.5,85.05542209378417,0.0,0.12465619646024485,7.115607709394951,0.041944830828685754,16.135783085302233,144.1257161239494,0.051396636463538085,0.5472255140411258,226.7263594669669,0.1718600457971402,30.0
562,1.1576249999999997,104.38357816888583,0.01805649541498986,0.5,85.05542209378417,0.0,0.13088900628325711,7.115409213179873,0.039262736653455796,16.135783085302233,144.0946672095975,0.051312728053261224,0.5526977691815371,226.71057806002344,0.1622932542411263,30.0
563,1.2155062499999998,104.38002110252191,0.017853848220294417,0.5,85.05542209378417,0.0,0.13743345659741998,7.1152230603734425,0.03404641599601044,16.135783085302233,144.06394754286916,0.05076859972811534,0.5582247468733526,226.69574541566897,0.15314171133133897,30.0
564,1.2762815625,104.37590628989653,0.01909692359235003,0.5,85.05542209378417,0.0,0.14430512942729098,7.115059635772231,0.027637116125899436,16.135783085302233,144.03275863200057,0.05004280788649203,0.563806994342086,226.68176607796525,0.14460018970862548,30.0
565,1.340095640625,104.3711220730093,0.020530412846271606,0.5,85.05542209378417,0.0,0.14430512942729098,7.114893033197556,0.028174550642517983,16.135783085302233,144.0011033440165,0.04931176016026509,0.5694450642855069,226.66848426071826,0.1369148971307653,30.0
566,1.40710042265625,104.3658010265887,0.021113359712894558,0.5,85.05542209378417,0.0,0.14430512942729098,7.11472238651496,0.03153441752692565,16.135783085302233,143.96991155781086,0.04858972949844564,0.575139514928362,226.6557323444987,0.13041156073793042,30.0
567,1.4774554437890626,104.36010457345611,0.02089961587384408,0.5,85.05542209378417,0.0,0.15152038589865555,7.114528216158963,0.03317747775714126,16.135783085302233,143.93935181770118,0.047605145010998,0.5808909100776456,226.64340399997099,0.1247351074941095,30.0
568,1.5513282159785158,104.35455836062418,0.018814980951513776,0.5,85.05542209378417,0.0,0.15909640519358834,7.114348971331732,0.02916874690234989,16.942572239567344,143.90781774025066,0.045421120329183315,0.5866998191784221,226.63129211291186,0.1205327339981239,30.0
569,1.6288946267774416,104.34951642021754,0.01581533647664205,0.5,85.05542209378417,0.0,0.16705122545326775,7.114165117198079,0.02766419362909833,17.78970085154571,143.87587688742263,0.042540020616700897,0.5925668173702063,226.61961235778347,0.11725700458460453,30.0
570,1.6288946267774416,104.34558450531038,0.011974230492312212,0.5,85.05542209378417,0.0,0.16705122545326775,7.11399493101394,0.024861749886017234,18.679185894123,143.84368828366144,0.03963937546146154,0.5984924855439084,226.6083402261545,0.11425932340325459,30.0
571,1.6288946267774416,104.34254487416852,0.0092568747705763,0.5,85.05542209378417,0.0,0.16705122545326775,7.113846894550225,0.021625994809970427,19.613145188829147,143.8113401793398,0.03683383817960366,0.6044774103993475,226.59735540665633,0.11189653867727642,30.0
572,1.6288946267774416,104.3397928821516,0.008380900274325412,0.5,85.05542209378417,0.0,0.16705122545326775,7.113703138506567,0.02100068710117323,20.593802448270605,143.7790226657331,0.03402589498766359,0.6105221845033411,226.58651696157204,0.1102197692994678,30.0
573,1.6288946267774416,104.33697499076952,0.008581589812602283,0.5,85.05542209378417,0.0,0.16705122545326775,7.1135821815675575,0.017670066344425327,21.623492570684135,143.74698185859182,0.031192382019465094,0.6166274063483744,226.57570688317435,0.10906460551666315,30.0
574,1.6288946267774416,104.33409111967414,0.008782524042663232,0.5,85.05542209378417,0.0,0.15909640519358834,7.113454187555457,0.019632985417997264,22.704667199218342,143.7152283644266,0.02858315021026951,0.6227936804118582,226.5647954954005,0.10863880814347238,30.0
575,1.5513282159785158,104.33103121637201,0.009784542062564827,0.5,85.05542209378417,0.0,0.15152038589865555,7.11332382699028,0.020995790231547906,23.83990055917926,143.68346686471412,0.026435835843462117,0.6290216172159768,226.55367611445718,0.10852827651653543,30.0
576,1.4774554437890626,104.32784541735668,0.010696469940177745,0.5,85.05542209378417,0.0,0.14430512942729098,7.113200316954378,0.02088707073219365,25.031895587138223,143.65141646813782,0.024666011494067854,0.6353118333881366,226.54217951122396,0.10907929763217486,30.0
577,1.40710042265625,104.32471811097084,0.011025082096799282,0.5,85.05542209378417,0.0,0.14430512942729098,7.113101952196962,0.016634693940080058,26.283490366495137,143.61917277457232,0.02294477393944568,0.641664951722018,226.5319896993466,0.11030325403730643,30.0
578,1.340095640625,104.32213218101792,0.009572325456889453,0.5,85.05542209378417,0.0,0.13743345659741998,7.113030473780413,0.012692276121195833,26.283490366495137,143.59297950221205,0.021928545748776677,0.6480816012392382,226.52289478987643,0.1123239405930494,30.0
579,1.2762815625,104.32027267800291,0.007227479781077896,0.5,85.05542209378417,0.0,0.13088900628325711,7.1129732272521435,0.010673406292375003,25.031895587138223,143.57172514126162,0.02198054707705407,0.6545624172516306,226.5133173169337,0.11492736418361595,30.0
580,1.2155062499999998,104.31898018643872,0.00527481235613552,0.5,85.05542209378417,0.0,0.12465619646024487,7.1129263592538665,0.009175285610788567,23.83990055917926,143.55137996183052,0.02275756632524785,0.6611080414241469,226.50322372342328,0.11800901111384295,30.0
581,1.1576249999999997,104.31796300114476,0.004358817334728918,0.5,85.05542209378417,0.0,0.1187201871049951,7.112876342383523,0.010281322907647553,22.704667199218342,143.5310485578905,0.023879265305979145,0.6611080414241469,226.49269113331053,0.12169733432039251,30.0
582,1.1024999999999996,104.31707211450157,0.0038917337331098637,0.5,85.05542209378417,0.0,0.11306684486190009,7.112820003828756,0.012159829537619323,21.623492570684135,143.51070121197242,0.025092888642974317,0.6611080414241469,226.48170444504254,0.12565198150553808,30.0
583,1.0499999999999996,104.31597448487805,0.004887970373386379,0.5,85.05542209378417,0.0,0.11306684486190009,7.112812424765677,0.0016358267525408152,20.593802448270605,143.4896845375568,0.026421590759422582,0.6611080414241469,226.4702531388715,0.12977949537592398,30.0
584,0.9999999999999996,104.31445429960446,0.00710818243378432,0.5,85.05542209378417,0.0,0.11306684486190009,7.112875703713671,-0.013657809010452795,19.613145188829147,143.46808656489705,0.027679613821810882,0.6611080414241469,226.45834582796715,0.13370506174314073,30.0
585,0.9523809523809519,104.31227404658877,0.010704299192576837,0.5,85.05542209378417,0.0,0.11306684486190009,7.112989323032467,-0.026796966917494617,19.613145188829147,143.4454166974426,0.02820712322590722,0.6611080414241469,226.44592836462698,0.13766005745539323,30.0
586,0.9070294784580494,104.30934609801587,0.015093991011610167,0.5,85.05542209378417,0.0,0.11306684486190009,7.113182947158141,-0.04566599540493489,19.613145188829147,143.42238476680714,0.028657622585145818,0.6611080414241469,226.4346733842644,0.14170093557914828,30.0
587,0.8638375985314756,104.30513621338383,0.02278768126377283,0.5,85.05542209378417,0.0,0.1187201871049951,7.113557477986675,-0.06906121656770847,19.613145188829147,143.39920897171768,0.028836626824614044,0.6611080414241469,226.42424472907615,0.14572643985158734,30.0
588,0.8227024747918814,104.29958329275256,0.031560269772612906,0.5,85.05542209378417,0.0,0.12465619646024487,7.114283136355888,-0.09535046747893684,19.613145188829147,143.37803608391002,0.028787343187546444,0.6611080414241469,226.41321648010202,0.14992155438365154,30.0
589,0.7835261664684584,104.29268862081582,0.04114548123539132,0.5,85.05542209378417,0.0,0.13088900628325711,7.115472328001964,-0.11889965845580268,19.613145188829147,143.356882909597,0.028760540082456307,0.6611080414241469,226.40158925457888,0.1539125382424746,30.0
590,0.7462153966366271,104.28431819932042,0.050922291868125386,0.5,85.05542209378417,0.0,0.13743345659741998,7.117170491171952,-0.1400963280558522,19.613145188829147,143.33566550724757,0.028847866598475273,0.6611080414241469,226.38936045687487,0.1575842347652214,30.0
591,0.710681330130121,104.27466368683486,0.059874656803247855,0.5,85.05542209378417,0.0,0.14430512942729098,7.119345401748506,-0.1564574657308309,19.613145188829147,143.31432856937644,0.029010390960698917,0.6611080414241469,226.37651334627387,0.16098512359118292,30.0
592,0.6768393620286867,104.26398624683063,0.06750437222192117,0.5,85.05542209378417,0.0,0.15152038589865555,7.121886611276947,-0.16518819747845195,19.613145188829147,143.29289786209213,0.029137882888243746,0.6611080414241469,226.36303732939496,0.1640451447968306,30.0
593,0.6446089162177968,104.2525196704797,0.07390104923235846,0.5,85.05542209378417,0.0,0.15909640519358834,7.124660064079616,-0.16809301071921956,19.613145188829147,143.27137342242975,0.02926532446159003,0.6611080414241469,226.34893619819107,0.16670260076288185,30.0
594,0.6139132535407589,104.24019316064413,0.08098583013557936,0.5,85.05542209378417,0.0,0.16705122545326775,7.127521900508398,-0.16449333994575502,20.593802448270605,143.24867886118392,0.028530984391000856,0.6611080414241469,226.3342520529074,0.16870749088037978,30.0
595,0.584679289086437,104.22688174156039,0.08915492573385685,0.5,85.05542209378417,0.0,0.17540378672593115,7.130464867222817,-0.16062279168087407,21.623492570684135,143.22491327204946,0.027625937574530794,0.6611080414241469,226.3190256879154,0.17023514248127794,30.0
596,0.5568374181775589,104.2124097802194,0.09880989871138293,0.5,85.05542209378417,0.0,0.1841739760622277,7.133443316342252,-0.15707073963127796,22.704667199218342,143.2000494580083,0.026724504807558405,0.6611080414241469,226.30329429000054,0.17145045035448575,30.0
597,0.5303213506452942,104.1965015686698,0.11072520484376515,0.5,85.05542209378417,0.0,0.1933826748653391,7.136439906443484,-0.1498804267361969,23.83990055917926,143.17423863841483,0.025651761253955158,0.6611080414241469,226.2871083103134,0.17224468023508924,30.0
598,0.5303213506452942,104.17965749263486,0.11723906006403194,0.5,85.05542209378417,0.0,0.20305180860860608,7.139260072860411,-0.14194232931996476,25.031895587138223,143.1474022270975,0.024661149146722898,0.6611080414241469,226.27060455011315,0.17393317886672696,30.0
599,0.5303213506452942,104.16490665614232,0.1207877407254921,0.5,85.05542209378417,0.0,0.2132043990390364,7.141837029147454,-0.12968240493216793,26.283490366495137,143.11976537727702,0.023482854376144335,0.6611080414241469,226.25386909332644,0.17585773831847054,30.0
600,0.5303213506452942,104.15205196530512,0.12383657139300058,0.5,85.05542209378417,0.0,0.22386461899098822,7.144193349093424,-0.11637323872565272,26.283490366495137,143.09206739487013,0.022849318780045518,0.6611080414241469,226.23706413847304,0.1772802256170569,30.0
601,0.5303213506452942,104.14091555932944,0.12621570930856157,0.5,85.05542209378417,0.0,0.23505784994053763,7.146364771011317,-0.10856639814641933,26.283490366495137,143.06468481714805,0.022589127186250973,0.6611080414241469,226.22029484426744,0.1781486791584355,30.0
602,0.5303213506452942,104.13058685232596,0.1298421166836208,0.5,85.05542209378417,0.0,0.2468107424375645,7.148432401593963,-0.10316381430115107,26.283490366495137,143.041569677485,0.022433793490521756,0.6611080414241469,226.2036984330038,0.17814349193505385,30.0
603,0.5568374181775589,104.12005193739243,0.1261279575161199,0.5,85.05542209378417,0.0,0.2468107424375645,7.150001146643217,-0.08951959472052326,26.283490366495137,143.0192734344823,0.022621290847632182,0.6611080414241469,226.18706510738048,0.17781226893583227,30.0
604,0.584679289086437,104.10953044203521,0.11996885077115793,0.5,85.05542209378417,0.0,0.2468107424375645,7.151129432274061,-0.0635925250601842,26.283490366495137,142.99710028575632,0.022496402029629988,0.6611080414241469,226.17059075759968,0.17686458396529253,30.0
605,0.6139132535407589,104.09959775092074,0.10786204790529012,0.5,85.05542209378417,0.0,0.2468107424375645,7.151851536035014,-0.04139667840912172,25.031895587138223,142.97512060189104,0.02341512255968806,0.6611080414241469,226.15439916665565,0.17498532223901253,30.0
606,0.6446089162177968,104.09082451919652,0.0907344127943326,0.5,85.05542209378417,0.0,0.23505784994053763,7.152047624722038,-0.011850127983023456,23.83990055917926,142.95288469268917,0.024872485405025714,0.6611080414241469,226.1384631700247,0.17222326366753735,30.0
607,0.6768393620286867,104.08362599091225,0.07090336533900234,0.5,85.05542209378417,0.0,0.22386461899098822,7.151726117797526,0.02072936000844122,22.704667199218342,142.92949744792006,0.02666830589900666,0.6611080414241469,226.12301302410043,0.1688297061250618,30.0
608,0.710681330130121,104.07807276773981,0.05209295115342782,0.5,85.05542209378417,0.0,0.2132043990390364,7.150878842030382,0.05840054034758582,21.623492570684135,142.90500670607173,0.02846888001088962,0.6611080414241469,226.10820157107963,0.1648431902813878,30.0
609,0.7462153966366271,104.07414685580117,0.03507398316319305,0.5,85.05542209378417,0.0,0.20305180860860608,7.149540878544263,0.09505055749759492,21.623492570684135,142.87885919890675,0.029509476654203927,0.6611080414241469,226.0939801680011,0.16114969884082184,30.0
610,0.7835261664684584,104.071307208488,0.02416126339884471,0.5,85.05542209378417,0.0,0.2132043990390364,7.147983398284749,0.10777870187313573,21.623492570684135,142.8523816551367,0.02988194839431433,0.6611080414241469,226.0802855073059,0.15798528724994448,30.0
611,0.8227024747918814,104.06892721209998,0.019286003230699806,0.5,85.05542209378417,0.0,0.22386461899098822,7.1463801446366535,0.10599985597897954,22.704667199218342,142.82457682969851,0.029015153057431377,0.6611080414241469,226.06701375475183,0.15551651461029578,30.0
612,0.8638375985314756,104.06652235345969,0.018559496556428867,0.5,85.05542209378417,0.0,0.23505784994053763,7.144948572135532,0.09563949870554517,23.83990055917926,142.79597992592585,0.027592889591946265,0.6611080414241469,226.05404383993204,0.15380547213282733,30.0
613,0.9070294784580494,104.06377213113655,0.020214134074979014,0.5,85.05542209378417,0.0,0.2468107424375645,7.143806979008852,0.08146407591331539,25.031895587138223,142.76688990909656,0.025953481135203352,0.6611080414241469,226.04125253764718,0.15282913437331413,30.0
614,0.9523809523809519,104.06054117979572,0.022616659386038948,0.5,85.05542209378417,0.0,0.2591512795594427,7.142970884525398,0.06635688560880414,26.283490366495137,142.73752563906143,0.02422391482960922,0.6611080414241469,226.02856458432245,0.1522859819706519,30.0
615,0.9999999999999996,104.05708065740505,0.023070149270985194,0.5,85.05542209378417,0.0,0.2591512795594427,7.142261156818036,0.05953682552280447,27.597664884819896,142.70788151524764,0.022611908342654256,0.6677191218383884,226.01584927612353,0.15186174663276855,30.0
616,1.0499999999999996,104.05376462917185,0.02105414751226703,0.5,85.05542209378417,0.0,0.2591512795594427,7.141575006482359,0.05820150710770254,28.977548129060892,142.6779236052037,0.021129225906389444,0.6743963130567723,226.00307974464027,0.15165461286446835,30.0
617,1.1024999999999996,104.05098780326662,0.016791086350626202,0.5,85.05542209378417,0.0,0.2591512795594427,7.140937517277758,0.060160477556462984,30.42642553551394,142.64766128418924,0.019735484113933686,0.68114027618734,225.99022979174896,0.151661179312234,30.0
618,1.1576249999999997,104.04903880951004,0.011224093908177047,0.5,85.05542209378417,0.0,0.2591512795594427,7.140202371352358,0.06453781565099291,31.947746812289637,142.6170767347467,0.018442556117081774,0.6879516789492134,225.97724082315366,0.1519807179445337,30.0
619,1.2155062499999998,104.04813509062522,0.004956611753823045,0.5,85.05542209378417,0.0,0.2591512795594427,7.139341674952774,0.06995865805678657,31.947746812289637,142.58678945371005,0.017731361709416048,0.6948311957387056,225.96406156710825,0.15261897614802716,30.0
620,1.2762815625,104.04812654663161,4.462961705723467e-5,0.5,85.05542209378417,0.0,0.2721088435374149,7.138465250645784,0.068835152385554,31.947746812289637,142.55650147487557,0.017215310900596522,0.7017795076960927,225.95062844909958,0.15354740962449218,30.0
621,1.340095640625,104.04895894223037,-0.004020365125436149,0.5,85.05542209378417,0.0,0.28571428571428564,7.1376418495436695,0.06405363092314617,31.947746812289637,142.52702174378092,0.016755912926189154,0.7087973027730536,225.93688557658302,0.15474680537206606,30.0
622,1.40710042265625,104.05067928301152,-0.007682873501298626,0.5,85.05542209378417,0.0,0.29999999999999993,7.136926307645462,0.057270809252053134,31.947746812289637,142.49749376981958,0.016294498613874078,0.7158852758007842,225.9228250992127,0.15599409157834193,30.0
623,1.40710042265625,104.05290982252816,-0.009671234081321305,0.5,85.05542209378417,0.0,0.29999999999999993,7.136299376237344,0.050998315477907556,31.947746812289637,142.4687479942879,0.01586285602149946,0.7230441285587921,225.90861435666767,0.15636247002412237,30.0
624,1.40710042265625,104.05510119999704,-0.009501434206260278,0.5,85.05542209378417,0.0,0.29999999999999993,7.1357263905721195,0.04525247486159315,31.947746812289637,142.43982249704254,0.01549711875907415,0.73027456984438,225.89433820738196,0.15613902148396896,30.0
625,1.40710042265625,104.05684076515604,-0.007542454068649398,0.5,85.05542209378417,0.0,0.29999999999999993,7.135222163085871,0.03982218584306828,31.947746812289637,142.4106399086614,0.015179473646443448,0.7375773155428238,225.88000616935346,0.15569991371789793,30.0
626,1.40710042265625,104.05781479036196,-0.00422320505732029,0.5,85.05542209378417,0.0,0.29999999999999993,7.134780696210189,0.03486556454457471,31.947746812289637,142.38193308803835,0.014932000596664125,0.744953088698252,225.8655727864438,0.15532717445454702,30.0
627,1.40710042265625,104.05818679604728,-0.0015659732021737907,0.5,85.05542209378417,0.0,0.28571428571428564,7.1343508359765275,0.03564635666876503,31.947746812289637,142.35772301786105,0.014815285520760222,0.7524026195852346,225.85096498713318,0.15528502190380888,30.0
628,1.40710042265625,104.0583235070556,-0.0005587287389739645,0.5,85.05542209378417,0.0,0.2721088435374149,7.133874109130775,0.040300418959974944,31.947746812289637,142.33259331910995,0.014930145324511142,0.7599266457810869,225.8361486955216,0.1555165077962534,30.0
629,1.40710042265625,104.05850804832137,-0.00075420779905128,0.5,85.05542209378417,0.0,0.2721088435374149,7.1333824339493255,0.04156408639713653,31.947746812289637,142.30721883447703,0.015075578376705234,0.7675259122388978,225.82109179160773,0.156104335962685,30.0
630,1.40710042265625,104.05868773103921,-0.0007343512389299953,0.5,85.05542209378417,0.0,0.2721088435374149,7.132901061123915,0.04069316992078044,31.947746812289637,142.28163423148067,0.015200414640442014,0.7752011713612867,225.8057792935547,0.156941361890894,30.0
631,1.40710042265625,104.05870935367467,-8.837026364271195e-5,0.5,85.05542209378417,0.0,0.2721088435374149,7.1324432689031445,0.038699767923736986,33.54513415290412,142.25533611923078,0.014880311692095876,0.7829531830748996,225.7901843006476,0.15798766930626978,30.0
632,1.40710042265625,104.05846518722923,0.0009978919168455145,0.5,85.05542209378417,0.0,0.2721088435374149,7.132016763950249,0.03605487805726041,35.222390860549325,142.22782214156368,0.014395087537256579,0.7907827149056486,225.77428722405554,0.15909824164590702,30.0
633,1.40710042265625,104.05812723836854,0.0013409459900334338,0.5,85.05542209378417,0.0,0.2591512795594427,7.131580651819877,0.03758289175927085,36.983510403576794,142.19902574769802,0.013930686248958019,0.798690542054705,225.75805663474117,0.16027081797968104,30.0
634,1.40710042265625,104.05785975978615,0.0010613272425503287,0.5,85.05542209378417,0.0,0.2591512795594427,7.131128055301285,0.039003469025953655,38.83268592375563,142.16922981045508,0.01332799843567065,0.806677447475252,225.74148747932762,0.16136469730242303,30.0
635,1.40710042265625,104.05785228801875,2.964719725569134e-5,0.5,85.05542209378417,0.0,0.2591512795594427,7.130691137554295,0.03765231748730718,40.77432021994342,142.1384011360166,0.012750764067806477,0.8147442219500046,225.72458339846676,0.16239838414387492,30.0
636,1.340095640625,104.05776375525114,0.00036885327095215377,0.5,85.05542209378417,0.0,0.2591512795594427,7.130329888230512,0.031131429942460452,40.77432021994342,142.10810075591476,0.012532261113394554,0.8228916641695047,225.70748114859268,0.1625017546407599,30.0
637,1.2762815625,104.05738217087007,0.0016692811427163304,0.5,85.05542209378417,0.0,0.24681074243756448,7.130032139936983,0.02694204807271994,40.77432021994342,142.0778430415816,0.012514614517835504,0.8311205808111997,225.69028625910934,0.16192596815748553,30.0
638,1.2155062499999998,104.05653452522321,0.0038935210986361696,0.5,85.05542209378417,0.0,0.2350578499405376,7.1297749144988325,0.024439062403822306,40.77432021994342,142.0519223319514,0.012612736413303278,0.8394317866193116,225.67305408176432,0.1609027749349515,30.0
639,1.1576249999999997,104.05519073817699,0.006481088409824499,0.5,85.05542209378417,0.0,0.2238646189909882,7.1295440353216195,0.02303269145226228,40.77432021994342,142.02941945163727,0.012881950242137475,0.8478261044855048,225.65581048553597,0.15954670852064431,30.0
640,1.1024999999999996,104.05353583373243,0.008136591116680945,0.5,85.05542209378417,0.0,0.21320439903903637,7.129337911178027,0.021591264965892726,38.83268592375563,142.00952698163394,0.013660292975792802,0.8563043655303598,225.63859794599108,0.15785861132296483,30.0
641,1.0499999999999996,104.05168924831412,0.009532970975442636,0.5,85.05542209378417,0.0,0.20305180860860605,7.129148059351501,0.0208810965578491,36.983510403576794,141.98899961869995,0.014801092133558116,0.8648674091856634,225.6214751654695,0.155980986491902,30.0
642,0.9999999999999996,104.04974395887955,0.010237529620279757,0.5,85.05542209378417,0.0,0.19338267486533908,7.128965800725056,0.02104824614683403,35.222390860549325,141.96767161060376,0.01614731052233959,0.8648674091856634,225.6046610743849,0.15432378448244377,30.0
643,0.9523809523809519,104.04767620575608,0.011093324145290405,0.5,85.05542209378417,0.0,0.18417397606222768,7.128778624516974,0.022696963794208377,33.54513415290412,141.94544385039,0.017669932982393485,0.8648674091856634,225.58816453651048,0.15298447780329524,30.0
644,0.9070294784580494,104.04558360425884,0.011787965291959463,0.5,85.05542209378417,0.0,0.17540378672593113,7.12858518683466,0.02462904085270169,31.947746812289637,141.92240299598953,0.01923211635618979,0.8648674091856634,225.57197123496647,0.15172753315653012,30.0
645,0.8638375985314756,104.04354299675049,0.01206982841208297,0.5,85.05542209378417,0.0,0.16705122545326773,7.128386485480789,0.026564187952549775,30.42642553551394,141.89865959934346,0.020809452071730097,0.8648674091856634,225.55717023174716,0.15047684204500894,30.0
646,0.8227024747918814,104.04160855337088,0.01201398090938364,0.5,85.05542209378417,0.0,0.1590964051935883,7.128183476938261,0.028497012342054977,28.977548129060892,141.8743763096037,0.02234676274810212,0.8648674091856634,225.54199676103994,0.14920282270606183,30.0
647,0.7835261664684584,104.03977780571965,0.011938470746091615,0.5,85.05542209378417,0.0,0.15152038589865552,7.127981049208152,0.029836255775366905,27.597664884819896,141.84959089328456,0.023949288388506396,0.8648674091856634,225.52647175630324,0.1478037328781301,30.0
648,0.7835261664684584,104.0382567826843,0.009918728558714306,0.5,85.05542209378417,0.0,0.14430512942729096,7.127719819616977,0.03925082246470434,26.283490366495137,141.8244080385981,0.0255499852673692,0.8648674091856634,225.5107548487355,0.14735815212368283,30.0
649,0.7835261664684584,104.03711102131662,0.007471613338495249,0.5,85.05542209378417,0.0,0.14430512942729096,7.127478837520076,0.04259829767145039,25.031895587138223,141.79894824163753,0.027122513218608042,0.8563043655303598,225.49507117175142,0.14773629459247095,30.0
650,0.7835261664684584,104.03627158019069,0.005474071381923654,0.5,85.05542209378417,0.0,0.14430512942729096,7.127235073531977,0.043090051336477114,23.83990055917926,141.77331059333187,0.028677578574087408,0.8478261044855048,225.47951053728264,0.14843482318235524,30.0
651,0.7835261664684584,104.03559509849417,0.004411398227742756,0.5,85.05542209378417,0.0,0.14430512942729096,7.126992202406081,0.04168176745938251,22.704667199218342,141.74757693246391,0.03022422440531643,0.8394317866193116,225.46419520765676,0.14894506708873997,30.0
652,0.7835261664684584,104.03502280572154,0.004390556290844338,0.5,85.05542209378417,0.0,0.14430512942729096,7.126757422003208,0.039119640859292384,21.623492570684135,141.72104734220972,0.03176407469215248,0.8311205808111997,225.4492366570365,0.14901160066697838,30.0
653,0.7835261664684584,104.03436844254416,0.00556767772328442,0.5,85.05542209378417,0.0,0.14430512942729096,7.126543442483092,0.035653750805211055,21.623492570684135,141.69326989783167,0.032289455987167086,0.8228916641695047,225.434684301208,0.1486464461775178,30.0
654,0.7835261664684584,104.03351113011865,0.007294480279732547,0.5,85.05542209378417,0.0,0.14430512942729096,7.1263541852938515,0.03153446021249557,21.623492570684135,141.66547494507844,0.03230980832434334,0.8147442219500046,225.42058055511976,0.14788198114772783,30.0
655,0.7835261664684584,104.03259304158063,0.007811596492417847,0.5,85.05542209378417,0.0,0.13743345659741996,7.126153325426796,0.03514111081804106,21.623492570684135,141.6378092657319,0.03215953647351191,0.806677447475252,225.4069203701543,0.1468606120732489,30.0
656,0.7835261664684584,104.03155674127456,0.008817406492010885,0.5,85.05542209378417,0.0,0.13743345659741996,7.125949052143518,0.03573829949208002,22.704667199218342,141.60897505893487,0.030992023061847944,0.798690542054705,225.3936616227668,0.14594048934864834,30.0
657,0.7835261664684584,104.03038645676845,0.009957416920175004,0.5,85.05542209378417,0.0,0.13743345659741996,7.125753189018176,0.03426691401202042,23.83990055917926,141.57938849416323,0.02940423852487023,0.7907827149056486,225.38074692664665,0.14538650334966075,30.0
658,0.8227024747918814,104.02922942196268,0.00937588691922822,0.5,85.05542209378417,0.0,0.13743345659741996,7.125537414767028,0.037750432589811485,25.031895587138223,141.5493490712164,0.02760453627019799,0.7829531830748996,225.36786244333385,0.1463002894627701,30.0
659,0.8638375985314756,104.02822593096357,0.0077444417856802755,0.5,85.05542209378417,0.0,0.13743345659741996,7.125308956817881,0.044328449040268364,26.283490366495137,141.5189837746905,0.02580119807569194,0.7829531830748996,225.35484262322717,0.14792619282950265,30.0
660,0.9070294784580494,104.0274648111954,0.0055942302961178745,0.5,85.05542209378417,0.0,0.13743345659741996,7.125037624912878,0.052647424040532464,27.597664884819896,141.48837099955534,0.024051298257731515,0.7829531830748996,225.34170668226656,0.14995540887798756,30.0
661,0.9523809523809519,104.02686057485218,0.004229654402460006,0.5,85.05542209378417,0.0,0.14430512942729096,7.124746734825314,0.05375463112397912,28.977548129060892,141.4576286701972,0.02233294877952266,0.7829531830748996,225.32848704958747,0.1522434237837102,30.0
662,0.9999999999999996,104.02625959127072,0.0040065572095115505,0.5,85.05542209378417,0.0,0.15152038589865552,7.124450203498534,0.050667680182604494,30.42642553551394,141.42683538741164,0.020684201757996786,0.7829531830748996,225.3150034782056,0.15463378508424838,30.0
663,1.0499999999999996,104.02554330501309,0.0045478492551302725,0.5,85.05542209378417,0.0,0.1590964051935883,7.124162901893438,0.045391231783129204,30.42642553551394,141.39659012151796,0.019724361666809,0.7829531830748996,225.30259057476198,0.15702241976638806,30.0
664,1.1024999999999996,104.0246312594129,0.005515014967099497,0.5,85.05542209378417,0.0,0.16705122545326773,7.123896526622446,0.038913589823672656,30.42642553551394,141.37186230132065,0.018971971291528986,0.7829531830748996,225.28973723858587,0.15945594828774282,30.0
665,1.1576249999999997,104.02354094142974,0.00627905112125032,0.5,85.05542209378417,0.0,0.16705122545326773,7.123642034212106,0.037177675061300035,30.42642553551394,141.35066564774883,0.018577407148586873,0.7829531830748996,225.27652217729855,0.1614743537802462,30.0
666,1.2155062499999998,104.0222881559855,0.006871131235787298,0.5,85.05542209378417,0.0,0.16705122545326773,7.123382451026487,0.04143769831298088,30.42642553551394,141.32902149064483,0.0184171001720595,0.7907827149056486,225.26299105348775,0.1626347922184238,30.0
667,1.2762815625,104.02090308342251,0.007234937303761916,0.5,85.05542209378417,0.0,0.16705122545326773,7.123090800419478,0.046556674452026055,30.42642553551394,141.3067109614833,0.018431183331007704,0.798690542054705,225.24928831767167,0.16322107270539757,30.0
668,1.340095640625,104.01930753417663,0.007937489422439716,0.5,85.05542209378417,0.0,0.17540378672593113,7.122783538315377,0.04671310843550935,30.42642553551394,141.2843718946551,0.0184547588797977,0.806677447475252,225.23551106596855,0.16344591855184218,30.0
669,1.40710042265625,104.0174873918257,0.008623607913411716,0.5,85.05542209378417,0.0,0.18417397606222768,7.122473502607688,0.043582783030607045,30.42642553551394,141.26197831338172,0.01849979437510372,0.8147442219500046,225.2217128025569,0.16345232204280136,30.0
670,1.4774554437890626,104.0155990058171,0.008272711853005016,0.5,85.05542209378417,0.0,0.19338267486533908,7.1221662419807314,0.03993775350102241,30.42642553551394,141.23956399434218,0.018516926266867746,0.8228916641695047,225.20790558089172,0.1632973618302765,30.0
671,1.5513282159785158,104.01410467727074,0.006053083889533192,0.5,85.05542209378417,0.0,0.19338267486533908,7.12185898285318,0.03993755860855909,31.947746812289637,141.21596319480904,0.01802783357351728,0.8311205808111997,225.1940616018482,0.16312360403287204,30.0
672,1.5513282159785158,104.0130124249749,0.004295525894617198,0.5,85.05542209378417,0.0,0.20305180860860605,7.121579136013885,0.03363338681987983,33.54513415290412,141.19150977089217,0.017271496826365012,0.8394317866193116,225.18028274750048,0.1621748760046378,30.0
673,1.5513282159785158,104.01219843196789,0.0032012091466540366,0.5,85.05542209378417,0.0,0.20305180860860605,7.12133566687098,0.028409062235175045,33.54513415290412,141.16693028714775,0.01685488651153876,0.8478261044855048,225.16661866852584,0.16070819185344554,30.0
674,1.5513282159785158,104.01138480503586,0.003496474499046459,0.5,85.05542209378417,0.0,0.20305180860860605,7.12113165902576,0.023804542547230495,35.222390860549325,141.1414910591108,0.016129855630743338,0.8563043655303598,225.15303525955784,0.15919075555712492,30.0
675,1.5513282159785158,104.01042720064854,0.004115202175083242,0.5,85.05542209378417,0.0,0.19338267486533908,7.120933206915605,0.024314088409120922,35.222390860549325,141.11657244550608,0.01579975773554203,0.8648674091856634,225.13949127304573,0.15777943972919245,30.0
676,1.5513282159785158,104.00926917788343,0.0048315326832998875,0.5,85.05542209378417,0.0,0.18417397606222768,7.120704588640409,0.028553890427773076,36.983510403576794,141.09056743865224,0.015246038099721066,0.8735160832775201,225.12591613809732,0.1567727148210018,30.0
677,1.5513282159785158,104.00813090638981,0.0047491259151312545,0.5,85.05542209378417,0.0,0.18417397606222768,7.1204622097405466,0.030272560418521912,36.983510403576794,141.0648866479836,0.015055958845336736,0.8822512441102953,225.11224788143025,0.15624543956020365,30.0
678,1.5513282159785158,104.00706662184012,0.004440435664120315,0.5,85.05542209378417,0.0,0.18417397606222768,7.120219698067005,0.030289143542005296,36.983510403576794,141.03931620025546,0.014991267738630477,0.8910737565513983,225.0984336152444,0.15608520991907027,30.0
679,1.5513282159785158,104.00596220494724,0.0044736668639200165,0.5,85.05542209378417,0.0,0.18417397606222768,7.119985662781065,0.029230462460744178,38.83268592375563,141.01254195357168,0.0145141218511793,0.8999844941169123,225.084417876254,0.15627874371364492,30.0
680,1.5513282159785158,104.00478039559911,0.004647728987843678,0.5,85.05542209378417,0.0,0.18417397606222768,7.119767252106653,0.027278984849754887,38.83268592375563,140.98617569736254,0.014292953220994923,0.9089843390580814,225.07018105736307,0.15668605575856956,30.0
681,1.5513282159785158,104.00342205934481,0.005186369358585203,0.5,85.05542209378417,0.0,0.18417397606222768,7.119566109576137,0.02512223387119638,40.77432021994342,140.95866849900912,0.013787748082132475,0.9180741824486622,225.05569796547903,0.15730541855412358,30.0
682,1.5513282159785158,104.00185421867847,0.005811936366840315,0.5,85.05542209378417,0.0,0.18417397606222768,7.119390735687979,0.021903790421380697,42.81303623094059,140.9302128245198,0.013188315893653258,0.9272549242731488,225.04095328680964,0.1580480264841756,30.0
683,1.5513282159785158,104.00013120817205,0.006201112734026109,0.5,85.05542209378417,0.0,0.18417397606222768,7.119226093445319,0.020563432878063115,42.81303623094059,140.9015913397315,0.012878799791950385,0.9365274735158803,225.02594873496577,0.15882168335441124,30.0
684,1.5513282159785158,103.99879464657472,0.004810283576418606,0.5,85.05542209378417,0.0,0.17540378672593113,7.119052199470765,0.022804900289495635,44.95368804248762,140.8718252626333,0.012384495242755348,0.9458927482510391,225.01067001957287,0.15961163772003642,30.0
685,1.5513282159785158,103.998477162292,0.0013442653535611323,0.5,85.05542209378417,0.0,0.17540378672593113,7.118874244204218,0.023337508502265538,44.95368804248762,140.84265194159934,0.012137872732346051,0.9553516757335495,224.9951301352886,0.1602753773821022,30.0
686,1.4774554437890626,103.99884407511735,-0.0016312291254376404,0.5,85.05542209378417,0.0,0.17540378672593113,7.1187256308294575,0.0194895378165289,44.95368804248762,140.81374571416913,0.012026745577331452,0.964905192490885,224.97944515585476,0.16007126538822894,30.0
687,1.40710042265625,103.99947073830546,-0.0029253346634614628,0.5,85.05542209378417,0.0,0.17540378672593113,7.118625500613887,0.013131332399122645,44.95368804248762,140.78491519109858,0.01199524796750595,0.9745542444157939,224.9636819382181,0.15933242746992837,30.0
688,1.340095640625,104.0000686855235,-0.00293084952976007,0.5,85.05542209378417,0.0,0.16705122545326773,7.118555908735707,0.009582779617646624,44.95368804248762,140.7560160413885,0.012023800816030307,0.9842997868599518,224.94787194793588,0.1582270904599691,30.0
689,1.2762815625,104.00053695266973,-0.0023397876025783733,0.5,85.05542209378417,0.0,0.1590964051935883,7.118504548306328,0.007425930627384631,44.95368804248762,140.73138221372656,0.012057844571838129,0.9941427847285513,224.93201344437185,0.15693283661096216,30.0
690,1.2155062499999998,104.0009725348369,-0.0022187323349564317,0.5,85.05542209378417,0.0,0.15152038589865552,7.118472386646547,0.004882587045363596,44.95368804248762,140.7059313975551,0.012094899722885109,1.004084212575837,224.91614571569625,0.15521608731387593,30.0
691,1.1576249999999997,104.00118159889195,-0.0010855910782307638,0.5,85.05542209378417,0.0,0.14430512942729096,7.118447488662294,0.003968853131164744,44.95368804248762,140.68018410321974,0.012235793973107463,1.004084212575837,224.9003990124887,0.15373856534120708,30.0
692,1.1024999999999996,104.00132111769238,-0.0007385360573337453,0.5,85.05542209378417,0.0,0.13743345659741996,7.1184229557988274,0.004106183759820351,44.95368804248762,140.65794308928417,0.01243472584063842,1.004084212575837,224.8847438205156,0.15261552040839726,30.0
693,1.0499999999999996,104.00144520003303,-0.0006695777623963203,0.5,85.05542209378417,0.0,0.1308890062832571,7.118395032490576,0.004907341809838294,44.95368804248762,140.63649546085333,0.012722799464525765,1.004084212575837,224.86921159454715,0.1516081876073956,30.0
694,0.9999999999999996,104.0015037312234,-0.0003316406059423235,0.5,85.05542209378417,0.0,0.12465619646024484,7.118361722959579,0.006146632601384851,42.81303623094059,140.61487497117676,0.013466608354178582,1.004084212575837,224.8535029843376,0.1505378566279348,30.0
695,0.9523809523809519,104.00148089575094,0.0001358562565055695,0.5,85.05542209378417,0.0,0.11872018710499507,7.11832123768805,0.007844316221896196,40.77432021994342,140.5927917915248,0.014442540980260047,1.004084212575837,224.83730317173143,0.1495733290869926,30.0
696,0.9070294784580494,104.001260511242,0.0013767021983937472,0.5,85.05542209378417,0.0,0.11872018710499507,7.118303008859543,0.0035319682877384445,38.83268592375563,140.57017244559327,0.01553285702047792,1.004084212575837,224.8206134189992,0.1486714597928704,30.0
697,0.8638375985314756,104.00074874014406,0.0033567886365300946,0.5,85.05542209378417,0.0,0.11872018710499507,7.11832729966883,-0.0047065212145812425,36.983510403576794,140.5470057268279,0.016704178709219548,1.004084212575837,224.8034660085943,0.14759951713664207,30.0
698,0.8227024747918814,103.99990455913394,0.005813974440744388,0.5,85.05542209378417,0.0,0.11872018710499507,7.118409072509078,-0.01584408336766478,35.222390860549325,140.52327262718487,0.01796819130346422,1.004084212575837,224.7859033348295,0.14631535921725844,30.0
699,0.7835261664684584,103.9987339596889,0.00846515964092969,0.5,85.05542209378417,0.0,0.11872018710499507,7.118528702061801,-0.026870926367155625,33.54513415290412,140.4990554139266,0.019251446442563738,0.9941427847285513,224.76820534772352,0.1448565775817303,30.0
700,0.7462153966366271,103.99722156332622,0.011483697980890054,0.5,85.05542209378417,0.0,0.11872018710499507,7.118703512556336,-0.03926554785009664,31.947746812289637,140.47434173888044,0.020628413591639097,0.9842997868599518,224.75047378154542,0.1431401314355566,30.0
701,0.710681330130121,103.9952544892119,0.01568289231012023,0.5,85.05542209378417,0.0,0.12465619646024483,7.118971663369862,-0.05736328047659049,30.42642553551394,140.44925019407484,0.02199101109335685,0.9745542444157939,224.73279602016797,0.14098918391956397,30.0
702,0.6768393620286867,103.99269785945852,0.021402404844780537,0.5,85.05542209378417,0.0,0.13088900628325706,7.1194574217189865,-0.0776936361094843,28.977548129060892,140.42384853867898,0.023375941753470485,0.964905192490885,224.71529739327121,0.1383444762371539,30.0
703,0.6446089162177968,103.98945130955121,0.02853685565601576,0.5,85.05542209378417,0.0,0.13743345659741993,7.120260374364888,-0.09827908611343841,27.597664884819896,140.39817816325547,0.024804393686367988,0.9553516757335495,224.6980973155366,0.13512148332555446,30.0
704,0.6139132535407589,103.9854908961849,0.036552227807992804,0.5,85.05542209378417,0.0,0.14430512942729093,7.121412606702453,-0.11464851025200393,26.283490366495137,140.37240403039448,0.02614988344551424,0.9458927482510391,224.68129528404396,0.13104555369957246,30.0
705,0.584679289086437,103.98069434541746,0.045959349838194836,0.5,85.05542209378417,0.0,0.1515203858986555,7.122912509273751,-0.12777358405477132,25.031895587138223,140.34652517535798,0.027568938939188166,0.9365274735158803,224.66504273370052,0.12624405912922532,30.0
706,0.5568374181775589,103.97510483035104,0.055789225052613814,0.5,85.05542209378417,0.0,0.15909640519358828,7.124707777127658,-0.13642954385545658,23.83990055917926,140.3206095992961,0.02898846102993956,0.9272549242731488,224.6493984571586,0.12085755191131224,30.0
707,0.5303213506452942,103.96881220923764,0.06544465062450724,0.5,85.05542209378417,0.0,0.1670512254532677,7.126728611399498,-0.14114064947907742,22.704667199218342,140.2947402698495,0.030383567360288598,0.9180741824486622,224.63441841576244,0.11498017908288499,30.0
708,0.5050679529955182,103.96192543251762,0.074609137505914,0.5,85.05542209378417,0.0,0.1754037867259311,7.128926191622956,-0.14459954224920793,21.623492570684135,140.26891025202988,0.03185426558362047,0.9089843390580814,224.62013097826963,0.10885970118658497,30.0
709,0.4810170980909697,103.9544447648136,0.08465879203649049,0.5,85.05542209378417,0.0,0.18417397606222766,7.131154264957926,-0.14007175730992097,20.593802448270605,140.24330964364884,0.03314991934468112,0.8999844941169123,224.60660578113198,0.10261423680244314,30.0
710,0.4581115219913997,103.94643953146216,0.09455386988323657,0.5,85.05542209378417,0.0,0.19338267486533905,7.133486385148095,-0.13895562710095535,19.613145188829147,140.21706643997803,0.03464185306340022,0.8910737565513983,224.59380724134212,0.09653793369184022,30.0
711,0.4362966876108568,103.93796258432643,0.10452822594400142,0.5,85.05542209378417,0.0,0.20305180860860603,7.135920044161927,-0.13805002647260026,18.679185894123,140.19022778973846,0.03611578087096277,0.8822512441102953,224.58183343825465,0.0904791627663564,30.0
712,0.4362966876108568,103.92896298092803,0.11290060992563264,0.5,85.05542209378417,0.0,0.21320439903903635,7.138231164927772,-0.12410096585427392,17.78970085154571,140.16563658788056,0.03686208038852418,0.8735160832775201,224.57064123026058,0.08541882787093781,30.0
713,0.4362966876108568,103.91965237962815,0.11692300705300987,0.5,85.05542209378417,0.0,0.22386461899098817,7.140391127814756,-0.11790847048722657,16.942572239567344,140.14071943070877,0.03807594169730788,0.8648674091856634,224.56011499791194,0.08113946898559148,30.0
714,0.4362966876108568,103.91110344860064,0.12101759744952234,0.5,85.05542209378417,0.0,0.23505784994053758,7.1424001255501635,-0.10574356981711783,16.942572239567344,140.1161076904934,0.03760923363163767,0.8563043655303598,224.55020987145997,0.07713504862889001,30.0
715,0.4362966876108568,103.90340831886384,0.12416199239530182,0.5,85.05542209378417,0.0,0.24681074243756446,7.144280659833511,-0.0998337830646414,16.942572239567344,140.0912575789501,0.03686746522485297,0.8478261044855048,224.54094957535628,0.07353188282595266,30.0
716,0.4362966876108568,103.89540388982704,0.12918322249898548,0.5,85.05542209378417,0.0,0.25915127955944267,7.146071678831415,-0.0918898542383694,16.942572239567344,140.06653597555868,0.03560855471770925,0.8394317866193116,224.53234461466195,0.07006225480529661,30.0
717,0.4362966876108568,103.88667558997602,0.13438960502785327,0.5,85.05542209378417,0.0,0.2721088435374148,7.1478186199662765,-0.08897636573955187,16.942572239567344,140.0419567296758,0.03437233544891086,0.8311205808111997,224.5243304249908,0.06691246811925053,30.0
718,0.4362966876108568,103.8773992230286,0.14174401977417717,0.5,85.05542209378417,0.0,0.2857142857142856,7.1495012919374545,-0.08317323580954361,17.78970085154571,140.01731205319004,0.03186669950568415,0.8228916641695047,224.51684672839474,0.06420874304161843,30.0
719,0.4581115219913997,103.86767207834275,0.1415542463483873,0.5,85.05542209378417,0.0,0.2857142857142856,7.150874484382186,-0.07354282551961935,17.78970085154571,139.99331881867312,0.03012073310286047,0.8147442219500046,224.50960880332812,0.06285950953617687,30.0
720,0.4810170980909697,103.85789515005496,0.13550354483717664,0.5,85.05542209378417,0.0,0.2857142857142856,7.152016378575401,-0.061855121777328534,18.679185894123,139.9692565067453,0.027931069633951595,0.806677447475252,224.50249508286132,0.06268672481994607,30.0
721,0.5050679529955182,103.84835992696455,0.1258605966961562,0.5,85.05542209378417,0.0,0.2857142857142856,7.152892717442102,-0.047533561962541444,19.613145188829147,139.94545198808916,0.025549540595866678,0.798690542054705,224.49545899349454,0.0631856491707957,30.0
722,0.5303213506452942,103.83932759456391,0.11023825142012651,0.5,85.05542209378417,0.0,0.2721088435374148,7.153408313800672,-0.029275275246923776,20.593802448270605,139.92171707055212,0.0235550968784856,0.7907827149056486,224.4884217383104,0.06455997312257745,30.0
723,0.5303213506452942,103.83145162818049,0.09332522233236791,0.5,85.05542209378417,0.0,0.25915127955944267,7.153619775361554,-0.012574682311523179,20.593802448270605,139.90241947333993,0.02253105248564448,0.7829531830748996,224.48136028789773,0.06533129983443844,30.0
724,0.5303213506452942,103.82473139728552,0.07847461781468724,0.5,85.05542209378417,0.0,0.24681074243756443,7.153453325749222,0.010538746209561599,20.593802448270605,139.88333974536138,0.021627842377688476,0.7752011713612867,224.4743026813262,0.06550361114155455,30.0
725,0.5303213506452942,103.81932452311335,0.06397111154871836,0.5,85.05542209378417,0.0,0.23505784994053755,7.153023548198758,0.028704832047418617,20.593802448270605,139.86689251048284,0.021297326280390678,0.7675259122388978,224.46735917878178,0.0660708491708102,30.0
726,0.5303213506452942,103.81500885334091,0.050734880005547864,0.5,85.05542209378417,0.0,0.22386461899098814,7.152371722001311,0.04586700875359939,19.613145188829147,139.85076524511533,0.02192715169649329,0.7599266457810869,224.46040865928418,0.0675358375898176,30.0
727,0.5303213506452942,103.81172574118001,0.03841727898861026,0.5,85.05542209378417,0.0,0.21320439903903632,7.1515721893695225,0.05973628791390868,18.679185894123,139.83451565358502,0.023198143819822527,0.7524026195852346,224.45327425566947,0.07040604024422956,30.0
728,0.5303213506452942,103.8091038898288,0.03074745027650777,0.5,85.05542209378417,0.0,0.21320439903903632,7.150627542442021,0.06936629628390963,17.78970085154571,139.81785598923383,0.024245386389745584,0.744953088698252,224.44587470301258,0.07411326444668344,30.0
729,0.5303213506452942,103.8068967195043,0.025964921580537207,0.5,85.05542209378417,0.0,0.21320439903903632,7.1498026344162,0.06966724811679662,16.942572239567344,139.80165752746876,0.025495478153727578,0.7375773155428238,224.4381156855281,0.07870977436120409,30.0
730,0.5303213506452942,103.80497674851807,0.022682957080496002,0.5,85.05542209378417,0.0,0.21320439903903632,7.14905680545578,0.0635106727011461,16.135783085302233,139.7853174994298,0.02700421037746743,0.73027456984438,224.4299116811413,0.08428102641843462,30.0
731,0.5303213506452942,103.80317218780114,0.021472967233040274,0.5,85.05542209378417,0.0,0.21320439903903632,7.148367390455677,0.062155828215935315,15.367412462192602,139.76854739354255,0.028253129781324552,0.7230441285587921,224.42123164776382,0.09063116210191274,30.0
732,0.5303213506452942,103.80151572410452,0.01932995772165781,0.5,85.05542209378417,0.0,0.21320439903903632,7.147753650671145,0.05627847576367839,14.635630916373906,139.75175183292404,0.029710814884060494,0.7158852758007842,224.41202187657652,0.09755604047737007,30.0
733,0.5303213506452942,103.80001404427587,0.017304358935454726,0.5,85.05542209378417,0.0,0.21320439903903632,7.147197378617976,0.05100882173776652,14.635630916373906,139.73452176861065,0.030479438161183006,0.7087973027730536,224.40231724745163,0.10473315845362947,30.0
734,0.5303213506452942,103.79882604274711,0.013536995365503351,0.5,85.05542209378417,0.0,0.21320439903903632,7.146739884808929,0.04195109212933487,14.635630916373906,139.71741595162464,0.031167438030777796,0.7017795076960927,224.3921051192975,0.11217049247684664,30.0
735,0.5303213506452942,103.79789124623684,0.01052382969067617,0.5,85.05542209378417,0.0,0.21320439903903632,7.1462791651925945,0.04224689097146465,14.635630916373906,139.6998172545434,0.03113153785440855,0.6948311957387056,224.38150390097613,0.11899586397462285,30.0
736,0.5303213506452942,103.79755415810816,0.003764993130616719,0.5,85.05542209378417,0.0,0.203051808608606,7.145815897924781,0.043305368706841825,14.635630916373906,139.68243737990932,0.03166678131090846,0.6948311957387056,224.3704237325024,0.12513672373797968,30.0
737,0.5303213506452942,103.79776427260893,-0.0023468036537497307,0.5,85.05542209378417,0.0,0.203051808608606,7.145331404377512,0.04528956211294891,14.635630916373906,139.6648848561421,0.03198135448573842,0.6948311957387056,224.3589495324846,0.13046394177855472,30.0
738,0.5303213506452942,103.79838255345012,-0.007772404919770949,0.5,85.05542209378417,0.0,0.203051808608606,7.144856775125206,0.04436746603568243,14.635630916373906,139.64713311275898,0.032344340073494564,0.6948311957387056,224.34713496654683,0.13495344138179396,30.0
739,0.5303213506452942,103.79928841707839,-0.011387606491104799,0.5,85.05542209378417,0.0,0.203051808608606,7.144405803267591,0.042156016466752454,15.367412462192602,139.62877005527432,0.03186493068562138,0.6948311957387056,224.3350188248317,0.13873292040837193,30.0
740,0.5303213506452942,103.80035594689257,-0.013419911190168847,0.5,85.05542209378417,0.0,0.203051808608606,7.143983989630073,0.03943035989686192,16.135783085302233,139.60940434312704,0.031072409570688523,0.6948311957387056,224.32263943248196,0.1421882991785487,30.0
741,0.5303213506452942,103.80146004491168,-0.013879609885147554,0.5,85.05542209378417,0.0,0.203051808608606,7.14358349376339,0.03743761404550703,16.942572239567344,139.5891457227768,0.030055558501713757,0.6948311957387056,224.31002621351348,0.14527576301151132,30.0
742,0.5568374181775589,103.8027621674636,-0.015589500147382942,0.5,85.05542209378417,0.0,0.203051808608606,7.143155674876209,0.038826912180261935,17.78970085154571,139.56801471431,0.02898735819258502,0.6948311957387056,224.29715999658328,0.14926921663036252,30.0
743,0.584679289086437,103.8043123509249,-0.01767559857487074,0.5,85.05542209378417,0.0,0.203051808608606,7.142641427665228,0.04667075694441568,18.679185894123,139.54621501583912,0.02765109764368537,0.6948311957387056,224.2856064342799,0.15365843438305832,30.0
744,0.6139132535407589,103.80619972787406,-0.020495587807928695,0.5,85.05542209378417,0.0,0.203051808608606,7.142153322914345,0.05211551200245027,19.613145188829147,139.5237317664,0.026369047603505082,0.6948311957387056,224.27351750191545,0.15851784863307433,30.0
745,0.6446089162177968,103.80842564574343,-0.023020861314347357,0.5,85.05542209378417,0.0,0.203051808608606,7.1416680150634875,0.05867500121620635,20.593802448270605,139.50059368530947,0.025092052092648517,0.6948311957387056,224.26064554856697,0.16343866689955627,30.0
746,0.6768393620286867,103.81087602435093,-0.024135501419992787,0.5,85.05542209378417,0.0,0.21320439903903632,7.141179069752929,0.057088198323678084,20.593802448270605,139.47728886510615,0.02453676896668444,0.7017795076960927,224.24691420431336,0.167633341373702,30.0
747,0.710681330130121,103.81335704495554,-0.023273634275568725,0.5,85.05542209378417,0.0,0.22386461899098814,7.1407003319542,0.05536607871256757,20.593802448270605,139.4544351570209,0.02406180997867706,0.7087973027730536,224.23247888582142,0.1707361990552388,30.0
748,0.7462153966366271,103.8156721100682,-0.020682724435265008,0.5,85.05542209378417,0.0,0.23505784994053755,7.140231122622178,0.050174859451586645,21.623492570684135,139.43058699240254,0.02321667671972088,0.7158852758007842,224.2175144088288,0.1729879344136838,30.0
749,0.7835261664684584,103.81782158667868,-0.018288915779970723,0.5,85.05542209378417,0.0,0.23505784994053755,7.139767345956761,0.049593917716592745,22.704667199218342,139.4058598204014,0.02225835266841886,0.7230441285587921,224.20221836405278,0.17430958015930595,30.0
750,0.8227024747918814,103.81989535643525,-0.01680453400090637,0.5,85.05542209378417,0.0,0.23505784994053755,7.139312289368086,0.048178717726577586,23.83990055917926,139.37997949256348,0.02154079953694715,0.73027456984438,224.1867043449279,0.17512670654367474,30.0
751,0.8638375985314756,103.82176317529553,-0.014414892054363367,0.5,85.05542209378417,0.0,0.24681074243756443,7.138827473920227,0.05085619909124013,23.83990055917926,139.35420281721096,0.02082963801900876,0.7375773155428238,224.1710719640688,0.17521263320993133,30.0
752,0.9070294784580494,103.82347296981732,-0.012566989735098106,0.5,85.05542209378417,0.0,0.24681074243756443,7.1383468203520835,0.051932214770138235,25.031895587138223,139.3272528207895,0.020136640146958693,0.744953088698252,224.15534275894757,0.17503956864728604,30.0
753,0.9523809523809519,103.8249511453872,-0.010347228989354947,0.5,85.05542209378417,0.0,0.25915127955944267,7.1378541988554165,0.04921432233710473,26.283490366495137,139.29940874459345,0.01923687783438725,0.7524026195852346,224.1395328904039,0.17468196434811706,30.0
754,0.9999999999999996,103.82613315301703,-0.007880050865358515,0.5,85.05542209378417,0.0,0.2721088435374148,7.13737716001741,0.044066176005787716,26.283490366495137,139.2714140556673,0.01877760481005205,0.7599266457810869,224.12366413514803,0.17414774822316484,30.0
755,1.0499999999999996,103.82703482361454,-0.005724892682542947,0.5,85.05542209378417,0.0,0.2721088435374148,7.136895881508367,0.04316292531101215,27.597664884819896,139.24239396683797,0.017998518649933723,0.7675259122388978,224.10769851775328,0.1736586474063145,30.0
756,1.1024999999999996,103.82776262614804,-0.004400922349350884,0.5,85.05542209378417,0.0,0.2721088435374148,7.136407407014068,0.04380828920768109,27.597664884819896,139.21316949064865,0.017597360697681037,0.7752011713612867,224.09162856420065,0.1731678253674017,30.0
757,1.1576249999999997,103.82834139056995,-0.00333305645534303,0.5,85.05542209378417,0.0,0.2721088435374148,7.135940162220744,0.04578998974596896,28.977548129060892,139.18286165276805,0.016874434670681816,0.7829531830748996,224.075412563528,0.17287210228656538,30.0
758,1.2155062499999998,103.82871562286613,-0.0020525455747631314,0.5,85.05542209378417,0.0,0.2857142857142856,7.135454442138789,0.044013470209374045,28.977548129060892,139.15245289913818,0.01643749643870863,0.7907827149056486,224.0590286096333,0.1727020764136233,30.0
759,1.2762815625,103.82876464262212,-0.00025605507679155287,0.5,85.05542209378417,0.0,0.2999999999999999,7.13497283880982,0.040351762463034575,28.977548129060892,139.1226040936958,0.016134815623508263,0.798690542054705,224.04243867710468,0.17275030793230317,30.0
760,1.340095640625,103.82846153531831,0.0015078889128715318,0.5,85.05542209378417,0.0,0.2999999999999999,7.13450001450339,0.0396162006206376,30.42642553551394,139.09161516772832,0.01548877433928843,0.806677447475252,224.02561775295905,0.17288704576022726,30.0
761,1.40710042265625,103.82787478480547,0.0027799508996184798,0.5,85.05542209378417,0.0,0.2999999999999999,7.134018768124742,0.04032185491548389,30.42642553551394,139.06043897621,0.015128517221686828,0.8147442219500046,224.00857911297086,0.1729562265000443,30.0
762,1.4774554437890626,103.82702423909733,0.0038378854298381565,0.5,85.05542209378417,0.0,0.2999999999999999,7.133546617971069,0.04196890254872896,31.947746812289637,139.0281849470724,0.014472073297228397,0.8228916641695047,223.99132015537555,0.17304504049808445,30.0
763,1.5513282159785158,103.82586069877337,0.005000189781327391,0.5,85.05542209378417,0.0,0.3149999999999999,7.133063639789619,0.03969615710284669,31.947746812289637,138.9958120735211,0.01410232781064381,0.8311205808111997,223.97385531174368,0.17308109618315157,30.0
764,1.6288946267774416,103.8243622219549,0.005954270414151495,0.5,85.05542209378417,0.0,0.3307499999999999,7.132579306635537,0.03680769561663784,31.947746812289637,138.96420741016257,0.013767678742539374,0.8394317866193116,223.95620596734105,0.172955365892543,30.0
765,1.7103393581163138,103.82262015300502,0.006400550696862149,0.5,85.05542209378417,0.0,0.3307499999999999,7.132096534434774,0.035620454755974786,33.54513415290412,138.9314790516821,0.013182787588913334,0.8478261044855048,223.93837816824225,0.17268750923957235,30.0
766,1.7958563260221296,103.82078075072431,0.006248880198985849,0.5,85.05542209378417,0.0,0.3307499999999999,7.131613772732258,0.035619680162288184,33.54513415290412,138.8986290503488,0.012846392819860568,0.8563043655303598,223.9204070565271,0.17220872649207394,30.0
767,1.7958563260221296,103.81879868413542,0.006733544255371929,0.5,85.05542209378417,0.0,0.3307499999999999,7.131135482184031,0.034261926509700225,33.54513415290412,138.86630437818863,0.012640956453277674,0.8648674091856634,223.9024161485015,0.17106800111131223,30.0
768,1.7958563260221296,103.81644167476884,0.008007312654764367,0.5,85.05542209378417,0.0,0.3307499999999999,7.130676554064798,0.0319173939675128,33.54513415290412,138.83435300480213,0.01249497342458336,0.8735160832775201,223.88448555064676,0.16949412904474662,30.0
769,1.8856491423232362,103.81354831442795,0.00936135475063375,0.5,85.05542209378417,0.0,0.3307499999999999,7.130213043571568,0.03129717235658251,33.54513415290412,138.80266428644353,0.012392258979325515,0.8822512441102953,223.86654652593433,0.16831984676227552,30.0
770,1.979931599439398,103.81011799904067,0.01057014466726237,0.5,85.05542209378417,0.0,0.3307499999999999,7.129836918904294,0.029878474638908272,35.222390860549325,138.76927492748155,0.012073338127407763,0.8910737565513983,223.84851856768142,0.1675896205536849,30.0
771,2.078928179411368,103.80652137738979,0.010554856546667095,0.5,85.05542209378417,0.0,0.3307499999999999,7.129412158935059,0.03275917540652717,35.222390860549325,138.73592037720582,0.011709467544989513,0.8999844941169123,223.83034626814495,0.1672353022334262,30.0
772,2.1828745883819365,103.8028015656076,0.010396550019860935,0.5,85.05542209378417,0.0,0.3307499999999999,7.12898088327944,0.03477153182097751,35.222390860549325,138.70316559238233,0.011498913541423504,0.9089843390580814,223.81203255038093,0.16691392115488235,30.0
773,2.2920183178010336,103.79896190464638,0.010220493370768505,0.5,85.05542209378417,0.0,0.3307499999999999,7.128546285789691,0.035039354174818245,35.222390860549325,138.67060269556436,0.011431549228168159,0.9180741824486622,223.79357688573478,0.16662873178165455,30.0
774,2.2920183178010336,103.79495730951118,0.010659518755804788,0.5,85.05542209378417,0.0,0.34728749999999986,7.128120855253851,0.0317154599715668,35.222390860549325,138.64323620797364,0.011302699794455466,0.9272549242731488,223.77507963589386,0.16581653745793726,30.0
775,2.2920183178010336,103.79063729377995,0.011499112184349174,0.5,85.05542209378417,0.0,0.34728749999999986,7.127705171865021,0.030086232055205497,35.222390860549325,138.62013482915836,0.011224890370941893,0.9365274735158803,223.75668364651594,0.16429247374133352,30.0
776,2.2920183178010336,103.78592259064823,0.012549699723277526,0.5,85.05542209378417,0.0,0.34728749999999986,7.12734240923867,0.026255945872588594,33.54513415290412,138.6005325515207,0.011765790626674722,0.9458927482510391,223.73859195100653,0.1617950905141712,30.0
777,2.2920183178010336,103.78078323970561,0.013680036536963248,0.5,85.05542209378417,0.0,0.34728749999999986,7.127030298890281,0.02258984751566698,31.947746812289637,138.58346957736097,0.012651432018696134,0.9553516757335495,223.7209787079468,0.15846391978382657,30.0
778,2.2920183178010336,103.77530459136435,0.01415843277656629,0.5,85.05542209378417,0.0,0.3307499999999999,7.126756455259978,0.020811197634963217,30.42642553551394,138.56764080345397,0.013872830281320327,0.964905192490885,223.7034954398108,0.1543673020852626,30.0
779,2.2920183178010336,103.76985296382048,0.013678255454226459,0.5,85.05542209378417,0.0,0.3149999999999999,7.126463892693422,0.023345462721916697,28.977548129060892,138.5511141084891,0.015208735527450489,0.9745542444157939,223.68632380601687,0.14954862121819176,30.0
780,2.2920183178010336,103.76551600056276,0.012614684690989754,0.5,85.05542209378417,0.0,0.2999999999999999,7.126144002838325,0.026021736249009525,27.597664884819896,138.5333541211464,0.01676347449167739,0.9842997868599518,223.66962811335188,0.14411384846948094,30.0
781,2.2920183178010336,103.76144059235344,0.011853914015951542,0.5,85.05542209378417,0.0,0.2999999999999999,7.125813198301591,0.026909601126050574,26.283490366495137,138.51351759692096,0.01836674646393185,0.9941427847285513,223.6535275173363,0.1382745237996883,30.0
782,2.2920183178010336,103.75747094595414,0.01154629049993632,0.5,85.05542209378417,0.0,0.2999999999999999,7.12548744938319,0.02649834717504598,25.031895587138223,138.49232191044655,0.019919803731801574,1.004084212575837,223.63811902554602,0.13212210907081784,30.0
783,2.2920183178010336,103.7534851722066,0.011593199224147805,0.5,85.05542209378417,0.0,0.2999999999999999,7.1251677343662525,0.025250013473183053,23.83990055917926,138.47046003093135,0.0213968901666356,1.0141250547015952,223.62347741451433,0.12575177561965695,30.0
784,2.2920183178010336,103.74930115091827,0.011815369766969841,0.5,85.05542209378417,0.0,0.2999999999999999,7.124870497037071,0.023474801523186973,22.704667199218342,138.4484499968111,0.02279463008908142,1.0242663052486112,223.60966164139415,0.11922009599708135,30.0
785,2.2920183178010336,103.74497204426197,0.01222508022291696,0.5,85.05542209378417,0.0,0.2999999999999999,7.124604197807407,0.021031414793332263,21.623492570684135,138.42615603604992,0.024156221094476158,1.0345089683010973,223.59670624642573,0.11262995334603948,30.0
786,2.2920183178010336,103.74054567604412,0.012499739751446581,0.5,85.05542209378417,0.0,0.2999999999999999,7.124377830255531,0.01787774559212721,20.593802448270605,138.40414514261127,0.025496208690745002,1.0448540579841084,223.58462395724152,0.10605323376443174,30.0
787,2.2920183178010336,103.73622319574481,0.012206367876104776,0.5,85.05542209378417,0.0,0.2999999999999999,7.124186103237375,0.015141953099191039,19.613145188829147,138.38260360790005,0.02675744864735655,1.0553025985639495,223.5734128610041,0.0995457791789517,30.0
788,2.2920183178010336,103.73208933141451,0.011673730189903739,0.5,85.05542209378417,0.0,0.2999999999999999,7.1239842567702,0.015941153044693766,18.679185894123,138.3614279264565,0.027665371662363034,1.065855624549589,223.56306232204486,0.09313191703787085,30.0
789,2.2920183178010336,103.72817488182592,0.011054119024737014,0.5,85.05542209378417,0.0,0.2857142857142856,7.123791412754192,0.01599167831266948,17.78970085154571,138.33983957991214,0.02875216613727107,1.0765141807950849,223.55358146985765,0.08670114401112383,30.0
790,2.2920183178010336,103.7245714027606,0.010175961036099171,0.5,85.05542209378417,0.0,0.2721088435374148,7.123586903804993,0.01780694814939244,16.942572239567344,138.31792598060218,0.029752055740511284,1.0872793226030357,223.54490876538256,0.08064521950515129,30.0
791,2.2920183178010336,103.72135353511592,0.00908702261833901,0.5,85.05542209378417,0.0,0.25915127955944267,7.123359727621645,0.020769654629998826,16.135783085302233,138.29579651993942,0.030628530913326193,1.0981521158290661,223.53695168056373,0.07514802607773474,30.0
792,2.1828745883819365,103.71844783133722,0.008615769453286072,0.5,85.05542209378417,0.0,0.25915127955944267,7.1231441341537804,0.01971070119233283,16.135783085302233,138.27304083248043,0.03057792933034506,1.1091336369873568,223.52956664012495,0.07028089295199899,30.0
793,2.078928179411368,103.71574166289263,0.00842532875176941,0.5,85.05542209378417,0.0,0.24681074243756443,7.122949421580951,0.018691741676517142,16.135783085302233,138.2499988213115,0.03006085096340246,1.1202249733572303,223.52259846328468,0.06619974620146031,30.0
794,1.9799315994393978,103.71320367113557,0.00829681748527489,0.5,85.05542209378417,0.0,0.23505784994053755,7.122779314225779,0.017146211098173998,16.135783085302233,138.2268605168725,0.029307258426938453,1.1314272230908027,223.5158872288064,0.06299610645939512,30.0
795,1.885649142323236,103.71084217808355,0.00810582643934237,0.5,85.05542209378417,0.0,0.22386461899098814,7.122623634875956,0.016476515919181724,16.135783085302233,138.20380073788053,0.02835708460073286,1.1314272230908027,223.5095132789697,0.06085896573782187,30.0
796,1.7958563260221294,103.70866751981606,0.007837741715572517,0.5,85.05542209378417,0.0,0.21320439903903632,7.122487557212193,0.015122044674294764,16.135783085302233,138.1815534379254,0.02735796241507606,1.1314272230908027,223.50330231819908,0.05976514621930941,30.0
797,1.7103393581163135,103.70669240865357,0.007474476313214916,0.5,85.05542209378417,0.0,0.203051808608606,7.12236956886312,0.013767405231847924,16.135783085302233,138.16332273196116,0.026374910773173374,1.1314272230908027,223.49710757438982,0.059640157296105736,30.0
798,1.6288946267774413,103.7049069295438,0.007094687957237469,0.5,85.05542209378417,0.0,0.19338267486533903,7.122267347715641,0.012523998939121577,16.135783085302233,138.14781140960656,0.025634656874271636,1.1314272230908027,223.49166167301124,0.06009228886020779,30.0
799,1.5513282159785156,103.7033342274777,0.006561668442480021,0.5,85.05542209378417,0.0,0.18417397606222763,7.122179363750762,0.011318662189808211,15.367412462192602,138.13296734102295,0.02575852179864762,1.1314272230908027,223.4868014932922,0.06090593165352421,30.0
800,1.4774554437890624,103.70194664698231,0.0061355274717815956,0.5,85.05542209378417,0.0,0.17540378672593107,7.122104953318952,0.010051125444476469,14.635630916373906,138.11850118754566,0.026357872436974242,1.1314272230908027,223.4824325079062,0.06231251053584693,30.0
801,1.4071004226562498,103.70070414610042,0.005843885018249456,0.5,85.05542209378417,0.0,0.16705122545326767,7.1220335691833725,0.010124460081581584,13.938696110832291,138.1043524523918,0.02706850060452441,1.1314272230908027,223.47784943954827,0.06416046505474371,30.0
802,1.3400956406249998,103.69956697562172,0.005683100348482061,0.5,85.05542209378417,0.0,0.15909640519358825,7.121969015194676,0.009613522531540294,13.274948676983135,138.0904374273747,0.027952449596519508,1.1314272230908027,223.47293424684648,0.06642950576801465,30.0
803,1.2762815624999997,103.69849086073971,0.005721911627200591,0.5,85.05542209378417,0.0,0.15152038589865546,7.121907975786828,0.009544629560255435,12.64280826379346,138.0766482374466,0.029084656173186375,1.1314272230908027,223.46763127420587,0.06936279346677444,30.0
804,1.2155062499999996,103.69739984012601,0.006159047240967974,0.5,85.05542209378417,0.0,0.1443051294272909,7.121847751966719,0.009887952351254834,12.64280826379346,138.06259016168482,0.029651799860551165,1.1314272230908027,223.46185934774047,0.07270065855699899,30.0
805,1.1576249999999995,103.69627377293764,0.006741203344794585,0.5,85.05542209378417,0.0,0.1374334565974199,7.121790728152208,0.009830681576408056,12.64280826379346,138.04837913178568,0.029974416237555288,1.1202249733572303,223.45564450532507,0.0764805592007337,30.0
806,1.1024999999999994,103.69518411779868,0.006911849232274599,0.5,85.05542209378417,0.0,0.13088900628325703,7.12174001181355,0.009180462397385751,12.04076977504139,138.03440949120562,0.030938532648796615,1.1091336369873568,223.44896813108113,0.08047268039651315,30.0
807,1.0499999999999994,103.69411847546145,0.007173406571908812,0.5,85.05542209378417,0.0,0.13088900628325703,7.121704599908167,0.006410117023469951,11.467399785753704,138.02016367805248,0.0321627961347877,1.0981521158290661,223.44181037337677,0.0847053679311621,30.0
808,0.9999999999999993,103.69295541580492,0.008305847558187944,0.5,85.05542209378417,0.0,0.13088900628325703,7.1217088301153835,-0.0007657346592969764,11.467399785753704,138.00559068243635,0.03290147652751965,1.0872793226030357,223.4341407015628,0.08897766736061981,30.0
809,0.9523809523809517,103.69171691668467,0.00937875445199706,0.5,85.05542209378417,0.0,0.12465619646024478,7.1217353705278015,-0.005044447763638674,11.467399785753704,137.99077765942158,0.03344338678609573,1.0765141807950849,223.42596110479272,0.09314445904325411,30.0
810,0.9070294784580492,103.69045484228451,0.010143790014458455,0.5,85.05542209378417,0.0,0.11872018710499503,7.121771220369916,-0.007154553052288364,11.467399785753704,137.97574017642125,0.03395015047038172,1.065855624549589,223.41728763508507,0.09716157854537713,30.0
811,0.8638375985314753,103.68921236948972,0.010605307932773625,0.5,85.05542209378417,0.0,0.11306684486190002,7.121808798921276,-0.007874529137754696,11.467399785753704,137.96046086502096,0.03449612685239046,1.0553025985639495,223.40814521605984,0.10090905664409967,30.0
812,0.8227024747918813,103.6879591239568,0.01136146726177502,0.5,85.05542209378417,0.0,0.11306684486190002,7.121866881586445,-0.01369872019549032,11.467399785753704,137.94494325823914,0.035034126733205995,1.0448540579841084,223.3985546222847,0.10425845237330754,30.0
813,0.7835261664684583,103.68667569661605,0.01235669310729614,0.5,85.05542209378417,0.0,0.11306684486190002,7.121952679090002,-0.02023522838169688,11.467399785753704,137.92923065330532,0.03547437438630879,1.0345089683010973,223.38854983309994,0.10714967551802693,30.0
814,0.746215396636627,103.68532228685896,0.013835331821205157,0.5,85.05542209378417,0.0,0.11306684486190002,7.122083064026131,-0.03075111571706996,11.467399785753704,137.91374919993333,0.03600107821299626,1.0242663052486112,223.37817072794925,0.10945283144792933,30.0
815,0.7106813301301209,103.68382817666853,0.016244649024046882,0.5,85.05542209378417,0.0,0.11872018710499503,7.1222848199269695,-0.04531796560378469,10.921333129289241,137.8984611462881,0.03732890716851753,1.0141250547015952,223.3675157430767,0.1109274892239308,30.0
816,0.6768393620286866,103.68206177313243,0.020449382201224657,0.5,85.05542209378417,0.0,0.12465619646024478,7.122583729800029,-0.062029003736927615,10.921333129289241,137.88282516647078,0.03817844001816019,1.004084212575837,223.35663132529146,0.11169213996567788,30.0
817,0.6446089162177967,103.67993062468409,0.026306043270772145,0.5,85.05542209378417,0.0,0.13088900628325703,7.123091742469195,-0.08010851210625661,10.921333129289241,137.86692323591762,0.038827813088190236,0.9941427847285513,223.34559058674688,0.11180345608715238,30.0
818,0.6139132535407588,103.67739235832921,0.03344774546673232,0.5,85.05542209378417,0.0,0.1374334565974199,7.12386186881383,-0.09696441708910405,10.921333129289241,137.85082390746868,0.03930980038996708,0.9842997868599518,223.33446688102333,0.11117518283398893,30.0
819,0.5846792890864368,103.67443634212299,0.04162458731951119,0.5,85.05542209378417,0.0,0.1443051294272909,7.124917754008295,-0.11121702427501073,10.921333129289241,137.8345731468742,0.039679552919361635,0.9745542444157939,223.3233368557973,0.10982990797380623,30.0
820,0.5568374181775588,103.67110071503208,0.05025769571258374,0.5,85.05542209378417,0.0,0.15152038589865546,7.126257050214451,-0.12242797035247217,10.401269646942135,137.81858951970307,0.04097865667974322,0.964905192490885,223.31232705674896,0.1075103297855566,30.0
821,0.5303213506452941,103.66729260542408,0.05969062753813873,0.5,85.05542209378417,0.0,0.15909640519358825,7.1278339087673555,-0.12969900563525336,9.905971092325842,137.80268619683866,0.04281141200254273,0.9553516757335495,223.3015397460539,0.1043809332335121,30.0
822,0.5050679529955181,103.66300826696093,0.06988364332853919,0.5,85.05542209378417,0.0,0.16705122545326767,7.129580742777562,-0.13327178807211007,9.905971092325842,137.78641890047223,0.04379122104517151,0.9458927482510391,223.2910013669856,0.10080616407910033,30.0
823,0.4810170980909696,103.65826778988756,0.08055406455972855,0.5,85.05542209378417,0.0,0.17540378672593107,7.131437883914791,-0.13412567262730815,9.905971092325842,137.7699621243487,0.044301296582032815,0.9365274735158803,223.28077583930883,0.09683929427237806,30.0
824,0.4810170980909696,103.6531354992839,0.08844254612288087,0.5,85.05542209378417,0.0,0.18417397606222763,7.1333033319915415,-0.12919649079630607,9.905971092325842,137.75345232527076,0.04444403326448143,0.9272549242731488,223.2709478242014,0.09348265806517557,30.0
825,0.4810170980909696,103.64771319853254,0.09340506230939379,0.5,85.05542209378417,0.0,0.19338267486533903,7.135094202650505,-0.12156853384586022,9.434258183167469,137.73736540549285,0.04547093359988243,0.9180741824486622,223.26157208297246,0.09023574516455198,30.0
826,0.4810170980909696,103.64253132175074,0.09672400244791372,0.5,85.05542209378417,0.0,0.203051808608606,7.136744418433221,-0.11189391972591795,9.434258183167469,137.7211881922317,0.045726155173729396,0.9089843390580814,223.2526305785312,0.08732639623761318,30.0
827,0.4810170980909696,103.63700945527647,0.09917350837163327,0.5,85.05542209378417,0.0,0.21320439903903632,7.138257426628085,-0.10276246465629077,9.434258183167469,137.70508887383113,0.04550597927379034,0.8999844941169123,223.2441578575354,0.08436722868890985,30.0
828,0.4810170980909696,103.63119571495942,0.10077608863268818,0.5,85.05542209378417,0.0,0.22386461899098814,7.139675588715232,-0.09580821235850037,9.434258183167469,137.68915993532806,0.04502438720331913,0.8910737565513983,223.2361644732706,0.08143243529816296,30.0
829,0.4810170980909696,103.62506918683184,0.10245591416191699,0.5,85.05542209378417,0.0,0.23505784994053755,7.14099317270964,-0.08783435052795749,9.434258183167469,137.67354950927555,0.04412408691651962,0.8822512441102953,223.22867226858142,0.07832541918762664,30.0
830,0.4810170980909696,103.61868470837362,0.10392498606557198,0.5,85.05542209378417,0.0,0.24681074243756443,7.1422646691758445,-0.08264816327069031,9.434258183167469,137.6582966412969,0.04311342112989041,0.8735160832775201,223.22166474400396,0.07520218141190256,30.0
831,0.5050679529955181,103.61200652513651,0.10287246141442377,0.5,85.05542209378417,0.0,0.25915127955944267,7.143437843228839,-0.07667531491000441,9.434258183167469,137.64297570213793,0.042044494787125686,0.8648674091856634,223.21492771179206,0.0731328461942456,30.0
832,0.5303213506452941,103.60515440958851,0.10074687785741823,0.5,85.05542209378417,0.0,0.2721088435374148,7.14445682592457,-0.06707763160144431,9.434258183167469,137.62775831873086,0.040543992101230546,0.8563043655303598,223.2084684023545,0.0713667564404974,30.0
833,0.5303213506452941,103.59842089846704,0.09937659936449879,0.5,85.05542209378417,0.0,0.2857142857142856,7.145440872787967,-0.06349333016640993,9.434258183167469,137.6126277828522,0.03913844895074262,0.8478261044855048,223.20225394469676,0.06902538630522588,30.0
834,0.5303213506452941,103.59191187689616,0.09692989887094842,0.5,85.05542209378417,0.0,0.2857142857142856,7.146309852366291,-0.05779766519106568,9.434258183167469,137.59804461887026,0.037722551509538335,0.8394317866193116,223.19630810964821,0.06622058731377713,30.0
835,0.5303213506452941,103.58572790818687,0.09354728866334258,0.5,85.05542209378417,0.0,0.2857142857142856,7.14711247742406,-0.05254153957342251,9.434258183167469,137.5839420718723,0.0364793302881486,0.8311205808111997,223.19077881499393,0.0633761934621025,30.0
836,0.5303213506452941,103.57989892489967,0.0898211054228104,0.5,85.05542209378417,0.0,0.2857142857142856,7.1478362604467485,-0.04738037264220575,9.434258183167469,137.57027542978042,0.03535176666129946,0.8228916641695047,223.18560482007604,0.06081008927059738,30.0
837,0.5303213506452941,103.57434847158547,0.08524070984038264,0.5,85.05542209378417,0.0,0.2857142857142856,7.148528842789649,-0.045337909930907284,9.434258183167469,137.55685200214867,0.03472263912672952,0.8147442219500046,223.18066061274268,0.05935898013497397,30.0
838,0.5303213506452941,103.56912505939371,0.07957904605061324,0.5,85.05542209378417,0.0,0.2721088435374148,7.149003090820828,-0.03259754667439631,9.434258183167469,137.54387142728154,0.03357710334016893,0.806677447475252,223.1759084118623,0.058156847952954074,30.0
839,0.5303213506452941,103.5644166847179,0.07156046044525109,0.5,85.05542209378417,0.0,0.25915127955944267,7.149305217759607,-0.021170002237900866,9.434258183167469,137.5310346136985,0.03320523325414645,0.798690542054705,223.1712239645753,0.05842966939439699,30.0
840,0.5303213506452941,103.56029059353449,0.06248898647179249,0.5,85.05542209378417,0.0,0.24681074243756443,7.149422875127829,-0.008656451147974802,8.985007793492827,137.5185689526107,0.03385742423383647,0.7907827149056486,223.1665198816146,0.05971525324546821,30.0
841,0.5303213506452941,103.55677972029838,0.05331475791120626,0.5,85.05542209378417,0.0,0.23505784994053755,7.149355719186261,0.00503682972774078,8.985007793492827,137.5059584159066,0.0342509144120993,0.7829531830748996,223.16168005217236,0.062288325739027386,30.0
842,0.5303213506452941,103.5538728451219,0.04405091497831654,0.5,85.05542209378417,0.0,0.22386461899098814,7.149105672325857,0.019118169482107147,8.985007793492827,137.49324721857633,0.034524314234008854,0.7752011713612867,223.1566094530609,0.06607576404019469,30.0
843,0.5303213506452941,103.55155875780808,0.03493537116187521,0.5,85.05542209378417,0.0,0.21320439903903632,7.148680376797625,0.03314879852850433,8.985007793492827,137.48043778218909,0.03479113694046976,0.7675259122388978,223.15123011483786,0.07097054855733091,30.0
844,0.5303213506452941,103.54982135370123,0.026094539886434717,0.5,85.05542209378417,0.0,0.203051808608606,7.148109185105985,0.04538485286608742,8.985007793492827,137.46856583119936,0.03523484531139158,0.7599266457810869,223.14547328381386,0.07691503802206875,30.0
845,0.5050679529955181,103.54847643317682,0.021322568393625427,0.5,85.05542209378417,0.0,0.203051808608606,7.147499021578199,0.048481415850886674,8.557150279516977,137.45658014111459,0.036263138810664584,0.7524026195852346,223.13934512233183,0.08195655126258722,30.0
846,0.4810170980909696,103.54723225040648,0.020863385344527172,0.5,85.05542209378417,0.0,0.203051808608606,7.1469682536493915,0.04217292497011034,8.557150279516977,137.44435351316943,0.03699210502048464,0.744953088698252,223.13284154475747,0.08649924325389872,30.0
847,0.4581115219913996,103.5460001476127,0.021924475082007008,0.5,85.05542209378417,0.0,0.19338267486533903,7.14651177684837,0.03808351800637097,8.557150279516977,137.43187971818304,0.03773991784233044,0.7375773155428238,223.12596819464957,0.09072661605048127,30.0
848,0.4362966876108567,103.54478544814685,0.02300516940545871,0.5,85.05542209378417,0.0,0.18417397606222763,7.1461069174680105,0.03546597097798601,8.557150279516977,137.4191192466262,0.03860726817407039,0.73027456984438,223.11950373306794,0.09505437085241882,30.0
849,0.4155206548674826,103.54363852586697,0.023168603295196367,0.5,85.05542209378417,0.0,0.17540378672593107,7.145759128212224,0.03198991665514707,8.557150279516977,137.40640006679612,0.039636808718319955,0.7230441285587921,223.1126325880317,0.09984370045452293,30.0
850,0.39573395701665004,103.54260342816069,0.022325581885361323,0.5,85.05542209378417,0.0,0.16705122545326767,7.145413363073452,0.03339392369658076,8.557150279516977,137.393464329666,0.040311666719414,0.7158852758007842,223.10533034211545,0.10455984409155722,30.0
851,0.39573395701665004,103.54180230934688,0.017441256979823724,0.5,85.05542209378417,0.0,0.15909640519358825,7.145026009855294,0.0381369088863198,8.557150279516977,137.38020943839092,0.04130624749940696,0.7158852758007842,223.0974951590063,0.11048752533605821,30.0
852,0.39573395701665004,103.54129100179776,0.011233380073485384,0.5,85.05542209378417,0.0,0.15909640519358825,7.144617516542535,0.04021825950879312,8.149666932873311,137.3668543447526,0.043161819711976634,0.7158852758007842,223.08911950259275,0.11688614165050192,30.0
853,0.39573395701665004,103.54107642321841,0.004745654871762198,0.5,85.05542209378417,0.0,0.15909640519358825,7.144224047813661,0.03873901224861295,7.761587555117439,137.3532821275767,0.045650607072589,0.7158852758007842,223.0802082043468,0.1234507123086336,30.0
854,0.376889482873,103.54103531578552,0.0009680221910491798,0.5,85.05542209378417,0.0,0.15909640519358825,7.143911167763037,0.030804643988385727,7.391988147730894,137.3394759839491,0.04853817992491257,0.7158852758007842,223.07077257063438,0.12846085130203305,30.0
855,0.35894236464095236,103.54111318961235,-0.0019532894170651086,0.5,85.05542209378417,0.0,0.15152038589865546,7.143647277168739,0.027280450071991424,7.391988147730894,137.3246751089134,0.050689530018227714,0.7158852758007842,223.06087575970975,0.13215445717439195,30.0
856,0.3418498710866213,103.54127678897696,-0.0043781231881680855,0.5,85.05542209378417,0.0,0.1443051294272909,7.143405993241432,0.026190591813856468,7.391988147730894,137.3089374136216,0.05249186156346229,0.7158852758007842,223.0505951910439,0.13450256600074012,30.0
857,0.3418498710866213,103.54161721738933,-0.009178667739405257,0.5,85.05542209378417,0.0,0.1374334565974199,7.143108808591008,0.03288481232363511,7.391988147730894,137.29250480288704,0.054101739822290947,0.7158852758007842,223.0399989586271,0.13738500481950683,30.0
858,0.3418498710866213,103.54208619430537,-0.013665746329200859,0.5,85.05542209378417,0.0,0.1374334565974199,7.14278191322919,0.036172435580047096,7.391988147730894,137.27556963761998,0.05548050625469123,0.7158852758007842,223.02907847156473,0.1408372834637474,30.0
859,0.3418498710866213,103.54272167417457,-0.017486007493952023,0.5,85.05542209378417,0.0,0.1374334565974199,7.142446777422515,0.03708427770309394,7.391988147730894,137.25825053703625,0.05667387961739854,0.7158852758007842,223.01786018043182,0.1443907594979608,30.0
860,0.3418498710866213,103.54348114151865,-0.020461994226147896,0.5,85.05542209378417,0.0,0.1374334565974199,7.142117205917284,0.0364685628321318,7.391988147730894,137.24062507937552,0.0577006350002506,0.7158852758007842,223.0064054973053,0.14755622498241877,30.0
861,0.3418498710866213,103.54431198597109,-0.02225945965097973,0.5,85.05542209378417,0.0,0.1374334565974199,7.141801168552021,0.034970949640541225,7.391988147730894,137.2227830331603,0.05861625776642261,0.7158852758007842,222.9947998175216,0.15000106719624592,30.0
862,0.3418498710866213,103.54517641452816,-0.023342640712418334,0.5,85.05542209378417,0.0,0.1374334565974199,7.141507174229506,0.032531788254689616,7.391988147730894,137.2048157136336,0.05935717103302832,0.7158852758007842,222.9831222349452,0.15138925303285705,30.0
863,0.3418498710866213,103.54608547038649,-0.024346397040262736,0.5,85.05542209378417,0.0,0.1374334565974199,7.141240017661876,0.029562070500542534,7.391988147730894,137.18676839147093,0.0599556943382294,0.7158852758007842,222.97145043666524,0.15182890981309102,30.0
864,0.3418498710866213,103.54702302999989,-0.025007402017591385,0.5,85.05542209378417,0.0,0.1374334565974199,7.140997945789728,0.026786336619824824,7.391988147730894,137.16869880100134,0.06049788231014241,0.7158852758007842,222.9598557695349,0.15160766371951206,30.0
865,0.3418498710866213,103.54805457154947,-0.02794748603529414,0.5,85.05542209378417,0.0,0.13088900628325703,7.140720605579095,0.031284837873550075,7.391988147730894,137.150561467187,0.0611199615756944,0.7158852758007842,222.9483710299448,0.1506908446974755,30.0
866,0.3418498710866213,103.54918143203214,-0.03069707232083603,0.5,85.05542209378417,0.0,0.13088900628325703,7.140428561192989,0.03294351457516179,7.391988147730894,137.13239037142176,0.06158246164692224,0.7158852758007842,222.93704046148534,0.1491916723938385,30.0
867,0.3418498710866213,103.55040124651063,-0.03259208960316163,0.5,85.05542209378417,0.0,0.13088900628325703,7.14014258659625,0.03225882346658623,7.391988147730894,137.11423074214716,0.061982027222525785,0.7158852758007842,222.92590267544074,0.14727933944891636,30.0
868,0.3418498710866213,103.55163762013593,-0.03383537963273475,0.5,85.05542209378417,0.0,0.13088900628325703,7.139878132562501,0.029831237064351868,7.391988147730894,137.09595852224618,0.0622863662597231,0.7158852758007842,222.91495434359047,0.14510643642244353,30.0
869,0.3418498710866213,103.55293672653312,-0.03450285843301298,0.5,85.05542209378417,0.0,0.13088900628325703,7.139642917534349,0.026532986343642515,7.391988147730894,137.0775580218498,0.06249447552313821,0.7158852758007842,222.9041876121402,0.1428638476922962,30.0
870,0.3418498710866213,103.55434864851036,-0.036817821325035076,0.5,85.05542209378417,0.0,0.12465619646024478,7.139362699577964,0.03222323239518968,7.391988147730894,137.0590462524002,0.06267499505832169,0.7158852758007842,222.89360007619797,0.14062353422044863,30.0
871,0.3418498710866213,103.55586250901011,-0.03831217478230455,0.5,85.05542209378417,0.0,0.12465619646024478,7.139070783330734,0.033568459336958005,7.391988147730894,137.0403324591007,0.06292150969678556,0.7158852758007842,222.883193652727,0.13888536680804167,30.0
872,0.35894236464095236,103.55759154706514,-0.04033905934810954,0.5,85.05542209378417,0.0,0.12465619646024478,7.138784779941408,0.03869237570275611,7.391988147730894,137.02146435230662,0.06304639801546258,0.7158852758007842,222.87297171434605,0.13888219019080003,30.0
873,0.376889482873,103.5595247074666,-0.04251816806504932,0.5,85.05542209378417,0.0,0.12465619646024478,7.138495542012116,0.04603525299655799,7.391988147730894,137.00252233314518,0.06301057433882054,0.7158852758007842,222.86259473517387,0.1399783974532627,30.0
874,0.39573395701665004,103.56155443149107,-0.04312371225944619,0.5,85.05542209378417,0.0,0.13088900628325703,7.138187778928401,0.046651167436721215,7.391988147730894,136.9836640132655,0.06269266728930793,0.7158852758007842,222.8518972244023,0.14153762556291458,30.0
875,0.4155206548674826,103.56362461427958,-0.042164404336138106,0.5,85.05542209378417,0.0,0.1374334565974199,7.137878496261863,0.04334859729011339,7.391988147730894,136.96498527541,0.062196922882202424,0.7158852758007842,222.840900590072,0.14298135627394978,30.0
876,0.4155206548674826,103.56546734820412,-0.03860107231342843,0.5,85.05542209378417,0.0,0.1443051294272909,7.137625233958378,0.032821883265423055,7.391988147730894,136.94653389345746,0.061632892108807014,0.7158852758007842,222.82997238256067,0.14264370687024908,30.0
877,0.4155206548674826,103.56707050967731,-0.034669847998723205,0.5,85.05542209378417,0.0,0.1443051294272909,7.137434775078371,0.02468278555596105,7.391988147730894,136.92828140341243,0.0611519330370065,0.7158852758007842,222.81936678055897,0.1409252388525937,30.0
878,0.4155206548674826,103.56851834824944,-0.03191983708609677,0.5,85.05542209378417,0.0,0.1374334565974199,7.137248732049444,0.0253160325025488,7.761587555117439,136.90953037634216,0.05947111261082361,0.7158852758007842,222.8090975850356,0.1389239335871363,30.0
879,0.4155206548674826,103.56995945371588,-0.03168984565532092,0.5,85.05542209378417,0.0,0.13088900628325703,7.137040618445329,0.02973527864052978,7.761587555117439,136.8912629376509,0.05867140283329082,0.7158852758007842,222.7991814577758,0.13665991765626878,30.0
880,0.4155206548674826,103.57140555785584,-0.03182143774235179,0.5,85.05542209378417,0.0,0.13088900628325703,7.13681317166121,0.032497604039007415,7.761587555117439,136.87334981234244,0.05808266228410437,0.7158852758007842,222.7895817786618,0.13446740342122523,30.0
881,0.4155206548674826,103.5728757061527,-0.0319487971911426,0.5,85.05542209378417,0.0,0.13088900628325703,7.136588980976272,0.032032372480015246,7.761587555117439,136.85562514849917,0.05773589976023651,0.7158852758007842,222.7802110214632,0.13277628728327523,30.0
882,0.4155206548674826,103.57425881055158,-0.032075975565188666,0.5,85.05542209378417,0.0,0.13088900628325703,7.136377305812698,0.03024415437359023,7.761587555117439,136.83802314460536,0.057453902288875515,0.7158852758007842,222.77096184642747,0.13155993026965562,30.0
883,0.4155206548674826,103.57568904386866,-0.03206998439256363,0.5,85.05542209378417,0.0,0.13088900628325703,7.136182500000334,0.02783386091460792,7.761587555117439,136.82049531140362,0.057219007144325484,0.7158852758007842,222.76173234080122,0.13097359753921856,30.0
884,0.4155206548674826,103.57718509920261,-0.032033084848977496,0.5,85.05542209378417,0.0,0.13088900628325703,7.136010693057379,0.024547781693007833,7.761587555117439,136.80290908769555,0.057099977399390586,0.7158852758007842,222.75237537368878,0.13119996185610697,30.0
885,0.4155206548674826,103.57880114906952,-0.03312742025998221,0.5,85.05542209378417,0.0,0.12465619646024478,7.135815003971134,0.029358066271672652,7.761587555117439,136.78529705151965,0.0570019569848997,0.7158852758007842,222.74286173712895,0.13171533158334575,30.0
886,0.4362966876108567,103.5806390615961,-0.034970569401978256,0.5,85.05542209378417,0.0,0.12465619646024478,7.135618057525105,0.03476082407044951,7.761587555117439,136.76756197444175,0.05699938146678732,0.7158852758007842,222.73302636526682,0.1338510323260499,30.0
887,0.4581115219913996,103.58274591885149,-0.037389590498125395,0.5,85.05542209378417,0.0,0.12465619646024478,7.135408629390287,0.04348685643219437,7.761587555117439,136.74966478270107,0.056972294367719035,0.7158852758007842,222.7229910662807,0.1371581697411241,30.0
888,0.4810170980909696,103.58501658726928,-0.03787172347449879,0.5,85.05542209378417,0.0,0.13088900628325703,7.135182790075269,0.04601136416916488,8.149666932873311,136.7316546126006,0.05547519896249688,0.7158852758007842,222.7123574669326,0.14102158845500215,30.0
889,0.5050679529955181,103.5873568762699,-0.037108629753183645,0.5,85.05542209378417,0.0,0.1374334565974199,7.134944676751592,0.044856226399901784,8.149666932873311,136.71403998590907,0.0546743036828904,0.7230441285587921,222.7011452315682,0.14388511678168356,30.0
890,0.5303213506452941,103.58967927716861,-0.03482406068876062,0.5,85.05542209378417,0.0,0.1443051294272909,7.134702916402605,0.042111197174300986,8.557150279516977,136.696008910244,0.05296472962469196,0.73027456984438,222.68946881458137,0.1458783922829184,30.0
891,0.5568374181775588,103.5918709115194,-0.03178337786891587,0.5,85.05542209378417,0.0,0.15152038589865546,7.13446511201837,0.038300623817932686,8.985007793492827,136.67728105511523,0.050865889231101115,0.7375773155428238,222.6774918677108,0.14685543204468715,30.0
892,0.5568374181775588,103.5937605757242,-0.028138118940052227,0.5,85.05542209378417,0.0,0.15909640519358825,7.134268669050127,0.029254720574326137,8.985007793492827,136.65895581681437,0.04977235968209653,0.744953088698252,222.6656545499503,0.14529999433550694,30.0
893,0.5568374181775588,103.59540277191178,-0.024932624725773032,0.5,85.05542209378417,0.0,0.15909640519358825,7.134118592824847,0.02169872119949211,8.985007793492827,136.64079924991358,0.049314238840590975,0.7524026195852346,222.65390182217774,0.1420093046418684,30.0
894,0.5568374181775588,103.59683628050223,-0.022203046484387864,0.5,85.05542209378417,0.0,0.15909640519358825,7.133996134505016,0.017705595510547987,8.985007793492827,136.62272147708165,0.049100229796296774,0.7599266457810869,222.64240616619074,0.13752591704984723,30.0
895,0.5568374181775588,103.5981940596293,-0.021079045090229665,0.5,85.05542209378417,0.0,0.15152038589865546,7.133873710709966,0.018585633944091788,8.985007793492827,136.60458635555227,0.04925599202702395,0.7675259122388978,222.63121761388078,0.13253955593201266,30.0
896,0.5568374181775588,103.59960573742774,-0.02168629740432835,0.5,85.05542209378417,0.0,0.1443051294272909,7.13372690421689,0.023401629779932206,8.985007793492827,136.586333978223,0.04957446525788658,0.7752011713612867,222.62031141565194,0.1276357773207365,30.0
897,0.5568374181775588,103.60110527735729,-0.02263919139476845,0.5,85.05542209378417,0.0,0.1443051294272909,7.133588578858959,0.02556164306954516,8.985007793492827,136.56796923000726,0.04987967079385346,0.7829531830748996,222.6096436134214,0.12312274679354442,30.0
898,0.5568374181775588,103.60264467989525,-0.023063107130990898,0.5,85.05542209378417,0.0,0.1443051294272909,7.13344414192628,0.026691023065826838,9.434258183167469,136.54905007018777,0.048938555562329816,0.7907827149056486,222.59907855726604,0.11961795267545404,30.0
899,0.5568374181775588,103.60421264572375,-0.02358276782147188,0.5,85.05542209378417,0.0,0.1443051294272909,7.1333008292460365,0.026483268393508723,9.434258183167469,136.5302835463264,0.04854372918608176,0.798690542054705,222.58860059918075,0.11660679954543854,30.0
900,0.5568374181775588,103.6057804821121,-0.023867741568403506,0.5,85.05542209378417,0.0,0.1443051294272909,7.133165659347358,0.024978534344049872,9.434258183167469,136.51155876053798,0.04843576450775722,0.806677447475252,222.57819554860322,0.11408838355742684,30.0
901,0.5568374181775588,103.60732333072477,-0.02375357953810106,0.5,85.05542209378417,0.0,0.1443051294272909,7.133034801734784,0.02347733145807726,9.434258183167469,136.49285860715318,0.04837204739420452,0.806677447475252,222.56790526076705,0.11225017100082739,30.0
902,0.5568374181775588,103.60882424769831,-0.02320488130629585,0.5,85.05542209378417,0.0,0.1443051294272909,7.132908875516286,0.02193454732643032,9.434258183167469,136.474185593898,0.0483018434978053,0.806677447475252,222.5576735552495,0.11092923617578908,30.0
903,0.5568374181775588,103.610274498254,-0.022292068759921374,0.5,85.05542209378417,0.0,0.1443051294272909,7.132789912440291,0.020118123719420185,9.434258183167469,136.4555475468168,0.048211395820978,0.806677447475252,222.54744821468884,0.10993406565347151,30.0
904,0.5568374181775588,103.61166720469599,-0.02116158147176478,0.5,85.05542209378417,0.0,0.1443051294272909,7.13268130569339,0.018366740710318376,9.434258183167469,136.43696210483887,0.048075321185777425,0.806677447475252,222.53750273259146,0.1090592534795789,30.0
905,0.5568374181775588,103.61300810134206,-0.020105257210126327,0.5,85.05542209378417,0.0,0.1443051294272909,7.132585525834967,0.01619755563186342,9.434258183167469,136.4184522883157,0.04787969936370315,0.806677447475252,222.52781245848183,0.10823582501219159,30.0
906,0.5568374181775588,103.6143074565474,-0.019212084324001556,0.5,85.05542209378417,0.0,0.1443051294272909,7.1324956971248135,0.015191143043949577,9.434258183167469,136.40007583478078,0.04753472675001909,0.806677447475252,222.51837364046574,0.10738101943126274,30.0
907,0.5568374181775588,103.61561241902717,-0.01920874689623383,0.5,85.05542209378417,0.0,0.1374334565974199,7.132399483447897,0.017084465675445245,9.434258183167469,136.38174992801171,0.04740397645593335,0.806677447475252,222.50909915367188,0.10687511306257697,30.0
908,0.5568374181775588,103.6169520982004,-0.01956906389778833,0.5,85.05542209378417,0.0,0.1374334565974199,7.132287491104834,0.019886251126657116,9.434258183167469,136.3635654786384,0.04703806588235774,0.806677447475252,222.4998869377762,0.10651203771343734,30.0
909,0.5568374181775588,103.61819508539013,-0.019956788629622566,0.5,85.05542209378417,0.0,0.1374334565974199,7.132174994704946,0.01997575546508639,9.434258183167469,136.345500366635,0.046729373606179236,0.806677447475252,222.49061775240358,0.10627492622423086,30.0
910,0.5568374181775588,103.61948620463029,-0.01998500136523905,0.5,85.05542209378417,0.0,0.1374334565974199,7.13206589568728,0.01937248925783401,9.434258183167469,136.32755241130778,0.04642632217254415,0.806677447475252,222.48124716417368,0.10607872879959225,30.0
911,0.5846792890864368,103.62095723775154,-0.021075840546910973,0.5,85.05542209378417,0.0,0.13088900628325703,7.131934666897077,0.02673589253066153,9.434258183167469,136.30970246440808,0.04617280188302211,0.806677447475252,222.471696184907,0.10677257300322762,30.0
912,0.6139132535407588,103.6226081244692,-0.022255656713828065,0.5,85.05542209378417,0.0,0.13088900628325703,7.131767587570398,0.03403990020211498,9.434258183167469,136.2919598361858,0.04589519859036777,0.806677447475252,222.46196173755803,0.10790777584981875,30.0
913,0.6446089162177967,103.6243371733391,-0.022454916358811895,0.5,85.05542209378417,0.0,0.1374334565974199,7.1315788070630886,0.0366297041945078,9.905971092325842,136.2733789184083,0.04444162584327612,0.806677447475252,222.45199142156488,0.1094687404220032,30.0
914,0.6768393620286866,103.62614704971011,-0.022252841182575558,0.5,85.05542209378417,0.0,0.1443051294272909,7.1313836713437215,0.035009548720872634,9.905971092325842,136.25520247515774,0.04347420831272079,0.806677447475252,222.44180432223487,0.11075246547609588,30.0
915,0.6768393620286866,103.62788994703013,-0.0213199859192118,0.5,85.05542209378417,0.0,0.15152038589865546,7.131204872402921,0.029661161725334458,9.905971092325842,136.2373455114634,0.042710080777609814,0.8147442219500046,222.43156983089162,0.11040929434115464,30.0
916,0.6768393620286866,103.62947652541172,-0.019600117529678565,0.5,85.05542209378417,0.0,0.15909640519358825,7.131068240390145,0.020957967255348216,9.905971092325842,136.2197099420789,0.04218055240882466,0.8228916641695047,222.4214258776321,0.10893923421892417,30.0
917,0.6768393620286866,103.63093504929648,-0.017852274377673265,0.5,85.05542209378417,0.0,0.15909640519358825,7.130972186742104,0.014733656992109578,9.905971092325842,136.20222912618192,0.041810414793862036,0.8311205808111997,222.41148321932607,0.10665520597022907,30.0
918,0.6768393620286866,103.63235474502328,-0.017073882151167726,0.5,85.05542209378417,0.0,0.15152038589865546,7.1308855546294305,0.013952913310352906,9.905971092325842,136.1848261419166,0.04162425799063843,0.8394317866193116,222.4017985744178,0.10401425485315864,30.0
919,0.6768393620286866,103.63370827126897,-0.016919680613606145,0.5,85.05542209378417,0.0,0.1443051294272909,7.130798282974731,0.014758713422183344,9.905971092325842,136.16737250518233,0.041745407984471655,0.8478261044855048,222.3923565785649,0.10140549848948434,30.0
920,0.6768393620286866,103.63510121102013,-0.0170828245152943,0.5,85.05542209378417,0.0,0.1443051294272909,7.130691886371395,0.01799297816827962,10.401269646942135,136.14899522892753,0.040642217648488466,0.8563043655303598,222.38298077248376,0.09966875084324356,30.0
921,0.7106813301301209,103.63663522485581,-0.017732854457459337,0.5,85.05542209378417,0.0,0.1443051294272909,7.130565308105493,0.023390855456529355,10.401269646942135,136.13092515700134,0.03996282071216514,0.8648674091856634,222.37353641058274,0.09909644543120918,30.0
922,0.746215396636627,103.63831546477616,-0.018537888054402003,0.5,85.05542209378417,0.0,0.1443051294272909,7.130415438928747,0.027694867089810997,10.401269646942135,136.11301347543284,0.0396125329272551,0.8735160832775201,222.36395863420347,0.09926591618769301,30.0
923,0.7835261664684583,103.64009876031321,-0.01894919260957409,0.5,85.05542209378417,0.0,0.15152038589865546,7.130253012944293,0.028585985705654515,10.401269646942135,136.09523462904517,0.03931876162770795,0.8822512441102953,222.35419965000102,0.09995217710169402,30.0
924,0.8227024747918813,103.64192540364131,-0.018730326558054993,0.5,85.05542209378417,0.0,0.15909640519358825,7.13008177757576,0.027865357135856177,10.921333129289241,136.0765990246027,0.03810774173088085,0.8910737565513983,222.34413790900896,0.10113534666965122,30.0
925,0.8227024747918813,103.64364035385567,-0.017669414663288988,0.5,85.05542209378417,0.0,0.16705122545326767,7.129939247943538,0.021446171839029846,11.467399785753704,136.05726014914362,0.0365657446756269,0.8999844941169123,222.33382339030973,0.10163459680816792,30.0
926,0.8227024747918813,103.64530266991795,-0.017104744924431328,0.5,85.05542209378417,0.0,0.16705122545326767,7.129815011797668,0.01814911122833221,11.467399785753704,136.0384445180973,0.035576399579526394,0.9089843390580814,222.32338923910518,0.10144307425331323,30.0
927,0.8227024747918813,103.64693033608847,-0.016686741431408626,0.5,85.05542209378417,0.0,0.16705122545326767,7.1297084215463,0.015571300239456642,11.467399785753704,136.01995399265252,0.034961693287804234,0.9180741824486622,222.31299032012384,0.10053300487004024,30.0
928,0.8227024747918813,103.64859616159379,-0.017023126729474196,0.5,85.05542209378417,0.0,0.15909640519358825,7.129591642004732,0.017912799193359228,11.467399785753704,136.0016707100128,0.0345698407464249,0.9272549242731488,222.30271784920583,0.09924870634637067,30.0
929,0.8638375985314753,103.65036861854882,-0.01722624916890341,0.5,85.05542209378417,0.0,0.15909640519358825,7.129469314522717,0.018763797080872033,11.467399785753704,135.98344037987366,0.03446971870888014,0.9365274735158803,222.29252471225297,0.09834643501394622,30.0
930,0.8638375985314753,103.6521864508675,-0.017676255400184804,0.5,85.05542209378417,0.0,0.15909640519358825,7.129343444126718,0.021097547045139865,11.467399785753704,135.9653281173505,0.03424647768786676,0.9458927482510391,222.2824672867798,0.09712606120633925,30.0
931,0.8638375985314753,103.65397813553504,-0.01743979164692623,0.5,85.05542209378417,0.0,0.15909640519358825,7.129231753607381,0.01872081173293074,11.467399785753704,135.94720562210924,0.03426582560502424,0.9553516757335495,222.2726229919158,0.0954926241605501,30.0
932,0.8638375985314753,103.65579685869423,-0.01772241143892682,0.5,85.05542209378417,0.0,0.15909640519358825,7.129106082131221,0.020450684896214762,11.467399785753704,135.9292270729193,0.03399365390749202,0.964905192490885,222.26295235965787,0.09407526856093146,30.0
933,0.8638375985314753,103.65758073417138,-0.017379399091072757,0.5,85.05542209378417,0.0,0.15909640519358825,7.128985519683445,0.01904785046198076,11.467399785753704,135.91131832612763,0.03386167225849152,0.9745542444157939,222.25349435970415,0.09243785177368298,30.0
934,0.9070294784580492,103.65942163567472,-0.017069827476719892,0.5,85.05542209378417,0.0,0.15909640519358825,7.12885908318121,0.019975901550963227,11.467399785753704,135.8934947267602,0.03370067639396572,0.9842997868599518,222.2441235687987,0.09164626389274914,30.0
935,0.9523809523809517,103.66133408552001,-0.01688132609666739,0.5,85.05542209378417,0.0,0.15909640519358825,7.128725698848868,0.02235698238907641,11.467399785753704,135.87577248061436,0.03350903877623216,0.9941427847285513,222.23475229891716,0.09144968670680519,30.0
936,0.9523809523809517,103.6631774670519,-0.01626704699346036,0.5,85.05542209378417,0.0,0.16705122545326767,7.12859632924211,0.020049987200964774,11.467399785753704,135.85817898980204,0.0332655895301258,1.004084212575837,222.22544248901133,0.09087124037244926,30.0
937,0.9523809523809517,103.66491382587107,-0.01531162773673001,0.5,85.05542209378417,0.0,0.16705122545326767,7.128474875880617,0.01827486411360767,12.04076977504139,135.83973219903123,0.032250578105255535,1.0141250547015952,222.21616260718034,0.09031406591383713,30.0
938,0.9523809523809517,103.66657168901921,-0.014591235830189299,0.5,85.05542209378417,0.0,0.16705122545326767,7.12836322816069,0.01631012354069592,12.04076977504139,135.82166596231187,0.031585254347335064,1.0242663052486112,222.20695371176188,0.08951641672455861,30.0
939,0.9999999999999993,103.66827742261412,-0.014259879261367854,0.5,85.05542209378417,0.0,0.16705122545326767,7.12824894753362,0.0166947533457059,12.04076977504139,135.80388006866573,0.03109512973480856,1.0345089683010973,222.19772745312503,0.08927633930028663,30.0
940,1.0499999999999994,103.67005520281874,-0.014119125320618197,0.5,85.05542209378417,0.0,0.16705122545326767,7.128137888735394,0.01772850180929184,12.04076977504139,135.78628320404732,0.03076464973416593,1.0448540579841084,222.18843271611752,0.08937527063007522,30.0
941,1.0499999999999994,103.67187222419868,-0.014374769598642877,0.5,85.05542209378417,0.0,0.16705122545326767,7.128022646453581,0.01839631829479184,12.04076977504139,135.76884886759277,0.03048050127137071,1.0553025985639495,222.17909865485154,0.08914578231054927,30.0
942,1.1024999999999994,103.67387305296896,-0.014973784771572659,0.5,85.05542209378417,0.0,0.16705122545326767,7.127886863938599,0.021675190088455944,12.04076977504139,135.75160076707226,0.030154904444657425,1.065855624549589,222.16963835507084,0.08921774547013904,30.0
943,1.1576249999999995,103.67601586967847,-0.01518428353725779,0.5,85.05542209378417,0.0,0.16705122545326767,7.127733588841444,0.024467560252981416,12.64280826379346,135.7335159175866,0.029235131854707753,1.0765141807950849,222.15998893536985,0.08950930784781358,30.0
944,1.2155062499999996,103.67825291249474,-0.015066020546609016,0.5,85.05542209378417,0.0,0.17540378672593107,7.127569478014449,0.024949796133821547,13.274948676983135,135.7148115257931,0.027958072414544392,1.0872793226030357,222.1501230856819,0.08993540037930793,30.0
945,1.2155062499999996,103.68045021426104,-0.014823249226721945,0.5,85.05542209378417,0.0,0.18417397606222763,7.127414961692198,0.021720889498223567,13.274948676983135,135.6961056590471,0.02714590007262045,1.0981521158290661,222.14023048227818,0.08951434649284254,30.0
946,1.2155062499999996,103.68259828661654,-0.01454323314280259,0.5,85.05542209378417,0.0,0.18417397606222763,7.127277280953149,0.01879053768199568,13.274948676983135,135.67723990997789,0.026580505670523703,1.1091336369873568,222.13043922283552,0.08852648760518704,30.0
947,1.2155062499999996,103.68469246423273,-0.014226371187199003,0.5,85.05542209378417,0.0,0.18417397606222763,7.1271552471781545,0.016169956071879987,13.274948676983135,135.65869452016398,0.02612914214550092,1.1202249733572303,222.12081149297785,0.08723667097877244,30.0
948,1.2155062499999996,103.6867341231246,-0.013893712144421505,0.5,85.05542209378417,0.0,0.18417397606222763,7.127050773056572,0.013843232799613917,13.274948676983135,135.64041622468073,0.0257528251307177,1.1314272230908027,222.1113664867605,0.08582262552098767,30.0
949,1.2155062499999996,103.68876408230875,-0.013809120965644118,0.5,85.05542209378417,0.0,0.17540378672593107,7.126949808908601,0.014047054837728098,13.274948676983135,135.6223418202047,0.02546555712708585,1.1427414953217108,222.10209014569983,0.08445811677677292,30.0
950,1.2155062499999996,103.69077446356924,-0.013646041499566766,0.5,85.05542209378417,0.0,0.17540378672593107,7.126851871109924,0.013626001470547693,13.274948676983135,135.6044375158792,0.02522589804968452,1.154168910274928,222.09295080117406,0.08325704595582818,30.0
951,1.2155062499999996,103.6926973100535,-0.013004458459451767,0.5,85.05542209378417,0.0,0.17540378672593107,7.126781769732791,0.010657523943847277,13.274948676983135,135.58658990555233,0.025146020216751826,1.1657105993776773,222.08394008898202,0.08211809023612694,30.0
952,1.2155062499999996,103.69463488652042,-0.013073156164498072,0.5,85.05542209378417,0.0,0.18417397606222763,7.126706929806403,0.010520505196461265,13.274948676983135,135.56904368400762,0.02472138474617419,1.177367705371454,222.07495396746998,0.08159910430096176,30.0
953,1.2762815624999997,103.69659487680612,-0.012582701882220952,0.5,85.05542209378417,0.0,0.18417397606222763,7.126636638266006,0.00988112297401921,13.274948676983135,135.55166696191966,0.024482572003820785,1.1891413824251684,222.0659483199674,0.08146324709217083,30.0
954,1.3400956406249998,103.69859245358309,-0.012219000389898729,0.5,85.05542209378417,0.0,0.18417397606222763,7.126559305168523,0.010870978810010042,13.274948676983135,135.53444502745413,0.024264487195276116,1.20103279624942,222.05685539353334,0.08179590127784711,30.0
955,1.4071004226562498,103.7006413166948,-0.011948001790006768,0.5,85.05542209378417,0.0,0.18417397606222763,7.126470821888862,0.012811550115240218,13.274948676983135,135.51735753493966,0.024075067998063797,1.2130431242119142,222.04763101732541,0.08238770438892552,30.0
956,1.4774554437890624,103.70276464791056,-0.011794406061430346,0.5,85.05542209378417,0.0,0.18417397606222763,7.126368755614832,0.014778240475068448,13.274948676983135,135.50036881959403,0.02393589795579258,1.2251735554540333,222.03823981765552,0.08304731882585041,30.0
957,1.4774554437890624,103.70491330801806,-0.011920352427628613,0.5,85.05542209378417,0.0,0.18417397606222763,7.1262532153678375,0.016729145556310585,13.274948676983135,135.4835116179095,0.02375060451189073,1.2374252910085737,222.02875515451484,0.08318646711552233,30.0
958,1.4774554437890624,103.70704937433948,-0.011831906136899809,0.5,85.05542209378417,0.0,0.18417397606222763,7.126137394397204,0.016281351174295897,13.274948676983135,135.46672146616206,0.023656135894485005,1.2497995439186593,222.01929182886403,0.08272052777048565,30.0
959,1.4774554437890624,103.70919837765561,-0.01189497439620377,0.5,85.05542209378417,0.0,0.18417397606222763,7.126015425645278,0.016646180467027042,13.274948676983135,135.45003709194003,0.023507102844932782,1.262297539357846,222.0099193476194,0.08192578168245501,30.0
960,1.4774554437890624,103.71133103903226,-0.011806012551637156,0.5,85.05542209378417,0.0,0.18417397606222763,7.125896754838361,0.01572434954982627,13.274948676983135,135.4334295923255,0.023398791961999472,1.2749205147514244,222.00070949572802,0.08078053736456134,30.0
961,1.4774554437890624,103.71343668719156,-0.011666282382928885,0.5,85.05542209378417,0.0,0.18417397606222763,7.125783559271478,0.014561998708236427,13.274948676983135,135.41689733596039,0.023292779547092954,1.2876697198989386,221.99169217102175,0.07948774217590485,30.0
962,1.4774554437890624,103.71550435940848,-0.011467459316479401,0.5,85.05542209378417,0.0,0.18417397606222763,7.12568038011018,0.013273442193190831,13.274948676983135,135.40044690309838,0.023177496020234757,1.300546417097928,221.98287679654698,0.07813317668584283,30.0
963,1.4774554437890624,103.71753095492782,-0.01124779886163444,0.5,85.05542209378417,0.0,0.18417397606222763,7.125587750402403,0.011916311937866757,13.274948676983135,135.38408608926014,0.02305122915646675,1.3135518812689073,221.97425109068124,0.07682211918941056,30.0
964,1.4774554437890624,103.71955128757183,-0.011216581038206443,0.5,85.05542209378417,0.0,0.17540378672593107,7.125495390405062,0.012475695904071948,13.274948676983135,135.36780620456506,0.022937205719460833,1.3266874000815965,221.96578902674446,0.075642676708039,30.0
965,1.4774554437890624,103.72160186925846,-0.011384505773399124,0.5,85.05542209378417,0.0,0.16705122545326767,7.125394486526431,0.014311265143047838,13.274948676983135,135.35159847303913,0.022835547009047483,1.3399542740824124,221.9574584683215,0.07464496700668583,30.0
966,1.4774554437890624,103.72368447141838,-0.011561218189013565,0.5,85.05542209378417,0.0,0.16705122545326767,7.125288245083577,0.015068295475945312,13.274948676983135,135.33547319113296,0.022719381328219976,1.3533538168232366,221.9492293709467,0.07382948410130202,30.0
967,1.5513282159785156,103.72589091836659,-0.011659209019431424,0.5,85.05542209378417,0.0,0.16705122545326767,7.125184313279785,0.01659080776121095,13.274948676983135,135.3194491622635,0.022576722963171956,1.3533538168232366,221.94102978834175,0.07388123222405475,30.0
968,1.6288946267774413,103.72818332215488,-0.011526237734741662,0.5,85.05542209378417,0.0,0.17540378672593107,7.125075171136412,0.0165928980834567,13.274948676983135,135.3035774587612,0.02236210729809592,1.3533538168232366,221.9327647534393,0.07441581731564237,30.0
969,1.7103393581163135,103.73050830767231,-0.01112917780843927,0.5,85.05542209378417,0.0,0.18417397606222763,7.124969562078849,0.015291202347063635,13.274948676983135,135.28786270375306,0.02214097797394656,1.366887354991469,221.92433108164744,0.07501200383400809,30.0
970,1.7103393581163135,103.73272867476919,-0.010629454874350778,0.5,85.05542209378417,0.0,0.19338267486533903,7.124869700673105,0.01336939084519194,13.938696110832291,135.27144178397756,0.0213924310396871,1.3805562285413837,221.91574045108678,0.07537190530659406,30.0
971,1.7103393581163135,103.73481586661222,-0.010020130156620899,0.5,85.05542209378417,0.0,0.19338267486533903,7.124790690089995,0.010269800017904313,13.938696110832291,135.25487896664794,0.020948824029820734,1.3943617908267976,221.90710438787178,0.07517177924522724,30.0
972,1.7103393581163135,103.7368481690552,-0.009806053573990097,0.5,85.05542209378417,0.0,0.19338267486533903,7.124721809737351,0.008692303004578409,13.938696110832291,135.23862168192184,0.020562383207610797,1.4083054087350655,221.8984649520187,0.07479032604704032,30.0
973,1.7103393581163135,103.73888682776813,-0.00990673189646211,0.5,85.05542209378417,0.0,0.19338267486533903,7.124655481147264,0.00837028529541456,13.938696110832291,135.2226383694946,0.020215860187773653,1.4223884628224162,221.889854535698,0.07426536449238104,30.0
974,1.7103393581163135,103.74088948974442,-0.009814625410130905,0.5,85.05542209378417,0.0,0.19338267486533903,7.1246005592970025,0.006930820556520856,13.938696110832291,135.20683371501264,0.019989891756021904,1.4366123474506403,221.8813374642879,0.07342322490790541,30.0
975,1.7103393581163135,103.74287297670381,-0.009813155713310135,0.5,85.05542209378417,0.0,0.18417397606222763,7.1245489900065575,0.006833134197404378,13.938696110832291,135.1911416592606,0.019847475708550957,1.4509784709251468,221.8729372728709,0.07247987196062,30.0
976,1.7103393581163135,103.74489157329779,-0.010089521548031317,0.5,85.05542209378417,0.0,0.17540378672593107,7.124485084718999,0.008891087547724212,13.938696110832291,135.17556316073302,0.019703847347174414,1.4654882556343982,221.8646440850797,0.07159963333141867,30.0
977,1.7103393581163135,103.74691279031488,-0.010213525533949766,0.5,85.05542209378417,0.0,0.17540378672593107,7.124416946264049,0.009480044476014469,13.938696110832291,135.16007764116574,0.019586246588893977,1.4801431381907422,221.85646525928652,0.0706975548301253,30.0
978,1.7103393581163135,103.74891337237582,-0.010227618338427039,0.5,85.05542209378417,0.0,0.17540378672593107,7.124348772846194,0.009484908834982762,13.938696110832291,135.14470380764465,0.01944498491326641,1.4801431381907422,221.84844759788376,0.06999079786364454,30.0
979,1.7103393581163135,103.75081022818338,-0.009882160137668548,0.5,85.05542209378417,0.0,0.17540378672593107,7.124283199048518,0.009123225920892703,13.938696110832291,135.1294594454723,0.019281228201666136,1.4801431381907422,221.8405590005274,0.06946584831549435,30.0
980,1.7103393581163135,103.75254961649664,-0.009294409151935553,0.5,85.05542209378417,0.0,0.17540378672593107,7.124223019944682,0.008372666819871309,13.938696110832291,135.1143678321844,0.019088029820100022,1.4801431381907422,221.83276247814442,0.06905950898649658,30.0
981,1.7103393581163135,103.75416979290806,-0.008593500416935311,0.5,85.05542209378417,0.0,0.17540378672593107,7.124168987558205,0.007517479334276957,13.938696110832291,135.0994381854504,0.018883172834307436,1.4801431381907422,221.82502654483898,0.06880061670321765,30.0
982,1.7103393581163135,103.75565239881689,-0.007855833623247951,0.5,85.05542209378417,0.0,0.17540378672593107,7.124122206270011,0.006508640283131125,13.938696110832291,135.08467251850223,0.018675769491572916,1.4801431381907422,221.81733556231768,0.06863672870483713,30.0
983,1.6288946267774413,103.75691484668025,-0.007116496917714395,0.5,85.05542209378417,0.0,0.17540378672593107,7.124091374990558,0.004289529322034521,13.938696110832291,135.07004444785588,0.01850173625458291,1.4801431381907422,221.80973074640332,0.06818525698743862,30.0
984,1.5513282159785156,103.75797209807995,-0.006367638588984093,0.5,85.05542209378417,0.0,0.17540378672593107,7.124082485612836,0.0012367714565588493,13.938696110832291,135.0555437976836,0.018340573510521423,1.4801431381907422,221.80224254063765,0.06750199067669192,30.0
985,1.4774554437890624,103.75885219664188,-0.005668397362415484,0.5,85.05542209378417,0.0,0.16705122545326767,7.124088203752641,-0.0008353378531612051,13.938696110832291,135.04330308510382,0.0182143304508824,1.4801431381907422,221.79488872079892,0.06669391426826239,30.0
