iter,elec_primal,elec_dual,H2_primal,H2_dual,elec_GC_primal,elec_GC_dual,H2_GC_primal,H2_GC_dual,EP_primal,EP_dual,cap_primal,cap_dual,cap_primal_Green_Coalition,cap_dual_Green_Coalition
1,22370.77552607313,Inf,0.0,Inf,1214.544247442777,Inf,78.22509397539302,Inf,95045.81186377439,Inf,0.0,Inf,0.0,Inf
2,57628.315011397965,25634.79868288004,0.0,0.0,332.37310744115973,71.03752810074154,47045.963804709456,35202.2523639654,17950.563273907974,188853.5927005791,0.0,Inf,0.0,Inf
3,90405.965917498,44519.81836765836,0.0,0.0,2784.8071479812156,739.7069564268011,29663.060040411772,13606.415411881768,18656.921105514484,3297.5084735821697,0.0,Inf,0.0,Inf
4,127752.34124043609,42934.188958722436,0.0,0.0,1081.8950800783493,216.81271819148128,24575.71217669109,4223.200172558968,19686.871811888395,3893.411177548828,0.0,Inf,0.0,Inf
5,148286.0513570829,61249.19116254455,0.0,0.0,13875.498778489313,3317.088008419279,22913.796710791165,1531.2403871551187,21080.34748415583,7663.652069878936,0.0,Inf,0.0,Inf
6,117251.10095147486,48468.92757445619,0.0,0.0,8254.686675764893,1532.9960043529195,19068.117407717993,4260.21307974622,12462.880398109997,25044.058437172815,0.0,Inf,0.0,Inf
7,129200.20023742139,51243.02705323677,0.0,0.0,8641.411107569476,143.42991109800104,8998.108974564217,6408.403919233407,7836.565509425944,45002.29510004132,0.0,Inf,0.0,Inf
8,103269.0944102091,46214.677390740806,0.0,0.0,4147.225331870975,1349.0828664685712,1418.8554763421462,4852.945478869274,12953.32070033156,38691.88533895969,0.0,Inf,0.0,Inf
9,83789.27165859366,40857.54095009662,0.0,0.0,3972.9146922819755,77.58377873080025,6528.617617609691,2476.775534071401,12277.495143979157,22486.72293028784,0.0,Inf,0.0,Inf
10,73812.8990695652,36931.18601982385,0.0,0.0,885.9042410306049,1050.313215077647,8862.66150660538,4105.008159612685,6286.744392259439,12569.617959587107,0.0,Inf,0.0,Inf
11,71081.0647393689,37349.92357971014,0.0,0.0,1535.3783498435291,382.04633085068895,8915.583173861207,4229.256112370448,6104.8999613604165,11349.776824757137,0.0,Inf,0.0,Inf
12,74457.32698142403,38655.63924782883,0.0,0.0,999.3107456520793,868.8824676888078,9083.899596265755,2625.858516709848,7906.990846479347,8222.588725785436,0.0,Inf,0.0,Inf
13,52610.29494247354,34738.78411474799,0.0,0.0,1236.06290256244,764.169658863889,10053.726430993152,1196.5470455632505,7085.422908060081,7387.9205368876055,0.0,Inf,0.0,Inf
14,36336.64876234787,27414.421880894446,0.0,0.0,1165.4563607310834,841.6261944161748,11601.977399116287,1963.1245413833055,4139.953846504847,8579.564261866995,0.0,Inf,0.0,Inf
15,27405.692548081337,24491.695839476026,0.0,0.0,1847.196474728196,294.574070900927,12819.863947622784,1324.6555054806297,2605.793255133423,6697.829192211087,0.0,Inf,0.0,Inf
16,24287.525024773706,22501.73744895993,0.0,0.0,2822.465216386146,414.9592957879397,12717.059887273852,1305.2595006931185,1959.014994052283,4242.265114286705,0.0,Inf,0.0,Inf
17,24018.21157717227,22534.65716918618,0.0,0.0,3322.91739531516,221.86784203246765,11370.619808948783,1279.8771770015849,2801.333941608378,2939.422577920104,0.0,Inf,0.0,Inf
18,24323.03809456401,21950.966232673505,0.0,0.0,3502.663964170396,89.41763085937018,9916.731562669062,1425.9598056902823,3235.6215182845226,2606.122224391807,0.0,Inf,0.0,Inf
19,24755.979515338677,22639.32309402839,0.0,0.0,3482.2753779272994,29.9907652573035,8465.03318920735,1482.6025405343505,3863.0000970828787,1900.08152828669,0.0,Inf,0.0,Inf
20,24229.29003464492,21310.22863067265,0.0,0.0,3337.1473220836297,74.78870014203702,7205.962250062644,1566.454000533614,3950.0164973164806,1624.4662743919532,0.0,Inf,0.0,Inf
21,25515.216398196848,22655.351298439266,0.0,0.0,3108.164499145013,123.95500738831778,6029.956341285544,1525.1970171135563,3994.3268744022466,1490.4005054837926,0.0,Inf,0.0,Inf
22,16994.81351277873,19383.93661058605,0.0,0.0,2844.465300744471,144.37428666065935,5053.83676614635,1514.007432815348,3767.39305215885,1478.18697983411,0.0,Inf,0.0,Inf
23,10933.159453018729,18785.56203393588,0.0,0.0,2561.925699514756,161.91648171970613,4267.813803212296,1535.8073592697976,3358.0925196711955,1349.0229195784812,0.0,Inf,0.0,Inf
24,8149.702077401009,17017.649735789782,0.0,0.0,2279.845062975697,170.47381740438243,3623.3841545368464,1557.840195808538,2854.034533930413,1216.5827450232018,0.0,Inf,0.0,Inf
25,7169.833343677145,16883.750383888957,0.0,0.0,2007.776753394846,173.03966055769877,3064.7870569478823,1528.9073526461136,2372.0327643440933,1058.1981593281457,0.0,Inf,0.0,Inf
26,4595.1647753205925,15499.95110335665,0.0,0.0,1751.9793449228098,171.00333442642813,2566.441066507078,1435.265867920678,1978.2723267465624,902.7597129724903,0.0,Inf,0.0,Inf
27,2655.6653374875295,15172.49922098749,0.0,0.0,1516.4922278191468,165.60506789175062,2120.6721278868085,1269.3148747525731,1670.7999247057405,795.7401880401803,0.0,Inf,0.0,Inf
28,2216.216716871932,14436.782082656578,0.0,0.0,1303.4449229427303,157.81992988529527,1624.9253053242821,779.584614825475,1370.4683729110557,786.0574477449004,0.0,Inf,0.0,Inf
29,2299.556832876472,13965.245615870077,0.0,0.0,1113.5546716495392,148.3879879457685,1381.6933352701344,543.8984276916785,1224.6654213977388,798.1246346846714,0.0,Inf,0.0,Inf
30,1407.6284373557924,13754.170709932892,0.0,0.0,946.5291236145642,137.89263091596732,1210.043587290143,474.95482748933506,1165.5505890384538,581.3467593340472,0.0,Inf,0.0,Inf
31,2074.3842515121414,13328.85868956723,0.0,0.0,801.4259291957848,126.7933423680902,1062.2343416114634,452.7624017470176,1065.7310921715775,558.8109526587813,0.0,Inf,0.0,Inf
32,964.0149872887158,13182.455725139953,0.0,0.0,676.7999934679315,115.48223233058972,930.151879164252,436.07128772945634,944.224491343935,764.4339436922758,0.0,Inf,0.0,Inf
33,1054.2609836075212,13139.170563490577,0.0,0.0,571.0343149541916,104.22296115546547,811.2459510574486,418.6866934078989,843.5102810159535,874.4031715457758,0.0,Inf,0.0,Inf
34,578.1143962991143,13112.551540197624,0.0,0.0,482.191653431625,93.29865356895831,703.3478013945354,397.61297768163325,761.2426557274125,837.7760003871655,0.0,Inf,0.0,Inf
35,517.4780642683376,13107.801758587366,0.0,0.0,398.20802295213963,73.35147452193029,604.7052054904078,370.70205143176133,686.3165938424513,734.7821328245294,0.0,Inf,0.0,Inf
36,337.49512841268967,13080.730838280477,0.0,0.0,304.1747925024309,70.58838587001108,515.9465906429465,341.95818350131856,615.4220610230716,647.4128640690093,0.0,Inf,0.0,Inf
37,258.6845488619128,13057.033569137895,0.0,0.0,260.4249856513262,88.95793800394436,437.8794619222511,315.1456193767971,551.3287551722332,619.6284767960576,0.0,Inf,0.0,Inf
38,214.69717841028142,13036.82580162081,0.0,0.0,236.0397633161248,82.3058416061205,370.24756592128017,291.4394300925844,491.133306987095,658.8123187923609,0.0,Inf,0.0,Inf
39,124.97854935702742,13019.426650431406,0.0,0.0,211.72404467749197,67.36369619975054,292.87807147647163,210.77241599948948,466.8883757196395,727.0218384480862,0.0,Inf,0.0,Inf
40,124.5148657893895,12997.41422668305,0.0,0.0,189.14242789146772,56.078911239900826,214.82071590327817,129.1421758023582,466.7230671419261,785.7972004306052,0.0,Inf,0.0,Inf
41,396.30904051023697,12968.900792570206,0.0,0.0,169.14567928256943,51.34966955788911,149.79190054955373,98.73585236807298,468.8860533297773,814.0279442544216,0.0,Inf,0.0,Inf
42,566.3856098028355,12938.795979762572,0.0,0.0,154.15142106475733,49.915288208898836,109.67910926488854,170.35872123959112,463.3138162082992,796.3078341511789,0.0,Inf,0.0,Inf
43,718.5039638151254,12908.031069593537,0.0,0.0,158.038453229706,57.584252129756514,125.32197213453979,247.27277013184843,441.78056482061,774.2005528945558,0.0,Inf,0.0,Inf
44,664.3042294644782,12875.011248026412,0.0,0.0,159.10184922669205,48.00578382499854,150.79724163712635,233.7252429900164,402.33162432600557,755.2018502415361,0.0,Inf,0.0,Inf
45,1067.1808689271993,12824.080561353121,0.0,0.0,155.8663978051918,46.11189842761723,168.61636451083996,245.2742502158413,369.72793101055527,770.925485114121,0.0,Inf,0.0,Inf
46,1551.6290772052023,12755.553565973072,0.0,0.0,146.41828757423792,45.871124721433375,173.60091091271482,279.83473732936443,349.0526069682412,771.8599472621333,0.0,Inf,0.0,Inf
47,1847.0808455300798,12677.170993353675,0.0,0.0,132.85766202083443,47.99142537879277,176.9250506404209,315.3536339230595,330.3869077463517,778.9667682140896,0.0,Inf,0.0,Inf
48,2501.677003143839,12552.856710923123,0.0,0.0,120.79893216733879,51.27622684693626,189.9784159973181,354.3423464975246,321.73554627787087,802.1762748334143,0.0,Inf,0.0,Inf
49,3687.7712047401656,12337.350422588828,0.0,0.0,106.95309743078707,50.46688601144342,198.78233113995168,384.65268124639726,317.9943822709492,793.9252564675528,0.0,Inf,0.0,Inf
50,4479.750377798877,12072.159408329737,0.0,0.0,92.26913819437273,51.68981449892244,207.6981946520947,418.2102788888028,305.1872000220592,790.3237183405301,0.0,Inf,0.0,Inf
51,5390.787897763604,11751.419397825106,0.0,0.0,76.07276753879152,48.797541348757505,218.63089974606333,445.524945171389,279.28422706279235,780.5931415069047,0.0,Inf,0.0,Inf
52,6506.411666175846,11297.667147768912,0.0,0.0,54.22077544002114,57.35643974977468,233.08930915022967,458.87840165849434,255.64702094489226,762.0010669279816,0.0,Inf,0.0,Inf
53,7473.171740247382,10773.174349436717,0.0,0.0,41.15309051591485,66.52369826444756,247.58170953162715,467.52392393186227,242.2880120242443,745.7918573607815,0.0,Inf,0.0,Inf
54,8391.343643143831,10216.218780534877,0.0,0.0,36.74247553039264,59.41538212676267,253.59007258690994,467.17815912589845,224.58483800924327,726.4701965450388,0.0,Inf,0.0,Inf
55,9293.58818804133,9568.846762510992,0.0,0.0,28.438726007109313,52.52551497924778,254.48760904652863,454.7120633337282,209.9353854528472,707.9760428434366,0.0,Inf,0.0,Inf
56,9873.050934238494,8843.963319501174,0.0,0.0,22.62744589709534,52.831412888816395,250.4211785404708,435.26943978931075,204.32135154315517,680.2218997150843,0.0,Inf,0.0,Inf
57,9252.710220911948,8112.899038627297,0.0,0.0,20.67608607277317,52.028320126795,245.3672230085339,409.17430918412487,205.93847053095206,657.0506415597388,0.0,Inf,0.0,Inf
58,8842.273782265614,7443.742001915665,0.0,0.0,19.81241464916779,50.251131865883025,241.97179933194798,377.6989620229205,204.94263692169267,634.4596895853398,0.0,Inf,0.0,Inf
59,8511.433444317758,6763.802804482954,0.0,0.0,20.293246879100902,51.51421615621235,240.65718619546433,346.73216890714775,206.1766953062413,613.3162359030007,0.0,Inf,0.0,Inf
60,7861.080801161815,6109.981415634855,0.0,0.0,18.94583586146116,50.488903079364675,241.1123392831431,314.8751222777834,208.44362474107942,592.6024933409597,0.0,Inf,0.0,Inf
61,6840.900047345988,5566.4396857734855,0.0,0.0,18.23238595271028,49.92159895101353,242.71215017428267,285.6001796166802,208.77659791463017,576.9040297329875,0.0,Inf,0.0,Inf
62,5994.43907289975,5112.252465273166,0.0,0.0,17.077073947782967,49.43126395549387,239.12167257635156,265.9645806824241,205.34899293878556,561.1110266518601,0.0,Inf,0.0,Inf
63,5456.01526473144,4650.819798211807,0.0,0.0,17.67247741399059,49.427200629279646,233.28687433942477,252.7181060855409,193.4740415142874,550.311534296219,0.0,Inf,0.0,Inf
64,5002.4228655088355,4197.341896654266,0.0,0.0,16.4219961482792,49.395879374758124,225.0659034868777,239.79962369086678,192.7790665577118,532.0106379002907,0.0,Inf,0.0,Inf
65,4622.538872053248,3771.1357703380677,0.0,0.0,17.776387492881287,50.33834461163693,214.67416328976958,230.57413865497077,192.94280331369455,481.62786707918207,0.0,Inf,0.0,Inf
66,4172.104120852125,3349.882162401834,0.0,0.0,15.882712852542612,49.79342787060153,197.4023068942635,221.23116135403197,194.68943756144037,456.53332736597343,0.0,Inf,0.0,Inf
67,3674.0276484628243,3035.681983751342,0.0,0.0,16.094324249717424,49.53989333844007,176.8418538159515,214.8780845078167,185.74403055209257,431.5577283077137,0.0,Inf,0.0,Inf
68,3237.5601047710898,2825.9589379623426,0.0,0.0,16.323784577062433,49.44764851082942,160.7841946244552,205.41569246448896,168.07601494733865,393.8314433570785,0.0,Inf,0.0,Inf
69,2991.995249294428,2593.63837737212,0.0,0.0,15.783474762569513,49.39144362220805,146.77432247515014,189.03256677721657,161.87003219153098,353.2171256989174,0.0,Inf,0.0,Inf
70,3012.5079254248417,2340.930967583672,0.0,0.0,13.26537170338385,49.46825782165141,137.22237757076135,168.2476071460892,154.8546228874636,324.597952633436,0.0,Inf,0.0,Inf
71,3011.56438327,2136.6926830260263,0.0,0.0,8.786081339059708,50.05637024093344,132.0853440810413,154.62281479691805,141.643022013837,314.74942268387025,0.0,Inf,0.0,Inf
72,3017.4948548218413,1996.8640511922888,0.0,0.0,7.793786916822608,50.57058576256581,125.35090245093534,151.56285728772644,121.91117072793428,294.99334802842577,0.0,Inf,0.0,Inf
73,3203.562003265518,1911.2160320891212,0.0,0.0,6.841656493259974,50.43769759648297,120.65376845980884,149.7956288663833,115.22475142093938,282.178481850122,0.0,Inf,0.0,Inf
74,2633.428182059891,1741.1523643023195,0.0,0.0,7.260545120699394,50.27290242242643,115.706727576394,147.27624070483063,116.48889346143467,259.0228282266271,0.0,Inf,0.0,Inf
75,2015.9500855542583,1571.016162886249,0.0,0.0,6.555639198090749,50.17660798331651,110.86564595016668,142.13983691263206,113.02572499998202,248.55121157224767,0.0,Inf,0.0,Inf
76,1756.1368059894694,1410.2118543907388,0.0,0.0,6.3669161214470185,50.11605883567421,107.56115141316384,134.33032007338122,104.6288740233453,242.85650420983822,0.0,Inf,0.0,Inf
77,1607.9844828267157,1280.6079127085325,0.0,0.0,6.006607941582077,50.11759630763972,107.13823367423748,125.28995275749992,102.10799194932932,236.55528707316765,0.0,Inf,0.0,Inf
78,1584.3638620376014,1237.944658553756,0.0,0.0,5.850877738185934,50.08789090359321,104.23983845122486,118.76203558907171,111.79962239994032,225.5297751013865,0.0,Inf,0.0,Inf
79,1679.9851429074588,1239.9565427304726,0.0,0.0,5.720704688687552,50.08424074951928,97.17498030126652,115.59705305174177,119.11554711579461,204.18346739794646,0.0,Inf,0.0,Inf
80,1223.1193898460176,1135.2595844786522,0.0,0.0,5.793540875832532,50.0750916237827,88.28616818275843,110.7029894315437,119.26562403662474,195.16841689978295,0.0,Inf,0.0,Inf
81,830.7730825528446,1017.3001300748315,0.0,0.0,5.870070787340543,50.050394532364734,86.74057946795361,107.5434448351754,124.06131182738712,176.11755513273894,0.0,Inf,0.0,Inf
82,687.0673756575304,916.2164196039005,0.0,0.0,6.079636955488947,50.01679413151443,89.72684370682921,105.13411490064058,124.85824457603884,159.37794965788504,0.0,Inf,0.0,Inf
83,683.9781783729154,826.7243708338607,0.0,0.0,6.2269122627644435,49.98998868925139,91.62836230482895,102.1546165276641,120.49453794074589,155.7076610797958,0.0,Inf,0.0,Inf
84,663.4729016855181,772.9840565685832,0.0,0.0,6.239920481855392,49.97303787524906,89.70683382818827,100.39057846550938,116.14001056049716,156.5665954640998,0.0,Inf,0.0,Inf
85,728.3669519527906,742.7290810392633,0.0,0.0,6.303558060548752,49.97135062380679,84.47077396043946,101.08549350651663,111.1908023336883,156.58444165559962,0.0,Inf,0.0,Inf
86,829.5800732852894,709.5696596476771,0.0,0.0,5.980702287370419,49.95513983130326,77.6132773907929,101.68038094405216,109.47395156696926,153.48683021851878,0.0,Inf,0.0,Inf
87,702.3085860305755,655.0853283828436,0.0,0.0,6.399946317653147,49.93277971497579,72.12480381901948,101.7178908513158,108.51110277477181,147.6269364979145,0.0,Inf,0.0,Inf
88,599.2543850389371,583.9163338610169,0.0,0.0,6.310954927625742,49.92399441980475,67.97891641955191,101.93362613545433,103.0475158297846,146.31729389600358,0.0,Inf,0.0,Inf
89,468.25298343138195,565.3358930713425,0.0,0.0,6.000013030395562,49.912536975800705,66.81020466519306,102.79688264590962,95.20704763690247,148.40110247303835,0.0,Inf,0.0,Inf
90,448.723978019291,554.3725041089593,0.0,0.0,6.033816481613226,49.891874133920496,65.84169434975728,102.24602997473204,87.98772669012504,149.5369908307695,0.0,Inf,0.0,Inf
91,489.2025651823248,545.3754551570413,0.0,0.0,6.821798624225954,49.8469305412492,66.923296190891,100.34674788258027,79.95410122659534,150.00872983623202,0.0,Inf,0.0,Inf
92,463.73979953735187,537.8211457744243,0.0,0.0,7.091517275935135,49.81591443861039,68.42608710783088,98.48276347077815,71.29894618364746,151.13602876835617,0.0,Inf,0.0,Inf
93,454.5855802859883,549.0848358681375,0.0,0.0,6.783870109742035,49.79699891686748,67.22512460173866,96.76945166132305,61.06733890697522,152.09662590768184,0.0,Inf,0.0,Inf
94,331.68041553503167,524.0605745470482,0.0,0.0,6.080569823351791,49.78800482853226,65.5480656542403,95.31862330435244,53.5154185303201,152.42147700426523,0.0,Inf,0.0,Inf
95,201.53778260923383,512.5886708608492,0.0,0.0,5.559998810845663,49.78121573614902,66.06903470298215,94.39149853748548,46.64693914700067,153.72254781677208,0.0,Inf,0.0,Inf
96,109.15867808317581,507.75745414474255,0.0,0.0,5.431832528505844,49.773175344112126,66.05418884404955,93.84206361831868,35.9060540151266,158.28770213385803,0.0,Inf,0.0,Inf
97,121.6992983956496,505.8257838525451,0.0,0.0,4.485254816149595,49.76528236838874,65.42814329357155,93.21321100872386,29.804965710711834,162.50554225911858,0.0,Inf,0.0,Inf
98,106.04349850793376,503.46370566486166,0.0,0.0,3.701992148564322,49.759192527026606,66.38608640028572,92.21276602897021,29.87704046063116,164.77635311139477,0.0,Inf,0.0,Inf
99,60.36944913210488,504.20240698705504,0.0,0.0,3.5142830423727305,49.75076669420307,67.6253869175308,91.08454939897092,29.31969733912947,168.2222194537673,0.0,Inf,0.0,Inf
100,113.09450533387766,500.78120501325384,0.0,0.0,10.938725910717706,49.498085637842976,71.44832402986081,90.01575036709495,30.619515654497746,170.76489554376664,0.0,Inf,0.0,Inf
101,255.50585957962696,499.08317509169865,0.0,0.0,32.11770479939766,49.32013216083945,88.51124894785767,90.61683107198297,40.11373442825724,172.30061194355665,0.0,Inf,0.0,Inf
102,161.36766337531003,503.11156943785994,0.0,0.0,24.652085948196735,49.41896997443781,90.85315854027695,90.4495930606282,45.51960134354789,175.31490873293316,0.0,Inf,0.0,Inf
103,75.37314602206034,509.8069677646126,0.0,0.0,12.19471923209874,49.596851383463125,86.92600556473211,91.00752067494736,48.71933290294676,178.98404453909302,0.0,Inf,0.0,Inf
104,155.9948277206862,504.93439683228434,0.0,0.0,7.217828532067867,49.65505684295761,82.59868993481304,91.6820727793231,53.3607826715989,182.4499135257299,0.0,Inf,0.0,Inf
105,104.27426359966384,498.6427041591972,0.0,0.0,7.168195624248838,49.61186954306582,78.32445226686995,92.40932823482186,58.17992183995117,185.2728372905748,0.0,Inf,0.0,Inf
106,59.42026597290448,496.5865720169482,0.0,0.0,7.389916022119845,49.5325933534456,73.76649275283275,93.33584258475068,62.55437876898165,187.08797505242438,0.0,Inf,0.0,Inf
107,105.97045899607889,496.4876149476894,0.0,0.0,9.783182376369135,49.453265882383626,71.20370400624721,93.95470856000858,66.49559521648452,189.31351173193124,0.0,Inf,0.0,Inf
108,88.53789585600968,497.56552561686806,0.0,0.0,11.98798614768069,49.387477831159906,70.41300660088386,94.04698897522144,69.90197062761493,192.19010386596025,0.0,Inf,0.0,Inf
109,85.4617228834521,497.47782967287577,0.0,0.0,11.827803054366765,49.34291651871559,70.03810231931644,93.76742948653576,72.43025166253199,196.11008648233866,0.0,Inf,0.0,Inf
110,102.22478027689397,495.34730630237704,0.0,0.0,14.509759272571662,49.2494497123098,68.65225929453769,93.20180092140427,74.90205387535133,200.80163508021337,0.0,Inf,0.0,Inf
111,85.85956004179168,493.191466854936,0.0,0.0,17.30918560706294,49.18660894378735,66.53128656984262,92.55444095173578,76.79126662669707,205.4255172729786,0.0,Inf,0.0,Inf
112,93.45853356190335,491.7850424312896,0.0,0.0,14.00722257768498,49.15374242368929,63.797168862470926,91.80638067179781,78.34555184935546,210.20189340124773,0.0,Inf,0.0,Inf
113,168.0104702940263,489.4094232582228,0.0,0.0,23.183986830384676,48.88495185645346,63.27230178536648,90.34037393728181,80.52284239393728,213.11477023998347,0.0,Inf,0.0,Inf
114,423.2295946180039,491.23422590854557,0.0,0.0,61.39800239111674,48.7430455109211,76.18700737221975,89.0774257169454,88.8852915895344,216.0359812043961,0.0,Inf,0.0,Inf
115,277.45362541593437,496.2064934976513,0.0,0.0,48.898382411959915,48.81967429466555,70.99093289815096,88.86492686149509,94.26246206123086,217.44157470805686,0.0,Inf,0.0,Inf
116,123.23615951573021,503.1106591981384,0.0,0.0,26.68541196900442,48.99756556292286,62.32551170219837,88.74659260263267,95.09682772855763,220.7115006730373,0.0,Inf,0.0,Inf
117,270.0456502196295,498.0786458126124,0.0,0.0,15.11352668482126,49.07814945436982,60.056444790792405,88.2016163450645,94.31867312285344,225.05861571239524,0.0,Inf,0.0,Inf
118,207.04482915394516,490.8657997365604,0.0,0.0,13.740998353437721,49.04898534299672,63.5024503362072,87.28336941728239,94.65578508925874,229.35226902762065,0.0,Inf,0.0,Inf
119,419.12627073991723,482.6212526615879,0.0,0.0,57.87905091643932,48.493637352923535,79.2333365770668,86.09095284789602,95.71972594742965,233.1250685906598,0.0,Inf,0.0,Inf
120,354.5530351421613,481.15169355971966,0.0,0.0,61.01384357147474,48.34932792595291,79.03606064280692,86.21987672927196,102.77319554102816,233.80662902920008,0.0,Inf,0.0,Inf
121,153.52523873634993,484.86797611934406,0.0,0.0,44.21450458240982,48.32499855636232,65.17177989594185,86.91339799481865,107.23045845657667,235.664583835774,0.0,Inf,0.0,Inf
122,350.1456804897117,483.49475994359113,0.0,0.0,37.436603195684995,48.39862949496236,77.2399857331362,84.31809423495586,110.49147335463061,238.79296994853178,0.0,Inf,0.0,Inf
123,330.3362074740247,481.1221210671693,0.0,0.0,38.210894764657674,48.49951472976434,116.69008167261491,83.29111366238244,116.29241355123213,240.8625323621784,0.0,Inf,0.0,Inf
124,164.94905109833275,481.2335162396427,0.0,0.0,30.53714299260199,48.55456036644499,152.6594942917963,83.71364757153847,122.47758741255835,240.61818555608943,0.0,Inf,0.0,Inf
125,318.59055934900147,477.7532763017478,0.0,0.0,22.915033823785812,48.418737233303005,196.362187814484,81.48426127487177,129.21483690120118,237.02791747517054,0.0,Inf,0.0,Inf
126,800.5797914164876,475.1202882562197,0.0,0.0,79.8607243173455,48.20592567396997,250.17658186532347,82.15336654634943,141.8379157824723,232.91041330225713,0.0,Inf,0.0,Inf
127,652.7799732112427,475.85906787035776,0.0,0.0,80.56969008997855,48.119308571363106,297.59109269119574,83.94387851588962,155.89036397191407,225.3533785229324,0.0,Inf,0.0,Inf
128,259.19886450893364,484.31237132301135,0.0,0.0,60.77136298463205,48.175811690784805,339.69388741168314,86.14439180911764,166.46205421292984,218.6038836082369,0.0,Inf,0.0,Inf
129,432.60341809926916,482.74255404044663,0.0,0.0,40.214991489566735,48.267903888670006,380.345054560384,88.58186136969168,174.11400580583827,215.11512412783404,0.0,Inf,0.0,Inf
130,506.0696635872034,472.4212605203598,0.0,0.0,25.63073750374792,48.21567378217795,417.9976855216576,91.26014282235496,179.69086518159418,211.36538450545365,0.0,Inf,0.0,Inf
131,845.1155057574126,467.1129567095873,0.0,0.0,77.04515568064035,47.92072167780308,448.35427510395976,91.80438476941691,183.4145203758025,208.85224436099466,0.0,Inf,0.0,Inf
132,745.0848988376332,467.07991781534776,0.0,0.0,80.72669289515893,47.8330039182927,480.3382196494734,91.25458739437138,188.36760791603905,199.9701073474227,0.0,Inf,0.0,Inf
133,369.9919344528006,474.83608601999623,0.0,0.0,65.26514430675437,47.848556475324635,508.7089679208366,92.05691626280611,190.38944189868133,192.57303224406658,0.0,Inf,0.0,Inf
134,312.61455190200275,477.9823506211009,0.0,0.0,48.03690028328168,47.862806921802616,534.1748941942441,91.35702083489431,191.00030979410042,187.69886351672363,0.0,Inf,0.0,Inf
135,470.14201368651595,473.0096249817377,0.0,0.0,36.27989404623249,47.879130728627665,554.6622797231568,92.53038954547704,192.64193389658655,184.51392180240333,0.0,Inf,0.0,Inf
136,432.0875965638426,466.45192244685774,0.0,0.0,31.13081863339433,47.82704882449441,569.7809673091839,93.74028717317807,195.9323529613905,180.85806538864435,0.0,Inf,0.0,Inf
137,785.1939912804476,463.67996743557404,0.0,0.0,73.14197712697818,47.53709882116616,577.1318270003359,95.63970822826215,200.8474023001274,179.87483041424116,0.0,Inf,0.0,Inf
138,775.7985256304189,462.64728119656115,0.0,0.0,81.1584348956418,47.44722334787656,579.1991184634207,96.54094948271745,211.24607480817235,175.13348360567588,0.0,Inf,0.0,Inf
139,484.96698308724496,468.91537378863296,0.0,0.0,70.52472008616144,47.44777298681137,576.371020757054,97.3582355610693,222.2275955878326,171.672975467006,0.0,Inf,0.0,Inf
140,294.804970977251,473.38240193128,0.0,0.0,55.13573819847995,47.49428640061724,569.4190205545286,98.25387274192383,232.02923719403876,170.339559913414,0.0,Inf,0.0,Inf
141,416.3343588883772,470.69448086713743,0.0,0.0,42.91228018902882,47.48596275198441,559.1995597994455,99.15137273808895,240.30429461804198,171.38979474037322,0.0,Inf,0.0,Inf
142,456.614959229162,464.72798468154076,0.0,0.0,35.36134204171264,47.4977131189194,546.4360680764496,99.8483006907762,246.91197057106058,171.95477997296356,0.0,Inf,0.0,Inf
143,419.029227239492,458.3807887478168,0.0,0.0,31.446572283024427,47.33127019677815,531.6634662014902,98.16236655461884,251.4784343917788,170.7541410806017,0.0,Inf,0.0,Inf
144,677.5092037001172,455.06919571891467,0.0,0.0,69.20010827568395,47.111049240535735,514.0073916218186,96.27477098053197,253.53372037699842,168.7349815514402,0.0,Inf,0.0,Inf
145,675.7499428767429,453.73834853180495,0.0,0.0,75.18476671302584,47.05089946902635,493.75666832850567,92.64730924897634,255.31764886065406,166.40357739072113,0.0,Inf,0.0,Inf
146,478.4434347913461,456.76986393428,0.0,0.0,64.45117569484539,47.06155229459432,471.49222970342737,90.03003768460846,255.5996839220954,163.82541165586233,0.0,Inf,0.0,Inf
147,315.4645473106386,459.4486872650949,0.0,0.0,50.230779824917434,47.09959538718027,446.99158743933555,87.3099107985903,254.6373184342037,162.469951990666,0.0,Inf,0.0,Inf
148,354.8929162757341,458.25914340323993,0.0,0.0,37.908376921934824,47.142064657549106,420.2003757110135,85.84425851804507,252.57848207539982,162.5235784806248,0.0,Inf,0.0,Inf
149,429.8773807217725,452.72011375407686,0.0,0.0,29.262770516358845,47.165156809452,391.3240450312654,85.24605805245177,250.13438528920003,163.06962663859923,0.0,Inf,0.0,Inf
150,572.7222832080128,440.376909808747,0.0,0.0,23.665592891824158,47.17965654117523,361.00252591030375,84.96126757267443,248.06964331495675,163.04608497478313,0.0,Inf,0.0,Inf
151,621.2244719981747,434.78618642658023,0.0,0.0,21.677065585208382,47.148444950121025,330.4338035812573,84.75100115013466,246.86102223888486,161.29826951631628,0.0,Inf,0.0,Inf
152,606.2840580275104,433.77943596540194,0.0,0.0,38.87291428912157,46.812867782533,300.6042658450757,84.62251897235164,246.29374834426045,158.41520130818813,0.0,Inf,0.0,Inf
153,695.3392290365125,437.9047186161456,0.0,0.0,79.68297988428533,46.73596237224283,272.31584711231307,84.58867772391665,245.754133282222,155.67872947529614,0.0,Inf,0.0,Inf
154,679.2495774664527,437.6478952444653,0.0,0.0,79.55077563150265,46.7188965980949,245.89068021632337,84.18309260663553,243.2226105060447,152.44231551592517,0.0,Inf,0.0,Inf
155,524.0929683598711,436.9877586899675,0.0,0.0,65.3805637451135,46.75731307435196,221.72464482179402,83.94870428169703,238.82672953616904,148.96405940768852,0.0,Inf,0.0,Inf
156,344.5132825404628,435.99829740346075,0.0,0.0,48.774498344190484,46.81446675941422,200.0514200614223,83.92435162326296,232.74333728358295,146.2254940606671,0.0,Inf,0.0,Inf
157,303.28789860415134,434.25227679563943,0.0,0.0,35.42738082299934,46.85455427424842,181.1390816682212,84.23084432043512,224.82902433011657,144.3132360170422,0.0,Inf,0.0,Inf
158,371.7759916584178,431.94685506806314,0.0,0.0,27.569253844821247,46.86922543289652,165.0346196382012,84.69090714815952,215.40800651297607,142.58808124377865,0.0,Inf,0.0,Inf
159,412.902784928212,429.6140656664171,0.0,0.0,24.91222303762585,46.865957545595094,151.4359545834522,84.21714594506165,204.94207845723062,140.45167336623805,0.0,Inf,0.0,Inf
160,406.2717206275144,427.699834528498,0.0,0.0,25.16582668719691,46.847293096327334,139.89163258560518,84.00180376541427,194.23484501040105,138.44974470270554,0.0,Inf,0.0,Inf
161,370.2142803273536,426.5140383517827,0.0,0.0,27.18733610136364,46.721623392240474,129.27756787401614,85.19369418126128,183.8843334186482,138.3708465101524,0.0,Inf,0.0,Inf
162,507.72568619262876,429.3884873502836,0.0,0.0,55.09786476174259,46.47256926591838,118.65723207097726,90.63078401479615,175.23755814444843,144.6320449106322,0.0,Inf,0.0,Inf
163,746.1752917095511,429.92535689864576,0.0,0.0,90.32800319806117,46.12928705261612,107.04711376552851,94.90218234628217,166.47501610629737,146.913922216625,0.0,Inf,0.0,Inf
164,983.442141963971,438.8114729524671,0.0,0.0,117.93573580604907,46.125997767242595,97.27152026796011,101.66372767962851,160.50293804026086,153.25700486284455,0.0,Inf,0.0,Inf
165,981.1930452467886,442.62369977869173,0.0,0.0,107.8117706768074,46.19156886421272,89.67017901267504,105.6769692916445,153.78132596987808,153.56768713039162,0.0,Inf,0.0,Inf
166,806.6603663232207,449.4583908014248,0.0,0.0,85.24311122506018,46.301806957550895,85.3670517460919,109.2670316635244,144.6095700770586,153.9507227368371,0.0,Inf,0.0,Inf
167,558.3571070179435,455.921891897054,0.0,0.0,63.053286120921435,46.412436746875414,84.99243671665583,110.9877285789772,133.72434119107575,153.4611199650763,0.0,Inf,0.0,Inf
168,353.58202393083906,459.898428089547,0.0,0.0,46.003760618012215,46.51566451583692,86.71472489926215,111.58082217958976,123.54689586704762,151.79279784029637,0.0,Inf,0.0,Inf
169,305.33438315930545,460.1028228439479,0.0,0.0,34.62656497167369,46.60076157430265,89.72374569399831,109.47787601640655,115.3918543379638,150.1073752271013,0.0,Inf,0.0,Inf
170,384.50391761211256,457.0341604124433,0.0,0.0,27.6321447483144,46.63802530187907,93.32852088232514,107.88223041056293,109.8296246387711,148.74421871433353,0.0,Inf,0.0,Inf
171,801.2191206820221,438.48863808722,0.0,0.0,58.36041599600894,46.199969185237514,97.3216641489538,95.0620053675896,105.92797840563789,132.55986817618427,0.0,Inf,0.0,Inf
172,1013.5427130111435,427.12452025649964,0.0,0.0,74.70282874013685,46.233548360663704,97.32993707712046,88.32819277492901,104.3358251780506,123.5306641845917,0.0,Inf,0.0,Inf
173,1007.8066235285171,421.62365512560626,0.0,0.0,68.25631534519525,46.227000403328205,94.94887236782955,83.35561104705619,102.01393831397036,118.73838658811839,0.0,Inf,0.0,Inf
174,854.4929101705644,418.72138800396783,0.0,0.0,54.69255429676923,46.26984222061416,92.01388738070413,79.1941270483637,100.23031084811157,114.32002232638017,0.0,Inf,0.0,Inf
175,632.7440437651994,417.9102037818435,0.0,0.0,41.859990117853464,46.321795449928324,89.1286190892439,75.4799749705139,99.63124672630967,110.74874740858661,0.0,Inf,0.0,Inf
176,430.31814164510445,414.3871851767724,0.0,0.0,38.473031878028806,46.1280943790302,86.69868450399952,71.48220349737934,99.34345211845799,107.35577500490943,0.0,Inf,0.0,Inf
177,481.77045819832875,413.34904566938457,0.0,0.0,67.45147378323024,46.096770589931886,84.13276595552558,69.90720276329577,99.03237392043273,104.86069422370132,0.0,Inf,0.0,Inf
178,580.0887842622594,410.18999831172965,0.0,0.0,67.09286541156499,46.11126188737993,81.5109216301784,68.8057633226133,98.6341418474568,102.63518548471569,0.0,Inf,0.0,Inf
179,590.0914441798227,409.1870343205532,0.0,0.0,55.17546029726451,46.1753799716372,79.17193039046379,67.87711743875887,97.83279529219126,100.68127639547913,0.0,Inf,0.0,Inf
180,525.1828606425755,409.4247451938964,0.0,0.0,42.68843174721316,46.24180049934258,76.95329105352413,67.14726155057292,96.57715023177121,98.98093266959825,0.0,Inf,0.0,Inf
181,426.5666254932932,410.2139682713199,0.0,0.0,33.42651464383605,46.26456934976512,75.01831313915947,66.23019175796318,95.32523542605148,96.78888757306993,0.0,Inf,0.0,Inf
182,341.8920727614216,410.6973414653444,0.0,0.0,28.6603615277375,46.294620090730064,73.53302482686027,65.29442450315574,94.10307855114057,94.70836479871524,0.0,Inf,0.0,Inf
183,302.94915800931,410.5161900846812,0.0,0.0,25.77403712918798,46.30476354389508,72.48376667525599,64.73965784057566,92.40612260280847,93.7701993931107,0.0,Inf,0.0,Inf
184,296.3897287001444,409.6379343195469,0.0,0.0,22.817245136475552,46.312097593860194,71.83305862760423,64.39974419381262,90.61849233082427,93.41497844135688,0.0,Inf,0.0,Inf
185,304.8557944428106,408.5517302471902,0.0,0.0,19.67667938952909,46.29628694283238,71.27780794441398,64.33936086658763,88.70050096032298,94.07688677482946,0.0,Inf,0.0,Inf
186,314.83312697638587,406.9724458077036,0.0,0.0,18.282527912512627,46.272449807574645,70.70346274033817,64.46104258066977,86.6914273734858,95.40897954636371,0.0,Inf,0.0,Inf
187,310.32372905570634,405.66602134686957,0.0,0.0,19.34804126450062,46.2360464495474,69.84698392386802,64.76291882196928,84.70639460443938,97.40736805040609,0.0,Inf,0.0,Inf
188,291.71200526085767,404.1387360096432,0.0,0.0,24.532522450618412,46.16224239315669,67.73479711561014,64.96969251122735,84.30564596586706,99.06316791226479,0.0,Inf,0.0,Inf
189,285.82413448978514,402.94689902492945,0.0,0.0,29.441179407451227,46.112337531903,64.75032402081565,65.12268500849397,84.85455385993265,100.28085938802282,0.0,Inf,0.0,Inf
190,315.6336986990466,401.6835041655426,0.0,0.0,30.989603327631404,46.07478887160915,61.61594174412223,65.34112596957604,85.99744298380789,100.93790250319002,0.0,Inf,0.0,Inf
191,372.0589447914421,400.46639157229276,0.0,0.0,29.84856028080105,46.02336051244381,58.74165375609048,65.65262356751231,86.97211090843011,101.54072592994892,0.0,Inf,0.0,Inf
192,428.4556195473297,399.23737081513906,0.0,0.0,30.97436133318247,45.94752023105729,56.40079363514004,65.89760476752083,87.2649460076318,101.48946080177566,0.0,Inf,0.0,Inf
193,473.23467371714503,398.32902771846113,0.0,0.0,35.75301859725914,45.86870503754123,54.753581261068064,65.97299955752062,86.40775371522444,101.13118515512038,0.0,Inf,0.0,Inf
194,507.6418076175016,397.1437447143354,0.0,0.0,41.57542078629027,45.79645168453909,54.14054735382516,65.50137739777954,84.42411727904721,100.8006774652815,0.0,Inf,0.0,Inf
195,538.9287735909544,395.90839242777844,0.0,0.0,43.68040940478892,45.73206523576498,54.32693647781537,64.76889403795607,81.69724095813625,99.83358332197561,0.0,Inf,0.0,Inf
196,542.1367051190454,394.982014349413,0.0,0.0,43.290099859061804,45.676793743625836,54.49157739982077,64.31720001544193,78.65263222639756,98.16930463246112,0.0,Inf,0.0,Inf
197,508.90044617655536,393.3910949579338,0.0,0.0,41.808321911817664,45.62353071513788,54.440408071930534,63.780529891832316,76.07920345458419,95.66108523660164,0.0,Inf,0.0,Inf
198,493.2740570868187,392.22389144855293,0.0,0.0,40.75330275031428,45.57238970487296,53.814570956082974,63.32938131444733,73.86865447897388,93.29893496631476,0.0,Inf,0.0,Inf
199,467.2306614475698,391.18835082411135,0.0,0.0,40.47995599385209,45.483881575982565,52.51077939587085,62.96508118018707,71.78388127013723,91.08118579692818,0.0,Inf,0.0,Inf
200,475.6140096445526,388.96050377987405,0.0,0.0,76.1260526799389,45.127202676892324,50.746195790311916,62.61307263433385,69.5525227529365,89.31371388199116,0.0,Inf,0.0,Inf
201,583.9325498446034,388.9604943751977,0.0,0.0,114.10102645019573,45.058722262370075,48.9585093364385,61.93998275426833,67.50582107742022,87.44292629180538,0.0,Inf,0.0,Inf
202,608.2466977679036,387.73058192979494,0.0,0.0,107.67870220224397,45.043862707716094,47.66108642426788,59.557206028373166,65.36971424387497,85.29218135983123,0.0,Inf,0.0,Inf
203,558.5719957953617,388.0697156724727,0.0,0.0,88.04245443366969,45.063587030836665,48.440886285901534,55.8236350905395,63.24274559594733,82.45653543584764,0.0,Inf,0.0,Inf
204,476.47968480066896,389.1496561284474,0.0,0.0,67.6418411272686,45.11692473499608,49.43501511444418,54.12516199984516,61.43308309593948,79.58590643884422,0.0,Inf,0.0,Inf
205,398.1469169993248,390.2959630917703,0.0,0.0,49.89113431445207,45.17940618041725,49.733401163166604,52.75637738687677,60.32695956682449,76.86145324913095,0.0,Inf,0.0,Inf
206,344.0765462483167,390.2587011686009,0.0,0.0,36.077049764902156,45.22359339918297,49.31470049975767,51.95906868943164,60.26969925342248,75.15518446295619,0.0,Inf,0.0,Inf
207,362.9180497842496,384.9586351563533,0.0,0.0,26.69994085504174,45.24829596656517,48.58391278231659,49.25265331903316,61.026020003434404,73.55818147252498,0.0,Inf,0.0,Inf
208,443.5993176611205,379.1368158260658,0.0,0.0,23.398874790893142,45.22078625608698,48.85083431966961,46.728497803632614,62.077620508641814,71.99168319020319,0.0,Inf,0.0,Inf
209,505.67847648333554,377.4872135741991,0.0,0.0,27.47120928731437,45.17881449613281,49.91077183822982,45.47777703564161,62.41425025407091,71.00180447735775,0.0,Inf,0.0,Inf
210,502.93824959982305,378.93009180170884,0.0,0.0,31.866084886276035,45.13913526884045,51.891584146932836,44.64523023523734,61.166268811004585,70.50953017976953,0.0,Inf,0.0,Inf
211,451.1223467708806,382.48330207878575,0.0,0.0,33.839418512356275,45.091558784099995,54.98239035995461,44.09040615322427,58.37606742470605,70.23669488140354,0.0,Inf,0.0,Inf
212,375.3722990634575,386.57295428008354,0.0,0.0,33.064739626994694,45.05427310256039,58.56224338256707,43.958846951064416,54.92533917836249,69.59488997720392,0.0,Inf,0.0,Inf
213,310.1669751752541,390.36936009415774,0.0,0.0,31.55107884710672,44.996198169253844,61.972022618118935,44.08484844684508,51.66211549674186,68.53887570170554,0.0,Inf,0.0,Inf
214,294.1322860799722,391.8005480863963,0.0,0.0,35.53500861948776,44.91851972272709,65.04138886577972,44.32832604538541,49.31673378507708,67.31523975553083,0.0,Inf,0.0,Inf
215,313.04919087244093,391.82409713416007,0.0,0.0,40.66594161650184,44.85433832863832,67.14982320893593,44.75579358391435,47.94620665283787,66.32500135682515,0.0,Inf,0.0,Inf
216,349.8108408181328,390.7216782577634,0.0,0.0,44.376610862898026,44.78630592555737,68.02918584528857,45.325072691112176,47.20759841062202,65.98260382025593,0.0,Inf,0.0,Inf
217,387.53144040801715,388.7005727250001,0.0,0.0,46.226708300369786,44.723082094261,67.76003749067732,45.92875727009066,47.26951925796691,65.66105016692947,0.0,Inf,0.0,Inf
218,412.3335113076521,386.67945562767744,0.0,0.0,49.78486374185866,44.637101757782204,66.450712977628,46.72485065239581,48.292710540146416,65.87729547320282,0.0,Inf,0.0,Inf
219,411.79151564544986,384.6772838151169,0.0,0.0,51.38443030848331,44.57128244950956,64.51728132793555,47.46936281600751,49.95174371151271,65.77188950739702,0.0,Inf,0.0,Inf
220,397.45360974674907,382.975400145652,0.0,0.0,51.8082275147274,44.50847559362007,62.32066298361331,48.02832064945067,52.07377791372122,64.78650849150779,0.0,Inf,0.0,Inf
221,394.39831737047064,381.00650031219163,0.0,0.0,50.55328346588397,44.454630408104464,59.92731717191897,48.659913989516056,54.38229764672064,63.43833968923424,0.0,Inf,0.0,Inf
222,410.96208433243805,379.42367850621196,0.0,0.0,47.27310142160372,44.42039236061316,57.556096815902634,49.245519655225344,56.333783173826596,61.90308441613123,0.0,Inf,0.0,Inf
223,433.0346847445923,378.1375394295447,0.0,0.0,42.024843759351505,44.38871957384536,56.032656325829514,49.60884739676003,57.24424284717614,60.76978901328443,0.0,Inf,0.0,Inf
224,465.5657042024706,376.23449931149753,0.0,0.0,37.685922999875636,44.359734365234736,55.06654998627789,49.8783715806209,57.052260737884325,60.14570931207389,0.0,Inf,0.0,Inf
225,503.49504968981444,374.89612055994303,0.0,0.0,37.41715259637167,44.304535224262835,54.47835379296136,49.96808726875018,55.87488028033778,59.3283575742988,0.0,Inf,0.0,Inf
226,527.8338370394829,373.37625271942375,0.0,0.0,40.81757447821833,44.268024654658554,54.05166323423514,49.835826567087686,54.405327145779204,58.240232828728864,0.0,Inf,0.0,Inf
227,536.8417673954593,372.1326385380236,0.0,0.0,43.254556168444104,44.21692879352193,53.55901832591605,47.607448970614946,53.21292788654478,56.72141824726685,0.0,Inf,0.0,Inf
228,537.6995662997233,371.5248472372229,0.0,0.0,43.904511210248494,44.18431738979304,53.33672878444057,44.64918039841085,52.030540046383884,54.80849938875708,0.0,Inf,0.0,Inf
229,522.1862447060644,371.21471617626156,0.0,0.0,41.18422993699366,44.14048887289039,53.02686939900172,43.32628492046015,50.61738783281,52.76073730658455,0.0,Inf,0.0,Inf
230,497.29821304996824,370.66209815691843,0.0,0.0,41.49737795723203,44.09023667124953,51.8260750536306,42.53628317122549,49.35487409159598,50.89563488238447,0.0,Inf,0.0,Inf
231,458.3870876962982,370.0326680725324,0.0,0.0,43.59809841482653,44.041955445820896,49.76865351102428,42.09037018391182,49.042284343335844,49.38537691165867,0.0,Inf,0.0,Inf
232,397.43752372651096,370.16808706304016,0.0,0.0,43.33161425240275,44.00398865465292,47.66737346451137,41.602652349958554,49.37722539283803,47.98363455091256,0.0,Inf,0.0,Inf
233,352.9480152015708,369.84664698505634,0.0,0.0,42.33561109261302,43.95686505584024,45.78144989111548,41.17429450395108,49.69038085487108,47.04544133401636,0.0,Inf,0.0,Inf
234,309.71941188650135,368.87461277880055,0.0,0.0,43.81330678238957,43.89944160029872,44.26274940696778,40.84773915597547,49.47618104669973,46.436801934944704,0.0,Inf,0.0,Inf
235,286.0088561387511,367.6663111051425,0.0,0.0,44.45366705256576,43.86559291509604,43.117721006391356,40.656874495358814,48.863352109845074,46.1206867044429,0.0,Inf,0.0,Inf
236,305.17425287918604,364.11762373985766,0.0,0.0,54.48140377965182,43.63839221950493,42.16801340358755,40.74822074631984,47.866355163142785,46.484079243336765,0.0,Inf,0.0,Inf
237,388.90087027339354,362.4583331791438,0.0,0.0,125.44895566104383,43.50757115264213,41.24028470333252,41.426691093197896,46.45433871736059,47.383986768054626,0.0,Inf,0.0,Inf
238,447.7091037593781,359.82590280795716,0.0,0.0,129.21555065849742,43.479454437600594,40.50363632190385,41.609042060144056,44.807029303619316,47.90240308275709,0.0,Inf,0.0,Inf
239,453.5377778862307,359.66526307561355,0.0,0.0,108.48293064515602,43.51083019985299,39.71162388023418,41.83782796324643,42.94432048132628,48.06153283810681,0.0,Inf,0.0,Inf
240,430.1639552544063,360.1205299942643,0.0,0.0,83.38718275568102,43.55177703680456,38.86406218646841,41.88372079685491,41.28769601076151,47.48407390196147,0.0,Inf,0.0,Inf
241,406.0747757871573,361.0356223596949,0.0,0.0,62.60408301378139,43.59849172933081,37.92833338662431,41.84134107801035,39.99805296905354,46.63427656301686,0.0,Inf,0.0,Inf
242,384.9065018772893,362.115281180383,0.0,0.0,48.21823980469607,43.63896480869934,36.937898164933145,41.691775618881174,39.03728287430417,45.528917593349895,0.0,Inf,0.0,Inf
243,370.3392672859368,362.21237217713406,0.0,0.0,40.0358011047602,43.65324934105161,36.067673207266196,41.43843591236662,37.936460577420014,44.55790803939392,0.0,Inf,0.0,Inf
244,356.8180685236911,361.5747588182591,0.0,0.0,36.04773752164987,43.66235701404293,35.4805647234769,41.046501543620096,36.7604987047416,43.780530127821116,0.0,Inf,0.0,Inf
245,338.70618646702195,360.01458095986874,0.0,0.0,33.51104962531253,43.6515368257735,35.01403418022126,40.729253182089366,35.94935436939268,43.468963599003395,0.0,Inf,0.0,Inf
246,336.8992156673495,358.3902605148342,0.0,0.0,32.48170921035442,43.61695836712596,34.57176851017643,40.488753374809825,35.536446354301034,43.41579587313833,0.0,Inf,0.0,Inf
247,345.22751846494793,356.8409165060168,0.0,0.0,32.83509919198717,43.57896995183652,34.20140423484919,40.16192665492402,35.228060223031534,43.2922854302107,0.0,Inf,0.0,Inf
248,331.41407584961894,355.6652861514667,0.0,0.0,36.418529164440606,43.49838899626018,33.783821475630816,40.003781301970115,34.958870511020486,43.39997356061155,0.0,Inf,0.0,Inf
249,314.7356412402359,355.05486913608155,0.0,0.0,40.8344247230623,43.44209009915826,33.33178332992234,39.93380091223598,34.990680952330116,43.20084072873024,0.0,Inf,0.0,Inf
250,312.73781502917075,354.18471149917684,0.0,0.0,42.15651704226754,43.396056798736886,32.90382032656602,39.85539437824147,35.291632064940174,42.51274226827956,0.0,Inf,0.0,Inf
251,315.3150140779188,352.9475246723685,0.0,0.0,40.084567815458264,43.35500379502559,32.903850198179164,39.54673229818188,35.48811593967508,41.57726959603001,0.0,Inf,0.0,Inf
252,315.346516717551,351.78905282292703,0.0,0.0,37.969788694352964,43.30845634526839,33.50480985401266,39.02650317680342,35.33636525130543,40.410501489969775,0.0,Inf,0.0,Inf
253,294.13365188646304,351.40918019819554,0.0,0.0,36.421842006900356,43.26101279111999,34.179763718167564,38.76242081061861,34.95449368629469,39.48060758152419,0.0,Inf,0.0,Inf
254,277.5036736834084,351.2822137087698,0.0,0.0,38.7555885208294,43.199178879409374,34.8178317112371,38.39581935244414,34.52563532113669,38.83805318278208,0.0,Inf,0.0,Inf
255,287.4805270660857,350.76134110737934,0.0,0.0,42.22648196568175,43.145720731187495,35.219269986159375,38.203576674302774,34.22656783771039,39.07650193165809,0.0,Inf,0.0,Inf
256,297.7143768704286,350.0233059552418,0.0,0.0,42.75547937033138,43.10635844024874,35.38622935101069,38.0431870135217,34.41441550517631,39.700849668902734,0.0,Inf,0.0,Inf
257,301.5030128424075,349.1191344592467,0.0,0.0,40.36433020110979,43.05230686874137,35.26921010898642,38.03130920473573,34.83144699894414,40.306803726160894,0.0,Inf,0.0,Inf
258,302.12246863992254,348.6834788847436,0.0,0.0,43.59855379170298,42.974880426345905,34.9931196370653,38.123205292804954,35.03830890695067,40.77048065317486,0.0,Inf,0.0,Inf
259,286.8252583484787,348.4560777501575,0.0,0.0,45.569300125277024,42.93822040139948,34.65971308257262,38.1721461027895,35.004516333522055,40.95190312148939,0.0,Inf,0.0,Inf
260,270.64301962705497,348.2932593113107,0.0,0.0,43.85468007573671,42.884533791197065,34.34296807808245,38.29257449820176,34.90450770733322,41.24074075344721,0.0,Inf,0.0,Inf
261,263.1351704069805,347.97800629727703,0.0,0.0,40.39235221300424,42.846550651270654,34.03385004263694,38.44418675533109,34.61806641620597,41.681394027504886,0.0,Inf,0.0,Inf
262,269.0602075332582,346.72877757619966,0.0,0.0,35.5077309983317,42.80782460184736,33.86317435775222,38.519098418927626,34.25122443227167,42.023718913433534,0.0,Inf,0.0,Inf
263,286.9246819088056,345.478576423774,0.0,0.0,35.574022573179626,42.73716648262246,33.661260127506765,38.69826651800045,33.7983753635873,42.60768300332379,0.0,Inf,0.0,Inf
264,309.3056719100954,344.36715144474266,0.0,0.0,41.450584920420496,42.67738137112479,33.40355671235727,38.88756337738696,33.415403834783845,43.27191367795177,0.0,Inf,0.0,Inf
265,326.05414257400304,343.27173993520046,0.0,0.0,43.64147431122041,42.62900961184031,33.169094274412494,38.94228956716989,33.16901195534283,43.17857267763169,0.0,Inf,0.0,Inf
266,364.132538883331,342.30278297974064,0.0,0.0,43.221208065148815,42.57342639983531,32.90341350558632,39.04049504400114,32.87979550788997,42.93042934126408,0.0,Inf,0.0,Inf
267,418.12172600849544,340.8278119384414,0.0,0.0,42.92605091033615,42.5165586174923,32.55038499811134,39.09252066013575,32.60002579434917,42.44721412455001,0.0,Inf,0.0,Inf
268,464.94929981968073,339.6276976251008,0.0,0.0,44.037433923119245,42.456575651159284,32.55254046265751,38.75583735487879,32.24551201137867,41.43624796088216,0.0,Inf,0.0,Inf
269,491.5126980009571,338.31191212664106,0.0,0.0,47.54803623257452,42.390739723119914,32.48692571611238,38.55473375613339,31.584021012385975,40.235098212198665,0.0,Inf,0.0,Inf
270,483.3782190361797,337.93943524969893,0.0,0.0,48.73413061704517,42.353470185316176,32.32447168592299,38.302602997576116,30.623290721644032,38.96736621001288,0.0,Inf,0.0,Inf
271,452.53859272720814,337.43697070462764,0.0,0.0,47.117418462662975,42.299886399137016,32.07207008820938,37.914023718452455,29.682604310338064,37.43668132357224,0.0,Inf,0.0,Inf
272,419.8108397750416,337.2012789751319,0.0,0.0,46.50391504423396,42.254029215810085,31.627646463534344,37.513931952430106,28.835938979390995,35.83422375408354,0.0,Inf,0.0,Inf
273,390.3639606437306,337.18392079990343,0.0,0.0,44.574099157479935,42.22632349259252,31.02102469195754,37.07542589706449,28.186235536668256,34.21237636041353,0.0,Inf,0.0,Inf
274,361.91002356184805,337.37193904240115,0.0,0.0,40.57491654920087,42.1894763003922,30.285467155186183,36.73045157611915,27.484754612570793,33.32712553275942,0.0,Inf,0.0,Inf
275,330.37855728443964,337.09029519149846,0.0,0.0,39.10539940881707,42.157018490838894,29.889171889356135,36.15078884273158,26.552395636766843,33.02553535606342,0.0,Inf,0.0,Inf
276,306.99932858845267,336.43669061366575,0.0,0.0,37.33118701628687,42.13289652375347,29.699331067202213,35.64786418263571,25.615709339209985,33.14221591676144,0.0,Inf,0.0,Inf
277,286.8312521309248,335.79804086977487,0.0,0.0,35.17571576636733,42.10203840941478,29.66051247390365,35.124313969672265,24.938010597291704,33.13922151182777,0.0,Inf,0.0,Inf
278,280.4202471067166,334.9033163375723,0.0,0.0,33.69314913121465,42.07468434513645,29.38832192266903,34.800946580497225,24.64113715616465,32.817801135081176,0.0,Inf,0.0,Inf
279,265.98349361456576,334.35641169960417,0.0,0.0,32.170566415805055,42.03526078646626,28.918084916497317,31.405576028803623,24.50243175059439,32.24157926606833,0.0,Inf,0.0,Inf
280,315.32875923181575,332.5135302914104,0.0,0.0,131.39119622268947,41.640728867497884,29.50251082850718,26.65225113603007,24.93535383394291,31.155797840054454,0.0,Inf,0.0,Inf
281,376.10275307025864,329.67952314342966,0.0,0.0,149.39890613161077,41.55591745164996,30.381563666973804,24.619106446117307,25.21249519353399,29.958138510117113,0.0,Inf,0.0,Inf
282,406.54947100266105,328.04847419187854,0.0,0.0,129.3252173996041,41.5631300956149,31.42685641594693,23.458522688040325,25.812740111336854,29.172650827601917,0.0,Inf,0.0,Inf
283,402.11244058080734,328.1200624414323,0.0,0.0,100.87610227639267,41.5860955636534,32.9153001579167,22.677088392920098,26.664259774671,28.349988456227816,0.0,Inf,0.0,Inf
284,365.3588076491979,328.7043242255858,0.0,0.0,75.1888341568236,41.637746641082366,34.75585479651411,22.249626016517162,26.467513318735953,27.749910781285056,0.0,Inf,0.0,Inf
285,325.3315071594207,329.65302627386615,0.0,0.0,54.45723806447989,41.686692300208286,36.515997622691714,22.153483769874537,25.451236012689886,27.705103149983817,0.0,Inf,0.0,Inf
286,304.55735135193385,329.58320868145853,0.0,0.0,39.51252126138446,41.72496216998873,37.872390343029224,21.764252901740246,24.896869074996154,27.29638995496288,0.0,Inf,0.0,Inf
287,295.7955697150443,328.98670868423517,0.0,0.0,31.459530241147323,41.740828443235145,38.560539683993994,21.388133382539568,25.12863227807963,26.39040212953407,0.0,Inf,0.0,Inf
288,281.37562992143415,328.2655004830369,0.0,0.0,29.467799351782826,41.73465085668116,38.508494516122916,21.37048506178869,25.80132962502667,25.67111510016871,0.0,Inf,0.0,Inf
289,257.72431323776965,327.0848016026743,0.0,0.0,29.448951126777647,41.715858126462756,38.024818573626945,21.350037413456082,26.48871188545494,25.356055235548318,0.0,Inf,0.0,Inf
290,238.31847581054828,326.00619398357844,0.0,0.0,28.014472175921966,41.690893687689524,36.978590742656635,21.063932245854154,27.95139710268403,25.209134962554558,0.0,Inf,0.0,Inf
291,242.18350345386503,325.149253821443,0.0,0.0,24.80195048647872,41.66020286009345,35.1735289023087,21.15925663524287,30.636985506811097,25.206126357933194,0.0,Inf,0.0,Inf
292,256.7151974021441,323.7981830699701,0.0,0.0,23.23711807037184,41.61010054240434,32.811293507217435,21.38746189930348,34.32120885312984,25.275876760139045,0.0,Inf,0.0,Inf
293,277.00206575318265,322.41230790229423,0.0,0.0,28.20796665277812,41.54849825649134,30.170888829448554,21.575265276592226,38.46053026115673,25.45992370539109,0.0,Inf,0.0,Inf
294,302.5638002662539,320.80242674273575,0.0,0.0,37.2622121169187,41.480086585669525,27.50014746693242,21.520227946379368,42.779359318280946,25.3024760076964,0.0,Inf,0.0,Inf
295,333.11512552234996,319.7038395324527,0.0,0.0,41.63909516676252,41.42928237744566,24.818809567339926,21.552089995429835,47.2123128368833,25.285112269758898,0.0,Inf,0.0,Inf
296,359.03291224606727,318.2695336042044,0.0,0.0,41.668559096062246,41.386211116669976,22.624254906559393,21.167976300962465,51.679554409806,24.93133607170864,0.0,Inf,0.0,Inf
297,368.6852387786813,316.97336768985946,0.0,0.0,38.282867878075905,41.35490504808292,20.77006754653759,20.745798611239913,55.923031826511966,24.67462652728616,0.0,Inf,0.0,Inf
298,369.2782595965571,315.98240115249547,0.0,0.0,32.995026822968654,41.32232664719916,19.131669787090907,20.338871398092145,59.783731601907355,24.442793016678866,0.0,Inf,0.0,Inf
299,381.0339043503877,315.09557037898236,0.0,0.0,31.10157365119092,41.2825172886911,17.757629551926392,19.835920521783812,63.14498707836201,24.146178076882112,0.0,Inf,0.0,Inf
300,388.2765332793829,314.05230174863954,0.0,0.0,31.943476150457805,41.230864106490245,16.765674769530392,19.062754282119915,65.78752855624957,23.569518514686262,0.0,Inf,0.0,Inf
301,379.97090992289304,313.11264286204675,0.0,0.0,36.16586483586416,41.17005002810445,16.158330301441456,18.361786902710154,67.60289465133533,22.94357686258149,0.0,Inf,0.0,Inf
302,368.0101693669702,312.4087099811656,0.0,0.0,44.44396920909346,41.09347917602317,15.887699945606576,17.915562486777382,68.61329657449284,22.30694638119851,0.0,Inf,0.0,Inf
303,367.19997337320495,311.80759851325354,0.0,0.0,51.64268832594644,41.019778927041365,15.865093797148523,17.576760314249924,68.90022989562512,21.943229843339573,0.0,Inf,0.0,Inf
304,359.39335846826503,311.3945950383428,0.0,0.0,56.72257793309997,40.93602484583669,16.064997325896393,17.382562603165667,68.56584714913265,21.576399115356377,0.0,Inf,0.0,Inf
305,337.0458611258646,311.3692085882858,0.0,0.0,59.08418453614872,40.89287352782482,16.35618049664229,17.332001291764467,67.7016788428323,21.382862411631532,0.0,Inf,0.0,Inf
306,307.82859132737076,311.6040620939886,0.0,0.0,55.54342538255866,40.856560659072244,16.649134479505317,17.307714852126974,66.49272910883096,21.265958799914277,0.0,Inf,0.0,Inf
307,286.15065527580015,311.5284407738473,0.0,0.0,52.98753485121284,40.81448930228874,16.91356321733006,17.20586221919288,65.19164278541544,21.09154301149562,0.0,Inf,0.0,Inf
308,273.6551242475052,311.2252863144887,0.0,0.0,50.14461012552284,40.803439699998194,17.107363475581987,17.008617235429913,63.9473115935106,20.8989853996113,0.0,Inf,0.0,Inf
309,257.14685480989783,310.5888609147016,0.0,0.0,44.07822574286895,40.808126349899,17.198978845510712,16.85760974249311,62.80700320803019,20.755319382083698,0.0,Inf,0.0,Inf
310,242.97352243048442,309.7779800547171,0.0,0.0,38.09767941445492,40.785721757557255,17.204655745534335,16.44151899840148,61.75903150715391,20.841220915009977,0.0,Inf,0.0,Inf
311,239.60977271308903,308.78574119991123,0.0,0.0,38.4906910055062,40.7508775500402,17.203137582529767,16.006710465621737,60.889866056562425,20.793769291708966,0.0,Inf,0.0,Inf
312,258.52791229004845,307.82464744251234,0.0,0.0,41.72121049831124,40.71392635534387,17.26489595946916,15.439628949325098,60.270187726163925,20.740900684671633,0.0,Inf,0.0,Inf
313,281.5946765400308,306.49272875945957,0.0,0.0,44.34429735847005,40.65540879954172,17.373115174097098,14.805059079212292,59.92289243153143,20.39072172889749,0.0,Inf,0.0,Inf
314,304.4472746710377,304.71477106047615,0.0,0.0,46.05431994143686,40.6015110448143,17.541665640836406,14.097103826115513,59.84082147971436,19.76594377334616,0.0,Inf,0.0,Inf
315,320.8024571081193,303.66708084863075,0.0,0.0,47.58440291149228,40.52876306339222,17.31630610989924,13.713440736658137,59.95654861465697,19.505489151424946,0.0,Inf,0.0,Inf
316,329.9368983125312,303.19118102631234,0.0,0.0,48.99309898564083,40.48510602783361,16.70979288599362,13.261258172099307,60.139233963365015,19.574711300148596,0.0,Inf,0.0,Inf
317,331.01513917633,302.40904805312465,0.0,0.0,46.676083890206904,40.43773540667808,16.043223227591653,12.729655246326123,60.801171357840545,18.898626734780475,0.0,Inf,0.0,Inf
318,319.5789134758864,302.2241450471272,0.0,0.0,44.83405133828888,40.39493297193356,15.09941379990353,12.533319126098949,61.40016683782503,18.94285858591029,0.0,Inf,0.0,Inf
319,290.66887316945537,301.92335079041806,0.0,0.0,44.37379980623554,40.35199029654573,14.136834132781695,12.319956243152964,61.65862133083486,18.92319054492648,0.0,Inf,0.0,Inf
320,267.252217315341,301.3837407269821,0.0,0.0,43.15010441971691,40.32567001134591,13.565094634015654,12.032318288672826,61.336832466002384,18.62518321063582,0.0,Inf,0.0,Inf
321,264.4206157086223,300.9893372791501,0.0,0.0,41.20641300218284,40.27419283314298,13.330603614732711,12.025946539831724,60.4696578745806,18.131390629977588,0.0,Inf,0.0,Inf
322,255.71237582250993,299.86600821318075,0.0,0.0,43.009221711131836,40.218684814227146,13.423307915837473,12.019123938557215,59.30473742153376,17.279770423117707,0.0,Inf,0.0,Inf
323,255.36445069415763,299.0455659016351,0.0,0.0,46.5669127002926,40.15832941703901,13.641097310529531,11.608901022531812,57.991594979629404,16.488466213418562,0.0,Inf,0.0,Inf
324,266.3491874216196,298.34256593207334,0.0,0.0,48.16456183681888,40.1044305437086,13.935908038673107,11.298277694314928,56.620322678254865,15.60759352747881,0.0,Inf,0.0,Inf
325,280.7023786979385,297.643300240486,0.0,0.0,47.22336825512291,40.04951204181287,14.17386195715033,11.643727417180717,54.823234407091846,15.07485051287554,0.0,Inf,0.0,Inf
326,294.58122585436917,296.64397667821396,0.0,0.0,46.743951529989616,39.99098717841046,14.229121582349277,11.75985560755978,52.855316769737605,14.668122105326361,0.0,Inf,0.0,Inf
327,300.1913850896088,295.8465285352074,0.0,0.0,47.14952345965074,39.93863218926395,14.08264473878942,11.672083548236387,50.96209941164449,14.316750456471382,0.0,Inf,0.0,Inf
328,298.17248345618185,295.21023569097787,0.0,0.0,47.39285258928905,39.88268722364469,13.746347476679775,11.54147606365291,49.26641116138114,14.215751362687234,0.0,Inf,0.0,Inf
329,305.01310491058666,293.6535630120598,0.0,0.0,46.705565277337705,39.840638260110424,13.580116819303134,10.866972232564487,47.79603061208148,13.928298692201402,0.0,Inf,0.0,Inf
330,317.69244474385715,292.26524471246665,0.0,0.0,45.02986914190007,39.78577498091421,13.325226524346483,10.366607808510768,46.596391206323105,13.483118438693634,0.0,Inf,0.0,Inf
331,325.7152954953092,291.4242216023419,0.0,0.0,44.032155106076345,39.745094184084245,12.94555265072517,10.467793017210553,45.38968482851284,13.20212897420038,0.0,Inf,0.0,Inf
332,340.3424097227536,290.72314742962334,0.0,0.0,41.96641926084654,39.71402480110389,12.489086250914449,9.80953893734429,44.1685658954037,13.005146232620975,0.0,Inf,0.0,Inf
333,354.86135155203095,289.8923728663159,0.0,0.0,38.34376526942514,39.68603097784749,12.002379566606459,9.945337031958134,43.072983733488364,12.413204688754233,0.0,Inf,0.0,Inf
334,361.3460099547005,288.7483361238465,0.0,0.0,35.71739320571155,39.64739426199985,11.557776650324476,9.23875976717076,42.17773850810328,11.805695369161944,0.0,Inf,0.0,Inf
335,358.9348465848273,287.7949895860539,0.0,0.0,35.983231094889405,39.61504771204493,11.129992034720091,9.46427213623036,41.338029276104,11.244250043168321,0.0,Inf,0.0,Inf
336,345.72783697822393,286.9998532982579,0.0,0.0,35.757373288077986,39.5841141556031,10.869140939219784,8.920521699939547,40.323563006466216,11.207020318322794,0.0,Inf,0.0,Inf
337,307.7069934950837,286.703318150624,0.0,0.0,33.766135946147166,39.55448604358853,10.495385174853215,9.246380050296152,39.22353627214067,11.401623533815107,0.0,Inf,0.0,Inf
338,254.000929631938,287.02099920787407,0.0,0.0,36.183624925807486,39.47450957694745,10.268077398067168,9.33732256496334,37.89708879715273,11.649473749304404,0.0,Inf,0.0,Inf
339,216.74374959554635,287.17546278011173,0.0,0.0,43.94618493102687,39.40159730183365,10.14217939441744,9.527321981093747,36.42274519913204,11.604322843818593,0.0,Inf,0.0,Inf
340,206.5576857054899,286.70159185102403,0.0,0.0,48.006063295365045,39.346513613296615,10.060321502283381,9.675591740340376,34.8047184041345,11.162988354714628,0.0,Inf,0.0,Inf
341,213.7143275310049,286.1269747356365,0.0,0.0,46.60380036001477,39.308471958580164,10.024979718272768,9.798715972151953,33.19399166376725,10.1676521023957,0.0,Inf,0.0,Inf
342,225.50481784082896,285.50094685967315,0.0,0.0,42.10190274346961,39.26723843846658,9.989672348655514,9.720173146873643,31.627436461327136,9.001240831029753,0.0,Inf,0.0,Inf
343,238.75889433316124,284.790909998065,0.0,0.0,38.793948784504146,39.22539755260095,9.971888866643129,9.146009257993475,30.14703218843861,7.870763953861846,0.0,Inf,0.0,Inf
344,246.25526065475734,284.3139193235714,0.0,0.0,36.136662728600406,39.20231940899625,9.91274767419272,8.462312933062487,28.72332678059751,7.428469450150737,0.0,Inf,0.0,Inf
345,237.51862978584995,284.22535542565043,0.0,0.0,32.99649889688082,39.17526627048926,9.791188740559406,8.020560583493587,27.30659344187694,7.779637003568943,0.0,Inf,0.0,Inf
346,219.06866028643944,283.90817856696447,0.0,0.0,30.538926985877815,39.144794612345784,9.506154771660245,7.131178116457065,26.14839816730209,8.163993894752425,0.0,Inf,0.0,Inf
347,212.9037702677908,283.5938283803387,0.0,0.0,32.288908820263856,39.08301378955388,9.109035723358545,6.386696421641857,25.26467069805827,8.237788196477172,0.0,Inf,0.0,Inf
348,205.53612415491614,283.22997742495363,0.0,0.0,38.41222722591722,39.0226641486069,8.607672317257293,5.888162439673228,24.589830595075405,8.271919565217425,0.0,Inf,0.0,Inf
349,196.785077661055,282.8510743351686,0.0,0.0,40.51785528524881,38.98621867430255,8.107887692152444,6.189247336276167,24.04953799349747,8.143109439206647,0.0,Inf,0.0,Inf
350,195.6337433028591,282.5929647804358,0.0,0.0,38.501887347124466,38.937945921909986,7.647118832945138,6.259335536814767,23.284062875838007,8.227333361443895,0.0,Inf,0.0,Inf
351,204.06297408775157,282.1749310181967,0.0,0.0,36.24948985507706,38.89985349945849,7.26006097009366,6.870399128458777,22.301614382244047,8.477186882439153,0.0,Inf,0.0,Inf
352,218.63475412850755,281.8515271968588,0.0,0.0,32.85248509727094,38.87337873141223,7.079585134699504,7.099215077663957,21.19341491615722,8.31096263240904,0.0,Inf,0.0,Inf
353,235.62660701259261,281.57996611694733,0.0,0.0,29.290275189532736,38.8414305934461,6.982770191032121,7.663704473146229,20.22277324562643,7.5202640019875675,0.0,Inf,0.0,Inf
354,250.98564282985348,281.1800847825536,0.0,0.0,27.253486841362943,38.811196289163945,6.9901586990633,8.121808893451156,19.239562549631174,6.441123163891478,0.0,Inf,0.0,Inf
355,269.80535195210393,280.5313540975075,0.0,0.0,26.14818097510055,38.76050587358302,7.07760877567446,8.773267888951068,18.110293533213568,5.975994040713982,0.0,Inf,0.0,Inf
356,282.24537069182264,279.8753290164338,0.0,0.0,36.33465472964108,38.66919647198217,7.374836121237992,9.046141271450098,16.926870338014485,6.604872883857904,0.0,Inf,0.0,Inf
357,285.73963422599854,279.084590143577,0.0,0.0,46.01890700609671,38.614594000562214,7.849860693253857,8.858323878929731,15.899919561550032,7.65793629614851,0.0,Inf,0.0,Inf
358,303.26564378402776,278.15015558650606,0.0,0.0,49.80445265947664,38.554292461465316,8.129632747108293,7.937915524152327,15.200415529310513,8.584513763228225,0.0,Inf,0.0,Inf
359,330.3361132393199,277.3686471940143,0.0,0.0,49.6061923686968,38.501615117860595,8.240390686883876,6.552037971121144,14.8204648595452,9.461341193298436,0.0,Inf,0.0,Inf
360,359.6619622114716,276.4620817559187,0.0,0.0,47.54642595886834,38.46832690726639,8.043722199772532,5.019181297984422,14.553193442474496,10.606379179984357,0.0,Inf,0.0,Inf
361,384.57413493064786,275.4894218527864,0.0,0.0,43.041028631957346,38.45014158583011,7.629338094454138,4.510066593822181,13.994584350012135,12.136977264518945,0.0,Inf,0.0,Inf
362,404.4818340157171,274.75268654743763,0.0,0.0,38.4674368766248,38.435102237256885,7.1295033604242,5.803653243383808,13.57012811659777,13.92328868632642,0.0,Inf,0.0,Inf
363,417.05058599265755,274.1596059130279,0.0,0.0,33.600756796621916,38.422051633725374,6.605113652531215,6.753825890665229,13.358767588463481,14.936906875208651,0.0,Inf,0.0,Inf
364,422.11575852062225,273.6761159487734,0.0,0.0,33.548520734213646,38.372268663005514,6.245389363094775,7.0210003285872045,13.391950060361191,15.339020795903812,0.0,Inf,0.0,Inf
365,422.91893085049566,273.3322787057926,0.0,0.0,36.610517389530685,38.34080321694697,6.033614637109416,6.5988349282968235,13.493106185173541,15.196408638121058,0.0,Inf,0.0,Inf
366,412.6814884306294,272.7029888944199,0.0,0.0,36.529056292820606,38.31935131403739,5.922179715616064,5.707025843606812,13.286953416617438,14.705535129834207,0.0,Inf,0.0,Inf
367,403.0215456009742,272.37988593124385,0.0,0.0,32.82807059152771,38.301475922687516,5.909117728673685,4.493091627741351,13.160060153148033,14.0981001562512,0.0,Inf,0.0,Inf
368,396.0796206679691,271.8940439444971,0.0,0.0,31.85546185451654,38.23794628010277,5.8016541757683395,3.727738027200382,13.121810711387468,13.627003791889003,0.0,Inf,0.0,Inf
369,382.6883518066923,271.5546786876377,0.0,0.0,38.68847149689292,38.16928947229334,5.652475260300875,3.1968136682525228,12.867609239335493,13.580622605115277,0.0,Inf,0.0,Inf
370,371.3939313648023,271.18591536027554,0.0,0.0,44.80393107665993,38.11611044898104,5.497849475384953,2.9472698040629948,12.359873374465751,13.99532394235789,0.0,Inf,0.0,Inf
371,364.9482382294329,270.64093584312695,0.0,0.0,46.14219293839569,38.073087639645706,5.297067231656728,2.810643244773389,11.979335240688346,14.225816975874702,0.0,Inf,0.0,Inf
372,357.7395138747074,270.08303261907616,0.0,0.0,41.625056588100946,38.0493933420453,5.062778053733434,2.7173893061729464,11.77195651419025,14.1546809330807,0.0,Inf,0.0,Inf
373,344.11786328603176,269.64413757356095,0.0,0.0,34.93332144368391,38.02225404763465,4.814230013463002,2.6865771787148525,11.563645222657195,14.049571972004376,0.0,Inf,0.0,Inf
374,325.0829448642764,269.50949898482486,0.0,0.0,30.159392899406715,37.99737652917141,4.541136788923703,2.998214659438175,11.016240874387524,13.902575122027923,0.0,Inf,0.0,Inf
375,308.8300514283646,269.5432964579471,0.0,0.0,30.126923474177612,37.95350326909951,4.260297157898166,3.656407499915741,10.272356377339799,13.728289057159289,0.0,Inf,0.0,Inf
376,299.9122542332851,269.03603562608845,0.0,0.0,32.55619101239479,37.91675499748497,4.090986119767864,3.97322809129115,9.659584242941515,13.454049285638744,0.0,Inf,0.0,Inf
377,292.06950106215436,268.5894566372653,0.0,0.0,34.00804699421159,37.86020759741329,3.9790218352303737,4.30256016383852,9.335381291767218,13.088305472606216,0.0,Inf,0.0,Inf
378,280.6606866994867,268.3802314689039,0.0,0.0,38.01739830016355,37.815484784072694,3.918092634660848,4.360245948936058,8.880995606922438,12.828186522283024,0.0,Inf,0.0,Inf
379,269.2566174811696,268.2372341983094,0.0,0.0,38.595111957433744,37.786017864521334,3.868502840333506,4.582464455095153,8.31594589498811,12.845591269507354,0.0,Inf,0.0,Inf
380,263.23069679700615,267.9897747856857,0.0,0.0,36.395786677628976,37.754352803161176,3.8441463009436885,4.554521953192489,7.9410604473601225,12.948567787519027,0.0,Inf,0.0,Inf
381,258.41778404690496,267.6288552476937,0.0,0.0,34.004915293123005,37.71659375879619,3.84518488508572,4.506838143615766,7.766353993647826,13.101742941640003,0.0,Inf,0.0,Inf
382,252.55751854467226,267.5413687361467,0.0,0.0,34.82887162209498,37.681798912590274,3.8675550735341835,4.336061834059086,7.657474469440277,13.2164347806142,0.0,Inf,0.0,Inf
383,241.91437315609411,267.58112339037905,0.0,0.0,34.52104215442203,37.6584337957318,3.895144272335842,4.087622583108993,7.6612130450524925,13.200160261521413,0.0,Inf,0.0,Inf
384,229.01884535258256,267.50042070826044,0.0,0.0,31.443185755495914,37.63837092074129,3.933061898392908,3.7952990356340366,7.702730994772543,13.21635367812133,0.0,Inf,0.0,Inf
385,221.3708554968861,267.01716109358836,0.0,0.0,28.34483701523076,37.60019395652372,4.002312392632563,3.4228235339360906,7.738651787588237,13.505160920071969,0.0,Inf,0.0,Inf
386,218.52132455657835,266.6499342386658,0.0,0.0,35.40706604156499,37.52242803058772,4.025721174792536,3.0621370155244336,7.86265342410035,13.694038828455485,0.0,Inf,0.0,Inf
387,216.51609499500344,265.9365133595154,0.0,0.0,44.31107693488226,37.47390707331232,3.912006669876409,2.86668245232909,7.976935117748275,13.935003787132786,0.0,Inf,0.0,Inf
388,216.90091140310332,265.3928212946624,0.0,0.0,46.36897612373937,37.43390997943715,3.7294701995458546,2.8252980822465203,7.967659231645191,14.214439175191885,0.0,Inf,0.0,Inf
389,218.83715330037117,265.27798193811503,0.0,0.0,41.67691032025872,37.40732649661616,3.5021379517144493,2.9823755035855535,7.933786775535492,14.424106167610889,0.0,Inf,0.0,Inf
390,220.41913477010075,265.22339471139884,0.0,0.0,35.175830980727255,37.383166725400656,3.368440539433501,2.835396224511669,7.9978726210522915,14.87280354814934,0.0,Inf,0.0,Inf
391,222.61470528124636,265.20725302159275,0.0,0.0,29.854712783449724,37.35626102686039,3.262199865086515,3.26649028003271,8.210422942266987,15.315924653769507,0.0,Inf,0.0,Inf
392,225.82068529812966,265.04741797696573,0.0,0.0,30.216396670015314,37.32003667614311,3.167901940472399,4.305317738825822,8.558037551151058,15.710420073986374,0.0,Inf,0.0,Inf
393,229.45085542180692,264.4638919816919,0.0,0.0,32.099892919999455,37.28299157041224,3.188904823704188,5.199461106644891,9.000791390841554,16.23777720570234,0.0,Inf,0.0,Inf
394,229.74847311666818,264.0331522194772,0.0,0.0,35.95173463421998,37.21927387313856,3.2593293016148475,5.763396072481496,9.402135568037123,16.66787819799695,0.0,Inf,0.0,Inf
395,221.8661620720283,263.91980247474766,0.0,0.0,42.4093322145633,37.166720552873926,3.348086677037943,5.947272552702135,9.758279971097489,16.95847456840858,0.0,Inf,0.0,Inf
396,219.01581175531015,263.1397205151976,0.0,0.0,45.70550406182888,37.118888627259295,3.4845190309211485,6.64765175832569,10.221333594221925,17.577379127182002,0.0,Inf,0.0,Inf
397,230.05031919133748,262.2685379951401,0.0,0.0,44.1163572954829,37.09100960623303,3.6095537568576774,7.013064309978725,10.856498773968154,18.132755878870647,0.0,Inf,0.0,Inf
398,243.9249320473588,261.61085949128744,0.0,0.0,39.44369812877902,37.064801303450054,3.7256190187275475,7.2746104285349364,11.61988343952803,18.508301107202513,0.0,Inf,0.0,Inf
399,255.90165659430485,260.6680841225418,0.0,0.0,37.789916984849654,37.01748454724622,3.8989242471591674,8.26559456987486,12.5230856133905,19.408770518097793,0.0,Inf,0.0,Inf
400,266.0970038994186,259.9751876935158,0.0,0.0,41.30328579314515,36.977449160138235,4.0334122171850195,8.574374863000605,13.293303462124047,19.785908424168888,0.0,Inf,0.0,Inf
401,279.793711249096,259.23305279268556,0.0,0.0,43.39273764245443,36.94016986281345,4.141131464238829,8.51064625292764,14.009218893602347,19.95313445886006,0.0,Inf,0.0,Inf
402,296.08850102710846,258.73396442447256,0.0,0.0,42.82427513615125,36.90024344346498,4.2662911714615115,8.27382626592215,14.844545971897032,20.101003944289683,0.0,Inf,0.0,Inf
403,310.92568409075045,258.34477219830654,0.0,0.0,41.05367928135944,36.857603610263986,4.4053385740745385,7.622194983894913,15.75105649570868,20.075639733277928,0.0,Inf,0.0,Inf
404,316.36558137313153,257.9650628852001,0.0,0.0,41.99230276628866,36.80657800833826,4.603268868417006,6.856223213761061,16.659577851805743,19.868914541175418,0.0,Inf,0.0,Inf
405,317.96634606042363,257.805306810549,0.0,0.0,44.254249448940435,36.763716281765866,4.899621421670396,6.005160349197343,17.387999506501565,19.778535519271433,0.0,Inf,0.0,Inf
406,320.707631829766,257.5303099249901,0.0,0.0,42.68975274502419,36.74206152608644,5.273756832215286,4.714525743590294,17.77735932787008,19.49129855601435,0.0,Inf,0.0,Inf
407,322.6104677982955,257.32553508915373,0.0,0.0,38.30489981438055,36.721095162364875,5.605428765820466,3.481037330126622,18.02279227707202,19.234448111948826,0.0,Inf,0.0,Inf
408,320.8672107926818,256.71683094634847,0.0,0.0,33.48898002063005,36.70678144340658,5.764895554178079,2.161539378687341,18.191772780758562,18.79714156231471,0.0,Inf,0.0,Inf
409,315.7467171661623,256.5178697521201,0.0,0.0,29.98312342652667,36.68492525955704,5.8185272049894925,1.5427458527134734,18.254380431449146,18.331059601359296,0.0,Inf,0.0,Inf
410,309.3907385795067,256.0553383859688,0.0,0.0,28.75188323781329,36.66260737137139,5.826360139444244,1.7336919990535362,18.17980690477397,17.969541221897337,0.0,Inf,0.0,Inf
411,303.14509456455994,255.6437784028188,0.0,0.0,27.641334127190845,36.63313176588405,5.780321713867189,2.3015269218223153,17.959481428982638,17.534839330043155,0.0,Inf,0.0,Inf
412,298.7697037212121,255.13911605314286,0.0,0.0,26.790698696644505,36.586689274810915,5.679362562426153,3.0917427847591616,17.646894965634996,17.330979240379797,0.0,Inf,0.0,Inf
413,295.9270271647151,254.7641861089985,0.0,0.0,34.344943791979354,36.513533424416636,5.53114212506469,4.021853027145198,17.331808625002072,17.179931495315504,0.0,Inf,0.0,Inf
414,293.89999620634836,254.53768049095757,0.0,0.0,44.17488113311965,36.454592932222226,5.346934442012134,4.780506109469948,16.999500934119446,17.132309669377932,0.0,Inf,0.0,Inf
415,291.6594203887384,254.466147922255,0.0,0.0,47.09372861503875,36.40965039669431,5.278277793381204,5.249570446919552,16.51887782357068,17.23682376865895,0.0,Inf,0.0,Inf
416,289.06056259874424,254.15195742056758,0.0,0.0,45.02085574189549,36.37806485869915,5.320031763722843,4.7700423478961556,16.0179653641075,17.88066911789137,0.0,Inf,0.0,Inf
417,284.2688418982734,253.92323558066266,0.0,0.0,39.38693057838728,36.36404182699478,5.349689332617153,4.505172470072639,15.534925640297274,18.322177819438043,0.0,Inf,0.0,Inf
418,279.32009227242105,253.4512828243817,0.0,0.0,35.09891901597977,36.33825025576126,5.347804485775809,4.372133548735739,15.073455965195688,18.64208653268463,0.0,Inf,0.0,Inf
419,277.4555736834739,253.04336881145147,0.0,0.0,34.4986392054157,36.31619711620301,5.1959868117498,4.073976333174041,14.785821548939294,18.922543979740535,0.0,Inf,0.0,Inf
420,276.80548896548714,252.24685582143601,0.0,0.0,34.9794940571499,36.29025912292105,5.012790515146844,3.0845583379475565,14.724662627106229,19.50343444512795,0.0,Inf,0.0,Inf
421,274.2664016612741,251.9437711436139,0.0,0.0,34.257132328556104,36.270228007725095,4.795005657119755,2.5392604266801557,14.680161531210057,19.922080570153266,0.0,Inf,0.0,Inf
422,270.7637190349686,251.54285677341826,0.0,0.0,32.26558062552045,36.23932738206763,4.554935371328191,2.320372151944001,14.529459535193006,20.18081055008276,0.0,Inf,0.0,Inf
423,269.4235794853398,251.11941388462816,0.0,0.0,32.23965682826958,36.21101115359013,4.324983254109742,2.1346556318124974,14.481560413818286,20.484080471310875,0.0,Inf,0.0,Inf
424,269.3381475374507,250.74886742835164,0.0,0.0,32.65923060648031,36.17989500253283,4.09926828274023,2.2408106355775317,14.57119307006487,20.654494016876495,0.0,Inf,0.0,Inf
425,266.2725505670815,250.4768447366027,0.0,0.0,32.32723005269912,36.15103191427187,3.8767204925810534,2.2907408184089215,14.701143565797128,20.69146392971625,0.0,Inf,0.0,Inf
426,260.12080473144283,250.4251359515608,0.0,0.0,31.572292963559505,36.12569707526431,3.6582893683245414,2.2142221042962613,14.75560746567871,20.645800213714644,0.0,Inf,0.0,Inf
427,253.14975708215522,250.4514407234537,0.0,0.0,30.757830374910334,36.08789778326614,3.4644558916840316,2.2553375367363246,14.817227444429726,20.759329990792295,0.0,Inf,0.0,Inf
428,246.92135574263116,250.44396586175944,0.0,0.0,33.52048800942417,36.04851691943277,3.2714334972700883,2.505136733727274,14.915132891043,20.771543436752335,0.0,Inf,0.0,Inf
429,241.15555083405414,250.45745802540884,0.0,0.0,34.95028632605375,36.02263386575702,3.074382149423495,2.7654998445895305,15.075998163798378,20.723867492017142,0.0,Inf,0.0,Inf
430,235.88402260558823,250.38975928443963,0.0,0.0,32.75477350913291,36.001664617128604,2.956782096448833,2.512332756315421,15.158922263387945,20.644388599204397,0.0,Inf,0.0,Inf
431,231.53470881168565,250.15699996470158,0.0,0.0,29.056444772004564,35.96912295125167,2.8742734343683374,2.5400629809132784,15.253781990001757,20.574806724635167,0.0,Inf,0.0,Inf
432,227.46141432193306,249.9680189646044,0.0,0.0,33.575475576980054,35.90589329210661,2.8053229593798705,2.638425811181954,15.43139657489891,20.498407903075055,0.0,Inf,0.0,Inf
433,222.97334102622764,249.6653768674817,0.0,0.0,41.368894920096,35.84696991467172,2.741981480105525,2.7723780950087695,15.566875502597549,20.379652228511247,0.0,Inf,0.0,Inf
434,218.91838348503592,249.2215156339515,0.0,0.0,46.163750454379205,35.795909358453784,2.7120186100802655,3.4928433773527083,15.766203374987814,20.52467021801548,0.0,Inf,0.0,Inf
435,216.4172089244597,248.8672159108273,0.0,0.0,45.53545664066956,35.76091138021126,2.803320754991695,3.790449593630673,16.01955297198669,20.744305395645373,0.0,Inf,0.0,Inf
436,214.05525162249367,248.3435336503078,0.0,0.0,40.94390570540838,35.73515950302915,2.9553015588283436,3.317539115875893,16.21398469360175,20.83977500737401,0.0,Inf,0.0,Inf
437,209.28302515039817,248.12979613882956,0.0,0.0,39.09083087626495,35.685878166604894,3.0462685850958886,2.7699799079765612,16.306256828249637,20.92261578327197,0.0,Inf,0.0,Inf
438,204.26017077498042,248.02391538309973,0.0,0.0,41.11181085522552,35.645834291416186,3.099972101134235,2.3557447364186275,16.380919936750697,20.957555081145014,0.0,Inf,0.0,Inf
439,203.77318738317845,247.90448283126088,0.0,0.0,42.72685412841442,35.61196173722706,3.031927958821576,1.9053304801846973,16.47326116656928,21.143667852178666,0.0,Inf,0.0,Inf
440,208.7948013124239,247.55741261646386,0.0,0.0,40.88072538910483,35.58530007906502,2.9158729219547666,1.794234504275599,16.57473174696562,21.469741181806874,0.0,Inf,0.0,Inf
441,216.11401720812592,247.2212856839268,0.0,0.0,36.11240252722857,35.56591407700747,2.7882449562934934,1.9305983592413165,16.72661247228795,21.62699227078055,0.0,Inf,0.0,Inf
442,223.05894159898864,247.00042089657978,0.0,0.0,31.822288449459098,35.53320209982661,2.653002123629904,2.0525414743986583,16.873269578466793,21.73730199112772,0.0,Inf,0.0,Inf
443,227.44936014433912,246.5370961023007,0.0,0.0,30.635495203718303,35.51068232314654,2.5177004128033498,2.266382387230503,17.05298651636022,21.816512817286025,0.0,Inf,0.0,Inf
444,228.85583143165837,246.4507645005252,0.0,0.0,29.10041303520769,35.49147858209958,2.4485663823456685,2.1198542278694132,17.220909734668204,21.85255893307307,0.0,Inf,0.0,Inf
445,227.0126777130803,246.48977772711757,0.0,0.0,28.016455168776417,35.45720251944646,2.3986308614079483,2.1354341902303373,17.367924233717112,21.78415434863347,0.0,Inf,0.0,Inf
446,225.6190650668098,246.28269507784063,0.0,0.0,29.559736758341383,35.41469281507423,2.354333563129623,2.2477533536377816,17.48857915592067,21.675959842624515,0.0,Inf,0.0,Inf
447,225.9445012852936,246.04334281037242,0.0,0.0,33.49530172669529,35.36045820559775,2.320624922833902,2.4242455888901024,17.55692014502137,21.562424562960846,0.0,Inf,0.0,Inf
448,226.11754847744413,245.7891131685441,0.0,0.0,38.163960620295185,35.31644281552442,2.3246411758777867,2.447881103235009,17.661015060745598,21.590185261597448,0.0,Inf,0.0,Inf
449,226.271710627106,245.49317234037457,0.0,0.0,39.86870816598652,35.280205984079146,2.349251624758365,2.6771899148436185,17.723752078463896,21.716941690496554,0.0,Inf,0.0,Inf
450,227.06282667667162,245.26991435621107,0.0,0.0,37.37446864387809,35.25179342063139,2.3928096407032164,2.4943390724584944,17.80028385168974,21.84406841197274,0.0,Inf,0.0,Inf
451,226.69509133796652,245.24586963520665,0.0,0.0,33.887309540475826,35.19963518731363,2.4242356151454167,2.0346896151563647,17.833702537640235,21.845364704874214,0.0,Inf,0.0,Inf
452,225.69521664288337,244.85487126797426,0.0,0.0,39.60779469454778,35.1461067489937,2.440901228668343,1.6281112735677397,17.82565756724936,21.75877474341227,0.0,Inf,0.0,Inf
453,226.64506259610445,244.31436033488436,0.0,0.0,46.04612282187284,35.09063229877207,2.3823732029547866,1.5644468430900629,17.87571785261375,21.688763666703828,0.0,Inf,0.0,Inf
454,230.23286123168737,243.90709357499412,0.0,0.0,47.44805246508143,35.060659978287966,2.2945660729340958,1.7231829583026492,17.939403819959104,21.653502338457997,0.0,Inf,0.0,Inf
455,232.80974228408067,243.67977901968604,0.0,0.0,43.96736814683236,35.041231165024854,2.191900080205432,1.9274104259425096,18.038950776576186,21.590263219231247,0.0,Inf,0.0,Inf
456,233.56816499185814,243.45550241157522,0.0,0.0,37.4057335141152,35.027782760117105,2.143086603755638,1.5777494078707055,18.129416108737804,21.57973387902409,0.0,Inf,0.0,Inf
457,233.39951831586689,243.29796586680067,0.0,0.0,33.88055116013695,35.006638040529864,2.0564233216065526,1.8256948020787633,18.20649669636786,21.655890614134847,0.0,Inf,0.0,Inf
458,230.93361450981058,243.34479868027367,0.0,0.0,31.893381240775398,34.99513110766328,2.007162901660009,1.5240926808650495,18.19200166168373,21.679231876129535,0.0,Inf,0.0,Inf
459,227.48908397853273,243.40772275338057,0.0,0.0,30.160097663775634,34.96973156046377,1.9144032593815767,1.7950048847327134,18.120247756490183,21.65391463092265,0.0,Inf,0.0,Inf
460,225.27781238969692,243.33632920012272,0.0,0.0,31.005300433243548,34.93589811172708,1.8608143051896389,1.5582481156923333,18.076482119420046,21.65979056840649,0.0,Inf,0.0,Inf
461,223.68707666625457,242.87749227583558,0.0,0.0,33.27750902433051,34.90525026129902,1.8251214895974617,1.536213116314951,18.079539121404647,21.704041429192063,0.0,Inf,0.0,Inf
462,222.98100652201737,242.3914462013371,0.0,0.0,32.934510768466744,34.88567170879383,1.8116249315616824,1.8487621008317414,18.15599574487035,21.86268093272182,0.0,Inf,0.0,Inf
463,223.94377953430364,241.8673851617259,0.0,0.0,29.887774688323535,34.862321042964574,1.8044056138966214,2.295455363181501,18.243578655924907,21.995230885195124,0.0,Inf,0.0,Inf
464,226.55376883665366,241.47038766429785,0.0,0.0,26.642528136174686,34.84243899474413,1.864196510818747,2.2937874177125823,18.33989853184043,22.065819064316873,0.0,Inf,0.0,Inf
465,228.8077736059241,241.20110463035013,0.0,0.0,24.655395832477332,34.81076928678719,1.9516173743499323,2.1405227517057654,18.379078114892813,22.070136946367153,0.0,Inf,0.0,Inf
466,231.5997821737519,240.67985303281537,0.0,0.0,24.84807002234624,34.77760297735306,1.9936974864895245,2.057296986610974,18.439844902176382,22.10769344473007,0.0,Inf,0.0,Inf
467,237.7497838772762,240.0873849207437,0.0,0.0,24.773972943048097,34.74190805483997,2.029879299055275,2.6548651792033184,18.560382978960735,22.410709764978805,0.0,Inf,0.0,Inf
468,244.66664850725527,239.56625281566545,0.0,0.0,28.026633319202055,34.67743961970682,2.129447066587096,2.776184087514677,18.658310490511578,22.56719278140874,0.0,Inf,0.0,Inf
469,249.42571923856354,239.11252859224453,0.0,0.0,36.99781733594075,34.61726291998806,2.25646705779159,2.367120369252554,18.724116049135247,22.628729444015374,0.0,Inf,0.0,Inf
470,251.65446093378185,238.63928322374943,0.0,0.0,41.39992673161158,34.56633872363735,2.3193202284294205,1.6636845893136243,18.780781552082754,22.609849446688955,0.0,Inf,0.0,Inf
471,251.8651895494125,238.28005998530975,0.0,0.0,42.14831634562452,34.507958391031806,2.2816196649180904,1.3541619353070555,18.82457350333635,22.524902267181815,0.0,Inf,0.0,Inf
472,251.81142722413762,238.09745532084793,0.0,0.0,41.962307199173786,34.46540415567319,2.201689576550994,1.4091804291480117,18.83433432758524,22.445104749157988,0.0,Inf,0.0,Inf
473,253.83047474632951,237.85192688007848,0.0,0.0,41.41949132504611,34.42993190511654,2.110090539956442,1.5046274746790846,18.886639800029243,22.409271213617625,0.0,Inf,0.0,Inf
474,257.6273636947329,237.10117856174287,0.0,0.0,40.004160466564635,34.40807447523382,2.013556185677379,1.763289413816745,18.95997494408042,22.34107085268929,0.0,Inf,0.0,Inf
475,261.1054674144488,236.29925946192864,0.0,0.0,37.914711256938965,34.392314563494665,1.9748186648728787,1.4455850809005437,18.954655334817254,22.36478029424457,0.0,Inf,0.0,Inf
476,263.9296511671172,236.01527221872396,0.0,0.0,34.1634814828632,34.38254238626007,1.9066737903058404,1.6631972927777814,18.941435755940923,22.450342616703253,0.0,Inf,0.0,Inf
477,265.83658298305687,235.80657010869763,0.0,0.0,30.233696544221207,34.36484012113266,1.875281227714974,1.528458568561792,18.922713132526365,22.528472379796746,0.0,Inf,0.0,Inf
478,265.5164310510964,235.4086071147677,0.0,0.0,29.207396632574362,34.34044494851565,1.8001811167275972,1.8805934654839327,18.922764353452063,22.568860017363406,0.0,Inf,0.0,Inf
479,264.61666068196024,235.13803877229472,0.0,0.0,32.50387323903447,34.29172145005445,1.7642729054859108,1.7579261090340859,18.89907059828287,22.626228711968295,0.0,Inf,0.0,Inf
480,265.9196127717281,234.66168677131202,0.0,0.0,38.04402497283616,34.257061446597106,1.7508379983577762,1.671442642238118,18.83098518720313,22.743584369275123,0.0,Inf,0.0,Inf
481,269.82931369050806,234.09868511327707,0.0,0.0,39.788837590414836,34.219702906305294,1.7497914444556697,1.7458114168947005,18.78924469841157,22.83245771910877,0.0,Inf,0.0,Inf
482,274.5897077821408,233.4541622587999,0.0,0.0,38.3119056016185,34.18942648332958,1.7474925522179536,1.7472776428609138,18.807147757901507,22.855517308492562,0.0,Inf,0.0,Inf
483,279.4136679594632,233.06097679825518,0.0,0.0,33.83087162069177,34.16868271132452,1.7427842832496085,1.781606961045075,18.80834724517512,22.84815153926244,0.0,Inf,0.0,Inf
484,284.2390459871456,232.6015260230031,0.0,0.0,28.799583085390708,34.142807787992005,1.737814119075599,1.914487466661579,18.788486335454127,22.82098270300567,0.0,Inf,0.0,Inf
485,285.78685692577204,232.1964220557459,0.0,0.0,27.43998384165752,34.11521074039959,1.7491980489960102,1.8909996563806415,18.812104124336063,22.4267147548514,0.0,Inf,0.0,Inf
486,282.558115038546,231.72932458929475,0.0,0.0,31.140801652244015,34.06885577396821,1.7665508958116072,1.7473358868043505,18.917818355765373,21.976910600736733,0.0,Inf,0.0,Inf
487,274.6593251012835,231.278098756387,0.0,0.0,34.528469655901176,34.03632868956164,1.7905240821826087,1.6913523412550795,19.061019087713362,21.48145704056043,0.0,Inf,0.0,Inf
488,267.0206797005874,230.58547117125732,0.0,0.0,34.170380459601745,34.011156845916744,1.8140880683188123,1.66277006798755,19.118524567176998,21.255756519214167,0.0,Inf,0.0,Inf
489,262.91834060296037,229.90116969833437,0.0,0.0,30.94371658587935,33.98468703203287,1.8350758379878296,1.755234352323099,19.09766113232703,21.121494684199185,0.0,Inf,0.0,Inf
490,262.12409691140454,229.25355191871304,0.0,0.0,28.328566979389144,33.95923870720753,1.8485404715169325,1.7146065081614896,19.054962488762094,21.056047965005444,0.0,Inf,0.0,Inf
491,263.6006919104205,228.14800992198147,0.0,0.0,27.75756187600792,33.92901974582643,1.8719802388585627,1.997210986596303,19.07480026189553,21.27949110933904,0.0,Inf,0.0,Inf
492,266.6181775718081,227.32264219889154,0.0,0.0,28.517114512932963,33.897503232902736,1.9061244193844358,2.237727339760045,19.13951466620489,21.670502799692887,0.0,Inf,0.0,Inf
493,267.9331217103172,226.63842825400337,0.0,0.0,30.16933698793693,33.8557439097654,1.9281463214681667,2.1220781329171694,19.18692796491711,21.99524457283724,0.0,Inf,0.0,Inf
494,266.6659540114772,226.01091892037644,0.0,0.0,32.776301591918504,33.82140890999591,1.942999977069708,2.195376851360009,19.231828303314387,22.3673848945749,0.0,Inf,0.0,Inf
495,262.6060326897829,225.8864566088153,0.0,0.0,34.89779074004908,33.78122349028704,1.9496181297037134,2.086672398480349,19.220341134566226,22.638630302721793,0.0,Inf,0.0,Inf
496,257.4535799679584,225.7453072721958,0.0,0.0,36.886558752311466,33.743032809960305,1.9518849192637722,1.969147825506452,19.15356368294165,22.852447446407,0.0,Inf,0.0,Inf
497,252.43680955398568,225.53040278538032,0.0,0.0,37.82781570697913,33.70006308685537,1.953338370118958,1.958625305100288,19.087238871976695,23.030456175917163,0.0,Inf,0.0,Inf
498,244.56373322404153,225.43392228862876,0.0,0.0,38.1885889302734,33.6677629877031,1.9527029995140055,1.8983572443170778,19.02079219756371,23.032334975384693,0.0,Inf,0.0,Inf
499,234.11100202047632,225.2785075245222,0.0,0.0,36.40264155575152,33.63633896532134,1.9510686435936568,1.8844292833800314,18.979485288839047,22.948938074380063,0.0,Inf,0.0,Inf
500,225.9510214802391,224.5518275988346,0.0,0.0,36.55918592767828,33.59430382928123,1.9579210424900493,1.785001479059011,19.00513257149166,22.90478070754285,0.0,Inf,0.0,Inf
501,220.4673301376926,223.64600015375206,0.0,0.0,38.910612290100545,33.55752945261922,1.9862609656495898,2.3900464865849282,19.054013901293466,23.057518351346776,0.0,Inf,0.0,Inf
502,214.32520266616336,222.96645571905913,0.0,0.0,39.984011441904734,33.52730560854473,2.067384869454947,2.7142886113658355,19.064197715867405,23.03282412221515,0.0,Inf,0.0,Inf
503,207.3912655037314,222.36565203267975,0.0,0.0,37.86793825245582,33.503310662956565,2.1725602293039694,2.9427944022654544,19.107843017890666,23.02434131249808,0.0,Inf,0.0,Inf
504,199.2652128481299,221.98728888170695,0.0,0.0,33.09018182820254,33.48539479424099,2.291450736234902,3.1372290990436955,19.20529925501636,23.0433769813734,0.0,Inf,0.0,Inf
505,190.12753751777538,221.3676575139335,0.0,0.0,29.36667401122151,33.44746401099386,2.414056674258591,3.1359213380289677,19.315776318072647,23.121378106755238,0.0,Inf,0.0,Inf
506,183.83436424402836,220.81674385315753,0.0,0.0,36.41886010126432,33.39205106810448,2.530420710350999,2.7903263164897547,19.419581132494425,23.148167627959538,0.0,Inf,0.0,Inf
507,184.58512810283236,220.28963424493358,0.0,0.0,43.74731562244771,33.3538298795748,2.5580598995690536,1.9745438159386812,19.509630538273257,23.54732202532018,0.0,Inf,0.0,Inf
508,188.1929391539102,219.393639446716,0.0,0.0,44.572539422673565,33.3235276920483,2.494398712550605,2.2910684623681465,19.58701802732832,23.78641053897136,0.0,Inf,0.0,Inf
509,191.1316015983308,218.42701340270446,0.0,0.0,41.01845373645886,33.30492802703463,2.4633324287820946,2.4885024205511765,19.61735421493936,23.98602174719923,0.0,Inf,0.0,Inf
510,194.2618908420705,217.7266670628071,0.0,0.0,36.97893132256646,33.28313696389366,2.4403525543260627,2.6575735632842243,19.653362704828393,24.09126898613746,0.0,Inf,0.0,Inf
511,198.46860628209325,216.92175716517195,0.0,0.0,34.16401176969333,33.27489737684237,2.4301943964982278,2.8203461497387488,19.714312132769898,24.10990073485829,0.0,Inf,0.0,Inf
512,202.86142278055206,215.97229094696485,0.0,0.0,32.11248124325603,33.25215718617134,2.435695318038492,3.301183616190201,19.892824105014107,24.155937800165407,0.0,Inf,0.0,Inf
513,206.47334299173062,214.89873732649588,0.0,0.0,32.45419472564606,33.22704780561712,2.5282362362230657,3.9631767551028405,20.078848968052633,24.226315612629378,0.0,Inf,0.0,Inf
514,210.64974462473234,213.8705759353311,0.0,0.0,33.27547531747512,33.206052887231685,2.6477077353697394,4.2204822714827035,20.237899675063826,24.18885383649996,0.0,Inf,0.0,Inf
515,216.4302859817322,213.02129000494367,0.0,0.0,31.653314263018387,33.19127120689808,2.7776015444646407,4.449642041873064,20.40274585046964,24.23729715163555,0.0,Inf,0.0,Inf
516,222.0714045866779,212.14862836012082,0.0,0.0,27.494865516414094,33.17769444762009,2.903674663026772,4.616075690001434,20.565396963305275,24.26203717540554,0.0,Inf,0.0,Inf
517,226.92751472609586,211.54303120721855,0.0,0.0,22.9268944766168,33.15596392449588,3.031203358516654,4.864554871731858,20.75721275386144,24.35295808118382,0.0,Inf,0.0,Inf
518,231.05021975148262,210.54489789304765,0.0,0.0,20.068184524029004,33.12597318206652,3.1612580489787856,5.354380654807677,20.96245884315015,24.476537454929794,0.0,Inf,0.0,Inf
519,235.21230918333853,209.8374051540553,0.0,0.0,19.5657285488085,33.09196216765271,3.2677378392003256,5.6355930992526275,21.254244024684823,24.54297412579449,0.0,Inf,0.0,Inf
520,239.15202708573966,209.22093884389835,0.0,0.0,20.13958653531759,33.05457259120627,3.3621970331031155,5.995944124305089,21.602812563521226,24.619091693861904,0.0,Inf,0.0,Inf
521,242.8526117829433,208.43132358643282,0.0,0.0,21.52742542555642,33.013344891605364,3.459668611871125,6.727623188841397,22.045264983912933,24.770156219509015,0.0,Inf,0.0,Inf
522,246.0636241673361,207.8901102096682,0.0,0.0,23.037850612985707,32.97017711322124,3.5408710993677293,7.689008074610675,22.590754787014315,24.92266628706507,0.0,Inf,0.0,Inf
523,247.52501741197958,207.3107903293082,0.0,0.0,29.07916720209759,32.9032552065414,3.583599925686157,8.820756461405237,23.29977847854776,25.027651456083383,0.0,Inf,0.0,Inf
524,247.31863043018905,206.5675758636614,0.0,0.0,38.99268621157392,32.844171751131064,3.588091802895201,10.36924661393434,24.208909644623734,25.126023377607904,0.0,Inf,0.0,Inf
525,246.23063856244107,206.0570951747197,0.0,0.0,45.44733765389143,32.7887958512925,3.537902888682442,12.290559406763434,25.33768350247018,25.22546344128926,0.0,Inf,0.0,Inf
526,244.05695398093573,205.82213088323653,0.0,0.0,44.74067826549748,32.753016816421656,3.4126624378970107,14.416088484279657,26.72844269860547,25.26975183033924,0.0,Inf,0.0,Inf
527,241.050938129137,205.3761981373143,0.0,0.0,39.81956973870505,32.729659299567736,3.2069771118801667,16.90037288256354,28.405795527160542,25.294805238388882,0.0,Inf,0.0,Inf
528,238.63132056548937,205.02058114379645,0.0,0.0,34.01263622628139,32.706185899468174,2.9734462317463226,19.139486365481293,30.336770602790263,25.363566816206063,0.0,Inf,0.0,Inf
529,236.55690605930445,204.8459883166111,0.0,0.0,36.668682552932,32.6709235849664,2.7829954872999,20.15483604812328,32.40934928235534,25.428391980001887,0.0,Inf,0.0,Inf
530,234.1457235791978,204.37074598781155,0.0,0.0,41.22499059613292,32.639064121465545,2.696632237062506,20.440580824789038,34.61409700835324,25.70480179570219,0.0,Inf,0.0,Inf
531,231.2980298814995,203.66298654714896,0.0,0.0,42.00516513360253,32.614944957799324,2.679258267692307,19.59911520295598,36.8617564328525,25.886078106171865,0.0,Inf,0.0,Inf
532,228.08643932792359,203.0549738850304,0.0,0.0,38.552415506879306,32.60594407704581,2.740924383909048,18.500191034942453,39.13660659994111,26.159153133238192,0.0,Inf,0.0,Inf
533,225.36794475961094,202.66003353398878,0.0,0.0,33.87842523500602,32.5876726673919,2.86011586184691,17.048257873741704,41.33080446948284,26.452088418010415,0.0,Inf,0.0,Inf
534,223.54763706915574,202.12536242066665,0.0,0.0,32.34289670127778,32.56684159870419,3.0295229353240867,15.456045775649532,43.41736444884933,26.763701278730743,0.0,Inf,0.0,Inf
535,222.68718365943505,201.63510596757519,0.0,0.0,31.730526172155923,32.55016502325218,3.2493987217771116,13.514227365745695,45.31037213261496,27.05944593086104,0.0,Inf,0.0,Inf
536,221.8420159919471,201.13868006281783,0.0,0.0,31.370440144165972,32.532312949694244,3.584900139679182,11.210597173662615,46.88826535340842,27.405889363336595,0.0,Inf,0.0,Inf
537,220.72929744836006,200.64320982958074,0.0,0.0,32.557749993629514,32.49394710980451,4.043438474078869,8.264121013681338,47.96298710005683,27.611819094206556,0.0,Inf,0.0,Inf
538,219.02899700874806,200.11034043564882,0.0,0.0,35.75437528541518,32.45921630041812,4.675503058517473,4.925221824662797,48.45261931016144,27.793937285009093,0.0,Inf,0.0,Inf
539,216.6462956396552,199.75955093099418,0.0,0.0,37.530689706935284,32.42375818965484,5.399054901608363,2.9569785561509447,48.17583083181893,27.945129561588573,0.0,Inf,0.0,Inf
540,214.10654645703926,199.46623897591653,0.0,0.0,37.0764090297858,32.390231396645426,5.982257767882274,5.215560403020023,47.282514796582966,28.027731822752894,0.0,Inf,0.0,Inf
541,211.7728681961015,199.00646545747477,0.0,0.0,35.51880593472916,32.355165689273484,6.605967365047231,8.203395600239379,45.891215862229295,28.153207482690572,0.0,Inf,0.0,Inf
542,209.40375264466553,198.50832741464026,0.0,0.0,33.492656559965205,32.33075026671613,7.283995730307971,9.98456655739725,44.17560256085457,28.265841153130552,0.0,Inf,0.0,Inf
543,207.12368021744467,197.9917415654357,0.0,0.0,31.629047560471996,32.30329610365145,7.875079985285687,10.547630765874425,42.33572441670424,28.364802849212,0.0,Inf,0.0,Inf
544,205.3983270972905,197.27408877113314,0.0,0.0,30.362760278384023,32.28539176053615,8.403459026777119,10.413846353026083,40.47770630710773,28.575993873001455,0.0,Inf,0.0,Inf
545,205.74612633228048,196.4194224001866,0.0,0.0,28.115612451506255,32.27008908944155,8.916189741360267,10.123582627434365,38.60581532297056,28.891582712571633,0.0,Inf,0.0,Inf
546,208.4634177438648,195.34444758448157,0.0,0.0,29.20780348498447,32.22648283233551,9.170273758581931,9.76390984249554,36.84779172905224,29.19312521901412,0.0,Inf,0.0,Inf
547,212.52840537178628,194.3887544669898,0.0,0.0,33.03727612976662,32.19943950380348,9.254404683948822,9.520066497269887,35.14635820172931,29.496918042525074,0.0,Inf,0.0,Inf
548,215.82916390351116,193.71149177017827,0.0,0.0,34.068903541412624,32.16860241485939,9.231860520747707,9.154288969941646,33.48112390561818,29.697394487544788,0.0,Inf,0.0,Inf
549,217.99423995447194,193.22658315793697,0.0,0.0,31.977339239520695,32.14129266320766,9.136458814229314,8.824062210382495,31.86669298506267,29.814590902908904,0.0,Inf,0.0,Inf
550,219.69791314705301,192.76932012899914,0.0,0.0,28.94861745612028,32.112703979271984,9.031338858089818,8.34110094421241,30.33480284880269,29.95597987364605,0.0,Inf,0.0,Inf
551,222.1588971891357,191.9561131299243,0.0,0.0,28.957300883154403,32.079195204307446,8.919742892364436,7.956374906737175,28.818637658809333,30.037445582725006,0.0,Inf,0.0,Inf
552,225.3441066661667,191.376975779721,0.0,0.0,31.805158833446683,32.02856233633951,8.783443971388753,7.551861457256385,27.374930353393598,30.043870768829464,0.0,Inf,0.0,Inf
553,227.87157701664788,190.98801410139833,0.0,0.0,38.19209539160615,31.984542954164525,8.62026986406717,7.146028439995581,26.024587134652204,29.990402757229514,0.0,Inf,0.0,Inf
554,229.2567696129457,190.46467262665973,0.0,0.0,41.375392684487636,31.95284195990062,8.241107051737835,6.773773384129754,24.945301245579685,29.876032193440896,0.0,Inf,0.0,Inf
555,228.2473631747818,190.05491077432566,0.0,0.0,38.93937687346154,31.926085633852257,7.800174706379443,5.959768802365643,24.18394706883289,29.335385330091867,0.0,Inf,0.0,Inf
556,225.20972825151978,189.71986907637415,0.0,0.0,36.35986445737047,31.900767304637572,7.353067053143587,5.054291752461629,23.677960787487223,28.548041342305027,0.0,Inf,0.0,Inf
557,222.8992578028452,189.16438612038058,0.0,0.0,33.8448888759456,31.88947229013127,6.921934354675849,4.530213608919214,23.221563507865294,28.02759763426235,0.0,Inf,0.0,Inf
558,219.92446403336328,188.78080424350003,0.0,0.0,30.782264688153976,31.877967440689435,6.4967172620774605,4.291936456204807,22.73398118672689,27.502166899769172,0.0,Inf,0.0,Inf
559,215.73275923704844,188.29949473618873,0.0,0.0,28.902758140026805,31.85221272909822,6.087256739143695,4.222629417351388,22.274959100997453,27.02834385480473,0.0,Inf,0.0,Inf
560,212.6443684933989,187.77124989607447,0.0,0.0,30.11074843877411,31.826643552399734,5.720236964793454,4.104156114387572,21.874071931150535,26.714401288249388,0.0,Inf,0.0,Inf
561,211.2749320843085,187.3874018584507,0.0,0.0,30.260827701837215,31.809958039543968,5.382782448548251,4.174409473358563,21.46488825528092,26.496914222323408,0.0,Inf,0.0,Inf
562,210.72040370756272,186.65623019746954,0.0,0.0,27.94995227165263,31.79029527859463,5.100353624014953,3.9387178408029255,21.072130161140226,26.483086228373814,0.0,Inf,0.0,Inf
563,211.28407881381887,185.72651669407384,0.0,0.0,26.075222084217533,31.767341603256316,4.873121711526221,3.52906553869949,20.79618382640527,26.63376803326563,0.0,Inf,0.0,Inf
564,212.23909967296788,185.1608096481194,0.0,0.0,24.685908057611258,31.744562652007897,4.648912590997037,3.4157760817654883,20.58460417342554,26.75211871677883,0.0,Inf,0.0,Inf
565,211.92180411060056,184.42671147698553,0.0,0.0,22.917295438420318,31.716586522972694,4.413454764481246,3.491352341984418,20.349193291154943,26.790731340836707,0.0,Inf,0.0,Inf
566,210.94827091636466,183.72803995985495,0.0,0.0,23.098099236523897,31.671369976697804,4.142532782499197,4.962534819597404,20.25651330885014,26.54476595155833,0.0,Inf,0.0,Inf
567,209.6260982076708,183.2009926854514,0.0,0.0,27.39616784954647,31.624092851980294,3.9975120238925412,5.980841044954839,20.28147767067892,26.285796190726618,0.0,Inf,0.0,Inf
568,208.69124408479442,182.77804266990466,0.0,0.0,31.167686348475453,31.584478902414038,4.028497462750823,6.572741703410379,20.042896695500122,26.04704959488218,0.0,Inf,0.0,Inf
569,208.17972844740837,182.55448030691656,0.0,0.0,31.3255035767981,31.555660270367095,4.146956929424164,7.011825237914568,19.473007980414756,25.76077169259426,0.0,Inf,0.0,Inf
570,207.6491497008237,182.12194109729492,0.0,0.0,29.007574010630613,31.5259724079414,4.2872489074671085,7.385295154055748,18.702502096190614,25.441867315933038,0.0,Inf,0.0,Inf
571,206.94305363001305,181.82728342652268,0.0,0.0,28.265006997060212,31.49601234729083,4.417683594160829,7.306910046132625,17.963745600144126,25.102387412044312,0.0,Inf,0.0,Inf
572,205.6936350953728,181.61298977496944,0.0,0.0,31.852407294448994,31.44198097301889,4.548801865043401,7.028598578315192,17.421052224999936,24.75610277155819,0.0,Inf,0.0,Inf
573,203.81637688077018,181.12157960403957,0.0,0.0,40.354277708229944,31.392660540952676,4.696804639124732,6.327785166152637,17.01860407225899,24.49387303584157,0.0,Inf,0.0,Inf
574,201.64675290804206,180.58181880574645,0.0,0.0,43.828467332263614,31.35603404530224,4.879435529919569,5.565260308769384,16.638848686019596,24.30534825910193,0.0,Inf,0.0,Inf
575,199.2889667358939,180.1639197286931,0.0,0.0,41.005362065905054,31.33698572407884,4.966314706841401,4.87221564318721,16.251223140604466,24.15004465111425,0.0,Inf,0.0,Inf
576,196.76703430450183,179.92201039607127,0.0,0.0,34.21752051855614,31.3277985883098,5.01278357865516,4.266487285772018,15.821175910734743,24.01605662733038,0.0,Inf,0.0,Inf
577,194.2952835140836,179.51312823109524,0.0,0.0,27.196615179820913,31.32006340518701,5.026630711326816,3.691394410920488,15.513787662744164,23.849814086651058,0.0,Inf,0.0,Inf
578,191.24970223103742,179.1887479412074,0.0,0.0,21.68427574606452,31.312340675958023,4.891171512060212,3.1238995809512375,15.512379801816307,23.646412186132554,0.0,Inf,0.0,Inf
579,186.9943069547487,178.86668288099145,0.0,0.0,21.570128373761435,31.27644820692476,4.681249218758703,3.049349005286333,15.642187926519442,23.439164229969876,0.0,Inf,0.0,Inf
580,181.92073937009388,178.4902354790557,0.0,0.0,28.858012523904314,31.233656621033457,4.441961127163126,3.242844335842968,15.733073900975116,23.245065730536645,0.0,Inf,0.0,Inf
581,176.6857302098773,178.21324570992985,0.0,0.0,34.47900210653921,31.195188838516472,4.187072128928113,3.4233313292073824,15.77687929789194,22.96861548100377,0.0,Inf,0.0,Inf
582,171.19048930739862,178.12127245864903,0.0,0.0,35.75102179890623,31.161389621945077,3.9253884468108056,4.307383292021295,15.97623509163585,22.63932833361213,0.0,Inf,0.0,Inf
583,165.57431082845693,178.00731898535537,0.0,0.0,32.97819419185002,31.131987644954503,3.8160516914796645,4.94106445065099,16.087922438887396,22.391247789337683,0.0,Inf,0.0,Inf
584,159.58821576372384,178.0079262830207,0.0,0.0,31.233489516486433,31.09124212700809,3.856210720320692,5.613716479347805,15.8622962789371,22.14901738008659,0.0,Inf,0.0,Inf
585,153.550381388121,178.01183602115344,0.0,0.0,32.61971835031425,31.05758516969368,3.94398079845842,5.89379677367567,15.352821615672045,21.928774495153572,0.0,Inf,0.0,Inf
586,147.62886472351838,177.88642974745466,0.0,0.0,37.2835892978587,30.998391782877594,4.058089983196786,5.672725244030079,14.72362711673843,21.76747390668692,0.0,Inf,0.0,Inf
587,143.22956132270338,177.5153356601091,0.0,0.0,41.82927061753881,30.96177998263555,4.179027961367676,5.318488072185681,14.18598027632183,22.027017187333747,0.0,Inf,0.0,Inf
588,140.4007808033739,177.23800371079355,0.0,0.0,41.1237990073171,30.947081045202548,4.312388606646455,4.9695394980836465,14.046117420725858,22.473955913203135,0.0,Inf,0.0,Inf
589,138.1237804049614,177.0250619474813,0.0,0.0,35.82498071438165,30.940134235994364,4.3048656030320345,4.45877983955686,14.355656932422571,23.02984192560304,0.0,Inf,0.0,Inf
590,137.97533248398176,176.33318155011,0.0,0.0,29.840417527497515,30.929444805343643,4.229270502817829,4.029744465516892,15.046383114320387,23.682502771980214,0.0,Inf,0.0,Inf
591,142.3243246355796,175.57923601685738,0.0,0.0,27.417934743366832,30.896168417415563,4.137713205247263,3.651362728682792,15.97279898892072,24.410821264661745,0.0,Inf,0.0,Inf
592,150.37766480640235,174.91590072445211,0.0,0.0,31.788104320530664,30.849741584547978,4.029732875056591,3.7701075642325446,16.850530426696377,25.171292168037205,0.0,Inf,0.0,Inf
593,157.65635219065237,174.59069365479422,0.0,0.0,37.99649131871366,30.805235420171822,3.9331502009301182,4.0953002373560805,16.97180496647839,25.507528623197057,0.0,Inf,0.0,Inf
594,162.82247065145486,174.1362298154138,0.0,0.0,39.494240816573196,30.78154262005302,3.847236232643678,4.004247147042782,16.566309995682776,25.702436806872097,0.0,Inf,0.0,Inf
595,168.06798822152697,173.4894413243784,0.0,0.0,35.80802907139853,30.773570390075733,3.767456888486747,4.09988185388629,16.055848196240905,25.667985517389496,0.0,Inf,0.0,Inf
596,176.23754855625918,172.93051767204994,0.0,0.0,31.229009290446527,30.73882108603556,3.7173517924314727,4.123051475107815,15.770601445306198,25.473482804349008,0.0,Inf,0.0,Inf
597,187.5050602202168,172.26082165840384,0.0,0.0,30.410799478926,30.717935165610555,3.6738049019277144,3.905591286188879,15.829864454204591,25.109781583717005,0.0,Inf,0.0,Inf
598,200.0497506383387,171.79292938766346,0.0,0.0,29.203359398314426,30.70383171454039,3.6355617249728804,3.624209662834273,16.159929160712732,24.654722170098243,0.0,Inf,0.0,Inf
599,211.04589782362464,171.37980016392697,0.0,0.0,26.359369063903884,30.690145704078017,3.5884473249775044,3.364700807232714,16.76323516070053,24.08017424692995,0.0,Inf,0.0,Inf
600,217.8723960481526,171.1582963667644,0.0,0.0,23.367516176037544,30.66524236605725,3.56512290336157,2.984411157872433,17.70954532294861,23.15506677007217,0.0,Inf,0.0,Inf
601,220.57024260061237,170.95679430074156,0.0,0.0,24.83474097894355,30.62617366724161,3.551439745317234,2.554167060734127,18.433249640691656,22.15611043610797,0.0,Inf,0.0,Inf
602,219.68596278349548,170.72302293264448,0.0,0.0,29.006484836641967,30.58392963597107,3.4651500072271677,2.386483426329558,18.752097670610805,21.0958781283947,0.0,Inf,0.0,Inf
603,216.92898255575062,170.47538876312584,0.0,0.0,31.663987258515032,30.547088825745718,3.352048095593997,2.345416129589618,18.75585806071918,20.073339259942887,0.0,Inf,0.0,Inf
604,212.40404336797954,170.35667503389993,0.0,0.0,32.864976808460796,30.503389251457158,3.233937855751377,2.3888362832327306,18.609631361998233,19.093118236697237,0.0,Inf,0.0,Inf
605,205.98842963408558,170.34608400364792,0.0,0.0,32.95545193231797,30.47279497959167,3.113371703516141,2.429444138573075,18.322627118591495,18.19506463847489,0.0,Inf,0.0,Inf
606,197.51037752785987,170.23522546520505,0.0,0.0,30.646313987771833,30.441770160222095,2.9933608644335075,2.462939009003723,17.96011490445186,17.378272497634693,0.0,Inf,0.0,Inf
607,188.4401586430386,170.12334905030596,0.0,0.0,33.0414801139698,30.379930441123413,2.866948223174394,2.571184274207572,17.491589113167034,17.035208115843037,0.0,Inf,0.0,Inf
608,179.33179456478678,170.09445754211737,0.0,0.0,37.85918783876758,30.321890669750815,2.806477509783458,2.4896918350374393,17.14551767532232,16.89867091491973,0.0,Inf,0.0,Inf
609,170.81533505284196,169.9534213243981,0.0,0.0,42.7687300730304,30.266319224954728,2.7736440150637724,2.505529848962343,17.064818418785027,16.962294657287753,0.0,Inf,0.0,Inf
610,163.12094493927452,169.4612774282444,0.0,0.0,43.47985211345656,30.23474769608954,2.7585519342800566,2.5514488050622957,17.151873622922366,17.17191760714268,0.0,Inf,0.0,Inf
611,156.0489987857831,169.14446739193681,0.0,0.0,40.68697814327892,30.217421335553485,2.7388935593934614,2.6232582666577366,17.264207721296685,17.416867481644324,0.0,Inf,0.0,Inf
612,149.50276700834937,168.41247442312797,0.0,0.0,34.66151782540394,30.214284566515595,2.733812034804985,2.6192988845810743,17.303423644611975,17.698619623543788,0.0,Inf,0.0,Inf
613,144.0697912692157,167.84696818831748,0.0,0.0,28.15217120826637,30.20757401350928,2.7280349459059074,2.707068918144172,17.18606730101142,17.918164878462044,0.0,Inf,0.0,Inf
614,139.15131392828297,167.3971456796485,0.0,0.0,22.619056818208318,30.202956015902576,2.728173805940053,2.8849943809782395,16.979083756835387,18.079318146922514,0.0,Inf,0.0,Inf
615,135.0080124814955,166.94548429619672,0.0,0.0,20.073244538477375,30.181830538591775,2.7469491685033063,3.117101154805635,16.855998412673408,18.52118656929493,0.0,Inf,0.0,Inf
616,131.47011366853786,166.43458920318778,0.0,0.0,20.041606946826374,30.160355156872523,2.7671469373769715,3.2269699387461386,16.783858280877123,19.02252597426633,0.0,Inf,0.0,Inf
617,129.6793977223099,165.84072155476682,0.0,0.0,20.10870657531519,30.129750452471946,2.784282458678654,3.2702786513990967,16.842102953880122,19.628796186437224,0.0,Inf,0.0,Inf
618,131.7286036701774,165.07186175011722,0.0,0.0,23.010253169272918,30.089228773327918,2.8193130045814714,3.4048369443374513,17.24592345982318,20.422878848977152,0.0,Inf,0.0,Inf
619,134.46715213736275,164.52962064975785,0.0,0.0,26.616718451871616,30.046423758770374,2.923040824474948,3.5835247661567635,17.796594079182004,21.279067325099856,0.0,Inf,0.0,Inf
620,134.80526474092355,164.02532782844128,0.0,0.0,28.06711589442081,30.015913804660187,3.0541204241366207,3.7351218224318834,18.316216923047747,22.21339743522359,0.0,Inf,0.0,Inf
621,134.6165194511414,163.45085757929093,0.0,0.0,27.48071116747458,29.981954439822758,3.196312892727003,4.116250271582588,18.520430173256795,23.090401569472675,0.0,Inf,0.0,Inf
622,136.00203414686115,162.831803151483,0.0,0.0,26.706122488296376,29.957875081826092,3.36878131107633,4.103750944315612,18.574277094563698,24.060606076278027,0.0,Inf,0.0,Inf
623,138.0254425074002,162.45698534490975,0.0,0.0,24.931985528862654,29.933466214240546,3.542567180404008,3.9449254393532502,17.758641907476896,24.52112242930366,0.0,Inf,0.0,Inf
624,137.37173149449112,162.21550784081575,0.0,0.0,25.097137094252012,29.90147595381626,3.6101325212162108,3.7161839419725227,16.53629321611415,24.70687463771968,0.0,Inf,0.0,Inf
625,135.78468976608553,161.85080943367856,0.0,0.0,25.822945806176023,29.868684495665732,3.620911300513314,3.6406569789165277,15.736882810166371,24.635384288759372,0.0,Inf,0.0,Inf
626,134.70456530299393,161.64625923940042,0.0,0.0,26.454623327758938,29.843785690667826,3.5996409657080664,3.4467970812335493,15.638150831627698,24.41052473980308,0.0,Inf,0.0,Inf
627,134.38134930287845,161.44935505981428,0.0,0.0,25.140293875784575,29.823806716683343,3.5506748693013406,3.223326014070139,15.80625834395118,24.467484109746003,0.0,Inf,0.0,Inf
628,138.42142677744047,161.01400494576995,0.0,0.0,22.419405874094416,29.8009300610769,3.489136246776507,2.953916495863813,15.877438949049099,24.62968269212508,0.0,Inf,0.0,Inf
629,145.92078400946295,160.80075826196324,0.0,0.0,24.30798166891585,29.763468358145694,3.431798594090693,2.838412242312775,15.906201233453872,24.49576817059936,0.0,Inf,0.0,Inf
630,153.98740273591508,160.30688645600387,0.0,0.0,27.488278130748558,29.729981578051735,3.2942208040377867,2.782838716717998,15.976020518975574,24.368131017237715,0.0,Inf,0.0,Inf
631,163.72421687778873,159.5282091662076,0.0,0.0,28.449082526371598,29.694099149068954,3.228122443276127,2.7432172522957377,16.11459483506997,24.288853445570336,0.0,Inf,0.0,Inf
632,174.98841461289985,159.08701831707702,0.0,0.0,30.263931392324864,29.652061902772587,3.1825940891048528,2.7357582927562603,16.268439579572394,24.193139623736204,0.0,Inf,0.0,Inf
633,185.24475536566015,158.56510628887872,0.0,0.0,37.66327696092471,29.582730287240857,3.136780125354,2.8347585392237127,16.32513922403386,24.036319609198134,0.0,Inf,0.0,Inf
634,194.26188584731352,158.21830214416008,0.0,0.0,44.563955231597006,29.53912555750659,3.0926097699421544,3.0908553282398885,16.543378632839715,23.840213100558767,0.0,Inf,0.0,Inf
635,199.62672362663162,157.8283043094744,0.0,0.0,44.74685078178813,29.51144965794168,3.0703458667018317,3.164430343474479,17.072740304554742,23.23011834257296,0.0,Inf,0.0,Inf
636,202.19639679905976,157.58777131008503,0.0,0.0,40.580982604400106,29.49530745609932,3.083723227450967,3.1502905771573113,17.82093891728136,22.4788309189422,0.0,Inf,0.0,Inf
637,203.9888184461286,157.36448838568063,0.0,0.0,34.57979858632898,29.482391733482757,3.1037228292475696,3.1107860065824644,18.73821033130645,21.537907097554257,0.0,Inf,0.0,Inf
638,205.17529356258206,157.16880937041768,0.0,0.0,31.19818558563774,29.45880962627116,3.1274655174930315,2.859791700427787,19.475830372666852,20.56733667788657,0.0,Inf,0.0,Inf
639,204.13137892885297,157.08515225096292,0.0,0.0,30.951502346319902,29.4390282736968,3.153694033682465,2.550384273001893,19.88417562646527,19.51157512320043,0.0,Inf,0.0,Inf
640,200.8154435244385,156.85060655197208,0.0,0.0,30.497470993050225,29.422682912322465,3.1057740850031426,2.41667107634279,19.815674551930417,18.490927337239857,0.0,Inf,0.0,Inf
641,197.25362679521913,156.72459847485354,0.0,0.0,29.220485527980276,29.401467419844206,3.025129510054259,2.2666953928777573,19.38821001577613,17.561092334071006,0.0,Inf,0.0,Inf
642,194.53466587413143,156.2357747079345,0.0,0.0,29.040433555585015,29.373356848962008,2.922083894955612,2.1297405829187457,18.798547994474617,16.69636311833114,0.0,Inf,0.0,Inf
643,191.52017491259414,155.9982155171443,0.0,0.0,29.19388725739119,29.346110426565662,2.8304659905962257,2.1722696388062968,18.232744168953648,15.971985421838026,0.0,Inf,0.0,Inf
644,187.11868423047486,155.8874583655776,0.0,0.0,30.901165616402825,29.312245838843783,2.7367385760449947,2.1633337547427454,17.859215295204656,15.342928313431658,0.0,Inf,0.0,Inf
645,181.1403568969481,155.89476936104055,0.0,0.0,31.659241131625425,29.2789031540575,2.634462774691223,2.1256758817278874,17.64436166145725,14.784366100765203,0.0,Inf,0.0,Inf
646,175.26247604005576,155.69768552658502,0.0,0.0,31.7489257451352,29.23975720742524,2.52599865957068,2.156604196560896,17.447953261765278,14.610418915974408,0.0,Inf,0.0,Inf
647,170.30333825637183,155.453096722045,0.0,0.0,32.415913126924025,29.19850939416595,2.4853328843436353,2.060965652317781,17.428332763257092,14.608031331670785,0.0,Inf,0.0,Inf
648,166.12393669609406,155.1171101767072,0.0,0.0,33.365162777178234,29.153501438580168,2.3967212638695314,2.0892989802659043,17.58977385667713,14.683962717556463,0.0,Inf,0.0,Inf
649,160.71804711370964,154.913289846164,0.0,0.0,35.73247854477628,29.110861734718064,2.350922578717804,2.0909794336217717,17.75912753705978,14.854311102971776,0.0,Inf,0.0,Inf
650,153.52324830680527,154.71347682176162,0.0,0.0,35.531245372850364,29.089911567623677,2.337396508428213,2.080597024991889,17.782619251256023,15.075561418912669,0.0,Inf,0.0,Inf
651,147.45420230719586,154.5365202978496,0.0,0.0,31.6913402799053,29.081846527107952,2.3399416994924676,2.209496360467609,17.632932031349075,15.270719879872317,0.0,Inf,0.0,Inf
652,142.7493948721636,154.4208407168142,0.0,0.0,26.59000494731959,29.068588714964115,2.336719786670781,2.3128368070657523,17.399445766587807,15.4011097826641,0.0,Inf,0.0,Inf
653,138.12057990828296,154.31711113660452,0.0,0.0,23.48401945043201,29.051123385341086,2.3326961210262707,2.427849402110635,17.14345829718345,15.467573075912759,0.0,Inf,0.0,Inf
654,132.96227186007178,154.27148704524274,0.0,0.0,23.734363583314458,29.023508888903603,2.3403687410440077,2.7289245005486173,16.936574423541565,15.442953556139898,0.0,Inf,0.0,Inf
655,127.72605776976175,153.99257857339188,0.0,0.0,26.3251743122467,28.990855287704917,2.363096249255518,3.105884161335679,16.78430983112066,15.383924289229927,0.0,Inf,0.0,Inf
656,124.3707273679534,153.76006707700006,0.0,0.0,27.259350022405073,28.965621797627907,2.455418677706201,3.521447449097981,16.68771684934339,15.61195090793874,0.0,Inf,0.0,Inf
657,122.83172480651893,153.37810231339208,0.0,0.0,25.510656395778202,28.947151216571722,2.573156466149471,3.914558705499158,16.601998266485825,15.985892681476422,0.0,Inf,0.0,Inf
658,124.38152622821468,152.7025767956085,0.0,0.0,22.129847463689014,28.92641439329772,2.6976557836747657,4.38603408132716,16.56105611690127,16.49774378344618,0.0,Inf,0.0,Inf
659,129.1386660480492,152.24572385916636,0.0,0.0,20.807253475086814,28.90061489726976,2.81642637550822,4.65674883174361,16.697833168156016,17.1127262114782,0.0,Inf,0.0,Inf
660,132.77006159512166,151.70079381365662,0.0,0.0,22.84780749128979,28.858989893507832,2.923642225283102,4.353882412543132,16.680256773973177,17.467217196025032,0.0,Inf,0.0,Inf
661,134.648779480449,151.50673118819557,0.0,0.0,26.623414523612322,28.823469671622533,3.0192827105214364,4.07057795868617,16.372384630584786,17.725140842091648,0.0,Inf,0.0,Inf
662,136.86191949697795,151.42041377628252,0.0,0.0,27.26580636510025,28.794644224373954,3.114778248571913,3.8164522379638153,15.799587367525664,17.897668531768556,0.0,Inf,0.0,Inf
663,139.51145962218632,151.06576148445424,0.0,0.0,25.10381815979426,28.77180659547906,3.2100635312600327,3.481525475590993,15.0980147325932,17.977518227803085,0.0,Inf,0.0,Inf
664,141.48323701862887,150.84428638530045,0.0,0.0,21.594559298859572,28.751868128877526,3.215011638608608,3.0346736136421777,14.508145560071924,17.962120776225067,0.0,Inf,0.0,Inf
665,142.8891561743089,150.71675648047093,0.0,0.0,20.923944920342198,28.713754061468716,3.1788219154937587,2.507939847987682,14.139853286706316,17.79853433880044,0.0,Inf,0.0,Inf
666,140.95908805485504,150.7052097682184,0.0,0.0,26.92087333739748,28.669371315111107,3.038589300919115,2.1974504447948426,14.061418103734932,17.568970245888778,0.0,Inf,0.0,Inf
667,136.65554741783492,150.81120794746826,0.0,0.0,32.518667693215704,28.627897506349473,2.861190337132836,2.250663950082738,14.11654955261489,17.280592858723107,0.0,Inf,0.0,Inf
668,133.79399561073726,150.82508007584082,0.0,0.0,36.363877410019796,28.580280667471094,2.667346500700999,2.320320993122834,14.185448648559815,17.00287815399818,0.0,Inf,0.0,Inf
669,132.34847841046334,150.65827182674377,0.0,0.0,38.23639729165842,28.545479094516,2.5312475755940107,2.2024528656145828,14.119417434365195,16.80292733780296,0.0,Inf,0.0,Inf
670,130.27368327624046,150.4810798140444,0.0,0.0,36.51659161856914,28.52980702957833,2.423816647449886,2.2271460974385775,14.029586717277407,16.649503219698783,0.0,Inf,0.0,Inf
671,126.67547629643518,150.26886660862067,0.0,0.0,31.75248506885668,28.524622111814715,2.3338782092586263,2.346517461833662,14.03663725947143,16.562818159867682,0.0,Inf,0.0,Inf
672,121.98797393483622,150.0246446153878,0.0,0.0,27.162802467583376,28.50891798298296,2.256205018430623,2.399178122611815,14.181628409772708,16.542119560425814,0.0,Inf,0.0,Inf
673,119.62539219573802,149.6068651586185,0.0,0.0,28.87281551456859,28.478753136408002,2.1989972831349016,2.288236809861769,14.561298601616372,16.896411822227464,0.0,Inf,0.0,Inf
674,121.18258402635611,149.11565514818136,0.0,0.0,31.822664573471975,28.462013242779307,2.1525915521136656,2.247080362043732,15.329923951283703,17.432543577795013,0.0,Inf,0.0,Inf
675,126.3912391244883,148.028505600166,0.0,0.0,31.70217346510205,28.438249268142986,2.1201954174307702,2.359403644193208,16.492046396752244,18.124611353100267,0.0,Inf,0.0,Inf
676,134.19200958672982,147.38190429236954,0.0,0.0,30.36004941944089,28.406406696513027,2.1087887566202976,2.1385152501513605,17.157409637233563,18.562135575067142,0.0,Inf,0.0,Inf
677,141.63963682422505,147.00490944753602,0.0,0.0,29.519653644706487,28.380481729385522,2.1052621885915297,1.986721298366757,17.131797539230334,18.93235227176085,0.0,Inf,0.0,Inf
678,147.72052263287233,146.76007884048906,0.0,0.0,30.488565053480798,28.34757488176395,2.1025791052098186,1.7801547656423464,16.667752716630385,19.172549252422456,0.0,Inf,0.0,Inf
679,150.95426438726005,146.48502502173938,0.0,0.0,31.762511068379162,28.32085137419903,2.1034611507661753,1.665018607582765,16.102723269959153,19.297502033456666,0.0,Inf,0.0,Inf
680,154.2734615527899,146.01284678561103,0.0,0.0,31.15962629789382,28.288794276930265,2.049949982463661,1.7126299547532442,15.626931948103614,19.30032191928425,0.0,Inf,0.0,Inf
681,159.18104085610773,145.68909467983835,0.0,0.0,32.683208806117044,28.243641974173972,2.028760959521986,1.8415202072041987,15.401810010383688,19.13250197893361,0.0,Inf,0.0,Inf
682,164.9476925007867,145.36740982458957,0.0,0.0,36.30419497223505,28.205587676874686,2.0199667330628737,1.9234927517848373,15.462933751917362,18.875651423231005,0.0,Inf,0.0,Inf
683,170.29900693099523,145.21758358563076,0.0,0.0,36.31408871625509,28.187275277711812,2.0055340796417864,2.0941924039737883,15.812665731489085,18.53655493405189,0.0,Inf,0.0,Inf
684,174.3290826252954,144.90660924461295,0.0,0.0,33.2535781471311,28.171775298236447,2.007328190516508,2.2404646231351117,16.2302783475142,18.28135902518785,0.0,Inf,0.0,Inf
685,176.10784733564947,144.69775990942983,0.0,0.0,28.864965452600458,28.1660252087728,2.0183624137819653,2.354607101732526,16.64204262214988,17.708832113846285,0.0,Inf,0.0,Inf
686,174.61148526742426,144.5758918345747,0.0,0.0,24.483306855698135,28.152806739199377,2.038142063689683,2.434373692555677,16.995014692738337,17.065295314780144,0.0,Inf,0.0,Inf
687,170.3277434024892,144.56686007657137,0.0,0.0,21.88571085858452,28.14380647531662,2.065279266784047,2.507598093551671,17.18320375953597,16.378495249267882,0.0,Inf,0.0,Inf
688,165.6822052607981,144.17411985204512,0.0,0.0,20.423122171012555,28.12699710285931,2.1484324193686835,2.6126170379486844,16.86718142848607,15.991457643548635,0.0,Inf,0.0,Inf
689,162.24962660298974,143.80047687156318,0.0,0.0,24.122184019267646,28.079464546310692,2.26443762229401,2.656539012931326,16.186062950777462,15.73383329004847,0.0,Inf,0.0,Inf
690,159.57332469633786,143.62084223617072,0.0,0.0,29.93847977723861,28.04410676072892,2.3288450671351106,2.8492149161209457,15.577336528561638,15.570842768639613,0.0,Inf,0.0,Inf
691,157.039771321978,143.29938845495533,0.0,0.0,32.865921174455764,28.00563323912892,2.4321279767240593,2.8573585212264567,15.172889846864852,15.542332869324385,0.0,Inf,0.0,Inf
692,154.607782987848,142.92310280688923,0.0,0.0,32.568169848430394,27.978919099791778,2.480485319681744,2.9936398873840675,15.015046144790825,15.577463838793246,0.0,Inf,0.0,Inf
693,152.86221613825808,142.44678945924574,0.0,0.0,29.244512536314193,27.957594056395358,2.573067215639784,2.9545376206386615,14.965749650087469,15.690338625821257,0.0,Inf,0.0,Inf
694,152.4506454248598,141.90453080492262,0.0,0.0,25.50707999837538,27.93223285406909,2.62447175360943,2.8193854139967587,14.92939277142788,15.826858143250247,0.0,Inf,0.0,Inf
695,153.1234366355184,141.50851372639124,0.0,0.0,24.71385687510055,27.90691495947182,2.6481715377987136,2.7211647600777673,14.847003622933748,15.947306726811894,0.0,Inf,0.0,Inf
696,152.7539637365183,141.2441616080781,0.0,0.0,26.744534230345884,27.87499825590756,2.6503608546228965,2.6402604544494728,14.736054193398218,16.0344057695311,0.0,Inf,0.0,Inf
697,151.4729996610978,140.96693385233243,0.0,0.0,31.37140581819938,27.823318951221683,2.647157176509319,2.4731879625257944,14.59686363370869,16.10274230533288,0.0,Inf,0.0,Inf
698,150.26199774974083,140.85600760748824,0.0,0.0,38.75329305983861,27.769293315526518,2.6342307274036187,2.3841608352014423,14.369068203158998,16.115646258610603,0.0,Inf,0.0,Inf
699,148.9350707253484,140.6075380000441,0.0,0.0,42.42738738434541,27.73020460466536,2.6138884659246084,2.310415248121189,14.08140803551455,16.09114351191594,0.0,Inf,0.0,Inf
700,146.67255490381814,140.49420753803395,0.0,0.0,41.88835102132459,27.697356845063272,2.594650185248742,2.2222990171070833,13.774554628063811,16.04600631865327,0.0,Inf,0.0,Inf
701,143.27132247655572,140.44019378258605,0.0,0.0,38.86181712395604,27.68280015998006,2.5697965335212496,2.1447756175285075,13.496601372724527,15.973907607417141,0.0,Inf,0.0,Inf
702,140.11367661497707,140.31206153263378,0.0,0.0,33.07918943752041,27.68248613253443,2.545261400006962,2.041539909704498,13.312454269609905,15.90260826607178,0.0,Inf,0.0,Inf
703,138.5472610774756,139.93278826750065,0.0,0.0,26.038120783954998,27.683473396291753,2.4493558384065466,1.9710496761663268,13.18499262318585,15.830651265569562,0.0,Inf,0.0,Inf
704,138.85215510609402,139.55168300690897,0.0,0.0,19.331079019836412,27.681650422123496,2.328415957724795,1.869843073647877,13.1164558534034,15.71513995001337,0.0,Inf,0.0,Inf
705,138.33017007530944,139.36277147980033,0.0,0.0,15.315927638106544,27.6606915800346,2.199477087707015,1.814510211666076,13.145237762837274,15.622325467859898,0.0,Inf,0.0,Inf
706,136.54877320523786,139.0581505710528,0.0,0.0,20.793628834052647,27.61304112957233,2.069987230123134,1.6999209230492986,13.412048123353166,15.557828915625127,0.0,Inf,0.0,Inf
707,136.85525717216888,138.43340120837058,0.0,0.0,30.518008853442364,27.557361150282095,1.9466142566834117,1.6435166135515085,13.751941323727651,15.540971272466408,0.0,Inf,0.0,Inf
708,140.12869587525483,137.82439522799498,0.0,0.0,36.5035400485801,27.5096629814351,1.8710083624439717,1.5478194243867691,13.86779403891305,15.540228725042228,0.0,Inf,0.0,Inf
709,143.83343095051194,137.43281260635618,0.0,0.0,36.850131773545,27.48228838922324,1.7705934510033046,1.6256336848310173,13.770337702662676,15.551618207586213,0.0,Inf,0.0,Inf
710,146.91260938775198,136.90748970650472,0.0,0.0,33.03415418732438,27.46328584589141,1.7064002584348479,1.595754092956477,13.549612441279777,15.578105554152438,0.0,Inf,0.0,Inf
711,150.33873391191008,136.3179354051148,0.0,0.0,27.385375960347485,27.458151756592112,1.6597904402024402,1.5605993797165847,13.332098331756912,15.600422360755104,0.0,Inf,0.0,Inf
712,154.61963979625943,135.9509979527615,0.0,0.0,21.67202630285224,27.449377933401458,1.6205571040969993,1.623944940687209,13.219769456383403,15.607771370880288,0.0,Inf,0.0,Inf
713,158.9042730540679,135.34433356995865,0.0,0.0,19.06113352349533,27.433234221214395,1.598945767874853,1.7950340153380582,13.342783140715678,15.64413185521943,0.0,Inf,0.0,Inf
714,162.64458492057545,134.83259854024428,0.0,0.0,18.51983336734245,27.412783093880332,1.5961289992908498,1.9177682681872776,13.533243828793891,15.680284812685638,0.0,Inf,0.0,Inf
715,164.0214930026454,134.4106834921305,0.0,0.0,19.79498948892383,27.377227130986977,1.6511684612692397,1.8289133795413655,13.594112510121198,15.389324239111025,0.0,Inf,0.0,Inf
716,163.8510148800682,134.02290471264112,0.0,0.0,25.23270363423189,27.32287618950346,1.6883314619352596,1.6658600609668222,13.680371095805484,14.959998935927263,0.0,Inf,0.0,Inf
717,162.308007930401,133.8542630629934,0.0,0.0,33.156140642633716,27.266793828057867,1.7133106406835403,1.729475435949773,14.055540332924604,14.396826918693064,0.0,Inf,0.0,Inf
718,158.19723860732904,133.8873915014019,0.0,0.0,37.21637602005475,27.231587652662444,1.7385559630456648,1.696819657186885,14.660144569253815,13.753740546399317,0.0,Inf,0.0,Inf
719,153.23481399673435,133.94693498994118,0.0,0.0,35.60285584395648,27.216149672710667,1.7640890904709534,1.5846493751881479,14.821701329123877,13.330612975726156,0.0,Inf,0.0,Inf
720,147.97147464017718,133.81707249854702,0.0,0.0,30.050846843029692,27.207742848374306,1.7889109314513334,1.5088793196124792,14.510958024269817,13.00244160388595,0.0,Inf,0.0,Inf
721,142.30233265047082,133.75128225146497,0.0,0.0,24.361128058847402,27.201033035377215,1.8067020120993906,1.4195995860286341,14.071010656629195,12.784372122040894,0.0,Inf,0.0,Inf
722,136.4806984395064,133.65592455793336,0.0,0.0,20.26014361086253,27.188280531168235,1.7648678935909543,1.3760535083912457,13.714990716942054,12.686887044111154,0.0,Inf,0.0,Inf
723,131.3200488074725,133.3827802765412,0.0,0.0,19.639105146722844,27.171616065807633,1.714247505494401,1.3360801226629715,13.605560412584024,12.734769691668022,0.0,Inf,0.0,Inf
724,127.58627253433438,132.81170167721254,0.0,0.0,21.616366266962487,27.130761102922804,1.6562810127191574,1.3559009907290849,13.725205827502052,12.86448315511075,0.0,Inf,0.0,Inf
725,124.74786790956796,132.29334969560975,0.0,0.0,28.27413323041757,27.081484949793474,1.5820797484206823,1.4275792688533546,13.925253225764061,13.01032476715917,0.0,Inf,0.0,Inf
726,122.30077897918729,131.64770555581367,0.0,0.0,34.15935584125076,27.033734524588514,1.546805337699367,1.3944248709157043,14.016751923402577,13.173986376331191,0.0,Inf,0.0,Inf
727,120.03653683093526,131.20570206560961,0.0,0.0,34.919806687691334,27.007221248109186,1.52740062777686,1.4714442309842244,13.96829371063854,13.318962609349533,0.0,Inf,0.0,Inf
728,119.25443309992085,130.67627981493155,0.0,0.0,31.17101689673419,26.994954075462424,1.5160262993227938,1.4679706856723462,13.812131949821268,13.426408786616069,0.0,Inf,0.0,Inf
729,120.4480978639196,130.3969211781655,0.0,0.0,25.950335974260263,26.97953651067849,1.5087308268589381,1.4214117877655972,13.607228771211588,13.48684611587171,0.0,Inf,0.0,Inf
730,122.29969725031701,129.829238630142,0.0,0.0,21.80812920147997,26.969028409938403,1.5000507902492606,1.4190314565905313,13.406982038823633,13.494301739699011,0.0,Inf,0.0,Inf
731,124.08360692859378,129.20531950286002,0.0,0.0,19.15245821735172,26.953296271624932,1.491897392889832,1.3876659720743774,13.274183734002184,13.459345886560564,0.0,Inf,0.0,Inf
732,125.86298931552943,128.22794923005782,0.0,0.0,17.774779256384317,26.930789056909642,1.4882879617271918,1.4677434427261664,13.286755226300594,13.41308167007204,0.0,Inf,0.0,Inf
733,128.02003382740375,127.92301207617193,0.0,0.0,18.617918436577444,26.89683606399136,1.4842897889370819,1.465374012276185,13.327093595977201,13.356695271583181,0.0,Inf,0.0,Inf
734,130.41752023807828,127.54370777596752,0.0,0.0,22.195739019118342,26.85958535056751,1.4788162933007674,1.4514779760069392,13.304266930575885,13.304608240816634,0.0,Inf,0.0,Inf
735,132.35095212683942,127.2506050710556,0.0,0.0,26.60548789661307,26.817498787170823,1.4739876026230485,1.4268397929670595,13.214566535148904,13.270364385972465,0.0,Inf,0.0,Inf
736,133.16886911456734,127.08125289713247,0.0,0.0,30.057648857634028,26.77942756343095,1.464409187134596,1.466825117036045,13.141012398236414,13.232486610133046,0.0,Inf,0.0,Inf
737,132.3129885627994,126.84563351321282,0.0,0.0,30.891989225173596,26.747864165925694,1.4509938040264792,1.6446317211446384,13.142921761941745,13.209640211734719,0.0,Inf,0.0,Inf
738,130.33062099485937,126.58661707353555,0.0,0.0,31.4687948855163,26.704117962268803,1.450724281677254,1.7539080351563436,13.171352759543018,13.205845823074602,0.0,Inf,0.0,Inf
739,127.88762449526193,126.23000738416027,0.0,0.0,32.98700682896539,26.6741648756185,1.4945175813278668,1.928547426437167,13.116570794833088,13.214668466522754,0.0,Inf,0.0,Inf
740,125.32611089154992,126.0560511563785,0.0,0.0,31.880910648838363,26.650698516857172,1.5529809443758655,2.1578089088090877,12.972591160315401,13.206561635972843,0.0,Inf,0.0,Inf
741,122.37123786853982,125.9000141017628,0.0,0.0,32.53035003764584,26.61794479873957,1.6180625691963542,2.6001807515555297,12.852943919802279,13.185937969494379,0.0,Inf,0.0,Inf
742,118.77456877462933,125.73092130055947,0.0,0.0,33.853981308860476,26.58795926483606,1.6914511401024743,2.818005499151788,12.74773151188531,13.172010874819817,0.0,Inf,0.0,Inf
743,115.0026293804395,125.5090024466083,0.0,0.0,36.58254126579252,26.546075142386584,1.7771258106148284,2.920863914622894,12.60993411753229,13.154800323620943,0.0,Inf,0.0,Inf
744,111.41776478580236,125.38275821394623,0.0,0.0,38.62744514687907,26.527949208304136,1.8658491551797305,3.056307656419825,12.386048241890716,13.142330903655825,0.0,Inf,0.0,Inf
745,107.55403482094053,125.25679233869114,0.0,0.0,37.13924884561905,26.515763075788712,1.9627800291244157,2.993141147719847,12.066556492954485,13.131819792408612,0.0,Inf,0.0,Inf
746,103.61773750787493,125.01844972806032,0.0,0.0,32.455589373618395,26.51810556277724,2.0738719737093674,2.78541877810218,11.76213619649755,13.12977058688906,0.0,Inf,0.0,Inf
747,100.35865542606778,124.80692755989286,0.0,0.0,25.720360334201835,26.525822690356247,2.1669099992568452,2.7241942877832384,11.638688929987074,13.376824047060719,0.0,Inf,0.0,Inf
748,97.40612990551425,124.43828705476358,0.0,0.0,19.011110964526736,26.52719278164358,2.2537105274281624,2.630677520884948,11.721572134464875,13.755404131103552,0.0,Inf,0.0,Inf
749,94.742099273351,123.99312894074343,0.0,0.0,16.404866447314213,26.512040341102754,2.266647294839776,2.4472848591252028,12.143047729256,14.224051646913255,0.0,Inf,0.0,Inf
750,93.00898839798867,123.6065514401927,0.0,0.0,19.126553412061075,26.48016468205731,2.232811169260856,2.368905418957731,12.849709745927578,14.781641748964592,0.0,Inf,0.0,Inf
751,93.84707872759604,122.87927775940568,0.0,0.0,25.34985104455482,26.44060180801992,2.18050089657501,2.301798239967342,13.674560916420097,15.436883790155623,0.0,Inf,0.0,Inf
752,99.9368675679514,122.18363632526352,0.0,0.0,28.191234607928976,26.41535000396352,2.1263580910396644,2.1872740886120723,14.403476959616315,16.19363719213333,0.0,Inf,0.0,Inf
753,108.5823154149631,121.20460094707373,0.0,0.0,28.619468958400915,26.373553914928593,2.0697937686823438,2.0792394854137632,14.768992319990826,17.003335784729714,0.0,Inf,0.0,Inf
754,118.51292347877533,120.50176396497943,0.0,0.0,29.140699498825583,26.343039234917036,2.0252046448409344,1.8608594909362532,14.130684423439437,17.502510594924267,0.0,Inf,0.0,Inf
755,127.55372891400795,120.11234472616164,0.0,0.0,28.032636683930633,26.319403111632173,1.96076730276449,1.7735218185656454,12.931206741805672,17.72639011631899,0.0,Inf,0.0,Inf
756,134.43529063828103,119.89148997747128,0.0,0.0,25.06836689095313,26.303213071571648,1.8860123754376903,1.825688341689964,12.02345864298053,17.759575534684405,0.0,Inf,0.0,Inf
757,138.68342333976972,119.60355275944502,0.0,0.0,20.98157172342335,26.29116466139039,1.8231584056925978,1.8108642737918643,11.85698647609234,17.630260345303178,0.0,Inf,0.0,Inf
758,141.48268586455765,119.47353630181411,0.0,0.0,18.198927737816927,26.26753220160596,1.765882227407674,1.804850440906518,12.14619670329336,17.390145572220316,0.0,Inf,0.0,Inf
759,142.9917858049077,119.42905509491464,0.0,0.0,19.282019943955707,26.24041436972393,1.7170399467882163,1.8120381373951333,12.404022066384476,17.07588560080227,0.0,Inf,0.0,Inf
760,144.60163420459773,118.86395268688376,0.0,0.0,20.954013455217474,26.20864795707345,1.678887276690357,1.7906723966386333,12.556989188672839,16.737983827160118,0.0,Inf,0.0,Inf
761,145.759686188076,118.63185348644174,0.0,0.0,24.396649697277194,26.169517816929933,1.6413349886532156,1.8190820027353634,13.132162284261373,16.07104865123923,0.0,Inf,0.0,Inf
762,145.3831768718084,118.5014205371886,0.0,0.0,26.217325758114455,26.14005017825992,1.6172178397950616,1.9120359555587816,13.985617105396557,15.32709256666179,0.0,Inf,0.0,Inf
763,143.62581971906542,118.38161550877285,0.0,0.0,25.400069703297106,26.116714627514217,1.6064058078465673,1.9597459673335977,14.870176881503205,14.567664557022209,0.0,Inf,0.0,Inf
764,140.48865938663434,118.43409888564354,0.0,0.0,23.114111621596884,26.095106388553578,1.6527687613453452,1.7736479866453188,15.443970647597233,13.819483131846791,0.0,Inf,0.0,Inf
765,136.77228393841145,118.42529881026212,0.0,0.0,21.01827701668854,26.07566809238011,1.6775808607288565,1.7183992701154043,15.176306556314838,13.396478381272562,0.0,Inf,0.0,Inf
766,132.92780838425588,118.2167748974566,0.0,0.0,20.059218410043606,26.05185012663463,1.6909033520285495,1.6689235301298087,14.397622533690383,13.130572793389705,0.0,Inf,0.0,Inf
767,129.18280065090877,118.13356885149264,0.0,0.0,20.171808832376605,26.02211578314877,1.6986792861910525,1.5736281887530428,13.534759347087535,13.009587923185213,0.0,Inf,0.0,Inf
768,125.27915925055235,118.01414163109233,0.0,0.0,22.628205999099883,25.97662503665781,1.701717171394108,1.4800544438757273,12.912272779734026,13.013275282258848,0.0,Inf,0.0,Inf
769,121.06345973209962,117.57869929299092,0.0,0.0,31.433310163125753,25.917295729925826,1.7062922793376596,1.3993727538272804,12.65096304316313,13.10465932551835,0.0,Inf,0.0,Inf
770,117.93960382566657,116.89794286770868,0.0,0.0,42.012581719701444,25.860622133313253,1.6650506870673851,1.3010823699308538,12.70800227768059,13.235004933075937,0.0,Inf,0.0,Inf
771,116.52600449882091,115.82009480430581,0.0,0.0,46.97385564734459,25.828265943912406,1.6356505284273126,1.5316065803117183,13.00475560744359,13.430840692162487,0.0,Inf,0.0,Inf
772,117.23448309779985,115.148448439543,0.0,0.0,47.01650228136687,25.796090209729353,1.6318053416692562,1.5305076431505245,13.293517231022285,13.597820384530316,0.0,Inf,0.0,Inf
773,118.70947676243925,114.46933788622675,0.0,0.0,44.88271540753132,25.772954469707408,1.633275690218744,1.4491109239570599,13.486560687173114,13.710148158837946,0.0,Inf,0.0,Inf
774,121.08139857328177,113.9661383840289,0.0,0.0,40.876764425217935,25.76481918386333,1.638448882489871,1.3568462702333532,13.664329165156614,13.780722287712104,0.0,Inf,0.0,Inf
775,124.32643525903079,113.44064099111023,0.0,0.0,35.67049022390702,25.758517481261393,1.5988605265042872,1.3368347981298037,13.893216857349552,13.806281613636996,0.0,Inf,0.0,Inf
776,128.39992523645932,113.08382399713325,0.0,0.0,32.30777513288275,25.74398599814922,1.578936169172117,1.2672029244340188,14.008655988590025,13.812000205545026,0.0,Inf,0.0,Inf
777,132.16006537767572,112.87776230084637,0.0,0.0,30.2638462378877,25.74504113243995,1.5268580513693035,1.2757401451518828,13.97622637444096,13.78467939628569,0.0,Inf,0.0,Inf
778,134.876712814888,112.57953893102787,0.0,0.0,27.19621973481846,25.748525863336067,1.5092785486163012,1.2023008583180472,13.864070590583454,13.718146929030768,0.0,Inf,0.0,Inf
779,136.9738233333746,112.17195037449403,0.0,0.0,23.159555844438522,25.74378307891068,1.4616627214953437,1.3047197569913689,13.78968170072772,13.650964135851869,0.0,Inf,0.0,Inf
780,137.31512147650486,112.063971818177,0.0,0.0,20.388487256071805,25.737999553714545,1.4399407625167393,1.3566274041657362,13.856929455214987,13.294481592272422,0.0,Inf,0.0,Inf
781,136.02290810086797,111.76213002429985,0.0,0.0,18.592682202107984,25.726408771837775,1.4310035396018892,1.3981685854588337,14.199038452337788,12.8577997982762,0.0,Inf,0.0,Inf
782,133.95928831542147,111.42139654840031,0.0,0.0,17.12556869211709,25.707797534098127,1.426467966924881,1.4942265271631,14.70120930515485,12.354194796981476,0.0,Inf,0.0,Inf
783,131.46573021908063,111.11398192567249,0.0,0.0,15.880737710655405,25.68408444418894,1.4273318538706454,1.4251892074031907,15.166918789993378,11.78564451935858,0.0,Inf,0.0,Inf
784,129.58996735935725,110.83721826005102,0.0,0.0,15.778841613876223,25.655777126015323,1.4304066587564126,1.4194408697727816,15.084559126708692,11.469740052403582,0.0,Inf,0.0,Inf
785,128.47529955504515,110.05504525142644,0.0,0.0,16.34478918297905,25.62619051728699,1.4361735298969083,1.447506335095202,14.587302708107567,11.259387414616784,0.0,Inf,0.0,Inf
786,128.44336253668632,109.61788378205442,0.0,0.0,16.9358879072402,25.59389847632327,1.4397023657823824,1.6751261189193842,14.11414868206035,11.129573806180751,0.0,Inf,0.0,Inf
787,128.51797654100096,109.33857177227694,0.0,0.0,19.42811807787958,25.55194857804048,1.44887005587145,1.9790849865649036,13.865626807316806,11.122455301592868,0.0,Inf,0.0,Inf
788,127.60208011328463,109.01543520110388,0.0,0.0,27.463519921141426,25.49684453655648,1.497150635904305,2.2463150571046087,13.816878804267091,11.21742942707122,0.0,Inf,0.0,Inf
789,126.03902239899192,108.78940583962596,0.0,0.0,36.382533582069506,25.43478294539148,1.573599933922744,2.4248890451266836,13.825903228628917,11.391770004363211,0.0,Inf,0.0,Inf
790,124.60752530916793,108.63250433681425,0.0,0.0,40.62130205040027,25.385908809973817,1.670242786764481,2.4955181069075794,13.785954437070618,11.619558266086173,0.0,Inf,0.0,Inf
791,123.54443611940314,108.17116599566299,0.0,0.0,41.24884214444831,25.344017301270803,1.778370596946003,2.5301590315697986,13.553506818651016,11.80046593399834,0.0,Inf,0.0,Inf
792,122.51086860121909,107.94013693900052,0.0,0.0,39.82904992457047,25.322275515156207,1.8976037359407356,2.521216062082328,13.192597162806802,11.951224233020094,0.0,Inf,0.0,Inf
793,120.92269652710469,107.78638961945552,0.0,0.0,35.30101192140767,25.31349151931021,2.018412649446118,2.441600317122181,12.751694114286398,12.061650163163412,0.0,Inf,0.0,Inf
794,118.64477279367402,107.6788105899974,0.0,0.0,31.107650277767636,25.294719515494158,2.1352001817952573,2.3660165856842075,12.315993936834857,12.11151271714749,0.0,Inf,0.0,Inf
795,115.91485186612177,107.45841660848923,0.0,0.0,30.11851993180989,25.283515968620616,2.1888714102233653,2.226885791284421,11.959732052318163,12.11808692283403,0.0,Inf,0.0,Inf
796,112.98834844313038,107.23486026951284,0.0,0.0,30.771305162457487,25.269910107403163,2.206027923584518,2.0903680969151526,11.66052689994014,12.09099631178035,0.0,Inf,0.0,Inf
797,110.4215387332331,106.79136341588307,0.0,0.0,30.650278465278873,25.250081554089387,2.2060451581149105,1.8645889422744417,11.436977868922874,12.043071367409327,0.0,Inf,0.0,Inf
798,108.39404970852277,106.56806214472314,0.0,0.0,29.564510219675235,25.227107886710982,2.1932440019233956,1.709977501956177,11.286625735905686,11.97843746754398,0.0,Inf,0.0,Inf
799,106.37544707938649,106.34417359289682,0.0,0.0,29.04097497532479,25.210674304528435,2.1279321994353584,1.6608409787502056,11.246471134494145,11.892579333969948,0.0,Inf,0.0,Inf
800,103.8164266608822,106.22757000291163,0.0,0.0,27.237350736267327,25.199409823708248,2.029654557870227,1.620465339247168,11.250292327920821,11.832596657326896,0.0,Inf,0.0,Inf
801,100.67349174210383,105.94746356761077,0.0,0.0,24.40897221152925,25.179233280225695,1.9144130875088228,1.5968511451355762,11.213087765214985,11.78977219905046,0.0,Inf,0.0,Inf
802,97.31762138508726,105.86070168200729,0.0,0.0,23.90766763016964,25.157197235989592,1.8300183786700508,1.5573267822835233,11.115433760760707,11.753655462379886,0.0,Inf,0.0,Inf
803,93.64943500106187,105.8161237504395,0.0,0.0,24.710738698242682,25.139028820601986,1.774633690230487,1.3766083946259464,11.067816083711941,11.746393602716552,0.0,Inf,0.0,Inf
804,89.10921636472258,105.82609774956666,0.0,0.0,24.285643180742067,25.12353997176035,1.6957744688774905,1.3134165222615,11.110191855405143,11.755080737486951,0.0,Inf,0.0,Inf
805,83.63252232823243,105.86209554985926,0.0,0.0,22.382863186849608,25.110766262030793,1.5950049267164363,1.3306690730667226,11.198389998521504,11.761263146345312,0.0,Inf,0.0,Inf
806,78.44523209892728,105.84566587475996,0.0,0.0,21.698741683343883,25.074725482024114,1.5215313999305438,1.2590980071955078,11.402052560384453,12.032396131071518,0.0,Inf,0.0,Inf
807,75.01518018232822,105.28807638890515,0.0,0.0,27.26930094943859,25.027860214027882,1.4413962338178887,1.3493312650504807,11.89757312359901,12.455808222620757,0.0,Inf,0.0,Inf
808,74.62723214133875,104.96701737798021,0.0,0.0,32.23967429670952,24.984841952978446,1.3876944769366621,1.5383670101438534,12.683793675968776,12.955944225003796,0.0,Inf,0.0,Inf
809,75.60364928279114,104.41781503771965,0.0,0.0,33.54119886902798,24.955769994380198,1.354991812334174,1.5332612608230223,13.608414325491458,13.52879275381179,0.0,Inf,0.0,Inf
810,77.26884965243887,104.04412970208733,0.0,0.0,31.390544174631398,24.94103986381863,1.3382493981826444,1.5278138663269534,14.500246435983414,14.191765154760537,0.0,Inf,0.0,Inf
811,78.66659433972671,103.77534765000568,0.0,0.0,26.63159702384582,24.9370259180473,1.3275017040695718,1.513266258099428,15.172066759748652,14.905507157088811,0.0,Inf,0.0,Inf
812,80.4501364974666,103.42409284899722,0.0,0.0,21.12469211405199,24.927535381107955,1.3257176654207445,1.752613413107016,15.517864864636435,15.647397636482008,0.0,Inf,0.0,Inf
813,83.5190425284078,102.92543489376632,0.0,0.0,18.842726365981235,24.912856489630666,1.375086754254549,1.703795845057809,15.547416703625856,16.413891518845652,0.0,Inf,0.0,Inf
814,87.97786938112685,102.60597223399773,0.0,0.0,18.69846122042138,24.897345254115564,1.4489610913000042,1.7494311683426564,15.298885758804692,17.15436479265581,0.0,Inf,0.0,Inf
815,92.50974605350409,102.00962220030912,0.0,0.0,21.303488342922478,24.857204984741955,1.5502443888869044,1.8324378948695068,14.43762377310983,17.539399098015224,0.0,Inf,0.0,Inf
816,98.53717720162282,101.09516370658719,0.0,0.0,24.811310420270797,24.826496689865973,1.626041131835733,1.774426224039533,13.443069611127513,17.700017720945358,0.0,Inf,0.0,Inf
817,107.53964656301868,100.2171881229496,0.0,0.0,27.5500706210575,24.787879877220497,1.6855326730828621,1.8144315861323508,12.913506168119872,17.684094084166766,0.0,Inf,0.0,Inf
818,115.90843985752367,99.80142417430419,0.0,0.0,29.213363203285578,24.750474418694186,1.730243333820888,1.8568559003138305,12.934388998129236,17.502834143291757,0.0,Inf,0.0,Inf
819,121.01286499837411,99.63973709663443,0.0,0.0,30.759696078683564,24.706848718166157,1.7648510471507648,1.8179474195614014,13.25736196052282,17.22221305670779,0.0,Inf,0.0,Inf
820,122.06070219221635,99.70729341321407,0.0,0.0,30.332491637974186,24.685497391507987,1.7902481177193865,1.6792069830260707,13.79118194340811,16.55980859579132,0.0,Inf,0.0,Inf
821,119.96577435349828,99.8969533805467,0.0,0.0,27.115183057663224,24.676409422050625,1.8124312292059697,1.6007806117892247,14.582106148328949,15.77023816386169,0.0,Inf,0.0,Inf
822,116.41162475033013,99.82456133079735,0.0,0.0,23.044685180295748,24.663156446111074,1.8426613738036859,1.67956263476999,15.312563612734875,14.934241651080573,0.0,Inf,0.0,Inf
823,113.50398179332115,99.88356228854967,0.0,0.0,19.90217872277727,24.646964218614368,1.8682028520221032,1.6978458212596097,15.106105309960203,14.390450720317798,0.0,Inf,0.0,Inf
824,111.0686080603525,99.75979402888957,0.0,0.0,20.105748028195592,24.62137161512423,1.8816373966447641,1.654522769113874,14.140793647089714,13.999022646324708,0.0,Inf,0.0,Inf
825,109.21097606082846,99.53615914158132,0.0,0.0,22.229002138444933,24.594233502961117,1.883741023653209,1.6058103166747815,12.884937297151067,13.788131287433906,0.0,Inf,0.0,Inf
826,107.29118957834812,99.41268427117554,0.0,0.0,22.597963020275127,24.575001231824743,1.8817591991767066,1.5561265219774967,11.882227599901377,13.7211582225717,0.0,Inf,0.0,Inf
827,105.35748277764135,98.99163660519923,0.0,0.0,20.62810417877329,24.560547603169006,1.8308916714374395,1.4510836094175252,11.539988239193976,13.754174736028132,0.0,Inf,0.0,Inf
828,104.7142990372066,98.18357937996709,0.0,0.0,17.253686643418675,24.548113500937873,1.7518842467517082,1.372678178481316,11.703290372151558,13.879102614906142,0.0,Inf,0.0,Inf
829,106.2934106721215,97.70090469426638,0.0,0.0,13.971317579558587,24.5317673717876,1.6614050157685405,1.3060207830518333,11.926892602166816,14.047862899953842,0.0,Inf,0.0,Inf
830,108.83608979176915,97.41543629490442,0.0,0.0,14.275263516589325,24.49898177371523,1.5677047233644084,1.2394579956948488,11.956821161321265,14.224791888920876,0.0,Inf,0.0,Inf
831,111.56685709566655,97.16488749368364,0.0,0.0,19.37583029827563,24.464077125719818,1.4751486392568307,1.1756769298819083,11.764131183492744,14.379767746829717,0.0,Inf,0.0,Inf
832,113.84512515234097,97.00679851936421,0.0,0.0,22.92730914479396,24.434461339662626,1.3804241408518674,1.182200224551181,11.427273764641848,14.420361989401773,0.0,Inf,0.0,Inf
833,115.0800422283505,96.91222869741416,0.0,0.0,22.930829667705893,24.410335270722786,1.32359972819644,1.0832690395664337,11.155172200371274,14.38707098883501,0.0,Inf,0.0,Inf
834,115.0222039819063,96.82605661032213,0.0,0.0,20.707738278852503,24.387517034448642,1.2517759655638814,1.1322486057689585,11.121102749365663,14.267729460953397,0.0,Inf,0.0,Inf
835,113.8970874889722,96.7679352842507,0.0,0.0,19.890851313115785,24.364544704497284,1.2059052703960054,1.188439670635957,11.285780656738215,14.099777702559836,0.0,Inf,0.0,Inf
836,112.37615436537428,96.53833954998856,0.0,0.0,20.134730371063178,24.342031351330995,1.1738463318349683,1.2113273356889682,11.453113717436885,13.896786814750827,0.0,Inf,0.0,Inf
837,110.59308524866177,96.52015227461449,0.0,0.0,21.437496582225112,24.30806461076344,1.1471448260951236,1.3563188527991157,11.641528211955315,13.670506242763595,0.0,Inf,0.0,Inf
838,108.50177080547773,96.41831888578011,0.0,0.0,24.20744262500186,24.273452352208484,1.1306309439703013,1.4044117875688702,11.718323274101596,13.5126137385926,0.0,Inf,0.0,Inf
839,106.23987982044609,96.40663568567018,0.0,0.0,28.329317369417275,24.23786761121198,1.1538516047789895,1.559337245799151,11.659789482533487,13.392851202385579,0.0,Inf,0.0,Inf
840,103.54069112541856,96.25759745109464,0.0,0.0,30.587007486931185,24.210238606504223,1.1995845404933374,1.6224713963425588,11.454185208017396,13.325034916067365,0.0,Inf,0.0,Inf
841,101.0170486098651,95.97288206890934,0.0,0.0,30.06721287283659,24.18282569006015,1.2574153313464338,1.6231668137463862,11.161353494350312,13.299976731464222,0.0,Inf,0.0,Inf
842,99.11778028506741,95.79511436791631,0.0,0.0,28.24634980156378,24.170439878648832,1.3252411013455851,1.5905742570415593,10.915154266515339,13.314441254387722,0.0,Inf,0.0,Inf
843,97.71090683556619,95.59007280943594,0.0,0.0,25.667120687581402,24.153813025461833,1.3906390165695364,1.5302442324019943,10.79946349828923,13.277235877284756,0.0,Inf,0.0,Inf
844,96.11679529546363,95.5408548928857,0.0,0.0,25.647349224576804,24.13654691572797,1.4181478809429773,1.3926761453423762,10.795771568987027,13.239987553977333,0.0,Inf,0.0,Inf
845,93.64008687044384,95.48722472175284,0.0,0.0,25.493996364176873,24.12438931441817,1.4211660104281287,1.264915032028112,10.844289711010093,13.159852917611081,0.0,Inf,0.0,Inf
846,90.28418221899989,95.45661796763115,0.0,0.0,23.72055380170532,24.112011774846977,1.4158859358386287,1.3373250400817183,11.009667677398548,13.063262823371439,0.0,Inf,0.0,Inf
847,86.76003897286412,95.52229680555577,0.0,0.0,22.35521764141388,24.09516119427146,1.4032609045783178,1.3575671181603834,11.125856338791134,13.00731641762895,0.0,Inf,0.0,Inf
848,82.8917005260894,95.58023922349113,0.0,0.0,21.47476547321617,24.08285955228223,1.382132095400872,1.4322228594073367,11.083331650212068,12.949765764185376,0.0,Inf,0.0,Inf
849,78.66812444050277,95.49066331487789,0.0,0.0,19.938248609194904,24.070884082440866,1.3650948618847099,1.4862978319981874,10.87272563715604,12.90905077297854,0.0,Inf,0.0,Inf
850,77.21878419893586,94.91760243158076,0.0,0.0,21.02221439182259,24.033433056833836,1.3470455256336302,1.5234702185823805,10.57413016940472,13.147908292556838,0.0,Inf,0.0,Inf
851,80.23562073498951,94.41057937896807,0.0,0.0,26.32481757147751,24.00417088039624,1.3303175115725248,1.557809265681672,10.570617393820271,13.448019653356152,0.0,Inf,0.0,Inf
852,86.04420066826655,93.86901643167019,0.0,0.0,28.683631120063733,23.976033813756047,1.3170757171063405,1.4874604462835324,10.655735865329508,13.562436199173677,0.0,Inf,0.0,Inf
853,92.53388719833377,93.53236023355242,0.0,0.0,28.16175609758997,23.94942403231656,1.3001832441826304,1.555582093795717,10.588969688445015,13.631822477077622,0.0,Inf,0.0,Inf
854,98.29706532235622,93.050045261662,0.0,0.0,26.351632877147107,23.923627182404047,1.2889701925656303,1.4882151441306528,10.376534356729556,13.672962133817716,0.0,Inf,0.0,Inf
855,102.7305297202637,92.72721584867494,0.0,0.0,25.69622422700406,23.900085555199535,1.275714872183325,1.319413158923638,10.22183922330577,13.638790944451024,0.0,Inf,0.0,Inf
856,105.31063972421157,92.55798123479397,0.0,0.0,24.819394216645208,23.8853768309879,1.2584034209824917,1.1836758390544875,10.272335232135982,13.557299334143996,0.0,Inf,0.0,Inf
857,106.13459258205647,92.29352180996527,0.0,0.0,22.73227044050891,23.87480650044827,1.2413163664128501,1.2209584436888548,10.40504767961018,13.427626569305591,0.0,Inf,0.0,Inf
858,106.31019593150549,92.1404011835301,0.0,0.0,19.84283797480667,23.866764088761283,1.2177109520977625,1.3042987185507662,10.574980349092467,13.27047604351302,0.0,Inf,0.0,Inf
859,106.34034168463418,92.09241136063015,0.0,0.0,18.6515164479713,23.845556355457685,1.1991853555776641,1.329385083255591,10.657831570108518,13.105216803494756,0.0,Inf,0.0,Inf
860,106.15393502898553,92.11026177325846,0.0,0.0,21.6224558542053,23.814167373575625,1.1837601262669335,1.293979095867301,10.613617219788715,12.93169509096347,0.0,Inf,0.0,Inf
861,106.0074953029565,91.73821259421692,0.0,0.0,25.2856100186191,23.787365745865525,1.1694984141637175,1.2884915818441738,10.557820315818567,12.762912428864785,0.0,Inf,0.0,Inf
862,107.57663278650878,91.34374919159578,0.0,0.0,28.120490800921967,23.744211827544518,1.171385808269186,1.4049983986335866,10.707090920260704,12.596188932323182,0.0,Inf,0.0,Inf
863,109.88587546359639,91.02513809864504,0.0,0.0,31.098644961956534,23.710560576053293,1.1739760882320427,1.6991292177518946,10.959437047414697,12.500160526265704,0.0,Inf,0.0,Inf
864,110.41631783738978,90.86702400322187,0.0,0.0,30.558944910384376,23.690410715816387,1.207971204604775,1.9391325329844746,11.442238542788127,12.15714291892735,0.0,Inf,0.0,Inf
865,108.89406965844373,90.54113367724612,0.0,0.0,28.126271490660873,23.67206707681494,1.2440744692395707,1.8978188270913203,12.055053338189115,11.776922696328276,0.0,Inf,0.0,Inf
866,106.29692520516535,90.58337457322146,0.0,0.0,26.70923642056158,23.648038131409358,1.2862182344503075,1.9833168205185125,12.635732215756821,11.349953080850083,0.0,Inf,0.0,Inf
867,103.5928660685417,90.64609350732525,0.0,0.0,30.97065700316478,23.61084810689391,1.3302833809981618,1.9474408022717373,12.69431061062158,11.107859491913306,0.0,Inf,0.0,Inf
868,101.13012821141363,90.64821012446288,0.0,0.0,34.735936943753494,23.58614607902367,1.376804481128108,1.8851338757504892,12.385062077825443,10.91767587559447,0.0,Inf,0.0,Inf
869,99.48888664308664,90.45648305028755,0.0,0.0,34.46350610941797,23.56604377720262,1.42995391331634,1.8037885554030755,11.965506329463649,10.783401800333511,0.0,Inf,0.0,Inf
870,99.14582992315131,90.06220769475664,0.0,0.0,32.42711431547579,23.554678236352633,1.4817053552379704,1.7052983188685287,11.541274260049017,10.705861285974107,0.0,Inf,0.0,Inf
871,99.9505579287358,89.86821193538566,0.0,0.0,28.38463611168177,23.55326709982164,1.497639047465185,1.639119025540547,11.282995597066789,10.683376071288944,0.0,Inf,0.0,Inf
872,101.2105392979985,89.64301185794436,0.0,0.0,23.245290365874816,23.554149009420087,1.4963000628791212,1.5676247415346225,11.198520403277197,10.70125471714802,0.0,Inf,0.0,Inf
873,102.18219130933818,89.48685957362265,0.0,0.0,19.62630458393129,23.551963536474904,1.485131626648512,1.5060095846610513,11.240254862405553,10.745701297324295,0.0,Inf,0.0,Inf
874,102.33794120391661,89.26669282791771,0.0,0.0,17.781535708097753,23.543973281703853,1.4681849034150358,1.437729716742483,11.350861256736977,10.799449863723131,0.0,Inf,0.0,Inf
875,102.25914790697745,88.95630190936569,0.0,0.0,16.721153858933747,23.529090262190433,1.4514632349785288,1.3874417115165716,11.521904505471227,10.860184885538894,0.0,Inf,0.0,Inf
876,102.09879910044371,88.79832826270052,0.0,0.0,16.73252602680796,23.502910698878548,1.4362056927589923,1.3335044951193495,11.67946507088229,10.916437925164901,0.0,Inf,0.0,Inf
877,101.817285379707,88.66143004789774,0.0,0.0,19.491455065351932,23.469721539433053,1.4251163497306993,1.27381053317051,11.789434548449714,10.96427833917092,0.0,Inf,0.0,Inf
878,101.23531209319214,88.55389183971799,0.0,0.0,22.734736788803968,23.439770986281022,1.4170611445993417,1.2062256464166272,11.851577061064418,10.997316043432733,0.0,Inf,0.0,Inf
879,100.28915833422853,88.37381987987577,0.0,0.0,23.862909629214442,23.407724045217158,1.4122965816439481,1.1367236531705516,11.888815389675797,11.015877283087233,0.0,Inf,0.0,Inf
880,99.06014497253084,88.2024878135907,0.0,0.0,25.60604990677209,23.37502817841638,1.3751747242132715,1.129318914371686,11.938555290155852,11.016377652419985,0.0,Inf,0.0,Inf
881,98.05187111194769,87.91509632734973,0.0,0.0,27.320430682187677,23.34552939141598,1.3255448322433725,1.113196534594077,12.073576105003262,10.997762890430836,0.0,Inf,0.0,Inf
882,96.91383914167976,87.85025423959718,0.0,0.0,26.676063203801935,23.322474598641346,1.3063601055653566,1.1106142280030855,12.296318512628742,10.969886035977295,0.0,Inf,0.0,Inf
883,95.65514520453974,87.73614743408243,0.0,0.0,24.102850353851114,23.298727276756075,1.3063141454191374,1.1883753090052966,12.563023016442969,10.938582150687477,0.0,Inf,0.0,Inf
884,94.52737836687791,87.70992844172751,0.0,0.0,24.41466729087057,23.272625268752545,1.304246122191649,1.2451576561887636,12.811457594837375,10.911178822721272,0.0,Inf,0.0,Inf
885,93.57286882269405,87.43281845041894,0.0,0.0,25.5160941717904,23.254108470412472,1.308618560035991,1.4384109168615233,12.996203602291914,10.88203304326491,0.0,Inf,0.0,Inf
886,93.34290266025559,87.26345823015212,0.0,0.0,25.11202167396145,23.234461838400875,1.318915009920281,1.3780971658991714,13.111562565453665,10.862342519955595,0.0,Inf,0.0,Inf
887,93.41543207303842,87.14898619467063,0.0,0.0,23.02430638549318,23.21625351794248,1.3279957557155475,1.306059846817545,13.185106146595054,10.892619861894993,0.0,Inf,0.0,Inf
888,93.41576013643416,87.08625870203349,0.0,0.0,21.013327257917993,23.198588368344325,1.336364552701973,1.2402028786525292,13.249299169662356,10.947085740558187,0.0,Inf,0.0,Inf
889,93.35902322492299,86.93542325291895,0.0,0.0,19.576592636322626,23.183858688891,1.349455030353283,1.1997659983417828,13.33209934975459,11.009663658025568,0.0,Inf,0.0,Inf
890,92.78493202738173,86.7194538874148,0.0,0.0,23.76938960781936,23.13168094710428,1.3722008942950954,1.4323713120165649,13.502173804528251,11.085430248577918,0.0,Inf,0.0,Inf
891,91.95225786346187,86.44504421913899,0.0,0.0,33.014296505386426,23.09159300492166,1.411376533929716,1.4981696935022972,13.708145802688456,11.173304996731513,0.0,Inf,0.0,Inf
892,90.85620292740188,86.39981432079493,0.0,0.0,36.171484701887806,23.072527874373446,1.4491341919289322,1.5373864417862617,13.868830888652445,11.274360584298432,0.0,Inf,0.0,Inf
893,90.44845092418842,86.21605926601171,0.0,0.0,34.035080078066336,23.057649874982857,1.4878053133066405,1.5550418097019127,13.934352833712268,11.38387189214881,0.0,Inf,0.0,Inf
894,91.65952963128481,85.7265651117229,0.0,0.0,29.586425280813653,23.05340631471662,1.5242201064701089,1.5656323076726006,13.890398274900383,11.495515134236847,0.0,Inf,0.0,Inf
895,93.90237082775822,85.55942514160718,0.0,0.0,24.07126641903278,23.056788287629438,1.557255589657774,1.573966897603407,13.763734271104518,11.607250750101784,0.0,Inf,0.0,Inf
896,95.65960256607512,85.47657517527273,0.0,0.0,18.783554111613622,23.05943973760535,1.5983032514719047,1.6071473457068666,13.561143176376632,11.65717997165221,0.0,Inf,0.0,Inf
897,96.17347440210729,85.16433226426598,0.0,0.0,15.436737706606266,23.049603331051017,1.632408818259237,1.568050828655237,13.348836196097167,11.692537698255617,0.0,Inf,0.0,Inf
898,96.31877212681988,84.87880337287271,0.0,0.0,17.458249709796398,23.023695385714813,1.6573946083545164,1.5382784491600445,13.165718545505003,11.706183491564033,0.0,Inf,0.0,Inf
899,96.53303964155744,84.69866990056951,0.0,0.0,22.02996953784727,22.995868164682523,1.6761355671811053,1.6224962571196397,13.018986561947118,11.687245020036807,0.0,Inf,0.0,Inf
900,96.67421762341608,84.53939363403586,0.0,0.0,23.720420362579716,22.974628672052454,1.6918623315520658,1.6402675625668206,12.966205973590073,11.659017362454888,0.0,Inf,0.0,Inf
901,96.11015139266846,84.41509908680116,0.0,0.0,24.45727615660255,22.936094953840872,1.6978099346420568,1.6539997152819939,12.970667409178462,11.622785242496688,0.0,Inf,0.0,Inf
902,94.62604153080521,84.38870353604013,0.0,0.0,26.8058803889326,22.898755403774054,1.699729838968666,1.6997274037547063,13.009356904022422,11.573865462424331,0.0,Inf,0.0,Inf
903,92.64819118318977,84.37467094429304,0.0,0.0,28.112129011625186,22.874276862550207,1.698910062009271,1.7410316320053891,13.11002669307654,11.530600008806266,0.0,Inf,0.0,Inf
904,90.59624292215413,84.394716950726,0.0,0.0,26.511397916997787,22.85606618121178,1.6981936590648559,1.735414849401222,13.162737219906598,11.497913259210485,0.0,Inf,0.0,Inf
905,88.90136091548104,84.12208213588043,0.0,0.0,23.848306102965633,22.83872292531815,1.7117515388206224,1.7208168781614288,13.097743943857987,11.468135022126962,0.0,Inf,0.0,Inf
906,88.46324106769711,83.71465007573369,0.0,0.0,23.567203733811965,22.81855246538125,1.7223020644706224,1.7165473083746343,12.907331986602896,11.450618360088571,0.0,Inf,0.0,Inf
907,90.31977890677385,83.21956349758928,0.0,0.0,23.51249796469536,22.80569588211898,1.7291788899608918,1.6698734308776262,12.685386047761845,11.439022287037954,0.0,Inf,0.0,Inf
908,93.1725531556118,83.00282205579647,0.0,0.0,22.139280156361067,22.790277826155098,1.7276282835676704,1.6249240539584304,12.474634785423715,11.423388806873328,0.0,Inf,0.0,Inf
909,95.08643167199588,82.75985762021998,0.0,0.0,21.16861554458116,22.776245669420724,1.723155346236022,1.5966534261057013,12.327714974121259,11.418909381909952,0.0,Inf,0.0,Inf
910,96.94246423461568,82.53893739195463,0.0,0.0,19.846456878388203,22.765312872284216,1.7191430487616794,1.6264750932453327,12.186209774485334,11.412347780366996,0.0,Inf,0.0,Inf
911,98.53586975667575,82.44383119777032,0.0,0.0,17.849603026674366,22.75244815336039,1.7183452936080164,1.842915225070763,12.067024143009096,11.400343429657495,0.0,Inf,0.0,Inf
912,99.09280163366273,82.42138749716824,0.0,0.0,18.08390583425757,22.730406607743888,1.7117617857473444,1.8728535631741627,11.954247214112883,11.39690164699625,0.0,Inf,0.0,Inf
913,97.35307740303733,82.5725196173153,0.0,0.0,19.973225657382393,22.70133449996273,1.6983336174962855,1.857597760785641,11.866598844862382,11.154780413495638,0.0,Inf,0.0,Inf
914,95.2455375398361,82.42912088376255,0.0,0.0,22.029065851156208,22.677169257169254,1.6795289522982502,1.8230838323565643,11.904925552809964,11.06020273055327,0.0,Inf,0.0,Inf
915,93.73243497567532,82.38039987421476,0.0,0.0,22.36160138181915,22.65261564671482,1.6604848242762251,1.7618821537868563,11.972783551880179,10.979676454747473,0.0,Inf,0.0,Inf
916,91.01564522809018,82.35983067459135,0.0,0.0,23.760731858600142,22.624206320017407,1.6372740394112195,1.6911424280829812,11.9733579354201,10.907368623111852,0.0,Inf,0.0,Inf
917,88.47871540782425,82.22381628863839,0.0,0.0,25.973253588097545,22.594915747208095,1.6156203026855323,1.5910109929753362,11.905534365424447,10.862806264525668,0.0,Inf,0.0,Inf
918,86.95360839658477,82.16729254311733,0.0,0.0,26.90736272386692,22.56456774324348,1.5883517536254443,1.553300294637826,11.802303596290393,10.828837527923788,0.0,Inf,0.0,Inf
919,85.7351088346767,82.0551393441385,0.0,0.0,27.23976807028947,22.541388858212688,1.5624437538963636,1.4804840268786106,11.701991209351485,10.81563380278889,0.0,Inf,0.0,Inf
920,83.73367928225153,82.00455227098763,0.0,0.0,25.19657699482602,22.527754754952785,1.5378685277579716,1.4174805073633363,11.62910809049014,10.813690923136901,0.0,Inf,0.0,Inf
921,80.80106750715716,81.87503392234385,0.0,0.0,22.439447620011915,22.509465844360395,1.5152537371054116,1.3529167858510207,11.58344764745022,10.823720621424652,0.0,Inf,0.0,Inf
922,78.03019480449221,81.73688827113149,0.0,0.0,25.697930291419883,22.47246406655513,1.508548338517362,1.277646694768593,11.565271615917231,10.837004473987017,0.0,Inf,0.0,Inf
923,75.32462043400784,81.69588993940793,0.0,0.0,30.372444215665215,22.442571733332436,1.5021548676441356,1.228175896757481,11.583658952699185,10.849439885551341,0.0,Inf,0.0,Inf
924,72.30407240012117,81.65784770292824,0.0,0.0,31.816559391821418,22.41968252391423,1.458132443509988,1.2068835663983781,11.654223186878639,10.860542538761566,0.0,Inf,0.0,Inf
925,68.56462027253447,81.6990744104629,0.0,0.0,30.041123941709138,22.410901156277223,1.394401712666677,1.2052695627527785,11.717539340949916,10.871806034430989,0.0,Inf,0.0,Inf
926,64.35427549949543,81.76170585947119,0.0,0.0,25.86993435252389,22.404552455701285,1.3526158232589947,1.13810472161004,11.730312631796808,10.881290952877427,0.0,Inf,0.0,Inf
927,60.59839364864989,81.6728583824729,0.0,0.0,22.213599372473542,22.399181308669604,1.3243861549142533,1.0574654199687639,11.820588807982407,11.116016298499874,0.0,Inf,0.0,Inf
928,55.93658882373903,81.56597297525201,0.0,0.0,19.42875520137728,22.39439539830333,1.2638862824290302,1.0831284185713046,12.205487196624793,11.42892003279078,0.0,Inf,0.0,Inf
929,50.580042366315446,81.43885068979013,0.0,0.0,17.533632571055968,22.382456079640335,1.219710774465094,1.0551786518182562,12.855511966175582,11.835720029915846,0.0,Inf,0.0,Inf
930,46.56559066589004,81.22502326358759,0.0,0.0,18.28403461884851,22.364188282497015,1.1856697672995715,1.0545665315603538,13.645446470610507,12.326135329308883,0.0,Inf,0.0,Inf
931,46.47102284479761,80.86776580328574,0.0,0.0,20.572980455329077,22.337115234654856,1.1582373178803842,1.1117419750020363,14.450276514287827,12.890264933833745,0.0,Inf,0.0,Inf
932,48.414429932019935,80.46162977950507,0.0,0.0,21.810474486573593,22.312136852893012,1.1400234740322168,1.130196110877009,15.13623126392352,13.520831658936094,0.0,Inf,0.0,Inf
933,51.484552846763506,80.11702718158676,0.0,0.0,22.996866132151975,22.28810378271702,1.1292821127223693,1.184127158158519,15.545650576074129,14.18577797114124,0.0,Inf,0.0,Inf
934,52.29465358111459,79.830990803694,0.0,0.0,23.508670211392683,22.25953706629696,1.1333705905219666,1.2887001870781511,15.710541423803091,14.862584505881598,0.0,Inf,0.0,Inf
935,56.9487736049217,79.00375210577843,0.0,0.0,23.441056214776,22.236052687487017,1.1509133373928848,1.5656642226303477,15.641813032393785,15.518941910789652,0.0,Inf,0.0,Inf
936,66.18141299129947,78.77635959570404,0.0,0.0,23.2045253840501,22.211546549615036,1.205148253094639,1.9520146748442215,15.419947769224194,16.15472852940659,0.0,Inf,0.0,Inf
937,76.14860516217969,78.53509735495786,0.0,0.0,22.426059782523293,22.190172240212306,1.2887798950726903,2.1290085020823284,14.45243184452351,16.503192896030164,0.0,Inf,0.0,Inf
938,86.37081777400351,78.23790409347201,0.0,0.0,21.976103170375,22.172089192483337,1.384081449080779,2.2679878176665405,13.201246711034207,16.7080873919126,0.0,Inf,0.0,Inf
939,97.59891323816382,77.76331988828346,0.0,0.0,20.852028252446633,22.15865956896742,1.4855191268526082,2.3397267726491267,12.039876386890393,16.70988130644777,0.0,Inf,0.0,Inf
940,106.78798658873342,77.65064325294897,0.0,0.0,18.895476908221756,22.143247977153788,1.5971191469004538,2.2841000710257116,11.34635192265771,16.289104772500806,0.0,Inf,0.0,Inf
941,112.23261210963739,77.69995985048439,0.0,0.0,18.4209203129809,22.125595332457877,1.7102896466486126,2.2399377801236695,12.093679211897154,15.644481017964306,0.0,Inf,0.0,Inf
942,114.43160111831816,77.82118551909322,0.0,0.0,18.720347056273415,22.107947715493896,1.8432246292556937,2.073403375327796,13.969773072770561,14.83777769600198,0.0,Inf,0.0,Inf
943,114.47147983197637,78.03231712653539,0.0,0.0,19.14048804941922,22.083412297365584,1.9347501960819866,1.8518844454873005,15.7415264676604,13.983715474082704,0.0,Inf,0.0,Inf
944,113.12924018185454,78.2634078579001,0.0,0.0,20.02272460469002,22.06549301678607,1.9813969351243548,1.7532074032437557,16.762107835822185,13.133358170503234,0.0,Inf,0.0,Inf
945,110.53962531047623,78.41087589731615,0.0,0.0,19.587457284962756,22.0506991137268,2.05065442971964,1.7563480261516526,16.65173463647417,12.34987631140014,0.0,Inf,0.0,Inf
946,107.12564786286765,78.50519603125339,0.0,0.0,17.939941866502085,22.037387107097427,2.0904780517526333,1.7551451589803464,15.580889832274508,11.679101874906864,0.0,Inf,0.0,Inf
947,103.24496769338114,78.32017144927842,0.0,0.0,16.575074489681597,22.013459573817414,2.107570181701049,1.7513840378348704,14.025873383765889,11.130869498547018,0.0,Inf,0.0,Inf
948,99.28618647425166,78.09489215820068,0.0,0.0,20.626296453486372,21.978017540377554,2.056698536162275,1.7406444776785088,12.497212069250311,10.722722331057978,0.0,Inf,0.0,Inf
949,94.78005352223977,77.93834165553949,0.0,0.0,25.506594164608178,21.946262005513116,2.0097371280179925,1.6963455300651527,11.393634729772446,10.376560296414668,0.0,Inf,0.0,Inf
950,89.35386889849113,77.8976340771427,0.0,0.0,27.771382699526775,21.91806934197665,1.9586199336125911,1.651252799822118,10.75485444305184,10.074830625454494,0.0,Inf,0.0,Inf
951,83.43382694692818,77.9082527177348,0.0,0.0,27.679225626125717,21.89895148149586,1.8993937644736225,1.5787388178634583,10.189847203366808,9.996166562570982,0.0,Inf,0.0,Inf
952,77.35549648380244,77.89166052811468,0.0,0.0,25.428314157532803,21.885688121159195,1.7939858426198658,1.5305022687319771,9.900836170474628,9.968424593151349,0.0,Inf,0.0,Inf
953,72.35338987480002,77.77239245400968,0.0,0.0,23.503330084603842,21.876155246695774,1.7092280069109922,1.4175235746526453,9.84366967454283,9.986389382780507,0.0,Inf,0.0,Inf
954,69.42938482980095,77.45910536002809,0.0,0.0,21.30471884677092,21.869596916898935,1.601441602287904,1.3810556249170085,9.990825967342504,10.031398094263928,0.0,Inf,0.0,Inf
955,68.27770082554298,76.74158909610068,0.0,0.0,18.678248592414704,21.86418731728477,1.5204979139356607,1.277146810408064,10.136710187382098,10.088779012281783,0.0,Inf,0.0,Inf
956,67.92274612271898,76.57333851019541,0.0,0.0,16.282960213995253,21.85552640602764,1.4571493615889655,1.176975279120462,10.288760350643429,10.144817292428284,0.0,Inf,0.0,Inf
957,67.84728069629861,76.45108959727007,0.0,0.0,16.254061350675244,21.83543339159144,1.37414601412049,1.1621638644262018,10.453933026132603,10.183506352741631,0.0,Inf,0.0,Inf
958,68.09671554506865,76.27943867681816,0.0,0.0,19.202558131907953,21.811565821613673,1.318019095987561,1.1376427950383285,10.607767579407032,10.22114596515993,0.0,Inf,0.0,Inf
959,68.7470206265746,76.0501877882775,0.0,0.0,21.814988717194613,21.778500959059716,1.2820217429972007,1.1564079400261162,10.768516126103643,10.241260102315909,0.0,Inf,0.0,Inf
960,68.2676866488647,75.88338385924853,0.0,0.0,25.849704837683795,21.751971575604852,1.2534548465128674,1.161942096446215,10.897023082506694,10.246777278251395,0.0,Inf,0.0,Inf
961,67.1027703549988,75.81438962390013,0.0,0.0,27.448382443918987,21.723140402675618,1.2292010482298183,1.1492933941300518,11.010101790038687,10.238909928051369,0.0,Inf,0.0,Inf
962,66.69043844975468,75.7618876594232,0.0,0.0,27.09765880492236,21.699037809849145,1.2111010057661036,1.0947043456021952,11.147134200133266,10.221248717470669,0.0,Inf,0.0,Inf
963,65.6148270480284,75.76084946373527,0.0,0.0,26.351362305447154,21.67686449058982,1.193289931286164,1.0606390660746872,11.271035343191627,10.19786960778793,0.0,Inf,0.0,Inf
964,62.9663545063915,75.96699092513983,0.0,0.0,25.791247953028552,21.66625583796396,1.1799424465887587,1.003402017613147,11.35476206316211,10.17708597521107,0.0,Inf,0.0,Inf
965,60.089817401139825,76.15668659328932,0.0,0.0,24.180197164643474,21.66127694318013,1.1688597119009363,0.9597156436147208,11.397690009012168,10.37819802532542,0.0,Inf,0.0,Inf
966,59.446786578809686,76.03978334423317,0.0,0.0,21.88705888653213,21.650704305437372,1.1275404836630365,0.9923412052133543,11.593937578214815,10.667423568262036,0.0,Inf,0.0,Inf
967,60.34445978247935,75.7474637474865,0.0,0.0,21.267111734661064,21.638453537710472,1.0986100695265157,1.0320187973152033,12.108159135569055,11.049257462192752,0.0,Inf,0.0,Inf
968,63.10628963579436,75.06519567789883,0.0,0.0,20.679058102182807,21.629866155938227,1.0723069696218428,1.1058672350014007,12.893453780199675,11.496079342661977,0.0,Inf,0.0,Inf
969,67.91089032195912,74.49625492514508,0.0,0.0,19.16990999761177,21.61695098579147,1.0507724005719707,1.1563389324714657,13.262917818186896,11.76059571862481,0.0,Inf,0.0,Inf
970,72.94815001552375,74.14056940673005,0.0,0.0,18.780428238645975,21.59911027270458,1.041479118940751,1.2160718179743368,13.139816026000032,11.98010236495458,0.0,Inf,0.0,Inf
971,77.77273011119794,73.7935519308694,0.0,0.0,19.791226397641967,21.581990844656612,1.0425419792658406,1.3301756537141163,12.729482611898593,12.128222422097654,0.0,Inf,0.0,Inf
972,82.81972692186133,73.64958017475482,0.0,0.0,19.750183611540486,21.56931457140728,1.0864562486059401,1.3965884023510768,12.207905905626891,12.213502820885093,0.0,Inf,0.0,Inf
973,87.57629997562486,73.44042042758899,0.0,0.0,18.053395393875046,21.558052082468972,1.1537832987480727,1.4947362473526837,11.72882588625538,12.230605509590175,0.0,Inf,0.0,Inf
974,91.21666457342334,73.37281938628412,0.0,0.0,15.433447129878525,21.546873135851442,1.2273674366981682,1.587862264824493,11.382590179461731,12.193920923368479,0.0,Inf,0.0,Inf
975,92.6944012121853,73.45312310404779,0.0,0.0,13.874459535462183,21.529589536879275,1.3095351917214808,1.6950886376001852,11.240945025838458,11.886186754165381,0.0,Inf,0.0,Inf
976,91.37300397658706,73.52491385349568,0.0,0.0,13.975829513423603,21.507207121181487,1.403785952034904,1.6779962376575601,11.540485622748253,11.483431974589974,0.0,Inf,0.0,Inf
977,87.93445192961383,73.69697432288899,0.0,0.0,15.41806626273336,21.479826782016577,1.4707226596845155,1.621732500334033,12.18581126074729,11.005800345815068,0.0,Inf,0.0,Inf
978,84.80472902135081,73.52170347547121,0.0,0.0,19.07814714603852,21.4471429887194,1.5122937392502034,1.57576895142675,12.481133733732642,10.70504389105842,0.0,Inf,0.0,Inf
979,83.5887526533864,73.54412944137731,0.0,0.0,21.16929124661351,21.422263776239387,1.5416168799280687,1.494979113502131,12.222053467377533,10.461636918941881,0.0,Inf,0.0,Inf
980,83.35490978235704,73.51839544355357,0.0,0.0,20.797717458515983,21.40275208234265,1.558201235575771,1.4268065909507313,11.557786986885048,10.28070663361143,0.0,Inf,0.0,Inf
981,82.25064833343106,73.46599161325392,0.0,0.0,18.8928464949352,21.38613679003953,1.5622734189702885,1.3753058116477317,10.848233542117729,10.164579185553531,0.0,Inf,0.0,Inf
982,80.51668685865202,73.36377272986942,0.0,0.0,16.687013645934137,21.370827668058418,1.5546307769698573,1.3072619001168533,10.34556648216926,10.126570003234766,0.0,Inf,0.0,Inf
983,78.49069216530698,73.34652637883059,0.0,0.0,15.676709887855752,21.35122982810602,1.5412233373504098,1.2479153892600838,10.038358573490898,10.13995820938588,0.0,Inf,0.0,Inf
984,77.58656867649559,73.18612683020214,0.0,0.0,16.43403475122555,21.324515748144393,1.4865589592854744,1.3062942499384547,9.948063079386406,10.167010474423599,0.0,Inf,0.0,Inf
985,77.00142658817273,73.06882377481881,0.0,0.0,18.770567964172674,21.295062570820072,1.4433053905596733,1.3181838433007116,9.952863981081155,10.224779022901426,0.0,Inf,0.0,Inf
986,76.0738308208602,72.9417617013389,0.0,0.0,20.079214238313742,21.269115120293463,1.409588928002009,1.3623825701237426,9.947151843031252,10.297829424332527,0.0,Inf,0.0,Inf
987,74.71802936943614,72.86246547278971,0.0,0.0,20.281638911303546,21.2475892773055,1.3802424707075858,1.3820071535546388,9.89162492514052,10.369320941904888,0.0,Inf,0.0,Inf
988,72.49495940171177,72.83479947808503,0.0,0.0,21.3481544245021,21.221488829270964,1.3574221336151573,1.3432321007881616,9.8207925514553,10.416924749430123,0.0,Inf,0.0,Inf
989,69.53979333166652,72.83821205185755,0.0,0.0,23.91920874716469,21.200779279503724,1.3361260420307448,1.296233869292959,9.772564953212077,10.453532827521283,0.0,Inf,0.0,Inf
990,66.068833741057,72.89369589976062,0.0,0.0,25.478337153970454,21.168098646389097,1.315516644840252,1.2435542894341463,9.682406718336592,10.477465220060454,0.0,Inf,0.0,Inf
991,63.436934865102195,72.89282841655555,0.0,0.0,28.35974219060623,21.12642776865848,1.2942629864147202,1.20193025376298,9.590079520346418,10.480091659639994,0.0,Inf,0.0,Inf
992,61.7747791925934,72.83497476214514,0.0,0.0,33.39266809638021,21.099959293265677,1.2731418885690724,1.1375555069353753,9.538354514437291,10.469688777484851,0.0,Inf,0.0,Inf
993,60.07581627939161,72.77125202843202,0.0,0.0,34.86241979217703,21.084636219507203,1.255867514298662,1.0654296304202333,9.536926375436598,10.445979455057381,0.0,Inf,0.0,Inf
994,58.595978027844396,72.62955867197924,0.0,0.0,32.59176248059229,21.07787404603082,1.2435543650172471,1.042626434728027,9.678793554168644,10.630724337775023,0.0,Inf,0.0,Inf
995,57.59379486192025,72.41754054044753,0.0,0.0,28.212156458470034,21.077480745055336,1.2305627400846568,1.104364617872956,10.046968231731487,10.902136274396465,0.0,Inf,0.0,Inf
996,57.38662463174214,71.90842308716226,0.0,0.0,22.97016583936904,21.0806096127453,1.2120092764143182,1.1463947200289544,10.638237329172652,11.25606675665614,0.0,Inf,0.0,Inf
997,59.77597851054521,71.42351561146485,0.0,0.0,19.959079803931104,21.07698129429819,1.1933353991372877,1.2052234262972552,11.398266062227574,11.688370603613158,0.0,Inf,0.0,Inf
998,63.136119182172536,71.17807629100521,0.0,0.0,20.26918910322575,21.06800615378726,1.1785108373016395,1.2276794609290582,11.678726421054963,11.94095067689175,0.0,Inf,0.0,Inf
999,66.13074071320524,71.04450152144491,0.0,0.0,20.936736036262584,21.06119274543511,1.1669136383289302,1.2055024579597842,11.423162877380953,12.156800830880139,0.0,Inf,0.0,Inf
1000,68.06155212854362,70.9840177760674,0.0,0.0,19.93918066927474,21.053801002077297,1.1548114612560574,1.1241220372043452,10.818294624623473,12.305772494529307,0.0,Inf,0.0,Inf
1001,69.18293614376489,70.87831351299965,0.0,0.0,18.068349188542193,21.03997355556911,1.1449862717353207,1.0903292056693716,10.177992907323722,12.39904507409314,0.0,Inf,0.0,Inf
1002,71.1058131329185,70.56491654161934,0.0,0.0,17.90055284740564,21.023361289672025,1.1364310507554933,1.0925647790973525,9.67511434496591,12.361968368182454,0.0,Inf,0.0,Inf
1003,74.24324388265724,70.38706803295543,0.0,0.0,20.319044771530358,20.99034198849952,1.129449592330257,1.0429876450901046,9.61809095918202,12.272291863609368,0.0,Inf,0.0,Inf
1004,77.85188483347268,70.31356255056043,0.0,0.0,26.677077476920086,20.951388196299273,1.1234444887834762,0.9790744403834739,9.770263497037634,12.136443925972067,0.0,Inf,0.0,Inf
1005,80.89615675707601,70.21646661619403,0.0,0.0,34.149777673309686,20.71033695396649,1.143789270401541,2.5075130352975754,9.929111440073509,11.959866275687332,0.0,Inf,0.0,Inf
1006,83.28615124460586,70.2183143949019,0.0,0.0,66.73509868258253,20.318332078338766,1.4518365200012922,7.038159996322328,10.314997380792033,11.73462447953458,0.0,Inf,0.0,Inf
1007,83.88390655901762,70.2756537953897,0.0,0.0,81.15760208316208,20.172411945362107,1.7801759315936687,8.676214132195273,10.89376165013712,11.566450390939927,0.0,Inf,0.0,Inf
1008,82.07386370033352,70.41797835493696,0.0,0.0,77.44120607019862,20.114826190740562,1.9651842054876154,9.647821982604922,11.591748790924479,11.436304995351982,0.0,Inf,0.0,Inf
1009,79.47272450490206,70.5093571779696,0.0,0.0,75.61355628453491,19.586324799846683,2.125341008294351,11.465130111068365,12.546890393752303,11.317569124268825,0.0,Inf,0.0,Inf
1010,78.36050087176521,70.52800479850305,0.0,0.0,77.63440680091557,19.4141270201257,2.315560332635781,12.833506165349263,13.971924387741485,11.232968606159812,0.0,Inf,0.0,Inf
1011,78.51812186864524,70.43549868022438,0.0,0.0,71.07831678422441,19.34415290880704,2.378801291046863,13.473999940921086,15.92273369115583,11.22840312637142,0.0,Inf,0.0,Inf
1012,78.48184646591403,70.25989322716778,0.0,0.0,58.146387914222835,19.317881492615342,2.3166100684441258,13.434401239657099,18.39048561435787,11.276521605595091,0.0,Inf,0.0,Inf
1013,76.8065137595806,70.19525617714143,0.0,0.0,43.15776429508664,19.317718484135103,2.2021633529730598,12.844976416871237,21.23592772468807,11.37311533773449,0.0,Inf,0.0,Inf
1014,74.00997543295986,70.10189159978994,0.0,0.0,29.482947000411446,19.314055270234473,2.1113115022805156,11.829665153145202,24.223455127156047,11.501705126077063,0.0,Inf,0.0,Inf
1015,71.34966322119567,70.02332822801301,0.0,0.0,19.32602625688807,19.312688782702732,2.1026859834648417,10.497695019821956,27.0834947966023,11.656297678813248,0.0,Inf,0.0,Inf
1016,68.61490710651637,69.90723416206004,0.0,0.0,13.946496395101688,19.31062204932126,2.2326730850069367,9.061337783602669,29.632869999632128,11.816314007715095,0.0,Inf,0.0,Inf
1017,65.85792123555643,69.7097989360469,0.0,0.0,12.315034060631602,19.300864543554898,2.5185794102114185,7.587717951980593,31.77628252395488,11.96715464005786,0.0,Inf,0.0,Inf
1018,63.40493008791865,69.60741378560468,0.0,0.0,12.275701876017736,19.288407809226776,2.966970594500139,6.172106028202649,33.48226927937717,12.101977022306519,0.0,Inf,0.0,Inf
1019,60.99720153148737,69.49302082301168,0.0,0.0,11.874555882916944,19.275248216385325,3.574673123682049,4.844653008048694,34.73499819280971,12.216249368727961,0.0,Inf,0.0,Inf
1020,58.7132978920836,69.41132615055389,0.0,0.0,10.767835014727574,19.261267562818542,4.340349921767898,3.647421117519941,35.512282539782014,12.310074908392131,0.0,Inf,0.0,Inf
1021,57.141064278630346,69.32135228700385,0.0,0.0,9.3374137179287,19.246414688993067,5.133906667375256,2.864279414972688,35.91441906563765,12.383790133259396,0.0,Inf,0.0,Inf
1022,57.13396993207302,69.16635791731562,0.0,0.0,8.271153415083482,19.230675290718246,5.827847882138017,2.5693838912431657,36.20427097307437,12.672598861799074,0.0,Inf,0.0,Inf
1023,58.092356777628105,68.95456961243113,0.0,0.0,8.031983501761216,19.214258029529876,6.380319089076792,2.527974975258622,36.49828368011778,13.065128631586,0.0,Inf,0.0,Inf
1024,58.80487757987714,68.86241097414673,0.0,0.0,8.430551098726504,19.197004667144647,6.7435413617852,2.503362674175476,36.69641389711174,13.309201121479461,0.0,Inf,0.0,Inf
1025,58.95241370871969,68.74251462764816,0.0,0.0,8.993301237587005,19.178984697394103,6.931502905880235,2.5872751420759044,36.79112273887031,13.534987881166272,0.0,Inf,0.0,Inf
1026,58.922239487055975,68.67999650284328,0.0,0.0,9.418274648202495,19.15965323676422,6.9718698742096805,2.7150247051218614,36.83728222129864,13.733195029444646,0.0,Inf,0.0,Inf
1027,59.07429067680219,68.64098261484986,0.0,0.0,12.273437199213898,19.131196672294088,6.895502984506702,2.7905466818663274,36.81674243903782,13.901684234896022,0.0,Inf,0.0,Inf
1028,59.16315659600335,68.56847654336873,0.0,0.0,16.466511408914016,19.099653005724893,6.74078028254825,2.864007933206048,36.720860223594165,14.023382040199099,0.0,Inf,0.0,Inf
1029,59.68402524677747,68.5305276486889,0.0,0.0,19.233620323147484,19.077037642538446,6.5297091549290505,2.943905390011706,36.579660283631306,14.103475770792752,0.0,Inf,0.0,Inf
1030,60.22978156007137,68.47317222344103,0.0,0.0,19.364857114473125,19.055697462590338,6.280387849725336,3.0973279420178694,36.39352885981845,14.14720709686944,0.0,Inf,0.0,Inf
1031,60.59030823823657,68.40966423999993,0.0,0.0,19.84909453863989,19.029788288490053,6.017345773050246,3.2649280124210174,36.14138701521139,14.185591490662725,0.0,Inf,0.0,Inf
1032,61.22293336378464,68.3141344971349,0.0,0.0,22.877060990526992,18.991792651111,5.7698543336295645,3.5041854649101953,35.805344456297576,14.214214660974779,0.0,Inf,0.0,Inf
1033,61.88111650302027,68.22864183803536,0.0,0.0,25.12484060280623,18.966306959515794,5.527812194539975,3.743782471773685,35.363741750071384,14.26561512335758,0.0,Inf,0.0,Inf
1034,62.300270105140825,68.17521900331204,0.0,0.0,24.401201256259583,18.95290295343619,5.2950832719294905,3.986926820821536,34.814494052088186,14.335028390735097,0.0,Inf,0.0,Inf
1035,62.28040021627563,68.16884715531383,0.0,0.0,22.150661341065515,18.942568220107358,5.071740306174295,4.251068360942998,34.18964307014296,14.421855612663107,0.0,Inf,0.0,Inf
1036,62.02026851111498,68.14030011670347,0.0,0.0,19.417063026878793,18.938759968631096,4.967032798913157,4.679112312344851,33.41705997402351,14.525795452393638,0.0,Inf,0.0,Inf
1037,62.08480385508854,68.09565394309116,0.0,0.0,16.318527904530495,18.935545013384907,4.931374915592411,5.132544998336784,32.54204619648129,14.642648876016265,0.0,Inf,0.0,Inf
1038,62.634585490264335,68.02421856432922,0.0,0.0,13.389406260781195,18.932232054255003,4.971999214114351,5.8201770667519845,31.529311741459374,14.75779252521726,0.0,Inf,0.0,Inf
1039,63.541095417811015,67.95905175047403,0.0,0.0,11.534487982087262,18.923341216568073,5.040504806238859,6.470737827516758,30.438273097637058,14.858940170501096,0.0,Inf,0.0,Inf
1040,64.2861268037418,67.86431824193448,0.0,0.0,11.901117735086537,18.902290500260232,5.215033892720308,7.0352139168846035,29.20765241469851,14.962008792340507,0.0,Inf,0.0,Inf
1041,64.97842025676862,67.79355801372616,0.0,0.0,15.315542879431364,18.87803866547314,5.4286660333419245,7.269768849794315,27.818697413062193,15.07118202208463,0.0,Inf,0.0,Inf
1042,66.07320968870818,67.65586701840239,0.0,0.0,18.431742220993062,18.84801688236528,5.660197181748254,7.2718102268198495,26.25351821447417,15.214020987747492,0.0,Inf,0.0,Inf
1043,67.53907031538681,67.53030959314309,0.0,0.0,22.397340378723488,18.814575738954094,5.901640374643909,7.22846894962388,24.530254064624575,15.343864320617017,0.0,Inf,0.0,Inf
1044,69.24373253634225,67.4284314450509,0.0,0.0,25.07562933078196,18.785065180950365,6.145610422806594,7.139119299397643,22.706458279447688,15.464805059125093,0.0,Inf,0.0,Inf
1045,69.54150308673621,67.38346542732279,0.0,0.0,24.496321498600683,18.767119731628277,6.256596848287037,6.7644349481611625,21.05896062357597,15.563539650593915,0.0,Inf,0.0,Inf
1046,69.00609840430273,67.26939712118418,0.0,0.0,21.328323340953506,18.760115060450214,6.2861983510332715,6.445616273341991,19.617862637503354,15.65407278330496,0.0,Inf,0.0,Inf
1047,69.14536731155115,67.22811730297454,0.0,0.0,17.258824397352377,18.756046627376797,6.256190006325264,6.213816240578748,18.274168287590264,15.748791652972757,0.0,Inf,0.0,Inf
1048,70.58369557648297,67.196980881582,0.0,0.0,13.58122231735963,18.751731221597947,6.1775849365025515,5.9568112241359295,16.93763601399869,15.802591950479217,0.0,Inf,0.0,Inf
1049,72.50404837054676,67.1786918750225,0.0,0.0,15.06312358417997,18.72486212942417,6.054427834419815,5.7838723740382605,15.589062072423555,15.835169860742727,0.0,Inf,0.0,Inf
1050,74.05950683367105,67.16627946477612,0.0,0.0,19.769091577145986,18.70341475547166,5.907860852602891,5.558097990218433,14.245899959955173,15.844682046794038,0.0,Inf,0.0,Inf
1051,75.44689537829926,67.11717838451733,0.0,0.0,21.733262482080484,18.678740319912453,5.727780041245094,5.282678882638367,12.940347263312487,15.833813045355692,0.0,Inf,0.0,Inf
1052,77.11801914176611,67.05158807336338,0.0,0.0,21.469071851705795,18.658129388658708,5.517227521959266,4.943606574848001,11.784511208329215,15.743976263266514,0.0,Inf,0.0,Inf
1053,78.43582093013912,67.05972962665713,0.0,0.0,20.585887201849566,18.62988603019976,5.281202660079604,4.57740609066084,10.801621061563427,15.621259812806771,0.0,Inf,0.0,Inf
1054,78.32379333140277,67.10670061684854,0.0,0.0,22.40729927180998,18.60482099514935,5.027899402126536,4.206021326849016,9.924254442775199,15.473880842035923,0.0,Inf,0.0,Inf
1055,77.83144771761744,67.15382285772341,0.0,0.0,24.129267191104802,18.585698910561565,4.767898449626518,3.834513375082747,9.101078245556081,15.315965344319597,0.0,Inf,0.0,Inf
1056,78.11342055140803,67.20485582719328,0.0,0.0,23.675342915168258,18.57602773523042,4.4108622147373096,3.404526330167525,8.430542256088593,15.153691075432803,0.0,Inf,0.0,Inf
1057,79.67538880327271,67.21420961801236,0.0,0.0,21.341268684076674,18.572678956731473,4.020370731939502,3.113597071201281,7.911610567286637,14.999976507247176,0.0,Inf,0.0,Inf
1058,82.10498223785876,67.17634152056364,0.0,0.0,18.011817594660307,18.572071544272166,3.644816052300001,2.871073088924937,7.467519902360499,14.859619701588619,0.0,Inf,0.0,Inf
1059,84.55912469522907,67.11419112905654,0.0,0.0,14.568336182410498,18.569497323110088,3.283344990465983,2.654566455843415,7.241456665580844,14.457027139158782,0.0,Inf,0.0,Inf
1060,86.44439009134666,67.0815645061321,0.0,0.0,12.26029274515898,18.56074975771773,2.945251983202571,2.418991060288761,7.329591050639493,13.950838155447736,0.0,Inf,0.0,Inf
1061,87.64826575886238,67.04720651604076,0.0,0.0,12.67673152701011,18.536631994075822,2.633399346594671,2.183575115603183,7.846370053630258,13.327718990217402,0.0,Inf,0.0,Inf
1062,86.48022810991915,67.17940044186294,0.0,0.0,19.252448592816286,18.49987087240146,2.335577395302578,2.094710010806901,8.636808499088996,12.626902199629496,0.0,Inf,0.0,Inf
1063,84.37895650903288,67.32215813003538,0.0,0.0,24.88184580025097,18.465861136500003,2.1033716704310104,2.0305783696157715,9.21572343514401,11.90526489651155,0.0,Inf,0.0,Inf
1064,82.79258819372924,67.44944130948478,0.0,0.0,26.910140301990516,18.445045631685552,1.9120111399749617,1.981374696038246,9.42401758112325,11.200029194731481,0.0,Inf,0.0,Inf
1065,82.05995282905752,67.57537376700867,0.0,0.0,25.285603271032464,18.431967262046776,1.7450118545258333,1.92743969146158,9.16909341413306,10.578379623433724,0.0,Inf,0.0,Inf
1066,79.65520605378791,67.70812661530347,0.0,0.0,22.489663773963372,18.425302892868487,1.598444083336387,1.8597761290864305,8.654614864581829,10.035019955392388,0.0,Inf,0.0,Inf
1067,76.51025344152563,67.85290462362681,0.0,0.0,18.988324385114147,18.426891375408772,1.46505895604999,1.7357788382257358,7.670277404211303,9.777711790451617,0.0,Inf,0.0,Inf
1068,74.14443898886229,67.98228922287677,0.0,0.0,15.496843921646715,18.42866355955586,1.346005770699573,1.6749427712316483,6.729790090252905,9.615179888448205,0.0,Inf,0.0,Inf
1069,73.15238057232143,67.96659231634878,0.0,0.0,12.600870694801925,18.42844624203947,1.266558766521739,1.622596646534423,6.158343148198882,9.560771912445391,0.0,Inf,0.0,Inf
1070,72.840184605081,67.83484173666106,0.0,0.0,11.436552300698034,18.419440755742094,1.2115122478430824,1.5368135752986078,5.957243605323819,9.573955640739543,0.0,Inf,0.0,Inf
1071,72.35361802116961,67.70332438585959,0.0,0.0,12.581912630517799,18.403311510211427,1.1805548202806604,1.4483652655392543,6.031873752339692,9.608570768140556,0.0,Inf,0.0,Inf
1072,70.06401129455783,67.57362146590829,0.0,0.0,14.635832940149132,18.379860324909053,1.1596041089465436,1.3802117142329224,6.139144712845834,9.66537335638202,0.0,Inf,0.0,Inf
1073,66.33809785195758,67.60057814958324,0.0,0.0,17.7763532566704,18.352579309756624,1.1323748301798382,1.3118577198608263,6.170354357924862,9.685591302721726,0.0,Inf,0.0,Inf
1074,63.45360134378,67.59918493030612,0.0,0.0,20.648216972906845,18.32733051023682,1.1100189996227483,1.3233978509527469,6.261716413483683,9.662672683556966,0.0,Inf,0.0,Inf
1075,61.90914717213617,67.5308537543403,0.0,0.0,22.531976213344585,18.29376020030906,1.0762805388093692,1.3198653140756635,6.421782885477144,9.604335299007392,0.0,Inf,0.0,Inf
1076,58.77865116080712,67.45836113260034,0.0,0.0,24.12552558654292,18.267932306295965,1.0599550868833048,1.2373847570446745,6.607059898140401,9.511449950711013,0.0,Inf,0.0,Inf
1077,54.136971307675225,67.5263488188774,0.0,0.0,23.55357265380232,18.256082853151234,1.0340474711065988,1.2062910919060896,6.779260751124451,9.395627604537767,0.0,Inf,0.0,Inf
1078,51.46443059083147,67.42940220751808,0.0,0.0,20.672929997817295,18.2528661225865,1.0019515399686005,1.1757604661367822,6.8505903796239815,9.469901124311118,0.0,Inf,0.0,Inf
1079,50.627226780546295,67.38376655900805,0.0,0.0,17.80194778630189,18.243852566118452,0.9677851089122889,1.1347584033426885,6.9944374042006,9.619289064983525,0.0,Inf,0.0,Inf
1080,50.2969234286916,67.26684358719646,0.0,0.0,16.448256252470813,18.23837240706795,0.9357756670506938,1.1019992435670956,7.374148373863242,9.861195265190117,0.0,Inf,0.0,Inf
1081,49.59862225548242,67.14169331644288,0.0,0.0,15.818106103456904,18.230313299839015,0.913893025534892,1.2991386200825774,7.999869349780873,10.165671848431714,0.0,Inf,0.0,Inf
1082,48.83779935132221,67.01788384057329,0.0,0.0,15.070337459202571,18.223245495160967,0.9281678672719132,1.4692293016968305,8.828127775404717,10.518927086827325,0.0,Inf,0.0,Inf
1083,48.648488364749234,66.86466628931801,0.0,0.0,14.897774243904806,18.118414514242026,0.9436627129234422,1.5509397957082796,9.747979486848697,10.931388522668707,0.0,Inf,0.0,Inf
1084,49.08013958678314,66.78133334426343,0.0,0.0,65.4747995678644,17.51354534715659,1.2641943126767967,5.369022502518117,10.716229875626645,11.351567571411895,0.0,Inf,0.0,Inf
1085,50.70776251998791,66.58400043991269,0.0,0.0,90.61809274036203,17.312114083888343,1.7444492770337499,6.90522331803653,11.782589034348058,11.808663179600805,0.0,Inf,0.0,Inf
1086,52.85106962033149,66.41630083498949,0.0,0.0,90.60475960139426,17.22864454991749,2.111441386809822,7.831130307572623,12.947332334471248,12.291743181725412,0.0,Inf,0.0,Inf
1087,53.77326210542438,66.253807251052,0.0,0.0,76.50835804193245,17.20788477530899,2.361053738314683,8.28966842695107,14.311257861162426,12.817098747302422,0.0,Inf,0.0,Inf
1088,54.15623071571815,66.13556021723491,0.0,0.0,56.710610645896715,17.213368323489608,2.5319346441953767,8.370577709496994,15.8292633608018,13.381047816897585,0.0,Inf,0.0,Inf
1089,54.90974574883952,66.01736015544758,0.0,0.0,36.681882040918296,17.219567610960205,2.6693556294029492,8.050821617415691,17.432597207789733,13.971141767648378,0.0,Inf,0.0,Inf
1090,56.33934897356142,65.8687734255004,0.0,0.0,21.653467669512686,17.212378318308176,2.8034670705989,7.389224489423078,19.19331660051694,14.609289678253202,0.0,Inf,0.0,Inf
1091,57.84119150608286,65.79857623571914,0.0,0.0,31.355321191757355,16.71098593312691,2.992757075491411,7.01350143086786,20.532816299518597,14.953883723535823,0.0,Inf,0.0,Inf
1092,59.5240655700626,65.75710533679488,0.0,0.0,54.568122717605824,16.393800621831346,3.4282064762387052,7.326450281781302,21.79329930367934,15.185087023062101,0.0,Inf,0.0,Inf
1093,61.22055952895844,65.7043794892187,0.0,0.0,60.635148806386034,16.25498466322044,3.962141266102452,7.1724958339591645,23.129213878035475,15.317373495101474,0.0,Inf,0.0,Inf
1094,62.800453149296054,65.6731332842207,0.0,0.0,55.260341736131565,16.19649471068912,4.491267368526718,6.791685654801471,24.46698285401102,15.372936026247077,0.0,Inf,0.0,Inf
1095,64.37709775393596,65.58101589922973,0.0,0.0,44.10912900971388,16.184496022996434,5.037865570968245,6.233570044651124,25.75941559598243,15.36788487001889,0.0,Inf,0.0,Inf
1096,66.50837667512076,65.52142894671248,0.0,0.0,31.16982204318276,16.190057489298443,5.643218030100166,5.5469827072332585,26.96230144354705,15.332798981427887,0.0,Inf,0.0,Inf
1097,68.70704000632814,65.47670090133228,0.0,0.0,19.391989402497874,16.196422441556702,6.248510791756156,4.994916821363004,28.126825275017254,15.282576463173681,0.0,Inf,0.0,Inf
1098,69.94804575305234,65.43665922101717,0.0,0.0,11.173059505901215,16.202524195605317,6.748106276075636,4.627144820475185,29.260657808382735,15.244893415117371,0.0,Inf,0.0,Inf
1099,70.4284430080116,65.38143735899334,0.0,0.0,7.332771169244319,16.198745579654215,7.087215763747292,4.2474603757899905,30.372609392640893,15.194351980439079,0.0,Inf,0.0,Inf
1100,70.600641129476,65.34927079354834,0.0,0.0,7.519293473147085,16.19154898746259,7.295773480491649,3.961622980119187,31.433585479158342,15.208946788810426,0.0,Inf,0.0,Inf
1101,70.48361277988704,65.32538999674651,0.0,0.0,8.698277525785597,16.174916370181858,7.404437457505058,3.715177220146554,32.30117860704346,15.271772514251328,0.0,Inf,0.0,Inf
1102,70.72849139053464,65.17167388732892,0.0,0.0,10.11910205910531,16.159583505219885,7.422424290720475,3.4620561884587944,32.98822496027151,15.357543673232282,0.0,Inf,0.0,Inf
1103,72.14666880054872,65.01255576648403,0.0,0.0,10.370515113794854,16.14550676403292,7.351029218062004,3.1576702915174777,33.537921474186895,15.467362372890555,0.0,Inf,0.0,Inf
1104,74.34769399623991,64.84089821690769,0.0,0.0,9.742250082688603,16.129788871873274,7.211147649061205,2.8244056662997075,33.94950487494393,15.592226251404226,0.0,Inf,0.0,Inf
1105,76.38709095967835,64.72835592415836,0.0,0.0,8.305848842476141,16.11761811028333,7.034945285468483,2.460559862103183,34.24759625492674,15.711610530170372,0.0,Inf,0.0,Inf
1106,77.81286414709874,64.621999457497,0.0,0.0,7.970982338770292,16.09573412095324,6.831155132193542,2.2129154631528047,34.42554129120132,15.827896879832556,0.0,Inf,0.0,Inf
1107,77.7807837945623,64.62879734489348,0.0,0.0,11.081271717587429,16.069100854776448,6.6198068089668,2.0501548738025717,34.40953452759896,15.655207892822062,0.0,Inf,0.0,Inf
1108,77.36649926999984,64.56709067063613,0.0,0.0,13.850932637625023,16.047874889633984,6.395133684994468,1.9793341669183337,34.245105282473794,15.385573252060619,0.0,Inf,0.0,Inf
1109,77.64883505610554,64.62684884826105,0.0,0.0,14.113329607079846,16.03246141513136,6.162559099020552,2.1307289517745507,33.95021368835963,15.282094034712378,0.0,Inf,0.0,Inf
1110,76.33630077313933,64.74782526475732,0.0,0.0,12.629330935246815,16.02007000549209,5.933947884980331,2.3293825871720246,33.54661498064334,14.914450420049796,0.0,Inf,0.0,Inf
1111,72.939115241043,64.86311084535284,0.0,0.0,12.423918176990616,15.998577886843945,5.700699823449757,2.7707011808631563,33.096780916434746,14.721978075706634,0.0,Inf,0.0,Inf
1112,70.12439531453272,64.83449416415242,0.0,0.0,13.38569105851339,15.980369455549233,5.4680846456014,3.2480524335218686,32.601541259357454,14.589885638955158,0.0,Inf,0.0,Inf
1113,71.02883176984537,64.84814404966622,0.0,0.0,13.31469452856835,15.965431079233891,5.247619812601432,3.646586695643181,32.04381233653993,14.543020474446632,0.0,Inf,0.0,Inf
1114,73.07314979635385,64.76045818289406,0.0,0.0,12.445176006922265,15.949197566265537,5.028298376047752,4.097418189419804,31.372076051983214,14.57319627552006,0.0,Inf,0.0,Inf
1115,75.2715536516666,64.50946864798114,0.0,0.0,13.854199089533317,15.92914511510522,4.810336106746698,4.759133777377135,30.606614666179283,14.651476139422174,0.0,Inf,0.0,Inf
1116,77.36272049397908,64.31605085838977,0.0,0.0,14.816468172836101,15.913918867789382,4.720568230691745,5.467378392743122,29.646795921047396,14.803991813319241,0.0,Inf,0.0,Inf
1117,78.77630853914488,64.2695805723053,0.0,0.0,14.35851931515982,15.901270416551245,4.716359450366088,6.136178072589388,28.443511102561416,14.717425283855432,0.0,Inf,0.0,Inf
1118,80.22925504826138,64.18472875430895,0.0,0.0,12.83875251198327,15.891077441858553,4.887554724832015,6.902389349446446,26.96207499330344,14.542199492029644,0.0,Inf,0.0,Inf
1119,77.73353387725558,64.26648351817408,0.0,0.0,11.482459792819695,15.877416884952101,5.120715523863462,7.2529943978513645,25.402708209428763,14.246221032419497,0.0,Inf,0.0,Inf
1120,72.15872178755352,64.50171709404124,0.0,0.0,11.059483778801088,15.857043446609945,5.378449407061738,7.3219248020952605,23.883305830117926,13.831440081110125,0.0,Inf,0.0,Inf
1121,68.04628628112431,64.66268102998701,0.0,0.0,14.78555268628498,15.8301042218445,5.644431278157054,7.266333537405165,22.327201412937317,13.57354414271816,0.0,Inf,0.0,Inf
1122,67.89116866920153,64.579168723829,0.0,0.0,17.930166568623928,15.801885538198265,5.927908355084356,7.013881679955158,20.69871520334476,13.364038139724627,0.0,Inf,0.0,Inf
1123,69.64631636926372,64.48608358891865,0.0,0.0,52.453612924814685,15.253991011802757,6.021713683359542,7.69296232204771,19.108410888567146,13.217206709285822,0.0,Inf,0.0,Inf
1124,71.37428324640877,64.4085611199165,0.0,0.0,89.70033220980179,14.967694837339646,6.174332403774848,8.718798905815847,17.526567535053633,13.177613450370302,0.0,Inf,0.0,Inf
1125,71.80964764086542,64.39153955253651,0.0,0.0,97.89407703378238,14.857696146280666,6.299013442066597,8.850535221593912,16.184570966025255,13.249106018830712,0.0,Inf,0.0,Inf
1126,71.6689851746264,64.3425195483684,0.0,0.0,87.3394479814024,14.827361542713556,6.3766363164971285,8.62035022824968,15.136398227162337,13.411045754999126,0.0,Inf,0.0,Inf
1127,71.27307114069882,64.38842783353029,0.0,0.0,73.98234901847769,14.371240437909872,6.38330617683305,8.569507224774837,14.527769196328775,13.535268746069006,0.0,Inf,0.0,Inf
1128,71.12096306405918,64.54086394156818,0.0,0.0,86.96501079865997,13.444280765777373,6.361726512010927,9.391390342676663,14.477807569205575,13.600159385012425,0.0,Inf,0.0,Inf
1129,71.65128655741135,64.6172154898184,0.0,0.0,105.1717903985519,12.936806415396305,6.373937815985324,9.784919484990873,15.113444238422689,13.605195011174791,0.0,Inf,0.0,Inf
1130,72.60784299208308,64.62917311556669,0.0,0.0,104.39822123241599,12.738417548125238,6.364888188792584,9.50694394633242,16.35520752462116,13.569016846516018,0.0,Inf,0.0,Inf
1131,73.50566255330024,64.60507076968996,0.0,0.0,89.6132115257414,12.68138706105163,6.327000233180625,8.955656545351976,17.991066135735394,13.553012396195765,0.0,Inf,0.0,Inf
1132,73.94909351473599,64.55571520729048,0.0,0.0,67.6991502903036,12.68358624001395,6.311177114783635,8.321440975332811,19.852831989888628,13.51805119299318,0.0,Inf,0.0,Inf
1133,73.7622428801791,64.50800831284492,0.0,0.0,45.2499681299132,12.702594138619501,6.375639400455309,7.339704938947167,21.762222681512583,13.520406136047084,0.0,Inf,0.0,Inf
1134,72.97132857245549,64.4417627685176,0.0,0.0,25.979583308732177,12.712242887648928,6.480517284786704,6.400855466029405,23.53251366033845,13.532572673726536,0.0,Inf,0.0,Inf
1135,69.13503233063055,64.40362305157097,0.0,0.0,13.44426461590619,12.71200124346988,6.67893450390092,5.365167145463953,25.019276451115577,13.556304750983577,0.0,Inf,0.0,Inf
1136,63.88361621842656,64.42337473272327,0.0,0.0,11.270327467151395,12.699784136928523,6.897488946406168,4.577471881030715,26.222458541127512,13.597774011648411,0.0,Inf,0.0,Inf
1137,59.77367864298864,64.38872814643808,0.0,0.0,13.420776216043942,12.690002109188972,7.118820450535602,3.9620538608134432,27.19605795757014,13.645409547591761,0.0,Inf,0.0,Inf
1138,58.34229546712098,64.23556738280055,0.0,0.0,14.246877998838556,12.679273367510495,7.296963292196481,3.5090235376288734,27.94675097714045,13.707718918593427,0.0,Inf,0.0,Inf
1139,58.24300222607048,64.10407870267763,0.0,0.0,13.478453087490674,12.669376140614595,7.416897516729568,3.1783555897603994,28.499431999352012,13.789531299787594,0.0,Inf,0.0,Inf
1140,57.56948573633683,63.99560717896653,0.0,0.0,11.865701352822141,12.661514472662173,7.470242465612367,2.945929459437841,28.87321680358288,13.88941049749227,0.0,Inf,0.0,Inf
1141,56.16050786120982,63.92771988578666,0.0,0.0,9.989996764934464,12.652727580363146,7.455275464693443,2.7683722370105803,29.088696752428167,13.984415288919987,0.0,Inf,0.0,Inf
1142,54.65503064038969,63.90630716925224,0.0,0.0,8.967085595097265,12.637324555429698,7.383833652374039,2.636519406540954,29.203564059460927,14.074027363932345,0.0,Inf,0.0,Inf
1143,53.73080610919972,63.85337473868342,0.0,0.0,9.374707936947289,12.622661326570892,7.2609081114701235,2.590598528742576,29.215772582822467,14.168703596695387,0.0,Inf,0.0,Inf
1144,53.442553566024095,63.821518422842544,0.0,0.0,9.953343422179021,12.608917180232154,7.101384098035936,2.57728132839546,29.122683313943813,14.261686290273571,0.0,Inf,0.0,Inf
1145,53.70828407763334,63.769097980740575,0.0,0.0,10.509194703661155,12.591628861928402,6.902663948091332,2.655456760294672,28.945203912259107,14.346826296951175,0.0,Inf,0.0,Inf
1146,54.12351076668708,63.71431107790053,0.0,0.0,10.709694349343025,12.579276226552091,6.676365056788181,2.7928836399929424,28.71385900050549,14.414406510790768,0.0,Inf,0.0,Inf
1147,54.4627852640568,63.66455445314223,0.0,0.0,10.547448320505806,12.563269787897978,6.429066189490482,3.0058094603013545,28.42481502621542,14.487295895995034,0.0,Inf,0.0,Inf
1148,54.762589412226916,63.61744720422371,0.0,0.0,11.558618882271443,12.548101734550979,6.172074116851438,3.2624921609269646,28.061131011517094,14.565683705204028,0.0,Inf,0.0,Inf
1149,55.18595118004128,63.53935607670833,0.0,0.0,12.178118595636196,12.538680974191633,5.913769207997909,3.5578749304812822,27.612285323765263,14.657324439267905,0.0,Inf,0.0,Inf
1150,56.141446030270245,63.43743107360368,0.0,0.0,11.835762676032976,12.531411826286151,5.658981056939763,3.883409915818595,27.07361140077507,14.758528645935895,0.0,Inf,0.0,Inf
1151,57.715535039939454,63.314799942537974,0.0,0.0,10.775632516071017,12.525306438447856,5.405996694142905,4.260210180349119,26.467788400476117,14.852212177264528,0.0,Inf,0.0,Inf
1152,59.87753258003764,63.1725812019407,0.0,0.0,9.413958484292767,12.519825789234535,5.167113743762411,4.746457552431515,25.796171644923184,14.952337572028128,0.0,Inf,0.0,Inf
1153,62.47936977665058,63.03004611187997,0.0,0.0,8.341242056506424,12.5117217808897,5.058428340902478,5.448266495606476,24.938931787592832,15.062162182576046,0.0,Inf,0.0,Inf
1154,65.44509597058749,62.87005151816643,0.0,0.0,7.809268547061922,12.501150861455116,5.054641863742557,6.340700422092154,23.884632142563884,15.167099986509777,0.0,Inf,0.0,Inf
1155,68.6993312093142,62.733958966736246,0.0,0.0,7.886862899727111,12.488595520581084,5.211727752106261,7.164890372063925,22.593655415199507,15.271217873558987,0.0,Inf,0.0,Inf
1156,72.02386455902072,62.57300327450402,0.0,0.0,8.86556329895963,12.468356060932386,5.424889937522093,7.482364865669494,21.196139159320367,15.365748368969097,0.0,Inf,0.0,Inf
1157,75.34513420046235,62.40368963060733,0.0,0.0,12.410912319564751,12.44689045049406,5.655641578063173,7.515503621089922,19.72813800287634,15.466380106226975,0.0,Inf,0.0,Inf
1158,78.22770289629196,62.35654024004584,0.0,0.0,14.552040628517338,12.43157629732352,5.902026682555349,7.290584032936592,18.19672543617881,15.307824136079066,0.0,Inf,0.0,Inf
1159,80.52921584277343,62.34731332069622,0.0,0.0,14.977083809064657,12.418985944155143,6.1470815100063145,6.9139742557606185,16.677149166386304,14.980194076564972,0.0,Inf,0.0,Inf
1160,82.06611071811693,62.416835115092,0.0,0.0,15.48212643814737,12.407420114388165,6.256254920352934,6.253042698423202,15.414736158950081,14.51892269038682,0.0,Inf,0.0,Inf
1161,82.86759833277776,62.48626743150277,0.0,0.0,16.032856427205605,12.401541294517838,6.2754672686021005,5.662926449365895,14.353490620452089,13.956476772397531,0.0,Inf,0.0,Inf
1162,82.22936419981292,62.633205310467226,0.0,0.0,15.639351243520926,12.403802106596316,6.20479246160388,4.951423770803023,13.469359263295841,13.332735959607865,0.0,Inf,0.0,Inf
1163,80.605926773477,62.85231539655207,0.0,0.0,14.1271956022132,12.403232186577492,5.9397928004187195,4.075705441118768,12.839071885519779,12.693519569795717,0.0,Inf,0.0,Inf
1164,78.61429638070965,62.984916026096414,0.0,0.0,13.687944357634493,12.396459895050375,5.559480560692873,3.432155252125182,12.346582967790011,12.073380956608691,0.0,Inf,0.0,Inf
1165,76.99112062196457,63.11574290016324,0.0,0.0,13.284991521688367,12.392034992143504,5.13079139643311,3.0400714147428194,11.900361556220309,11.492680407507034,0.0,Inf,0.0,Inf
1166,74.81389899268193,63.15770804826797,0.0,0.0,12.292545845770897,12.387824945924622,4.698522998589527,2.8633492417458055,11.468103383002836,10.963239339771098,0.0,Inf,0.0,Inf
1167,71.81579329973883,63.21468870937564,0.0,0.0,10.879181105073288,12.382316694118147,4.284537241760353,2.8794543887099113,10.910671044561848,10.714173756450089,0.0,Inf,0.0,Inf
1168,68.42077951597342,63.257265736263705,0.0,0.0,9.381793562694279,12.376902255194114,3.907372120518668,2.9625457493826244,10.34994224610948,10.59960167443191,0.0,Inf,0.0,Inf
1169,65.60409948673298,63.247983088710164,0.0,0.0,8.745117138522357,12.366250531185154,3.575961404329385,3.034880939687333,9.888344477275458,10.596879614790703,0.0,Inf,0.0,Inf
1170,63.53879616392464,63.10010711043866,0.0,0.0,9.365515669532137,12.354410381048714,3.341457073291115,3.1899008027338254,9.459866396200505,10.6782754585693,0.0,Inf,0.0,Inf
1171,61.451082815429565,62.97817074390247,0.0,0.0,9.957807545251127,12.342621400585696,3.1625931456628917,3.2841227803838025,9.06246586292838,10.803220465755967,0.0,Inf,0.0,Inf
1172,59.14957138710686,62.86707625498018,0.0,0.0,10.36623630568069,12.328739855900903,3.0189137228447183,3.3619349444339606,8.656917531725897,10.934809645970988,0.0,Inf,0.0,Inf
1173,56.9613764238445,62.77013692213402,0.0,0.0,10.159823891653312,12.31748071787414,2.919063677428748,3.534494672647164,8.18449973896281,11.006103673870005,0.0,Inf,0.0,Inf
1174,54.75558002289262,62.71577510077019,0.0,0.0,10.092795575778766,12.30497801020513,2.9228778231880685,3.871241347128735,7.598253721415841,11.0306916422535,0.0,Inf,0.0,Inf
1175,51.81897566198861,62.700006272285556,0.0,0.0,10.276270987568365,12.29073591342661,2.9833908811880177,3.9842351441279806,6.934732594174672,10.998102786619034,0.0,Inf,0.0,Inf
1176,47.58714919281007,62.772026599303025,0.0,0.0,12.767054889338231,12.267959770845511,3.067433295128544,3.947873075332327,6.226267632239084,11.122116521093336,0.0,Inf,0.0,Inf
1177,43.6819999451547,62.84791527421781,0.0,0.0,16.863440453094967,12.249654884714012,3.1586543309965966,3.795191243935245,5.497523567909157,11.296970546506863,0.0,Inf,0.0,Inf
1178,42.23792005576895,62.76748369943206,0.0,0.0,20.31552828115121,12.232403669633449,3.2435992471854265,3.566151407585179,4.856605412704883,11.517191380026189,0.0,Inf,0.0,Inf
1179,42.13811842138625,62.61406873292522,0.0,0.0,24.097720145497636,12.226109220716722,3.2347104356644425,3.2202623107004866,4.519245360926033,11.788867552969895,0.0,Inf,0.0,Inf
1180,42.13495481702737,62.40189724190253,0.0,0.0,25.365377377526144,12.227960715327832,3.1627830587296604,2.7634157446036913,4.487297598221535,12.127572108037606,0.0,Inf,0.0,Inf
1181,42.34488772586379,62.33597522026323,0.0,0.0,46.793900435224145,11.456743996647202,2.9930687410456565,4.381132033766707,4.564876234803639,12.453462516232888,0.0,Inf,0.0,Inf
1182,43.373168251508226,62.233976627460386,0.0,0.0,72.55005396472707,11.116308088076693,2.9203623057534043,5.743508597644223,4.875844636008241,12.789948217453746,0.0,Inf,0.0,Inf
1183,42.33073918043823,62.176317977817654,0.0,0.0,77.25860560379157,10.97776032898335,2.8683737630169768,6.257212743875388,5.4735474571362035,13.13006414598576,0.0,Inf,0.0,Inf
1184,40.97588885259857,62.142269675864405,0.0,0.0,68.29747541271497,10.940811652201221,2.8190996229517924,6.47561220976136,6.371278155010717,13.498503192793569,0.0,Inf,0.0,Inf
1185,41.42352719354136,62.07020949918003,0.0,0.0,52.56133314474285,10.94992623459351,2.770374024813404,6.420899393456201,7.48562385136104,13.888806954786055,0.0,Inf,0.0,Inf
1186,44.34893990467695,61.904991361677006,0.0,0.0,35.244077959574696,10.968875737671125,2.732859498163505,6.083624413918508,8.717376613428018,14.293156554140124,0.0,Inf,0.0,Inf
1187,47.15639645200944,61.750215733199646,0.0,0.0,20.104501581531217,10.981606990360278,2.7112048233924813,5.483971459868072,9.961780519776251,14.694206537907538,0.0,Inf,0.0,Inf
1188,49.620625748829205,61.57752917797851,0.0,0.0,10.503402920354974,10.990338355746156,2.73313003170343,4.727063094927163,11.123037626187005,15.093512961161023,0.0,Inf,0.0,Inf
1189,51.25373604658567,61.43792510504107,0.0,0.0,9.12973913616104,10.980254348939992,2.8278408573569234,3.87683866005265,12.155653111157584,15.498892428230787,0.0,Inf,0.0,Inf
1190,51.67886804354274,61.36595396260294,0.0,0.0,10.942623063958246,10.968524928835766,3.0211288908867253,2.9998610058645347,12.833713605847851,15.632850633734321,0.0,Inf,0.0,Inf
1191,51.51820530071159,61.331495293910336,0.0,0.0,11.583094104741521,10.955667079260943,3.221243205714042,2.3877726900155296,13.33463417397288,15.683536511749427,0.0,Inf,0.0,Inf
1192,51.39835138412233,61.30478374020586,0.0,0.0,11.67592366129542,10.941684502762806,3.3939676236845835,1.9216565990692185,13.69455672420279,15.698718816954704,0.0,Inf,0.0,Inf
1193,51.66556791028426,61.281624485298074,0.0,0.0,11.58682404246125,10.927525767220352,3.5424146785293855,1.5572533035821523,13.90371410071303,15.652402766848349,0.0,Inf,0.0,Inf
1194,52.76147978302855,61.197303397045864,0.0,0.0,10.981638315571416,10.917760211183593,3.665640425392861,1.2570302239233746,13.993661865435174,15.568914577135134,0.0,Inf,0.0,Inf
1195,54.41978761314318,61.18195991736845,0.0,0.0,10.23495466110875,10.903542132151891,3.757756698932732,1.024469827437585,14.010051033434651,15.4611899805502,0.0,Inf,0.0,Inf
1196,56.185722718647895,61.14913550725764,0.0,0.0,10.1407023453791,10.891362325531817,3.8218862360200943,0.955200676694577,14.03647854262017,15.34028025102732,0.0,Inf,0.0,Inf
1197,57.99273465595211,61.128388090495804,0.0,0.0,9.996258695931203,10.884050134777311,3.857235256798195,0.8895247296366193,14.088612530067117,15.242942201765636,0.0,Inf,0.0,Inf
1198,59.651680720318886,61.12491519606068,0.0,0.0,9.551874272917493,10.877916390701193,3.856156695456067,0.877459052706467,14.129575282096749,15.163956435859514,0.0,Inf,0.0,Inf
1199,61.079638803417495,61.116039725536375,0.0,0.0,8.87283760458482,10.871788643610605,3.8186976475973267,0.931856305569009,14.184870873911844,15.088490488025487,0.0,Inf,0.0,Inf
1200,62.56961381854419,61.055068340776685,0.0,0.0,8.245105988295588,10.865215386992661,3.7465330366403817,1.1165570369688362,14.242973274261383,15.034478169061632,0.0,Inf,0.0,Inf
1201,64.47126068253631,60.986124045978606,0.0,0.0,7.796973953674745,10.8553718643393,3.6510869128916417,1.2996780046949121,14.185106891452037,15.024675938168828,0.0,Inf,0.0,Inf
1202,66.44117935604548,60.92893691902767,0.0,0.0,8.094304784994375,10.836657356663267,3.538247032020158,1.5065093289071145,13.977773752682968,15.017906752655245,0.0,Inf,0.0,Inf
1203,68.02027936414653,60.89523767921555,0.0,0.0,10.374178855087827,10.81787849262143,3.4092633530231544,1.7519226841861233,13.696113396658024,15.021849817285618,0.0,Inf,0.0,Inf
1204,69.39715204695528,60.79151777662369,0.0,0.0,11.819530933638523,10.804458772029232,3.265557798112882,1.9864671660544706,13.442563801518677,15.004201694130108,0.0,Inf,0.0,Inf
1205,70.93338743283722,60.75474556563767,0.0,0.0,12.51908913763065,10.793758289031166,3.1097866154908536,2.1369007271968723,13.274800332187771,15.000750340024629,0.0,Inf,0.0,Inf
1206,72.90856740540245,60.66852609413284,0.0,0.0,12.312609839669049,10.789034486429424,2.946734347967084,2.2538743333839464,13.110962463959211,14.99853906654685,0.0,Inf,0.0,Inf
1207,74.97517151842472,60.652019363813636,0.0,0.0,11.485331898612813,10.783301468168856,2.7823698910038104,2.290444001102243,12.948617131749428,14.737719545051553,0.0,Inf,0.0,Inf
1208,76.82297549728794,60.66074464142695,0.0,0.0,10.407218558544155,10.775233610505634,2.6130931109196367,2.3432645467875024,12.856397485196055,14.374733537332762,0.0,Inf,0.0,Inf
1209,78.47227698460928,60.575837952162466,0.0,0.0,10.082086056393615,10.76472702669461,2.5022677628773327,2.379450176895596,12.8407453112787,13.93078783551397,0.0,Inf,0.0,Inf
1210,80.24572166325262,60.58063481192705,0.0,0.0,10.069250201290103,10.756624894049072,2.425255668019716,2.4369285724934144,12.900493506475309,13.396468969570293,0.0,Inf,0.0,Inf
1211,82.02167950838171,60.55484180364254,0.0,0.0,9.93272099302355,10.749238789026235,2.3582160475180323,2.611960819165211,13.023750902712454,12.801818258837997,0.0,Inf,0.0,Inf
1212,84.14639311736312,60.41919508390356,0.0,0.0,9.603878066392731,10.742441729620364,2.3166179991498397,2.7410545104729036,13.066627790038151,12.206080136357542,0.0,Inf,0.0,Inf
1213,86.3400971787935,60.34745615755296,0.0,0.0,9.17113377078672,10.73526590271435,2.2987036984407334,2.924959300811524,12.970165147966549,11.597326170956249,0.0,Inf,0.0,Inf
1214,86.17960543034205,60.278399120642355,0.0,0.0,11.102303633416538,10.712428453003266,2.346165319285197,3.1089352442915565,12.67927986640365,11.033178963996795,0.0,Inf,0.0,Inf
1215,83.67881371903026,60.4733065343398,0.0,0.0,14.483751993977457,10.699003870452525,2.4319294176833783,3.209420074493019,12.185626838309005,10.514769087898891,0.0,Inf,0.0,Inf
1216,82.71615004200973,60.48254356285297,0.0,0.0,16.309247291166994,10.701591144498366,2.5372033644389274,3.2027962346823378,11.572176841653318,10.045235725662112,0.0,Inf,0.0,Inf
1217,83.61677383332382,60.24105287724619,0.0,0.0,16.688879554882448,10.710449046882754,2.649332249303292,3.1260481727484586,10.95054307771532,9.614764906377316,0.0,Inf,0.0,Inf
1218,84.57144282745392,60.02988991364452,0.0,0.0,16.43761455784368,10.718281461134037,2.7005278453695176,2.8405670201969344,10.42681408570734,9.23568698568885,0.0,Inf,0.0,Inf
1219,83.31448991289182,59.955199855408004,0.0,0.0,15.798973072753313,10.726746195754501,2.712877820204381,2.5728336321076144,9.991187565621797,8.89503496524415,0.0,Inf,0.0,Inf
1220,80.7434181357151,59.992775894428874,0.0,0.0,16.97810516249466,10.348620522002554,2.673847738640107,2.770053594029925,9.6517632853142,8.552492614212428,0.0,Inf,0.0,Inf
1221,78.60632873225502,60.08033342527548,0.0,0.0,42.11036861797065,9.585829923155611,2.6155561994981467,5.214025301494327,9.440673684913433,8.188952143794792,0.0,Inf,0.0,Inf
1222,77.20563892982887,60.00623233630315,0.0,0.0,53.65480286069634,9.313805243366895,2.6182595757081293,5.95533454284249,9.257697894844066,7.854886723845448,0.0,Inf,0.0,Inf
1223,75.69952033841734,59.918694555622864,0.0,0.0,52.37661748169579,9.204841251407588,2.6224381531769936,6.117141403601608,9.109558365413664,7.540464695924338,0.0,Inf,0.0,Inf
1224,73.93068689641999,59.816188490694834,0.0,0.0,43.95345686748052,9.19107525964812,2.6166866373867403,5.96656913553881,9.00323679893749,7.270599937265583,0.0,Inf,0.0,Inf
1225,72.00603489184287,59.751359738600556,0.0,0.0,32.49886574165265,9.214198505700375,2.601697267725423,5.589464932751422,9.006899556981482,7.015548885367466,0.0,Inf,0.0,Inf
1226,68.64922772166543,59.81621023362367,0.0,0.0,20.71718305930393,9.23209119081639,2.5865805031451368,5.023914608245434,9.169346506308033,6.761160805390523,0.0,Inf,0.0,Inf
1227,64.71903376610626,59.844239035468114,0.0,0.0,11.065075970883905,9.233962067724535,2.593857706708325,4.448794906004317,9.4025367902996,6.656493326672252,0.0,Inf,0.0,Inf
1228,62.61976067232717,59.654315111661354,0.0,0.0,6.67422567385791,9.211109593404665,2.62161875063768,3.8874930001964767,9.730652468182745,6.623539291683925,0.0,Inf,0.0,Inf
1229,61.75738212306795,59.449155438802954,0.0,0.0,7.721718762277106,9.191185833870927,2.6696742102362667,3.417621177776727,10.130328404521627,6.647427426788758,0.0,Inf,0.0,Inf
1230,60.63667361727304,59.197874131048906,0.0,0.0,9.440274977924155,9.17620832423976,2.7366346364196645,2.974170072684735,10.5532358170695,6.704212747023485,0.0,Inf,0.0,Inf
1231,58.21921500998789,59.16892363440635,0.0,0.0,10.069095205542995,9.170426360897663,2.783199405302943,2.6528548924199313,10.998967087474316,6.780281432113628,0.0,Inf,0.0,Inf
1232,54.96309048873385,59.329623193061416,0.0,0.0,9.764289792339584,9.163246032885187,2.820194677206534,2.330442717047014,11.417713257026461,6.8764112876787955,0.0,Inf,0.0,Inf
1233,52.12943447446036,59.4662914805443,0.0,0.0,8.777198910688094,9.158494999268111,2.812519306287942,2.127021951182345,11.809895478233479,6.975616992945007,0.0,Inf,0.0,Inf
1234,51.16043609900439,59.26998587971156,0.0,0.0,7.517679133915963,9.153849662950353,2.783532160633866,1.9485763419119386,12.160205724411522,7.072540469200323,0.0,Inf,0.0,Inf
1235,51.222338597085766,58.930914722156004,0.0,0.0,6.358141092818477,9.148168923649543,2.746863354896956,1.811876399311177,12.459802845476451,7.166056310902429,0.0,Inf,0.0,Inf
1236,50.944767185094726,58.62786263657123,0.0,0.0,5.471043794718964,9.141470368572364,2.7043950680325364,1.6905805737012882,12.69062434796095,7.239948371191455,0.0,Inf,0.0,Inf
1237,50.145293115446925,58.46859488366128,0.0,0.0,4.9594468939163345,9.13448979941295,2.663846504545416,1.6111110567461906,12.862525408155628,7.313611814004033,0.0,Inf,0.0,Inf
1238,49.37003856385569,58.42381916590535,0.0,0.0,4.82897660143451,9.126809548455256,2.6261508921441745,1.5662359148999192,12.975708587150624,7.378129010014403,0.0,Inf,0.0,Inf
1239,48.92530622266877,58.285892953237855,0.0,0.0,4.96544861131368,9.11876670373324,2.590165100521554,1.5494892726646492,13.041256041909987,7.433338072288077,0.0,Inf,0.0,Inf
1240,48.49773606004629,58.145520414174165,0.0,0.0,5.246186916468066,9.10982586628157,2.5539505902190194,1.5559902251626967,13.075116518510024,7.479951682116745,0.0,Inf,0.0,Inf
1241,48.28395431824656,57.92381531369042,0.0,0.0,6.187174607069413,9.096728184512868,2.5151247690471115,1.5784137278439725,13.09924297878779,7.514068635109241,0.0,Inf,0.0,Inf
1242,48.30762054604267,57.75373586170791,0.0,0.0,7.308808055474301,9.086536696591551,2.4719442378192333,1.6111376540401854,13.118217994026244,7.552037123625291,0.0,Inf,0.0,Inf
1243,48.2344468908463,57.635693975537706,0.0,0.0,8.051854377970002,9.076640712590859,2.4233982545311967,1.6310899069308153,13.123385983427184,7.594474293129843,0.0,Inf,0.0,Inf
1244,47.28967699534502,57.52106037945703,0.0,0.0,8.213297563251619,9.068223203037531,2.3687017041736484,1.645763548109667,13.110411866482643,7.64249149678671,0.0,Inf,0.0,Inf
1245,45.676237767951974,57.538209704243144,0.0,0.0,7.983084031275908,9.061519991912364,2.302986074230684,1.6640968163113552,13.10606118213489,7.8649176039955435,0.0,Inf,0.0,Inf
1246,44.93652282827618,57.47177397129883,0.0,0.0,7.58318630312878,9.055824579827677,2.2248549590772995,1.7226183044038659,13.121972826435888,8.157789677099334,0.0,Inf,0.0,Inf
1247,45.68420789316151,57.281494241366374,0.0,0.0,7.231666463972205,9.050532691195812,2.1336256114108654,1.8473781458181038,13.162112114495194,8.513880750487724,0.0,Inf,0.0,Inf
1248,45.97990758310183,57.138158471378354,0.0,0.0,7.482649092087774,9.040686828715218,2.077953881447886,1.9879300241097067,13.182070811580562,8.937156041807082,0.0,Inf,0.0,Inf
1249,45.8603206240363,57.05165267399194,0.0,0.0,8.586780549938323,9.031284825492879,2.0386693582289115,2.2029938408584826,13.168157800157525,9.406506797100743,0.0,Inf,0.0,Inf
1250,46.42291672201618,56.79990735200685,0.0,0.0,9.284056157293717,9.02633835419363,2.024739285886608,2.5451206989873465,13.0813477020157,9.896875222164626,0.0,Inf,0.0,Inf
1251,47.938672457733965,56.58749613259239,0.0,0.0,10.042471165845587,9.008603953856511,2.0809552181971456,3.1717675439259656,12.871749426431808,10.4059213430524,0.0,Inf,0.0,Inf
1252,49.37969425773853,56.315828273996345,0.0,0.0,11.88745060960594,9.000868670162333,2.1885892508616975,3.5371677922779914,12.44044569500278,10.736566821399874,0.0,Inf,0.0,Inf
1253,50.678639497127,56.15461280885829,0.0,0.0,12.39935174163851,9.002069635609182,2.325185550441837,3.7492967212855186,11.823232772582857,10.95381036465831,0.0,Inf,0.0,Inf
1254,51.50025655071687,56.07107185711113,0.0,0.0,11.629997189685835,9.006971964639355,2.476355477876839,3.8150224833054396,11.116697021726539,11.0763818090631,0.0,Inf,0.0,Inf
1255,51.86495041280164,56.043864498670324,0.0,0.0,10.325521305416698,9.016204494235623,2.6271213528545685,3.773778836516938,10.422868079770288,11.09661409277864,0.0,Inf,0.0,Inf
1256,51.97182210260269,56.058518062528684,0.0,0.0,8.832569870989488,9.017166682538697,2.7800110639879025,3.64608833199294,9.807593046799562,11.061399926086448,0.0,Inf,0.0,Inf
1257,52.002990454514766,56.06260222852209,0.0,0.0,7.595361235038493,9.014883459937092,2.9271795315232554,3.4456259663490627,9.282423922184677,10.977532495941082,0.0,Inf,0.0,Inf
1258,52.02128351604632,56.01696676808878,0.0,0.0,6.750071699496758,9.012734038382552,2.997098678117375,3.089320125746008,8.880167502792398,10.874114170265221,0.0,Inf,0.0,Inf
1259,52.0872774999086,55.954434969397546,0.0,0.0,6.327771274001736,9.006829522726898,3.008580045328789,2.8156893718264797,8.565581946392554,10.729967669186413,0.0,Inf,0.0,Inf
1260,52.019237001920445,55.87291334038742,0.0,0.0,6.338872901195575,9.001503195075728,2.9811840225774975,2.484399522004943,8.299078784004202,10.581626920660726,0.0,Inf,0.0,Inf
1261,51.82239997683617,55.85001322098392,0.0,0.0,6.608573739611903,8.99327277805522,2.92548652018349,2.220405052147385,8.054201321323601,10.445905162344088,0.0,Inf,0.0,Inf
1262,51.443420334743486,55.85788594394201,0.0,0.0,7.070483001673698,8.984192995892968,2.793542316936373,1.9152661907268589,7.866290549052892,10.324075358342503,0.0,Inf,0.0,Inf
1263,50.92524623462565,55.86686070156445,0.0,0.0,7.57553126177425,8.974848395235052,2.6184272269875013,1.7577845696839864,7.732880782647907,10.207270681165829,0.0,Inf,0.0,Inf
1264,50.07292853843419,55.875743111473575,0.0,0.0,7.8791610948257995,8.966203150027603,2.4207337529805693,1.6501669866838582,7.64572259644781,10.108228624960292,0.0,Inf,0.0,Inf
1265,47.30509484584789,55.97850492071571,0.0,0.0,8.03623595328312,8.958366693205711,2.2128079859904957,1.5819216198798298,7.615311762645512,10.00852691005851,0.0,Inf,0.0,Inf
1266,43.93743734026772,56.13393290414288,0.0,0.0,8.784626940444987,8.948394083027006,2.007838696954778,1.5280796935218304,7.624582091962638,9.926739273584852,0.0,Inf,0.0,Inf
1267,42.68912123222503,56.15225055883982,0.0,0.0,9.720725934907131,8.942213049595049,1.8100568011686151,1.5062974713407846,7.601367608096553,10.047199752216619,0.0,Inf,0.0,Inf
1268,42.71090285319818,56.03928890666075,0.0,0.0,10.609398086497663,8.932932641449266,1.6300684046526084,1.5115139362565977,7.624134353646633,10.2241433727967,0.0,Inf,0.0,Inf
1269,43.3410190807689,55.7949799049733,0.0,0.0,11.327127185189035,8.930820935095735,1.4995778671884328,1.446352590194266,7.7250345511247165,10.470935371381529,0.0,Inf,0.0,Inf
1270,43.87738566527038,55.62049264256927,0.0,0.0,11.160524485432235,8.934095736341918,1.3958052806726726,1.4097576300149242,7.9004099231094225,10.775649701106415,0.0,Inf,0.0,Inf
1271,44.50531166502177,55.462928253013644,0.0,0.0,10.454226885304829,8.93976153184623,1.3080007899100088,1.3855456035934826,8.114947813698013,11.117665976902762,0.0,Inf,0.0,Inf
1272,45.718050201792096,55.27290783788417,0.0,0.0,9.824311081861293,8.934815639357408,1.2371190914342558,1.392346192079041,8.345430530663435,11.48974198693335,0.0,Inf,0.0,Inf
1273,47.23822986469183,55.050433997361814,0.0,0.0,10.937339248685632,8.929187181901588,1.1823875116080118,1.3628737345108783,8.563405584624167,11.906007093445313,0.0,Inf,0.0,Inf
1274,48.7709133433758,54.924121130348404,0.0,0.0,12.009555539382403,8.934359040870728,1.1389820419835528,1.3042262773737532,8.50762681427706,12.10515317249282,0.0,Inf,0.0,Inf
1275,50.17842145030249,54.762781630475494,0.0,0.0,11.707290907198471,8.941303374927886,1.1033296157422974,1.2777858811735432,8.270321030382522,12.219461110813176,0.0,Inf,0.0,Inf
1276,51.7049614709149,54.694020286187325,0.0,0.0,10.546735983341838,8.950547479219829,1.071706602965239,1.2888828466662585,8.062072895537755,12.24479851423874,0.0,Inf,0.0,Inf
1277,53.34994119749664,54.585069861859466,0.0,0.0,9.141587675738801,8.954622273567074,1.070949101581257,1.2788924453238715,7.979592883496235,12.19247751643155,0.0,Inf,0.0,Inf
1278,55.26359950506828,54.52362377694123,0.0,0.0,7.932647793502417,8.951402623291658,1.0630365148625147,1.2377450293273078,8.059796142956474,12.07554484905266,0.0,Inf,0.0,Inf
1279,57.54530471247623,54.33754864056714,0.0,0.0,7.64967766859294,8.946823046385472,1.0485946453985597,1.2207847919951593,8.230721810026404,11.926177115190288,0.0,Inf,0.0,Inf
1280,60.40382354130849,54.27047629029183,0.0,0.0,8.19126608240945,8.938780183414366,1.0315326157056217,1.1915907764492855,8.371996530817883,11.762925426492801,0.0,Inf,0.0,Inf
1281,63.57735289413154,54.15423705873844,0.0,0.0,8.839312789434276,8.935114715303955,1.0043339867148111,1.0967461304043713,8.440656519901035,11.584262703464002,0.0,Inf,0.0,Inf
1282,66.99734301352048,53.92146643002688,0.0,0.0,8.984160247875232,8.932208826560283,0.9706614345743388,1.028587689135451,8.499890832069022,11.410479649892338,0.0,Inf,0.0,Inf
1283,70.05044954248005,53.73948247872876,0.0,0.0,8.646485155018173,8.927634434898193,0.9372009114583072,0.9913590277385658,8.659037770748458,11.04898747205443,0.0,Inf,0.0,Inf
1284,72.12101996037423,53.6854773979125,0.0,0.0,8.139233350543238,8.921239862316526,0.9030745848520765,0.9843421109369441,8.888253951362378,10.643490776318547,0.0,Inf,0.0,Inf
1285,73.18917357676305,53.73342349637529,0.0,0.0,8.185181750262918,8.914827400933293,0.8700351472154385,1.0007724749387348,9.126386688928749,10.234187111544733,0.0,Inf,0.0,Inf
1286,73.48113946657813,53.79341520894969,0.0,0.0,8.339148275368037,8.909440956132501,0.8408993997375792,1.0019231510627147,9.327982616985908,9.813981447476374,0.0,Inf,0.0,Inf
1287,73.45955198321013,53.66128142197502,0.0,0.0,8.44826134008416,8.901393909093382,0.8157090511135892,1.010946917835234,9.460062439563604,9.392778468636378,0.0,Inf,0.0,Inf
1288,73.6111803136355,53.498550514442286,0.0,0.0,8.84375479982756,8.89517936001792,0.8117680001443355,1.0004138966045935,9.503278128989686,8.978856549591521,0.0,Inf,0.0,Inf
1289,73.88022923024877,53.31441031845396,0.0,0.0,8.985224011208743,8.89076137689406,0.822139499044279,1.0114559291937573,9.466058699888816,8.57739662613428,0.0,Inf,0.0,Inf
1290,74.14331456406391,53.16083141352884,0.0,0.0,8.922245703095264,8.886167105486935,0.8426922374523645,1.0064007039162268,9.367463813141718,8.19501670019415,0.0,Inf,0.0,Inf
1291,74.18747690540367,52.96733569488984,0.0,0.0,8.26039810996856,8.884388003831518,0.852342526873815,1.0546426808528495,9.244231503982167,7.835392285450637,0.0,Inf,0.0,Inf
1292,73.98955134523543,52.794788177012464,0.0,0.0,7.598481373811985,8.881575039632786,0.8818251955712813,1.0765560374455887,9.08228182253222,7.499342324659911,0.0,Inf,0.0,Inf
1293,73.39666376251301,52.73238878007852,0.0,0.0,7.0213872398263995,8.878545893503734,0.9313460318430686,1.1081839700967424,8.850854764351963,7.21316092131096,0.0,Inf,0.0,Inf
1294,72.15087042701289,52.62687940876369,0.0,0.0,6.734060876374218,8.874394554237298,0.9814385273871981,1.1297498251885008,8.603932759454878,6.943779177611309,0.0,Inf,0.0,Inf
1295,70.3798479635556,52.5857196538074,0.0,0.0,6.707211635680484,8.868660724305471,1.0325999731136402,1.16109825212792,8.37301569230066,6.694902778186487,0.0,Inf,0.0,Inf
1296,68.20080811819616,52.52875050891704,0.0,0.0,6.880906458051487,8.859296396097,1.0881364242232552,1.1917430957822122,8.160346058693191,6.466999774929193,0.0,Inf,0.0,Inf
1297,65.70204549113006,52.44691420326223,0.0,0.0,9.84401827604463,8.834408819916955,1.1420089740688333,1.2047948017728318,7.956057026939835,6.257563744421764,0.0,Inf,0.0,Inf
1298,62.96568965553626,52.41379366342896,0.0,0.0,12.756158732673414,8.822423448809792,1.196346798847201,1.1879982848051505,7.766029958315493,6.056711793162887,0.0,Inf,0.0,Inf
1299,60.00405424572875,52.423118637749376,0.0,0.0,13.509670259845684,8.822826755127226,1.2482692846157584,1.1472436808383506,7.594952203667972,5.865303570736443,0.0,Inf,0.0,Inf
1300,57.19958927480395,52.27679068179824,0.0,0.0,12.327518248880287,8.830240699579987,1.293608917612861,1.1264091511618273,7.36567462102793,5.80812762855502,0.0,Inf,0.0,Inf
1301,54.64144106253104,52.086538046907634,0.0,0.0,10.424791862757012,8.836011348277438,1.3321550510210178,1.0839401246469726,7.129361858630797,5.795945220286692,0.0,Inf,0.0,Inf
1302,52.34394788471374,51.98326126049331,0.0,0.0,8.594905156468807,8.836546191439234,1.3377359343468362,0.9815596437725805,6.955312567902556,5.822686158354423,0.0,Inf,0.0,Inf
1303,50.297866936475266,51.8461773877073,0.0,0.0,7.215425278804529,8.832475288395461,1.3203957667521766,0.9084127368538553,6.849442099654204,5.854213260807635,0.0,Inf,0.0,Inf
1304,48.453126473476395,51.729013777900434,0.0,0.0,6.489650568364681,8.826652544546508,1.2871373950614848,0.8761427122151825,6.795020445122912,5.893978280501406,0.0,Inf,0.0,Inf
1305,46.7207266482947,51.62375027335553,0.0,0.0,6.331703801845773,8.819315328849571,1.2416712737991624,0.8551288746261654,6.773334737812552,5.939094999077776,0.0,Inf,0.0,Inf
1306,45.088091943707106,51.43917371551525,0.0,0.0,6.565080445561998,8.810874703771796,1.1873114227008892,0.8437314336420032,6.756417631438562,5.9830762549700935,0.0,Inf,0.0,Inf
1307,43.64663283021861,51.25476786412543,0.0,0.0,7.009465407199429,8.80183861014465,1.127150939745591,0.8442819709999344,6.728678353170065,6.021603556824324,0.0,Inf,0.0,Inf
1308,42.448627308872595,51.050790955520775,0.0,0.0,7.553249587593299,8.79178080726407,1.0634381759036424,0.8516507337764623,6.686747821476845,6.051638579275591,0.0,Inf,0.0,Inf
1309,41.960895170994256,50.78289444253123,0.0,0.0,7.894219636897243,8.782947236790484,0.9962125139494438,0.8916958703386336,6.669266179506484,6.198752885779402,0.0,Inf,0.0,Inf
1310,42.108726006994495,50.59809341852635,0.0,0.0,8.174178741950458,8.775201388667222,0.947834984821783,0.9617793360689799,6.669100948737633,6.388412662995889,0.0,Inf,0.0,Inf
1311,42.7634471404713,50.39919757689329,0.0,0.0,8.281776392955667,8.769488948264724,0.9109787918610283,1.021189301113285,6.698008438624835,6.616675567965066,0.0,Inf,0.0,Inf
1312,43.39035819194063,50.20816574919616,0.0,0.0,8.398241486137183,8.76284747543611,0.8864112255318021,1.1427723127975942,6.651640967273285,6.7340256993416565,0.0,Inf,0.0,Inf
1313,43.93395470258577,50.11144934303131,0.0,0.0,9.27969749105955,8.753378927129818,0.890851793359425,1.3126817584996553,6.515502666965576,6.831280079888056,0.0,Inf,0.0,Inf
1314,44.31025663410539,50.05298563961326,0.0,0.0,10.381218045926563,8.746559341885455,0.9151115957896541,1.423419982957122,6.313892670439608,6.904244537454497,0.0,Inf,0.0,Inf
1315,44.49688722156462,50.01790142587492,0.0,0.0,10.874079728006945,8.744347179287931,0.9525109375730774,1.4821165756380235,6.073230352145628,6.950609358886198,0.0,Inf,0.0,Inf
1316,44.49624047972032,49.99689556158721,0.0,0.0,10.55547988680252,8.742712138096085,0.9988439171625837,1.4952376278474935,5.820599709970104,6.972025735054766,0.0,Inf,0.0,Inf
1317,44.31275380262841,49.98638824437945,0.0,0.0,11.213588901495635,8.731108507530472,1.0511838670003903,1.4703471606005538,5.576211120651637,6.972082134376754,0.0,Inf,0.0,Inf
1318,43.94931187931032,49.989447978312285,0.0,0.0,13.043478044042855,8.727359459087719,1.10646449535212,1.407489742721003,5.348958358640043,6.927782819427966,0.0,Inf,0.0,Inf
1319,43.41561749800116,49.97425676872477,0.0,0.0,13.547401452081008,8.735806321322857,1.161310911186085,1.312111743503997,5.152910146163052,6.864596013594375,0.0,Inf,0.0,Inf
1320,42.84354096218708,49.84321792300808,0.0,0.0,12.556989471514209,8.747570999474227,1.1883407771893566,1.1171891342528917,5.017728092342418,6.788196230159025,0.0,Inf,0.0,Inf
1321,42.34259162302596,49.80568490101775,0.0,0.0,10.716500573421369,8.757331460354377,1.1950618852817254,0.9480249926069224,4.926132586173984,6.705487545441344,0.0,Inf,0.0,Inf
1322,41.75837752170127,49.797404126816595,0.0,0.0,8.767912582445483,8.762836790990017,1.1643266436036483,0.7405166197769373,4.885152895452567,6.621105733215857,0.0,Inf,0.0,Inf
1323,41.07882084690127,49.74427465301584,0.0,0.0,7.242649723707492,8.761513117213878,1.1095639923786857,0.6219682274563676,4.876925626223768,6.536157035458452,0.0,Inf,0.0,Inf
1324,40.76741123794558,49.673906727679686,0.0,0.0,6.287119576572316,8.757821729419938,1.0389387080617016,0.6235962870226871,4.855187992068751,6.587103442908141,0.0,Inf,0.0,Inf
1325,40.82537624804958,49.61359800005791,0.0,0.0,5.883148362535906,8.751226205939028,0.9613214556848476,0.6886489498583018,4.872415136628186,6.695851439270216,0.0,Inf,0.0,Inf
1326,41.15477075753966,49.516972675326954,0.0,0.0,6.620381185798811,8.74209871865764,0.8822623580012947,0.7242107177670559,4.959172427959304,6.8554652941172085,0.0,Inf,0.0,Inf
1327,41.77236729737257,49.204281508338475,0.0,0.0,7.915116239893065,8.732913420228066,0.8009704041096167,0.8186331252580039,5.145381639396418,7.060760324461445,0.0,Inf,0.0,Inf
1328,42.58503304482286,48.967436114031095,0.0,0.0,8.667050255734294,8.724853670975756,0.7348448779444302,0.8767325374558731,5.280731520719704,7.141551013475139,0.0,Inf,0.0,Inf
1329,43.381470892027735,48.84685920246686,0.0,0.0,8.847141359228397,8.720587442912226,0.685778272310134,0.8864370926086297,5.305050015656947,7.199133105833172,0.0,Inf,0.0,Inf
1330,43.984146402127415,48.76110918182177,0.0,0.0,8.592494437490018,8.714832996637856,0.6585248829196819,0.9364334875262312,5.223401840113909,7.221337366372205,0.0,Inf,0.0,Inf
1331,44.37033086295769,48.70573184888979,0.0,0.0,8.190198171073398,8.711322546360567,0.6504370102790544,0.9362455878713285,5.097810143500214,7.220732392465891,0.0,Inf,0.0,Inf
1332,44.39113277605548,48.70327436794192,0.0,0.0,7.719867557153092,8.706323050305663,0.6552644369405836,0.9084207050111994,4.959688346389414,7.195479444376579,0.0,Inf,0.0,Inf
1333,44.12987994952882,48.72862742584494,0.0,0.0,7.362733895474749,8.702339238498492,0.6675292640353075,0.8494584226246369,4.838157283810934,7.147079178917702,0.0,Inf,0.0,Inf
1334,43.73265043704701,48.744495266478836,0.0,0.0,7.1132069219929575,8.700028015837626,0.6839719300730426,0.7768297692568484,4.78519844000901,7.080958385772666,0.0,Inf,0.0,Inf
1335,43.30696423559719,48.73467385202554,0.0,0.0,7.163773003980774,8.694408799600604,0.6920616526875604,0.7000676960109753,4.83075697356533,7.002140754702411,0.0,Inf,0.0,Inf
1336,42.829555494161816,48.73509404293196,0.0,0.0,7.435105610355677,8.687154161848339,0.6917628472813908,0.642258779189133,4.933392166807226,6.918135640037281,0.0,Inf,0.0,Inf
1337,42.198134767300765,48.74302084235606,0.0,0.0,7.616103422793644,8.681417796533896,0.6860861071007935,0.6036977304179804,5.049345452202531,6.836249060320856,0.0,Inf,0.0,Inf
1338,41.3638106335951,48.75992634242259,0.0,0.0,7.745448869780517,8.675808783293137,0.6766103540340902,0.5868707605241995,5.134429593914092,6.757182459575941,0.0,Inf,0.0,Inf
1339,40.410274606644485,48.721435399649096,0.0,0.0,8.355956866318659,8.664449443847762,0.6643895700688299,0.5784429578122078,5.1765952349416375,6.681859155506497,0.0,Inf,0.0,Inf
1340,39.92263110118461,48.58143222195119,0.0,0.0,10.22171640250526,8.655635850537493,0.6503754641523541,0.5912640674011557,5.094472104495127,6.751316661490435,0.0,Inf,0.0,Inf
1341,40.08049525371382,48.48378101069584,0.0,0.0,11.455853892979093,8.6524632955826,0.6351656519525687,0.6043106912902102,4.9831896798972775,6.871260998453183,0.0,Inf,0.0,Inf
1342,40.751849170352536,48.359795870782904,0.0,0.0,11.898639709499326,8.652210363675552,0.6193680439188042,0.620383352066704,4.960077660306742,7.0364470712436935,0.0,Inf,0.0,Inf
1343,41.58895899147142,48.146197662465134,0.0,0.0,11.629253489145992,8.657398616681236,0.6006718789229094,0.6721254592455741,5.03187576833439,7.081173072800201,0.0,Inf,0.0,Inf
1344,42.49004816710113,47.93958406461416,0.0,0.0,10.70595971479165,8.667340792750531,0.58537262941968,0.6767754665751002,5.1225602228014315,7.109059320211818,0.0,Inf,0.0,Inf
1345,43.59113327628253,47.73193794990332,0.0,0.0,9.366795730906386,8.672711958141809,0.5696836983733371,0.6314133607540977,5.213699938276092,7.111288493349667,0.0,Inf,0.0,Inf
1346,44.73774461686178,47.64626119732385,0.0,0.0,8.239977821643759,8.674901109825543,0.5570572214204841,0.6103874048777599,5.297179408643132,7.100466800157657,0.0,Inf,0.0,Inf
1347,45.79768887770243,47.59181183851013,0.0,0.0,7.327755877952946,8.673795923644795,0.5492592131062757,0.622702856516409,5.368111381878418,7.0680835019649235,0.0,Inf,0.0,Inf
1348,46.7443284617855,47.56105425850855,0.0,0.0,6.679727580602967,8.672108030371978,0.5446416410349539,0.6084730526995472,5.4380498703436135,7.025080037071309,0.0,Inf,0.0,Inf
1349,47.67282636139304,47.44349986067014,0.0,0.0,6.405974709364533,8.668040525680027,0.5407403208172218,0.5851955886383106,5.495875396529847,6.970550296315885,0.0,Inf,0.0,Inf
1350,48.747440343564286,47.30417020997548,0.0,0.0,6.472559621549006,8.66251360759827,0.5379110709115639,0.64287557700556,5.568700900340741,6.900125442177815,0.0,Inf,0.0,Inf
1351,49.96178193697298,47.22970225332314,0.0,0.0,6.761563079045151,8.655677521890558,0.5186599568932675,0.6952502908370122,5.683059391872308,6.818594503957041,0.0,Inf,0.0,Inf
1352,51.185462081131334,47.164711187389095,0.0,0.0,7.210845654936777,8.646556169864922,0.5157484357535206,0.7442545438079766,5.788465825941651,6.765936429947088,0.0,Inf,0.0,Inf
1353,52.340558750640774,47.05311014615383,0.0,0.0,8.207594488889962,8.635176078727158,0.5236397290316454,0.7925513046978963,5.863140872674609,6.725181050957066,0.0,Inf,0.0,Inf
1354,53.463480722966544,46.97553813630861,0.0,0.0,9.32113923202107,8.628162383720817,0.5390102907531484,0.8074150308156195,5.8713937365583835,6.696331103061768,0.0,Inf,0.0,Inf
1355,54.67556136306975,46.72656656380413,0.0,0.0,9.927042270507924,8.621138806610341,0.5570919519111481,0.8193087374622715,5.800971726092515,6.690376289082675,0.0,Inf,0.0,Inf
1356,56.153436010507164,46.59030091193742,0.0,0.0,10.116765982394558,8.611880540285528,0.5848358130358445,0.8155387317766501,5.694703390324754,6.679782817802119,0.0,Inf,0.0,Inf
1357,57.274894998566545,46.50744159188684,0.0,0.0,11.20820201841944,8.603202518292246,0.6187899078407346,0.8125211149254801,5.659823368105388,6.536425868760319,0.0,Inf,0.0,Inf
1358,57.946044436663755,46.454000248213454,0.0,0.0,11.633841418837807,8.60304903087458,0.6554608498150346,0.791956268818572,5.7097119126510165,6.3578619633722,0.0,Inf,0.0,Inf
1359,58.24269278453078,46.34572344048553,0.0,0.0,11.127817291861613,8.60694210757929,0.6926093740201533,0.778160506811787,5.872322002882504,6.153252813587555,0.0,Inf,0.0,Inf
1360,58.28779931708175,46.30825950569163,0.0,0.0,10.079256706622225,8.610403822326562,0.7153900739060014,0.7672112177639716,6.138682415036119,5.927331397627669,0.0,Inf,0.0,Inf
1361,58.1324224633906,46.29996847832392,0.0,0.0,9.335261600261608,8.608474982693107,0.7295414647498799,0.7782038477424305,6.465616416245012,5.686043092707562,0.0,Inf,0.0,Inf
1362,57.805721019884125,46.30076724322816,0.0,0.0,9.088462777197227,8.60628299454517,0.7274237114541895,0.754549353517663,6.825480073691312,5.432805945656422,0.0,Inf,0.0,Inf
1363,57.34880142204517,46.28876000932579,0.0,0.0,8.953792744943462,8.6027765907369,0.721894908573614,0.7800347330441413,7.098271899808484,5.193210865922011,0.0,Inf,0.0,Inf
1364,56.76924140091418,46.26987843529977,0.0,0.0,9.232473405039809,8.597275042327746,0.7202757535880234,0.773782256476827,7.239118440267583,4.959042772079497,0.0,Inf,0.0,Inf
1365,56.09233923240577,46.20087785824712,0.0,0.0,9.437155453059159,8.59180712446224,0.7217773689448113,0.7740349202502514,7.246584596717176,4.7361133887724005,0.0,Inf,0.0,Inf
1366,54.922187423415686,46.20065826150374,0.0,0.0,9.367444119892744,8.58753998899452,0.7253628254724562,0.7715839710237127,7.143275310944292,4.528942998381515,0.0,Inf,0.0,Inf
1367,52.924922704916575,46.3690546556585,0.0,0.0,8.878665999875723,8.585068164274338,0.7313149210080626,0.7811580931117761,6.78588418397671,4.4386506806833514,0.0,Inf,0.0,Inf
1368,50.76193198239102,46.56784265035761,0.0,0.0,8.309550314571228,8.580898931552083,0.7367245805571121,0.7409361943383372,6.310129450155434,4.3930429921258725,0.0,Inf,0.0,Inf
1369,49.68267259413491,46.50149981635857,0.0,0.0,7.739337739941748,8.577306421456331,0.7384227478581744,0.7063649524438114,5.849889310731535,4.38614829814029,0.0,Inf,0.0,Inf
1370,48.70277780801777,46.330156351003446,0.0,0.0,7.260937829169363,8.574086433651752,0.7377759783851238,0.6564665712174717,5.49909309071882,4.40671215699792,0.0,Inf,0.0,Inf
1371,47.43328399325329,46.25108110075769,0.0,0.0,6.920928148829181,8.570979463716666,0.7364838307890328,0.6251852549350487,5.286015947816818,4.452104047842086,0.0,Inf,0.0,Inf
1372,46.30543481744984,46.22444685890954,0.0,0.0,6.909417059720407,8.566573809206655,0.7342021348847916,0.5935525264260297,5.200023051098202,4.492285249584103,0.0,Inf,0.0,Inf
1373,45.629082075599335,46.18392707425483,0.0,0.0,7.117354799661075,8.56063034499793,0.7181895973772642,0.5759430241589262,5.203711458522642,4.533876107603927,0.0,Inf,0.0,Inf
1374,45.28360996873245,45.94386840677239,0.0,0.0,7.762075636931736,8.549843335323933,0.6931423750819639,0.56857203254448,5.248267994528525,4.573290490216484,0.0,Inf,0.0,Inf
1375,44.98669638295466,45.74980509920484,0.0,0.0,9.006335944906299,8.541129742174828,0.6634874861521894,0.5816730747809408,5.306751502261897,4.599991991539683,0.0,Inf,0.0,Inf
1376,44.57283318562997,45.63156126120185,0.0,0.0,9.881505055991036,8.534617618711106,0.6424532784787367,0.5975857595864896,5.365281059333746,4.624722511477463,0.0,Inf,0.0,Inf
1377,44.184056703005325,45.398539885971516,0.0,0.0,10.155509716038548,8.531660976536033,0.6268149185510417,0.6027793361448757,5.417931816056227,4.643616251165524,0.0,Inf,0.0,Inf
1378,44.00832522402843,45.2667422937573,0.0,0.0,9.966887356802065,8.528120337282637,0.6139802872481891,0.6109451095858381,5.458458266199184,4.6599093436904235,0.0,Inf,0.0,Inf
1379,43.85052424870846,45.10524304439531,0.0,0.0,10.238751855788035,8.523470684213985,0.6009773717126756,0.602737416026882,5.478370010818298,4.668318923553224,0.0,Inf,0.0,Inf
1380,42.75684805496683,45.066846883127816,0.0,0.0,10.220577946050886,8.522857048794867,0.5879201265750416,0.6299352218529283,5.485215445660345,4.671035895180178,0.0,Inf,0.0,Inf
1381,40.705974596728,45.23327659720237,0.0,0.0,9.975827711286641,8.523177526812876,0.5816810075789816,0.6351046564622084,5.4744252992589,4.675970588407665,0.0,Inf,0.0,Inf
1382,38.58909863907372,45.5298542626579,0.0,0.0,9.493736897077648,8.523353126295868,0.5794153869074591,0.635844855331659,5.447786884478523,4.677087693469011,0.0,Inf,0.0,Inf
1383,36.27141723386275,45.73357173357871,0.0,0.0,8.906897059229413,8.522454715382821,0.5800846647216427,0.6301984328931617,5.416090766554773,4.673887397111324,0.0,Inf,0.0,Inf
1384,34.8905386077639,45.65664806370356,0.0,0.0,8.367550578816669,8.520455943640513,0.5822642171605075,0.6261450626259735,5.426317733036216,4.769832334384636,0.0,Inf,0.0,Inf
1385,35.14814550755341,45.459341781357324,0.0,0.0,7.962509252236806,8.518077091304425,0.5860160545924712,0.6723067340673426,5.4931674885421256,4.898840531936026,0.0,Inf,0.0,Inf
1386,36.04494007863067,45.23473364304145,0.0,0.0,8.30655795182118,8.508211130237218,0.5917326500917843,0.7128796764797775,5.628708773062462,5.064743166871549,0.0,Inf,0.0,Inf
1387,37.27062388793742,44.83155665645795,0.0,0.0,10.040962014760419,8.499170274241528,0.6066794314706812,0.7498279902180266,5.83228232906715,5.255611256488984,0.0,Inf,0.0,Inf
1388,38.52342632687877,44.50605900837521,0.0,0.0,11.703738747991398,8.494330506306804,0.6283410820108604,0.788528455563779,6.098019463661624,5.472768954229834,0.0,Inf,0.0,Inf
1389,39.62793498529485,44.253655931985,0.0,0.0,12.147346722342787,8.496005643836082,0.6559571193511675,0.7908237540166883,6.222023125445507,5.587684782353639,0.0,Inf,0.0,Inf
1390,40.3064627314377,44.167768641189355,0.0,0.0,11.932464086125497,8.498270830886357,0.6878547560898323,0.7857707340451539,6.1995062238734295,5.681980241719267,0.0,Inf,0.0,Inf
1391,40.88184621030135,44.066643189097555,0.0,0.0,11.385954142505282,8.502332036938396,0.7095446209994908,0.7885057691105027,6.076974180375841,5.7525249215718155,0.0,Inf,0.0,Inf
1392,41.27886388835728,44.02536083080632,0.0,0.0,10.401431266596234,8.509442127051356,0.7247555235096032,0.7390855516992063,5.899647419620169,5.800922680095195,0.0,Inf,0.0,Inf
1393,41.57822028789552,43.97828076894482,0.0,0.0,9.230502793174209,8.515268352586576,0.7346510575019799,0.6942620695149069,5.709538572035212,5.830544249574223,0.0,Inf,0.0,Inf
1394,41.81342901461429,43.842247661425745,0.0,0.0,8.023293042678631,8.515787330861981,0.7435036402028099,0.6575464379086439,5.53916400817714,5.838783132744906,0.0,Inf,0.0,Inf
1395,42.012208957258466,43.74787289540918,0.0,0.0,7.013788463692397,8.514484826218549,0.750670625926438,0.6226881542431609,5.426568320030585,5.837971193239479,0.0,Inf,0.0,Inf
1396,42.22511474436587,43.5180582684139,0.0,0.0,6.356209156106473,8.511133968013638,0.746415654458584,0.6453886808834193,5.382767782091557,5.823725492309945,0.0,Inf,0.0,Inf
1397,42.42649151891319,43.42295572014221,0.0,0.0,6.1021617155518175,8.50522627310734,0.7461915755266744,0.6806172838000365,5.394418277609671,5.807213487885103,0.0,Inf,0.0,Inf
1398,41.7650659932967,43.30935524374994,0.0,0.0,6.072027840407942,8.500552570831019,0.7450619968016542,0.6418591097325231,5.437551337222726,5.789318516454202,0.0,Inf,0.0,Inf
1399,40.34815185233099,43.26926085380543,0.0,0.0,6.276296454509378,8.492879948887005,0.7430139198727379,0.6345308597340564,5.500461075207115,5.77199380958765,0.0,Inf,0.0,Inf
1400,38.197849775095854,43.42586969040247,0.0,0.0,6.662973102165482,8.48449270966395,0.740910255873921,0.6204064195680826,5.56109653091661,5.75340216254232,0.0,Inf,0.0,Inf
1401,36.92515443392414,43.45635718808865,0.0,0.0,7.105727061424106,8.474286717249653,0.7423466091441641,0.6073675937334928,5.639816425988103,5.728610067967665,0.0,Inf,0.0,Inf
1402,37.31740745931374,43.36194924179197,0.0,0.0,8.268822466125988,8.463126553618899,0.7304687706317304,0.6405241345130436,5.736930978863284,5.712690395688368,0.0,Inf,0.0,Inf
1403,38.36618748319105,43.15815804842408,0.0,0.0,9.251518737041662,8.455611608944242,0.7229639485626047,0.6285361115284428,5.811796124174622,5.700927494941664,0.0,Inf,0.0,Inf
1404,39.104155382209264,42.95611763693011,0.0,0.0,9.72638839652652,8.448546573157294,0.7187561855812545,0.6167648744120895,5.8601880186648305,5.691339591646116,0.0,Inf,0.0,Inf
1405,39.45536685551459,42.74432774110724,0.0,0.0,9.704663915849348,8.439365658261753,0.7166934372257258,0.5893077582689832,5.886522377763718,5.6831222216396124,0.0,Inf,0.0,Inf
1406,39.531994511919365,42.58606176096387,0.0,0.0,11.32958142988392,8.425000643809478,0.7005286404840825,0.6024409667998425,5.918642193365448,5.672133818598752,0.0,Inf,0.0,Inf
1407,39.598796710622274,42.48493340931882,0.0,0.0,12.408513347816767,8.424581334934597,0.6906380690654474,0.5771061173838391,5.950823937372435,5.665759091128258,0.0,Inf,0.0,Inf
1408,39.46748220322358,42.36093563586901,0.0,0.0,12.357951773547557,8.426838889662617,0.685341594316655,0.5448235559215312,5.976219121772844,5.660893239332269,0.0,Inf,0.0,Inf
1409,39.43956336894597,42.094808604095554,0.0,0.0,11.714386490893911,8.432893445767716,0.6710984670237645,0.5351867306563685,6.005705925435398,5.657752774539048,0.0,Inf,0.0,Inf
1410,39.69999237400652,41.95161514196227,0.0,0.0,10.535303991043198,8.438552012270069,0.6506793486624016,0.5425659817649738,6.03824495548577,5.655886378646158,0.0,Inf,0.0,Inf
1411,40.06945902535919,41.838836908509045,0.0,0.0,9.077559989998871,8.443353054807549,0.6302598326267278,0.570150883088845,6.067534848726961,5.646260677422001,0.0,Inf,0.0,Inf
1412,40.39097403064277,41.723300976425776,0.0,0.0,7.973151396421496,8.445226799590916,0.6166946612680221,0.6350221078220637,6.1132229450203734,5.6366422819936775,0.0,Inf,0.0,Inf
1413,40.54533517844143,41.65707635274458,0.0,0.0,7.027109751322276,8.442418300945574,0.6086184059521139,0.6716544828351333,6.157459893172484,5.632030929302942,0.0,Inf,0.0,Inf
1414,40.47332434557309,41.608153396042525,0.0,0.0,6.47268368743935,8.43857736582015,0.6087150132594588,0.681946274667974,6.1905700877449386,5.622987597449219,0.0,Inf,0.0,Inf
1415,40.34949636873748,41.33184791594186,0.0,0.0,6.270431305784771,8.433049750606258,0.6125891235051288,0.6978290195959039,6.205157813524654,5.621437916802801,0.0,Inf,0.0,Inf
1416,40.439282034258575,41.19357257470706,0.0,0.0,6.347801269506346,8.426291763402034,0.6184366890313993,0.7057050039369318,6.196804502985113,5.621415067028317,0.0,Inf,0.0,Inf
1417,40.64312285642268,41.131875619178665,0.0,0.0,6.622627442289639,8.418539425029923,0.625155245244999,0.7032663890064017,6.169503273420926,5.622576862080013,0.0,Inf,0.0,Inf
1418,40.84759243197846,41.078793784111966,0.0,0.0,7.064713795705062,8.409680911613442,0.6321337665365206,0.6941755164872353,6.130484100427045,5.624275862461936,0.0,Inf,0.0,Inf
1419,41.010342083950746,40.9543355260338,0.0,0.0,7.270136200982865,8.402487447663,0.6384073841303568,0.6701793718559703,6.085833083748771,5.626558949301106,0.0,Inf,0.0,Inf
1420,41.19422189891324,40.853716905928806,0.0,0.0,7.453802305967336,8.39561233474858,0.6436842870798883,0.6493956750271569,6.04257262695383,5.628055198812784,0.0,Inf,0.0,Inf
1421,41.30603263218482,40.80644322903492,0.0,0.0,7.543677180930282,8.39007662656386,0.6469731221886925,0.6221462907746218,6.004474211645496,5.629489660839866,0.0,Inf,0.0,Inf
1422,41.27959949040479,40.761943922565166,0.0,0.0,7.596530860005217,8.385289760692793,0.6487101334117026,0.59520669280964,5.972641725154565,5.630599779773917,0.0,Inf,0.0,Inf
1423,41.144427521924406,40.709707147362444,0.0,0.0,7.6568006832959465,8.380639593781956,0.6496821953814287,0.5715789211406261,5.948339907672181,5.6302831434505585,0.0,Inf,0.0,Inf
1424,41.02126285260235,40.47810531995653,0.0,0.0,7.720172104755022,8.376269482934667,0.6514135392281991,0.5504452153094724,5.948193519543022,5.626499355677534,0.0,Inf,0.0,Inf
1425,41.082935663962054,40.279287055367114,0.0,0.0,7.7569592874038955,8.372760574897123,0.6517463279201617,0.5297035787172724,5.961003649917556,5.625639641131063,0.0,Inf,0.0,Inf
1426,41.32317185080555,40.16636275200598,0.0,0.0,7.821361832496104,8.368818779481352,0.6391355006001402,0.5236990204277155,5.98586194615522,5.6249557883520085,0.0,Inf,0.0,Inf
1427,41.59048607152037,40.095743849878076,0.0,0.0,7.845213875972397,8.365804229320716,0.6185031049259312,0.5220352422667585,6.0100333094672775,5.624954660347162,0.0,Inf,0.0,Inf
1428,41.79187674927199,40.046050584419945,0.0,0.0,7.891604121579689,8.36283112747702,0.6047429769983499,0.5076600623467298,6.01847750163546,5.625084057586052,0.0,Inf,0.0,Inf
1429,41.897672782402005,40.00052994803271,0.0,0.0,7.921059242571255,8.359767712978194,0.5947962879494125,0.4925884026443609,6.019916874014245,5.622569209553965,0.0,Inf,0.0,Inf
1430,41.97081653889767,39.84905372761801,0.0,0.0,7.944189733601351,8.356919015148733,0.5765094495583581,0.5286926586615545,6.044788392560592,5.61635108623582,0.0,Inf,0.0,Inf
1431,42.09576306773527,39.76879560373415,0.0,0.0,7.968439391093647,8.354244155780695,0.5645512275634939,0.5706057900577891,6.080150221149796,5.6117170701749695,0.0,Inf,0.0,Inf
1432,42.19636053490196,39.69792360594056,0.0,0.0,7.9871913083472155,8.351607952829442,0.5558638731567134,0.5836194017575728,6.107454401438546,5.609841364549485,0.0,Inf,0.0,Inf
1433,42.24764938707502,39.58625702736455,0.0,0.0,8.002548848667404,8.34902492309504,0.5522758824058648,0.5901909594020236,6.113320125853471,5.6086661040434,0.0,Inf,0.0,Inf
1434,42.33700017921795,39.486766541305144,0.0,0.0,8.01983245487028,8.346454127043886,0.5515613391700807,0.5921722754825002,6.099166475073349,5.608408585832222,0.0,Inf,0.0,Inf
1435,42.43755543313657,39.4390657771541,0.0,0.0,8.029529305414288,8.34425166785471,0.5522038048882039,0.5897330773782373,6.069866439286363,5.608880315553174,0.0,Inf,0.0,Inf
1436,42.5549451686292,39.30048109063889,0.0,0.0,8.03849746560874,8.341792877474951,0.5537902096776177,0.5839458627834403,6.031940297003184,5.609516348568793,0.0,Inf,0.0,Inf
1437,42.788044506627415,39.21627170737611,0.0,0.0,8.046052879028004,8.339434748893199,0.5557756382905831,0.5759629044288367,5.99101395671441,5.610219500034782,0.0,Inf,0.0,Inf
1438,43.07348756813059,39.13787773120126,0.0,0.0,8.229737436834204,8.334126551676778,0.5598247649721901,0.5548151319508293,5.957955907858329,5.607832178234439,0.0,Inf,0.0,Inf
1439,43.35910199100673,39.081162838731345,0.0,0.0,9.083058474712482,8.329720010819159,0.5640258684905851,0.5353802007223686,5.945069026760891,5.6061428421454105,0.0,Inf,0.0,Inf
1440,43.58521973949282,39.03288479924458,0.0,0.0,9.772009049870439,8.325679248972245,0.5700295686661908,0.5246630341529747,5.9454022985091886,5.602087997288751,0.0,Inf,0.0,Inf
1441,43.7410538887642,38.99061555592857,0.0,0.0,9.95794623614308,8.324742429715512,0.5776210190647306,0.5498849945487045,5.969844541772489,5.5956848305796685,0.0,Inf,0.0,Inf
1442,43.847495192197876,38.94284880530878,0.0,0.0,9.750542129275102,8.324247874675743,0.582568600820612,0.5590633595340083,6.005889608044423,5.593470873102094,0.0,Inf,0.0,Inf
1443,43.93214089546449,38.90685051349275,0.0,0.0,9.319027433279578,8.32394904917171,0.5853143542191588,0.5609007630708329,6.0330277993931904,5.592320802175116,0.0,Inf,0.0,Inf
1444,43.997483000422335,38.867966148198384,0.0,0.0,8.845221331127009,8.322967975727181,0.5870311245779313,0.5411423551009306,6.045804191134924,5.589357845420469,0.0,Inf,0.0,Inf
1445,44.063478485369444,38.8114534395854,0.0,0.0,8.450088550181093,8.321095039789373,0.5885790821076301,0.5138624580736358,6.058872162743448,5.5856772052240995,0.0,Inf,0.0,Inf
1446,44.075987336752675,38.76980692639064,0.0,0.0,8.182211572264222,8.318685921023462,0.5888325493000266,0.5024853883758852,6.065355006752855,5.584721558892648,0.0,Inf,0.0,Inf
1447,43.098067304193044,38.84824185272156,0.0,0.0,8.039886615288127,8.315849148374598,0.5882385797265193,0.4929913267285945,6.060390180452225,5.584444119597569,0.0,Inf,0.0,Inf
1448,41.61829814625555,38.99522255266604,0.0,0.0,8.062740254638989,8.310423483436683,0.5890378149836133,0.4369734675207218,6.056765317577942,5.578429149599765,0.0,Inf,0.0,Inf
1449,40.81341571933465,39.038846885282155,0.0,0.0,9.496849449299923,8.297740591018403,0.5790067103971897,0.42296540544753924,6.078377961468093,5.573415559772562,0.0,Inf,0.0,Inf
1450,40.98201508011911,38.83206222398377,0.0,0.0,11.72625422802449,8.290797847268003,0.562149383211562,0.42368250840616434,6.114080733409885,5.571008198967825,0.0,Inf,0.0,Inf
1451,41.29744432916581,38.67319008035161,0.0,0.0,12.45600521105589,8.293421531474117,0.5404061557064406,0.4345564317455121,6.14609776580714,5.570010938103739,0.0,Inf,0.0,Inf
1452,41.344351772242895,38.570092226382435,0.0,0.0,12.265086000657696,8.299055977520435,0.5168612545516685,0.4431456794007786,6.176812121714498,5.564470166383464,0.0,Inf,0.0,Inf
1453,41.50008907601085,38.44788841657858,0.0,0.0,11.330943539284847,8.30776582000656,0.5017142264890264,0.43261051656409555,6.2182587109592165,5.560820217282798,0.0,Inf,0.0,Inf
1454,41.558267549514426,38.309362579271436,0.0,0.0,9.940991438290007,8.314369996393346,0.49044264460527076,0.41357802184348075,6.253291888095245,5.55925274354867,0.0,Inf,0.0,Inf
1455,41.70905475207529,38.26493217001825,0.0,0.0,8.624905285014826,8.316807708206204,0.48005191229009925,0.38149008687676966,6.278665273096396,5.553393677345969,0.0,Inf,0.0,Inf
1456,41.20978668740272,38.27515883886566,0.0,0.0,7.584171832908245,8.314996447617217,0.45656365868818055,0.5409166374234772,6.313595597055305,5.543964495439954,0.0,Inf,0.0,Inf
1457,40.23741285720501,38.295918870970816,0.0,0.0,6.873745145328879,8.312763005683944,0.4443581141200457,0.6026467860310709,6.325199941421417,5.540788868432862,0.0,Inf,0.0,Inf
1458,39.6562101571388,38.34133746544002,0.0,0.0,6.498818061800829,8.308254344584306,0.44894392197886945,0.6500028815463154,6.2988694641709255,5.538088981939696,0.0,Inf,0.0,Inf
1459,40.106635156329105,38.22232727142204,0.0,0.0,6.537326998193786,8.301961133328104,0.463617139039362,0.6853213385007471,6.241746230140909,5.536045187211699,0.0,Inf,0.0,Inf
1460,40.7521891379435,38.06803199632911,0.0,0.0,6.718898871590649,8.296131632438682,0.4838844515616718,0.7176187283607612,6.162956190058136,5.53431857509402,0.0,Inf,0.0,Inf
1461,40.997472203223595,38.00695006343448,0.0,0.0,7.087208062359153,8.288042903828284,0.5093624050005582,0.7203139088416946,6.079207859094961,5.52958583146918,0.0,Inf,0.0,Inf
1462,40.19711376737688,37.96402492826689,0.0,0.0,7.3116703750035,8.280910870171754,0.537894604417199,0.7105073397507652,6.007105788786305,5.526536463462743,0.0,Inf,0.0,Inf
1463,38.32364077002826,38.18065055023722,0.0,0.0,7.462377744321478,8.274990181915976,0.568085997899927,0.6892184592266808,5.940310966438248,5.524442650801195,0.0,Inf,0.0,Inf
1464,37.29884797878008,38.36221654702235,0.0,0.0,7.567928627668183,8.26978665333234,0.6006722118995846,0.6444959238022456,5.878622469793678,5.519922435647964,0.0,Inf,0.0,Inf
1465,37.537000117199696,38.342678435794774,0.0,0.0,7.639940696447388,8.264997580874638,0.6232175899421183,0.6005851762492396,5.848968064939838,5.514637770688014,0.0,Inf,0.0,Inf
1466,37.1104356377604,38.26192006778521,0.0,0.0,7.694808692383874,8.260671611602502,0.635392498958963,0.5790176327389048,5.8373642215530035,5.512334512053333,0.0,Inf,0.0,Inf
1467,36.0297871611893,38.232354570345464,0.0,0.0,7.741129485012619,8.256747408045822,0.6410328427170774,0.5704961461254935,5.83157979127419,5.509475924980189,0.0,Inf,0.0,Inf
1468,34.79939338532434,38.20174885274239,0.0,0.0,8.627163403874976,8.244716418947643,0.6418654027342526,0.5679834907421321,5.82564524289925,5.507695206751987,0.0,Inf,0.0,Inf
1469,34.73534730554567,38.013767438664004,0.0,0.0,10.435570693657207,8.236184523375869,0.6394889263274365,0.5662432571889032,5.818161464045891,5.506328925113162,0.0,Inf,0.0,Inf
1470,34.994402487176366,37.83957002795098,0.0,0.0,11.081494490304882,8.237195743654608,0.6346027291584926,0.5604793270857724,5.809441307891252,5.505558078786824,0.0,Inf,0.0,Inf
1471,33.668119283584986,37.79421193661432,0.0,0.0,10.689463201048408,8.242496111194539,0.6294609430924585,0.5563815310360247,5.8018150824152634,5.5032697710563,0.0,Inf,0.0,Inf
1472,31.26454366626172,37.92284208985575,0.0,0.0,9.878715951714828,8.242648767428314,0.6301973045996132,0.631802791191853,5.8133592318871745,5.493377592780046,0.0,Inf,0.0,Inf
1473,29.85764840999676,38.05181055636268,0.0,0.0,10.035513348177586,8.241918760776498,0.6301967745731106,0.6717082437155322,5.845074375859946,5.607675291552062,0.0,Inf,0.0,Inf
1474,30.126614235135524,37.9880175981608,0.0,0.0,9.96717071694452,8.244804884137274,0.6314724230627257,0.7060578026292679,5.9182578147557,5.763554629891838,0.0,Inf,0.0,Inf
1475,31.027251987892374,37.732563376405665,0.0,0.0,9.402826227291108,8.249130369683481,0.6242531792171025,0.7543030448322252,6.063273106325413,5.950808318975315,0.0,Inf,0.0,Inf
1476,32.01115702053822,37.49420141889749,0.0,0.0,8.712780213824395,8.253407751146069,0.6335115731364072,0.7775833262913762,6.295064033642478,6.173989267068835,0.0,Inf,0.0,Inf
1477,32.33627790623267,37.365306890680465,0.0,0.0,7.911274549901617,8.254131779196886,0.6534228720643682,0.7714193361895366,6.4458920813754865,6.290263560391227,0.0,Inf,0.0,Inf
1478,33.03265291663753,37.15738063744211,0.0,0.0,7.141633929610327,8.253663583176612,0.6670542993114319,0.7542323131306927,6.490771956731675,6.385376777125321,0.0,Inf,0.0,Inf
1479,33.316065293875106,37.0848055209134,0.0,0.0,6.522266148366993,8.25299452928157,0.6676921742021102,0.7942449319912622,6.440332519621339,6.453746277382204,0.0,Inf,0.0,Inf
1480,33.27962251700686,36.97232153827228,0.0,0.0,6.169049216979042,8.250177408808163,0.67009533799017,0.7925161051518066,6.335140859200171,6.504224703510094,0.0,Inf,0.0,Inf
1481,33.38072107949148,36.907687305744005,0.0,0.0,6.16936625918321,8.244511006544231,0.673547620008795,0.8018433729016988,6.195354834683611,6.536330149353736,0.0,Inf,0.0,Inf
1482,32.21720324404012,36.91020211182078,0.0,0.0,6.2308600038170034,8.240276770181573,0.6687304894261328,0.7757650748016807,6.044462026463685,6.54853574882409,0.0,Inf,0.0,Inf
1483,29.437707587000162,37.10872347383734,0.0,0.0,6.533676680667931,8.233129219928838,0.6648549206164229,0.7786852658513952,5.91598843114608,6.551641143484362,0.0,Inf,0.0,Inf
1484,27.624538619592993,37.239719088805,0.0,0.0,6.927458125600568,8.225480688975182,0.6633742697453373,0.7983421092534083,5.8744940573432975,6.68165281506045,0.0,Inf,0.0,Inf
1485,28.36913751886375,37.153647327754356,0.0,0.0,7.198349000990084,8.216796455506218,0.6793054026486448,0.8338997915055247,5.876554394673752,6.852063872848017,0.0,Inf,0.0,Inf
1486,30.375674431545335,36.81793755673164,0.0,0.0,8.192853885685457,8.208417906483254,0.7084234152493234,0.8657769555064444,5.939854649622247,7.053847199829232,0.0,Inf,0.0,Inf
1487,31.918476029735103,36.56020620388066,0.0,0.0,9.093569020211264,8.202787085400447,0.7469976065159076,0.8972223794572352,6.127775051587779,7.286586385334164,0.0,Inf,0.0,Inf
1488,33.22408098230203,36.369645518743226,0.0,0.0,9.535667315459992,8.197375378747422,0.7909523057767891,0.8611720900516041,6.231641064441068,7.407390156272612,0.0,Inf,0.0,Inf
1489,34.80971332291095,36.19740797725765,0.0,0.0,9.505095958053241,8.193276097894474,0.8242363803160979,0.7866089682015734,6.233767418044111,7.49655626871966,0.0,Inf,0.0,Inf
1490,36.27211187400202,35.94144688837449,0.0,0.0,9.210051772355738,8.190122060134943,0.8459653825814748,0.7315182479020869,6.1371209386466266,7.534352295681301,0.0,Inf,0.0,Inf
1491,37.947041581636796,35.83745679211691,0.0,0.0,8.794494326417732,8.186634425001495,0.8608001708210404,0.6745689415308112,5.960623771362034,7.53787857976644,0.0,Inf,0.0,Inf
1492,39.7180810487917,35.770100033210596,0.0,0.0,8.604186948903154,8.179727557632827,0.8505843630481208,0.5918569561787771,5.791030486456964,7.51314178168545,0.0,Inf,0.0,Inf
1493,41.43728769705227,35.73070073432674,0.0,0.0,9.179703722430045,8.174743886066306,0.8245171340007609,0.5240986144831534,5.662835801124878,7.4679492737240185,0.0,Inf,0.0,Inf
1494,42.98864554607933,35.71388992741639,0.0,0.0,9.683310982500538,8.170048241412085,0.7888595271450956,0.4778153290567918,5.582927667377579,7.405315562136939,0.0,Inf,0.0,Inf
1495,44.11398197643573,35.729423065459066,0.0,0.0,9.961249809107203,8.165799523382846,0.7479038725927332,0.44882931544972726,5.60689939166978,7.190892849830906,0.0,Inf,0.0,Inf
1496,44.919976973343765,35.772729906213435,0.0,0.0,9.451372758849118,8.16432521779808,0.7000182831571088,0.38107770676115327,5.854975279270509,6.929906887945319,0.0,Inf,0.0,Inf
1497,45.46292603642854,35.836403091408414,0.0,0.0,9.635963002705218,8.16258242290826,0.6515962450282847,0.38516705407796104,6.282973487517599,6.658833075338587,0.0,Inf,0.0,Inf
1498,45.855368463273216,35.817140117424586,0.0,0.0,9.791139454210475,8.16018350857263,0.5994544789306986,0.4559675546029317,6.804528383254477,6.36607373966263,0.0,Inf,0.0,Inf
1499,46.309033894283644,35.79222287077149,0.0,0.0,9.666862670824418,8.159266157346668,0.5554456993125768,0.5189388504139888,7.372456188779207,6.062675548522041,0.0,Inf,0.0,Inf
1500,46.79477484727177,35.803688094396904,0.0,0.0,9.41503613606628,8.15550722405029,0.52969140516003,0.6116453711946289,7.79620470641262,5.773448155840838,0.0,Inf,0.0,Inf
1501,46.84533632872899,35.83270399974668,0.0,0.0,9.519773414079088,8.151743374066028,0.5103213039180352,0.7287616599698111,8.005407036862403,5.491810612232843,0.0,Inf,0.0,Inf
1502,46.5517379081535,35.919667883421184,0.0,0.0,9.814435256543128,8.14926030725015,0.5134947102053615,0.7983504547446008,7.987896475556112,5.227180960919915,0.0,Inf,0.0,Inf
1503,46.29851183073609,35.864139637952164,0.0,0.0,9.552850153718909,8.148699883875635,0.5321096063228209,0.8635410285960449,7.796370989447494,4.984347931962845,0.0,Inf,0.0,Inf
1504,46.284947673200705,35.844626966689894,0.0,0.0,9.245017085224266,8.144707610490773,0.5631812444064049,0.8900680432458191,7.48345558174282,4.762664841778144,0.0,Inf,0.0,Inf
1505,45.78146271818588,35.7958053251553,0.0,0.0,9.868377875949998,8.137296334788337,0.6013107372295491,0.9540496991529894,7.09472696428583,4.566221974756863,0.0,Inf,0.0,Inf
1506,44.3816945858915,35.92015860055675,0.0,0.0,10.32619755982389,8.136006631492947,0.6407750796271087,0.9682268513678498,6.683682415224452,4.391093504656219,0.0,Inf,0.0,Inf
1507,42.827499672661105,36.06725213331622,0.0,0.0,10.087167369262277,8.138284259041722,0.6807417759594784,0.9590978614024862,6.280064797360571,4.237806965279777,0.0,Inf,0.0,Inf
1508,42.30512238851895,35.94910347052702,0.0,0.0,9.246640910125352,8.142624669496882,0.7203139659299814,0.9276170385813038,5.7490599799248985,4.195849459485557,0.0,Inf,0.0,Inf
1509,42.43471362300993,35.665912362268166,0.0,0.0,8.300363898369778,8.144676340454954,0.7578392744078226,0.869264838018624,5.198737802691146,4.19240901735906,0.0,Inf,0.0,Inf
1510,42.474577833098024,35.358826335797374,0.0,0.0,7.441071619554486,8.143624154271324,0.7774779000585901,0.7909590862245734,4.730559175261432,4.218862779940432,0.0,Inf,0.0,Inf
1511,42.101336698246136,35.2675648956888,0.0,0.0,6.726506400776444,8.141925738474644,0.7783099868576643,0.7402763800135145,4.487693351165119,4.144828696059013,0.0,Inf,0.0,Inf
1512,41.76325519050392,35.200351759628624,0.0,0.0,6.354162288461383,8.138904420901792,0.768646651428123,0.6855915803941325,4.32992579908424,4.145644956879769,0.0,Inf,0.0,Inf
1513,41.74639419633464,34.944290759940834,0.0,0.0,6.276524842733842,8.134096165594853,0.7540053928795548,0.6362334741087246,4.235354703530327,4.152855234027997,0.0,Inf,0.0,Inf
1514,41.74191666606939,34.853934221656125,0.0,0.0,6.424830449111095,8.128176678645968,0.7371615528582807,0.5873505285936832,4.181604335586706,4.162426602254481,0.0,Inf,0.0,Inf
1515,41.686491294338616,34.787951423235285,0.0,0.0,6.890415709337205,8.121030359372991,0.7064569231843474,0.5527000056842322,4.166290426432382,4.1755259016480055,0.0,Inf,0.0,Inf
1516,41.61623358718166,34.721122749690885,0.0,0.0,6.915495287636524,8.115599467181005,0.6652413065858139,0.5811819805510688,4.174788209095096,4.187882019416378,0.0,Inf,0.0,Inf
1517,41.37525487875162,34.68320628028841,0.0,0.0,7.554727150425134,8.105205274733075,0.6320623093885557,0.5439336162896572,4.1834762214750425,4.199095797735039,0.0,Inf,0.0,Inf
1518,40.97984065886873,34.645653502986356,0.0,0.0,8.611863977911467,8.099383250745637,0.6026718518149009,0.5358283297333051,4.192972647105339,4.2095993599808965,0.0,Inf,0.0,Inf
1519,39.93687618932378,34.67423600028701,0.0,0.0,9.272647523593655,8.093712085225794,0.5770183582294647,0.5181605488056563,4.204387268010788,4.2184763151034295,0.0,Inf,0.0,Inf
1520,37.2748794360824,34.998101646771985,0.0,0.0,9.40239670737825,8.090752735928605,0.5542013998046268,0.5031697735768693,4.2194237535981225,4.225729029091849,0.0,Inf,0.0,Inf
1521,33.35891912938828,35.46271291113281,0.0,0.0,10.045514645761726,8.07956685426425,0.5340709873521895,0.48520163479414247,4.239312563607413,4.230793552049721,0.0,Inf,0.0,Inf
1522,30.284591027731757,35.78410494775473,0.0,0.0,10.754079332555042,8.078265536174577,0.5125289395963837,0.466282436811982,4.263679867752004,4.231301159716208,0.0,Inf,0.0,Inf
1523,28.6774499339268,35.81172605720925,0.0,0.0,10.757791383434615,8.079076686156656,0.49018607254306695,0.4488717348427331,4.2977129318572285,4.230065343915994,0.0,Inf,0.0,Inf
1524,27.989014637362757,35.63461823007491,0.0,0.0,10.51505536805446,8.080188963223556,0.46891171197161835,0.4471005849530028,4.349271760465271,4.321563520570922,0.0,Inf,0.0,Inf
1525,27.77089687668481,35.119652221994926,0.0,0.0,10.228372653196589,8.082546998533319,0.4496826830184842,0.44477695752469826,4.4308213078203655,4.45186532414464,0.0,Inf,0.0,Inf
1526,27.78899510492476,34.78263927950165,0.0,0.0,9.788661768428026,8.083956223845886,0.4309814188616229,0.44288547925811184,4.579443682566719,4.602098014064564,0.0,Inf,0.0,Inf
1527,27.625870180056463,34.51281574827105,0.0,0.0,9.34141252903838,8.087666037746127,0.4145042857124881,0.47465816680870476,4.821631879111774,4.773190045758914,0.0,Inf,0.0,Inf
1528,27.751457868040358,34.26719537759612,0.0,0.0,8.782409845353152,8.091479989165272,0.4021158666868234,0.4972409880335269,5.128421508328911,4.961312268628128,0.0,Inf,0.0,Inf
1529,27.932311638159618,34.0312685250431,0.0,0.0,8.107047628784095,8.09406947759722,0.4043694980853009,0.5102434148072291,5.481616434198598,5.173806485293211,0.0,Inf,0.0,Inf
1530,28.271464670008875,33.80670934520166,0.0,0.0,7.307794138135792,8.093828367596513,0.42201570560838586,0.5565439160265715,5.835020763133752,5.399532271111186,0.0,Inf,0.0,Inf
1531,28.658164714416017,33.69213820095498,0.0,0.0,6.570763491462306,8.093530348863096,0.44849416121901237,0.592234850767522,5.961634983967314,5.522033563802838,0.0,Inf,0.0,Inf
1532,29.08816109064043,33.591723130033294,0.0,0.0,6.147366084297998,8.093149905668804,0.48712669086594823,0.6213385409893475,5.890136599385387,5.614761483151362,0.0,Inf,0.0,Inf
1533,29.49473433622824,33.40678599308058,0.0,0.0,5.737040410071769,8.08852137292509,0.5324140685550334,0.6454840966244886,5.691171467566722,5.684414009083711,0.0,Inf,0.0,Inf
1534,29.983425750061997,33.24356621346125,0.0,0.0,5.715101215213586,8.084871657250725,0.5761791277557768,0.6327380450525518,5.409638904527775,5.724932459628028,0.0,Inf,0.0,Inf
1535,30.439614674380614,33.16165222327665,0.0,0.0,5.709187027620632,8.078225674141862,0.6113415150817599,0.6583484227652725,5.1276730385865905,5.747818297949623,0.0,Inf,0.0,Inf
1536,30.147986359330318,33.12364500849666,0.0,0.0,6.039187263307826,8.070953360484943,0.6379103625184572,0.6923934952090258,4.887013045002655,5.74716571369465,0.0,Inf,0.0,Inf
1537,28.24114259204488,33.2754577007849,0.0,0.0,6.288540547371809,8.064433481299492,0.6560327733899349,0.6656268586964083,4.729253745197128,5.74261961173717,0.0,Inf,0.0,Inf
1538,25.830949921067294,33.49840485746471,0.0,0.0,7.486302786912004,8.051283353275107,0.6709006919826445,0.6654715353734778,4.616817061911461,5.705608726070887,0.0,Inf,0.0,Inf
1539,25.13534039302746,33.47019022927605,0.0,0.0,8.658110266551613,8.042893071719751,0.6837787827656917,0.6789876926794205,4.587095408741182,5.773870104460358,0.0,Inf,0.0,Inf
1540,26.169691053405245,33.265549795219606,0.0,0.0,9.284987353961284,8.034375189958116,0.6939127501356512,0.7030508590755281,4.589143490979414,5.870245586325612,0.0,Inf,0.0,Inf
1541,27.787294328762314,33.07160982719133,0.0,0.0,9.375139883447968,8.028522739223119,0.7011175657220785,0.7332952288501273,4.641165449452027,5.995042789149492,0.0,Inf,0.0,Inf
1542,28.513539872147305,32.92711072316631,0.0,0.0,9.144667660299591,8.021032126781876,0.7069340772718339,0.7223952611130516,4.670062765019067,6.021622824544803,0.0,Inf,0.0,Inf
1543,29.54549615987088,32.710719871034655,0.0,0.0,9.961794261407503,8.009957634681335,0.7114763816132941,0.6990984294551307,4.671049605058893,6.0297102950909425,0.0,Inf,0.0,Inf
1544,30.343092107310092,32.52922013348057,0.0,0.0,10.628313107065514,8.007120310994033,0.7145258892947656,0.6672750891758888,4.673786580059851,6.0226391778312856,0.0,Inf,0.0,Inf
1545,31.058982570760975,32.45679312972786,0.0,0.0,10.493090816220802,8.009314643707263,0.7152860751430787,0.6281905724030301,4.682209988625304,6.002635462372737,0.0,Inf,0.0,Inf
1546,31.822461688060738,32.317903479208795,0.0,0.0,9.801698319678126,8.01027213421444,0.7154610881925395,0.5817048186653063,4.699495240559682,5.968844121579741,0.0,Inf,0.0,Inf
1547,32.84356110427342,32.207206414773914,0.0,0.0,10.033181688638443,7.998491447886183,0.7254637499360861,0.6314381323509566,4.798289018031339,5.912912063050629,0.0,Inf,0.0,Inf
1548,33.91170216862324,32.146007544603144,0.0,0.0,10.938156586715488,7.994692245062545,0.7333296514287624,0.616965272760119,4.962803551139354,5.855253500951475,0.0,Inf,0.0,Inf
1549,34.858869856058924,32.08586243709487,0.0,0.0,11.352888210927528,7.996166661302387,0.7593627161994505,0.7336188586211863,5.166761704812416,5.811159353396411,0.0,Inf,0.0,Inf
1550,35.62694760833944,31.934315463453043,0.0,0.0,10.920023560931135,8.000186817512917,0.787234569606945,0.8436086906510434,5.391825618080566,5.771893780100341,0.0,Inf,0.0,Inf
1551,36.33527000150277,31.843805867484605,0.0,0.0,10.112033585232263,8.003084471515113,0.8090860675445672,0.8837268002605074,5.595590628418546,5.74449048312923,0.0,Inf,0.0,Inf
1552,36.962454621371236,31.763343805258614,0.0,0.0,9.099367274169635,8.010545181839538,0.829881047865633,0.9744974096608168,5.783987718759354,5.713134139687983,0.0,Inf,0.0,Inf
1553,37.453401113560446,31.71560200371105,0.0,0.0,7.977774692650659,8.01021295981724,0.8443512891686259,1.0030797120171593,5.977452922448262,5.687341786944106,0.0,Inf,0.0,Inf
1554,37.77736292595282,31.658678616406927,0.0,0.0,7.109232808251713,8.01265861719443,0.8499748810578386,0.9856248429849469,6.156894854072972,5.671738482278666,0.0,Inf,0.0,Inf
1555,37.93933619093269,31.6000729574292,0.0,0.0,6.190969639594124,8.008593766091497,0.8621819804505305,0.9786888716276774,6.303522140925797,5.660948987531171,0.0,Inf,0.0,Inf
1556,37.643416252960385,31.58992839933259,0.0,0.0,5.659368241540129,8.00763819255906,0.8716548464328934,0.93567810122757,6.467184507554296,5.536301562763581,0.0,Inf,0.0,Inf
1557,37.247547619945735,31.49946684520712,0.0,0.0,5.29931447030592,8.001976616653568,0.8896791798103062,0.9120416779960008,6.607359266955787,5.491833105612033,0.0,Inf,0.0,Inf
1558,36.96105002645412,31.35765524190686,0.0,0.0,5.269118318168496,7.998525195376841,0.9083055642072961,0.8794085492743938,6.69565713389132,5.480802283069312,0.0,Inf,0.0,Inf
1559,36.73244673135901,31.309296321552154,0.0,0.0,5.3092331690244645,7.991776404543512,0.929714204430494,0.8586050744297838,6.753687104807755,5.480093573138562,0.0,Inf,0.0,Inf
1560,36.46007496288671,31.276900974196995,0.0,0.0,5.697806185546341,7.98155283394879,0.9550168541793462,0.8289922689096628,6.805981501676562,5.495402315634224,0.0,Inf,0.0,Inf
1561,36.11009757322614,31.24428910762815,0.0,0.0,6.874558427533569,7.972272114108578,0.9826918406838796,0.7880758014940238,6.855883364309444,5.524929221545851,0.0,Inf,0.0,Inf
1562,35.68961570274576,31.21616913827358,0.0,0.0,7.763809345987018,7.964145098187091,0.9922907897488957,0.7859691375285355,6.920841462394712,5.5649989151923,0.0,Inf,0.0,Inf
1563,35.229150273836325,31.167119182300976,0.0,0.0,7.944991090629475,7.9594952366353615,0.9874022307419009,0.7795764651889932,7.005538476537528,5.614067777568965,0.0,Inf,0.0,Inf
1564,34.78677094728753,31.087905126867494,0.0,0.0,7.851548135580813,7.954174632906904,0.9786619114957886,0.7697403052954787,7.100824718645122,5.668874481914872,0.0,Inf,0.0,Inf
1565,34.353973915665996,31.01800302888165,0.0,0.0,7.536655216314211,7.949886233115321,0.9710658895809436,0.7131379821075943,7.2115144358102885,5.716256334446879,0.0,Inf,0.0,Inf
1566,33.865003135819784,30.955563091243537,0.0,0.0,7.14665803929156,7.946056723558764,0.9634626114098548,0.7029565725109131,7.338528409222812,5.771038507217829,0.0,Inf,0.0,Inf
1567,33.279634751809965,30.90910225593473,0.0,0.0,6.788609028144489,7.942548450832923,0.9494005336974146,0.6719637216213326,7.454469129589824,5.831351907978394,0.0,Inf,0.0,Inf
1568,32.61269224350127,30.864031217222358,0.0,0.0,6.629674212486127,7.938576567563246,0.9317120072556415,0.6405680239694597,7.542483803138981,5.890924643150105,0.0,Inf,0.0,Inf
1569,31.90326882241588,30.822217089613613,0.0,0.0,6.356334063743247,7.936836536950496,0.906270767397767,0.6049181456719025,7.605490732537095,5.951845613800535,0.0,Inf,0.0,Inf
1570,31.183121606468404,30.789952259295212,0.0,0.0,6.44847912197114,7.9319807774099464,0.8803498401618045,0.5889071655594856,7.645018618614355,6.012036682846316,0.0,Inf,0.0,Inf
1571,30.474394567691867,30.758105509940037,0.0,0.0,6.703679725074652,7.926171040109031,0.8544932076281008,0.5840814460943433,7.661292340131304,6.070872451127992,0.0,Inf,0.0,Inf
1572,29.592396525694735,30.738533680173845,0.0,0.0,6.858693970668353,7.92081033580032,0.8290302132007032,0.5801007694288753,7.661057216633678,6.127740775012792,0.0,Inf,0.0,Inf
1573,28.50735878154899,30.74126418722222,0.0,0.0,6.966366887946756,7.916162176838356,0.8038697361668867,0.5724805814273439,7.653387375333844,6.182421170031811,0.0,Inf,0.0,Inf
1574,27.392613915114733,30.692405561771267,0.0,0.0,7.057599111006152,7.911881088046422,0.7766595949707248,0.5658510095171132,7.646060799615644,6.236028129425305,0.0,Inf,0.0,Inf
1575,26.602848584733234,30.594032264115963,0.0,0.0,7.179945429889044,7.906115095326861,0.7460340963147264,0.562802440340521,7.642142123944045,6.289133513654278,0.0,Inf,0.0,Inf
1576,26.189914553962428,30.52137719732319,0.0,0.0,8.089311329107373,7.899166505021501,0.7440882371581082,0.722949525989738,7.664703564732623,6.320649609631313,0.0,Inf,0.0,Inf
1577,26.03039099496429,30.388393181649864,0.0,0.0,8.870156921660909,7.8934480233906426,0.7478278753038295,0.7844532357011083,7.725690762517471,6.363783499394695,0.0,Inf,0.0,Inf
1578,26.17602235408901,30.208821074867238,0.0,0.0,9.705538032868171,7.885174598058004,0.7561106737977054,0.8240508431259317,7.792472208054625,6.39900802422114,0.0,Inf,0.0,Inf
1579,26.482538319798383,30.09904365311567,0.0,0.0,10.149088010787375,7.88289945121766,0.7693292990241309,0.877239124837556,7.846669488524984,6.445605565097599,0.0,Inf,0.0,Inf
1580,26.720054816947073,30.027775356504236,0.0,0.0,10.37967902496534,7.8836749281132645,0.7871292834171516,0.9518894774610397,7.878939480276017,6.499309982425102,0.0,Inf,0.0,Inf
1581,26.826269038717243,29.97205443292731,0.0,0.0,10.084253548711967,7.888951048100473,0.8222311210836319,0.9768908704797643,7.874683459975602,6.553860409179012,0.0,Inf,0.0,Inf
1582,26.860862319435867,29.91058815401202,0.0,0.0,9.268709500370276,7.89380088308993,0.8505216967264417,0.9959137659641829,7.858811759029572,6.610890448148159,0.0,Inf,0.0,Inf
1583,26.878984699322483,29.85372515662566,0.0,0.0,8.391093591105852,7.899189972252744,0.8700335759957784,1.0006199341397006,7.835368120946091,6.640773577072625,0.0,Inf,0.0,Inf
1584,26.88354142704415,29.782515392340024,0.0,0.0,7.528399707143075,7.89889357227966,0.8858257982302131,0.98082809476477,7.809962642011105,6.658743425110654,0.0,Inf,0.0,Inf
1585,26.852467955165185,29.722423976771807,0.0,0.0,6.781043029312442,7.896941973493832,0.9007804903951577,0.9546907294721442,7.805934969926683,6.660749128765035,0.0,Inf,0.0,Inf
1586,26.709761494519643,29.688263930039827,0.0,0.0,6.267572593915775,7.896054026172119,0.9117674305111806,0.953026560209202,7.8249757285206245,6.662485899273847,0.0,Inf,0.0,Inf
1587,26.391901454834116,29.67134738505182,0.0,0.0,6.150746259651615,7.89486851889073,0.9195516199996613,0.943221822673806,7.844889194035984,6.659395687381153,0.0,Inf,0.0,Inf
1588,25.950294623325128,29.651648403523314,0.0,0.0,6.149719662243508,7.889770158234896,0.9184041527912545,1.0141884306406752,7.860717653831149,6.64314108006707,0.0,Inf,0.0,Inf
1589,25.452755435108948,29.625719425680675,0.0,0.0,6.314647048044935,7.8834888044720435,0.9311433826965289,0.9811181900030174,7.870740647061548,6.620239875585981,0.0,Inf,0.0,Inf
1590,24.957275791528044,29.59462134083105,0.0,0.0,6.680535891205558,7.876862372629292,0.9453379620111222,1.0138308611869444,7.895800162540252,6.601807198455972,0.0,Inf,0.0,Inf
1591,24.450870026405795,29.560681781163378,0.0,0.0,6.861278493560256,7.8710295429816375,0.9508034911462785,1.0491632490447371,7.909075037257274,6.589845808351624,0.0,Inf,0.0,Inf
1592,24.1045483403073,29.451321374589995,0.0,0.0,6.988903133378893,7.867395533707823,0.9484546198636535,1.1087087800732036,7.88034079873755,6.733639708655356,0.0,Inf,0.0,Inf
1593,23.87115750753236,29.34844091273777,0.0,0.0,7.047993407961635,7.862663498212767,0.9485213994259055,1.164945050344688,7.84428673928945,6.917428054417983,0.0,Inf,0.0,Inf
1594,23.695485477332326,29.23161381733136,0.0,0.0,7.1136428950534585,7.8591469729443055,0.9714174085296085,1.2099359617325787,7.81303339466808,7.145092258285736,0.0,Inf,0.0,Inf
1595,23.689244472187852,28.945695916697183,0.0,0.0,7.171237258604375,7.855410330417609,1.00947491633841,1.2540488418254119,7.818605573295328,7.407145938058125,0.0,Inf,0.0,Inf
1596,24.333600674286565,28.723877302043668,0.0,0.0,7.298635030478685,7.8537711304893625,1.055807375576325,1.267908273413546,7.883866481757373,7.70212285877929,0.0,Inf,0.0,Inf
1597,25.11432409745009,28.56305399051655,0.0,0.0,7.53627031295741,7.847545206056401,1.1076906623116687,1.2508849064249996,7.870651713852477,7.867199926182708,0.0,Inf,0.0,Inf
1598,25.914336578315556,28.41015343168595,0.0,0.0,8.3766166570794,7.841410606725815,1.1425099649659458,1.2189247404480956,7.789765235296558,7.99871824170005,0.0,Inf,0.0,Inf
1599,26.647677426446297,28.25652675535082,0.0,0.0,9.08548356128486,7.838970214098332,1.1595976712216642,1.1692569479029136,7.666333567646986,8.10518011767698,0.0,Inf,0.0,Inf
1600,27.2513401738054,28.143085124577105,0.0,0.0,9.291835518539756,7.832979622279036,1.1714418893597565,1.143724431235895,7.5211440353695735,8.17848791104064,0.0,Inf,0.0,Inf
1601,27.736664345159202,28.00919841783677,0.0,0.0,9.802507931532281,7.826374199845731,1.175220706446053,1.1073809454495873,7.382598926656078,8.220042484128923,0.0,Inf,0.0,Inf
1602,28.162823980486355,27.889048525397683,0.0,0.0,10.809739503747318,7.822104249844364,1.173077585818552,1.2283346159468909,7.28544216650107,8.23345542426718,0.0,Inf,0.0,Inf
1603,28.43746091827621,27.764675894323144,0.0,0.0,11.160592941978077,7.824664947574373,1.1850724107759256,1.392394835559271,7.268606688418053,8.223826449992824,0.0,Inf,0.0,Inf
1604,28.594940858577868,27.63508527195231,0.0,0.0,10.682997687782466,7.831465819475791,1.1987341520105006,1.5301932608840625,7.327878733777532,8.210444452348542,0.0,Inf,0.0,Inf
1605,28.88554272712265,27.451356208221902,0.0,0.0,9.66221753848466,7.841229485609864,1.2311739221755464,1.5597874336081037,7.375169656020637,8.186922529265663,0.0,Inf,0.0,Inf
1606,29.064426606683586,27.391101567089084,0.0,0.0,8.421406074104588,7.8468434099406865,1.2712454353337623,1.5084864093428485,7.380983476230784,8.160278226372595,0.0,Inf,0.0,Inf
1607,28.9195241674149,27.391413308706692,0.0,0.0,7.288714473000549,7.847964334772939,1.287004673610817,1.39242090697145,7.3689855687577115,8.135271569318828,0.0,Inf,0.0,Inf
1608,28.69698632442247,27.395071876702893,0.0,0.0,6.3734847967395725,7.846737049677086,1.2845735094302155,1.245412102754805,7.371992457987551,8.090650552956124,0.0,Inf,0.0,Inf
1609,28.636786738499506,27.384058029864168,0.0,0.0,5.925141435798271,7.844439527566711,1.2652895150771684,1.1185305317490253,7.418356742016268,8.039421040554586,0.0,Inf,0.0,Inf
1610,28.781926886939363,27.36395319489903,0.0,0.0,5.812580506055503,7.840221521839666,1.2439329495709708,1.0414790044492386,7.494782231373231,7.996878893840353,0.0,Inf,0.0,Inf
1611,28.980906772794704,27.326168548310523,0.0,0.0,5.937156227379837,7.833569024460486,1.2250153407871336,0.978215682840908,7.562258866121518,7.955875066827904,0.0,Inf,0.0,Inf
1612,29.0706818939519,27.291461276477925,0.0,0.0,6.198855392824535,7.828067673911228,1.1814205616433848,0.9899963120764615,7.611138932548266,7.927883803479755,0.0,Inf,0.0,Inf
1613,28.99726278636421,27.229269842775473,0.0,0.0,6.615582447650579,7.819585328943453,1.1509265431043103,1.0820459600773218,7.606937224755088,7.901041373555009,0.0,Inf,0.0,Inf
1614,28.74591286932272,27.197266657538762,0.0,0.0,6.803151213395424,7.813521835404609,1.126396505364001,1.1507434204621343,7.548410859680386,7.886368944531855,0.0,Inf,0.0,Inf
1615,28.349194864095892,27.15032189511679,0.0,0.0,6.985903628347665,7.807370243193831,1.097719551827458,1.4778501193252433,7.498094886198989,7.844563203629533,0.0,Inf,0.0,Inf
1616,27.934492077492926,27.1023411316022,0.0,0.0,7.0922306360601155,7.802134295591457,1.101408751923772,1.5749061842864012,7.435253952612573,7.825651748788606,0.0,Inf,0.0,Inf
1617,27.5664363205468,27.068022664874565,0.0,0.0,7.506167149399506,7.79466424611607,1.1271128506265997,1.5851221308431531,7.333361728401346,7.811471382987963,0.0,Inf,0.0,Inf
1618,27.21976983052411,27.04102273640101,0.0,0.0,8.3445245452768,7.789000584049256,1.1668610628640046,1.552467452370072,7.18533681978886,7.806224257703579,0.0,Inf,0.0,Inf
1619,26.84965119119739,27.019050752924105,0.0,0.0,8.886958615887831,7.783598170593429,1.2137795087415362,1.4791126342108183,6.994173447357378,7.805407343782977,0.0,Inf,0.0,Inf
1620,26.453802296868933,26.999932845258765,0.0,0.0,9.00345896516332,7.780448642074577,1.2643007240655508,1.3790967082313925,6.780085585129839,7.8068050515847975,0.0,Inf,0.0,Inf
1621,26.104363643194773,26.965257223770447,0.0,0.0,8.81706536842391,7.7779276886820785,1.294189266455078,1.3725444218476952,6.612534750380444,7.799966110938187,0.0,Inf,0.0,Inf
1622,25.911758984155725,26.818375378664893,0.0,0.0,8.469867069343467,7.7760698708366744,1.334872975601739,1.5718172598672187,6.566750209774574,7.765369679702282,0.0,Inf,0.0,Inf
1623,26.345203719388103,26.578819057232685,0.0,0.0,8.18348153823564,7.77452794174579,1.4411224872601136,2.8775290448343074,6.848451131459987,7.646753547973199,0.0,Inf,0.0,Inf
1624,27.219215712522246,26.441290425732923,0.0,0.0,8.057676929644295,7.772770415076078,1.6111556476277236,3.6645452241960017,7.459869288178886,7.5633905617934,0.0,Inf,0.0,Inf
1625,27.6859256944655,26.371708276769972,0.0,0.0,8.008641574501858,7.770168858978146,1.7836995252925885,3.8749526898088686,8.133192073966308,7.517265971000738,0.0,Inf,0.0,Inf
1626,27.767270111767445,26.34119857451636,0.0,0.0,7.906024723594077,7.768977087665841,1.944892779839151,3.8649396860638854,8.729518801322023,7.490370753031158,0.0,Inf,0.0,Inf
1627,27.778019373978935,26.298472838972348,0.0,0.0,7.819309618657102,7.766057183609761,2.112127297440606,3.7490155707213533,9.247713784953683,7.446733035206605,0.0,Inf,0.0,Inf
1628,28.002707034825562,26.219096224638736,0.0,0.0,7.764580301711631,7.760261568909838,2.29998804756733,3.5330419444956553,9.745537480201277,7.438313990980308,0.0,Inf,0.0,Inf
1629,28.4293532496104,26.147978409228067,0.0,0.0,8.973967541641992,7.7496572613302925,2.4972850669690554,3.232868758028322,10.207726575790716,7.460973425972611,0.0,Inf,0.0,Inf
1630,28.84150519496857,26.06604481598286,0.0,0.0,10.203803685067445,7.746033805482856,2.709381409283167,2.8896178522318765,10.634232864572946,7.496594092004799,0.0,Inf,0.0,Inf
1631,29.118937412814503,25.987099804183156,0.0,0.0,10.827551234829892,7.745038967794856,2.9175309955121453,2.7549470138903565,11.093996939771632,7.533358232254523,0.0,Inf,0.0,Inf
1632,29.27258598657413,25.908447629221136,0.0,0.0,10.68000654143508,7.7523600510312916,3.130777459886707,2.5935256822021224,11.601391516166599,7.57827230515399,0.0,Inf,0.0,Inf
1633,29.35118510836841,25.8273460311074,0.0,0.0,9.92939916989391,7.755188019904248,3.3103641328717224,2.4790769002559125,12.141455513641029,7.622014199152372,0.0,Inf,0.0,Inf
1634,29.440773138573498,25.646465268150195,0.0,0.0,9.37627649982572,7.760216290144671,3.470483927126981,2.3751794582881813,12.674865071812636,7.674470963353354,0.0,Inf,0.0,Inf
1635,29.86743073084053,25.5098949345559,0.0,0.0,8.699937040317266,7.764906314522853,3.6208101803892414,2.282665815217789,13.157566983484886,7.7375005010153135,0.0,Inf,0.0,Inf
1636,30.690454933126254,25.224944688635393,0.0,0.0,8.045874668694585,7.767908451815995,3.779738751806498,2.321567993888556,13.599624446315628,7.780973444377096,0.0,Inf,0.0,Inf
1637,31.826086835028654,25.09380289475084,0.0,0.0,7.352007091211165,7.767318059536216,3.92978288055118,2.306810013285475,14.021759813148437,7.685809664244503,0.0,Inf,0.0,Inf
1638,32.99674610262506,24.858996068787928,0.0,0.0,6.729524396030922,7.7665094469752125,4.05811422432266,2.2025470634851247,14.417934329564776,7.530876868617184,0.0,Inf,0.0,Inf
1639,34.23504566951327,24.691436037119683,0.0,0.0,6.212713787692746,7.7645894400046185,4.165840637359679,2.081462060408498,14.79041339220221,7.322514525291528,0.0,Inf,0.0,Inf
1640,35.20892263101,24.626294730241018,0.0,0.0,5.996573559726106,7.760829037127463,4.256770962955343,2.0091698876510926,15.136206022707212,7.063423318352712,0.0,Inf,0.0,Inf
1641,35.77247172837083,24.565948301801193,0.0,0.0,6.077275828548518,7.755448146914085,4.3258366531585235,1.9361503698114109,15.425256572880198,6.788102750424488,0.0,Inf,0.0,Inf
1642,36.118385168048896,24.446082551899657,0.0,0.0,6.382797941854962,7.749096374167828,4.3744784195222115,1.8787065675451344,15.648160015909871,6.500002031229937,0.0,Inf,0.0,Inf
1643,36.308174284068116,24.4178448861222,0.0,0.0,6.792102244073154,7.742028417672651,4.425945407473323,1.994538282169504,15.85897490494783,6.187482711225804,0.0,Inf,0.0,Inf
1644,36.35930854137624,24.400268065868595,0.0,0.0,7.16968980540492,7.732743345586194,4.447070567598128,1.967150869212084,16.04538858693179,5.903147944107321,0.0,Inf,0.0,Inf
1645,36.25389273866628,24.38971249999653,0.0,0.0,8.196601596225342,7.724701907143863,4.441891497902051,1.9288562440276413,16.199516903568863,5.640620671367269,0.0,Inf,0.0,Inf
1646,35.97772174210813,24.362385864684637,0.0,0.0,8.842912780386358,7.717703549211218,4.4193972764069684,1.8947001485503032,16.32587663887854,5.4149585002760325,0.0,Inf,0.0,Inf
1647,35.54740655676684,24.07073907791667,0.0,0.0,9.072077703390843,7.713198764837519,4.380500378388908,1.8361976087326675,16.43037430394828,5.220757468079311,0.0,Inf,0.0,Inf
1648,34.989193229645934,24.024398630082036,0.0,0.0,8.90814335306107,7.7100386749749905,4.3286953061394,1.7726833061033058,16.52251249207742,5.053836318789761,0.0,Inf,0.0,Inf
1649,34.367128251459064,23.995087961767386,0.0,0.0,8.52500080450992,7.706851882823744,4.266669015550725,1.6988562616500786,16.60597045726176,4.9056527358910795,0.0,Inf,0.0,Inf
1650,33.572965946552706,23.986846564567184,0.0,0.0,8.07210217096286,7.703518951313077,4.197084769493542,1.615441230390582,16.679701335710813,4.768523097536126,0.0,Inf,0.0,Inf
1651,32.60890665226284,23.983374564721622,0.0,0.0,7.660824849439749,7.69983127032734,4.122208629467652,1.5389135694447427,16.739925423959146,4.6371706047592465,0.0,Inf,0.0,Inf
1652,31.51384062020657,23.96699230994455,0.0,0.0,7.350706921060029,7.695943344939287,4.04309964974269,1.4714810884360658,16.7833868948872,4.503847783817176,0.0,Inf,0.0,Inf
1653,30.24716682257685,24.012119848868462,0.0,0.0,7.149364674566502,7.692303800697573,3.961139784473181,1.4392190840806884,16.808036415978087,4.367182550016966,0.0,Inf,0.0,Inf
1654,28.903889756986107,24.06780694231481,0.0,0.0,7.032195823624318,7.688899893022381,3.881618586193898,1.4382351203238197,16.832230407812794,4.217947114496946,0.0,Inf,0.0,Inf
1655,27.610850730143618,24.109058918140104,0.0,0.0,6.974797460268061,7.685706192964613,3.8017090063014582,1.4654182789085979,16.87835179006445,4.06226036304277,0.0,Inf,0.0,Inf
1656,26.528917647230244,24.06782167185043,0.0,0.0,6.944428860845358,7.681877517387084,3.703112209470121,1.5049122277485432,16.920848768869384,4.001731401898813,0.0,Inf,0.0,Inf
1657,25.660010489583588,23.89829883310262,0.0,0.0,7.892966713348235,7.671038796801025,3.5877414078552454,1.5467854063713202,16.959238479660694,3.976134960935065,0.0,Inf,0.0,Inf
1658,24.97103817827025,23.703679216224323,0.0,0.0,9.405851719918582,7.6644546990539615,3.458646115780839,1.5887747574471733,16.99908946440869,3.986240483613986,0.0,Inf,0.0,Inf
1659,24.393416132382402,23.499826022050687,0.0,0.0,9.95367929048924,7.665017918815531,3.3304328792579163,1.6925898811274915,17.056902995475333,4.008453599905393,0.0,Inf,0.0,Inf
1660,23.890321806008927,23.29491344704658,0.0,0.0,9.610637367148323,7.6697155519723985,3.200549019437145,1.8541766174651984,17.145349829493366,4.0522519786604105,0.0,Inf,0.0,Inf
1661,23.508126973009475,23.073007717589313,0.0,0.0,8.759428907598965,7.67506028748109,3.0586221406938052,1.9753554843296663,17.244239509074546,4.116998427482641,0.0,Inf,0.0,Inf
1662,23.270841016215545,22.97798100939785,0.0,0.0,7.870412909461236,7.677806816523713,2.908965119389407,2.064980249066721,17.340284630460314,4.190268199892698,0.0,Inf,0.0,Inf
1663,23.173905204694503,22.8568266892218,0.0,0.0,7.098874257453143,7.678096950711654,2.757995853997827,1.9667879729232831,17.435403577946886,4.2551236600181825,0.0,Inf,0.0,Inf
1664,22.77610488919477,22.806858795359343,0.0,0.0,6.478010204954688,7.6773020789606035,2.6046728570949638,1.928786717445043,17.51831734544588,4.318606019888868,0.0,Inf,0.0,Inf
1665,21.92555535848309,23.037515850012024,0.0,0.0,6.082080010013249,7.676946597937073,2.4539757380760068,1.8918285701644333,17.59611233290004,4.371403081733625,0.0,Inf,0.0,Inf
1666,21.29147912388148,23.247287680018736,0.0,0.0,5.964701142695503,7.67468237413435,2.305488233555912,1.880211162344443,17.66035552324343,4.415618347471176,0.0,Inf,0.0,Inf
1667,21.43910878552583,23.07503552460037,0.0,0.0,6.063863568668565,7.671081402189181,2.1615455683645326,1.873152534046743,17.712245893616466,4.449622466949939,0.0,Inf,0.0,Inf
1668,21.0770914332155,22.988907198663508,0.0,0.0,6.301202442931486,7.666232934412394,2.0611139051019327,1.6775747083430872,17.70576323614242,4.4727646297834935,0.0,Inf,0.0,Inf
1669,20.16828633796699,23.252490315401342,0.0,0.0,6.635307532692013,7.660418725357279,1.9516316295737997,1.798141035591165,17.701045221438303,4.498888885518095,0.0,Inf,0.0,Inf
1670,19.885259324058854,23.17458182339636,0.0,0.0,6.826776997453767,7.655023441815384,1.8738061600759441,1.9898263978513644,17.65173194970095,4.518110804057061,0.0,Inf,0.0,Inf
1671,20.22477825126865,22.926613687583814,0.0,0.0,6.9489014567539185,7.650411506522374,1.8197814989871612,2.3690133661755852,17.564525224159528,4.541120283967999,0.0,Inf,0.0,Inf
1672,20.41773207248858,22.6910350156832,0.0,0.0,7.061761799269903,7.646168472346712,1.8353966377056925,3.6433399343591875,17.367935873142873,4.56744250019112,0.0,Inf,0.0,Inf
1673,20.54296755987339,22.443897808192954,0.0,0.0,7.112958682085773,7.642476992816678,1.9149108772144217,4.992449072177046,17.06861596437751,4.59910317638498,0.0,Inf,0.0,Inf
1674,20.81813393023232,22.26136930999038,0.0,0.0,7.151492611951998,7.639243079064751,2.032106858570278,5.836547680349329,16.695778824579605,4.637934957443803,0.0,Inf,0.0,Inf
1675,21.00705384699907,22.185363712710718,0.0,0.0,7.190250260575258,7.635898411076258,2.1635240171377936,6.1592781983857545,16.280360861327825,4.681140810842092,0.0,Inf,0.0,Inf
1676,21.17025678802972,21.93153943110917,0.0,0.0,7.222184231004537,7.6328728292832055,2.3028023210910487,6.249902873116044,15.83895822465623,4.726080802441814,0.0,Inf,0.0,Inf
1677,21.37328641272277,21.819188775826298,0.0,0.0,7.252529144903242,7.630022239778785,2.446876954748227,6.210720146243713,15.378826004769898,4.773600620170113,0.0,Inf,0.0,Inf
1678,21.0501723978731,21.77711390512379,0.0,0.0,7.302576647074975,7.62718129833195,2.5926492897412663,6.118954118435912,14.901007644091527,4.822630481654925,0.0,Inf,0.0,Inf
1679,19.831890517365082,22.10098916627196,0.0,0.0,7.468915496319755,7.621775068441078,2.7415840968957195,5.949360175996926,14.416164819746333,4.86818155484232,0.0,Inf,0.0,Inf
1680,18.8991873734764,22.391512931381037,0.0,0.0,8.32106056500476,7.616753486307335,2.900619941613173,5.528405515707794,13.93621247920298,4.885640267521438,0.0,Inf,0.0,Inf
1681,18.872381810903494,22.338123830211945,0.0,0.0,9.022818808522832,7.6131218816240365,3.067897225931566,5.162468497001936,13.477997378672908,4.908729719170198,0.0,Inf,0.0,Inf
1682,18.902729135525764,21.971300748637756,0.0,0.0,9.259087501306512,7.611694630788733,3.2308546742962774,5.028722647778164,13.004531839968381,4.9429446171692,0.0,Inf,0.0,Inf
1683,17.62350692871202,22.088032998141582,0.0,0.0,8.951651501366696,7.609106867659644,3.390079310923962,4.790437450115298,12.527419616417088,4.979251873925299,0.0,Inf,0.0,Inf
1684,15.72257477895941,22.518359112295286,0.0,0.0,9.62143371849035,7.603983717588615,3.541302261609108,4.642124254838018,12.032840657050198,5.127869755574505,0.0,Inf,0.0,Inf
1685,15.40482753547576,22.36615011051731,0.0,0.0,10.074783456724507,7.603674070968369,3.6839561164205015,4.457836317359357,11.536400256588484,5.3244065421057565,0.0,Inf,0.0,Inf
1686,15.880543908932191,21.950725657236003,0.0,0.0,10.621869279978284,7.596734945127433,3.8183186195844656,4.28176970066841,11.047170886185272,5.564030340051061,0.0,Inf,0.0,Inf
1687,16.23614558697908,21.611629902399354,0.0,0.0,11.167733903895225,7.6000775558474345,3.8752673285526957,3.6013031754890186,10.666876596955996,5.839433257358485,0.0,Inf,0.0,Inf
1688,16.046906047276938,21.472107031051692,0.0,0.0,10.860890992584865,7.6076357967045665,3.881551569826369,3.1916706463790643,10.35758255351475,6.151823730328838,0.0,Inf,0.0,Inf
1689,16.2940557694835,21.10911506195253,0.0,0.0,9.843603273069228,7.616322425014281,3.7882254280037078,2.4403029406897336,10.179360310854875,6.502252030846753,0.0,Inf,0.0,Inf
1690,16.39890604155508,20.944055247678545,0.0,0.0,8.51280718092093,7.621529771651431,3.6242828754483805,2.008727692173341,10.087583974803106,6.867573407191236,0.0,Inf,0.0,Inf
1691,16.43784604608029,20.792427993661114,0.0,0.0,7.679147328066731,7.621703205405111,3.4147885531792133,1.8465392630212336,10.049368419420091,7.23648883577708,0.0,Inf,0.0,Inf
1692,16.534897029605503,20.63384138797542,0.0,0.0,7.233336425979341,7.620743687866272,3.1779004597983085,1.912579095098468,10.03733963474234,7.60035031978273,0.0,Inf,0.0,Inf
1693,16.716096524789233,20.45096712266396,0.0,0.0,6.906616888855846,7.620016174733912,2.9290980368630093,2.068505776240829,10.035831189765027,7.956097673998918,0.0,Inf,0.0,Inf
1694,16.9379996116358,20.23125367950378,0.0,0.0,6.55145704232253,7.618930163600966,2.693614266316075,2.0848468498875548,10.044131414981841,8.280198800792082,0.0,Inf,0.0,Inf
1695,17.048668869613266,20.065360384228452,0.0,0.0,6.24148321546138,7.619006742952036,2.488700211287846,1.9419103899694967,10.086612584355708,8.443021142696274,0.0,Inf,0.0,Inf
1696,16.92517899924754,19.977842915400835,0.0,0.0,5.921467992456436,7.616082083219779,2.2858265535285516,1.9941582061326837,10.136799289160395,8.534783374320758,0.0,Inf,0.0,Inf
1697,16.540530525091793,19.955286258645703,0.0,0.0,5.93931225412628,7.608186753309234,2.1291964586301,1.9429193066027544,10.128494721296743,8.561819232616712,0.0,Inf,0.0,Inf
1698,16.08769291988534,19.926779371767243,0.0,0.0,6.652783536561496,7.60184813740869,2.0022794326452993,2.1009912327428544,10.066247978914555,8.687984165493672,0.0,Inf,0.0,Inf
1699,15.68490135650497,19.898519294332893,0.0,0.0,7.14920710955146,7.596931118187111,1.899991042903658,2.345227436320784,9.955544011211172,8.843565692286198,0.0,Inf,0.0,Inf
1700,15.409248656962466,19.83441226790675,0.0,0.0,7.30325009944494,7.593958822621641,1.8698082931415858,3.066063273079944,9.74508343293266,9.029848159162794,0.0,Inf,0.0,Inf
1701,15.254050361684673,19.74297607076779,0.0,0.0,7.175125987902197,7.590789658240824,1.902772530162995,3.9242740136783296,9.446207248220208,9.269251198102033,0.0,Inf,0.0,Inf
1702,15.159326767866585,19.60468106531759,0.0,0.0,6.916087168144526,7.589850032226449,1.9881227565353035,4.789300126148638,9.07527942739055,9.539553160905612,0.0,Inf,0.0,Inf
1703,15.062644920383395,19.463259523663353,0.0,0.0,6.588499877547683,7.58759995496673,2.0981666607561706,5.129451290259576,8.672667926703737,9.868000314695912,0.0,Inf,0.0,Inf
1704,14.932327721120918,19.30161358003031,0.0,0.0,6.359507429369343,7.587014526252769,2.202970595009179,4.989374490071903,8.278529455940747,10.2055125592031,0.0,Inf,0.0,Inf
1705,14.840005638808506,19.13071834428902,0.0,0.0,6.255812800146391,7.586607057944607,2.291412454291894,4.931787023685399,7.925635918095874,10.480956363383099,0.0,Inf,0.0,Inf
1706,14.809555158559524,18.980482564734313,0.0,0.0,6.2351555560773395,7.583684494987375,2.3573247082441022,4.565855867115285,7.633056234338793,10.765183789522359,0.0,Inf,0.0,Inf
1707,14.81705601189558,18.837710055885328,0.0,0.0,6.403467714101138,7.580486518597216,2.411101379963927,4.278042260729504,7.368182011523288,11.054839494637593,0.0,Inf,0.0,Inf
1708,14.850544016112844,18.70269635480907,0.0,0.0,6.505216390553905,7.577393687228327,2.4593422674750944,4.099121185190485,7.113850022560759,11.337801726627303,0.0,Inf,0.0,Inf
1709,14.978502330846178,18.55496266800227,0.0,0.0,6.685366947355636,7.575814330681339,2.515642286701343,4.658985724526288,6.8948513863712835,11.563253202003924,0.0,Inf,0.0,Inf
1710,15.22224316982007,18.420815505180066,0.0,0.0,6.9099549690013236,7.574764005055305,2.5814464407785325,4.852164963428489,6.7745681590944695,11.796259947605346,0.0,Inf,0.0,Inf
1711,15.742209481509688,18.23714900698362,0.0,0.0,7.570970066582306,7.570125910591606,2.704601136514023,5.226573432271521,6.883511334318386,11.890443596151309,0.0,Inf,0.0,Inf
1712,16.246967375804754,18.15251917740019,0.0,0.0,8.318072315280927,7.568763262261092,2.8113253513836667,5.400802514041839,7.2323915850367575,11.901316333375517,0.0,Inf,0.0,Inf
1713,16.35724134488425,18.116635144592788,0.0,0.0,8.622003194164638,7.5660085426813986,2.896894319553193,5.22152111719639,7.641721632248752,11.889405168443108,0.0,Inf,0.0,Inf
1714,16.284086472759174,17.954609977903367,0.0,0.0,8.545771771584608,7.564537181280579,2.970858563015542,4.931021423937148,8.025711556300399,11.842567805713392,0.0,Inf,0.0,Inf
1715,17.284962070613325,17.891833723069787,0.0,0.0,8.198528288437462,7.562351754740479,3.044467290634309,4.54832787770719,8.380224502583703,11.762879020557515,0.0,Inf,0.0,Inf
1716,19.042443474266285,17.898485021332213,0.0,0.0,7.740923413563951,7.559568983795464,3.129399833662706,4.0986910480403465,8.724814144701023,11.65608833617197,0.0,Inf,0.0,Inf
1717,21.09611408194719,17.907487229818265,0.0,0.0,7.317433680632827,7.556361859469856,3.23347684769323,3.5945793353296382,9.075790989579145,11.511163812597161,0.0,Inf,0.0,Inf
1718,23.118938309524495,17.918550564158487,0.0,0.0,6.9776079012305665,7.55368569043549,3.3016787784497805,3.309100194510961,9.499977003575848,11.367305999201864,0.0,Inf,0.0,Inf
1719,24.632825772555044,17.979268204185985,0.0,0.0,6.689941005145258,7.548996377478851,3.347001200955304,2.999839859851333,9.96433437262263,11.083849016741304,0.0,Inf,0.0,Inf
1720,25.599459826622233,18.062263801058865,0.0,0.0,6.539378941092855,7.544348644722385,3.3819612746459278,2.701544978192054,10.423536646393224,10.757307656431225,0.0,Inf,0.0,Inf
1721,26.08931893803818,18.16883709834061,0.0,0.0,6.525981058749898,7.539347413382258,3.3632797731015955,2.687913413633726,10.89152296895803,10.409163674305228,0.0,Inf,0.0,Inf
1722,26.192204935973972,18.294340117711734,0.0,0.0,6.619226735474653,7.5344784291641975,3.318515585098996,2.685690975099507,11.324410555620618,10.042215814721665,0.0,Inf,0.0,Inf
1723,25.922411804017088,18.43459143769301,0.0,0.0,6.795426786410873,7.529489335758619,3.2573046922982507,2.7064778062183676,11.714570461055569,9.668945329035692,0.0,Inf,0.0,Inf
1724,25.281577026861665,18.581306764233087,0.0,0.0,7.024879612857069,7.524719358187861,3.1943668461743644,2.6293808155274867,12.02783300337434,9.318430870868387,0.0,Inf,0.0,Inf
1725,24.46410515436827,18.724412482700632,0.0,0.0,7.014609336278217,7.521663745855257,3.135674885264105,2.5162456631823504,12.277821675609701,8.979803446656174,0.0,Inf,0.0,Inf
1726,23.62547721355129,18.857813121055873,0.0,0.0,7.121130748571197,7.517207632103147,3.082079615453518,2.3527566815720014,12.472378049422286,8.66302146050646,0.0,Inf,0.0,Inf
1727,22.83478011004878,18.967225711441166,0.0,0.0,7.281952157029734,7.513179833454849,3.0322001593877745,2.168686940664417,12.624107886227321,8.373844515452133,0.0,Inf,0.0,Inf
1728,22.081379195234806,19.037127250602026,0.0,0.0,7.148554995804819,7.510929373764641,2.986465178978793,2.01947148322105,12.76098776171835,8.107932819944997,0.0,Inf,0.0,Inf
1729,21.42128988693743,19.04660896484068,0.0,0.0,7.071562446707808,7.507925566299093,2.941113246137292,1.847912917037973,12.845029510880275,8.021732498026937,0.0,Inf,0.0,Inf
1730,20.770970093005303,19.023923739169764,0.0,0.0,6.949596826362692,7.505673752338238,2.89459817815285,1.697417209209753,12.908201022677702,8.005277996124132,0.0,Inf,0.0,Inf
1731,20.089292781080644,18.983804169699887,0.0,0.0,6.849894882468507,7.5033960730917935,2.844982651811704,1.560603200001896,12.962455528490665,8.050712502756648,0.0,Inf,0.0,Inf
1732,19.420925350518512,18.916928817356624,0.0,0.0,6.713645305829079,7.50201287437312,2.794532288541136,1.490185139448787,13.018350062318818,8.136929477917189,0.0,Inf,0.0,Inf
1733,18.85734520858,18.81865665227684,0.0,0.0,6.625270685479725,7.500240232903657,2.759693758950506,1.6711764221351755,13.09423212704055,8.230497871864998,0.0,Inf,0.0,Inf
1734,18.599907673409152,18.490237481399404,0.0,0.0,7.01352139005108,7.492017616650763,2.713265404807911,1.6691963033112969,13.174228557791803,8.352833265495045,0.0,Inf,0.0,Inf
1735,18.8135011750896,18.322902710188906,0.0,0.0,8.402938420246603,7.486429094906515,2.656863730378345,1.6689173973239901,13.2406903518077,8.469515664442708,0.0,Inf,0.0,Inf
1736,19.24278797369038,18.190086282094626,0.0,0.0,9.63803881578611,7.479737785989206,2.58563618686692,1.7379522090413286,13.283804753568656,8.57574698001505,0.0,Inf,0.0,Inf
1737,19.767882250927187,18.08377983543525,0.0,0.0,10.159082338124716,7.482760428673625,2.5109776292208235,1.7820218538639048,13.329239459062983,8.666062412140821,0.0,Inf,0.0,Inf
1738,20.31053135760709,17.964795106767504,0.0,0.0,9.899826687342665,7.488453448594134,2.4253035395137252,1.8827043400607384,13.351131002260756,8.740182552965667,0.0,Inf,0.0,Inf
1739,21.128511151888,17.72060689131003,0.0,0.0,9.060679179831888,7.495887905833027,2.331837082444724,1.9995053299892627,13.365891926445475,8.788867077218118,0.0,Inf,0.0,Inf
1740,22.15265305317315,17.646896783198482,0.0,0.0,8.248279813561854,7.496640431717052,2.2749374902167956,2.103203562351497,13.319179556893358,8.829958441362908,0.0,Inf,0.0,Inf
1741,23.020353111183834,17.611640821068825,0.0,0.0,7.840712568624194,7.49949708815626,2.2444271663540483,2.1486172231868954,13.26524706772269,8.70138054960152,0.0,Inf,0.0,Inf
1742,23.65056028740753,17.63918893692395,0.0,0.0,7.497353216553988,7.499312371188756,2.2248325880811497,2.307904389937964,13.183094591486265,8.529806307545913,0.0,Inf,0.0,Inf
1743,24.02585860652203,17.695125517693427,0.0,0.0,7.0429083780115525,7.4979302163051855,2.2301532794061565,2.6840897163783355,13.059964382354867,8.304388604661465,0.0,Inf,0.0,Inf
1744,24.062770488993877,17.77855408689898,0.0,0.0,6.661296354687417,7.494070475909839,2.306858592727591,3.6841415069894663,12.835932102939726,8.03266025352797,0.0,Inf,0.0,Inf
1745,23.823619543987324,17.908185510305586,0.0,0.0,6.801499553549591,7.49013559034042,2.430766418081876,4.3695361528876,12.523010153255496,7.750871720918834,0.0,Inf,0.0,Inf
1746,23.44203745805029,18.033895323529535,0.0,0.0,6.988501480283112,7.487412962733686,2.586205748695961,4.5975014222858634,12.156008158432542,7.442070481577353,0.0,Inf,0.0,Inf
1747,23.018038994753688,18.148668448016124,0.0,0.0,6.984933395373735,7.4855433889228316,2.7646025176743465,4.447926934101971,11.77848080385144,7.13380624469704,0.0,Inf,0.0,Inf
1748,22.564423154396504,18.259271404727844,0.0,0.0,6.806465926252432,7.483440189359223,2.943037992611496,4.352481896064412,11.380142745972465,6.855009491689603,0.0,Inf,0.0,Inf
1749,21.8214309608668,18.176795515743333,0.0,0.0,6.501519627202558,7.48171279749216,3.1192694294423613,4.1794776648528575,10.964950500075018,6.602689359953896,0.0,Inf,0.0,Inf
1750,20.691043356421982,18.31648669268412,0.0,0.0,6.097426465873456,7.480585972353529,3.2942592987110384,3.9639071675087263,10.542600478635876,6.377555097668149,0.0,Inf,0.0,Inf
1751,19.59583480606393,18.4790213631895,0.0,0.0,5.8699877599567625,7.477827351059908,3.464204490904779,3.760379632328601,10.096999780820093,6.307061697956119,0.0,Inf,0.0,Inf
1752,18.87491869647812,18.53684716915173,0.0,0.0,5.791960215257845,7.473873507051572,3.5622403515998333,2.9845618420737265,9.741488936832129,6.299730427369198,0.0,Inf,0.0,Inf
1753,18.646155454274666,18.44141202570253,0.0,0.0,5.839262934573381,7.469106504631918,3.604859398531917,2.333898984390521,9.475272248815688,6.342006799811833,0.0,Inf,0.0,Inf
1754,18.73128931195942,18.24373703200746,0.0,0.0,5.92168333055833,7.463764810287731,3.5514597680800493,1.436614506870054,9.363436184661799,6.429376082875258,0.0,Inf,0.0,Inf
1755,18.827944494787538,18.047660442979552,0.0,0.0,6.134324718956435,7.457471256640828,3.4346947146627436,1.0862786818888401,9.354829971989982,6.543058036335867,0.0,Inf,0.0,Inf
1756,18.732017968627655,17.93263958336588,0.0,0.0,6.647719242932071,7.447364185901799,3.2744647846517236,1.205958003651591,9.405247727371526,6.6705692955646505,0.0,Inf,0.0,Inf
1757,18.42087832270331,17.848690524954087,0.0,0.0,7.61218975443939,7.4388293398719485,3.0948694002172616,1.4327728611588813,9.51160857568136,6.779802664995064,0.0,Inf,0.0,Inf
1758,18.003548066618514,17.84142429278334,0.0,0.0,8.519058444141526,7.429914379702992,2.9008921307351008,1.6329719801584026,9.624251101400459,6.889503189642469,0.0,Inf,0.0,Inf
1759,17.61435877250973,17.81766416589818,0.0,0.0,8.915226377692292,7.423587425903734,2.705299714859805,1.7273727404791839,9.7343963936754,6.98358780302654,0.0,Inf,0.0,Inf
1760,17.344044670351565,17.767605317274633,0.0,0.0,9.133649630241184,7.41823512674141,2.5144399654072402,1.7450471949708453,9.831979588610006,7.0580730983912865,0.0,Inf,0.0,Inf
1761,17.183167457486544,17.705324540902758,0.0,0.0,9.126454347850816,7.417688671660628,2.3307210183792066,1.7398703329255643,9.905962746166614,7.117149874789891,0.0,Inf,0.0,Inf
1762,17.06091990428825,17.618046327815456,0.0,0.0,8.680656803983517,7.4194399503328405,2.161384409551848,1.6967586709891003,9.972864061487542,7.155701244852156,0.0,Inf,0.0,Inf
1763,16.9054880478833,17.56823779844429,0.0,0.0,8.153145584182662,7.420295362115375,2.003120380195632,1.7044527009551458,10.015402401034306,7.192284990469813,0.0,Inf,0.0,Inf
1764,16.698345434788568,17.52427370613557,0.0,0.0,7.73362301654813,7.41729563046984,1.891959849636204,1.6045151071858101,10.006801900653121,7.210450111815842,0.0,Inf,0.0,Inf
1765,16.46810402712337,17.51222887111002,0.0,0.0,7.837234068614081,7.413475136419927,1.8099924194478776,1.8476283797834878,9.948176175692613,7.236697978937764,0.0,Inf,0.0,Inf
1766,16.268082258510585,17.4978324870523,0.0,0.0,7.977806281859074,7.411542148507797,1.7485061917704738,2.1044788435491246,9.858774554410415,7.2664833337461205,0.0,Inf,0.0,Inf
1767,16.13511306995185,17.468758051398577,0.0,0.0,7.911181542056937,7.410391321166194,1.7494929458091697,2.8918388648418993,9.681736106604006,7.294605379279669,0.0,Inf,0.0,Inf
1768,16.07443118732119,17.4281761162642,0.0,0.0,7.648209143586568,7.4091796129708785,1.8039575686222256,3.7358555362267096,9.419193044258403,7.333577475930118,0.0,Inf,0.0,Inf
1769,16.067307858962565,17.380803589593754,0.0,0.0,7.272401757010268,7.4078866510565256,1.9053861246185628,4.508655686150338,9.074622749327652,7.382376089166499,0.0,Inf,0.0,Inf
1770,16.090568398570827,17.33435976740849,0.0,0.0,6.873909919042829,7.406517984013779,2.030120904682857,4.820634649187021,8.684299551307808,7.438518922022276,0.0,Inf,0.0,Inf
1771,16.132664908842475,17.30897587311171,0.0,0.0,6.633326628553629,7.402180367700515,2.1604624241019974,4.78089679024477,8.275423321186505,7.46811952718225,0.0,Inf,0.0,Inf
1772,16.19384337352505,17.223039409689218,0.0,0.0,7.00918427285724,7.398688742431112,2.3137663362856795,4.227083743947973,7.906076072861289,7.434402808144924,0.0,Inf,0.0,Inf
1773,14.99006635738297,17.381408116527076,0.0,0.0,7.440019233904774,7.39621168991548,2.4647795133651744,3.9851389332257883,7.55048374227634,7.43142100362325,0.0,Inf,0.0,Inf
1774,13.099596391876052,17.690360588979996,0.0,0.0,7.605758204833932,7.394270806055476,2.6091736802955494,3.7262656735961994,7.196415679417103,7.43285113236953,0.0,Inf,0.0,Inf
1775,11.613812813327042,17.794454735250913,0.0,0.0,7.541976265229618,7.39070516257401,2.741682546895589,3.388707627628724,6.850121738301629,7.570204822425934,0.0,Inf,0.0,Inf
1776,11.623383010430674,17.665874124280716,0.0,0.0,7.346080640806775,7.387101956864467,2.8593037321441304,3.0855250967770833,6.507339628885014,7.763335378624456,0.0,Inf,0.0,Inf
1777,12.020384129353113,17.467548470085177,0.0,0.0,7.089011188601069,7.384279427821747,2.9019298666217512,2.23705601057438,6.274286386010879,7.996684611556554,0.0,Inf,0.0,Inf
1778,12.733635893600804,17.17902084147075,0.0,0.0,6.911709698112351,7.379130804726482,2.8319838869755465,1.2673241261695452,6.212562212672104,8.22764510383038,0.0,Inf,0.0,Inf
1779,13.200881902238004,16.97114426410576,0.0,0.0,7.751437324762493,7.369818759828958,2.684145683707931,1.1745014982970245,6.27835143765456,8.481704135195319,0.0,Inf,0.0,Inf
1780,13.317570366487884,16.78557058671227,0.0,0.0,8.754983837241022,7.366233242457167,2.513852158976882,1.73959339680656,6.440266114358113,8.694205610074393,0.0,Inf,0.0,Inf
1781,13.319580241439406,16.643437905982086,0.0,0.0,9.246470153807675,7.363673748107291,2.3233814389251983,2.52600408990904,6.6830371705147655,8.91730109807352,0.0,Inf,0.0,Inf
1782,13.463068534290025,16.473483874174622,0.0,0.0,9.45552148008921,7.36598376767866,2.1590785755985706,2.62979416569572,6.9231151177980905,9.131624335962739,0.0,Inf,0.0,Inf
1783,13.910438535305213,16.30046213922334,0.0,0.0,9.140524243078673,7.3705893719991895,2.06351041204897,2.179727408141787,7.071553333658913,9.353878340748379,0.0,Inf,0.0,Inf
1784,14.544179768688902,16.143666927418234,0.0,0.0,8.490663944412729,7.377223204781685,1.9833395954398854,2.1672749730409318,7.1688899683157405,9.435866186248651,0.0,Inf,0.0,Inf
1785,15.241933837639557,16.018506460196054,0.0,0.0,7.7976107115397895,7.38178923029118,1.9166979059694027,2.3163158315476573,7.227311609190479,9.46917989911513,0.0,Inf,0.0,Inf
1786,15.903660732819437,15.94409920236271,0.0,0.0,7.246518832199705,7.377871928045669,1.9035349458154451,2.239145844159431,7.212638452623289,9.460950813891904,0.0,Inf,0.0,Inf
1787,16.52617722487673,15.909321085606557,0.0,0.0,7.176242530380683,7.377123556868865,1.892331895460419,2.22587631381648,7.1896100856114655,9.42377144185856,0.0,Inf,0.0,Inf
1788,17.196846977884668,15.91314927750054,0.0,0.0,7.054728760458914,7.375697920418072,1.8840792891249758,2.3440502558506444,7.170123759656735,9.340518237175964,0.0,Inf,0.0,Inf
1789,17.961198574407405,15.935972577776052,0.0,0.0,6.838280549332346,7.374807107993209,1.9125062893024427,2.372023524289026,7.130812808162811,9.236672306883206,0.0,Inf,0.0,Inf
1790,18.58155727592345,15.980516445419017,0.0,0.0,6.5102468613605025,7.373604887516323,1.96446232717269,2.322782095157384,7.075847768281535,9.127743251604986,0.0,Inf,0.0,Inf
1791,19.02511086740378,16.0565875896251,0.0,0.0,6.1416690207831035,7.3724083383545915,1.9929719170443292,2.1701531201645277,7.050652296154663,9.018713662595692,0.0,Inf,0.0,Inf
1792,19.486800384933,16.120155962927083,0.0,0.0,5.942903383442743,7.36735137217352,2.0052580563445934,2.1991007613628133,7.058988933233769,8.888005531295008,0.0,Inf,0.0,Inf
1793,20.1197570836617,16.131345947874554,0.0,0.0,6.520096518136239,7.359604737941237,2.0327908257820497,2.887336152342475,7.216091224415692,8.516585086215066,0.0,Inf,0.0,Inf
1794,20.95162055885491,16.131750234236282,0.0,0.0,7.125400734462526,7.3543193516004735,2.095155963954303,3.3693198640382107,7.436116373237212,8.180105679601448,0.0,Inf,0.0,Inf
1795,21.792465327709934,16.142877192314455,0.0,0.0,7.916119117706945,7.341946949789786,2.1724428280557473,3.3472551443411613,7.637336462007065,7.873829521796978,0.0,Inf,0.0,Inf
1796,22.267261779412877,16.203182722535097,0.0,0.0,8.946416364088996,7.33463210944255,2.258553962340496,3.1951569970565368,7.78252135403121,7.573648143176028,0.0,Inf,0.0,Inf
1797,22.504563403355057,16.33180723072966,0.0,0.0,9.235746443622125,7.33274198243163,2.348338178684445,2.9692133930001723,7.867911456230849,7.2841451130625705,0.0,Inf,0.0,Inf
1798,22.537843535830145,16.490598740714898,0.0,0.0,8.827222939630456,7.334018944352483,2.4410078856498294,2.698452848682923,7.9081289738379255,6.998806952973876,0.0,Inf,0.0,Inf
1799,22.52370658101705,16.6502701755302,0.0,0.0,7.985995481610626,7.336493977308671,2.501819918063506,2.512006810561324,7.972778898273087,6.712329621236707,0.0,Inf,0.0,Inf
1800,22.66903075099933,16.73266772414688,0.0,0.0,7.133956647971741,7.336848129297098,2.5575756609970317,2.3418211271757183,8.10728832548683,6.39861009774401,0.0,Inf,0.0,Inf
1801,23.017806642854435,16.754357328624284,0.0,0.0,6.410985758893175,7.335275822598309,2.5943716500336858,2.1780999860097765,8.256706108795955,6.138261285362144,0.0,Inf,0.0,Inf
1802,22.769497550198054,16.7863803224569,0.0,0.0,5.791923912333051,7.332973493013218,2.6234451277030386,2.0214452339713045,8.409506625120073,5.894866222895305,0.0,Inf,0.0,Inf
1803,21.677772601488456,17.163526050958502,0.0,0.0,5.974949446256553,7.326192303201113,2.6120817316945493,2.1174511823747206,8.586198897937098,5.684131647250486,0.0,Inf,0.0,Inf
1804,20.214168506920647,17.54401395819243,0.0,0.0,6.521075729422032,7.321245581305266,2.5735368211373957,2.3179926304837317,8.804071835747239,5.490651910725922,0.0,Inf,0.0,Inf
1805,19.842289483415335,17.465752206791326,0.0,0.0,6.784609624974706,7.317500267574205,2.566798473180349,2.1685004960719887,9.011294383887474,5.371721607098225,0.0,Inf,0.0,Inf
1806,20.35897814386108,17.11079327398117,0.0,0.0,6.812994400955487,7.313993213507931,2.5730579134345124,1.9252143515735096,9.182040105409099,5.327902983293187,0.0,Inf,0.0,Inf
1807,20.890143470458593,16.793761160094455,0.0,0.0,6.62208972747881,7.311500222947972,2.558783653196287,2.090319978924026,9.374271297150136,5.33438660642528,0.0,Inf,0.0,Inf
1808,20.93085095783271,16.712703904474527,0.0,0.0,6.381215522672268,7.3086174338842005,2.5279906450365277,2.137023401894035,9.570776596886489,5.273146409540081,0.0,Inf,0.0,Inf
1809,20.865242138364934,16.4794510064106,0.0,0.0,6.096894873824754,7.3061962054117915,2.526546323352463,1.7442318014256704,9.725873627617196,5.191260944579759,0.0,Inf,0.0,Inf
1810,20.77205998760806,16.357235156882943,0.0,0.0,5.828972438473812,7.3039091967536045,2.5123070943516757,1.8132454419423596,9.891539798736206,5.106163991361091,0.0,Inf,0.0,Inf
1811,20.534315901779046,16.359534951558956,0.0,0.0,5.765752910653614,7.300771331155996,2.4894558942820173,1.8453513284668241,10.061914113537522,5.001550989427769,0.0,Inf,0.0,Inf
1812,20.227337793189616,16.417413770184716,0.0,0.0,5.852451306037216,7.296068577797669,2.4594471853540227,1.8214100967962177,10.222821042416282,4.88098049739923,0.0,Inf,0.0,Inf
1813,19.918604602943574,16.468701752231905,0.0,0.0,6.052314598700873,7.290538974641465,2.4264607177599213,1.7900535400957742,10.377664077850568,4.7413494227743485,0.0,Inf,0.0,Inf
1814,19.643094483173144,16.500914377442427,0.0,0.0,6.345368677872958,7.284215260254413,2.3917247987611736,1.7448030609430274,10.523356769828082,4.588571281369094,0.0,Inf,0.0,Inf
1815,19.45660672850259,16.466764194202366,0.0,0.0,6.510240172899598,7.27838887734348,2.3606234515288014,1.810489519554334,10.649063521404473,4.511464081453888,0.0,Inf,0.0,Inf
1816,19.33699644713127,16.390329791431565,0.0,0.0,6.58454851515713,7.272019598009445,2.3416934757178045,2.1552078170664233,10.775263197216091,4.449745748362405,0.0,Inf,0.0,Inf
1817,18.836787641468455,16.384004379919514,0.0,0.0,7.435649697802675,7.261232432249984,2.352460093346431,1.7910021436860777,10.853509416215253,4.421271159700252,0.0,Inf,0.0,Inf
1818,17.83151304211051,16.702467509394676,0.0,0.0,8.94486814227233,7.252438272412397,2.3576000072568046,1.975985881946117,10.955683664810362,4.393743124060149,0.0,Inf,0.0,Inf
1819,16.88593162418795,17.120304170367152,0.0,0.0,9.642704030667076,7.2513313874067835,2.3819086665364764,1.6154928363983418,11.017397988873276,4.413081840007094,0.0,Inf,0.0,Inf
1820,16.709598726258047,17.194674882799728,0.0,0.0,9.424599786390157,7.254930918231029,2.3926640082809536,1.882748199595273,11.129208077275395,4.456492661685467,0.0,Inf,0.0,Inf
1821,15.823028784386516,17.441643624426813,0.0,0.0,8.680766297311674,7.259606264492462,2.380408069110148,2.0193152979151954,11.243561941404332,4.531135483878039,0.0,Inf,0.0,Inf
1822,14.075853764744812,18.03094923235425,0.0,0.0,7.842080026572108,7.262423056033597,2.39222094347447,1.5972931070806458,11.316450305967013,4.599474987012176,0.0,Inf,0.0,Inf
1823,12.69935985091797,18.1938788884321,0.0,0.0,7.091833953308736,7.262581652985971,2.380947455078222,1.7759514705194008,11.395870655909796,4.786783523451553,0.0,Inf,0.0,Inf
1824,12.62650114154911,17.80951722067681,0.0,0.0,6.482381052123495,7.261671068883097,2.3609024448200513,1.9698588255009717,11.505802608184922,4.995735411867949,0.0,Inf,0.0,Inf
1825,13.197526874974045,17.27897510253933,0.0,0.0,6.069248287763574,7.260151198624241,2.3608791841525347,1.543450693991238,11.557437522827877,5.233400906161615,0.0,Inf,0.0,Inf
1826,13.673754231626322,16.739039927310937,0.0,0.0,5.849343310136715,7.259117137851938,2.3459113768780986,1.715102832221556,11.64045145781511,5.505417911512196,0.0,Inf,0.0,Inf
1827,14.273991437028018,16.14523142656056,0.0,0.0,5.861258175480065,7.256543464644294,2.312549050389395,1.8697161236168844,11.72503492158488,5.807345995263565,0.0,Inf,0.0,Inf
1828,14.634547958016839,15.791729450825237,0.0,0.0,6.0161130113792245,7.252662267304687,2.277728927856711,1.9673965019931727,11.819053764272025,5.957613669940288,0.0,Inf,0.0,Inf
1829,14.614975313517084,15.706793529588483,0.0,0.0,6.250953329506373,7.247528257518289,2.2752499328344125,1.450770249757755,11.87801523597995,6.076317526835187,0.0,Inf,0.0,Inf
1830,14.408676540528468,15.781409888432355,0.0,0.0,6.439670415967278,7.240873060876602,2.2491908534746075,1.6260732643668043,11.95058580461616,6.199825630006216,0.0,Inf,0.0,Inf
1831,14.27113186413839,15.829073175854036,0.0,0.0,7.202195765132861,7.234146226424778,2.2165783511834714,1.7279680686271002,12.048732375261649,6.288957121788283,0.0,Inf,0.0,Inf
1832,14.352823784236874,15.843252128250064,0.0,0.0,7.941220513836481,7.229539246451654,2.1683864976970577,1.7984441009229262,12.133505206179624,6.361673090513304,0.0,Inf,0.0,Inf
1833,14.639737163353175,15.776856265073922,0.0,0.0,8.321434536023885,7.225295745808202,2.111479086879053,1.8683895831298687,12.21477732943955,6.413846704223322,0.0,Inf,0.0,Inf
1834,14.941952743533822,15.676979263277264,0.0,0.0,8.333647470768348,7.222570874746045,2.0824866029333755,1.2529317995728002,12.250097860700015,6.43006589367426,0.0,Inf,0.0,Inf
1835,15.138095428504496,15.647310337579064,0.0,0.0,8.1217275622458,7.2200587233990525,2.0324117236026797,1.5207499191618206,12.282159583084677,6.4675594636897475,0.0,Inf,0.0,Inf
1836,15.194891457010524,15.63212424668934,0.0,0.0,7.781514603357186,7.218103502821846,1.978256949961832,1.4916105785009908,12.339350800890262,6.495993803731573,0.0,Inf,0.0,Inf
1837,15.141318971570842,15.685245903465209,0.0,0.0,7.452867656467115,7.21571346182827,1.9090820942376288,1.7162421127367404,12.389879843596733,6.5337046637276295,0.0,Inf,0.0,Inf
1838,15.043396686865647,15.727036225796917,0.0,0.0,7.423264578984982,7.209259831324589,1.8633456138618893,1.5327964120298017,12.392448055383342,6.555883228235972,0.0,Inf,0.0,Inf
1839,13.769227919236746,15.959258964184128,0.0,0.0,8.010407156543952,7.205117006579455,1.8066114754779454,1.4127529816078428,12.419896902857278,6.612642486134852,0.0,Inf,0.0,Inf
1840,11.900134623228817,16.417398054441634,0.0,0.0,8.481669608063333,7.201617717937711,1.7341963281974437,1.7043680789534725,12.4444295261767,6.680588855834472,0.0,Inf,0.0,Inf
1841,10.867332032945027,16.562022365110202,0.0,0.0,8.605818682123981,7.200237064597418,1.6839047775820375,1.591769220813151,12.429841209795798,6.853273767211846,0.0,Inf,0.0,Inf
1842,10.882513528001063,16.478737251951028,0.0,0.0,8.444851218300514,7.199318617375435,1.6433368005450413,2.0939701865545413,12.377739219310344,7.085273288697764,0.0,Inf,0.0,Inf
1843,11.405762060575405,15.995676112059186,0.0,0.0,8.114532216334625,7.1981382328539025,1.6621313194474756,3.255375758654985,12.258718419289782,7.3356319554606,0.0,Inf,0.0,Inf
1844,10.621847424247077,15.84990747845237,0.0,0.0,8.15586794561716,7.192690516741409,1.7252534745803356,4.999978281438264,12.055285930466132,7.642002709087542,0.0,Inf,0.0,Inf
1845,8.95367958439314,15.816858517130905,0.0,0.0,8.562542326668353,7.1902709881936495,1.806511871687124,5.7983221090222505,11.806159540920532,7.990687510326938,0.0,Inf,0.0,Inf
1846,7.974060733719595,15.635632878343994,0.0,0.0,8.857645750176832,7.1863486560046885,1.8898841041041816,5.899633346185707,11.542019563589715,8.371713032365482,0.0,Inf,0.0,Inf
1847,7.741548276108602,15.424493689666615,0.0,0.0,9.137126519103957,7.1852181857561135,1.974934609301976,5.896011422492852,11.266233894002683,8.77017080256096,0.0,Inf,0.0,Inf
1848,8.231502368691439,15.146880371285851,0.0,0.0,9.06672362405495,7.1882526046768245,2.0624085385177517,5.861476455789324,10.978854490386988,9.177726851881506,0.0,Inf,0.0,Inf
1849,8.972894177638407,14.872556358874856,0.0,0.0,8.629660242493985,7.192718393883226,2.1509767119035477,5.738136172437595,10.68389151759171,9.553010100040439,0.0,Inf,0.0,Inf
1850,9.591300505415708,14.61119452676568,0.0,0.0,8.096375013862914,7.196219683262575,2.243964282202252,5.401160369108942,10.39989463633353,9.84966992077992,0.0,Inf,0.0,Inf
1851,9.962195560982197,14.42783611970466,0.0,0.0,7.54896197765351,7.198138180278113,2.339652325500897,5.186820350292245,10.12844955992293,10.161344812942923,0.0,Inf,0.0,Inf
1852,10.076345930510694,14.293347680428887,0.0,0.0,7.075175762537608,7.1987705804154185,2.4350030798725006,5.037879168220335,9.850794929895551,10.472681244081535,0.0,Inf,0.0,Inf
1853,10.071426475353697,14.195647350417518,0.0,0.0,6.6925526648023785,7.198342155767,2.5117994849235448,4.623477689712785,9.576137788932677,10.761409783233903,0.0,Inf,0.0,Inf
1854,10.133110380021554,14.086144135764336,0.0,0.0,6.450273631603901,7.1985971743588015,2.5862131435123943,4.262775126926276,9.306639645037112,11.04595418677511,0.0,Inf,0.0,Inf
1855,10.452476508172708,13.928569857784813,0.0,0.0,6.414055957998028,7.19974927218788,2.6771318959122268,3.847774516168153,9.050694525626241,11.245263722791721,0.0,Inf,0.0,Inf
1856,11.076059915748475,13.811300138728777,0.0,0.0,6.348754542422051,7.199600920159244,2.768488713768872,3.7322773255263346,8.801506498858984,11.470714657422988,0.0,Inf,0.0,Inf
1857,11.82280226731666,13.699328799727974,0.0,0.0,6.265561009551443,7.198822977625109,2.8553051086619474,3.5946207711245077,8.545430683600221,11.715998739293415,0.0,Inf,0.0,Inf
1858,12.482592071737596,13.625981600261643,0.0,0.0,6.6517395641326,7.194934683785094,2.942854996146124,3.2583223869291347,8.296993930557772,11.807979414166855,0.0,Inf,0.0,Inf
1859,13.008661568101205,13.591995524666068,0.0,0.0,7.300899700419175,7.193340872914481,2.971499704528241,2.3955730450470982,8.107781858697384,11.887198796012262,0.0,Inf,0.0,Inf
1860,13.465843958408845,13.601005951845302,0.0,0.0,7.6038977506348715,7.191788824722056,2.908761352654192,1.2749080269364823,8.032195440237844,11.944825062214997,0.0,Inf,0.0,Inf
1861,13.935201653951747,13.626016529066492,0.0,0.0,7.6568043012554465,7.189123957384046,2.7856544666588934,1.1448491791760127,8.04929225160231,11.944303406146938,0.0,Inf,0.0,Inf
1862,14.478763567886402,13.66304012878505,0.0,0.0,7.462262871535651,7.18633150518411,2.624083878595889,1.7083460882623107,8.135698882862634,11.894372310912242,0.0,Inf,0.0,Inf
1863,15.113160974696239,13.7106112532005,0.0,0.0,7.179378630413609,7.183614946049102,2.4372746791837896,2.233607640025391,8.260681378752532,11.808216868720464,0.0,Inf,0.0,Inf
1864,15.814538576533058,13.725215875283451,0.0,0.0,6.879888565502473,7.182409186106486,2.2864298470366644,2.042017813652294,8.399623951446914,11.657352546240581,0.0,Inf,0.0,Inf
1865,16.554657745047447,13.762035279725895,0.0,0.0,6.5789922006665815,7.1793281093718955,2.1482055285887975,1.8112334571450612,8.511862654254914,11.51295376950921,0.0,Inf,0.0,Inf
1866,17.272153838712743,13.829020003741723,0.0,0.0,6.343409665090647,7.176323443538193,2.0239637312157317,1.6849556275113784,8.629142008815414,11.20126332243128,0.0,Inf,0.0,Inf
1867,17.952535707804714,13.897865300579117,0.0,0.0,6.183284525875512,7.1728282125304,1.884817141247076,2.0919006132475215,8.789538251397158,10.83647677254576,0.0,Inf,0.0,Inf
1868,18.632759867037787,13.964528322530434,0.0,0.0,6.11571840692878,7.1693613643460745,1.7915602587100323,1.512227574622238,8.947369498165164,10.393937913647877,0.0,Inf,0.0,Inf
1869,19.281590059234308,14.052227944617664,0.0,0.0,6.155445317923159,7.165585661744987,1.7215052630563683,1.1380423235791512,9.048690785000419,10.007293875379638,0.0,Inf,0.0,Inf
1870,19.871077824315083,14.147367663905175,0.0,0.0,6.211038109830338,7.162344690448249,1.6419085315635404,1.2806492158252563,9.125427508937088,9.651858467541729,0.0,Inf,0.0,Inf
1871,20.40349278735174,14.247646700666067,0.0,0.0,6.266601808946887,7.159211357562312,1.5548297056975053,1.4715429918549308,9.173331555778619,9.302063016046956,0.0,Inf,0.0,Inf
1872,20.918390874087898,14.280396371467893,0.0,0.0,6.268371112401688,7.156902072916739,1.5025031706982253,1.5047172772553175,9.234376075429923,8.87543921409056,0.0,Inf,0.0,Inf
1873,21.43918545704013,14.357139271217308,0.0,0.0,6.443600364070301,7.150586231076274,1.4572361699449832,1.4187396897747395,9.270326287451143,8.528449786397747,0.0,Inf,0.0,Inf
1874,21.936989061380984,14.417760433576609,0.0,0.0,7.0629678933756255,7.145825257381699,1.4190106122203583,1.3883299941290321,9.281861298738738,8.209272836368928,0.0,Inf,0.0,Inf
1875,22.339846040967437,14.4940336665139,0.0,0.0,7.613808174502705,7.14222922402642,1.3806359958523846,1.310867847606105,9.258861120572375,7.9209801218322,0.0,Inf,0.0,Inf
1876,22.58363581204448,14.5411347211158,0.0,0.0,7.781232778315741,7.139859910616618,1.3520486336152764,1.3278322745664044,9.244912244794861,7.642980576708988,0.0,Inf,0.0,Inf
1877,22.149123401710344,14.644481347011682,0.0,0.0,7.710265218285818,7.138005048119444,1.321680635616249,1.2442406512116755,9.216062133117417,7.41084317478534,0.0,Inf,0.0,Inf
1878,20.836029013758203,15.057725449594852,0.0,0.0,7.46798032355246,7.136236003482394,1.2945600624915616,1.1892896879635004,9.191807273093673,7.194759942221938,0.0,Inf,0.0,Inf
1879,19.33277341900666,15.527561217054302,0.0,0.0,7.15341035933773,7.134489420872416,1.2677309192893707,1.1273775449402677,9.174470857068474,6.992324260743088,0.0,Inf,0.0,Inf
1880,18.806800109450997,15.713457859429326,0.0,0.0,6.83483991839439,7.132890058413294,1.2443736810846993,1.1216490549464797,9.1759673178531,6.798629720976294,0.0,Inf,0.0,Inf
1881,19.129912490855094,15.529088793255546,0.0,0.0,6.538170305555852,7.130911967703014,1.2201776277896856,1.0094457576481568,9.157989131877272,6.7249833926542015,0.0,Inf,0.0,Inf
1882,19.615737468812192,15.172933199314171,0.0,0.0,6.3057558200511155,7.129113706382002,1.1824141057100273,1.0875602729151146,9.172536412226737,6.565859954133802,0.0,Inf,0.0,Inf
1883,19.75232087600904,14.970988689589703,0.0,0.0,6.1439085740468755,7.126615254685588,1.1601622879468132,1.156643450655045,9.214568080536159,6.3275415137986695,0.0,Inf,0.0,Inf
1884,19.545889738964835,14.992449350805535,0.0,0.0,6.544162893999458,7.1207066534617995,1.1444868897666132,1.1489218824800174,9.258376631757436,6.134562621741457,0.0,Inf,0.0,Inf
1885,19.43639138544095,14.722558175418387,0.0,0.0,7.169880590369555,7.117865467885035,1.1347764697369784,1.1470629763120674,9.289334190888743,5.948469894065215,0.0,Inf,0.0,Inf
1886,19.021487809567024,14.84512597507804,0.0,0.0,7.548696064600867,7.115771708607365,1.1296602794701045,1.1493899474453841,9.298736644559979,5.7707534274285655,0.0,Inf,0.0,Inf
1887,18.416826072410476,15.085312962021126,0.0,0.0,7.597307318611163,7.114045241378135,1.1304081116409348,1.1680587059455718,9.293384814795928,5.594251959230867,0.0,Inf,0.0,Inf
1888,17.810236746246773,15.291630893184566,0.0,0.0,7.4367552306286475,7.112473158033803,1.1373959130068454,1.2649226387351504,9.285085868000747,5.369858361387102,0.0,Inf,0.0,Inf
1889,17.3451176144944,15.388282351032672,0.0,0.0,7.148237808850532,7.111207313411392,1.154574382374893,1.3983048822029078,9.234347783177215,5.294461946191048,0.0,Inf,0.0,Inf
1890,17.01575562014349,15.335942717882402,0.0,0.0,6.893237930499619,7.106966119226096,1.2087208271736727,2.089656223477612,9.113431685108502,5.256016217270986,0.0,Inf,0.0,Inf
1891,16.302357676128416,15.25295883988964,0.0,0.0,7.205003099190422,7.102977786910996,1.295634891126924,2.9600434599387526,8.922144128432361,5.273462554481762,0.0,Inf,0.0,Inf
1892,14.701365312274483,15.655258318005238,0.0,0.0,7.54455900485207,7.100928091626045,1.4142501242859822,3.8223029950654652,8.663277154168446,5.3362261404905,0.0,Inf,0.0,Inf
1893,12.898208709441628,16.13446159267462,0.0,0.0,7.6503432925657275,7.099205236903551,1.561721053889001,4.456832952440215,8.354691505820579,5.428640906971593,0.0,Inf,0.0,Inf
1894,11.599458464903869,16.40837136442805,0.0,0.0,7.55796865756816,7.097919589408763,1.7134919544029155,4.8446011252837025,7.992787738266335,5.649240336262941,0.0,Inf,0.0,Inf
1895,10.665410500327702,16.452238992315277,0.0,0.0,7.276907451517797,7.096910981598691,1.8797526739240322,4.5276125950732675,7.663448234901543,5.895722102886297,0.0,Inf,0.0,Inf
1896,10.177315608679802,16.407418328176934,0.0,0.0,6.962047521520651,7.095380188462374,2.035886009735699,4.4609506302544375,7.314139209297685,6.18344186626782,0.0,Inf,0.0,Inf
1897,10.20947798920988,15.996688317282375,0.0,0.0,6.659460584933937,7.093255629940721,2.1827882027007934,4.27629128885723,6.96354911988296,6.46423563622288,0.0,Inf,0.0,Inf
1898,10.637696640058149,15.568693366884059,0.0,0.0,6.845624569604319,7.088253142031169,2.326344287732701,3.933229287198151,6.63842265340025,6.738266653594486,0.0,Inf,0.0,Inf
1899,11.072873025720936,15.040736678104999,0.0,0.0,7.297339031939454,7.086122434996818,2.4629382316426986,3.6843152741958805,6.327749714597079,7.010259912191208,0.0,Inf,0.0,Inf
1900,11.640034599584503,14.630088339112044,0.0,0.0,7.624717647821028,7.084427198903904,2.584525523140044,3.1273958153997516,6.070317064169472,7.268821071110502,0.0,Inf,0.0,Inf
1901,12.094909991894442,14.34186433344807,0.0,0.0,7.612674247255086,7.083174862867299,2.6680982545729024,2.658620938487388,5.830024116670629,7.523492064793996,0.0,Inf,0.0,Inf
1902,12.205309256726109,14.23478747652948,0.0,0.0,7.584708283324957,7.079629849535193,2.6936765974334027,1.6215086820410438,5.719141587656326,7.623993985194874,0.0,Inf,0.0,Inf
1903,12.072841912522305,14.309652616310304,0.0,0.0,7.760182801715783,7.076172776512727,2.6213523455128245,1.086364659127297,5.693252612194031,7.722664591229711,0.0,Inf,0.0,Inf
1904,11.909693033430877,14.332515960683306,0.0,0.0,7.920670010057446,7.075431125032748,2.5125605366008212,1.4217684788826013,5.807374471979944,7.7559243928451815,0.0,Inf,0.0,Inf
1905,11.89949868136693,14.331294983775477,0.0,0.0,7.8249036628481,7.074797780205066,2.3587271832155725,1.9717361862102833,5.960551565332787,7.857341280111179,0.0,Inf,0.0,Inf
1906,12.165150166425342,14.254479629206841,0.0,0.0,7.554000493206819,7.0726551755591816,2.2139584379824906,1.965297354214113,6.11487299909021,7.890493133468968,0.0,Inf,0.0,Inf
1907,12.606220076096346,14.126262460469087,0.0,0.0,7.658086064160169,7.069242837520836,2.101717062130387,2.1004937456443455,6.337452027684875,7.841494022462912,0.0,Inf,0.0,Inf
1908,13.03302237968656,14.081938275924047,0.0,0.0,8.222185543021045,7.059049539721951,1.9820119230510993,1.9778787712131605,6.508542541499081,7.77361366131724,0.0,Inf,0.0,Inf
1909,13.382627895718638,13.989687076955224,0.0,0.0,9.190793969693507,7.056275285808406,1.8886974149504223,2.072440955956347,6.714221325073058,7.691058383665661,0.0,Inf,0.0,Inf
1910,13.621194425969415,13.987940845213183,0.0,0.0,9.384998768992517,7.05829487397488,1.8109757609635928,1.7618660871939864,6.85808827096303,7.649429943394932,0.0,Inf,0.0,Inf
1911,13.746080283984691,14.013032659546692,0.0,0.0,8.899604922432042,7.062680842370469,1.7461495562697562,1.5764322407049236,6.946097023889405,7.623067254732218,0.0,Inf,0.0,Inf
1912,13.83872423875474,14.002811058139049,0.0,0.0,8.044670264685946,7.068283832980406,1.7010472632706755,1.4904572355261483,7.022665351520121,7.594902049956152,0.0,Inf,0.0,Inf
1913,13.89160572093708,14.015447378484732,0.0,0.0,7.16414162919749,7.068321740982759,1.6602576974036587,1.4431468550288478,7.063357162705465,7.57656559986725,0.0,Inf,0.0,Inf
1914,13.887677525523683,14.009127263110233,0.0,0.0,7.074910108819291,7.060866664727642,1.6257699372620598,1.4584058555866075,7.092326682625741,7.557848606753172,0.0,Inf,0.0,Inf
1915,12.06509223726629,14.212535802329528,0.0,0.0,7.403199835256344,7.058157486421597,1.5954816787282522,1.448308991967274,7.120078177177563,7.544547231355237,0.0,Inf,0.0,Inf
1916,9.303688189249957,14.599115168325204,0.0,0.0,7.576422237153777,7.054816785624501,1.5694686795851351,1.4251180040204467,7.147211174147593,7.533234951228023,0.0,Inf,0.0,Inf
1917,6.715598525936216,14.796262948443456,0.0,0.0,7.917873474367631,7.045788938931733,1.5472950368493652,1.4231954181926263,7.16757652996325,7.649292415933908,0.0,Inf,0.0,Inf
1918,5.690152706809669,14.647161659150717,0.0,0.0,8.365945239512163,7.042868363460728,1.5266594931247037,1.4478753123611865,7.172815884267655,7.810400885151172,0.0,Inf,0.0,Inf
1919,6.806427328508332,14.338617883385568,0.0,0.0,8.432254498427687,7.0432286638266355,1.5164324081778402,1.418794955061553,7.189385117640331,8.003711470847302,0.0,Inf,0.0,Inf
1920,7.762795562855488,14.095280888154333,0.0,0.0,8.136013606110403,7.044561524062726,1.5118138501479514,1.4028450053488506,7.204522341466744,8.235846037409825,0.0,Inf,0.0,Inf
1921,9.044778915229902,13.752547420612137,0.0,0.0,7.59653868304407,7.045689643635131,1.5107617840150038,1.4145201367891078,7.207474466635011,8.498537911730525,0.0,Inf,0.0,Inf
1922,9.85962894544538,13.514095149990498,0.0,0.0,6.975592751609997,7.046210906972817,1.5154718753829852,1.4353312914916092,7.20129830613408,8.785332774526628,0.0,Inf,0.0,Inf
1923,10.055962824459138,13.374704962428677,0.0,0.0,6.387672100388229,7.04531815987523,1.517730606644741,1.5796106572074338,7.167477852439461,9.066206960093119,0.0,Inf,0.0,Inf
1924,9.845922638303012,13.256932443549516,0.0,0.0,5.9434851832597895,7.045388346609166,1.5413606493222303,1.5702823355137736,7.12658531367917,9.338975731259666,0.0,Inf,0.0,Inf
1925,9.57936587162854,13.158365587390465,0.0,0.0,5.638895754303455,7.045691843856935,1.573815531740527,1.6556171187030322,7.0706515554443055,9.611808960115477,0.0,Inf,0.0,Inf
1926,9.618145259361347,13.043868908968584,0.0,0.0,5.653472572539468,7.0455710412270545,1.6254961275304596,1.861028097781367,7.002062302900707,9.861000260629874,0.0,Inf,0.0,Inf
1927,10.115962713275778,12.962218100479399,0.0,0.0,5.500329701581192,7.0409617203431365,1.6704399876871505,2.34963630847724,6.8671166779452,10.109853328152399,0.0,Inf,0.0,Inf
1928,10.989462355182138,12.813107817567309,0.0,0.0,5.862651898146997,7.035893884626923,1.770213166493445,2.395326802078919,6.755175186575871,10.33377170107034,0.0,Inf,0.0,Inf
1929,11.908192586992504,12.772368966312024,0.0,0.0,6.573332980535156,7.026454153324387,1.8758741332922875,2.757890013675904,6.549392310527599,10.425329793621348,0.0,Inf,0.0,Inf
1930,12.740401291827734,12.718547645063188,0.0,0.0,7.285164621106627,7.021819006310895,2.00404227654674,2.7815163973475956,6.346890895379906,10.456225424422787,0.0,Inf,0.0,Inf
1931,13.43457246600948,12.714624953007462,0.0,0.0,7.5688611096931675,7.015864027138513,2.132263909257485,2.857090818573746,6.117528529410942,10.433582889978958,0.0,Inf,0.0,Inf
1932,14.032606497211436,12.749774789386873,0.0,0.0,7.552213022747789,7.0108777074636714,2.2556297677949777,2.894827310425545,5.865224198501451,10.380012792258512,0.0,Inf,0.0,Inf
1933,14.608759346835672,12.75403405264359,0.0,0.0,7.352100046648451,7.008375176658598,2.3917830398989492,2.6669531995290856,5.668496370829477,10.27311878669655,0.0,Inf,0.0,Inf
1934,15.22534177148003,12.812801496094538,0.0,0.0,7.040937902712964,7.003885938140874,2.469992869794974,2.3544653795940973,5.503565753126691,10.165300966775066,0.0,Inf,0.0,Inf
1935,15.910560750055435,12.838522191678342,0.0,0.0,6.743731978168104,7.001249074515359,2.520266115989445,1.9354321603884552,5.4216336240174385,10.055600881036442,0.0,Inf,0.0,Inf
1936,16.61116903397136,12.92737887227926,0.0,0.0,6.473047212511372,6.996705567835163,2.502479678378228,1.58729448386587,5.4103003932821006,9.828789045346225,0.0,Inf,0.0,Inf
1937,17.29356676993668,13.013662874489285,0.0,0.0,6.290003402698062,6.992460944059972,2.4451464547295725,1.5396254226380732,5.464734133811719,9.547798251125547,0.0,Inf,0.0,Inf
1938,17.943847334372364,13.102298638331481,0.0,0.0,6.202935507738859,6.9883095604576075,2.3626199043253733,1.7557493906828527,5.587076375749855,9.217691413475585,0.0,Inf,0.0,Inf
1939,18.558047163883185,13.19482661208743,0.0,0.0,6.196056386737289,6.9842889710085165,2.2587982475668076,2.0285917586412245,5.76071371315125,8.859250725658224,0.0,Inf,0.0,Inf
1940,19.12521044670463,13.308344738383484,0.0,0.0,6.298217570229942,6.9800940759108006,2.169606829203478,1.8703058154629595,5.899568544279658,8.491983703256313,0.0,Inf,0.0,Inf
1941,19.648184453887456,13.387910931335853,0.0,0.0,6.297004839753595,6.976985587941143,2.1043148018274613,1.8740224523220672,6.04577362558808,8.121072728275482,0.0,Inf,0.0,Inf
1942,20.136137931767244,13.44131973638162,0.0,0.0,6.369345508566105,6.973356513833732,2.0437729919067684,1.7727716521513168,6.183286531285809,7.690034149252305,0.0,Inf,0.0,Inf
1943,20.62082596414521,13.490869135535942,0.0,0.0,6.504409517798442,6.969819255576359,1.9861154191017378,1.7055168097178952,6.363918811823959,7.272363790698718,0.0,Inf,0.0,Inf
1944,21.086095361801508,13.491744928200646,0.0,0.0,6.466770046231436,6.967343569503333,1.9414973134274691,1.7843658902827217,6.554143924023903,6.931369236648151,0.0,Inf,0.0,Inf
1945,21.4443630886646,13.53752777693605,0.0,0.0,6.495168739252185,6.96358862271285,1.8876201450738868,1.6832611646272309,6.675218342754138,6.643073720847636,0.0,Inf,0.0,Inf
1946,21.70028304225093,13.596052821874112,0.0,0.0,7.006666321402738,6.956722854242477,1.8299735933675247,1.5981936989721015,6.737866217887799,6.389022425114845,0.0,Inf,0.0,Inf
1947,21.891039091981714,13.610943077298028,0.0,0.0,7.6050087293393,6.951734167101259,1.7850190332722338,1.6299365654762912,6.800115221745527,6.1436889369618966,0.0,Inf,0.0,Inf
1948,22.043626849019436,13.677366390200856,0.0,0.0,8.483866583745591,6.945916805155207,1.7320892133963173,1.4827024586021738,6.820337390939993,5.926211693858024,0.0,Inf,0.0,Inf
1949,22.19076961771178,13.680476549567908,0.0,0.0,8.774966906781714,6.946515533873048,1.6881669940236774,1.4375485244120356,6.859051546580517,5.704282717158894,0.0,Inf,0.0,Inf
1950,22.341046547238314,13.65071991704569,0.0,0.0,8.473828543280055,6.950098073893012,1.656147698253485,1.4344214164541458,6.924244656302465,5.507287122684571,0.0,Inf,0.0,Inf
1951,22.484103942227446,13.672203539312491,0.0,0.0,8.092687755511125,6.9494267021147555,1.617715577765235,1.2270977667415965,6.955060958270107,5.3309960733283,0.0,Inf,0.0,Inf
1952,22.62773199305471,13.603956530093328,0.0,0.0,7.862773138243241,6.951898769082322,1.575755488571901,1.5132665238877454,7.0552631969868145,5.157903780777081,0.0,Inf,0.0,Inf
1953,22.695102587268586,13.627169277800952,0.0,0.0,7.5766036646133434,6.953052846095011,1.5327669847614784,1.25658808638145,7.111491337857634,5.000794506418026,0.0,Inf,0.0,Inf
1954,22.605514072432214,13.574014271195386,0.0,0.0,7.351165193570807,6.950796846373036,1.4904788037638261,1.522986242422351,7.224919288048164,4.843417777959463,0.0,Inf,0.0,Inf
1955,22.25271327367104,13.616606120539647,0.0,0.0,7.3693326633986995,6.949973818754806,1.455685506009601,1.2191374862821889,7.296577108776641,4.695106053861164,0.0,Inf,0.0,Inf
1956,21.705877213570318,13.65778941356815,0.0,0.0,7.282762829101439,6.950098909112928,1.4334120434644055,1.0334525132981678,7.354196532128158,4.5511438441346,0.0,Inf,0.0,Inf
1957,20.896828198540117,13.778518796494527,0.0,0.0,7.056914706457998,6.949888258466966,1.3912362511499528,1.1102968104505675,7.394713984086624,4.432212043278756,0.0,Inf,0.0,Inf
1958,19.3958500976909,14.237943511463167,0.0,0.0,6.658221277691491,6.949862417281059,1.3547121710753736,1.2093889706895413,7.471420968234426,4.296198286559159,0.0,Inf,0.0,Inf
1959,17.524157676084062,14.897248728453544,0.0,0.0,6.2166661293092025,6.9496234075895185,1.3355026081075616,1.0860785225574512,7.548906484645968,4.163046335876269,0.0,Inf,0.0,Inf
1960,16.22700473910263,15.24425675641634,0.0,0.0,5.881553317044022,6.946040718119151,1.2979156009981863,1.0768046602620016,7.597301652481033,4.127438391827467,0.0,Inf,0.0,Inf
1961,15.399022358075594,15.159534149492547,0.0,0.0,6.1077738149362375,6.943010235835775,1.25823386546558,1.2028356584046134,7.66012008894101,4.114076246669355,0.0,Inf,0.0,Inf
1962,14.645280671153875,14.955546220319292,0.0,0.0,6.380714196735542,6.941422049169445,1.2298913073650648,0.9591046047836631,7.695682051202343,4.122748330070389,0.0,Inf,0.0,Inf
1963,14.011689226062881,14.412980726507454,0.0,0.0,6.451728818730049,6.940419474777105,1.193654908721254,1.0911695732974338,7.743243348917612,4.158582461288721,0.0,Inf,0.0,Inf
1964,13.249140147281173,14.332228841850156,0.0,0.0,6.334095731484542,6.939458854902753,1.1625321270708813,0.9757275361482103,7.759195792478461,4.2110971722608195,0.0,Inf,0.0,Inf
1965,12.42572286311817,14.245849551540129,0.0,0.0,6.056740997396227,6.938845012121883,1.1509561768011471,0.8262216311183612,7.796259245995839,4.263090431072928,0.0,Inf,0.0,Inf
1966,11.806282869998542,13.981082696825524,0.0,0.0,5.761782363593312,6.937786140322842,1.1131556035944719,1.090291202512166,7.8048120072211695,4.345935384197002,0.0,Inf,0.0,Inf
1967,11.183127355571894,13.907118245584412,0.0,0.0,5.5576257050997295,6.935927312895677,1.0935607140689816,0.8861353066117362,7.819892090500616,4.401958302818267,0.0,Inf,0.0,Inf
1968,10.6338635706727,13.80530821196527,0.0,0.0,5.468368654482109,6.933154281627632,1.0748184574291002,0.9898995952283084,7.874964165887932,4.562187668986289,0.0,Inf,0.0,Inf
1969,10.182390577534603,13.749625385258968,0.0,0.0,5.480886882730037,6.928948351764409,1.0530003130085828,0.875148481667524,7.880720636481383,4.741059507922423,0.0,Inf,0.0,Inf
1970,9.848163270677318,13.686640080264375,0.0,0.0,5.620930943192854,6.9239938652099005,1.014179653151191,1.2530987225850962,7.873545106544589,4.9635570678633405,0.0,Inf,0.0,Inf
1971,8.589895400641304,13.609571957900439,0.0,0.0,5.82592839774801,6.918520333067197,1.0331452571901096,0.9456154644347537,7.857247620744388,5.129281375546307,0.0,Inf,0.0,Inf
1972,6.603291031404656,13.889460441398485,0.0,0.0,5.959191834120873,6.913342930331011,1.0539592685478294,1.1871576400062696,7.824309904484403,5.32603334764217,0.0,Inf,0.0,Inf
1973,4.333525734862026,14.029358623180661,0.0,0.0,6.081020943893058,6.909137977742034,1.0895035094813694,1.4204147982848405,7.778925597797553,5.567467781133392,0.0,Inf,0.0,Inf
1974,2.9991654413462188,14.074901760143668,0.0,0.0,6.152173306633199,6.9050320958897276,1.1470898622218857,2.4589372235796967,7.6359029643282454,5.834099269389397,0.0,Inf,0.0,Inf
1975,2.759004814584993,13.950141296602919,0.0,0.0,6.231210279693812,6.901613524798412,1.24277955144999,2.9430429550319985,7.453225748080552,6.103918748991667,0.0,Inf,0.0,Inf
1976,2.757658397322492,13.755562624252594,0.0,0.0,6.306439496548712,6.898571661770213,1.3672481308415367,3.4323698532669273,7.223649782833227,6.39460328766208,0.0,Inf,0.0,Inf
1977,3.7501456211346076,13.323027710862545,0.0,0.0,6.4137681691615525,6.895951391907593,1.5051419270184745,3.728967943483698,6.955440174911002,6.663085053057679,0.0,Inf,0.0,Inf
1978,4.605417371131233,13.060314275140701,0.0,0.0,6.504558639843964,6.891493613315312,1.6467956942862594,3.898962539045137,6.651529338858678,6.926872809633746,0.0,Inf,0.0,Inf
1979,5.477036668102124,12.84687379699674,0.0,0.0,7.22942613549082,6.88563463181055,1.7840946539146145,4.062578504173929,6.314162581783853,7.18835885479975,0.0,Inf,0.0,Inf
1980,5.667768494442025,12.68413007521039,0.0,0.0,8.172923972040364,6.877875886387849,1.927193030728603,3.480353666361096,6.037178774511304,7.419354118878383,0.0,Inf,0.0,Inf
1981,5.255709440454615,12.676497648428462,0.0,0.0,9.098835233972167,6.872951693933864,2.0312419782998408,3.3160400374863537,5.744950762984026,7.618194356141922,0.0,Inf,0.0,Inf
1982,4.371670690961242,12.603839414396177,0.0,0.0,9.357672723727585,6.874769733905856,2.136457238920767,2.4721932069455694,5.545681451710197,7.800674814423777,0.0,Inf,0.0,Inf
1983,3.490105555027997,12.512633417348022,0.0,0.0,8.983678577678337,6.87859978258341,2.1875362315033393,1.7875262471817464,5.418750749750603,7.866272656981855,0.0,Inf,0.0,Inf
1984,3.2370113665185096,12.439832263006885,0.0,0.0,8.2355286188605,6.883184559323943,2.16190989106717,1.3037283850093873,5.419783680193469,8.03035161078983,0.0,Inf,0.0,Inf
1985,3.5921213093681326,12.311795329128753,0.0,0.0,7.579450241572404,6.88666330661988,2.102440701990311,1.174581916338021,5.532081879275486,8.211845684068916,0.0,Inf,0.0,Inf
1986,4.1249980600465666,12.20936256058599,0.0,0.0,7.167910935747149,6.883714645988413,2.010101084117243,1.5640147990437565,5.6605232339393945,8.39601724683134,0.0,Inf,0.0,Inf
1987,4.50696573155887,12.11230214411258,0.0,0.0,7.295606449203407,6.882080245904716,1.9000136180814702,1.9625511651761338,5.803309667491433,8.59930533703899,0.0,Inf,0.0,Inf
1988,4.627801747412991,12.000910464434655,0.0,0.0,7.443717206648442,6.8817639654782425,1.8069632678478833,1.792977798332889,5.913751729348193,8.79528154599116,0.0,Inf,0.0,Inf
1989,4.594099459598392,11.932942542061584,0.0,0.0,7.645487487476723,6.875789794223606,1.723597082806958,1.633587123882524,5.989375014042115,8.992569653504429,0.0,Inf,0.0,Inf
1990,4.515488373591829,11.851993233232035,0.0,0.0,8.058772741974973,6.873930163802796,1.6563430247360935,1.4425477160464366,6.065485545241097,9.187635181309616,0.0,Inf,0.0,Inf
1991,4.540990572501575,11.796532208694101,0.0,0.0,8.177068039582624,6.873029821457542,1.590008639786179,1.364282081195876,6.109957406630925,9.38701240723529,0.0,Inf,0.0,Inf
1992,4.780071449547789,11.706697176812552,0.0,0.0,8.101264656210668,6.874631940124508,1.5410870160764338,1.1551780574764676,6.177407176366353,9.58093427655445,0.0,Inf,0.0,Inf
1993,5.213300509564455,11.638844148731312,0.0,0.0,7.8011165707768715,6.875123977054822,1.4696045943843916,1.3877120053156788,6.254271852074662,9.791446149260764,0.0,Inf,0.0,Inf
1994,5.765017239088637,11.561194096666853,0.0,0.0,7.426920177770135,6.8758750189663225,1.4121066533552489,1.2257816055679156,6.319444426606688,9.986731719964233,0.0,Inf,0.0,Inf
1995,6.327588622152457,11.494063902451458,0.0,0.0,7.056818620239148,6.875894778542164,1.362241606798401,1.1811334044232686,6.362834261216157,10.190549938808005,0.0,Inf,0.0,Inf
1996,6.828200401397167,11.405893852940535,0.0,0.0,6.888467872536558,6.877647973368518,1.3283815359198123,0.991207737356622,6.421006097819604,10.39204743863567,0.0,Inf,0.0,Inf
1997,7.237601324244371,11.341805637813968,0.0,0.0,6.736595159838893,6.8780687578388395,1.2745919027824175,1.1646251198872768,6.478837431260708,10.61271746006229,0.0,Inf,0.0,Inf
1998,7.576991788627431,11.277375845251909,0.0,0.0,6.6180526973312785,6.878482805462702,1.2306002100633426,1.1142561289467157,6.512556199735097,10.823241584289844,0.0,Inf,0.0,Inf
1999,7.876219766204257,11.197437577886843,0.0,0.0,6.7269122619576445,6.881367435404857,1.2004269240787515,0.9676348246761123,6.55336756399555,11.034219559111385,0.0,Inf,0.0,Inf
2000,8.158261047526311,11.131454292587842,0.0,0.0,6.7943317839960695,6.882912406487412,1.1525795382554889,1.0953439952012174,6.59707129453855,11.260399501980098,0.0,Inf,0.0,Inf
2001,8.450431359232216,11.065060093089103,0.0,0.0,6.8163899551777,6.884274938542999,1.1134722404408128,1.0602602893172555,6.619698917261815,11.476054063272624,0.0,Inf,0.0,Inf
2002,8.75758947284903,10.981621052302254,0.0,0.0,7.038021998049995,6.888681519989224,1.0866531604296055,0.940144117862075,6.6538936684169245,11.689143032109484,0.0,Inf,0.0,Inf
2003,9.06940291919423,10.91757594164435,0.0,0.0,7.103658139825037,6.888193083517932,1.0585912684517433,1.0187538240044247,6.659202277595357,11.90734519051985,0.0,Inf,0.0,Inf
2004,9.372719699690705,10.831326397218412,0.0,0.0,7.425036099089773,6.892514092808045,1.0403405326712036,0.8993362165550463,6.685612286652853,12.12402745019337,0.0,Inf,0.0,Inf
2005,9.55659050098202,10.800171664168928,0.0,0.0,7.369007058887479,6.8928104375675705,1.0217164892091646,0.8868696755404869,6.684927391603142,12.213450970147969,0.0,Inf,0.0,Inf
2006,9.64289451550338,10.778615280502118,0.0,0.0,7.167641303927086,6.892778594082511,1.0065418164328308,0.8626953297140574,6.675294939004794,12.259718981756546,0.0,Inf,0.0,Inf
2007,9.665118361629874,10.771347009882428,0.0,0.0,6.89572915185628,6.892039438093156,0.9939854187315352,0.8511353651074999,6.661134942200657,12.262746322226043,0.0,Inf,0.0,Inf
2008,9.653521698045955,10.776930977244351,0.0,0.0,6.626096818193114,6.890649635473436,0.9826819981175016,0.8501372550996369,6.645658562340563,12.22423561384162,0.0,Inf,0.0,Inf
2009,9.627671243203295,10.798162111530923,0.0,0.0,6.353514071121076,6.887888557455426,0.9697321636734095,0.93736919391766,6.6234762673154455,12.15247806902973,0.0,Inf,0.0,Inf
2010,9.586830268689932,10.825206828192908,0.0,0.0,6.1758779340653405,6.885899441270564,0.9585348132413717,0.9333202982410952,6.603294567543264,12.062042432386887,0.0,Inf,0.0,Inf
2011,9.519557582778956,10.848468767582972,0.0,0.0,6.084272217194836,6.8855546594358445,0.9507761247941314,0.8652011653273866,6.595318472745703,11.96262010028899,0.0,Inf,0.0,Inf
2012,9.527815582148511,10.8802681992579,0.0,0.0,5.948308551822914,6.8817843401011976,0.9365018327534985,0.9442156033834352,6.559826364163505,11.861392788980433,0.0,Inf,0.0,Inf
2013,9.693243999238254,10.907284699772003,0.0,0.0,5.914390119066781,6.88099654387234,0.9256262628839396,0.8704777215673165,6.537026098895795,11.764118815219035,0.0,Inf,0.0,Inf
2014,10.010260501013954,10.947426136889169,0.0,0.0,5.847202469160838,6.8770454486448696,0.9082274285493397,0.9560258310735297,6.488049300025907,11.676855864258654,0.0,Inf,0.0,Inf
2015,10.47727554048541,10.971012639299019,0.0,0.0,5.822255125068977,6.875318031107514,0.9023645308126219,1.0406377004935226,6.434817959241634,11.597112262556594,0.0,Inf,0.0,Inf
2016,11.089869644915073,10.98209356635814,0.0,0.0,5.834159432761809,6.874911348484447,0.9132910805023823,1.1842483881239783,6.378339818826928,11.517493366152388,0.0,Inf,0.0,Inf
2017,11.85820163338464,10.994760035363223,0.0,0.0,5.826784543048169,6.872478053935068,0.9531419090481693,1.6766483500419544,6.278261978386504,11.438905818690063,0.0,Inf,0.0,Inf
2018,12.781026009549555,10.98436449499525,0.0,0.0,5.81830678821835,6.870637653389856,1.0079415071667337,2.3578275146202645,6.145603561233926,11.314482177064123,0.0,Inf,0.0,Inf
2019,13.87605856152919,10.981383995083613,0.0,0.0,5.811937353498132,6.867658993004297,1.0716071510568916,2.862508082933635,6.007498254722615,11.228349069239009,0.0,Inf,0.0,Inf
2020,14.926892100598998,11.011399911861389,0.0,0.0,5.800164574291475,6.8636390232033655,1.1491349534626532,3.054545209289117,5.856830346081477,11.03725636857049,0.0,Inf,0.0,Inf
2021,15.86762319471757,11.056126259472908,0.0,0.0,5.805175807810169,6.859652968604049,1.2328461737806045,3.106071049094492,5.670035910823711,10.819752357655684,0.0,Inf,0.0,Inf
2022,16.719104115913005,11.12405168498453,0.0,0.0,5.879774117684528,6.853511783593399,1.31432500052493,3.0498673748927065,5.435607179121458,10.569609952613385,0.0,Inf,0.0,Inf
2023,17.56854884687312,11.20725988641338,0.0,0.0,6.024191190474624,6.847095762367529,1.3949274296887173,2.9385537409256886,5.184716180918872,10.283012812176072,0.0,Inf,0.0,Inf
2024,18.456666746579938,11.310590373816142,0.0,0.0,6.262222134197799,6.8406977137121565,1.46974891616454,2.7722993672345755,4.934394491334744,9.966386924634229,0.0,Inf,0.0,Inf
2025,19.38557037861121,11.408802051388712,0.0,0.0,6.398905312011203,6.836049440627239,1.5440122503974343,2.55048104370064,4.733527354873084,9.623586802988319,0.0,Inf,0.0,Inf
2026,20.32832023931716,11.509764857102343,0.0,0.0,6.5896835443163235,6.830090058122105,1.6036946960018739,2.382320493803033,4.565557633310656,9.236411443646988,0.0,Inf,0.0,Inf
2027,21.29679074740748,11.60034265040239,0.0,0.0,6.74794413951868,6.8249499679506185,1.649011890051078,2.288849989059387,4.493906662501945,8.83362401740476,0.0,Inf,0.0,Inf
2028,22.244579255411633,11.69426025050976,0.0,0.0,6.872189814627246,6.820094801715716,1.6868342663524996,2.0496223155572912,4.44322489501265,8.468937676779428,0.0,Inf,0.0,Inf
2029,23.12705765968119,11.780944252228803,0.0,0.0,6.934828111656997,6.815878893826837,1.7163371510986707,1.7979213354774877,4.3673380974099585,8.123220579568962,0.0,Inf,0.0,Inf
2030,23.943448607464504,11.864761244113463,0.0,0.0,6.961414789325802,6.812055455847916,1.7078992081318805,1.431152087711448,4.282416770041304,7.808993034891981,0.0,Inf,0.0,Inf
2031,24.713599149564057,11.937827183328272,0.0,0.0,7.112508755173274,6.805030414290242,1.6731167015514867,1.17046055905386,4.1916279692871985,7.511372145565992,0.0,Inf,0.0,Inf
2032,25.45894707937445,12.005143380731143,0.0,0.0,7.735533442061054,6.799066411599992,1.5902896502356851,0.9716585692010284,4.120994033570203,7.2375737298323815,0.0,Inf,0.0,Inf
2033,26.204858527764166,12.030362166122178,0.0,0.0,8.02455437967071,6.797004490518191,1.4914382523771788,1.2104805422690572,4.128853310449806,6.961561386855134,0.0,Inf,0.0,Inf
2034,26.839356567944346,12.089501175067834,0.0,0.0,8.341720713235151,6.789809599850356,1.3666379620715665,1.1634656413122169,4.144477882706797,6.701190854458859,0.0,Inf,0.0,Inf
2035,27.18180211377029,12.139734901376553,0.0,0.0,8.644394113379663,6.786265525083466,1.2732255768365073,1.3609392359464363,4.2355391742099595,6.422552686753146,0.0,Inf,0.0,Inf
2036,27.334841596012666,12.258320551635261,0.0,0.0,8.731489622255223,6.7873083397385825,1.183385901352731,1.1666698756609055,4.313004350564462,6.15883860767296,0.0,Inf,0.0,Inf
2037,27.464610179216734,12.345800297031516,0.0,0.0,8.366976116794124,6.7886876698269605,1.1046917719039326,1.1128266926207133,4.398720510871703,5.898819069513159,0.0,Inf,0.0,Inf
2038,27.667646672904773,12.387025836669753,0.0,0.0,7.977025742597549,6.789818075873316,1.0347583522122952,1.0641144006535155,4.483810145066037,5.645169956417112,0.0,Inf,0.0,Inf
2039,27.935459760723653,12.384148867757613,0.0,0.0,7.6268237984406335,6.791940748163138,0.972395209354097,1.0301882615876852,4.56533318319397,5.397362669314665,0.0,Inf,0.0,Inf
2040,28.204947643190906,12.355030254404381,0.0,0.0,7.1881731930593755,6.793274242601962,0.9170475958710923,0.9852095317020465,4.6308139980453875,5.172050511591881,0.0,Inf,0.0,Inf
2041,28.418254466480178,12.346811158676603,0.0,0.0,6.70689435400589,6.793459259529708,0.8632899884356012,0.9023953100414623,4.6679822699642,4.96081517169683,0.0,Inf,0.0,Inf
2042,28.55966445046085,12.320562296100235,0.0,0.0,6.173799093372906,6.793587268782782,0.8271474322522754,0.9860697394957748,4.732653874517464,4.753775750131498,0.0,Inf,0.0,Inf
2043,28.643983314987075,12.349467809991292,0.0,0.0,5.71241451101574,6.7927761276412495,0.797030433887688,0.846890948995766,4.7604074428382335,4.562580571880011,0.0,Inf,0.0,Inf
2044,28.692983526992514,12.374327350680936,0.0,0.0,5.335129350284202,6.791990211724306,0.7759548978917442,0.7872922047275821,4.77470249118755,4.379962244828378,0.0,Inf,0.0,Inf
2045,28.633319492121714,12.479182466031261,0.0,0.0,5.241322987346191,6.789841475352832,0.7489028355508107,0.763762361259925,4.743812861741411,4.214269400641183,0.0,Inf,0.0,Inf
2046,28.372048339547376,12.504340661066013,0.0,0.0,5.134916205302591,6.7874033365227255,0.7508152847909264,0.8309365129982726,4.786711811912035,4.035044433350713,0.0,Inf,0.0,Inf
2047,27.814332428448964,12.607225424188426,0.0,0.0,5.237626996002767,6.783281105882746,0.7440800554136139,0.680766642221183,4.779712786021432,3.8710265523897696,0.0,Inf,0.0,Inf
2048,27.065008245861264,12.66078976433356,0.0,0.0,5.423353711101903,6.7787049236572035,0.7445240755803115,0.6705382604735453,4.753112910716546,3.7295621496644795,0.0,Inf,0.0,Inf
2049,26.181271064380333,12.683233973503738,0.0,0.0,5.662342490957485,6.773508124778081,0.7500048683775418,0.6675331904190456,4.714983492872482,3.5986116150540344,0.0,Inf,0.0,Inf
2050,25.19740781449407,12.696224423752533,0.0,0.0,5.777611570244554,6.768726300642331,0.7581129835250697,0.6597278591113358,4.669619511643371,3.476632904999273,0.0,Inf,0.0,Inf
2051,24.143963007606747,12.720116106818892,0.0,0.0,5.82451581303641,6.76463594375871,0.7679818008698598,0.6522672806719368,4.623603977501371,3.3616421249495225,0.0,Inf,0.0,Inf
2052,23.061267550024564,12.762957865154902,0.0,0.0,5.840061997448785,6.760982572200514,0.7812798718207568,0.6263597986770283,4.581713750249567,3.2480115261905005,0.0,Inf,0.0,Inf
2053,21.113051812288145,13.35889425675261,0.0,0.0,5.881575079720417,6.756662604902552,0.7698924371293925,0.6089956574982713,4.533003772012985,3.153958116095422,0.0,Inf,0.0,Inf
2054,18.360512970794545,14.410607036266226,0.0,0.0,6.31366837300992,6.750243567571119,0.7736900602076724,0.7315943290051861,4.5642037753167815,3.052334846810327,0.0,Inf,0.0,Inf
2055,16.443315513022565,14.813188077088556,0.0,0.0,6.971563266141071,6.746295270242771,0.7639820590873047,0.5311759740367379,4.5473551826008105,2.9586869759095156,0.0,Inf,0.0,Inf
2056,15.61437756320877,14.113951391563003,0.0,0.0,7.363446091717187,6.7413774904096115,0.7511411607294783,0.6027801626992759,4.548630134988344,2.9296323894371636,0.0,Inf,0.0,Inf
2057,14.932211213162986,13.466594868552585,0.0,0.0,7.472472286686482,6.737859219596889,0.7197644363180268,0.5423294812785937,4.515613670283543,2.928818385843511,0.0,Inf,0.0,Inf
2058,13.91274038471321,13.279986827405866,0.0,0.0,7.310451615789614,6.735154618775943,0.7047925428510609,0.775667241073123,4.546686166315549,2.932821313078343,0.0,Inf,0.0,Inf
2059,12.839700071775827,13.372632679114266,0.0,0.0,7.045408182821409,6.732541563466048,0.6903659529328878,0.5698291278962662,4.531184788509064,2.954237448834234,0.0,Inf,0.0,Inf
2060,12.109314348805684,12.801907175555655,0.0,0.0,7.098059898183491,6.725800582761432,0.67412260749005,0.5946953490845096,4.524424151570008,2.9890899254829653,0.0,Inf,0.0,Inf
2061,11.462433889840238,12.735972046031621,0.0,0.0,7.483330180037832,6.722395134073722,0.6655504570380152,0.6001417798429768,4.506679090435234,3.029140741325429,0.0,Inf,0.0,Inf
2062,10.874709446135306,12.69046028028577,0.0,0.0,7.745331145583269,6.717694770944695,0.6625504814237837,0.6344805152581354,4.482098846390681,3.0736213609344154,0.0,Inf,0.0,Inf
2063,10.366200022848739,12.699635249066455,0.0,0.0,8.23728476484742,6.71247852651613,0.6473354223590467,0.9330501848249785,4.408883965637355,3.1299208415815802,0.0,Inf,0.0,Inf
2064,9.991149700574747,12.53751213373968,0.0,0.0,8.711734847975825,6.705230252102237,0.6751587509846649,0.8646853190096914,4.364139103187049,3.228705518515399,0.0,Inf,0.0,Inf
2065,9.743657866667206,12.449126049916158,0.0,0.0,9.19496029663909,6.705278491156354,0.702642578526044,1.0768750992618337,4.280647403260713,3.364719053446508,0.0,Inf,0.0,Inf
2066,8.231655430259336,12.551802587439804,0.0,0.0,9.100938946589283,6.709603163222213,0.7594394173655756,1.078178899422152,4.24140665371683,3.518821188940654,0.0,Inf,0.0,Inf
2067,5.612180728457556,13.009833589513876,0.0,0.0,8.480358587459248,6.714439030719761,0.8033491576778664,1.1836431341323077,4.145523056968823,3.6875041579517975,0.0,Inf,0.0,Inf
2068,3.1206037449530983,13.139379081471029,0.0,0.0,7.761239835027899,6.714638010231974,0.8532403058819641,1.167988770813468,4.0364989430025515,3.778721859397571,0.0,Inf,0.0,Inf
2069,2.5622647905894036,13.060939720397457,0.0,0.0,7.339042136678307,6.7161807374399825,0.9169117578847692,1.0450353311351988,3.9828215323123386,3.910332557749693,0.0,Inf,0.0,Inf
2070,3.197919674186971,12.810427756677939,0.0,0.0,6.9506320598351445,6.716925209370675,0.957916868806169,0.8890239856942906,3.9426891675286155,4.070458350081475,0.0,Inf,0.0,Inf
2071,4.521053376676165,12.260472556671536,0.0,0.0,6.552448303439146,6.717329455504514,0.9808694891732432,0.6828631879194343,3.9203310332563586,4.232225970766778,0.0,Inf,0.0,Inf
2072,4.8099166024654405,12.072092418060098,0.0,0.0,6.139347707745301,6.717517510589019,0.9727277575545578,0.4677138447398323,3.9236692753850133,4.399245310219535,0.0,Inf,0.0,Inf
2073,5.639545165179033,11.639960075468668,0.0,0.0,5.756893043966097,6.717407508999597,0.9309283062215349,0.6286878474894364,3.905427911246167,4.4728142833615285,0.0,Inf,0.0,Inf
2074,5.992705246929114,11.378762422994265,0.0,0.0,5.443297188148526,6.7183544120485,0.9217961227434813,1.0367760890949915,4.048625527270352,4.5747189276612525,0.0,Inf,0.0,Inf
2075,5.7953201708360735,11.301907962757163,0.0,0.0,5.238120610530037,6.716968795482999,0.8893836795345266,0.8383214917696031,4.1646135482345885,4.706321819351275,0.0,Inf,0.0,Inf
2076,5.152750166145428,11.25257134732294,0.0,0.0,5.136451002106668,6.714750710409733,0.86160186501452,0.9267096201465057,4.275466857460271,4.846877745575422,0.0,Inf,0.0,Inf
2077,4.3690340151519615,11.243651343640112,0.0,0.0,5.133064081662624,6.711267814996234,0.823073016682431,0.9098465342233144,4.331347067093152,5.012740411439811,0.0,Inf,0.0,Inf
2078,3.771348303894025,11.134165684431247,0.0,0.0,5.228163612184334,6.7079759300338075,0.8259160360876551,1.2791681381789661,4.461151982354491,5.177215492200794,0.0,Inf,0.0,Inf
2079,3.656688602101757,11.054663914805097,0.0,0.0,5.368105750556781,6.702981935048971,0.8208919531397646,0.9213851252861344,4.516093599812209,5.357110647903384,0.0,Inf,0.0,Inf
2080,3.9210498728670844,10.94734602291757,0.0,0.0,5.594836135770782,6.695884081645473,0.8141215709083163,0.9349860589288252,4.560530683159683,5.550335707461855,0.0,Inf,0.0,Inf
2081,4.2473115685576435,10.860623057908214,0.0,0.0,6.369937425863309,6.687812145624191,0.7979158958024877,0.9017666983176591,4.568043341262564,5.726443849491164,0.0,Inf,0.0,Inf
2082,4.442883989690775,10.738557245604238,0.0,0.0,7.136038009689833,6.683450607438109,0.8057338243639726,1.1429712027312005,4.631754513457434,5.888073052577931,0.0,Inf,0.0,Inf
2083,4.437271629799136,10.673259503557896,0.0,0.0,7.58046139815049,6.678123732892633,0.8165477063925397,0.9704864301456858,4.654343320790843,6.055134295039953,0.0,Inf,0.0,Inf
