Time,Elec_Price,H2_Price,Elec_GC_Price,H2_GC_Price,EP_Price
1,-5.353304574715777,-6.933053953472941,5.1033475387987135,85.8574186648871,133.83901283568593
2,-5.3533045447111585,-6.9330061739121565,5.103347538576198,85.85741866488712,133.8390128356856
3,-5.353304138702673,-6.933006082276084,5.103347538283503,85.85741866488699,133.83901283565325
4,83.32303946592145,55.28618999999109,5.103347538257315,85.85741866597152,133.8388629373897
5,83.32303945361144,55.286189999998065,5.103347538253292,85.85741866731448,133.8388629345889
6,83.56250510942331,55.28618999999995,5.103347538266284,85.85741866831064,133.73075819913493
7,83.56250510276837,55.28619000000041,5.103347538269216,85.85741866885932,133.73075819625623
8,83.56250510159387,55.28619000000058,5.103347538268904,85.8574186690369,133.73075819575368
9,83.5625051011869,55.28619000000062,5.103347538265411,85.85741866909949,133.73075819557468
10,83.56250510160221,55.28619000000057,5.103347538267869,85.8574186690349,133.73075819575826
11,83.56250510358923,55.286190000000346,5.103347538124408,85.85741866874802,133.73075816505414
12,83.32303743595857,11.339912636124211,5.103347537310837,85.85741866487932,133.83886304683162
13,83.27715422400112,55.28619000000033,5.103347538788512,85.85741866756867,133.83891278876308
14,83.2597177410019,55.28619000000072,5.1033475411078655,85.85741866753159,133.838927685182
15,-5.353304587495974,-6.93300614638303,5.103347537547578,85.85741866488728,133.83901283567988
16,-5.353304587272359,-6.933006322583243,5.10334753732191,85.85741866488736,133.8390128356803
17,83.25620409371464,55.28619000000096,5.103347550302183,85.85741866749888,133.8389302442082
18,83.2597186108673,55.286190000001014,5.10334755002735,85.85741866748103,133.83892744410835
19,83.23370596589835,55.28619000000259,7.284600345320668,85.85741866694987,133.83894658336897
20,85.4768526591122,55.286190000031056,7.811714466680404,85.85741866753209,133.75928775433235
21,85.47627647492952,55.28619000005633,8.000143372823583,85.85741866668538,133.75816086611854
22,85.47305832896815,58.38862866993493,8.946252766266666,85.8574186636774,133.75186670133232
23,85.47101724667905,58.38862866993502,9.546314335995028,85.85741866267028,133.74787467950657
24,85.4704414784866,58.388628669926405,9.715585467452081,85.85741866243636,133.7467485714771
25,83.5426127510693,55.28619000000136,8.666550195131727,85.85741866624619,133.69185206669022
26,83.54137664478104,55.28619000000137,9.029955210269435,85.85741866620488,133.6894344458363
27,83.54061375787528,55.286190000001376,9.254237621240868,85.85741866617356,133.68794236447565
28,83.5403342281232,55.28619000000138,9.336417052018833,85.85741866616387,133.6873956502016
29,83.5401768140056,55.2861900000014,9.38269549748913,85.85741866616006,133.68708777405553
30,83.53966236007153,55.2861900000014,9.533940696207145,85.85741866614508,133.68608158665091
31,83.53920543395493,55.28619000000145,9.66827314815714,85.85741866612176,133.68518791443725
32,83.53882010668961,55.28619000000142,9.267688970138158,85.85741866612165,133.68443427292726
33,83.53834600836018,55.28619000000137,7.713223294945012,85.85741866612196,133.68350701350235
34,83.53849824371791,55.28619000000133,6.25804565342233,85.85741866612756,133.68380476076825
35,83.5392054429983,55.28619000000114,5.103347535785348,85.85741866618493,133.68518791382016
36,-5.353304608532816,13.096366041268105,5.158261491450141,85.8574186660585,133.83901290054163
37,-5.3533046100698485,13.096366037752597,5.276877915316826,85.85741866605892,133.8390129005407
38,-5.3533046069105845,13.096365852087812,5.336161884937805,85.85741866605824,133.83901290054135
39,-5.35330460845739,13.096365739385597,5.29972550845668,85.8574186660584,133.83901290054106
40,-5.3533046060888605,13.096365844352814,5.14790703984316,85.85741866605865,133.83901290054087
41,-5.3533046044432435,13.096366041181936,5.103347535398669,85.85741866605854,133.83901290054078
42,-5.353304604121407,13.09636587300228,5.103347535313059,85.85741866605889,133.8390129005413
43,-5.353304616172144,13.096365873603519,5.1033475352760345,85.85741866605869,133.8390129005409
44,83.54061375806451,55.28619000000131,5.103347535876739,85.85741866618825,133.68794236005658
45,83.53974881100515,55.28619000000136,6.520498206694215,85.85741866615624,133.68625066549885
46,83.53942098701728,55.28619000000138,8.12040703681063,85.85741866614154,133.68560949593152
47,83.53901428479202,55.28619000000145,9.610282455046221,85.85741866611627,133.68481405369266
48,83.53857240661286,55.28619000000142,9.854377994732767,85.85741866611228,133.68394981667518
49,83.27620385190907,55.28618999999998,6.112625976981364,85.85741866739775,133.8389822072477
50,83.27013948006001,55.28619000000071,6.063333448614953,85.85741866728777,133.83898474087795
51,83.26626541626968,55.28619000000088,5.98797254185201,85.85741866722141,133.83898625633165
52,83.2711295844556,55.28619000000084,5.8842530801348545,85.85741866722843,133.83898434224193
53,83.28588560916661,55.28619000000001,5.7569760020855485,85.85741866739723,133.8389777751133
54,83.28473246548015,55.28619000000057,5.620056032940467,85.85741866731638,133.8389783826414
55,83.26818703018495,55.28619000000101,5.857584722349539,85.85741866717795,133.83898539152196
56,83.29870738937481,55.28618999999863,5.4072024120470426,85.85741866714545,133.8389720915753
57,-5.353304808373704,-4.573469977581592,5.374942089410793,85.85741866546033,133.83901286690346
58,-5.353304733554415,-4.573397295019902,5.4050905885811975,85.85741866546053,133.83901286690377
59,-5.35330479252867,-4.57339726042095,5.487774044406374,85.85741866546049,133.83901286690377
60,-5.353304701598531,-4.5733971761396655,5.597679824373923,85.85741866546043,133.8390128669039
61,-5.353304687873659,-4.573408770224011,5.693864043977598,85.85741866545888,133.83901286690386
62,-5.353304682517371,-4.57340870485423,5.714986646507492,85.85741866546023,133.83901286690397
63,-5.35330469582378,-4.5733970076979755,5.660894934023715,85.85741866546046,133.83901286690397
64,-5.353304739493367,-4.57339719171244,5.5098825204705815,85.85741866545874,133.83901286690386
65,-5.353304697396919,-4.5733973888471695,5.282338026119086,85.85741866546003,133.83901286690391
66,-5.353304667192258,-4.573408707861401,5.103347537272103,85.85741866545906,133.8390128669038
67,-5.353304726225335,-4.573397207809547,5.103347536939372,85.85741866545897,133.83901286690366
68,83.23004113308671,55.2861900000011,5.463499651996833,85.85741866713876,133.83899822854625
69,83.21831171234442,55.28619000000119,7.283357651491428,85.85741866711109,133.83900086769887
70,83.2041672940451,55.28619000000136,9.321496987394552,85.85741866702618,133.8390032598156
71,83.19570232282476,55.28619000000141,9.86557404471052,85.85741866699885,133.83900379829734
72,83.19327274838253,55.28619000000131,9.99988495820741,85.85741866705166,133.83900419917768
73,83.5421184058152,55.28619000000132,8.811884890544817,85.8574186662991,133.69088519996566
74,83.540978504147,55.28619000000134,9.14700863594885,85.85741866625278,133.68865572871638
75,83.25795639505012,55.286190000001376,9.45495707776784,85.8574186662115,133.7777703481963
76,83.15242748711466,55.286190000001376,9.570401834947734,85.85741866619695,133.86278374948785
77,83.53913913408888,55.286190000001454,9.687778451090137,85.85741866617578,133.6850581704654
78,83.53889967212177,55.28619000000159,9.758165639938424,85.85741866614084,133.68458988720698
79,85.47044148103966,55.28619000000189,9.7155857355845,85.85741866619476,133.7467485972205
80,85.47093531759242,55.286190000001966,9.570401834834326,85.85741866622773,133.7477144606216
81,85.47050389403748,55.2861900000026,9.64014317414937,85.85741866616853,133.74687066152393
82,83.19677914321451,55.2861900000014,8.76356158861383,85.85741866618942,133.83901763996158
83,83.19418992189692,55.28619000000132,7.000656256913345,85.85741866623837,133.83901278799158
84,83.19409417701691,55.28619000000125,5.103347538616154,85.85741866628676,133.8390127861627
85,83.19472849421406,55.28619000000121,5.122559154209735,85.85741866631341,133.83901278943736
86,-5.35330460539763,7.3195069553074905,5.209096434295319,85.85741866600756,133.83901289696826
87,-5.353304613319065,7.319507022508923,5.178411574543213,85.85741866600756,133.83901289696863
88,83.19767332886316,55.28619000000123,5.103347537334586,85.85741866630855,133.83901280366737
89,83.19985494284178,55.28619000000127,5.103347538753055,85.85741866627758,133.83901281103772
90,83.20166922417299,55.2861900000013,5.818328351945891,85.857418666252,133.8390127351587
91,83.20387017374868,55.28619000000132,7.056926792798308,85.85741866623135,133.8390479406973
92,83.54012603528793,55.286190000001426,8.179575601014974,85.85741866620828,133.68698844018192
93,85.47167790403849,55.28619000000946,9.275958396173724,85.85741866582492,133.74916683263268
94,85.47178538792822,55.28619000000207,9.320488173506176,85.85741866628184,133.74937705867083
95,83.54130790754012,55.28619000000142,9.050164308606231,85.85741866625266,133.68930000038557
96,83.54203967358086,55.28619000000136,8.835031295414462,85.85741866628982,133.6907312137942
97,83.19357112252861,55.28619000000147,9.984523490035704,85.85741866670631,133.839010885276
98,83.19362048580571,55.28619000000151,9.981794469292092,85.85741866667867,133.83901088281195
99,83.19446199807427,55.28619000000155,9.935271847215173,85.85741866663899,133.83901084099745
100,83.19526232066603,55.28619000000169,9.89102580291024,85.85741866656716,133.8390107991309
101,83.19582258788097,55.28619000000203,9.860051417369348,85.85741866636293,133.83901077023071
102,85.46995008808936,55.28619000000334,9.860051417414757,85.85741866618329,133.7457875046225
103,85.47007371651148,55.28619000000638,9.823705169930223,85.85741866579687,133.74602930416955
104,85.47021708406423,55.28619000001274,9.781556162465654,85.8574186652333,133.74630970823824
105,85.47070706161557,55.28619000000639,9.637506955667961,85.85741866587453,133.7472680231003
106,83.2040192009473,55.2861900000021,9.283439045108643,85.8574186663244,133.83901058944042
107,83.2039217765485,55.286190000001454,8.841358857300685,85.85741866670652,133.83901051294103
108,83.20004147197353,55.286190000001305,8.06622488228757,85.8574186668087,133.8390107619181
109,83.19535011639583,55.286190000001234,7.050444733550233,85.8574186668425,133.83901104710432
110,83.19613933305257,55.286190000001184,6.121519022676318,85.8574186668737,133.83901101772676
111,83.20023785417717,55.28619000000109,5.1033475418141006,85.85741866694086,133.83901083603536
112,83.19947401287342,55.286190000001184,5.585502660619098,85.85741866687312,133.83901085839426
113,83.19911392878325,55.286190000001184,5.574166300853109,85.85741866687725,133.839010879149
114,83.19827573939631,55.28619000000127,6.774512061174637,85.85741866682493,133.83901089786946
115,85.47029668896042,55.28619000000237,8.425928030012583,85.85741866620529,133.74646532309905
116,89.8477288576462,65.05366513604277,9.670158690538578,85.85741867106782,140.58928072335144
117,89.84473185903494,65.05366513610855,9.958533158412848,85.85741867106773,140.49797664873327
118,86.4589283405889,58.38862866994688,9.999425379692468,85.85741866474424,133.77586733888228
119,85.46947405683365,58.388628669943536,10.016318141165447,85.85741866447427,133.74485648298486
120,85.46947405809196,55.28619000000462,10.016318224537764,85.85741866597799,133.74485648352888
121,83.20645235653318,55.286190000001284,9.271186106017332,85.8574186670786,133.83900144740264
122,83.2227465512363,55.28619000000122,8.370214092288014,85.85741866711514,133.838997849985
123,83.21351961841485,55.28619000000128,8.880411832159794,85.85741866709593,133.83899995826107
124,83.21156153790531,55.28619000000132,8.988682155756614,85.8574186670745,133.83900038491493
125,83.21311737829848,55.28619000000133,8.90265335482217,85.8574186670692,133.8390000461312
126,83.21434033255765,55.286190000001405,8.835031082096515,85.85741866703424,133.83899977798467
127,83.2143403326363,55.286190000001504,8.83503108209651,85.85741866698831,133.8389997780287
128,83.21518299567953,55.28619000000162,8.788436635160826,85.85741866692547,133.838999591507
129,83.21434033281936,55.286190000001724,8.83503108209653,85.85741866688072,133.83899977812806
130,83.21272111746778,55.28619000000178,8.90556494452312,85.85741866684855,133.83900067974454
131,83.21518368469746,55.286190000001284,7.836830555712788,85.8574186670866,133.83900022004028
132,83.21648915930834,55.28619000000115,6.2230237068249545,85.85741866715097,133.83900010217383
133,83.21475870700853,55.28619000000107,5.433165906645563,85.85741866716998,133.83900052506846
134,83.2067583141433,55.28619000000101,5.1033475604892455,85.85741866721067,133.83900227191066
135,83.21434010416428,55.286190000001056,5.450077189392314,85.85741866717993,133.83900061529388
136,83.20192785865203,55.286190000001206,7.256542216532838,85.85741866712365,133.8390028609993
137,83.22433537092286,55.28619000000126,7.540142127178451,85.85741866709553,133.83899810293468
138,83.24571720325957,55.286190000001206,6.510072936463147,85.85741866712077,133.83899216531327
139,83.25542594327786,55.286190000001206,6.182534542420809,85.85741866712009,133.8389889365361
140,83.26438251823471,55.286190000001206,6.068192609828609,85.85741866712037,133.8389848562128
141,83.25890847732391,55.28619000000122,6.370512294443595,85.85741866711075,133.8389869369985
142,83.26344834242455,55.28619000000116,6.119703054518172,85.85741866713832,133.83898518219655
143,83.2528945380847,55.28619000000117,6.703136981963722,85.85741866713911,133.83898911528118
144,83.24883113021673,55.28619000000116,6.927845393834715,85.8574186671452,133.83899048424544
145,83.27008031596014,55.2861900000009,5.749477967584585,85.85741866741765,133.83894217798945
146,83.28035818105715,55.286190000000786,5.311408996519121,85.85741866743095,133.83893469960205
147,83.27307331178004,55.2861900000009,5.583836903750385,85.85741866742377,133.83893999129697
148,83.26246677321602,55.28619000000101,6.1707452157931115,85.85741866739434,133.83894749668227
149,83.25623218453374,55.286190000001056,6.515670920603662,85.85741866737412,133.83895159726683
150,83.26064531910802,55.286190000001056,6.271518580031939,85.85741866737325,133.83894871778722
151,83.2562321845307,55.28619000000109,6.515670920602835,85.85741866737678,133.838951597261
152,83.25119586447754,55.28619000000115,6.79429017299651,85.85741866735725,133.83895476398
153,83.24122001456452,55.28619000000122,7.3461616296118075,85.8574186673387,133.8389606774268
154,83.23839890632019,55.28619000000123,7.502226039536557,85.85741866733329,133.838962251547
155,83.23309250060936,55.28619000000124,7.795761319705983,85.85741866732678,133.83896505811654
156,83.22821931810307,55.286190000001206,7.836965790578944,85.85741866734062,133.83896848874937
157,83.2178074297045,55.28619000000119,7.956085947987115,85.85741866734428,133.83897344293615
158,83.2242951718907,55.2861900000011,7.15950772053162,85.85741866737384,133.83897053004887
159,83.22117452382277,55.28619000000104,6.1520701107702935,85.8574186673813,133.8389722500558
160,83.21472175694015,55.28619000000111,6.889643822414709,85.85741866736709,133.83897504464434
161,83.22018322353158,55.28619000000119,7.196620031852413,85.85741866734504,133.83897247248052
162,83.21969642009782,55.2861900000018,8.118052708651033,85.85741866713754,133.83897255113055
163,85.47418304545475,55.28619000001279,8.577537922345307,85.85741866638375,133.75406643558958
164,85.47409583568331,58.38862866992706,8.641234418103245,85.85741866459817,133.7538958976769
165,85.47511612445696,55.28619000000595,8.341278929779877,85.85741866704213,133.7558914086948
166,83.22939737182959,55.28619000000164,8.000143757491914,85.8574186672057,133.83896692257235
167,83.23245991702223,55.28619000000128,7.830750275886189,85.85741866731694,133.83896538428164
168,83.24566837685192,55.28619000000111,7.100074054370919,85.8574186673664,133.83895810007286
169,83.3062323051878,55.286189999997305,5.315138840232128,85.85741866637532,133.8390074908469
170,83.30496342248793,55.2861899999991,5.247525370787763,85.85741866705011,133.8390075928637
171,83.55768127091471,55.286190000000936,5.1320095985892245,85.85741866815208,133.7213236069008
172,83.55635013928553,55.28619000000115,5.103347540527118,85.85741866794216,133.71872013262524
173,83.55931413662154,55.28619000000095,5.103347536746031,85.8574186688686,133.7245172245682
174,83.56004082089238,55.28619000000099,5.103347536489938,85.85741866940315,133.7259385000193
175,83.56180046854766,55.28619000000078,5.103347536089125,85.85741867000941,133.72938008151195
176,83.56250509437874,55.28619000000077,5.103347535982806,85.8574186707009,133.73075821419084
177,83.56250509409057,55.28619000000086,5.103347535981567,85.85741867124814,133.7307582140666
178,83.5625050943433,55.28619000000078,5.103347535986237,85.85741867074795,133.73075821418217
179,83.56250509523348,55.28619000000051,5.103347535986824,85.85741866951406,133.73075821455922
180,-5.3533045645037385,0.9090928035995136,5.103347535793739,85.85741866587209,133.83901288928664
181,-5.353304606451269,0.9086994307185505,5.103347535888172,85.85741866587252,133.83901288928755
182,-5.3533046129420505,0.9086994501958704,5.103347535971556,85.85741866587385,133.8390128892877
183,-5.353304608536967,0.9086995292631415,5.103347535942615,85.85741866587267,133.83901288928777
184,-5.3533046123412245,0.908699504435346,5.103347535848101,85.85741866587317,133.8390128892877
185,-5.353304600270351,0.9086994504744834,5.103347535700049,85.85741866587352,133.8390128892873
186,83.56250509493316,55.28619000000059,5.1033475357334614,85.85741866988376,133.73075820437992
187,83.56250509311472,55.28619000000116,5.103347535970531,85.85741867331684,133.73075820358423
188,83.56250509305876,55.28619000000117,5.103347535982893,85.85741867348753,133.73075821361607
189,83.5625050930953,55.28619000000116,5.103347535987202,85.857418673389,133.73075821363366
190,83.56250509345668,55.286190000001056,5.103347535984027,85.857418672522,133.73075821378976
191,83.56250509648166,55.286190000000204,5.103347535979646,85.85741866860148,133.73075821510304
192,83.32320054816998,55.28618999994443,5.103347535991952,85.85741866589501,133.83900579793018
193,-5.8932103048876705,0.5927190200735348,5.058268260293399,142.2561242464375,224.56833569857932
194,-5.893209063088993,0.5927202482280922,5.058268260018588,142.25612424643825,224.5683356924863
195,-5.893207111033205,0.5927153925975326,5.058268259712503,142.25612424643876,224.56833569253382
196,85.3915174394668,59.45717054782788,5.058268259624205,142.25612424643887,224.56833559352776
197,85.3915174399141,59.457169581146644,5.0582682596224,142.25612424643836,224.56833559352756
198,85.39151744151854,59.457170339190476,5.058268259618164,142.25612424643856,224.56833559352776
199,89.83487505424017,62.63346813513769,5.058268259606891,142.25612424643833,224.56833558656066
200,89.83487505587489,62.633677788122554,5.05826825962054,142.25612424643862,224.56833558656052
201,89.83487505958367,62.63367493185485,5.058268259647548,142.25612424643833,224.56833558656052
202,89.83487505471918,62.633466923424386,5.0582682596243504,142.25612424643862,224.56833558656055
203,89.83487531989219,62.63368099260539,5.0582682594503865,142.2561242464392,224.56833557299944
204,85.39151776838443,22.596883022598067,5.058268258570342,142.25612424643853,224.5683355845337
205,89.78895457943753,62.6334680616415,5.058268260304832,142.2561242464386,224.56833557037632
206,89.77150253167495,62.633466693658534,5.058268263113476,142.25612424643833,224.56833556983554
207,-5.8932110728023455,0.5927326683888974,5.058268258811531,142.25612424643825,224.56833570420974
208,-5.893211002299586,0.5927264876333848,5.058268258496107,142.25612424643822,224.56833570420775
209,142.56655730609998,100.90531637657853,5.058268275184703,142.25612425085222,224.56825566228582
210,142.5613418885635,100.90531637657885,5.058268275010859,142.25612425020952,224.5638597871494
211,142.54405789319568,100.90531637657926,7.284515462806966,142.25612424945052,224.56827258755175
212,142.54278583086386,100.90531637657934,7.811658809696713,142.25612424928244,224.56827344328272
213,142.5397211507585,100.90531637657935,8.000095573572468,142.25612424928855,224.56827226939373
214,142.52261798084368,100.90531637657955,8.946229611438856,142.25612424900226,224.5682820869891
215,142.51176905301912,100.90531637657955,9.546299666901914,142.25612424900243,224.56828759226644
216,142.50870841813534,100.90531637657939,9.715572565015393,142.2561242492152,224.56828899482517
217,142.86449065194574,100.9053163765801,8.666549341547327,142.2561242446991,224.41568460378215
218,142.86325517083765,100.90531637658016,9.029954640915799,142.2561242446578,224.41326655348638
219,142.8624926698601,100.90531637658013,9.254237119529874,142.2561242446377,224.41177420712813
220,142.8622132814783,100.90531637658017,9.336416569322335,142.2561242446284,224.41122739574905
221,142.8620559469931,100.90531637658019,9.38269502482151,142.25612424462471,224.41091946491895
222,142.86154175323801,100.90531637658016,9.533940253339082,142.25612424461323,224.40991309877376
223,142.86108505836938,100.90531637658019,9.668272728556161,142.25612424459956,224.40901926789354
224,142.86069992533632,100.90531637658019,9.267688463563358,142.2561242445905,224.4082654899553
225,142.8602260661777,100.90531637658016,7.678047987206044,142.25612424458177,224.40733806625434
226,142.86037822457595,100.90531637658003,6.425722111972686,142.25612424459254,224.4076358665623
227,85.2675922517389,68.79418723259865,5.058268256560559,142.25612424506468,224.56833578918952
228,-5.893210717698847,42.29139950554876,5.127690768179978,142.2561242450649,224.56833580360674
229,-5.893210722899368,42.29125269806636,5.277651019066279,142.2561242450646,224.5683358036066
230,-5.893210711669506,42.29140119373494,5.3525908368124675,142.2561242450646,224.56833580360615
231,-5.893210733740281,42.29140095348552,5.306533676030347,142.25612424506485,224.568335803607
232,-5.89321070794089,42.29120246401217,5.114600503675978,142.25612424506488,224.56833580360725
233,-5.893210719662678,42.29125256601067,5.058268256119031,142.25612424506477,224.56833580360637
234,-5.89321069169967,42.29166605485854,5.058268255977345,142.25612424506448,224.56833580360626
235,-5.893210717497893,42.291401166310365,5.058268256008941,142.2561242450648,224.56833580360623
236,89.71844043022527,97.94549167044332,5.058268256697775,142.2561242612446,224.56833578752057
237,142.86162815976334,100.90531637658013,6.626214914788966,142.2561242446158,224.41008220600725
238,142.8613005016911,100.90531637658017,8.120405127295811,142.25612424460533,224.4094409215191
239,142.8608940053925,100.90531637658019,9.610282023694243,142.25612424459538,224.40864533828733
240,142.86045235102446,100.90531637658019,9.85437760317216,142.25612424458447,224.40778095012433
241,85.34455543533657,60.25824648912568,6.333899558714991,142.25612424582187,224.56833567833405
242,89.7818449273855,63.2671695412838,6.27160523060688,142.25612424582218,224.56833566983497
243,89.77796855732444,63.26708713836677,6.176366503604189,142.2561242458226,224.56833566978875
244,89.78283510064,63.2671484221158,6.045289952909856,142.2561242458219,224.56833566984716
245,85.35424343706482,60.25825965556733,5.884440257885634,142.25612424582212,224.5683356784173
246,85.35313152290117,63.267147300405206,5.711405904121298,142.25612424582215,224.56833567840744
247,89.77989005056048,97.94549167043964,5.8556139284520246,142.25612424872378,224.56833566980168
248,85.3670734381169,60.258244641691476,5.442388667327012,142.25612424582272,224.56833567728344
249,-5.893210691588607,6.602949496784911,5.4016104368662115,142.25612424582215,224.56833575002494
250,-5.893210783548135,6.602947498740862,5.439719245111918,142.2561242458215,224.56833575002568
251,-5.893210809512194,6.602948968373869,5.5442249169675515,142.25612424582172,224.5683357500257
252,-5.8932107763872255,6.407309948816086,5.683126342923206,142.25612424582172,224.5683357500258
253,-5.893210788949973,6.40730996820066,5.804681068957145,142.2561242458215,224.56833575002577
254,-5.893210760675222,6.6029492316622385,5.831375124101167,142.25612424582218,224.56833575002594
255,-5.893210779844318,6.407309968200293,5.763017408405399,142.2561242458216,224.5683357500259
256,-5.893210735620206,6.603058456460919,5.572166112176858,142.25612424582215,224.56833575002585
257,-5.893210731079439,6.603063969764338,5.284553983993708,142.2561242458216,224.56833575002594
258,-5.893210761669301,6.6029488683418585,5.058268258325741,142.25612424582158,224.56833575002574
259,-5.893210658420135,6.602950782456032,5.058268257980424,142.25612424582198,224.5683357500255
260,142.54038929542037,100.90531637657811,5.514326911527116,142.2561242476409,224.56832265242647
261,142.52866226636542,100.90531637657917,7.283309065626657,142.25612424629696,224.5683252932312
262,142.51451215727695,100.90531637657926,9.321489988121753,142.25612424622364,224.5683267911861
263,142.50604706482903,100.9053163765793,9.865569817787467,142.2561242462034,224.56832705486943
264,142.50361874427531,100.90531637657925,9.999881151557396,142.25612424621977,224.5683276070364
265,142.86399655229306,100.90531637657982,8.811883551800717,142.25612424476455,224.41471756235285
266,142.86285722008023,100.90531637657982,9.147007731238633,142.25612424471444,224.41248769206126
267,142.8618102767338,100.90531637657982,9.454956379752467,142.25612424467442,224.41043864273848
268,142.86141779506116,100.90531637657983,9.570401173622603,142.25612424465658,224.40967048816924
269,142.86101874557252,100.90531637657983,9.68777782322741,142.256124244642,224.40888947925018
270,142.86077944773223,100.90531637657983,9.758165030381942,142.25612424463574,224.40842113194867
271,142.86092420815893,100.90531637657983,9.715585115091978,142.25612424463984,224.40870445315895
272,142.86141779505712,100.90531637657983,9.570401173622601,142.25612424465717,224.40967048816862
273,142.8609865895022,100.90531637657988,9.640142530249035,142.25612424463947,224.40882653584228
274,142.8606021406069,100.90531637657983,8.763560054627026,142.25612424462872,224.4080741024384
275,142.86012518068802,100.90531637657979,7.06723085940779,142.2561242446217,224.40714061052907
276,89.70574449466879,66.64483979964847,5.0582682602770745,142.25612424516044,224.56833577326682
277,89.70637879804572,66.64484032548452,5.082555861396036,142.2561242451604,224.568335773281
278,-5.893210740945194,33.04547083938797,5.191958224290985,142.25612424516,224.56833579778203
279,-5.893210738592934,33.04546789460553,5.153166156253031,142.25612424516044,224.56833579778205
280,89.7093235922668,66.64483999025668,5.058268258464173,142.2561242451602,224.5683357733409
281,89.71150649440318,97.94549167044279,5.0582682604548905,142.2561242492629,224.568335773386
282,142.86154175262936,100.90531637657973,5.9623529374058775,142.2561242446724,224.40991308710076
283,142.86181027600267,100.90531637657982,7.084085392650079,142.2561242446755,224.41043863384928
284,142.86200518628144,100.90531637657983,8.17957244397437,142.25612424467664,224.41082010546856
285,142.86216000593555,100.90531637657988,9.275957597930871,142.25612424468113,224.4111231148491
286,142.8622674354774,100.90531637657983,9.320487412446923,142.25612424468764,224.41133338153043
287,142.86318646520817,100.90531637657983,9.050163295730407,142.25612424472277,224.41313208176373
288,142.8639178606215,100.90531637657982,8.835029992594144,142.2561242447586,224.4145635491507
289,142.50385800302516,100.90531637657939,9.984521666999493,142.25612424514804,224.56833441454472
290,142.50390380969046,100.9053163765794,9.981792641472113,142.25612424514702,224.56833447571805
291,142.50495245942997,100.9053163765794,9.93526993437371,142.25612424514492,224.56833470954538
292,142.505302948152,100.90531637657939,9.89102380549962,142.25612424513955,224.56833421063823
293,142.505919756889,100.90531637657939,9.860049358476296,142.25612424515043,224.568335533596
294,142.50599005313077,100.90531637657942,9.860049358481433,142.25612424512659,224.56832243674154
295,142.50863476919423,100.90531637657945,9.823703036500229,142.2561242451237,224.56839405250565
296,142.50079896274954,100.90531637657945,9.781553939233323,142.25612424512525,224.56800863011802
297,142.861189720808,100.90531637657945,9.637504395785253,142.2561242451427,224.4092240002947
298,142.86200520606369,100.90531637657942,9.28343534514698,142.25612424521515,224.41082009197976
299,142.86195525490325,100.90531637657939,8.841352952812036,142.25612424521492,224.41072232348932
300,142.52527207965886,100.90531637657935,8.066210978051238,142.2561242451801,224.56927844990085
301,142.50567018199413,100.9053163765793,7.105940237508327,142.2561242451956,224.56833455874838
302,142.50648419964128,100.90531637657908,6.345595545741977,142.25612424533054,224.56833470017256
303,89.71189588887938,63.96760976119241,5.058268264346546,142.25612424554038,224.56833571369094
304,142.50982146018055,100.90531637657855,5.668010771382287,142.25612424570195,224.56833456106258
305,142.50945207725087,100.90531637657908,5.653674184749468,142.25612424534086,224.5683345731098
306,142.50821633346118,100.90531637657932,6.85837607235725,142.25612424518295,224.56831954191742
307,142.50579008920968,100.90531637657942,8.425918590638465,142.25612424513994,224.56821261472453
308,142.8606257758058,100.90531637657962,9.670156149785344,142.2561242450684,224.40812026513635
309,142.86009834739002,100.90531637657969,9.958531289561167,142.2561242450131,224.40708795020515
310,142.50256540868486,100.90531637657958,9.999423574697339,142.25612424506502,224.56831142703427
311,142.5037695013661,100.90531637657948,11.416751460379022,142.25612424511382,224.56833392014207
312,142.50357724284171,100.90531637657942,11.416751460379022,142.25612424513577,224.56833429235684
313,142.5167988186134,100.90531637657922,9.27117856489432,142.25612424634247,224.5683253015389
314,142.53311143006133,100.9053163765792,8.370197017294714,142.25612424640573,224.56832202290366
315,142.5238668733128,100.90531637657922,8.88040111972875,142.2561242463589,224.5683239862578
316,142.52190876494726,100.90531637657924,8.98867244058815,142.25612424632965,224.56832439456932
317,142.52346457032777,100.90531637657924,8.902642855774213,142.2561242463322,224.56832407013013
318,142.52468771127587,100.90531637657926,8.835019920126953,142.2561242463227,224.56832381427787
319,142.52468758081554,100.9053163765793,8.83501992012748,142.25612424631564,224.56832381426227
320,142.52553108202443,100.90531637657931,8.788424991095518,142.2561242462951,224.56832363666172
321,142.52468727145836,100.90531637657931,8.835019920128639,142.2561242463,224.56832381427756
322,142.5230684006117,100.90531637657931,8.905554341842487,142.2561242462985,224.56832511731616
323,142.5255315673076,100.90531637657922,7.8368008662755715,142.25612424635824,224.56832473096784
324,142.5268366349634,100.90531637657902,6.320293088765187,142.25612424656876,224.5683242940579
325,142.52510633713015,100.90531637657637,5.4756357930990545,142.25612425424725,224.56832479353926
326,89.71844043317807,97.94549167038063,5.058268291901589,142.25612424595417,224.5683356640995
327,142.52468763090113,100.90531637657475,5.497004967802518,142.25612428539443,224.5683248145287
328,142.5122729831991,100.90531637657917,7.259953457818372,142.25612424641227,224.5683263233206
329,142.53470508207423,100.90531637657921,7.540103516226467,142.25612424636202,224.5683216996442
330,142.86981624759474,100.90531637657917,6.509972783097876,142.25612424710482,224.42610764553788
331,142.87164148604936,100.90531637657917,6.166147098206599,142.25612424766928,224.42967997299255
332,142.87332428177538,100.90531637657917,6.068058751424842,142.2561242483547,224.4329735232248
333,142.87229653513822,100.9053163765792,6.370402347149972,142.25612424791126,224.43096203569254
334,142.87314917889353,100.90531637657912,6.119564588215052,142.25612424828483,224.43263080541695
335,142.8711657253696,100.90531637657914,6.703055718270253,142.25612424751782,224.42874884335538
336,142.87040178611687,100.90531637657908,6.927779154503178,142.2561242472899,224.42725367909412
337,142.5804315374185,97.94549167044131,5.756272894977521,142.2561242557274,224.56826675850226
338,89.79213076428952,62.7860211138006,5.321302171538399,142.25612424623515,224.56833560628175
339,142.58350025211695,97.9454916704485,5.603968132295617,143.02962085593703,224.56830710611268
340,142.87297573588106,100.90531637657848,6.170577270865097,142.25612424982825,224.432291146711
341,142.8718030909288,100.9053163765789,6.5155419782076205,142.25612424910673,224.42999616232808
342,142.87263305112347,100.90531637657891,6.2713632244982565,142.25612424955153,224.4316206101911
343,142.87180305739608,100.90531637657901,6.515541960499494,142.2561242490853,224.42999614555032
344,142.8708561212045,100.90531637657907,6.7941860656258966,142.25612424863556,224.42814245223335
345,142.551567537284,100.90531637657915,7.346093938624312,142.25612424842274,224.56828521680055
346,142.54874860758355,100.90531637657915,7.502166593013297,142.25612424839258,224.56828674093325
347,142.54344249153684,100.90531637657917,7.795714773916192,142.2561242483863,224.5682894216145
348,142.5385699124121,100.90531637657912,7.8369201249328,142.25612424839807,224.56829394900933
349,142.528157804079,100.90531637657915,7.956043523275651,142.25612424842274,224.56829868841692
350,142.53464587226904,100.90531637657904,7.159424887196921,142.256124248577,224.5682958748853
351,142.53152371780422,100.90531637657882,6.24289119695102,142.2561242489226,224.56829649405242
352,142.5250706040987,100.90531637657905,6.899628207320235,142.25612424853412,224.5682992785532
353,142.53053388933284,100.90531637657915,7.196574746172403,142.25612424842527,224.5682977234205
354,142.53004677921393,100.90531637657922,8.118015925259074,142.25612424827852,224.56829784433035
355,142.52862117833953,100.90531637657934,8.577513012782411,142.2561242481606,224.5682984268203
356,142.52815563953624,100.9053163765794,8.641211021483516,142.2561242480408,224.56829648100097
357,142.53357909861654,100.90531637657931,8.341249075652863,142.2561242481662,224.5682940426096
358,142.5397470296107,100.90531637657921,8.000104329417418,142.25612424829026,224.56829120200786
359,142.54280986164528,100.90531637657918,7.8307050565554555,142.25612424838027,224.56828973455075
360,142.55596763853885,100.90531637657905,7.099991942700649,142.25612424856118,224.56828275714753
361,85.37454566169104,62.11169433906225,5.32601687532122,142.25612424534762,224.56833574978882
362,85.37327653534987,62.111692056752865,5.240541957133425,142.2561242453479,224.5683357497874
363,89.80921844728066,64.79121374044857,5.09450305540143,142.2561242453483,224.56833574537242
364,89.80213846878198,64.79121298255404,5.058268262713256,142.2561242453483,224.56833574536532
365,89.81790328336713,64.79121374460199,5.058268257753845,142.256124245348,224.56833574537671
366,89.82176834976494,64.79121254370223,5.058268257394011,142.2561242453479,224.56833574537666
367,85.38776988524113,62.111694469506936,5.058268257006355,142.25612424534827,224.56833574979763
368,85.3915176276883,62.11169614469535,5.058268256867848,142.25612424534816,224.56833574979754
369,89.83487524896285,62.11169488751953,5.058268256891302,142.25612424534805,224.56833574536978
370,85.39151762769698,62.1116976015783,5.058268256895396,142.25612424534816,224.56833574979754
371,85.39151762766951,62.1116943390956,5.0582682568503765,142.25612424534808,224.56833574979748
372,-5.893210252392598,19.409837033472677,5.058268256545834,142.25612424534802,224.56833578539784
373,-5.893210708678394,19.410082110873727,5.058268256791341,142.256124245348,224.56833578540116
374,-5.893210807041793,19.41008457521245,5.058268256824387,142.25612424534802,224.56833578540127
375,-5.8932106833551785,19.410081476490404,5.058268256822067,142.25612424534805,224.5683357854013
376,-5.893210887283148,19.410084218420312,5.058268256632195,142.25612424534805,224.56833578540116
377,-5.893210602151535,19.410082581659257,5.058268256499429,142.25612424534802,224.56833578540008
378,85.39151775156799,62.1117059501394,5.058268256442259,142.25612424534782,224.5683357495923
379,89.83487536540015,64.78449320867703,5.058268256942666,142.2561242453479,224.568335745166
380,142.63354788929394,64.79121459311992,5.058268256827461,142.25612424534685,224.5683300036242
381,89.83487524896663,64.79121254365059,5.058268256822011,142.25612424534808,224.56833574536978
382,89.8348752489367,64.79121335709769,5.058268256885356,142.25612424534808,224.56833574536975
383,85.3915176276579,62.111695771670355,5.0582682569399555,142.25612424534808,224.56833574979743
384,85.39151762781336,62.111693987574924,5.058268256873574,142.2561242453482,224.56833574979743
385,-5.895073423722335,36.17436369362518,5.057924436493777,186.71928995181187,308.63109004323013
386,-5.895073267782702,36.174363458547624,5.057924436262137,186.71928995181216,308.63109004320665
387,-5.895071185070794,36.17436341397382,5.05792443583825,186.71928995181187,308.6310900431728
388,85.39151773391701,91.95476672817381,5.057924435797128,186.71928995181244,308.6310899947041
389,85.39151773258621,91.9547667289244,5.057924435788331,186.71928995181247,308.6310899947057
390,85.39151773453148,91.95476676396821,5.057924435795791,186.71928995181236,308.6310899947059
391,89.83487534083812,95.26310329758978,5.0579244357833195,186.71928995181204,308.63108999017635
392,89.83487533969262,95.26310329759019,5.057924435802426,186.719289951812,308.63108999017635
393,89.83487533369237,95.26310329759029,5.057924435801403,186.71928995181233,308.63108999017635
394,89.83487534282901,95.26310329759016,5.05792443579561,186.7192899518124,308.63108999017635
395,89.8348757224756,95.26310329758948,5.0579244356055355,186.7192899518127,308.63108998905767
396,85.39151814039724,55.29720004331576,5.057924434799669,186.71928995181247,308.6310899936406
397,89.78895499355548,95.26310329758942,5.057924436537303,186.71928995181295,308.631089988715
398,89.77150295361695,95.26310329759069,5.05792443939598,186.71928995181293,308.63108998854506
399,-5.895073482181381,36.17436342159728,5.057924434974146,186.71928995181227,308.63109004327976
400,-5.89507343940434,36.174363643251375,5.057924434709079,186.7192899518122,308.63109004327936
401,201.87689511233538,179.34488219796322,5.057924451369485,186.71928995558378,308.6310029497515
402,201.9309313790779,179.34488219796333,5.057924451011711,186.71928995507375,308.6359948926949
403,201.85439285714781,179.34488219796347,7.284515839876814,186.71928995447004,308.63102020734243
404,201.8531208785671,179.34488219796353,7.811659174623537,186.71928995434953,308.63102108257914
405,201.85005726588105,179.34488219796353,8.000095828653373,186.71928995435152,308.6310213023394
406,201.8329546684205,179.34488219796359,8.946229817621603,186.71928995400188,308.63103180700216
407,201.82210699213564,179.34488219796359,9.546299830316283,186.7192899540175,308.631037755264
408,201.81904665739242,179.34488219796353,9.715572716965559,186.71928995425068,308.6310392818705
409,202.1666963536841,179.34488219796384,8.666549359600403,186.71928994985657,308.4821647269723
410,202.1654608725595,179.34488219796384,9.02995465035324,186.71928994981877,308.4797466766547
411,202.1646983715909,179.34488219796387,9.254237125135099,186.71928994980172,308.4782543302922
412,202.16441898322157,179.34488219796387,9.336416574577704,186.71928994979316,308.47770751891534
413,202.16426164872152,179.34488219796387,9.382695029909685,186.71928994978876,308.4773995880711
414,202.16374745497436,179.34488219796387,9.533940257841056,186.71928994977685,308.4763932219251
415,202.1632907601034,179.34488219796387,9.668272732571847,186.71928994976878,308.47549939103413
416,202.1629056271896,179.34488219796387,9.267688469778959,186.7192899497604,308.4747456149822
417,202.1624317680791,179.34488219796384,7.679238414178496,186.719289949748,308.4738181910315
418,202.16258392643888,179.34488219796378,6.426429468673468,186.71928994975727,308.47411599132965
419,85.26759227637784,95.2631084060373,5.057924432752995,186.71928995028475,308.6310901100236
420,-5.895073601453394,71.95721582217418,5.127282177845398,186.71928995028435,308.6310901155919
421,-5.895073612876645,71.95721618457125,5.277210001739018,186.7192899502845,308.63109011559175
422,-5.895073614099741,71.95721663944757,5.352133585564438,186.71928995028443,308.6310901155912
423,-5.895073610773661,71.95721639830954,5.306086328383269,186.71928995028443,308.6310901155923
424,-5.89507361111312,71.95711354375314,5.114193658436629,186.7192899502844,308.6310901155921
425,-5.8950736012716325,71.95721598699639,5.057924432299316,186.71928995028438,308.6310901155921
426,-5.895073625377217,71.95721672747445,5.057924432150024,186.71928995028426,308.63109011559067
427,-5.895073593680136,71.95721609462636,5.057924432119627,186.71928995028438,308.63109011559135
428,89.71844046072394,95.28132934567135,5.05792443289318,186.71928995922764,308.63109010956583
429,202.1638338616115,179.34488219796384,6.627538189515904,186.71928994978325,308.4765623307442
430,202.16350620352847,179.34488219796387,8.120405160987671,186.7192899497712,308.47592104668155
431,202.16309970724427,179.34488219796387,9.610282028451511,186.7192899497622,308.4751254632772
432,202.16265805275958,179.34488219796387,9.8543776064734,186.7192899497526,308.4742610732649
433,85.3445556379667,91.95628421796037,6.333287809098607,186.71928995112668,308.6310900486491
434,89.78184515222193,95.26310378261209,6.2710033909022345,186.71928995112694,308.63109004585215
435,89.77796878156535,95.26310378261255,6.1757798147001814,186.71928995112657,308.631090045813
436,89.78283532740436,95.26310378261245,6.044724331600583,186.71928995112674,308.631090045862
437,85.35424364070523,91.95628606849415,5.8838971741415405,186.71928995112657,308.63109004873974
438,85.35313172593767,95.26310378261016,5.710886361079156,186.71928995112646,308.6310900487297
439,89.77989028503383,95.28132934566999,5.855557319313754,186.71928995416815,308.6310900458336
440,85.3670736496133,91.95628528796739,5.441912584941587,186.7192899511268,308.6310900482809
441,-5.895073535374616,42.50884712866335,5.40114290586018,186.71928995112668,308.63109007741036
442,-5.895073387061634,42.50887142145989,5.439243722567679,186.71928995112674,308.63109007741065
443,-5.895073772076861,42.50884612526266,5.543729116130007,186.7192899511266,308.6310900774106
444,-5.895073502499408,42.508845641970254,5.682610502446594,186.71928995112646,308.6310900774105
445,-5.895073501087854,42.50884594876131,5.8041507044868546,186.7192899511264,308.63109007741076
446,-5.8950739115159685,42.50884584412645,5.83084062247391,186.71928995112677,308.63109007741065
447,-5.895073801584799,42.508870888204946,5.76249187761172,186.71928995112637,308.63109007741053
448,-5.895073592527061,42.508846161301655,5.571666280187731,186.71928995112668,308.6310900774106
449,-5.895073502053665,42.508846811905656,5.284111451935338,186.7192899511268,308.6310900774107
450,-5.895073731243337,42.508991251957525,5.057924434514958,186.71928995112646,308.6310900774107
451,-5.895073511876308,42.50884579980563,5.057924434105139,186.71928995112685,308.6310900774105
452,201.8507304481416,179.3448821979631,5.51702105749134,186.71928995269462,308.63107520672077
453,201.83900161721118,179.3448821979635,7.283343217858731,186.7192899514078,308.6310780150422
454,201.8248557953029,179.34488219796356,9.32149011444211,186.7192899513361,308.6310803069565
455,201.81639063507376,179.34488219796356,9.865569885201616,186.7192899513361,308.63108079624124
456,201.8139611458349,179.34488219796356,9.999881234897725,186.7192899513504,308.6310812440076
457,202.16620225408064,179.34488219796367,8.811883577363549,186.71928994992527,308.48119768639003
458,202.16506292187202,179.34488219796367,9.147007750661821,186.71928994987914,308.478967816073
459,202.1640159785232,179.34488219796367,9.454956387391794,186.7192899498388,308.476918766716
460,202.16362349686628,179.34488219796367,9.570401180597386,186.7192899498306,308.4761506121469
461,202.16322444738464,179.34488219796367,9.687777829621947,186.71928994981698,308.47536960322253
462,202.16298514949128,179.34488219796376,9.758165036491032,186.7192899497863,308.4749012558934
463,202.16312990991804,179.34488219796376,9.715585121379553,186.71928994978973,308.4751845771029
464,202.16362349682245,179.34488219796376,9.570401180597496,186.7192899498055,308.47615061212406
465,202.16319229142758,179.34488219796376,9.64014253788844,186.71928994979154,308.47530666245416
466,202.16280784257276,179.34488219796367,8.763560086525692,186.71928994980476,308.4745542292232
467,202.16233088267376,179.34488219796367,7.068106359953553,186.71928994978776,308.4736207367942
468,89.70574454473285,95.26310651766256,5.057924436506937,186.71928995039025,308.63109010209
469,89.70637884835074,95.26310651766177,5.082153151203128,186.71928995039042,308.6310901020982
470,-5.89507363709728,65.41868807671345,5.1915369597567835,186.71928995038968,308.63109011158036
471,-5.895073614115186,65.41868520990771,5.152752541997636,186.7192899503903,308.6310901115797
472,89.70932364258185,95.26310651766178,5.057924434704573,186.71928995039008,308.63109010213253
473,89.71150654513632,95.28132934567112,5.0579244366493485,186.71928995395092,308.6310901021554
474,202.16374745464913,179.34488219796364,5.963358502330043,186.71928994984378,308.4763932133986
475,202.16401597799145,179.34488219796367,7.085695236908915,186.71928994984245,308.47691876011714
476,202.16421088824046,179.34488219796367,8.179572496366337,186.71928994984907,308.4773002323904
477,202.164365707859,179.34488219796376,9.275957614427428,186.71928994982983,308.47760324151733
478,202.16447313723992,179.34488219796376,9.32048742485464,186.719289949834,308.47781350550787
479,202.16539216700073,179.34488219796367,9.05016331668839,186.71928994989239,308.47961220577577
480,202.16612356241126,179.34488219796367,8.83503001764899,186.7192899499155,308.4810436731852
481,201.81434912790414,179.34488219796356,9.984521703587628,186.7192899502822,308.6310891188859
482,201.81443298764643,179.34488219796356,9.981792678074934,186.71928995028114,308.63108904435114
483,201.81501220766776,179.34488219796356,9.935269971778736,186.71928995028264,308.6310867252929
484,201.81629590792951,179.34488219796356,9.891023843714164,186.71928995028043,308.6310954604201
485,201.81623517179756,179.34488219796356,9.860049397351451,186.71928995027895,308.63107535769876
486,201.8154879634491,179.34488219796356,9.860049397362562,186.71928995027497,308.63106624998017
487,201.8201461002039,179.34488219796356,9.823703076257159,186.7192899502735,308.6311699479724
488,202.16290575036143,179.34488219796359,9.781553980491426,186.71928995024166,308.47474567507544
489,202.1633954326683,179.34488219796356,9.637504440053458,186.71928995029555,308.47570413290396
490,202.16421090561482,179.34488219796356,9.283435417430802,186.719289950357,308.4773002243744
491,202.16416095295594,179.34488219796356,8.841353047874346,186.71928995035546,308.4772024554467
492,202.163431733554,179.34488219796356,8.066211146919095,186.7192899503068,308.4757750731411
493,201.81602758975086,179.3448821979635,7.106922105637768,186.719289950391,308.63108880794556
494,201.81683035022417,179.34488219796344,6.346317109474107,186.71928995049717,308.6310887695391
495,89.71189603121375,95.26310441450579,5.0579244405356665,186.7192899508123,308.63109006962816
496,201.82016505308684,179.34488219796324,5.668718013936155,186.7192899508642,308.6310886120739
497,201.81981101270458,179.34488219796344,5.65434986694258,186.71928995051354,308.6310886279358
498,201.81111078598113,179.34488219796356,6.859482280797939,186.71928995028674,308.6315669429275
499,201.83304180518476,179.34488219796356,8.425918721252085,186.71928995027724,308.6321054672459
500,202.16283147613072,179.3448821979636,9.670156207261769,186.71928995021995,308.4746003976604
501,202.16230405049347,179.3448821979637,9.958531325818987,186.71928995016748,308.4735680780734
502,201.8077594762131,179.3448821979636,9.999423613640603,186.71928995018993,308.6307985901822
503,201.81458894629276,179.3448821979636,11.060007072931674,186.71928995022802,308.63109122806225
504,201.81408037655615,179.34488219796356,11.060007072931674,186.7192899502751,308.63108889557174
505,201.82714137354063,179.34488219796347,9.271178660053428,186.71928995151282,308.6310784651162
506,201.84344051385386,179.34488219796347,8.37019716778336,186.71928995158302,308.6310746955737
507,201.83420860351592,179.34488219796347,8.88040123574647,186.719289951492,308.63107689922526
508,201.83225051352062,179.34488219796347,8.988672550420574,186.71928995150236,308.6310773468092
509,201.83380630066702,179.34488219796347,8.902642970481763,186.71928995142588,308.6310769912405
510,201.83502930109742,179.34488219796347,8.835020038868862,186.71928995141866,308.6310767106185
511,201.8350290924305,179.3448821979635,8.835020038869429,186.7192899514087,308.6310767106062
512,201.8358721161809,179.3448821979635,8.788425112692476,186.7192899514595,308.6310765155664
513,201.83502941432624,179.3448821979635,8.835020038866547,186.71928995145674,308.6310767106347
514,201.8334102654721,179.3448821979635,8.905554501963913,186.71928995145922,308.63107780267063
515,201.83587295152446,179.34488219796347,7.836801133179103,186.71928995148994,308.63107730722743
516,201.83717798738462,179.34488219796341,6.322546504783554,186.71928995176194,308.6310770049621
517,201.83544765395948,179.34488219796242,5.477415605571219,186.71928995877664,308.6310775802847
518,89.71844065461852,95.28132934564783,5.057924468176757,186.71928995116443,308.63109004207877
519,201.83502896187383,179.34488219796182,5.498763651496361,186.71928998187028,308.6310776319828
520,201.8226166229144,179.34488219796347,7.261549332807011,186.71928995162332,308.631079845697
521,201.84504976004692,179.34488219796347,7.540103785390153,186.71928995155517,308.63107511776445
522,202.17202195241708,179.34488219796347,6.509973172666117,186.71928995217107,308.49258779101774
523,202.1738471893923,179.34488219796347,6.1660701421317725,186.7192899526989,308.4961601101032
524,202.17552999086772,179.34488219796347,6.068059587199924,186.71928995333718,308.499453657439
525,202.17450223837926,179.34488219796347,6.370402776486092,186.71928995292515,308.4974421693745
526,202.17535487827163,179.34488219796344,6.119565236880712,186.71928995327804,308.49911093910737
527,202.17337142889167,179.34488219796344,6.703056032200921,186.71928995256468,308.49522897676997
528,202.17260749006977,179.34488219796344,6.927779427192509,186.71928995234657,308.49373381256146
529,201.89076748498815,95.28132934567061,5.756214709818902,186.71928996192727,308.63101557195625
530,89.79213106522624,95.26310350448517,5.32085158843711,186.71928995158646,308.6310900084155
531,201.893844374345,95.28132934567333,5.603911186909013,187.4911948832109,308.63106050718017
532,202.17518166949827,179.34488219796324,6.170578028030814,186.71928995473496,308.4987714480954
533,202.17400883368154,179.3448821979634,6.515542428703365,186.71928995405648,308.49647632108207
534,202.17483876077358,179.3448821979634,6.271363834770235,186.71928995447038,308.4981007532093
535,202.17400876502302,179.34488219796341,6.5155424064079535,186.71928995402982,308.4964762867205
536,202.17306171273592,179.34488219796344,6.794186386181925,186.71928995359931,308.49462252064006
537,201.86191206299577,179.34488219796347,7.346094194833192,186.71928995343833,308.6310349815508
538,201.85908654528438,179.34488219796347,7.502166865675561,186.7192899534358,308.63103661626053
539,201.85377961180845,179.34488219796347,7.795715018400664,186.71928995342213,308.63103952829175
540,201.8489073330934,179.34488219796347,7.8369204459321855,186.71928995345226,308.63104344240145
541,201.83849549014926,179.34488219796344,7.956043839341956,186.71928995351226,308.6310485924172
542,201.84498331128592,179.34488219796344,7.159425248505765,186.7192899536017,308.6310455362427
543,201.84186173713985,179.3448821979634,6.245391092193611,186.71928995389231,308.6310467595573
544,201.83540894387835,179.34488219796344,6.902010410773854,186.71928995359852,308.63104970428043
545,201.84087137894113,179.34488219796344,7.188726429317585,186.719289953528,308.63104754786474
546,201.84038445623253,179.34488219796353,8.118016262590249,186.7192899532798,308.6310476732461
547,201.83895892642013,179.34488219796353,8.577513299772107,186.71928995318456,308.6310483048988
548,201.83849416793845,179.34488219796356,8.641211216868228,186.71928995304282,308.63104720750755
549,201.84391741299874,179.34488219796356,8.341249293931426,186.71928995313635,308.63104457622984
550,201.85008473465373,179.34488219796353,8.000104575363379,186.7192899532742,308.6310414812605
551,201.85314706024843,179.34488219796347,7.830705297782865,186.71928995339505,308.6310398697429
552,201.86632198936624,179.34488219796344,7.09999222279519,186.71928995355145,308.63103214423654
553,85.37454576015355,91.95139977874453,5.325565258963584,186.71928995059923,308.6310900894748
554,85.37327663388541,91.95139938222388,5.240109576344705,186.71928995059923,308.63109008947197
555,89.80921855631317,95.26310495661227,5.0940987493588095,186.71928995059923,308.6310900880079
556,89.80213857710278,95.26310495661292,5.05792443889511,186.71928995059952,308.6310900879903
557,89.8179033933625,95.2631049566124,5.057924433941854,186.71928995059915,308.6310900880341
558,89.82176846037055,95.26310495661261,5.057924433677531,186.71928995059952,308.63109008804724
559,85.38776998382626,91.95139917860764,5.057924433200423,186.7192899505997,308.6310900894984
560,85.3915177273662,91.95139934127866,5.05792443305699,186.7192899505993,308.6310900895119
561,89.83487536048723,91.95139959177399,5.057924433026848,186.71928995059946,308.6310900880976
562,85.39151772784746,91.95139886510452,5.057924433022337,186.71928995059935,308.63109008951176
563,85.39151772751256,91.95139933959294,5.05792443302418,186.7192899505993,308.63109008951204
564,-5.895073385571402,54.846140976586334,5.05792443282305,186.71928995059912,308.63109010292027
565,-5.895073614360214,54.84598928517316,5.0579244329684405,186.71928995059932,308.6310901029215
566,-5.895073606645976,54.84613931657631,5.057924432956695,186.71928995059923,308.63109010292175
567,-5.895073616322838,54.846141099416634,5.057924432907098,186.71928995059938,308.63109010292163
568,-5.895073600479473,54.846138990127315,5.057924432793802,186.7192899505996,308.63109010292146
569,-5.895073541009521,54.846052825063104,5.057924432666379,186.71928995059938,308.63109010292123
570,85.39151784961363,91.9513978305264,5.057924432740273,186.7192899505993,308.6310900894477
571,89.8348754746733,95.263104956613,5.057924433167224,186.7192899505991,308.63109008801035
572,201.94389055750455,95.26310495661437,5.05792443306653,186.71928995059739,308.63108353403305
573,89.83487536081913,95.263104956613,5.057924433036125,186.71928995059912,308.6310900880978
574,89.83487536016156,95.26310495661272,5.057924433017005,186.71928995059892,308.63109008809744
575,85.3915177271632,91.95139919660376,5.057924433063195,186.7192899505993,308.6310900895117
576,85.39151772674849,91.95139904098649,5.057924433010195,186.71928995059918,308.6310900895116
577,83.25896340707169,55.28619000000093,6.370446722338642,96.39023854246321,139.82628349094733
578,83.23848662893064,55.286190000000985,7.502225410267201,96.39023854244026,139.82628344970246
579,83.22829873866607,55.28619000000104,8.065353133014737,96.3902385424069,139.8262834383915
580,83.23068447133858,55.286190000001035,7.933483685912824,96.39023854241826,139.8262834402976
581,83.22437206084797,55.2861900000011,8.282396791818844,96.39023854238945,139.82628343522921
582,83.21275350552222,55.286190000001326,8.924600395806609,96.39023854229342,139.8262834285812
583,83.21275350414135,55.28619000000149,8.924600395806554,96.39023854221482,139.82628342857925
584,83.23129732466211,55.28619000000113,7.823478789514893,96.39023854236449,139.82628342965427
585,83.25720365737318,55.28619000000098,5.977721993779447,96.39023854243392,139.8262834572526
586,83.27236900975325,55.28619000000089,5.825124585862663,96.39023854245995,139.82629620972287
587,83.27510562774476,55.28619000000081,5.825124583965392,96.39023854250244,139.82626473617108
588,83.27420619844835,55.28618999999963,5.825124583118071,96.3902385426256,139.82628348955444
589,-6.012153992774908,-4.939294368026573,5.825124582967028,96.39023854073943,139.82628359848331
590,-6.012154005060101,-4.939294396026831,5.825124583049031,96.39023854073916,139.8262835984832
591,-6.012154002086653,-4.9392945400886035,5.82512458299319,96.39023854073945,139.82628359848349
592,-6.012153996740742,-4.9393003499451344,5.825124582830096,96.39023854074364,139.8262835984833
593,-6.012153998016078,-4.939300564017824,5.825124582649704,96.39023854073938,139.82628359848314
594,-6.0121539949493865,-4.939364917462049,5.825124582483359,96.39023854073889,139.82628359848326
595,-6.012153926833749,-4.939294562566554,5.8251245823896065,96.39023854073947,139.8262835984815
596,84.0912670410257,55.286190000000566,5.825124582663723,96.39023854372506,139.4761252890552
597,84.08698647539829,55.28619000000089,5.825124583694583,96.39023854298713,139.4677531998884
598,84.08464954337715,55.286190000000936,5.825124586231792,96.39023854259469,139.46318251018786
599,83.2674616326183,55.286190000000985,5.825124816154682,96.3902385424324,139.8262496550389
600,83.263514741325,55.28619000000095,6.104668692330923,96.39023854244664,139.8262833153222
601,83.19429647315576,55.286190000001184,9.944809100817812,96.39023854176611,139.8262835323007
602,83.19446901594522,55.2861900000012,9.935271891655596,96.39023854176779,139.82628353231266
603,83.19424294325152,55.28619000000122,9.947767933780497,96.39023854175362,139.82628353229745
604,83.19409404695678,55.28619000000126,9.955998085661424,96.39023854172609,139.82628353228858
605,83.1942431883943,55.286190000001376,9.94776793378049,96.39023854165673,139.82628353226448
606,83.19421761422933,55.28619000000163,9.94776793378079,96.39023854148593,139.8262840019457
607,85.99972154213158,55.28619000000223,9.90190187456651,96.39023854148518,139.4931290403992
608,83.19414190042852,55.28619000000128,9.001749664014001,96.3902385417163,139.82628353109132
609,83.19330400371331,55.28619000000113,7.240029326167267,96.39023854182757,139.82628353120117
610,83.19329798963395,55.286190000001056,5.825124583115131,96.39023854187637,139.82628353180976
611,-6.012154001798633,2.602222451674161,5.825124582075049,96.39023854122594,139.82628361984914
612,-6.01215400301087,2.5881837938701566,5.825124582132118,96.39023854122684,139.8262836198488
613,-6.012154003844329,2.6022224095881135,5.82512458218561,96.3902385412268,139.8262836198487
614,-6.012154003335223,2.5881838453142683,5.825124582226254,96.3902385412265,139.82628361984905
615,-6.012154003857663,2.6022224515003747,5.825124582199266,96.39023854122662,139.8262836198487
616,-6.01215400351943,2.602074949207754,5.82512458209344,96.39023854122728,139.82628361984877
617,-6.012154003732955,2.5881839199322183,5.825124582002003,96.39023854122675,139.82628361984874
618,-6.012154002792271,2.6022222472335907,5.825124581908609,96.39023854122654,139.82628361984882
619,-6.01215399761638,2.5881840442389503,5.825124581889554,96.3902385412266,139.82628361984865
620,83.20419590303318,55.286190000001035,5.825124582191853,96.3902385418947,139.82628353100665
621,83.20195751959417,55.2861900000011,5.825124588580645,96.39023854183513,139.82628353148755
622,83.20366865259973,55.28619000000116,7.809051116495809,96.39023854179868,139.82628353180056
623,83.2087297965054,55.286190000001234,9.013786164327552,96.3902385417476,139.82628353530563
624,83.20530314990614,55.28619000000122,9.336417023072329,96.39023854176334,139.8262835329452
625,83.22227470106283,55.286190000001106,8.398804449496849,96.3902385418886,139.8262835207582
626,83.22125529996872,55.286190000001106,8.454979193064737,96.3902385418837,139.82628352768347
627,83.2183447218203,55.2861900000011,8.615596440266014,96.39023854189115,139.82628352668812
628,83.21696989724273,55.28619000000111,8.6915565827129,96.39023854187474,139.8262835267608
629,83.21697047261372,55.286190000001106,8.691556582712947,96.3902385418721,139.82628352660157
630,83.21437427808323,55.286190000001135,8.835031263839737,96.39023854187181,139.8262835265201
631,83.21929693398609,55.28619000000114,8.563364415859548,96.39023854185531,139.8262835240455
632,83.22655385039361,55.28619000000111,8.160481902548586,96.39023854187278,139.82628327850801
633,83.23234963042486,55.286190000001106,7.412048116824012,96.39023854188868,139.82628948318836
634,83.23058146186247,55.28619000000106,6.114397012509155,96.39023854191667,139.82628343721592
635,83.2207506140641,55.28619000000005,5.825124582642043,96.39023854252692,139.82628352551322
636,-6.01215400098207,1.6279707828977525,5.825124582551789,96.39023854120059,139.82628361867452
637,-6.012154005222908,1.62797081174426,5.8306826647298475,96.39023854120046,139.82628361867387
638,-6.012154006788049,1.6279706597795165,5.883389888192282,96.39023854120092,139.826283618673
639,-6.01215401190464,1.6279707761234041,5.8509962921340275,96.39023854120056,139.8262836186744
640,-6.012154011361047,1.6281325353731877,5.825124582540806,96.39023854120084,139.82628361867452
641,-6.012154010925057,1.6279709087492589,5.825124582353761,96.390238541201,139.82628361867444
642,-6.012153994319574,1.62797074678122,5.825124582192985,96.39023854120035,139.826283618674
643,83.20559140567237,55.28619000000106,5.825124584433869,96.39023854192291,139.82628352436532
644,83.20004886060686,55.28619000000111,6.924299938280896,96.39023854187467,139.82628352431672
645,83.19698362126859,55.28619000000121,9.073059861535123,96.39023854180984,139.82628352412593
646,83.19614594143559,55.286190000001326,9.842578544671893,96.39023854172954,139.82628352533115
647,83.19582982949404,55.28619000000121,9.860051458812531,96.39023854180978,139.82628352531282
648,83.19487122933751,55.286190000001184,9.9130375502396,96.39023854182783,139.82628352525984
649,83.1939210559692,55.28619000000121,9.965556833549241,96.3902385418352,139.8262835222061
650,83.19400395073936,55.28619000000122,9.960974951424708,96.39023854182912,139.82628352221016
651,83.19453054178408,55.28619000000125,9.931867791148074,96.39023854180567,139.8262835222399
652,83.19526943672163,55.2861900000013,9.89102584182602,96.39023854177518,139.82628352228184
653,83.19479868852865,55.286190000001454,9.917052081383666,96.39023854166604,139.8262835222356
654,85.99982331481525,55.286190000001845,9.891025842301003,96.3902385414552,139.49332805192577
655,85.99990985717447,55.28619000000287,9.865574133407033,96.39023854145297,139.49349736075294
656,86.00019564006377,55.28619000000381,9.78155620374898,96.39023854135748,139.49405630579204
657,86.00042003583921,55.28619000000368,9.696550241199489,96.39023854139886,139.4944951790441
658,83.1967295977814,55.28619000000124,8.573232652513756,96.39023854181562,139.8262835211187
659,83.19377519712127,55.28619000000114,6.928498058379928,96.39023854188729,139.8262835207618
660,83.19472833979725,55.28619000000107,5.825124587819391,96.39023854192992,139.82628352034905
661,83.19335358680824,55.28619000000094,5.825124582660018,96.39023854203171,139.8262835195252
662,83.19355523767327,55.28619000000016,5.825124582322786,96.39023854249602,139.8262835190669
663,-6.0121540002399,1.6969902705140927,5.825124582192259,96.39023854118788,139.82628361816143
664,-6.012153997018863,1.6969909432412356,5.8251245821315205,96.3902385411882,139.82628361816106
665,83.1933460572416,55.28619000000072,5.825124582185636,96.39023854218274,139.82628351847902
666,83.19353392638054,55.286190000001056,5.825124583023338,96.39023854193894,139.8262835196569
667,83.19637074088594,55.286190000001156,6.657317684823115,96.3902385418789,139.82628352100272
668,83.2017596919406,55.28619000000156,8.277832092239189,96.39023854160774,139.826283347894
669,86.00165645909567,58.3886286699462,9.294993849052485,96.39023854066289,139.4969134206934
670,86.00170976148677,55.28619000000475,9.33641701471135,96.39023854138777,139.497017678683
671,85.39308962565491,55.286190000001696,9.397626076910347,96.39023854152276,139.8275261151947
672,83.20474048424778,55.28619000000129,9.367513487476854,96.39023854178143,139.82628352296678
673,84.07958566459568,55.28619000000104,6.610268761874363,96.39023854209792,139.45327838801728
674,83.242344011989,55.28619000000108,7.265742636347136,96.39023854202942,139.82628622775186
675,83.23776745184969,55.28619000000108,7.54026101930656,96.39023854202476,139.8262832582959
676,83.23770123441022,55.286190000001085,7.540261019307305,96.39023854201419,139.82628338237149
677,83.2377155462214,55.28619000000108,7.540261019307014,96.39023854202009,139.8262833138608
678,83.24175566194974,55.286190000001085,7.306153766079927,96.39023854202148,139.82628822948195
679,83.24070373636552,55.28619000000111,7.224936501899189,96.3902385420062,139.82624992515466
680,83.23121006942473,55.28619000000111,7.100075873705156,96.39023854200676,139.82556804446332
681,83.24314900872908,55.28619000000111,7.306153766077855,96.39023854200335,139.82628680519363
682,83.23444545074487,55.286190000001106,6.925312296775729,96.39023854201766,139.8262835514652
683,83.2207505033998,55.28619000000105,5.82512458750117,96.39023854205898,139.82628350736215
684,83.20839447096348,55.28619000000083,5.825124582531085,96.39023854219765,139.82628350526866
685,-6.012153993897738,-0.13698553474148223,5.825124582297312,96.39023854112372,139.82628361539778
686,-6.012153995932996,-0.13698551915077156,5.825124582368544,96.39023854112345,139.82628361539753
687,-6.012154005273513,-0.13698561637128637,5.82512458234473,96.39023854112509,139.82628361539759
688,-6.012153998615186,-0.13713723268977177,5.825124582285255,96.3902385411251,139.8262836153976
689,-6.0121540020936255,-0.1369854963916885,5.825124582169066,96.39023854112503,139.82628361539665
690,83.20530312207721,55.286190000001014,5.825124582852498,96.39023854207416,139.82628350505394
691,83.21564671829682,55.286190000001085,6.047438578852415,96.3902385420172,139.82628350713057
692,83.23380187170854,55.28619000000116,7.17040250902045,96.39023854197573,139.8262832679559
693,83.22958857639608,55.28619000000115,7.183720968159597,96.39023854198724,139.82558248283945
694,83.21306046590858,55.28619000000111,7.014785914228474,96.39023854200803,139.82605124842146
695,83.24325173321888,55.28619000000111,7.306153766077426,96.39023854200573,139.8262900101323
696,83.22829571476176,55.286190000001135,8.065353876110725,96.39023854199483,139.82628351007787
697,-6.012153994299317,-5.021925958611906,5.8251245833582255,96.39023854076025,139.82628359942103
698,-6.012153990715143,-5.021925963536144,5.825124583259588,96.39023854076054,139.8262835994212
699,-6.0121539852281005,-5.021925982592374,5.8251245831487,96.39023854076065,139.82628359942115
700,-6.012153978582924,-5.021926056170428,5.825124583006357,96.39023854076058,139.82628359942063
701,83.32322498617668,-5.021925853832684,5.825124582882875,96.39023854076048,139.82628346827892
702,83.3222402727069,55.28618999999759,5.825124582917108,96.39023854205358,139.8262834691809
703,84.09001938077466,55.28619000000068,5.825124583382494,96.39023854347434,139.47368508720027
704,84.08977534459252,55.28619000000076,5.825124583437491,96.39023854352976,139.4732077930397
705,84.08953311649555,55.28619000000077,5.825124583511827,96.39023854348909,139.47273403454358
706,84.09001938057631,55.2861900000007,5.825124583322375,96.39023854350957,139.4736850704987
707,-6.012153921211767,-5.021926121620162,5.825124582683622,96.39023854076048,139.82628359941913
708,-6.012153992941229,-5.021926089053725,5.825124582767762,96.3902385407592,139.8262835994212
709,83.2721835753951,55.286189999997795,5.825124583030691,96.39023854210878,139.82628347328713
710,-6.012153992838166,-5.021925899384044,5.825124582956665,96.39023854076046,139.8262835994213
711,-6.012151866741723,55.28618999999357,5.825124582957155,96.39023854136457,139.82628359936487
712,83.26442988946216,55.286190000000644,5.825124583584076,96.39023854252697,139.82628345828067
713,83.2701117887098,55.28619000000089,5.825124585037637,96.39023854244869,139.82629010439786
714,83.2580656899681,55.28619000000101,5.982400305417011,96.39023854240759,139.82628344042402
715,83.25805945436154,55.286190000001056,6.228916796942117,96.39023854239981,139.82628348561187
716,83.26066310569794,55.28619000000106,6.271444404440773,96.39023854238924,139.8262833421016
717,83.26624071660012,55.28619000000103,5.944773759132854,96.39023854239699,139.82625150868483
718,83.16423107714307,55.286190000000985,5.825124595620262,96.39023854244175,139.75831476388805
719,84.08444718581602,55.28619000000094,5.825124588786295,96.39023854255929,139.46278674324566
720,84.08444720474697,55.28619000000089,5.825124588783956,96.39023854253702,139.46278675183132
721,83.21121821704367,55.28619000000115,9.009458752524267,96.39023854200903,139.82628350134254
722,83.21048179164639,55.286190000001156,9.050164253321945,96.39023854199775,139.82628350138611
723,83.21479263281913,55.28619000000115,8.811884819660449,96.39023854200425,139.82628350117602
724,83.21696955658331,55.28619000000117,8.691556538535366,96.39023854199884,139.8262835010248
725,83.21608202709228,55.28619000000122,8.740614282181118,96.39023854196628,139.82628350111858
726,83.21608203586746,55.286190000001284,8.740614282181154,96.39023854192756,139.82628350112134
727,83.22025859080108,55.286190000001284,8.509825277580509,96.39023854192163,139.82628350003662
728,83.2188045812806,55.28619000000145,8.589641964681455,96.39023854181842,139.82628355966835
729,86.00341520777657,55.28619000000204,8.835031227093673,96.39023854169584,139.50035324266554
730,86.00275218006038,55.28619000000239,9.02995513630883,96.39023854171617,139.49905647333767
731,83.20804281070671,55.28619000000165,8.955434733505811,96.39023854169345,139.82628354030538
732,83.20419571461134,55.286190000001184,8.274739881500574,96.3902385419979,139.82628350079355
733,83.20044576988491,55.28619000000113,7.644609939062353,96.39023854203361,139.82628350041162
734,83.20044577354358,55.28619000000109,7.092682205319969,96.39023854206053,139.8262835002888
735,83.19894642124294,55.28619000000109,6.75683360130532,96.3902385420602,139.8262835000124
736,83.20218938730679,55.28619000000109,6.370564973826165,96.39023854205992,139.82628350022236
737,83.20341135421928,55.28619000000112,6.909722614659954,96.39023854203586,139.826283500536
738,83.21315053677053,55.28619000000122,7.4181570774620225,96.39023854198443,139.82628350061586
739,86.00165645892844,58.388628669946115,8.990477957991803,96.39023854044406,139.49691341697405
740,90.15071316801286,65.05366513611047,9.412319679884432,96.39023854466228,139.6294410354792
741,90.15091807485727,65.05366513610737,9.352087318478908,96.3902385446696,139.62984180068128
742,86.00125982127493,58.38862866994645,9.468695503807844,96.39023854037306,139.49613766874972
743,86.00083489597273,58.388628669943756,9.593620020079879,96.39023854030147,139.49530658470124
744,86.00036021185919,55.28619000000384,9.733173523148825,96.39023854141091,139.49437817899383
745,83.19877538604763,55.286190000001284,9.697236645273259,96.3902385417814,139.82628352308149
746,83.19672956363735,55.28619000000138,9.81031864563945,96.39023854170621,139.82628352294077
747,83.19594153910414,55.286190000001554,9.854377966800525,96.39023854159605,139.82628351480253
748,85.9998915622312,55.286190000002144,9.870953177246049,96.39023854149211,139.4934615764058
749,85.99982328360194,55.286190000005156,9.891025842693201,96.39023854114328,139.49332803817822
750,85.99966156974497,58.38862866994615,9.93856825599205,96.39023854040353,139.49301175306962
751,85.99967278220136,58.388628669947224,9.935271886249609,96.39023854040458,139.49303368279482
752,85.99994793935286,58.38862866994764,9.854377967275505,96.39023854043684,139.49357184495543
753,86.00030292725958,58.388628669947494,9.750014470044105,96.39023854048008,139.49426614294086
754,86.00051462042676,58.3886286699471,9.687778434483189,96.39023854050693,139.4946801799833
755,86.00054745168583,58.38862866989712,9.468774901974587,96.39023854051132,139.49474438459308
756,83.19738781066539,55.286190000001255,8.441698984129873,96.39023854179196,139.82628352174692
757,83.19409403758971,55.28619000000114,7.767319179660488,96.39023854187349,139.82628352150405
758,83.19479863509818,55.28619000000112,6.890963195441331,96.39023854188362,139.8262835214195
759,83.19648742058935,55.2861900000011,6.186460959384402,96.39023854190921,139.82628352136493
760,83.20366860348263,55.2861900000011,6.233141326188076,96.39023854190847,139.8262835220248
761,83.20741738141473,55.286190000001135,6.535834850274405,96.39023854188343,139.82628352244058
762,85.66695320955361,55.28619000000172,8.165837530570574,96.39023854151596,139.60750120520336
763,90.15038593730101,65.05366513611138,9.35626693259608,96.39023854421022,139.62880092377702
764,90.15038593730107,65.0536651361126,9.508524862741751,96.39023854420999,139.62880093165515
765,90.15025741760628,65.05366513611237,9.546314618214476,96.3902385442057,139.62854950977368
766,90.14977637764837,65.05366513610994,9.68777843449403,96.39023854419014,139.62760837275093
767,86.00009780522537,58.38862866994735,9.810318646116393,96.39023854045479,139.49386495795878
768,85.99992864126986,55.28619000002911,9.860051457690735,96.39023854054454,139.4935341010036
769,142.72778621431215,99.6621900000006,6.370452642498801,128.39014351936126,216.7575046348818
770,142.7239367868486,99.66219000000079,7.502224812462427,128.39014351870765,216.7499757693078
771,142.5385826930804,99.6621900000008,8.065352928020031,128.39014351846163,216.82941044065544
772,142.7224703065082,99.66219000000082,7.93348363830695,128.39014351846717,216.74710700185793
773,142.5345907560486,99.66219000000082,8.28239651582304,128.39014351843096,216.82941486425364
774,142.5229806904931,99.66219000000088,8.924600258210143,128.39014351833617,216.8294279372037
775,142.52298069045946,99.66219000000088,8.924600258210043,128.39014351835334,216.82942793718502
776,142.72258518526374,99.66219000000082,7.823478748740214,128.39014351847706,216.7473321343833
777,142.72745552566272,99.66219000000079,5.9763363426481915,128.39014351945195,216.75685786152061
778,142.73008450777579,99.6621900000004,5.823668614003131,128.39014351956968,216.7619996959061
779,89.7868805642381,65.79638138146403,5.823668612112994,128.39014351695116,216.82951033162192
780,85.34249872721327,63.52728804979329,5.8236686112581575,128.3901435169511,216.82951033650136
781,-5.98739993452434,29.509442938534253,5.823668611105822,128.39014351695155,216.829510373137
782,-5.987399946011072,29.509442416718176,5.8236686111608575,128.39014351695178,216.82951037313728
783,-5.987399936167078,29.509441854025848,5.823668611115756,128.39014351695164,216.82951037313725
784,-5.987399938477324,29.50944356660666,5.823668610992491,128.39014351695158,216.82951037313688
785,-5.987399937351029,29.50922276910527,5.823668610777745,128.39014351695954,216.829510373137
786,-5.987399929564661,29.509257107277428,5.823668610618703,128.3901435169597,216.82951037313683
787,-5.987399874826798,29.50944386332857,5.823668610518133,128.39014351695155,216.82951037313586
788,89.82840443727923,65.7963816412185,5.823668610810343,128.39014351695138,216.8295103319484
789,142.7343715374863,99.66219000000025,5.823668611830684,128.3901435208237,216.7703844419961
790,142.73203457875076,99.6621900000007,5.823668614373602,128.39014352103902,216.76581374072282
791,142.72989832516788,99.66219000000078,5.823668844318702,128.39014352022932,216.76163559049476
792,142.7286392823502,99.66219000000075,6.103160758603053,128.39014351966804,216.75917310746388
793,142.71562843016596,99.6621900000009,9.944809081917379,128.39014351758794,216.73372603062933
794,142.71566087054956,99.6621900000009,9.93527187262508,128.39014351758948,216.7337894787168
795,142.71561836580582,99.6621900000009,9.94776791492016,128.39014351758655,216.73370634642333
796,142.715590371284,99.6621900000009,9.955998066911988,128.39014351759198,216.73365159376658
797,142.7156183657715,99.6621900000009,9.94776791492016,128.39014351759278,216.73370634640858
798,142.71561836585488,99.6621900000009,9.94776791492016,128.3901435175908,216.73370634644445
799,142.71570962888111,99.6621900000009,9.901901855008687,128.39014351759553,216.73388483697883
800,142.71559936080075,99.6621900000009,9.001749622480586,128.3901435175921,216.73366917071442
801,142.7154418249809,99.66219000000089,7.2400291552582905,128.39014351759286,216.73336105568632
802,89.70494836070567,99.66218999999958,5.823668611253186,128.3901435190038,216.82951037134157
803,-5.987399940142029,57.14661005733766,5.823668610213836,128.39014351733988,216.82951038712673
804,-5.98739994091384,57.1466091302877,5.823668610280971,128.3901435173407,216.82951038712653
805,-5.987399941330881,57.14660831734182,5.823668610342952,128.39014351734053,216.82951038712656
806,-5.9873999405197535,57.14660824615983,5.823668610335123,128.39014351734124,216.82951038712662
807,-5.987399940486684,57.146792227611286,5.823668610340419,128.39014351734028,216.8295103871266
808,-5.987399941273175,57.14660807459601,5.823668610245246,128.3901435173409,216.82951038712662
809,-5.987399939978913,57.146514571211156,5.823668610165736,128.39014351734315,216.82951038712653
810,-5.987399939466387,57.146515611725846,5.8236686100833,128.39014351734357,216.82951038712665
811,-5.987399933013471,57.14660694476003,5.823668610035119,128.39014351734107,216.82951038712653
812,89.71584627512145,72.30900172843371,5.823668610328369,128.39014351734838,216.82951037136277
813,142.71706880356638,99.66219000000089,5.823668616718894,128.3901435177046,216.73654315920197
814,142.71739052011807,99.6621900000009,7.809050931970008,128.3901435176968,216.73717238445025
815,142.7183421132175,99.6621900000009,9.01378612417473,128.3901435177592,216.73903354455337
816,142.71769784885825,99.6621900000009,9.336416992587713,128.39014351771428,216.73777347426343
817,142.72088709705355,99.66219000000092,8.398804362007295,128.3901435180318,216.74401111921395
818,142.72069602117548,99.6621900000009,8.454979111257302,128.39014351801416,216.74363740612802
819,142.72014968867782,99.6621900000009,8.615596372253668,128.3901435179544,216.7425688695012
820,142.71989131343753,99.66219000000095,8.691556520158056,128.39014351791013,216.74206353020318
821,142.71989131341576,99.66219000000095,8.691556520158045,128.39014351790684,216.74206353019378
822,142.71940329059927,99.66219000000093,8.835031210097657,128.39014351785957,216.74110903770128
823,142.72032735341625,99.66219000000093,8.563364343719389,128.39014351794086,216.7429163528455
824,142.7216977405016,99.66219000000093,8.160481784373008,128.39014351809448,216.74559660486443
825,142.72281930399564,99.6621900000009,7.412048063487706,128.39014351826637,216.7477901930158
826,142.72246987195075,99.66219000000055,6.113059732699073,128.39014351828095,216.74710674518872
827,85.2890434112545,70.064377252425,5.823668610779379,128.3901435173253,216.82951037128302
828,-5.987399940101588,55.16039848145114,5.823668610687359,128.39014351732612,216.8295103863552
829,-5.987399936761097,55.16008898254786,5.829317703316303,128.3901435173254,216.82951038635542
830,-5.987399942469594,55.160628727976764,5.882033038941831,128.39014351732555,216.82951038635534
831,-5.987399937079809,55.160628295657816,5.849634948300008,128.39014351732655,216.82951038635537
832,-5.987399937642605,55.16062775823801,5.823668610697551,128.39014351732538,216.82951038635503
833,-5.987399933033906,55.16062682180173,5.823668610499646,128.39014351732573,216.82951038635522
834,-5.987399933748744,55.16062684535974,5.823668610348423,128.39014351732558,216.82951038635542
835,142.5159165883572,99.66219000000025,5.823668612572812,128.39014351908355,216.8295054658491
836,142.71670995609244,99.66219000000093,6.9242993813256595,128.39014351766014,216.73584131133902
837,142.71613365046542,99.66219000000093,9.07305981918087,128.39014351761918,216.73471415247607
838,142.7159761630756,99.66219000000093,9.8425785224096,128.39014351760807,216.73440613845426
839,142.71591672976996,99.66219000000093,9.860051436837399,128.39014351760622,216.73428989659536
840,142.715736499924,99.66219000000095,9.913037529104546,128.39014351759582,216.73393739657638
841,142.71555785859772,99.66219000000096,9.965556812436953,128.3901435176049,216.73358800219998
842,142.71557344420728,99.66219000000093,9.960974930242447,128.39014351762015,216.73361848427277
843,142.71567245090174,99.66219000000093,9.931867769513655,128.390143517627,216.73381212516557
844,142.71581137234665,99.66219000000095,9.891025819534224,128.39014351761836,216.73408383370176
845,142.7157228453936,99.66219000000092,9.917052059513933,128.39014351761924,216.7339106892728
846,142.7158113723469,99.66219000000093,9.891025819534224,128.3901435176179,216.73408383370156
847,142.7158979451469,99.66219000000093,9.865574110214142,128.39014351762216,216.73425315599394
848,142.71618372832373,99.66219000000093,9.781556179071751,128.3901435176392,216.73481210116051
849,142.7164081240294,99.66219000000092,9.696550215278585,128.3901435176596,216.73525097674954
850,142.71608589470412,99.66219000000093,8.573232576193753,128.3901435176516,216.73462074813034
851,142.71553042626513,99.66219000000092,6.928497503376823,128.39014351761284,216.7335343425577
852,142.5050482606608,99.66219000000072,5.823668615959614,128.3901435177789,216.8295064365038
853,85.26164636702852,71.73011728633617,5.823668610796265,128.39014351732067,216.82951037040144
854,85.26184801503715,69.84133243364644,5.823668610462998,128.3901435173189,216.82951037043398
855,-5.987399930729923,54.1248009522009,5.82366861034709,128.39014351731993,216.829510386017
856,-5.987399944721151,54.12479980530653,5.8236686102840824,128.3901435173201,216.82951038601692
857,85.26163883031515,71.72880810658047,5.823668610326137,128.39014351731905,216.82951037040883
858,142.50386276102455,99.66219000000063,5.823668611162971,128.39014351799023,216.82950672600788
859,142.71601842463699,99.66219000000093,6.656142839240426,128.39014351764973,216.73448878757256
860,142.7170259815441,99.66219000000092,8.277831982699924,128.39014351770172,216.73645940475816
861,142.71764454727696,99.66219000000096,9.294993812851903,128.39014351772698,216.7376692184298
862,142.71769784902096,99.66219000000096,9.336416979443872,128.390143517723,216.73777347375758
863,142.71748964948938,99.66219000000092,9.397626043944287,128.39014351773253,216.73736626903585
864,142.71759207607988,99.66219000000095,9.367513453642804,128.39014351773477,216.7375665987219
865,142.72697067443661,99.66219000000073,6.610269133261116,128.39014351920898,216.75590959487093
866,142.72474115397083,99.66219000000083,7.265742372059209,128.39014351866334,216.75154901949568
867,142.72380739319593,99.66219000000085,7.540260926104917,128.3901435184861,216.74972273682775
868,142.72380739300706,99.6621900000009,7.540260926098496,128.39014351849866,216.74972273674632
869,142.7238073930606,99.66219000000089,7.540260926100227,128.39014351850207,216.74972273676926
870,142.72460369738755,99.66219000000089,7.306153622267894,128.39014351861604,216.7512801772424
871,142.72487995373416,99.66219000000088,7.224936102293478,128.39014351873135,216.75182048933843
872,142.72530465914141,99.66219000000088,7.100075301265439,128.39014351882173,216.75265114336193
873,142.72460369733605,99.66219000000089,7.306153622243881,128.39014351864122,216.7512801772195
874,142.7231801550424,99.66219000000089,6.9253117623040445,128.39014351839577,216.7484959552528
875,142.72060217111525,99.66219000000079,5.823668615638672,128.39014351810815,216.74345383955725
876,85.27668735810265,70.08754644003267,5.823668610669094,128.3901435172762,216.82951036526396
877,-5.98739994019729,48.44425017736671,5.823668610423554,128.39014351727567,216.82951038421953
878,-5.987399942353909,48.444249563345785,5.823668610502623,128.39014351727548,216.82951038421987
879,-5.98739993218158,48.44424908306556,5.82366861047906,128.3901435172737,216.82951038421888
880,-5.9873999383057965,48.444250790519014,5.8236686104196345,128.39014351727602,216.8295103842197
881,-5.987399932573926,48.44405593525623,5.8236686103080855,128.39014351727505,216.82951038421953
882,89.71695363911951,99.66218999999955,5.823668610988638,128.39014351905794,216.8295103626243
883,142.71964258859458,99.66219000000089,6.046305475046308,128.3901435179554,216.74157705578148
884,142.72305860128733,99.66219000000088,7.170401961722937,128.39014351840626,216.7482582161336
885,142.7250201460725,99.6621900000009,7.183720444813585,128.39014351869554,216.75209468255647
886,142.7255947662026,99.66219000000089,7.0147853326685805,128.3901435188504,216.7532185451278
887,142.72460369734614,99.66219000000088,7.306153622244099,128.39014351867425,216.75128017722383
888,142.72202131461177,99.66219000000089,8.065353705613006,128.3901435182327,216.74622946056337
889,-5.987399931898449,29.83852723602648,5.823668611507514,128.39014351695732,216.82951037376077
890,-5.987399930628557,29.83852777733643,5.8236686114042895,128.3901435169572,216.82951037376043
891,-5.987399923176327,29.838526896639223,5.823668611313566,128.39014351695783,216.82951037376048
892,-5.9873999103018045,29.838527992450437,5.823668611175989,128.3901435169572,216.82951037376048
893,85.39151762125134,29.83852862506403,5.82366861103369,128.39014351695758,216.8295103386347
894,85.39053290508303,63.604078162449184,5.823668611061658,128.39014351695712,216.82951033862878
895,89.82176834760233,66.07118213384636,5.823668611520802,128.3901435169575,216.829510333807
896,89.82047037774136,66.0711562233656,5.823668611584476,128.39014351695747,216.82951033379834
897,89.81918202189813,66.07115622707636,5.823668611652231,128.39014351695738,216.82951033378956
898,89.82176841944121,66.07115615119228,5.823668611466644,128.39014351697176,216.8295103336247
899,-5.987399861735323,29.83852376733381,5.823668610821402,128.39014351695744,216.82951037375906
900,-5.987399934155164,29.838759145484687,5.823668610910905,128.3901435169576,216.8295103737607
901,85.34047615456925,63.60407815484219,5.823668611170739,128.3901435169576,216.8295103380897
902,-5.987399937066147,29.838524772804075,5.823668611091432,128.39014351695738,216.82951037376085
903,-5.987397820362347,63.604078160067075,5.823668611110172,128.39014351695752,216.8295103737255
904,89.7760803876181,66.07115613603413,5.823668611733242,128.39014351695783,216.82951033325182
905,142.58037783212964,99.66218999999992,5.823668613109991,128.3901435195932,216.82935260865892
906,142.72762012075788,99.66219000000083,5.980975597194101,128.39014351946344,216.75717978433153
907,142.72762012110178,99.66219000000082,6.228927262475386,128.39014351944567,216.75717978239217
908,142.72812287387993,99.66219000000083,6.271453162155148,128.39014351960742,216.75816309684168
909,142.72934937881982,99.66219000000082,5.943254806962139,128.39014351995436,216.76056194195633
910,142.73084505666185,99.6621900000008,5.823668623751327,128.39014352050097,216.7634872429171
911,142.73183221766152,99.66219000000066,5.823668616921754,128.3901435206652,216.7654179668043
912,142.59065700401203,99.66218999999995,5.82366861685226,128.3901435194881,216.82933094863714
913,142.71880998511767,99.66219000000093,9.009458691549806,128.39014351791826,216.73994862502312
914,142.71867152723505,99.66219000000093,9.050164194746198,128.39014351790763,216.7396778240083
915,142.71948202374105,99.66219000000093,8.811884744981082,128.39014351797957,216.74126302283165
916,142.719891314896,99.66219000000093,8.691556453485187,128.39014351802325,216.7420635293956
917,142.71972444727677,99.66219000000093,8.740614201569144,128.39014351800657,216.74173716353832
918,142.71972444728806,99.66219000000095,8.740614201569148,128.39014351800475,216.74173716354295
919,142.72050946550596,99.66219000000093,8.509825173038555,128.39014351808729,216.74327253082177
920,142.72023797265214,99.66219000000093,8.589641869345268,128.39014351805693,216.74274153527878
921,142.71940329223264,99.66219000000093,8.835031153488087,128.39014351797212,216.74110903697195
922,142.7187402675117,99.66219000000093,9.02995507587535,128.39014351791013,216.7398122689276
923,142.71821689781402,99.66219000000093,8.955434669911753,128.39014351786648,216.73878863616952
924,142.71748965268165,99.66219000000093,8.274739738309243,128.39014351781114,216.73736626218377
925,142.71678461444327,99.6621900000009,7.644609835830713,128.3901435177687,216.7359873184041
926,142.71678461473888,99.6621900000009,7.092681619630693,128.390143517754,216.73598731831535
927,142.7165027161985,99.66219000000092,6.756833558901118,128.39014351773733,216.73543596976015
928,142.71711244023777,99.66219000000089,6.3693971775884375,128.39014351779116,216.73662848910664
929,142.71734218210918,99.6621900000009,6.9097221476744695,128.39014351781142,216.73707783148117
930,142.71917327840038,99.66219000000093,7.418157006146691,128.39014351795413,216.74065916003335
931,142.71764454911286,99.662190000001,8.990477894966078,128.3901435177915,216.73766921668243
932,142.7174396705094,99.66219000000105,9.412319637315157,128.39014351775162,216.73726851598943
933,142.71764454879144,99.66219000000102,9.35208727362279,128.39014351778695,216.73766922343125
934,142.71724791205324,99.662190000001,9.468695463250684,128.39014351777283,216.7368934657515
935,142.71682298820403,99.66219000000096,9.59361998350925,128.39014351774927,216.7360623823264
936,142.71634830483848,99.66219000000093,9.733173490416892,128.3901435177226,216.73513397693463
937,142.7164705376865,99.66219000000092,9.697236619645635,128.3901435176683,216.73537305309506
938,142.71608589441598,99.66219000000092,9.810318622139068,128.3901435176453,216.73462075371268
939,142.71593602858243,99.66219000000092,9.85437794406312,128.39014351763288,216.7343276407244
940,142.71587964878802,99.66219000000092,9.870953154312755,128.39014351763146,216.73421737101845
941,142.71581137240483,99.66219000000096,9.891025820091189,128.39014351761963,216.73408383376253
942,142.7156496590537,99.66219000000096,9.938568234148567,128.39014351761017,216.7337675488708
943,142.715660871126,99.66219000000095,9.935271864354696,128.3901435175994,216.73378947842806
944,142.71593602808963,99.66219000000096,9.854377944063131,128.39014351760764,216.73432764051094
945,142.71629101574686,99.66219000000096,9.750014444961234,128.3901435176268,216.73502193839445
946,142.71650270921376,99.66219000000096,9.687778408182735,128.39014351765982,216.73543597557006
947,142.71653554047515,99.66219000000096,9.468774870927707,128.3901435176631,216.7355001825457
948,142.71620964667386,99.66219000000092,8.441698895341059,128.3901435176529,216.73486278723553
949,142.71559037270796,99.66219000000092,7.767318952238016,128.39014351761986,216.7336515881111
950,142.71572284617787,99.6621900000009,6.890962665961843,128.3901435176366,216.7339106836616
951,142.7160403615659,99.66219000000086,6.185232092803804,128.3901435176716,216.7345316918033
952,142.71739052132895,99.66219000000089,6.2319722482016395,128.39014351776018,216.73717238392865
953,142.71809534214105,99.6621900000009,6.534418434446954,128.39014351779255,216.73855089863244
954,142.7173421776737,99.66219000000092,8.165837403049608,128.3901435177231,216.73707783261
955,142.7171124317157,99.66219000000099,9.35626689844856,128.39014351767506,216.73662848811955
956,142.71711243120444,99.66219000000113,9.508524832424566,128.3901435176115,216.73662849346124
957,142.71698389122656,99.66219000000106,9.546314588809437,128.3901435176265,216.73637709003623
958,142.7165027087962,99.66219000000098,9.68777840818275,128.39014351764664,216.73543597538824
959,142.71608589423104,99.66219000000096,9.810318622139068,128.39014351763487,216.73462075363275
960,142.7159167300274,99.66219000000095,9.860051434574357,128.39014351761526,216.7342898965676
961,202.0367959264219,144.03819000000064,6.376867594255018,179.4317791663029,304.4799110964604
962,202.03294844080787,144.03819000000084,7.502155991913582,179.43177916556562,304.4723808871988
963,202.01838491302408,144.03819000000084,8.06531177276467,179.43177916522308,304.4731256894648
964,202.03148233057158,144.03819000000084,7.933437092781831,179.43177916529126,304.4695113830637
965,201.84492278517234,144.03819000000087,8.282362714180888,179.43177916518002,304.5511144476007
966,201.833318907508,144.03819000000087,8.92458117129243,179.4317791651291,304.5511285323355
967,201.83331890745052,144.03819000000087,8.924581171292285,179.43177916512505,304.5511285323375
968,202.0315974664942,144.03819000000087,7.823427001636174,179.43177916530766,304.4697367477575
969,202.0364654043245,144.0381900000008,5.992355472055325,179.43177916635497,304.4792641979143
970,202.03909305381183,144.03819000000036,5.797958676257417,179.43177916657132,304.48440694513187
971,89.78688079822945,84.96377186130762,5.797958673929553,179.43177916361117,304.5512308042215
972,85.34249897524495,82.94144678631582,5.797958672907477,179.4317791636043,304.55123080722655
973,-6.44873016117824,61.13678333976912,5.797958672707052,179.4317791636043,304.5512308404782
974,-6.448730213145411,61.13657054876234,5.797958672779781,179.43177916361182,304.5512308404787
975,-6.448730205144159,61.13678271513743,5.7979586728045005,179.43177916361185,304.5512308404786
976,-6.448730186846405,61.136536713805555,5.797958672521957,179.43177916361202,304.5512308404784
977,-6.448730181318768,61.136782221048904,5.7979586723745555,179.43177916361176,304.5512308404784
978,-6.448730155827759,61.136569330628646,5.797958672180364,179.431779163612,304.5512308404782
979,-6.448729829428502,61.13657012045776,5.79795867194957,179.43177916360412,304.55123084047506
980,89.8284046686322,84.96387186941463,5.797958672339953,179.43177916360426,304.55123080460896
981,202.043377917036,144.03819000000027,5.7979586735896085,179.43177916793837,304.49279318068494
982,202.0410421406206,144.0381900000007,5.797958676732385,179.43177916822938,304.48822166741587
983,202.03890696935719,144.03819000000078,5.805760383624274,179.43177916719674,304.48404278453796
984,202.03764856315823,144.03819000000075,6.146197166575453,179.43177916668074,304.48157986409666
985,202.02464429414363,144.03819000000095,9.944807289477556,179.43177916430568,304.45612827235857
986,202.02467671817723,144.03819000000095,9.935270063780045,179.43177916431313,304.456191731744
987,202.02463423493793,144.03819000000095,9.947766127535486,179.4317791643097,304.4561085846878
988,202.02460625459318,144.03819000000095,9.955996293501494,179.43177916430682,304.45605382231327
989,202.02463423466537,144.03819000000095,9.947766127531443,179.43177916428354,304.4561085845521
990,202.02463423465994,144.03819000000095,9.947766127531327,179.43177916428306,304.45610858454836
991,202.0247254508763,144.03819000000095,9.901899974476576,179.43177916428797,304.4562871021479
992,202.02461523889437,144.03819000000095,9.001744735377605,179.43177916430744,304.45607139748006
993,202.0244577821754,144.03819000000092,7.317580083770729,179.4317791642787,304.4557632290829
994,89.70494840272305,144.03818999999956,5.797958672903518,179.4317791658581,304.5512308551876
995,-6.448730200985457,96.55582822086879,5.797958671700935,179.43177916403576,304.5512308697282
996,-6.448730208106748,96.55581504535719,5.79795867176355,179.4317791640313,304.5512308697282
997,-6.448730208304728,96.55581434606337,5.79795867185539,179.4317791640311,304.5512308697283
998,-6.448730205323764,96.55581351281015,5.797958671785375,179.43177916403104,304.5512308697283
999,-6.448730209446727,96.55580741606613,5.797958671920135,179.43177916403502,304.5512308697283
1000,-6.448730206773014,96.55581091331301,5.797958671707373,179.43177916403113,304.5512308697283
1001,-6.448730208582474,96.55581031110825,5.7979586715488125,179.43177916403113,304.5512308697283
1002,-6.448730201081555,96.55580734814095,5.797958671497746,179.43177916403138,304.5512308697283
1003,-6.448730175122604,96.55580950333425,5.797958671420725,179.4317791640314,304.5512308697281
1004,89.7158463783974,104.82370948946175,5.797958671773773,179.43177916403462,304.5512308550753
1005,202.02608393790908,144.0381900000009,5.797958680062871,179.43177916440163,304.45894589765254
1006,202.02640549196215,144.03819000000092,7.770883022459101,179.43177916442238,304.4595752347888
1007,202.02735660386142,144.03819000000095,9.013781538111072,179.43177916450625,304.46143672408283
1008,202.0267126660797,144.03819000000095,9.33641373807021,179.43177916445413,304.46017643480667
1009,202.02990030099747,144.03819000000084,8.398794404888688,179.43177916481926,304.466415187097
1010,202.02970932176552,144.03819000000087,8.45496975733732,179.43177916479712,304.46604140764276
1011,202.02916326562348,144.03819000000087,8.61558853130918,179.43177916473192,304.4649726812648
1012,202.02890502120889,144.03819000000092,8.691549298148743,179.43177916469384,304.46446725228066
1013,202.0289050211823,144.03819000000092,8.691549298147319,179.43177916468943,304.46446725226616
1014,202.0284172451819,144.03819000000092,8.835025014622609,179.4317791646281,304.46351259024675
1015,202.02934084051708,144.03819000000092,8.563356042751705,179.43177916472413,304.4653202263147
1016,202.03071053434059,144.03819000000092,8.160468746159381,179.43177916489887,304.4680009542586
1017,202.0318315295286,144.03819000000087,7.412015338506349,179.43177916507463,304.4701949261424
1018,202.03148227808947,144.03819000000053,6.164340882598209,179.43177916506846,304.4695113618997
1019,85.28904352849104,102.54746616272475,5.797958672315126,179.43177916401606,304.5512308536253
1020,-6.448730205956302,94.17331435486852,5.797958672160663,179.4317791640144,304.55123086810676
1021,-6.448730229771916,94.17330992561324,5.804965751492017,179.43177916401572,304.55123086810624
1022,-6.448730217715798,94.17331162061649,5.871573663168366,179.43177916401515,304.55123086810687
1023,-6.44873020532402,94.17331133015682,5.830637394128738,179.4317791640151,304.55123086810653
1024,-6.4487302189882545,94.17331087921737,5.797958672292489,179.4317791640148,304.55123086810613
1025,-6.448730207938751,94.1733108248645,5.79795867197316,179.4317791640146,304.55123086810676
1026,-6.448730175430756,94.17331109324866,5.797958671750918,179.4317791640153,304.5512308681064
1027,201.82625754186503,144.0381900000002,5.797958674556664,179.4317791659925,304.55122273437775
1028,202.02572527267787,144.03819000000092,7.022500927724009,179.43177916442096,304.45824392517403
1029,202.02514925845037,144.03819000000092,9.07305475461361,179.43177916435766,304.45711656419445
1030,202.0249918514633,144.03819000000092,9.842576265891347,179.43177916434553,304.4568085007636
1031,202.024932448212,144.03819000000092,9.860049217521091,179.43177916434175,304.4566922382614
1032,202.02475230962506,144.03819000000092,9.913035418734026,179.4317791643328,304.45633967568574
1033,202.02457375831455,144.0381900000009,9.96555468987767,179.43177916432873,304.4559902189728
1034,202.02458933548002,144.0381900000009,9.960972798506065,179.4317791643297,304.4560207062146
1035,202.0246882920541,144.0381900000009,9.93186557845418,179.4317791643353,304.4562143814774
1036,202.02482714396666,144.0381900000009,9.891023542326034,179.43177916434985,304.4564861385919
1037,202.0247386614792,144.0381900000009,9.917049837612874,179.4317791643369,304.4563129632662
1038,202.02482714391672,144.03819000000092,9.891023542325101,179.43177916434794,304.4564861385659
1039,202.02491367276897,144.0381900000009,9.865571777393466,179.43177916434726,304.45665549085044
1040,202.02519931152656,144.03819000000092,9.781553652421731,179.43177916437122,304.4572145353438
1041,202.02542359291124,144.03819000000092,9.696547457465163,179.43177916438717,304.4576534836005
1042,202.02510152593192,144.0381900000009,8.573223244973743,179.43177916435744,304.45702314230283
1043,202.02454633898373,144.03819000000087,7.048036432644357,179.4317791643364,304.4559365462246
1044,201.8153937025322,144.03819000000072,5.797958678982706,179.43177916455105,304.55122374216705
1045,85.26164648661334,101.45064798777344,5.797958672332623,179.4317791640096,304.5512308519397
1046,85.26184813298484,101.75953054446315,5.79795867191085,179.4317791640091,304.55123085193736
1047,-6.4487301529201275,92.8807027771263,5.797958671768957,179.43177916400958,304.5512308673642
1048,-6.448730162826697,92.88070215240397,5.797958671647071,179.43177916400862,304.5512308673644
1049,85.26163895033932,100.26964048826723,5.797958671755121,179.4317791640092,304.5512308519192
1050,201.8142001086327,144.03819000000058,5.797958672782259,179.43177916475827,304.5512241105551
1051,202.02503408994951,144.0381900000009,6.850106206453072,179.4317791643575,304.45689116018417
1052,202.0260411377097,144.0381900000009,8.277819023204858,179.43177916442852,304.45886212554194
1053,202.0266593908676,144.03819000000092,9.294989723487575,179.43177916447837,304.4600721547046
1054,202.02671266682322,144.0381900000009,9.336413083065075,179.4317791644963,304.46017643405986
1055,202.026504571998,144.03819000000092,9.397622377382516,179.43177916446922,304.4597691567438
1056,202.02660694674637,144.0381900000009,9.367509675953968,179.43177916447453,304.45996952198715
1057,202.03598080051802,144.03819000000075,6.5973393592380045,179.43177916605842,304.47831577632
1058,202.0337524077448,144.03819000000087,7.265695529556795,179.4317791654503,304.47395442447277
1059,202.0328191193699,144.0381900000009,7.540226903459675,179.43177916526884,304.472127817546
1060,202.03281911935187,144.0381900000009,7.540226903425466,179.4317791653223,304.4721278175343
1061,202.03281911925234,144.0381900000009,7.540226903323863,179.4317791652939,304.4721278174888
1062,202.0336150208105,144.0381900000009,7.30610887815174,179.4317791654792,304.47368553455027
1063,202.03389113739914,144.0381900000009,7.224887032755627,179.4317791655383,304.47422594256795
1064,202.03431562792082,144.0381900000009,7.100018681804199,179.4317791656364,304.47505674406483
1065,202.03361502077576,144.0381900000009,7.306108878107945,179.43177916547464,304.4736855345306
1066,202.0321921976368,144.0381900000009,6.91435258596956,179.43177916518255,304.47090081471885
1067,202.02961551768954,144.0381900000008,5.797958678490605,179.431779164859,304.465857803169
1068,85.27668749924358,98.5612755838819,5.797958672181404,179.4317791639473,304.5512308454283
1069,-6.448730187811262,87.73562143583511,5.797958671923217,179.43177916394524,304.55123086355894
1070,-6.448730185308824,87.73562180646755,5.797958672044846,179.43177916394535,304.5512308635589
1071,-6.448730199516883,87.73562156982445,5.7979586720120455,179.4317791639459,304.5512308635589
1072,-6.448730196416914,87.73562056033417,5.7979586719336575,179.43177916394555,304.55123086355894
1073,-6.448730140097676,87.73562036621549,5.7979586718052465,179.4317791639428,304.551230863559
1074,89.71695377293936,144.03818999999956,5.797958672569161,179.4317791659039,304.551230843732
1075,202.02865642071686,144.0381900000009,6.079537034648959,179.43177916470825,304.4639806860419
1076,202.03207070529666,144.0381900000009,7.170347676838243,179.4317791651947,304.47066302974315
1077,202.0340312587376,144.0381900000009,7.183669009623623,179.43177916554183,304.4745001844404
1078,202.03460558818506,144.0381900000009,7.014722843044897,179.43177916570588,304.47562424655774
1079,202.0336150207857,144.0381900000009,7.306108878123946,179.43177916547748,304.4736855345366
1080,202.03103394451483,144.0381900000009,8.065334883441412,179.43177916502188,304.4686339211201
1081,-6.448730180808848,61.647000605517235,5.7979586731769786,179.4317791636145,304.55123084174994
1082,-6.4487301679016324,61.646970920813914,5.797958673064311,179.43177916361432,304.5512308417497
1083,-6.448730131083338,61.64700114372761,5.797958672860572,179.43177916361952,304.55123084174966
1084,-6.448730065075261,61.64697179210843,5.797958672751302,179.43177916361972,304.5512308417489
1085,85.39151771225676,61.64697178425656,5.797958672597431,179.431779163622,304.55123081039187
1086,85.39053299527941,83.20479054747611,5.797958672646248,179.43177916361424,304.5512308103853
1087,89.82176843447726,85.18698282745883,5.797958673181767,179.43177916361944,304.5512308073916
1088,89.82047046317938,85.18695769043623,5.797958673261863,179.43177916361418,304.55123080738264
1089,89.81918210843122,85.18708269878732,5.797958673332115,179.43177916361435,304.5512308073736
1090,89.82176864655791,85.18709830073577,5.797958673134331,179.43177916362168,304.551230806821
1091,-6.448729752636128,61.646992916877316,5.79795867229968,179.4317791636142,304.5512308417484
1092,-6.4487301553482155,61.646994164240404,5.797958672512202,179.43177916361995,304.5512308417523
1093,85.34047639791271,83.20484661827356,5.797958672794082,179.43177916362177,304.551230809382
1094,-6.448730156957499,61.647242290281085,5.797958672697299,179.43177916361387,304.55123084175216
1095,-6.3547183016381315,83.20484676653733,5.797958672685452,179.4317791636216,304.55123084164757
1096,89.77608061730892,85.1870827203479,5.797958673470905,179.43177916361554,304.5512308063848
1097,201.89072557200478,144.0381899999999,5.797958675201933,179.4317791664666,304.55104723779993
1098,202.0366299163495,144.0381900000008,5.99858511035991,179.43177916637035,304.4795861783375
1099,202.03662991609323,144.03819000000084,6.252446955322908,179.43177916641466,304.479586178211
1100,202.03713241573163,144.03819000000084,6.285830468411102,179.43177916657532,304.4805696753431
1101,202.0383583005418,144.0381900000008,5.954189333922591,179.43177916699383,304.4829689454424
1102,202.03985322189175,144.03819000000078,5.797958688927788,179.43177916763855,304.48589476596686
1103,202.04083988363564,144.03819000000064,5.797958679930726,179.43177916783745,304.48782583289284
1104,201.90101027092646,144.03818999999993,5.797958679965332,179.43177916650828,304.5510254213085
1105,202.0278242406519,144.03819000000087,9.009451141184504,179.43177916469335,304.46235197063413
1106,202.02768585275135,144.03819000000087,9.050156944239928,179.4317791646752,304.46208112150936
1107,202.0284959389359,144.03819000000087,8.811875532651177,179.43177916475753,304.4636666016184
1108,202.0289050229071,144.03819000000087,8.691546035418646,179.43177916480144,304.4644672502416
1109,202.02873823992977,144.03819000000087,8.74060429481098,179.43177916478183,304.46414082655633
1110,202.02873823991123,144.03819000000087,8.740604294808913,179.43177916478112,304.4641408265464
1111,202.02952286053244,144.03819000000087,8.50981259350116,179.43177916486258,304.4656764661844
1112,202.029251505289,144.0381900000009,8.589630294287065,179.43177916483094,304.46514537649665
1113,202.02841724737945,144.0381900000009,8.83502215512292,179.43177916474008,304.46351258847636
1114,202.0277545583653,144.0381900000009,9.029947678160834,179.4317791646738,304.46221559034757
1115,202.0272314529005,144.0381900000009,8.955426569732984,179.43177916462568,304.461191769287
1116,202.02650457530305,144.03819000000084,8.274722440575514,179.43177916455886,304.45976914210667
1117,202.02579989575023,144.03819000000087,7.640619855234649,179.43177916451148,304.45838995754826
1118,202.02579989894772,144.03819000000084,7.165933818491725,179.4317791645203,304.45838995914124
1119,202.02551815396967,144.03819000000084,6.88233122574102,179.4317791645047,304.4578385183572
1120,202.0261276497381,144.0381900000008,6.487721290790822,179.4317791645872,304.4590314731261
1121,202.02635717975943,144.03819000000087,6.998275143770579,179.43177916455699,304.45948066373006
1122,202.02818734904963,144.03819000000087,7.401936677175821,179.43177916472445,304.4630626275628
1123,202.02665939372542,144.03819000000092,8.990470009376855,179.43177916455588,304.4600721509687
1124,202.02645461887266,144.038190000001,9.412314545490453,179.43177916453192,304.45967138545603
1125,202.0266593932803,144.03819000000095,9.352081878325588,179.4317791645491,304.46007216396964
1126,202.0262629583672,144.03819000000092,9.468690638582272,179.43177916452126,304.4592962691815
1127,202.0258382501831,144.03819000000092,9.59361569780086,179.43177916449494,304.45846503862265
1128,202.02536381180624,144.0381900000009,9.73316972972648,179.4317791644696,304.45753647089
1129,202.0254859754856,144.03819000000092,9.697233910049146,179.43177916438427,304.45777558677514
1130,202.0251015267179,144.03819000000092,9.81031619023749,179.4317791643569,304.45702315376946
1131,202.02495173688592,144.0381900000009,9.854375611870118,179.4317791643515,304.4567299888212
1132,202.02489538556375,144.0381900000009,9.870950858467928,179.43177916434692,304.4566196995113
1133,202.02482714357353,144.03819000000092,9.891023567559872,179.43177916432938,304.4564861384641
1134,202.02466551218353,144.0381900000009,9.938566080549998,179.4317791643257,304.45616979748667
1135,202.0246767189497,144.0381900000009,9.935269704051262,179.4317791643253,304.4561917310963
1136,202.02495173648362,144.03819000000095,9.854375611862665,179.4317791643311,304.45672998862227
1137,202.0253065446639,144.03819000000095,9.750011868921822,179.43177916435508,304.4574244098388
1138,202.02551813088198,144.0381900000009,9.687775673862191,179.4317791643828,304.4578385204824
1139,202.02555094467627,144.03819000000092,9.46877143016618,179.43177916437875,304.45790273353157
1140,202.0252252156448,144.03819000000092,8.441688151600449,179.43177916436676,304.45726522455084
1141,202.0246062546383,144.0381900000009,7.768259005754165,179.4317791643254,304.4560538121793
1142,202.0247386609374,144.0381900000009,7.012174100030728,179.43177916434615,304.45631295395333
1143,202.02505601666843,144.03819000000084,6.254973572677849,179.43177916440285,304.4569340725586
1144,202.0264054930527,144.03819000000087,6.314055335854539,179.43177916449392,304.45957523345504
1145,202.02710995719053,144.0381900000009,6.695711153350898,179.43177916451498,304.4609539928887
1146,202.026357173915,144.0381900000009,8.165822801634953,179.43177916445228,304.45948066325195
1147,202.02612754433864,144.03819000000098,9.356263068034483,179.43177916440277,304.4590312395479
1148,202.02612754457735,144.0381900000011,9.508521579522,179.43177916433595,304.4590312501445
1149,202.02599906958463,144.0381900000011,9.546311453830134,179.4317791643487,304.4587798020717
1150,202.0255181305158,144.03819000000095,9.68777567385783,179.43177916436886,304.4578385203001
1151,202.02510152672326,144.0381900000009,9.810316190237444,179.43177916435297,304.4570231537698
1152,202.02493244824265,144.03819000000092,9.86004911488872,179.43177916433606,304.4566922380096
1153,-5.6367051579480965,-4.74146832840566,5.446840061051033,87.13537401154029,134.5583699343011
1154,-5.636705153521472,-4.741468364292708,5.446840060924246,87.13537401154343,134.55836993430148
1155,-5.63670514599705,-4.741468443354305,5.446840060793168,87.13537401154056,134.55836993430137
1156,-5.636705133487789,-4.7414684964510085,5.4468400606350444,87.1353740115432,134.55836993430066
1157,81.20492293653339,-4.741468406229712,5.446840060473192,87.13537401153754,134.7923895257376
1158,83.3231641461574,55.2861899999968,5.44684006047317,87.13537401268205,134.55834231950274
1159,83.60135086593955,55.28618999999942,5.446840060477515,87.13537401365656,134.43237187641378
1160,83.6013508366873,55.2861900000002,5.446840060473571,87.13537401480004,134.43237186380784
1161,83.60135083547587,55.2861900000004,5.4468400604745355,87.13537401515069,134.43237186328238
1162,83.60135083631096,55.28619000000026,5.446840060473486,87.13537401486899,134.4323718636483
1163,83.60135086062778,55.28618999999945,5.446840060458408,87.13537401370219,134.43237185564234
1164,83.32316614162421,-4.741467974260803,5.446840060280936,87.13537401154078,134.55834335826555
1165,-5.636705140004827,-4.741467963590568,5.4468400603860925,87.13537401154352,134.55836993430142
1166,-5.636705164778829,-4.741468133636975,5.446840060455963,87.13537401154326,134.55836993430225
1167,-5.636705159088134,-4.741468137810465,5.44684006041793,87.13537401154352,134.5583699343022
1168,-5.636705159167952,-4.741501959318272,5.446840060255832,87.13537401154306,134.5583699343022
1169,-5.636705138346536,-4.741468096943417,5.446840060051659,87.13537401154022,134.55836993430137
1170,83.60135083638444,55.28619000000024,5.4468400601526366,87.13537401488082,134.43237184520802
1171,83.601350833758,55.286190000000865,5.446840060277566,87.13537401611227,134.4323718440807
1172,83.60135083338434,55.28619000000099,5.446840060471373,87.13537401647761,134.4323718438976
1173,83.60135083343128,55.28619000000097,5.446840060480909,87.13537401635506,134.43237186239756
1174,83.60135083389187,55.286190000000815,5.446840060475624,87.13537401602406,134.43237186259952
1175,83.6013508377408,55.286190000000076,5.446840060479143,87.13537401453578,134.43237186426398
1176,83.32316414638098,55.28618999999295,5.446840060477848,87.13537401211221,134.5583423194629
1177,83.1988964857843,55.28619000000132,9.687778177057059,87.13537401347051,134.55834915330854
1178,83.19872543737756,55.286190000001355,9.697236390125015,87.13537401346413,134.55834919725336
1179,83.19961652514542,55.286190000001405,9.647963193315206,87.13537401344809,134.5583489676872
1180,83.20468832258229,55.28619000000137,9.367513155847718,87.13537401345351,134.55834762355005
1181,83.2119201817351,55.28619000000132,8.967610915008644,87.13537401347759,134.55834555398792
1182,83.21116341873368,55.28619000000148,9.009458315314072,87.1353740134189,134.55834577996393
1183,83.21431773849577,55.28619000000152,8.83503069895676,87.13537401340412,134.55834482553155
1184,83.21602515471518,55.2861900000016,8.740613694703306,87.13537401337284,134.55834429515272
1185,83.21269798320105,55.286190000001945,8.924600087884912,87.1353740132361,134.55834531994068
1186,83.21782230003116,55.28619000000157,8.641234165197774,87.13537401339394,134.55834372936525
1187,83.2216961616972,55.28619000000121,7.8180363599327904,87.1353740134993,134.55834342653793
1188,83.21349665582198,55.28619000000103,6.156109872493574,87.13537401354233,134.55834593670156
1189,83.22220402330136,55.28619000000045,5.446840063333288,87.13537401365262,134.5583438152327
1190,-5.636705149884737,-6.840788639374529,5.446840061883998,87.13537401107556,134.5583699095256
1191,-5.636705150590021,-6.840793419345678,5.44684006187371,87.13537401107529,134.55836990949132
1192,-5.6367051244389765,-6.840788859450021,5.446840061561598,87.13537401107554,134.55836990953244
1193,-5.636705033252727,55.28618999996172,5.446840061178072,87.13537401130255,134.5583699094839
1194,83.24269281522324,55.28619000000098,5.4468400825926775,87.1353740135645,134.55833571916236
1195,83.2643440510663,55.286190000001014,5.446840113398173,87.13537401355129,134.55832595687778
1196,83.2588791534502,55.28619000000111,6.199156447436621,87.13537401351938,134.55832883340994
1197,83.25625348786721,55.286190000001135,6.515651824026089,87.13537401351645,134.55832899749774
1198,83.27010229378574,55.28619000000104,5.738640324165915,87.13537401354021,134.5583220379556
1199,83.27411297583745,55.28619000000098,5.56888696665119,87.1353740135559,134.55832016138126
1200,83.25454320260977,55.286190000001014,6.610255319839135,87.13537401355406,134.55832977303956
1201,83.21301597095211,55.286190000000985,8.902652192193244,87.1353740138494,134.5582924312021
1202,83.21638553836372,55.28619000000096,8.716238176660985,87.13537401385808,134.55829024324711
1203,83.2264311083065,55.2861900000009,8.160479399671479,87.13537401386371,134.55828341212236
1204,83.23430845573903,55.286190000000865,7.724658682291863,87.13537401385945,134.55827783990034
1205,83.23562095674448,55.2861900000009,7.652044239394738,87.13537401386449,134.5582768934866
1206,83.23902365669024,55.28619000000091,7.463788908254029,87.13537401386331,134.55827439742345
1207,83.24334118063908,55.2861900000009,7.224921670064225,87.13537401386408,134.55827111688686
1208,83.25112575959564,55.28619000000086,6.756199281085858,87.13537401387168,134.55826669685678
1209,83.25967565196683,55.28619000000078,6.054649496388231,87.1353740138744,134.55825938170474
1210,83.27815950386372,55.286190000000445,5.446840071349107,87.13537401390049,134.55824087961864
1211,83.29735601577136,55.28618999996963,5.446840063333248,87.13537401099101,134.5582210540612
1212,-5.636705093941124,-8.220517501670159,5.446840063636133,87.13537401038374,134.55836987214178
1213,-5.636705140119901,-8.220517294521516,5.446840064096935,87.13537401038366,134.55836987214198
1214,-5.636705174644653,-8.220517268475598,5.446840064391847,87.1353740103841,134.55836987214303
1215,-5.636705178196623,-8.22051730184924,5.446840064212461,87.13537401038407,134.55836987214343
1216,-5.636705124995711,-8.220517307276786,5.446840063572488,87.13537401038336,134.558369872143
1217,-5.63670519010512,-8.220517398570951,5.446840062793644,87.13537401038714,134.55836987214312
1218,-5.636705115386611,-8.22051735780644,5.446840062166234,87.13537401038685,134.55836987214252
1219,-5.636705118809965,-8.220517457796413,5.4468400617695485,87.13537401038712,134.55836987214207
1220,-5.636705112347172,-8.22053127955593,5.446840061660753,87.13537401038369,134.55836987214101
1221,83.29377763199724,55.28618999999944,5.446840062767873,87.13537401390758,134.55822502506334
1222,83.27199434528148,55.28619000000062,5.446840073097387,87.13537401389394,134.55824682293098
1223,83.27199411676754,55.28619000000071,5.612329010320369,87.13537401387904,134.55824675690707
1224,83.28244451478807,55.28619000000043,5.446840088730857,87.13537401391268,134.5582363305519
1225,83.21928887786241,55.286190000001255,8.563364365823485,87.13537401275013,134.55836973913833
1226,83.21521697743808,55.28619000000128,8.788436780429912,87.13537401272986,134.55836973718684
1227,83.21159423232747,55.286190000001284,8.98868227966253,87.13537401273246,134.55836973561122
1228,83.21121835431094,55.2861900000013,9.009458746407846,87.13537401270918,134.55836973546369
1229,83.20839452712598,55.28619000000132,9.165544375400469,87.13537401271319,134.5583697344455
1230,83.20530318034524,55.286190000001376,9.336416986292098,87.13537401266711,134.55836973357137
1231,83.20618135531454,55.28619000000141,9.287876324230327,87.1353740126298,134.55836973379348
1232,83.20419586587217,55.286190000001454,9.264403592221061,87.13537401260353,134.55836973574498
1233,83.19985605098185,55.28619000000131,7.9626954493912585,87.13537401271124,134.5583697356261
1234,83.19494610446597,55.28619000000122,5.806778396351636,87.13537401277756,134.5583697385741
1235,-5.636705148558089,-0.015115208224911317,5.446840059839349,87.13537401189468,134.55836995308525
1236,-5.636705162677953,-0.015115173226997456,5.446840059928899,87.13537401189441,134.5583699530856
1237,-5.636705159508722,-0.015115182781500716,5.446840060048173,87.13537401189424,134.55836995308533
1238,-5.63670515997313,-0.015115219510343527,5.446840060149234,87.13537401189433,134.55836995308525
1239,-5.636705158129943,-0.015115144645065241,5.446840060118495,87.13537401189404,134.55836995308553
1240,-5.636705163613976,-0.015115149219190521,5.446840059922908,87.13537401189404,134.55836995308505
1241,-5.636705163884844,-0.015115247399837904,5.446840059802218,87.13537401189411,134.55836995308513
1242,-5.63670515337618,-0.015115262297356552,5.446840059623576,87.13537401189426,134.5583699530855
1243,-5.636705158487003,-0.015115250036394735,5.446840059497114,87.13537401189404,134.55836995308525
1244,83.19812527263458,55.286190000001184,5.446840060482096,87.13537401280901,134.55836974036004
1245,83.20065003559525,55.28619000000126,6.567529624750181,87.13537401273675,134.5583697366659
1246,83.21048198370829,55.286190000001355,8.384038980786615,87.13537401267692,134.5583697376729
1247,83.22226598105466,55.2861900000013,8.398804394112066,87.13537401272283,134.5583697405948
1248,83.2265778645973,55.28619000000126,8.16048184015102,87.13537401273578,134.55836974262988
1249,83.576922817845,55.28619000000138,10.004493596730477,87.1353740121691,134.3845946993196
1250,83.57695980184879,55.28619000000137,9.989126980982803,87.13537401217006,134.38466702996496
1251,83.57721861655801,55.28619000000139,9.913037575706625,87.1353740121753,134.38517322915067
1252,83.577458279671,55.28619000000138,9.842578570932147,87.13537401217867,134.38564197100868
1253,83.57774540639359,55.286190000001405,9.758165652508529,87.13537401218015,134.38620354392546
1254,83.57745827950642,55.286190000001426,9.842578570932142,87.1353740121708,134.38564197093388
1255,83.57764051239656,55.28619000000146,9.789003586130733,87.1353740121712,134.38599838867117
1256,83.57805117167314,55.28619000000147,9.668273147765595,87.13537401217883,134.38680157082138
1257,83.57826672466857,55.28619000000138,9.033941663255188,87.13537401219958,134.38722315268666
1258,83.57792111737835,55.28619000000135,7.308478036169487,87.13537401219875,134.38654720107252
1259,83.5780853715085,55.2861900000013,5.4812040989629836,87.13537401221255,134.38686845495403
1260,-5.6367051712593605,13.758386595609156,5.4468400591618185,87.13537401209928,134.55836996585728
1261,-5.636705182344715,13.758298029591225,5.446840059250951,87.13537401209948,134.5583699658576
1262,-5.63670517299354,13.758499488015586,5.446840059279797,87.13537401209885,134.5583699658574
1263,-5.636705186268718,13.758386095719668,5.446840059223258,87.13537401209896,134.55836996585793
1264,-5.636705176193209,13.758386165146582,5.446840059190474,87.1353740120987,134.558369965858
1265,-5.6367051758940345,13.758386338315878,5.446840059116292,87.13537401209867,134.55836996585788
1266,83.20266560950935,55.28619000000067,5.446840059122292,87.13537401274034,134.55836984916633
1267,83.57739884678185,55.286190000001326,5.745196789799266,87.13537401219175,134.38552572513024
1268,83.57729348843962,55.28619000000138,7.60718279139163,87.13537401217862,134.38531966201143
1269,83.5780176562888,55.28619000000154,9.069107586352214,87.13537401215984,134.3867360164038
1270,85.50962601069024,55.286190000001646,9.59694819878112,87.13537401218653,134.44902487304805
1271,83.5786389097885,55.28619000000141,9.495483048934524,87.13537401220741,134.3879510898272
1272,83.5804344421259,55.286190000001355,8.967611448815791,87.13537401227443,134.39146285594555
1273,83.59331433556216,55.286190000001035,5.58031632202143,87.13537401369709,134.41665379865748
1274,83.30245966778912,55.28618999999738,5.510062418313363,87.13537401254587,134.55836718533394
1275,83.30245967117658,55.28618999999905,5.446840060652382,87.13537401321598,134.55836718632366
1276,83.59585365119611,55.28619000000094,5.4468400615718116,87.13537401424573,134.4216202840156
1277,83.592717119071,55.28619000000116,5.446840151538179,87.13537401363169,134.41548574196477
1278,83.59156660905262,55.2861900000012,5.696625570758739,87.1353740134316,134.4132355325556
1279,83.59029659803547,55.28619000000123,6.068189647730396,87.13537401323201,134.41075159643464
1280,83.58994774209906,55.286190000001234,6.170759995663618,87.13537401318416,134.4100692908812
1281,83.58994774204365,55.286190000001234,6.170759995598014,87.1353740131841,134.4100692908499
1282,83.58861295131248,55.2861900000012,5.5687932273934395,87.13537401302118,134.40745864186454
1283,83.26074918285269,55.28618999999935,5.446840059786432,87.13537401335412,134.55836953806119
1284,-5.636705169311574,-0.4312388759781015,5.4468400597581,87.13537401185951,134.55836995123647
1285,-5.636705171729773,-0.43123884347894537,5.4468400599057505,87.13537401185975,134.55836995123656
1286,-5.636705164891626,-0.43123888818722195,5.446840059987593,87.1353740118599,134.55836995123664
1287,-5.6367051777966655,-0.4311853773206337,5.44684005993551,87.13537401185971,134.55836995123659
1288,-5.6367051613449135,-0.43123886357298225,5.446840059843112,87.1353740118598,134.5583699512367
1289,-5.636705160949061,-0.4312929947687689,5.446840059676324,87.13537401185948,134.55836995123653
1290,83.22771855686041,55.286190000001035,5.446840059957649,87.13537401297083,134.55836971378767
1291,83.22601666668761,55.28619000000124,5.691791595669849,87.13537401283098,134.55836971096375
1292,83.22771652746052,55.28619000000136,7.488393469104796,87.13537401273943,134.55836970860727
1293,83.22717563003599,55.28619000000149,8.129126787483768,87.1353740126391,134.55837017684817
1294,83.21928786612854,55.28619000000153,8.563364346331356,87.13537401262448,134.5583697031033
1295,83.21742198690951,55.28619000000138,8.666550069002868,87.13537401271785,134.55836970391465
1296,83.21834381328605,55.28619000000131,8.615596373420468,87.13537401277776,134.55836970363703
1297,83.19518510435384,55.28619000000139,9.895693903661266,87.13537401244822,134.55836983370304
1298,83.19479870268711,55.28619000000142,9.917052081490814,87.13537401242152,134.558369834238
1299,83.19494620085702,55.28619000000147,9.908900927545403,87.13537401238248,134.5583698340361
1300,83.19519015697547,55.28619000000158,9.89569390366126,87.13537401231557,134.55836983388073
1301,85.50869046861256,55.286190000001966,9.891025842109507,87.13537401225969,134.44719510381012
1302,85.5085635136967,55.28619000000428,9.928348791058143,87.13537401203449,134.44694680471042
1303,85.5085759227458,58.38862866994618,9.924700521275543,87.13537401136978,134.44697107535399
1304,85.50870683248063,58.38862866994753,9.886214147707914,87.13537401138429,134.4472271132664
1305,85.50862966438048,58.38862866994785,9.908900927726103,87.13537401137576,134.44707618515184
1306,85.50853996473839,58.388628669947416,9.897213872856506,87.13537401136608,134.4469007397178
1307,83.1942426588257,55.28619000000152,9.03423329659918,87.13537401234679,134.55836984129394
1308,83.19351377701258,55.286190000001326,8.122938158451865,87.13537401248422,134.55836984269135
1309,83.1932980522237,55.286190000001284,6.935843887362727,87.13537401252225,134.55836983841357
1310,83.19329825348693,55.28619000000127,6.352349380985926,87.13537401253092,134.55836984369546
1311,83.1951031678495,55.286190000001284,6.253566525880685,87.13537401253433,134.55836984184856
1312,83.19948143313513,55.28619000000128,6.245071172666645,87.1353740125266,134.55836983576373
1313,83.20291019746618,55.28619000000132,7.755813080358093,87.13537401249346,134.5583698293159
1314,83.20530407530885,55.28619000000144,8.327717903578922,87.13537401240873,134.55836981315898
1315,85.51097443623314,55.28619000008225,8.95311256370352,87.1353740117074,134.45166216563535
1316,85.51197771917165,58.38862866994691,8.924600599029477,87.13537401185634,134.45362442994323
1317,85.51161936020067,58.38862866994656,9.029955164871536,87.13537401179119,134.45292353870718
1318,85.51041952942903,58.3886286699458,9.382695461385985,87.13537401160019,134.45057686694463
1319,85.50970207916234,55.28619000000351,9.593620037388026,87.13537401223941,134.4491736513732
1320,85.50919844495233,55.28619000000181,9.741683774613342,87.13537401225327,134.4481886294717
1321,83.23711294899566,55.28619000000123,7.577914356629822,87.13537401295292,134.5583691682464
1322,83.25504962854114,55.286190000001184,6.748927815600165,87.13537401297017,134.5584465148898
1323,83.58877461031287,55.28619000000119,6.515678055239851,87.1353740130236,134.40777476305922
1324,83.26584071962905,55.286190000001206,6.70313705785986,87.13537401295915,134.5594729302848
1325,83.58926834000872,55.286190000001206,6.3705103768787925,87.13537401307923,134.40874046848242
1326,83.58861298373937,55.28619000000123,6.563193001112177,87.13537401301012,134.40745866458147
1327,83.25280670643195,55.28619000000124,6.7942947609229485,87.13537401293982,134.55932159939803
1328,83.58829418936412,55.28619000000124,6.656922473608519,87.13537401297972,134.40683513148812
1329,83.29299912953755,55.28619000000125,6.748927815305785,87.135374012952,134.57002670403224
1330,83.2485363702847,55.28619000000125,6.864714389642856,87.13537401294519,134.55834617597083
1331,83.23779478241882,55.28619000000124,6.721886695060232,87.13537401293783,134.55836925301318
1332,83.22074882849564,55.286190000001184,5.697131447185615,87.1353740129731,134.55836947992242
1333,83.20872902300795,55.286190000001156,5.446840075009527,87.13537401300731,134.55836957389326
1334,83.22175308654167,55.286190000001,5.446840060996669,87.1353740130965,134.55836948376114
1335,83.21236072333414,55.286190000001,5.446840060906391,87.13537401310035,134.5583695549155
1336,83.206482599862,55.286190000001184,5.729243226489895,87.13537401297502,134.558369582957
1337,83.19894619353059,55.28619000000127,7.232653753396803,87.13537401293003,134.55836961164044
1338,83.198443135546,55.28619000000157,8.193032062253785,87.13537401271657,134.5583696105949
1339,85.51031876351806,58.38862866994431,9.050710273019,87.13537401106196,134.45037976794544
1340,87.07405374826376,58.38862866994975,9.36751342871545,87.1353740143661,134.50114446105638
1341,85.51190406821706,58.3886286699437,8.946253142865606,87.13537401146446,134.453480376406
1342,85.51175974839701,55.28619000000563,8.988682237425897,87.13537401245055,134.45319810921046
1343,83.21395928897249,55.28619000000164,8.85786877023371,87.13537401267229,134.55836948359732
1344,83.2152153212798,55.28619000000136,8.78843672948048,87.13537401284962,134.55836947347206
1345,-5.64000969554747,30.117305181090885,5.447039578553081,128.9001011166326,217.11352116837676
1346,-5.640009698399299,30.117305460725706,5.447039578432528,128.90010111663213,217.11352116837702
1347,-5.640009691346848,30.117304961212007,5.4470395783059,128.90010111663224,217.11352116837682
1348,-5.640009675383374,30.117305029282246,5.447039578130757,128.900101116632,217.1135211683761
1349,85.15668511615556,30.117148964946438,5.447039577982133,128.90010111663204,217.11352113191035
1350,85.39151762291809,63.88167063092195,5.447039577990423,128.90010111663275,217.11352113306071
1351,85.39151762285935,63.88167069572455,5.447039577992683,128.90010111663287,217.11352113306043
1352,85.39151762320174,63.88167065229788,5.447039577996,128.90010111663193,217.11352113306074
1353,85.39151762325314,63.88167063157072,5.44703957798902,128.9001011166325,217.11352113306054
1354,85.3915176230239,63.881670638946,5.447039577996209,128.90010111663236,217.11352113306071
1355,85.39151769857254,63.88167039931685,5.447039577978433,128.90010111663193,217.1135211328847
1356,85.39151769889722,30.1173056135089,5.4470395777920295,128.90010111662653,217.1135211328849
1357,-5.640009688415025,30.11730485495433,5.447039577885329,128.90010111663244,217.1135211683764
1358,-5.640009705601576,30.117305535464613,5.44703957796678,128.90010111663275,217.11352116837656
1359,-5.640009711234475,30.11730097391124,5.447039577910402,128.90010111663202,217.11352116837674
1360,-5.640009706666477,30.11730593426298,5.4470395777802105,128.90010111663193,217.11352116837617
1361,-5.640009681942718,30.1171550688269,5.4470395775558265,128.90010111663264,217.11352116837608
1362,85.39151769845105,63.8816706768835,5.4470395776716325,128.90010111663224,217.11352113288572
1363,89.83487532198926,66.09889379389192,5.447039577792979,128.9001011166315,217.11352112810818
1364,89.8348753218127,66.09890442951243,5.4470395779874465,128.90010111663284,217.1135211281043
1365,89.8348752500292,66.09889379381345,5.447039577997133,128.90010111662627,217.11352112829073
1366,89.83487524990063,66.0989048414932,5.447039577997025,128.9001011166323,217.1135211282908
1367,85.39151762304837,63.88167062097883,5.44703957799408,128.90010111663256,217.11352113306052
1368,85.39151762318035,63.88167064356931,5.447039577994547,128.9001011166321,217.1135211330606
1369,142.50915634387468,99.66219000000109,9.687778163287296,128.90010111909638,217.11342432109828
1370,142.508985387523,99.66219000000106,9.69723637647281,128.90010111910303,217.11342448309713
1371,142.5098759986071,99.66219000000109,9.647963179037063,128.90010111906707,217.1134236369395
1372,142.51494518122163,99.66219000000106,9.367513137183613,128.90010111910055,217.11341869130945
1373,142.52217343639106,99.66219000000109,8.96761088699248,128.9001011190963,217.11341116152312
1374,142.5214170435873,99.66219000000109,9.009458288518994,128.90010111905684,217.11341197775508
1375,142.5245698444303,99.66219000000109,8.83503066656015,128.90010111902967,217.113408537795
1376,142.52627646288818,99.6621900000011,8.740613658614087,128.900101119033,217.11340663468886
1377,142.52295086091078,99.66219000000109,8.924600058537399,128.9001011190595,217.1134103166803
1378,142.52807275578382,99.66219000000109,8.641234124625718,128.9001011190267,217.1134046122381
1379,142.5319443359072,99.66219000000106,7.8180363172999225,128.90010111909515,217.11340115596377
1380,142.52374736154013,99.66219000000098,6.15654901303768,128.9001011192903,217.1134111143333
1381,85.29055879030037,64.10632695055548,5.447039580861767,128.90010111628337,217.11352108895844
1382,-5.640009706630659,17.723935241889894,5.447039579408236,128.90010111629186,217.11352115400948
1383,-5.640009702093534,17.72393514386154,5.447039579391338,128.9001011162921,217.11352115393282
1384,-5.640009677584768,17.723935299292076,5.4470395790928565,128.90010111629226,217.1135211539317
1385,-5.64000957551948,61.31100679848152,5.447039578709927,128.900101116283,217.11352115393206
1386,142.55293600079247,99.66219000000088,5.447039600108765,128.9001011194852,217.11337537639105
1387,142.56277573211887,99.66219000000098,5.447039630832339,128.90010111929334,217.11285313711585
1388,142.56913766059432,99.66219000000103,6.199154726835013,128.90010111921939,217.11335124594595
1389,142.566497734184,99.66219000000105,6.515650660130483,128.9001011191908,217.11335430192437
1390,142.77298430542848,99.66219000000098,5.738834990580041,128.90010111965734,217.02614096873262
1391,142.77373857066175,99.66219000000085,5.569079330741516,128.90010111975883,217.02761603616167
1392,142.5647856784101,99.66219000000096,6.610254332772525,128.9001011193291,217.11335689430587
1393,142.52326297010578,99.66219000000096,8.902652140499512,128.90010112002057,217.1132934095643
1394,142.52663344105366,99.66219000000096,8.716238114100225,128.90010112003523,217.11328780191522
1395,142.5366824553678,99.66219000000093,8.160479346712753,128.9001011200753,217.11327034746614
1396,142.54456319736292,99.6621900000009,7.72465845424849,128.90010112005965,217.11325610087368
1397,142.54587632060225,99.66219000000093,7.65204398631483,128.90010112004217,217.113253674138
1398,142.54928077738214,99.66219000000093,7.463788574671004,128.9001011200281,217.1132472680723
1399,142.55360090526023,99.66219000000095,7.224921195611546,128.9001011200546,217.11323885338018
1400,142.56138954862604,99.66219000000089,6.756198409659306,128.9001011200879,217.1132239117866
1401,142.56994628355017,99.66219000000078,6.054646933187824,128.90010112028114,217.11320537409483
1402,89.79000459069303,62.70203026811741,5.4470395888592735,128.9001011157017,217.11352103217249
1403,85.3658608520758,59.830260927551926,5.44703958085242,128.90010111570191,217.11352104360247
1404,-5.640009770513456,9.508975021793995,5.447039581154041,128.9001011157012,217.11352113130687
1405,-5.640009461067761,9.508974992838716,5.447039581617947,128.9001011157015,217.1135211313181
1406,-5.6400095998850155,9.50897541976787,5.4470395819005155,128.90010111570115,217.11352113131892
1407,-5.640009661055688,9.508975693603297,5.447039581750147,128.9001011157013,217.11352113131926
1408,-5.640009666587972,9.508974936324542,5.447039581094247,128.90010111570203,217.1135211313088
1409,-5.6400097870314125,9.508716403049396,5.44703958032194,128.90010111570194,217.11352113131923
1410,-5.640009592711942,9.508975009998728,5.447039579682355,128.90010111570135,217.11352113131872
1411,-5.6400095925146525,9.508975155481496,5.447039579294426,128.9001011157014,217.11352113131827
1412,-5.6400094760407455,9.50871675057357,5.447039579175325,128.90010111570177,217.11352113131764
1413,85.36227941623967,59.830261657247824,5.447039580304634,128.90010111570197,217.1135210435708
1414,142.58227950730245,99.66218999999835,5.4470395905536595,128.90010111964946,217.11317706187694
1415,142.582279529741,99.66219000000025,5.612521884053655,128.90010112074108,217.11317677466724
1416,89.79429227355435,62.702026378192784,5.447039606239955,128.90010111570191,217.11352103281362
1417,142.76341330189405,99.66219000000115,8.563364355158653,128.90010111735214,217.0074217220932
1418,142.7626477286957,99.66219000000116,8.78843677232871,128.9001011172812,217.00592438558596
1419,142.76196660401084,99.66219000000115,8.98868227323818,128.90010111722782,217.0045922151655
1420,142.7618959338395,99.66219000000117,9.009458740132596,128.90010111722097,217.00445399581355
1421,142.76136501799144,99.66219000000116,9.165544370122735,128.9001011171842,217.00341560769834
1422,142.76078380431065,99.66219000000117,9.336416981899436,128.90010111713593,217.00227884612957
1423,142.76094891485155,99.66219000000116,9.287876319604909,128.90010111715551,217.00260177277926
1424,142.76057560787382,99.66219000000116,9.26440358848637,128.90010111712468,217.00187163631165
1425,142.75975975065668,99.66219000000117,7.962695425065424,128.9001011170761,217.00027582118707
1426,142.5052818017139,99.66219000000103,5.807110352304647,128.90010111738246,217.11351872092897
1427,-5.640009692210788,49.07175205143615,5.447039577353232,128.90010111681448,217.11352117899327
1428,-5.640009703903357,49.07175125248218,5.447039577488538,128.90010111681082,217.11352117899335
1429,-5.64000970435116,49.071751601125094,5.44703957761518,128.9001011168153,217.11352117899344
1430,-5.640009700450124,49.071751593167065,5.4470395776421565,128.90010111681508,217.11352117899335
1431,-5.640009703500355,49.07175154660133,5.447039577621412,128.9001011168139,217.1135211789932
1432,-5.640009706830254,49.07175205383028,5.44703957745145,128.90010111681516,217.11352117899338
1433,-5.640009704935139,49.07175158641139,5.4470395772980575,128.9001011168141,217.11352117899264
1434,-5.640009702983529,49.071751894761185,5.447039577135065,128.90010111681457,217.11352117899293
1435,-5.640009697330239,49.07175172701269,5.447039577022231,128.9001011168141,217.1135211789933
1436,89.70977569511008,99.66218999999961,5.447039577992434,128.90010112141553,217.11352115741957
1437,142.7599089871896,99.66219000000116,6.567529085742167,128.90010111708696,217.00056776778257
1438,142.76175747590335,99.66219000000117,8.384038968424145,128.900101117207,217.00418318827735
1439,142.7639730446455,99.66219000000117,8.398804380919076,128.90010111739647,217.008516488078
1440,142.7647836880387,99.66219000000115,8.160481821723476,128.9001011174897,217.01010197370277
1441,142.7585266447889,99.66219000000122,10.001922548851562,128.9001011167074,216.99786423626483
1442,142.75856362880432,99.66219000000122,9.9891269803972,128.9001011167081,216.99793656840242
1443,142.75882244362163,99.66219000000122,9.913037575078484,128.90010111671526,216.9984427676386
1444,142.75906210687583,99.66219000000122,9.842578570261777,128.90010111672177,216.99891150956321
1445,142.75934923376514,99.66219000000122,9.758165651783456,128.90010111673,216.9994730825511
1446,142.75906210688183,99.66219000000122,9.842578570261773,128.90010111672333,216.9989115095661
1447,142.75924433985642,99.66219000000123,9.789003585426238,128.90010111671998,216.99926792732893
1448,142.75965499921938,99.66219000000123,9.66827314697683,128.90010111673197,217.00007110952393
1449,142.75987055204007,99.66219000000122,9.033941661934263,128.90010111674624,217.00049269284332
1450,142.75952494447964,99.66219000000122,7.30847801265716,128.90010111673683,216.99981674122563
1451,142.50982554317056,99.66219000000059,5.481533697328655,128.90010111848764,217.11352096746884
1452,-5.640009706740946,74.93148924431438,5.447039576715445,128.90010111682383,217.11352118621312
1453,-5.640009711809225,74.93148866044487,5.447039576741697,128.90010111682363,217.1135211862133
1454,-5.6400097124046065,74.9313935892943,5.447039576789527,128.90010111682372,217.11352118621303
1455,-5.640009703349722,74.9314885419816,5.447039576733261,128.9001011168236,217.11352118621338
1456,-5.6400097105222535,74.93148873654185,5.447039576723611,128.90010111682392,217.11352118621352
1457,-5.640009698101373,74.93148895716021,5.4470395766539665,128.9001011168235,217.11352118621338
1458,85.27095848576779,79.85280573945985,5.447039576644694,128.90010111682398,217.11352118004407
1459,142.75900267352006,99.66219000000122,5.745526541937681,128.90010111672626,216.9987952651218
1460,142.75889731549245,99.66219000000122,7.607182778616812,128.900101116718,216.99858920212125
1461,142.7596214839848,99.66219000000123,9.069107585083039,128.90010111673107,217.00000555669735
1462,142.7598328595943,99.66219000000123,9.596948198187487,128.90010111673763,217.00041897265828
1463,142.76024273727614,99.66219000000122,9.495483048004434,128.90010111675988,217.00122062851105
1464,142.7620382696763,99.66219000000122,8.967611447212128,128.90010111682625,217.00473239466743
1465,89.79213101760126,69.466800666178,5.58056595097058,128.9001011167994,217.1135211549434
1466,85.37076689604164,67.66512679458744,5.510304859497473,128.90010111679996,217.113521157897
1467,85.37076689798612,67.66531399874579,5.447039578175729,128.90010111679908,217.11352115789722
1468,89.80563705271966,69.46680070251327,5.447039579088725,128.9001011168021,217.11352115496504
1469,142.5875952171639,99.66218999999974,5.447039669334408,128.90010112191797,217.11349187159587
1470,142.7731704347769,99.66219000000099,5.6968160978888225,128.90010111945293,217.02650507328053
1471,142.77190042225328,99.66219000000109,6.068187512198252,128.9001011189477,217.02402113719026
1472,142.77155156579357,99.66219000000112,6.17075833686095,128.90010111883845,217.02333883131806
1473,142.77155156580292,99.66219000000112,6.170758336840874,128.90010111883643,217.02333883131942
1474,142.77021677081763,99.66219000000106,5.56905500911636,128.90010111847008,217.0207281842024
1475,85.32904428150601,67.66531324180205,5.4470395773089155,128.90010111679973,217.1135211576733
1476,-5.6400097021907225,46.9152180191267,5.447039577288669,128.90010111679925,217.11352117795045
1477,-5.640009706764551,46.91527814018367,5.447039577429796,128.90010111680232,217.11352117795028
1478,-5.640009711028452,46.915122280115895,5.447039577498679,128.90010111680166,217.1135211779501
1479,-5.640009704403808,46.915277911290396,5.447039577489744,128.90010111680104,217.11352117795022
1480,-5.640009706777997,46.91521779968893,5.447039577392747,128.90010111680056,217.11352117795025
1481,-5.640009701606443,46.915277963560484,5.447039577223212,128.9001011168008,217.1135211779503
1482,89.73936915493852,69.46680079839939,5.447039577484027,128.90010111679953,217.11352115449145
1483,142.76467823656063,99.66219000000113,5.6922403095405905,128.90010111755643,217.00989571390798
1484,142.76499821608977,99.66219000000116,7.48839341248116,128.90010111757107,217.01052154577727
1485,142.76489034184723,99.66219000000117,8.129126765847518,128.90010111755464,217.0103105688153
1486,142.76341330464072,99.66219000000117,8.563364334363456,128.90010111740312,217.00742172275406
1487,142.7630623249851,99.66219000000116,8.666550058469896,128.90010111737473,217.0067352611102
1488,142.76323564062832,99.66219000000116,8.615596362206833,128.9001011173893,217.00707423972395
1489,142.75888144027618,99.6621900000012,9.895693902107967,128.9001011169173,216.99855814853208
1490,142.7588087914203,99.6621900000012,9.917052079971702,128.9001011169137,216.9984160592228
1491,142.75883651716583,99.6621900000012,9.908900926013334,128.90010111691444,216.99847028630222
1492,142.75888144013862,99.6621900000012,9.895693902107968,128.90010111691402,216.99855814847353
1493,142.75889731830745,99.6621900000012,9.891025840367881,128.90010111691456,216.99858920362584
1494,142.758770366011,99.6621900000012,9.928348789376178,128.90010111690745,216.99834090565676
1495,142.75878277499564,99.66219000000122,9.924700519587857,128.90010111689554,216.99836517626986
1496,142.75891368461666,99.66219000000122,9.886214145958288,128.90010111690162,216.9986212141347
1497,142.75883651657577,99.66219000000122,9.908900926013343,128.90010111689807,216.99847028604586
1498,142.75874681699278,99.66219000000122,9.897213871637808,128.90010111689435,216.9982948434642
1499,142.75870431281822,99.6621900000012,9.034233293250853,128.90010111690603,216.99821171136023
1500,142.75856719864817,99.6621900000012,8.122938145703435,128.90010111690242,216.99794353810057
1501,142.7585266494114,99.66219000000113,6.935843806778538,128.90010111691797,216.99786423333168
1502,142.7585266753328,99.66219000000113,6.352710063299453,128.9001011169267,216.99786427635976
1503,142.75886602848092,99.66219000000112,6.253927781169481,128.900101116948,216.9985279971759
1504,142.759689201537,99.66219000000113,6.245457963895641,128.9001011169799,217.00013799168147
1505,142.76033385565603,99.6621900000012,7.755813057143415,128.90010111699007,217.00139883095764
1506,142.76078379504585,99.6621900000012,8.327717894596377,128.9001011170145,217.00227883881317
1507,142.76118128733796,99.66219000000122,8.953112559729819,128.90010111702148,217.00305626898827
1508,142.76218457008656,99.66219000000122,8.924600594385472,128.90010111708375,217.00501853033478
1509,142.76182621118588,99.66219000000122,9.029955160740267,128.9001011170607,217.00431763912366
1510,142.760626380719,99.66219000000122,9.382695458534648,128.9001011169896,217.0019709674713
1511,142.75990893046276,99.6621900000012,9.593620035074924,128.90010111696284,217.0005677518978
1512,142.75940529843507,99.6621900000012,9.741683772607894,128.90010111693908,216.9995827299116
1513,142.7667652672947,99.6621900000011,7.577914291261282,128.90010111791096,217.01397761052112
1514,142.76958501507877,99.66219000000109,6.748927411428571,128.90010111843958,217.01949257710402
1515,142.7703783875806,99.66219000000105,6.515677327737805,128.90010111863268,217.02104428406696
1516,142.76974076733714,99.66219000000109,6.703136605652128,128.9001011184698,217.01979720406504
1517,142.7708721502497,99.6621900000011,6.370509316875533,128.90010111874665,217.02201000382104
1518,142.7702167714306,99.6621900000011,6.563192355095046,128.9001011185822,217.0207281900798
1519,142.76943070256726,99.66219000000112,6.79429439973168,128.90010111838944,217.0191907683434
1520,142.76989796133307,99.66219000000112,6.656921964445048,128.9001011185081,217.0201046500894
1521,142.76958501407387,99.66219000000112,6.748927411668946,128.90010111843242,217.0194925766674
1522,142.7691264272297,99.66219000000112,6.86471409890832,128.90010111833053,217.01859564746474
1523,142.76689334287633,99.66219000000112,6.721886268328157,128.90010111792253,217.01422809748692
1524,142.53105144160116,99.66219000000105,5.697565809692707,128.90010111766455,217.11350724854526
1525,142.51904636561778,99.66219000000079,5.447039592526659,128.9001011184379,217.11351094208632
1526,89.73340537503465,68.30375533452715,5.447039578512272,128.90010111677012,217.1135211478841
1527,89.72401230623196,68.30375083123882,5.447039578433042,128.90010111677088,217.11352114776747
1528,142.51680066893059,99.66219000000103,5.7296274685049715,128.90010111767475,217.11351146031396
1529,142.50926568880564,99.66219000000112,7.232653703091289,128.90010111745016,217.11351264332453
1530,142.50876290734524,99.66219000000117,8.193032039188285,128.90010111743933,217.11351264881696
1531,142.51424905898872,99.66219000000119,9.050710265622419,128.900101117363,217.1135117532176
1532,142.51505087592605,99.66219000000123,9.367513422552639,128.90010111730442,217.11351132538513
1533,142.5226911100367,99.66219000000119,8.946253133277464,128.90010111738596,217.11350298557028
1534,142.5218639351902,99.66219000000117,8.988682228275227,128.90010111741083,217.11350949070598
1535,142.52409403622448,99.66219000000117,8.857868759824312,128.90010111743706,217.11350738761757
1536,142.52449223308324,99.66219000000116,8.788436718196515,128.9001011174379,217.1134909096886
1537,-6.19892599588584,62.52813780652677,5.422727008820288,182.47320896259208,306.2471894061898
1538,-6.198925972796049,62.52730121741671,5.422727008551458,182.4732089625926,306.2471894061901
1539,-6.19892595626184,62.52730284052915,5.422727008426498,182.4732089625852,306.24718940618993
1540,-6.198925884227666,62.528136920637614,5.422727008229655,182.47320896259257,306.247189406189
1541,87.15373908111111,62.5281350767061,5.422727008039584,182.47320896259313,306.24718932325965
1542,85.39151772094819,83.29989287909814,5.422727008066789,182.4732089625954,306.2471893754814
1543,85.3915177211768,83.29983581481187,5.422727008059498,182.4732089625931,306.24718937548136
1544,85.3915177212814,83.29983568878399,5.422727008064687,182.47320896259305,306.24718937548136
1545,85.39151772167348,83.29976819854363,5.422727008059984,182.47320896259333,306.2471893754813
1546,85.39151772123549,83.29989209884786,5.422727008074255,182.4732089625926,306.2471893754814
1547,85.39151795292682,83.29988677011043,5.42272700805564,182.47320896259237,306.2471893749671
1548,85.3915179533559,62.52813476151756,5.422727007799395,182.4732089625843,306.24718937497227
1549,-6.198925936205285,62.52813699552905,5.422727007990313,182.47320896259302,306.24718940618874
1550,-6.198926034099943,62.52814032765506,5.422727008017623,182.47320896259347,306.2471894061901
1551,-6.198926037868042,62.52813797506299,5.422727007948181,182.47320896259345,306.2471894061902
1552,-6.198926022709429,62.52813441938644,5.422727007746689,182.47320896259512,306.2471894061899
1553,-6.198925914679131,62.52814012634486,5.42272700756757,182.47320896258455,306.24718940618845
1554,85.39151795324095,83.2998322375209,5.422727007637801,182.47320896258466,306.24718937497374
1555,89.83487556234836,85.33094138117285,5.4227270078430285,182.47320896259274,306.2471893720881
1556,89.83487556243458,85.33094139272335,5.422727008067066,182.4732089625925,306.2471893720747
1557,89.83487534481674,85.33093987588359,5.422727008047413,182.47320896258498,306.24718937260786
1558,89.83487534431158,85.33093986186636,5.4227270080254755,182.47320896259328,306.247189372608
1559,85.39151772125882,83.29983449524497,5.42272700805288,182.47320896259257,306.24718937548124
1560,85.3915177216737,83.2998083073375,5.422727008053628,182.47320896259288,306.24718937548136
1561,201.81949350801193,144.03819000000104,9.687763449470802,182.4732089654445,306.2470783140313
1562,201.81932253717613,144.03819000000104,9.697221770419302,182.4732089654376,306.2470784838723
1563,201.8202132241588,144.03819000000107,9.647948002581927,182.47320896538034,306.24707759678944
1564,201.82528286241524,144.03819000000104,9.367494251661922,182.47320896543414,306.2470724199407
1565,201.83251179788928,144.03819000000104,8.967585038837498,182.4732089654479,306.2470645439741
1566,201.83175533274567,144.03819000000107,9.009433278399516,182.47320896538017,306.24706539759404
1567,201.83490843883501,144.03819000000107,8.835001969022116,182.47320896544184,306.24706180143596
1568,201.83661522723085,144.03819000000107,8.740582738480333,182.47320896532648,306.24705981398284
1569,201.83328929747668,144.03819000000107,8.924573319131483,182.47320896541828,306.24706366066715
1570,201.83841169344888,144.03819000000107,8.641200674670744,182.4732089654393,306.24705770410776
1571,201.84228349122563,144.03819000000104,7.817969705729976,182.47320896545583,306.2470548611989
1572,201.83408459973086,144.03819000000095,6.319496632117371,182.4732089656397,306.2470642217494
1573,85.29055923379015,77.43357756409415,5.422727011562597,182.47320896221729,306.247189342102
1574,-6.198925774882014,43.96607857309847,5.422727009800793,182.473208962217,306.2471893766022
1575,-6.1989257433041285,43.96607921494289,5.422727009670375,182.47320896221677,306.2471893765904
1576,-6.198925697714466,43.96592748612988,5.422727009321839,182.4732089622167,306.247189376572
1577,-6.198925435688636,75.84358869889594,5.422727008955858,182.4732089622179,306.2471893765806
1578,201.86327573452905,144.03819000000087,5.422727036731923,182.4732089659125,306.2470269595278
1579,201.88489991870628,144.03819000000095,5.422727082990557,182.47320896570653,306.24699349140366
1580,201.879479646727,144.038190000001,6.2058307692154075,182.4732089654751,306.2470020716078
1581,201.87683875987847,144.03819000000104,6.515474781852097,182.47320896545324,306.2470060929645
1582,202.08754596771357,144.03819000000095,5.7870264732896,182.47320896598825,306.15804258406746
1583,202.08829989803544,144.0381900000008,5.58308994865913,182.4732089661396,306.15951794365134
1584,201.8751287551824,144.03819000000095,6.610091228330143,182.47320896571793,306.2470087273503
1585,201.8336054463769,144.03819000000095,8.902601306747115,182.4732089663448,306.2469400544375
1586,201.83697638429388,144.03819000000095,8.716180629258684,182.47320896635534,306.24693429160146
1587,201.8470267937548,144.03819000000092,8.16039578401938,182.47320896640917,306.2469164105751
1588,201.85490864597455,144.0381900000009,7.7245482635854,182.4732089664963,306.2469019026669
1589,201.8562219641774,144.03819000000092,7.651928693738909,182.47320896644726,306.24689943778094
1590,201.85962694433783,144.03819000000092,7.463659018900574,182.47320896642236,306.24689293507424
1591,201.86394777564485,144.03819000000092,7.224771202831406,182.47320896643438,306.2468844006097
1592,201.87173470369063,144.0381900000009,6.7559988428416675,182.4732089664927,306.24687079377117
1593,201.88029174592089,144.03819000000078,6.076002190891365,182.47320896666238,306.24684834348665
1594,89.7900051649507,72.14897313102159,5.42272702143038,182.47320896154295,306.2471892521372
1595,85.36586147432588,69.32864079320423,5.422727011413149,182.4732089615427,306.2471892591388
1596,-6.198926079718202,28.08505373640844,5.422727011899046,182.47320896153764,306.24718933294673
1597,-6.198926194179842,28.085053145917367,5.4227270124480365,182.47320896153747,306.247189332947
1598,-6.198925864032778,28.08505371074846,5.422727012807077,182.4732089615423,306.2471893329379
1599,-6.198926056435724,28.08505371037989,5.422727012507466,182.47320896154253,306.2471893329486
1600,-6.198925972076362,28.085053580378773,5.422727011796066,182.47320896154238,306.24718933294815
1601,-6.198926037797356,28.08505349024905,5.422727010790986,182.47320896154218,306.24718933294827
1602,-6.198926023847057,28.085053850068075,5.422727010080646,182.47320896154216,306.2471893329478
1603,-6.1989259797320155,28.085053475978984,5.422727009744017,182.47320896154264,306.2471893329469
1604,-6.198925853735938,28.085041084632728,5.422727009532949,182.47320896154218,306.2471893329453
1605,85.3622800392739,69.32867826212825,5.422727010739591,182.47320896153823,306.2471892591276
1606,201.89263100789248,144.03818999999837,5.422727023738654,182.47320896587843,306.2468195326852
1607,201.89262985142398,144.03819000000024,5.635195543983434,182.47320896713686,306.24681984656263
1608,89.79429248040094,72.1489730778888,5.422727044133966,182.47320896154017,306.2471892534641
1609,202.07797979997534,144.03819000000112,8.563357253557756,182.47320896340983,306.1393200148305
1610,202.07721461523943,144.03819000000112,8.788431209379043,182.47320896333892,306.1378224130757
1611,202.07653383599086,144.03819000000112,8.988677780956184,182.47320896327588,306.1364900066386
1612,202.07646320141816,144.03819000000112,9.009454345705214,182.47320896326738,306.13635176267127
1613,202.07593255704776,144.03819000000112,9.165540642125807,182.47320896322563,306.13531319177173
1614,202.07535164092033,144.03819000000112,9.336413860467882,182.47320896317197,306.1341762302293
1615,202.07551667903618,144.03819000000115,9.28787303785031,182.47320896319616,306.1344992198683
1616,202.07514365081974,144.03819000000115,9.264400179642339,182.47320896316742,306.13376899655026
1617,201.82062717035947,144.03819000000112,7.933652525310022,182.47320896313792,306.24718815485267
1618,201.8156203739178,144.03819000000104,5.877885638707904,182.473208963475,306.2471845949167
1619,-6.198925997985686,88.02589423081824,5.422727007150052,182.47320896279896,306.2471894284987
1620,-6.198926041035873,88.02589998803687,5.422727007405837,182.47320896279896,306.24718942849904
1621,-6.198926057634923,88.02590499218478,5.422727007389605,182.47320896279876,306.24718942849915
1622,-6.198926054782787,88.02590356362532,5.422727007652788,182.47320896279928,306.2471894284992
1623,-6.198926047324132,88.02588358411103,5.4227270074210185,182.47320896279896,306.2471894284991
1624,-6.198926051595955,88.02590504457541,5.422727007256164,182.4732089627991,306.2471894284991
1625,-6.198926029524508,88.02590718925993,5.422727007059961,182.47320896279484,306.2471894284989
1626,-6.198926041989641,88.02588621995581,5.4227270069729485,182.47320896279527,306.24718942849887
1627,-6.1989260205561365,88.02590737699322,5.422727006812396,182.47320896279865,306.24718942849887
1628,89.70977583507317,144.0381899999996,5.422727007980011,182.4732089680421,306.24718940901795
1629,201.82081807095497,144.03819000000112,6.699562338110036,182.47320896313997,306.247169807537
1630,202.07632481219179,144.03819000000112,8.384029914059306,182.4732089632492,306.1360809003029
1631,202.0785392594368,144.03819000000112,8.398795867864607,182.47320896346622,306.14041497508737
1632,202.0793494922827,144.03819000000112,8.160470703065124,182.47320896355964,306.1420007419972
1633,202.0730956147812,144.0381900000012,10.98103927424922,182.47320896266393,306.1297608370297
1634,202.0731325797443,144.0381900000012,9.989126570558971,182.47320896266424,306.12983317975016
1635,202.07339126363505,144.0381900000012,9.913037152381914,182.47320896267297,306.1303394688775
1636,202.07363080565491,144.0381900000012,9.842578134885331,182.47320896267718,306.13080829405965
1637,202.07391778727717,144.0381900000012,9.758165200105225,182.47320896268874,306.13136996678054
1638,202.07363080562948,144.0381900000012,9.842578134885327,182.47320896267607,306.1308082940379
1639,202.0738129464511,144.0381900000012,9.789003139852777,182.4732089626846,306.1311647751344
1640,202.07422339806143,144.0381900000012,9.668272676443111,182.47320896269832,306.1319680999713
1641,202.0744388414984,144.0381900000012,9.033940790987966,182.473208962707,306.13238975584846
1642,202.07409340873528,144.0381900000012,7.343877146419837,182.4732089626956,306.1317136845789
1643,201.82017081696253,144.03819000000053,5.466341386530269,182.47320896463356,306.24718925499764
1644,-6.198926061607262,118.00347182362407,5.422727006343689,182.47320896281175,306.2471894438208
1645,-6.198926048532689,118.00353662208104,5.422727006432484,182.47320896281158,306.2471894438212
1646,-6.1989260795724785,118.00371969583448,5.422727006471969,182.47320896281116,306.24718944382187
1647,-6.198926085644357,118.00371899936763,5.422727006487315,182.4732089628114,306.2471894438229
1648,-6.198926076226497,118.0037177488182,5.42272700642171,182.47320896281178,306.2471894438207
1649,-6.198926067772525,118.00371744675562,5.42272700641683,182.47320896281133,306.2471894438212
1650,85.27095854518299,119.74480896103707,5.422727006352464,182.4732089628113,306.2471894380496
1651,202.0735714020053,144.0381900000012,5.800041527458996,182.4732089626819,306.1306920270678
1652,202.07346609724289,144.0381900000012,7.612437915244433,182.47320896267593,306.1304859274303
1653,202.0741898994529,144.0381900000012,9.069106747459024,182.4732089626965,306.13190253317947
1654,202.07440116814377,144.0381900000012,9.596947710587614,182.4732089627038,306.1323160226338
1655,202.07481083878523,144.0381900000012,9.495482534356611,182.47320896271705,306.1331178231163
1656,202.0766054628656,144.0381900000012,8.967610541745792,182.4732089627927,306.1366302129808
1657,89.79213107809922,97.3700896807591,5.591428466486409,182.47320896278467,306.24718940624143
1658,85.37076696223731,96.19522359370734,5.5026422294631505,182.4732089627852,306.2471894080369
1659,85.37076696108844,96.19571098075917,5.422727008275879,182.47320896278453,306.24718940803706
1660,89.8056371111812,97.37008978702812,5.422727009406918,182.47320896278512,306.2471894063904
1661,201.8979351459971,144.0381899999997,5.4254813520186875,182.47320896859227,306.2471528256811
1662,202.08773199578383,144.038190000001,5.736584379699135,182.47320896572222,306.1584067551937
1663,202.08646262564062,144.0381900000011,6.0800019521810205,182.4732089651678,306.155922378361
1664,202.08611394557138,144.03819000000112,6.174337047229621,182.47320896505246,306.15523995121345
1665,202.086113945527,144.0381900000011,6.174337047566706,182.47320896502205,306.155239951173
1666,202.08477982500804,144.03819000000107,5.579259588717261,182.47320896463526,306.1526288343922
1667,85.32904443389049,96.19571612746226,5.422727007191311,182.47320896278433,306.24718940684465
1668,-6.19892605733283,85.22716910339024,5.422727007103916,182.4732089627852,306.2471894262325
1669,-6.198926043828407,85.22816137681566,5.422727007287878,182.47320896278558,306.24718942623264
1670,-6.198926070874824,85.22811787952757,5.4227270074064835,182.4732089627852,306.2471894262326
1671,-6.198926032318056,85.22812233734356,5.422727007365109,182.4732089627852,306.2471894262327
1672,-6.198926056994857,85.22812425574993,5.4227270072155935,182.47320896278498,306.24718942623264
1673,-6.1989260175231315,85.22717146320925,5.422727007013046,182.47320896278524,306.24718942623247
1674,89.73936930556026,97.37008670489726,5.422727007428739,182.47320896278504,306.24718940504135
1675,202.07924409076475,144.03819000000112,5.732937407833965,182.47320896361427,306.14179443958096
1676,202.0795639100495,144.03819000000115,7.488365483467386,182.47320896363675,306.1424203802252
1677,202.07945609155271,144.03819000000115,8.129113756657953,182.47320896362024,306.14220937338797
1678,202.07797980092374,144.03819000000115,8.56335623677075,182.47320896344752,306.13932001424746
1679,202.07762899864446,144.03819000000115,8.66654280724033,182.47320896341822,306.13863343075616
1680,202.07780222745552,144.03819000000115,8.615588705621837,182.47320896343956,306.13897246990734
1681,202.07345023076795,144.03819000000115,9.895692891387988,182.4732089629265,306.1304548686144
1682,202.07337761869573,144.03819000000115,9.917051091870523,182.47320896292192,306.13031275409577
1683,202.07340532916706,144.0381900000012,9.908899929327807,182.47320896289338,306.1303669901728
1684,202.07345023036868,144.03819000000118,9.895692891383812,182.47320896291762,306.1304548684203
1685,202.07346610047634,144.03819000000118,9.891024824631186,182.47320896291745,306.1304859290661
1686,202.0733392124217,144.03819000000118,9.9283478130277,182.47320896291004,306.1302375870186
1687,202.0733516155337,144.03819000000118,9.924699539458029,182.4732089629099,306.13026186211573
1688,202.07348245830744,144.03819000000124,9.886213124999248,182.47320896289864,306.1305179451382
1689,202.07340532929948,144.03819000000124,9.908899929329007,182.47320896289503,306.1303669902397
1690,202.0733156744613,144.03819000000124,9.897212851299098,182.47320896289028,306.130191512079
1691,202.07327319166745,144.03819000000118,9.034230561345227,182.4732089629008,306.13010836498864
1692,202.0731361478412,144.03819000000115,8.06210351727569,182.47320896291384,306.1298401456582
1693,202.07309561995422,144.03819000000115,7.042094391063611,182.4732089629245,306.1297608310745
1694,202.0730956530982,144.03819000000112,6.5675083829148155,182.47320896294715,306.1297608688042
1695,202.0734348299393,144.03819000000112,6.442640942513547,182.4732089629675,306.13042471040427
1696,202.0742575835358,144.03819000000112,6.431889901273554,182.4732089630027,306.1320349892041
1697,202.0749019104811,144.03819000000115,7.713583290614355,182.47320896301161,306.13329605184293
1698,202.07535162215828,144.03819000000115,8.327711705642367,182.47320896303412,306.134176214593
1699,202.07574891320473,144.03819000000124,8.953109695652444,182.47320896303216,306.1349537829613
1700,202.07675168901494,144.03819000000124,8.924597700513711,182.47320896310146,306.1369163973145
1701,202.0763935114172,144.03819000000124,9.029952588082619,182.47320896307622,306.1362153816551
1702,202.07519428819117,144.03819000000118,9.38269371113198,182.47320896301434,306.1338682934071
1703,202.07447720075206,144.03819000000118,9.59361864198878,182.47320896297177,306.1324648286092
1704,202.0739738230814,144.03819000000124,9.741682582532851,182.47320896292678,306.131479631506
1705,202.08133007025978,144.03819000000107,7.577884720095934,182.47320896401982,306.1458770659778
1706,202.08414839013736,144.038190000001,6.7488531549441895,182.47320896460542,306.15139301090693
1707,202.0849413611569,144.038190000001,6.515580798823399,182.4732089648125,306.1529449932826
1708,202.0843040632562,144.0381900000011,6.703058472558955,182.47320896462503,306.1516976917481
1709,202.08543487431163,144.03819000000107,6.358077125219434,182.4732089649567,306.15391088725573
1710,202.08477982662723,144.03819000000107,6.563100898124098,182.47320896475208,306.15262884313637
1711,202.08399415543948,144.0381900000011,6.794223777128311,182.47320896456287,306.1510911484084
1712,202.0844611777732,144.0381900000011,6.656839691296256,182.47320896468017,306.1520051923586
1713,202.0841483887583,144.03819000000112,6.748853153859825,182.47320896458731,306.1513930102226
1714,202.08369003274808,144.03819000000112,6.864648770765019,182.47320896447545,306.1504959130509
1715,202.08145807902943,144.0381900000011,6.710773319903499,182.47320896404517,306.14612759267726
1716,201.84140005117567,144.03819000000104,5.739573778011963,182.47320896373142,306.24717021495115
1717,201.8293854127778,144.03819000000078,5.422727027696301,182.473208964658,306.247174579691
1718,89.73340555013846,93.48688576905414,5.4227270086830375,182.4732089627468,306.2471893969298
1719,89.72401248181185,93.4868848016944,5.422727008575709,182.47320896274576,306.2471893967631
1720,201.82713992716228,144.038190000001,5.779940206330362,182.47320896381422,306.24717521971473
1721,201.81960705939827,144.03819000000115,7.277488028300947,182.47320896353907,306.24717713082225
1722,201.81910469533813,144.03819000000115,8.193015211752822,182.47320896353673,306.24717725039096
1723,201.82458897707443,144.03819000000115,9.050703776195851,182.4732089634899,306.24717559415717
1724,201.8253374792306,144.0381900000012,9.367508812779688,182.47320896327065,306.24717731225024
1725,201.8330367523917,144.03819000000115,8.946246120127077,182.47320896350607,306.24717223900143
1726,201.83224140071684,144.03819000000115,8.9886755086816,182.47320896350416,306.24717250447765
1727,201.8346165949105,144.03819000000115,8.857861090504883,182.47320896353696,306.2471715716583
1728,201.83580869989527,144.03819000000115,8.788428487706652,182.47320896352676,306.2471699729782
1729,83.26627774294529,55.286190000000985,5.963784081718454,86.91466753952002,134.4274409002896
1730,83.25629707726003,55.28619000000104,6.515673043621491,86.91466753950125,134.4274435067565
1731,83.2457282955814,55.28619000000108,7.100074874943286,86.91466753949219,134.42744595273433
1732,83.2472707486862,55.286190000001085,7.014785035793347,86.91466753949115,134.42744561461035
1733,83.25044569447758,55.286190000001085,6.839227821600861,86.91466753948781,134.42744489935504
1734,83.25716415409856,55.286190000001085,6.467726622949409,86.91466753948983,134.42744329219227
1735,83.24649575649232,55.28619000000113,7.057638244755048,86.91466753947921,134.4274457853305
1736,83.24273220720282,55.286190000001156,7.265741881056638,86.91466753946014,134.42744659095382
1737,83.23708691404521,55.28619000000117,7.3114683878995335,86.91466753944236,134.42744819095753
1738,83.22944879882226,55.28619000000108,5.864205220681002,86.91466753949176,134.42744909977253
1739,83.2254324754503,55.28619000000082,5.32883804595347,86.91466753958966,134.42744965772593
1740,-5.476952734303092,55.28618999998342,5.328838044552913,86.91466753794585,134.42745851087813
1741,-5.476952780493924,-4.951062116736651,5.328838044751324,86.9146675376717,134.4274585108801
1742,-5.476952784493446,-4.950988081795321,5.328838044863468,86.9146675376714,134.42745851088029
1743,-5.47695278210754,-4.950987811720497,5.3288380447683705,86.91466753767156,134.4274585108805
1744,-5.4769527871268595,-4.950988295583074,5.328838044517508,86.91466753767142,134.42745851088043
1745,-5.476952777235851,-4.950988366282678,5.328838044242441,86.91466753767133,134.42745851088011
1746,-5.476952772988228,-4.9510621591062165,5.328838043996148,86.91466753767136,134.42745851088003
1747,83.20803739793575,55.28619000000114,5.710798919551021,86.91466753947485,134.42745098873158
1748,85.49894125332959,55.28619000000829,8.710402896140558,86.91466753802096,134.3228855837845
1749,85.49853455006419,58.38862866994089,9.496082343040417,86.91466753608087,134.32209014143893
1750,85.49862718102449,58.388628669939294,9.69723650635466,86.91466753610435,134.3222713318732
1751,85.49872570142243,55.286190000005824,9.668272976001807,86.91466753831472,134.3224640181936
1752,83.19695940642347,55.28619000000235,9.796278421753987,86.91466753885035,134.4274514218429
1753,83.19353398414557,55.28619000000131,9.986958090117,86.91466753876433,134.42745836225745
1754,83.19360206541944,55.28619000000134,9.983194914181135,86.91466753874957,134.42745836222375
1755,83.19384489911347,55.28619000000135,9.969772441231992,86.91466753874873,134.42745836210932
1756,83.19409409857022,55.28619000000137,9.955998068239108,86.91466753872281,134.42745836199026
1757,83.19563269098285,55.2861900000014,9.87095316460762,86.91466753869629,134.42745836131604
1758,83.19637080541813,55.28619000000147,9.830154304765395,86.91466753864484,134.42745836101227
1759,83.1984435095417,55.286190000001554,9.715585705505825,86.91466753859184,134.42745836027635
1760,83.19948142588898,55.28619000000142,9.315644943807161,86.91466753868342,134.4274583625075
1761,83.19685521870211,55.28619000000126,7.500515231438365,86.91466753880273,134.42745836428108
1762,83.1935553269282,55.2861900000012,5.328838050658204,86.91466753886677,134.42745836899437
1763,-5.476952765474911,2.015257175654045,5.328838043475506,86.91466753815416,134.4274585366496
1764,-5.476952772259558,2.0152570955792024,5.328838043577043,86.91466753815394,134.42745853665053
1765,-5.476952776073877,2.01525706096776,5.328838043658154,86.91466753815557,134.4274585366503
1766,-5.4769527878182425,2.015386028184501,5.347351157827202,86.91466753815415,134.42745853665028
1767,-5.476952767171867,2.0152552311561314,5.328838043703378,86.91466753815601,134.4274585366502
1768,-5.476952766848044,2.0152571118444436,5.328838043572302,86.91466753815403,134.42745853665025
1769,-5.476952776933437,2.015257183972389,5.328838043398176,86.91466753815399,134.4274585366504
1770,-5.476952779902034,2.015255209723274,5.328838043237463,86.91466753815615,134.4274585366509
1771,-5.476952761413298,2.0152570735351274,5.328838043178493,86.9146675381538,134.4274585366508
1772,83.19329801651303,55.286190000001184,5.328838044126926,86.91466753886873,134.42745836786244
1773,83.19353403249859,55.28619000000126,6.618297322076735,86.91466753880859,134.42745836714474
1774,83.20024552610053,55.28619000000135,8.588261988530114,86.91466753874846,134.42745836225717
1775,83.19738791462628,55.28619000000151,9.75490099973781,86.91466753861599,134.4274583633513
1776,83.199121225133,55.28619000000134,9.67812630507833,86.91466753874198,134.42745836004758
1777,83.57905319929354,55.2861900000011,6.221376063369973,86.9146675392307,134.2835196475177
1778,83.57922532365968,55.2861900000011,6.1707645856564035,86.91466753925036,134.28385632464045
1779,83.58469102731539,55.28619000000038,5.545152248720724,86.91466753963398,134.29454629326432
1780,-5.476952735015614,-1.7489102525702889,5.414083475442492,86.91466753799585,134.42745852814895
1781,-5.476952775690256,-1.7489102512833778,5.328838044189423,86.91466753799544,134.42745852814934
1782,-5.476952771325493,-1.7489102578523092,5.328838043968512,86.9146675379978,134.42745852814997
1783,-5.476952746239289,-1.748910252927599,5.328838043847493,86.91466753799746,134.42745852814915
1784,-5.476952544855254,-1.7489102693382614,5.3288380437615,86.9146675379957,134.42745852814457
1785,-5.476952650876837,-1.7489102302686856,5.328838043692935,86.91466753799544,134.42745852814483
1786,-5.476952745433234,-1.7489102235259404,5.328838043729842,86.91466753799521,134.42745852814699
1787,-5.476952761256447,-1.7489101857270335,5.328838043805102,86.91466753799514,134.42745852814772
1788,-5.476952774476161,-1.7489102891093824,5.32883804396,86.91466753799494,134.42745852814792
1789,-5.4769527769833495,-1.7489102280139475,5.328838044085618,86.91466753799514,134.4274585281479
1790,-5.476952778442899,-1.7489102194545063,5.328838044197246,86.91466753799553,134.4274585281478
1791,-5.476952781116569,-1.7489530051467088,5.3288380441868695,86.91466753799511,134.42745852814818
1792,-5.476952777178153,-1.7489102209399723,5.328838043967365,86.91466753799534,134.4274585281482
1793,-5.476952776868382,-1.7489101836138488,5.328838043737269,86.9146675379952,134.4274585281483
1794,-5.4769527736593115,-1.7489103363851315,5.328838043561982,86.91466753799776,134.42745852814787
1795,83.58404349689829,55.286190000001014,5.328838044133635,86.91466753999417,134.29327991796336
1796,83.59062838428952,55.28619000000049,5.328838043642988,86.91466754157119,134.30615887755144
1797,83.59062838387338,55.28619000000062,5.328838043728635,86.91466754190205,134.30615887738026
1798,83.32321446139436,55.28618999999935,5.32883804375736,86.91466753955294,134.42745017095572
1799,83.58320395505139,55.28619000000109,5.328838052767357,86.91466753986424,134.29163792452027
1800,83.58320395553075,55.28619000000105,5.32883805277212,86.91466753983386,134.29163792471942
1801,83.56824931635546,55.28619000000135,9.39762611265882,86.91466753839013,134.26238912379182
1802,83.56840421438598,55.28619000000135,9.352087375338359,86.91466753839396,134.26269207889464
1803,83.56787209900821,55.28619000000135,9.50852489533382,86.91466753838114,134.2616513485908
1804,83.5686226252614,55.28619000000134,9.287876391153388,86.91466753840177,134.26311925466948
1805,83.57048411315688,55.28619000000135,8.740614378181535,86.91466753845685,134.26676001914078
1806,83.56702295661883,55.28619000000143,9.758165652772059,86.91466753833909,134.25999056593474
1807,83.56736292121995,55.28619000000147,9.658218861296044,86.9146675383402,134.2606554809303
1808,83.56824931613616,55.28619000000144,9.397626112658815,86.91466753836707,134.2623891236959
1809,83.56766162699297,55.28619000000144,9.322979483909267,86.91466753835205,134.26123969653716
1810,83.56719866763613,55.28619000000133,7.61299396645408,86.91466753836612,134.26033422343696
1811,83.56702295706005,55.286190000001305,6.0138255791512885,86.91466753836713,134.25999056224123
1812,83.56696931358759,55.286190000001255,5.328838043705857,86.91466753837742,134.259885643758
1813,-5.476952766306497,55.286189999997795,5.328838043013797,86.91466753844003,134.42745854629035
1814,-5.476952774974873,15.704716836101348,5.328838043032853,86.91466753830062,134.4274585462908
1815,-5.476952778308736,15.70463588130513,5.328838042987682,86.91466753830022,134.42745854629032
1816,83.56736292217533,55.28619000000123,5.328838043420944,86.91466753839116,134.26065547746987
1817,83.20872982555056,55.28619000000037,5.328838042928237,86.91466753946044,134.42745845227623
1818,83.56867939655861,55.2861900000012,5.328838042964145,86.91466753843117,134.2632302852481
1819,83.56830010228306,55.286190000001305,5.328838044029058,86.91466753840012,134.26248844872217
1820,83.56819933670057,55.28619000000133,6.804937986441403,86.9146675383913,134.262291367724
1821,85.49945128596421,55.286190000001724,8.979160777963763,86.91466753840034,134.32388315530937
1822,85.4994512858029,55.28619000000201,9.45495709196496,86.91466753841831,134.32388315898456
1823,83.56923073616643,55.28619000000136,9.109096809051119,86.91466753841492,134.26430861976428
1824,83.56985829187306,55.28619000000134,8.924600646072058,86.91466753843855,134.26553601555023
1825,83.24058113563163,55.28619000000115,7.38576951063914,86.91466753922737,134.42745549670968
1826,83.24129746770278,55.286190000001156,7.346162765603261,86.91466753922522,134.42745543984032
1827,83.24574814542096,55.28619000000115,7.1000765697472525,86.91466753924193,134.42745506920053
1828,83.31693262110898,55.286190000001106,6.119703556252681,86.91466753926882,134.42824487909925
1829,83.24965882511704,55.286190000001156,6.883750232965428,86.91466753921559,134.4274547174949
1830,83.24965851750338,55.28619000000117,6.883750232963322,86.9146675392267,134.42745471768117
1831,83.2537655243554,55.28619000000117,6.656923158927662,86.91466753922006,134.42745436744747
1832,83.58941177392451,55.28619000000031,5.328838044135121,86.91466754057858,134.30377939505084
1833,83.58792007501718,55.286190000000914,5.328838044553303,86.91466754095777,134.30086188054008
1834,-5.47695275694074,-2.692528422391309,5.328838043654436,86.91466753792795,134.4274585246156
1835,83.28931533175376,55.28618999999944,5.328838044032466,86.91466753960965,134.42745144496115
1836,-5.4769527813309695,-2.69252745302904,5.328838043920779,86.91466753792842,134.42745852461655
1837,-5.476952779248632,-2.692527472144857,5.32883804407424,86.91466753792797,134.42745852461678
1838,-5.476952784830199,-2.692527457656526,5.328838044169593,86.91466753792784,134.42745852461675
1839,-5.47695278704728,-2.6926083504134195,5.328838044126102,86.91466753792822,134.4274585246166
1840,-5.476952782820914,-2.692527424826481,5.328838043973635,86.91466753792814,134.4274585246168
1841,-5.476952782887528,-2.6924617505330706,5.328838043737048,86.91466753792831,134.42745852461655
1842,83.26255578587067,55.286189999999294,5.328838043692887,86.9146675395644,134.42745376185002
1843,83.58103191415401,55.286190000001,5.328838044092322,86.91466753942771,134.28738971597747
1844,83.23710685141377,55.28619000000124,6.911787424275435,86.91466753917068,134.42745600153648
1845,83.22382845500348,55.28619000000161,8.312007014585765,86.91466753894542,134.4274566246174
1846,83.21436813476008,55.28619000000181,8.835031136744677,86.91466753882025,134.42745711003562
1847,83.22600837836025,55.28619000000127,8.191484795753734,86.9146675391573,134.42745649684954
1848,83.22770988623677,55.28619000000122,8.097412535534511,86.91466753919345,134.4274563952637
1849,83.20676101941194,55.286190000001234,9.254237372306473,86.9146675394675,134.4274495488923
1850,83.20738837359761,55.286190000001206,9.219557257967663,86.91466753947077,134.42744949719096
1851,83.22223552801532,55.28619000000115,8.398803976049017,86.91466753949494,134.42744797297928
1852,83.21974003800943,55.286190000001184,8.536756054380142,86.91466753948346,134.42744832843283
1853,83.21739211714556,55.286190000001234,8.666549777243175,86.91466753946317,134.42744860263704
1854,83.21393119850742,55.286190000001305,8.857868563046534,86.91466753943051,134.42744892572043
1855,83.22434108597116,55.286190000001234,8.282396794339812,86.91466753945413,134.42744761810724
1856,83.23126397540614,55.286190000001206,7.89960810516413,86.9146675394699,134.42744626999277
1857,83.22944575836598,55.286190000001234,8.000143939488972,86.9146675394628,134.42744664227837
1858,83.21878339228212,55.28619000000132,8.532548102176444,86.91466753942197,134.42744872650576
1859,83.21434440373068,55.286190000001234,8.30214085866653,86.91466753945421,134.42744914330385
1860,83.23984851260423,55.286190000001056,5.883308784488767,86.91466753952506,134.4274450687215
1861,83.22768740835416,55.28619000000112,7.412263483526497,86.91466753950067,134.42744754831025
1862,83.24346632837259,55.28619000000106,6.425570090612308,86.91466753952963,134.4274441905783
1863,83.25629286798937,55.286190000000865,5.328838051664404,86.91466753958942,134.42744084311195
1864,-5.4769527665761855,-5.239664151413196,5.3288380446624615,86.91466753762555,134.4274585082699
1865,83.25803526163406,55.28619000000106,5.829263173299294,86.91466753953362,134.4274404475921
1866,83.27014248743939,55.28619000000106,5.373210536766086,86.91466753953289,134.42743673537092
1867,83.58580456610039,55.28619000000097,5.328838046373879,86.91466754025426,134.29672425617753
1868,83.58535391866602,55.286190000001035,5.328838047823039,86.91466754017293,134.29584286298694
1869,83.58941177348827,55.286190000000815,5.328838044891999,86.91466754119813,134.30377938816787
1870,83.59062839337622,55.286189999999884,5.328838044555416,86.91466754034674,134.30615888593695
1871,83.3231420738049,55.28618999999012,5.32883804455794,86.91466753812212,134.4274130069667
1872,83.31135239094584,55.286189999996736,5.328838045277872,86.91466753894244,134.42741932467717
1873,83.22329716861007,55.2861900000012,8.341279345686583,86.9146675392279,134.4274561473718
1874,83.22074161202998,55.286190000001206,8.482570846103917,86.91466753922347,134.4274563066348
1875,83.22436216921466,55.286190000001206,8.282397111405444,86.91466753922406,134.42745607805875
1876,83.2249040847297,55.28619000000123,8.25243532479002,86.91466753921354,134.42745604212698
1877,83.22174570538515,55.286190000001255,8.427056803499005,86.9146675391984,134.42745624528044
1878,83.21696160695734,55.286190000001326,8.691556428468202,86.91466753915756,134.4274565266128
1879,83.21047523801948,55.28619000000155,9.050164167797567,86.91466753903434,134.4274568718702
1880,85.49980120893412,55.286190000002485,9.352087247903873,86.9146675385695,134.32456751580463
1881,85.49990868018912,55.286190000002804,9.320488058319993,86.91466753861336,134.32477773020983
1882,83.2074119773011,55.286190000002044,9.162463876299343,86.91466753872137,134.4274571974527
1883,83.21354647751639,55.286190000001255,7.81461886140579,86.9146675391986,134.4274569231689
1884,83.2050148334336,55.28619000000117,6.51630959063829,86.91466753925549,134.42745735440894
1885,83.20150157718993,55.28619000000117,6.482148843840711,86.9146675392581,134.42745750108847
1886,83.21563984427144,55.28619000000117,6.8043843931964565,86.91466753925752,134.42745683532047
1887,83.23128646413646,55.28619000000108,5.328838051625645,86.91466753931752,134.42745586546425
1888,83.20976023466054,55.28619000000114,5.862248871814759,86.91466753925872,134.42745713072705
1889,83.20024136148946,55.286190000001206,6.780210900320749,86.9146675392282,134.42745754350437
1890,83.2021851244881,55.286190000001255,7.262751585055237,86.91466753919248,134.42745745663268
1891,85.4991826261974,55.28619000000816,8.772663800674467,86.91466753797926,134.32335768038365
1892,85.50031229896686,58.38862866994402,9.201825918742202,86.9146675371286,134.32556715025262
1893,85.50148225457583,55.28619000001277,8.857868724959385,86.91466753808193,134.3278553906155
1894,83.21741372800253,55.28619000000196,8.666549975754084,86.91466753876257,134.42745650153074
1895,83.23510288397108,55.286190000001255,7.688547423415675,86.91466753920442,134.4274553010922
1896,83.2593959740273,55.28619000000115,6.170760218005416,86.91466753926892,134.42729886774845
1897,83.19406868886364,55.28619000000198,9.955997954609478,86.914667539073,134.42745104581513
1898,83.19416611364628,55.286190000002414,9.950611729152358,86.91466753884202,134.4274510395926
1899,85.4976499964501,55.28619000000395,9.984523404426637,86.91466753834669,134.3203601048538
1900,85.4980011913665,55.2861900000057,9.881273053027282,86.91466753823049,134.3210469944734
1901,85.49815366891535,55.286190000016546,9.83644529355858,86.91466753701486,134.32134521870972
1902,85.49909920394518,55.2861900000175,9.558465780947017,86.91466753716726,134.32319452992533
1903,85.49875989837467,58.38862866993952,9.658218680252876,86.91466753606721,134.32253090471488
1904,85.49897962834267,58.388628669940516,9.593619880609669,86.91466753612742,134.32296066043102
1905,85.49897962834143,58.38862866994106,9.593619880609664,86.91466753612741,134.32296066043116
1906,85.49905860410283,58.38862866994031,9.5704016570935,86.91466753614948,134.32311512404638
1907,85.4989412520029,58.388628669936736,9.490715233460335,86.91466753611698,134.322885582588
1908,83.19983010899824,55.28619000000153,8.476549533166352,86.91466753930084,134.42745089798615
1909,83.19682986542611,55.28619000000124,7.78599483655656,86.9146675394434,134.42745113562748
1910,83.19634544605321,55.28619000000114,6.727930936805062,86.91466753946942,134.4274512263314
1911,83.19499850551372,55.28619000000117,7.259172928632356,86.91466753944665,134.42745128797222
1912,83.19406939469395,55.28619000000125,7.634095706781835,86.91466753942608,134.42745133331297
1913,83.19341994763573,55.28619000000198,8.279023351574759,86.91466753907314,134.4274513517376
1914,85.49766427768476,58.388628669940665,8.990658415664388,86.91466753579373,134.32038803021433
1915,89.84565422024183,65.05366513610933,9.862439154747534,86.91466754527792,140.2145994694542
1916,455.37343363019824,613.2724228269825,9.87095304912451,86.91466754527585,871.3021295498507
1917,455.96326825956237,614.2253309456488,9.98912683577871,86.9146675452763,872.4256084365676
1918,89.84460318934993,65.05366513610636,9.9934717204709,86.91466754527711,140.1854351483632
1919,89.8445461677521,65.05366513609701,9.996466461837452,86.91466754527714,140.18386234786183
1920,85.49761498188221,58.38862866994014,9.994814685853175,86.91466753578214,134.32029163618057
1921,142.5766173174483,99.6621899999981,5.963785035320972,130.9988183750433,218.2884614578596
1922,142.56663716764572,99.66219000000164,6.5156740396381565,130.99881837375554,218.28846456745677
1923,142.55606756943368,99.66219000000184,7.100075319815229,130.9988183730262,218.2884675142092
1924,142.55755739082025,99.66219000000184,7.014785541136285,130.99881837300944,218.28846713621982
1925,142.56345320570932,99.66219000000186,6.839228474737614,130.99881837299125,218.28852901775278
1926,142.87152683080808,99.66219000000184,6.467727683451364,130.9988183732328,218.15055884000526
1927,142.55607996695744,99.66219000000189,7.057638718861215,130.9988183728525,218.2884486137781
1928,142.55301740298117,99.66219000000187,7.265742127579467,130.99881837282325,218.28846816560682
1929,142.54742682912203,99.6621900000019,7.311468545093111,130.99881837280694,218.28846997842552
1930,142.53979236098309,99.66219000000184,5.864663109097146,130.99881837302075,218.28847163784442
1931,89.73711270320939,65.85545372479687,5.329124401870599,130.9988183713591,218.28848210291125
1932,-5.481879071141156,63.28896019987215,5.329124400461293,130.99881837135942,218.288482144623
1933,-5.48187912581449,28.775677477730802,5.329124400663163,130.9988183713587,218.288482144624
1934,-5.481879100619072,28.774960934919758,5.3291244007660765,130.9988183713586,218.2884821446241
1935,-5.481879108134921,28.775677577415138,5.329124400696669,130.9988183713588,218.28848214462414
1936,-5.4818791269713705,28.775677389944715,5.3291244004513105,130.99881837135862,218.28848214462408
1937,-5.481879117092794,28.775677462086662,5.329124400148803,130.99881837135945,218.28848214462394
1938,-5.481879103051625,28.77567611027492,5.32912439990411,130.99881837135868,218.28848214462346
1939,142.5183806001879,99.66219000000187,5.71167086984095,130.9988183728785,218.28847392523213
1940,142.5107648640068,99.66219000000197,8.710402950139585,130.99881837260898,218.28847446654143
1941,142.5086022611187,99.66219000000201,9.496082369085482,130.99881837253704,218.28847461814448
1942,142.50909429961777,99.662190000002,9.697236526497592,130.99881837259335,218.28847442246465
1943,142.50961816149035,99.66219000000197,9.668272996605262,130.9988183726123,218.28847438128435
1944,142.5073029174002,99.66219000000196,9.796278440281483,130.9988183727,218.288474558342
1945,142.8595563461586,99.66219000000201,9.986958095828639,130.99881837115598,218.1271465847497
1946,142.8595691475104,99.66219000000201,9.983194919906332,130.99881837116348,218.12717162045385
1947,142.85961480133815,99.662190000002,9.969772447005765,130.99881837115296,218.12726091508975
1948,142.85966165462136,99.66219000000198,9.95599807406315,130.99881837115913,218.12735255187076
1949,142.85995092957938,99.662190000002,9.870953170757744,130.99881837116487,218.12791832855982
1950,142.86008970505458,99.66219000000201,9.830154311081547,130.9988183711731,218.12818975069231
1951,142.86047940433545,99.66219000000198,9.715585712327064,130.9988183711905,218.1289519396985
1952,142.86067453502272,99.66219000000198,9.315644953940186,130.9988183712001,218.12933357837423
1953,142.86018077353899,99.662190000002,7.500515312398088,130.9988183711901,218.12836785891602
1954,89.70520564997601,99.66218999999981,5.329124406574444,130.99881839366967,218.28848214265895
1955,-5.481879101911363,55.538868371721044,5.329124399403862,130.99881837135203,218.288482158938
1956,-5.481879116608253,55.538867769698335,5.329124399524972,130.99881837135183,218.28848215893765
1957,-5.481879063873827,55.539006974850615,5.329124399603492,130.9988183713518,218.288482158938
1958,-5.481879107123152,55.53886845320988,5.347797796564736,130.9988183713519,218.2884821589378
1959,-5.481879073662128,55.538868005066114,5.329124399641236,130.99881837135206,218.28848215893797
1960,-5.4818790861232305,55.539014248177615,5.32912439951814,130.9988183713512,218.2884821589383
1961,-5.481879092634372,55.538867915191226,5.329124399316066,130.99881837135138,218.28848215893797
1962,-5.48187909490049,55.53886858078175,5.329124399161664,130.99881837135217,218.288482158975
1963,-5.4818790661986565,55.538868348679735,5.329124399089646,130.99881837135166,218.28848215897415
1964,89.70494836031055,99.66218999999982,5.329124400045608,130.99881839404404,218.2884821427407
1965,142.85955634644233,99.662190000002,6.61829776281977,130.9988183711566,218.12714657921066
1966,142.8608181958063,99.662190000002,8.588262007764751,130.99881837120313,218.1296145557668
1967,142.86028092755933,99.662190000002,9.754901007237631,130.99881837118758,218.12856374517804
1968,142.86060682049487,99.662190000002,9.678126312077914,130.9988183711934,218.12920114531659
1969,142.5719920601995,99.6621899999981,6.221377280964661,130.99881837373266,218.28847944254633
1970,142.57290731001035,99.66218999999855,6.170765882860606,130.99881837663838,218.28847935040915
1971,85.35993787249883,66.88728030469667,5.545668424996593,130.99881837138318,218.28848213289433
1972,-5.481879053474587,42.458368569543175,5.414555901345575,130.99881837138386,218.28848215421237
1973,-5.4818791004390715,42.45861872119522,5.329124400091377,130.99881837138375,218.28848215421309
1974,-5.4818790912345765,42.45861850024751,5.329124399895605,130.99881837138432,218.28848215421274
1975,-5.481879072721568,42.458618856038775,5.3291243997552264,130.99881837138273,218.28848215421206
1976,-5.481878867797581,42.458618470342884,5.329124399685964,130.9988183713831,218.28848215421078
1977,-5.481878970646065,42.45861913504722,5.329124399621386,130.998818371384,218.28848215421215
1978,-5.48187906343283,42.45861902789285,5.3291243996414,130.99881837138403,218.2884821542133
1979,-5.4818790902214936,42.458618960673626,5.329124399733102,130.9988183713835,218.28848215421343
1980,-5.48187910005962,42.45861842399336,5.329124399857589,130.99881837138383,218.2884821542126
1981,-5.48187910483652,42.4586179271217,5.329124399974772,130.99881837138284,218.2884821542133
1982,-5.481879101181389,42.458368387330914,5.329124400081114,130.99881837138312,218.2884821542129
1983,-5.481879106060001,42.45861815816352,5.329124400080632,130.99881837138452,218.28848215421255
1984,-5.4818791050029185,42.45861813736314,5.329124399935485,130.99881837138437,218.28848215421326
1985,-5.4818791070455575,42.45861842869565,5.329124399649684,130.9988183713842,218.28848215421363
1986,-5.481879098272466,42.45861759085426,5.329124399484117,130.998818371384,218.28848215421343
1987,89.7998518417772,68.77859568894466,5.3291244000452105,130.99881837138395,218.2884821299388
1988,85.39151770916077,66.88728075190681,5.329124399570277,130.99881837138415,218.28848213297132
1989,85.39151770917466,66.88728076953205,5.329124399641125,130.99881837138437,218.28848213297377
1990,85.39151765735495,66.88728042749894,5.32912439967864,130.99881837138278,218.28848213304298
1991,142.59405956397447,99.66218999999846,5.329124408687768,130.99881837562123,218.2884768068745
1992,89.7953864636341,68.77843765797462,5.329124408684812,130.99881837138295,218.2884821299961
1993,142.8615609259227,99.66219000000214,9.397626115658559,130.99881837097305,218.13106722773563
1994,142.86171582396972,99.66219000000214,9.352087378440709,130.9988183709762,218.13137018284272
1995,142.86118370851656,99.66219000000214,9.508524898104612,130.99881837096467,218.13032945250444
1996,142.86193423486404,99.66219000000214,9.287876394409157,130.9988183709817,218.1317973586272
1997,142.86379572290926,99.66219000000214,8.74061438332656,130.9988183710297,218.13543812317258
1998,142.86033456626697,99.66219000000218,9.758165655117246,130.99881837093866,218.1286686699
1999,142.86067453096987,99.66219000000218,9.658218863798623,130.99881837094526,218.12933358494462
2000,142.86156092592387,99.66219000000218,9.397626115658557,130.99881837096453,218.13106722773875
2001,142.8609732367392,99.66219000000218,9.322979487372585,130.99881837095134,218.12991780200718
2002,142.86051027699116,99.66219000000214,7.61299398812629,130.9988183709496,218.12901232881612
2003,142.86033456629013,99.6621900000021,6.014616746647831,130.9988183709607,218.1286686675666
2004,89.70903823547145,81.35179504698455,5.32912439962048,130.99881837124457,218.2884821582146
2005,-5.4818790979931995,80.68710608571303,5.32912439890422,130.9988183712444,218.2884821642352
2006,-5.481879102221986,76.54675913819149,5.32912439893834,130.99881837124494,218.28848216423646
2007,-5.48187910363179,76.54676466099316,5.329124398916436,130.99881837124474,218.28848216423603
2008,89.71113174750684,81.35179914122014,5.3291243993347654,130.99881837124488,218.28848215825607
2009,85.27702269731644,80.6871164135498,5.3291243988429295,130.99881837124417,218.2884821589927
2010,85.27477613026979,81.35205024570416,5.329124398882346,130.99881837124448,218.2884821589808
2011,142.86161171179978,99.662190000002,5.329124399946129,130.99881837100875,218.13116655418773
2012,142.86151094622005,99.66219000000214,6.804938011602232,130.99881837097098,218.13096947325104
2013,142.86136591708157,99.66219000000218,8.979160782472267,130.99881837096018,218.1306858201862
2014,142.86136591707438,99.66219000000218,9.45495709484035,130.99881837095967,218.13068582249807
2015,142.86254234587642,99.66219000000216,9.109096812795267,130.99881837099548,218.13298672377593
2016,142.86316990160236,99.66219000000214,8.92460065043791,130.99881837101267,218.13421411957503
2017,142.86840417279117,99.6621900000019,7.3857695563262595,130.99881837221034,218.1444514762131
2018,142.86853889294036,99.6621900000019,7.346162814007169,130.99881837223018,218.1447149672068
2019,142.8693759420299,99.66219000000187,7.1000766730918325,130.99881837236418,218.14635209950134
2020,142.87271056710134,99.6621900000016,6.119704991682559,130.99881837314084,218.15287406902956
2021,142.87011176111864,99.66219000000191,6.883750669132877,130.99881837247383,218.1477912430194
2022,142.87011176091542,99.66219000000191,6.88375066913057,130.99881837246647,218.14779124293128
2023,142.87088329470313,99.66219000000191,6.656923807581124,130.9988183726095,218.1493002370833
2024,85.38504676896427,65.71095537825066,5.329124400055721,130.9988183713857,218.2884821279481
2025,89.82047041180664,67.83834070260508,5.3291244004719776,130.99881837138685,218.28848212468662
2026,-5.481879075648627,39.5697351249756,5.329124399595795,130.99881837138594,218.28848215226847
2027,85.35763301954614,65.71095555717264,5.329124399952016,130.99881837138634,218.28848212773374
2028,-5.48187910534366,39.56973662357679,5.329124399841591,130.99881837138534,218.2884821522682
2029,-5.48187910776533,39.569737031975514,5.329124399993112,130.9988183713858,218.2884821522681
2030,-5.481879105682477,39.569737045081126,5.3291244000888955,130.99881837138636,218.28848215226893
2031,-5.481879107432056,39.569736955288995,5.329124400039296,130.998818371386,218.28848215226827
2032,-5.481879104638992,39.569737273377484,5.329124399889883,130.99881837138634,218.28848215226785
2033,-5.481879101937698,39.56888494278885,5.329124399670208,130.99881837138682,218.28848215226887
2034,85.33086728743628,65.71095567514675,5.32912439961419,130.99881837138574,218.28848212753044
2035,89.78383379556239,67.83834075999349,5.32912440001622,130.9988183713866,218.2884821243447
2036,142.86775060085478,99.66219000000194,6.911787845081701,130.99881837209472,218.1431731886139
2037,142.86525364716059,99.662190000002,8.312007061957443,130.9988183718058,218.1382895222841
2038,142.52466904916955,99.662190000002,8.835031163285091,130.99881837174178,218.28848060908834
2039,142.8656635941092,99.66219000000197,8.191484850740164,130.99881837185853,218.13909131720771
2040,142.86598356956108,99.66219000000194,8.097412597639424,130.99881837189582,218.13971714743764
2041,142.517104765459,99.6621900000019,9.254237403575878,130.99881837293367,218.28847239587213
2042,142.5177321179507,99.6621900000019,9.219557290243298,130.9988183729628,218.288472332781
2043,142.53257757774955,99.6621900000019,8.398804052617765,130.99881837297818,218.288470041549
2044,142.53008279235544,99.6621900000019,8.536756119522323,130.99881837298184,218.28847057031706
2045,142.52773538131532,99.6621900000019,8.66654983354462,130.99881837292733,218.28847101932962
2046,142.52427492591252,99.66219000000193,8.857868608982637,130.99881837285437,218.28847158753848
2047,142.53468279759298,99.6621900000019,8.282396882566797,130.99881837295422,218.28846958069695
2048,142.54160538359096,99.6621900000019,7.899608248241696,130.9988183729357,218.28846796988395
2049,142.5397872501051,99.6621900000019,8.000144066259207,130.99881837296064,218.2884684098548
2050,142.52912675641383,99.66219000000193,8.532548171527862,130.99881837285088,218.28847109133199
2051,142.5246881274514,99.6621900000019,8.302140950200705,130.99881837295158,218.28847178945225
2052,142.55018945448734,99.66219000000171,5.883308946095686,130.9988183735379,218.28846630757718
2053,142.53802876561096,99.66219000000189,7.412263572506315,130.99881837303494,218.28846925940744
2054,142.55380733133805,99.6621900000018,6.425571137246565,130.99881837327217,218.2884652676171
2055,89.76798503278641,65.31529541694351,5.329124407582855,130.9988183713473,218.28848209932346
2056,-5.481879083893348,26.501095388508954,5.329124400593443,130.9988183713471,218.28848214313913
2057,142.87169151438795,99.6621900000018,5.829263309605629,130.99881837334206,218.1508807854609
2058,142.8739696114329,99.6621900000018,5.373570695302585,130.99881837405087,218.15533653640057
2059,142.60784237602022,99.6621899999993,5.32912440229111,130.99881838207648,218.2884441785985
2060,142.87866552487944,99.66219000000157,5.329124403742353,130.99881837683336,218.16452098023763
2061,89.82840436090775,65.31522329277921,5.329124400807057,130.9988183713464,218.28848210005472
2062,85.39151761700344,62.95718564482695,5.329124400472984,130.99881837134683,218.2884821050707
2063,85.39151761681498,62.95718562727635,5.329124400474427,130.99881837134595,218.2884821050707
2064,85.37971843083879,62.957170502080785,5.329124401199702,130.9988183713464,218.28848210499402
2065,142.5337867675952,99.66219000000193,8.341279393491797,130.99881837194118,218.28847970760148
2066,142.53108904283073,99.66219000000193,8.482570886597392,130.99881837191865,218.28847969188388
2067,142.53505826073902,99.66219000000193,8.282397162757245,130.99881837191998,218.28847683324338
2068,142.53657138540467,99.66219000000193,8.252435378058705,130.9988183719123,218.28852818438105
2069,142.53209770953924,99.66219000000196,8.427056846678195,130.99881837189255,218.28847846193108
2070,142.52733224110688,99.66219000000196,8.691556460623062,130.99881837183977,218.28848009855056
2071,142.5208197841683,99.66219000000196,9.050164190303489,130.99881837183523,218.2884804886017
2072,142.51535913641882,99.66219000000196,9.352087265068631,130.99881837182778,218.28848079030533
2073,142.51593067781616,99.66219000000197,9.320488075947255,130.99881837180584,218.28848076032233
2074,142.51775678969366,99.66219000000196,9.162463898236053,130.99881837182858,218.28848078726736
2075,142.52389201675217,99.66219000000196,7.8146189627590505,130.99881837189147,218.28848046350873
2076,142.51535969277566,99.6621900000019,6.5163103828094115,130.99881837197043,218.28848096155045
2077,142.5118465221635,99.6621900000019,6.482149666865949,130.99881837198703,218.28848113029264
2078,142.5259845886784,99.6621900000019,6.804384914599613,130.99881837199143,218.28848035726725
2079,89.74294773218641,99.66218999999712,5.329124407543398,130.99881837234332,218.2884821224083
2080,142.52010505817844,99.66219000000184,5.86316310366256,130.9988183720982,218.28848072334122
2081,142.51058633132263,99.66219000000193,6.780211444863646,130.99881837194673,218.28848118156125
2082,142.51253005087298,99.66219000000196,7.2627516524891895,130.99881837188758,218.28848108380106
2083,142.51207032705125,99.66219000000198,8.772663832279964,130.99881837178913,218.28848108476575
2084,142.51807612880086,99.66219000000201,9.201825938286627,130.99881837173314,218.2884806436394
2085,142.5242850165978,99.66219000000198,8.857868752009919,130.99881837178916,218.28848030429577
2086,142.52774000958794,99.66219000000196,8.666550008777465,130.99881837182926,218.28847989661458
2087,142.8673742933184,99.66219000000196,7.68854753924573,130.9988183720915,218.14243719244953
2088,142.87253690040728,99.66219000000186,6.170761573391735,130.99881837305253,218.15253441735481
2089,142.5044121583832,99.66219000000193,9.955997971733126,130.9988183728344,218.28847413436486
2090,142.5045095798794,99.66219000000193,9.950611746342627,130.99881837282857,218.28847412661236
2091,142.50389621479493,99.66219000000196,9.984523421367118,130.99881837267324,218.2884741763852
2092,142.50576372378933,99.66219000000196,9.88127307128166,130.9988183726621,218.28847402651365
2093,142.50657451660956,99.66219000000196,9.836445312429518,130.99881837267583,218.28847395849175
2094,142.51160231288392,99.66219000000196,9.558465804393784,130.99881837267603,218.28847352210462
2095,142.5097980898829,99.66219000000197,9.658218701894313,130.998818372671,218.28847368342474
2096,142.51096647348507,99.66219000000198,9.593619903397197,130.99881837262095,218.28847357950067
2097,142.51096647352563,99.662190000002,9.593619903397219,130.99881837258366,218.28847357950733
2098,142.5113864263351,99.66219000000198,9.570401680313822,130.99881837262208,218.28847354167436
2099,142.51076292648392,99.66219000000197,9.490715260719282,130.99881837264635,218.28847377037255
2100,142.51017320399558,99.66219000000193,8.47654960600458,130.99881837283272,218.28847385368934
2101,142.5071729910884,99.66219000000191,7.78599487970789,130.99881837286034,218.2884741427142
2102,142.5066885709098,99.66219000000189,6.727931681595362,130.9988183729079,218.28847423890332
2103,142.5053416591614,99.66219000000189,7.2591733091910555,130.99881837284804,218.2884743222788
2104,142.50441257706308,99.6621900000019,7.634095761865832,130.99881837286665,218.2884743803181
2105,142.5037631718605,99.66219000000193,8.279023444599568,130.99881837283064,218.2884744051928
2106,142.50397272876833,99.66219000000198,8.99065845835976,130.9988183726206,218.28847436265212
2107,146.00560476759154,99.66219000000513,9.86243917495815,130.9988183769075,218.2270497002076
2108,455.3678294799801,568.6829055856159,9.870953065431358,130.99881838592344,836.8974046738624
2109,455.95766410934914,569.6358137042846,9.989126850645238,130.99881838592498,838.0208835605251
2110,146.00288243863005,99.66219000000272,9.993471737079231,130.9988183729059,218.22661164888774
2111,142.5036801106468,99.66219000000208,9.996466478472888,130.99881837232374,218.28847418094637
2112,142.503710038637,99.66219000000198,9.99481470267123,130.9988183726219,218.28847418696137
2113,201.88694788719513,144.03818999999805,5.962978259431123,187.50504526848283,309.0644214017263
2114,201.87697076828317,144.03819000000163,6.515560425598189,187.5050452669932,309.06442562757377
2115,201.86635340881028,144.03819000000183,7.100007520512642,187.50504526616783,309.0644293996746
2116,201.8680659599859,144.03819000000183,7.0147124587725,187.50504526607554,309.06444849832457
2117,202.1735540419928,144.03819000000183,6.8391431354147665,187.50504526615347,308.9273773897793
2118,202.17481677376128,144.03819000000183,6.467609013413649,187.50504526647825,308.92984908647105
2119,201.86594230748935,144.0381900000019,7.057568341447474,187.5050452660579,309.06440714885
2120,201.8633692835986,144.0381900000019,7.265683605519894,187.50504526600795,309.0644306930343
2121,201.8577602481158,144.0381900000019,7.311411600282071,187.5050452659914,309.06443312646644
2122,201.85012620316562,144.03819000000183,5.981959493917968,187.5050452661531,309.0644353462037
2123,89.7371129570279,84.40663312372506,5.313340307487124,187.50504526438502,309.06445416789296
2124,-6.019874844608616,82.62847051056794,5.313340305715068,187.5050452643847,309.06445420407937
2125,-6.019875120893089,59.986366286748996,5.313340305942449,187.50504526438505,309.0644542040822
2126,-6.019875109939374,59.98644133332984,5.313340306188482,187.5050452643853,309.0644542040825
2127,-6.019875096267985,59.98636735171144,5.313340306090702,187.50504526438542,309.06445420408244
2128,-6.019875118813847,59.98636864330695,5.3133403058288025,187.505045264385,309.06445420408244
2129,-6.01987509818704,59.98636324824666,5.313340305403101,187.5050452643846,309.0644542040821
2130,-6.019875077526525,59.98619912621161,5.313340305041192,187.50504526438553,309.0644542040818
2131,201.8287186400898,144.0381900000019,5.7969074583316464,187.50504526605417,309.0644409915037
2132,201.82110455203414,144.03819000000195,8.710385871801659,187.50504526571527,309.06444248655265
2133,201.81894204881607,144.038190000002,9.49607387122929,187.50504526563284,309.0644428744908
2134,201.81943361872018,144.038190000002,9.697229490424238,187.50504526571282,309.0644420398519
2135,201.81995744433786,144.03819000000195,9.668265790873127,187.5050452657177,309.06444193526346
2136,201.8176423576725,144.03819000000195,9.796271953848816,187.50504526572175,309.0644423849347
2137,202.16285235737956,144.038190000002,9.986956913009704,187.505045264158,308.9064326858971
2138,202.16286515090016,144.038190000002,9.983193732906516,187.5050452641554,308.90645772544366
2139,202.16291078354422,144.038190000002,9.969771244942503,187.50504526415702,308.906547036746
2140,202.16295761275404,144.038190000002,9.955996856346134,187.50504526416077,308.90663868963946
2141,202.1632467421339,144.038190000002,9.870951851611883,187.50504526417367,308.90720456708436
2142,202.16338544713153,144.038190000002,9.830152940275546,187.50504526417808,308.9074760372772
2143,202.16377494937674,144.038190000002,9.715584184694682,187.50504526419596,308.9082383616431
2144,202.1639699807732,144.038190000002,9.315642642912657,187.50504526420707,308.9086200631565
2145,202.16347646729406,144.03819000000198,7.481772044269715,187.50504526417166,308.9076541726861
2146,89.70520576299057,144.0381899999998,5.313340313736986,187.50504529871512,309.0644542185348
2147,-6.019875109484334,94.57196850353213,5.3133403044798,187.50504526437726,309.0644542339289
2148,-6.01987507120012,94.57196984163974,5.313340304585789,187.50504526437706,309.06445423392944
2149,-6.0198751215407995,94.57196958646097,5.313340304711799,187.50504526437706,309.06445423392927
2150,-6.019875086490676,94.57196853641278,5.336766985337995,187.50504526437743,309.0644542339291
2151,-6.019875124181074,94.5719694978634,5.313340304639444,187.50504526437703,309.0644542339291
2152,-6.0198751309456915,94.57196838372406,5.313340304635985,187.50504526437743,309.0644542339292
2153,-6.019875113898236,94.57197017081805,5.313340304352378,187.50504526437697,309.06445423392955
2154,-6.019875051070519,94.57197389969727,5.313340304177753,187.50504526437734,309.06445423392984
2155,-6.019875099330688,94.571973598946,5.313340304127573,187.50504526437769,309.0644542339298
2156,89.70494840569968,144.0381899999998,5.31334030528726,187.50504529984389,309.0644542187896
2157,202.16285235563495,144.03819000000198,6.734667284519633,187.50504526414502,308.90643267616866
2158,202.164113569068,144.038190000002,8.58825696235969,187.50504526421426,308.90890109028896
2159,202.1635765718523,144.038190000002,9.754899521341208,187.50504526418763,308.9078500931259
2160,202.16390230129008,144.038190000002,9.678124729169522,187.50504526420332,308.90848761160254
2161,201.88232708365393,144.0381899999981,6.221270940385188,187.50504526700735,309.0644478590677
2162,201.88324241020953,144.03818999999856,6.170658263009207,187.50504527022014,309.06444777622283
2163,85.35993793885312,92.75857597799285,5.58671694623807,187.50504526441176,309.06445420481214
2164,-6.019874872243604,81.07928068168162,5.421103745425454,187.50504526441213,309.06445422404175
2165,-6.019875075693986,81.0792802030307,5.31334030530087,187.50504526441202,309.0644542240431
2166,-6.019875036114652,81.07928017668185,5.313340305092595,187.5050452644117,309.0644542240429
2167,-6.019874947622045,81.07928067164255,5.3133403049451395,187.50504526441213,309.06445422404215
2168,-6.019873836730467,81.07928068261513,5.313340304881105,187.5050452644166,309.06445422403584
2169,-6.019874455157935,81.07927960003914,5.313340304740307,187.50504526441196,309.06445422403567
2170,-6.0198748975877665,81.07928180010961,5.313340304830445,187.50504526441674,309.06445422403857
2171,-6.019875025867341,81.07927922098835,5.3133403049848384,187.50504526441222,309.06445422403937
2172,-6.0198750815020015,81.07927864163791,5.313340305161935,187.50504526441173,309.06445422403993
2173,-6.01987510432091,81.07927889545103,5.313340305201775,187.50504526441182,309.06445422403976
2174,-6.019875088631993,81.07927951579465,5.31334030536416,187.50504526441162,309.06445422403993
2175,-6.019875098926886,81.07928070427413,5.313340305302607,187.5050452644117,309.0644542240399
2176,-6.019875091019662,81.07928169495129,5.3133403051960855,187.50504526441242,309.0644542240398
2177,-6.019875088660198,81.07928025284842,5.313340304807171,187.50504526441156,309.06445422403993
2178,-6.019875090153043,81.07928097625322,5.31334030462445,187.50504526441713,309.0644542240399
2179,89.79985200046588,94.36187077972524,5.313340305292145,187.50504526441196,309.0644542026055
2180,85.39151787643598,92.75853840065963,5.313340304717837,187.50504526441213,309.0644542047009
2181,85.39151787636314,92.75854007564017,5.313340304790786,187.50504526441694,309.0644542046983
2182,85.3915177235377,92.75857523972712,5.31334030484363,187.50504526441685,309.06445420505406
2183,201.90440063735554,144.03818999999842,5.313340316275204,187.50504526910677,309.06444562405346
2184,89.79538652601094,94.36186957049603,5.313340316260965,187.50504526441188,309.0644542029846
2185,202.16485592479228,144.0381900000021,9.397625586707283,187.50504526397074,308.91035402816556
2186,202.16501074448396,144.0381900000021,9.352086824600223,187.50504526397322,308.9106570370877
2187,202.16447889821376,144.0381900000021,9.508524412896358,187.50504526396006,308.909616121901
2188,202.16522904488045,144.0381900000021,9.287875801995103,187.50504526397853,308.9110842887312
2189,202.1670895912476,144.0381900000021,8.7406133155501,187.50504526403404,308.9147256999035
2190,202.16363018553605,144.0381900000021,9.75816523370139,187.50504526393743,308.90795504434
2191,202.16396997823227,144.0381900000021,9.658218421849023,187.50504526394607,308.90862007746335
2192,202.16485592478466,144.0381900000021,9.39762558670729,187.5050452639669,308.9103540281653
2193,202.1642685325911,144.0381900000021,9.32297890581363,187.5050452639525,308.9092043962081
2194,202.16380580705209,144.0381900000021,7.572419975904539,187.50504526394573,308.9082987625636
2195,202.16363018528162,144.0381900000021,6.1797252181036875,187.50504526394698,308.9079550402671
2196,89.70903828495652,121.3938075696245,5.313340304783673,187.5050452642603,309.0644542396622
2197,-6.019875089711737,121.9326658500435,5.313340303942325,187.50504526426036,309.06445424516403
2198,-6.019875121383601,119.76992345029092,5.313340303966208,187.50504526426067,309.0644542451641
2199,-6.0198750840317805,119.76991747166407,5.313340303957374,187.50504526426005,309.06445424516346
2200,89.7111317982227,121.39433875749282,5.3133403044233996,187.50504526426025,309.06445423968347
2201,85.27702274981712,121.9341198581877,5.313340303804094,187.50504526426025,309.0644542402057
2202,85.27477618309169,121.39435084746924,5.313340303851393,187.50504526426067,309.0644542401898
2203,202.16490668465698,144.03819000000198,5.313340305200062,187.5050452640042,308.9104533705336
2204,202.16480596999713,144.0381900000021,6.85896265487449,187.50504526396958,308.91025625464215
2205,202.16466101431635,144.0381900000021,8.979159933401375,187.50504526396162,308.909972550774
2206,202.16466101459855,144.0381900000021,9.45495658915434,187.50504526396122,308.90997255519494
2207,202.16583684825744,144.0381900000021,9.109096097324523,187.50504526399428,308.9122738651263
2208,202.16646408648677,144.0381900000021,8.924599778233299,187.5050452640144,308.91350147890887
2209,202.1716957095113,144.03819000000183,7.385735266148646,187.5050452653582,308.9237406475756
2210,202.1718303612268,144.03819000000183,7.346127090800111,187.50504526537674,308.924004185184
2211,202.17266698642868,144.03819000000183,7.100030445917866,187.50504526552237,308.925641607841
2212,202.17599992605605,144.03819000000158,6.10632711847024,187.50504526640538,308.9321647396061
2213,202.1734024338152,144.0381900000019,6.883692780675589,187.50504526566172,308.92708100708006
2214,202.17340243334655,144.03819000000192,6.883692780158164,187.5050452656463,308.92708100684365
2215,202.17417357674404,144.03819000000192,6.656850690055625,187.50504526580798,308.9285902688572
2216,85.38504684246891,89.58378317035503,5.313340305243477,187.50504526442094,309.06445419818016
2217,89.82047048170303,91.03113739230942,5.3133403057748065,187.50504526441682,309.06445419609616
2218,-6.019874928632709,74.88801353778933,5.313340304680804,187.5050452644209,309.06445421993595
2219,85.35763320745153,89.58378522449021,5.313340305181062,187.50504526442032,309.0644541975348
2220,-6.019875087009428,74.88805560379292,5.313340304928646,187.50504526442086,309.0644542199371
2221,-6.019875093457326,74.88805583148034,5.313340305130563,187.505045264417,309.0644542199372
2222,-6.019875099779626,74.8880540036958,5.313340305257316,187.50504526441716,309.06445421993726
2223,-6.019875092036889,74.88805326106115,5.313340305255535,187.5050452644175,309.06445421993715
2224,-6.019875096456935,74.88805331703666,5.313340305066895,187.5050452644173,309.0644542199372
2225,-6.01987506168072,74.88805177698194,5.313340304815885,187.50504526441762,309.06445421993726
2226,85.33086747756177,89.58379619612393,5.313340304769782,187.50504526441694,309.0644541972227
2227,89.7838339736433,91.03114100142466,5.31334030526456,187.50504526442097,309.0644541952999
2228,202.17104246539287,144.03819000000195,6.911729255224509,187.50504526521252,308.92246212266485
2229,202.16854676244003,144.03819000000195,8.311993503950049,187.5050452648852,308.9175775939887
2230,201.83494508693602,144.03819000000198,8.835022960074976,187.5050452647765,309.0644477228464
2231,202.16895650222588,144.03819000000195,8.191469590590684,187.50504526493933,308.91837953110667
2232,202.1692763193803,144.03819000000192,8.09739584927551,187.50504526497912,308.91900547374695
2233,201.82744070378928,144.03819000000186,9.25422626219504,187.50504526615057,309.0644372264174
2234,201.82806790442697,144.03819000000186,9.219545823884717,187.50504526614495,309.0644370657369
2235,201.8429112238784,144.03819000000186,8.398781067292543,187.50504526608796,309.0644329835726
2236,201.84041639858043,144.03819000000186,8.536735707538579,187.50504526617013,309.0644337000862
2237,201.83806910962588,144.03819000000186,8.666531568048455,187.505045266145,309.06443436126784
2238,201.8346091272074,144.0381900000019,8.857853084110037,187.50504526609177,309.0644353181568
2239,201.84501642217532,144.03819000000186,8.282371463414941,187.50504526613653,309.06443236280194
2240,201.8519389168902,144.03819000000186,7.899572761870772,187.50504526614324,309.0644302171133
2241,201.85012079837182,144.03819000000186,8.000111568331572,187.50504526614296,309.0644308007212
2242,201.83946069660257,144.0381900000019,8.532527525134011,187.50504526609316,309.0644348111648
2243,201.83502290764153,144.03819000000186,8.302115146372474,187.50504526613463,309.0644360784219
2244,201.86052252992226,144.03819000000172,5.945819902408229,187.50504526672083,309.06442806445517
2245,201.84836258986766,144.03819000000183,7.412206992383033,187.50504526617297,309.0644322520647
2246,201.86414010457557,144.03819000000175,6.413460476989687,187.50504526653003,309.06442665532006
2247,89.76798529856067,83.12080579664875,5.313340314608958,187.5050452643752,309.06445416336925
2248,-6.019875025067783,58.09619579180748,5.3133403058857365,187.50504526437598,309.0644542010698
2249,202.17498131180005,144.03819000000175,5.857271041085261,187.50504526663047,308.9301710601071
2250,202.17725832820966,144.03819000000178,5.376472011278165,187.50504526742662,308.9346276287445
2251,201.91816873730036,144.03818999999922,5.31334030798081,187.50504527634948,309.06439982948507
2252,202.18195186754946,144.03819000000152,5.313340309776333,187.50504527058555,308.94381370418625
2253,89.82840446228899,83.12080602317624,5.313340306162256,187.50504526437558,309.0644541647017
2254,85.39151772250668,80.9802369644922,5.313340305765668,187.5050452643754,309.06445416781895
2255,85.39151772267397,80.98019389407347,5.313340305759619,187.50504526437624,309.0644541678192
2256,85.37971853651868,80.98019404331157,5.313340306613992,187.50504526437618,309.06445416772186
2257,201.8437422798774,144.03819000000195,8.341265570024401,187.50504526502874,309.06444632247025
2258,201.8413884260667,144.03819000000195,8.482558820679138,187.505045265012,309.0644480665528
2259,201.84373252380294,144.03819000000195,8.2823825279781,187.50504526501382,309.0644247837432
2260,202.16874930304243,144.03819000000195,8.252420302854134,187.50504526494188,308.9179739818561
2261,201.84167732017804,144.03819000000195,8.427044120463304,187.50504526493208,309.06444830024066
2262,201.83753103365416,144.03819000000198,8.691546570177845,187.50504526483735,309.06445149733014
2263,201.83115567287524,144.03819000000195,9.050157111819388,187.5050452648928,309.0644490602485
2264,201.8256944213654,144.038190000002,9.352081887651028,187.50504526487003,309.06444961771786
2265,201.82626591330413,144.038190000002,9.320482543221896,187.5050452648686,309.06444956155616
2266,201.82809232630865,144.038190000002,9.162457444206433,187.5050452648618,309.064449732748
2267,201.83422754189021,144.03819000000195,7.814594192340198,187.50504526493063,309.0644491440322
2268,201.8256952848208,144.0381900000019,6.606947509909428,187.50504526509246,309.06445001113184
2269,201.8221823976708,144.0381900000019,6.589772077707486,187.5050452651334,309.06445033684776
2270,201.8363193574038,144.03819000000192,6.818013094701735,187.50504526511205,309.06444889876263
2271,89.74294791765388,144.03818999999712,5.3133403147420255,187.50504526548676,309.0644541928215
2272,201.83044020370198,144.03819000000183,5.988347399954964,187.50504526521823,309.0644495854504
2273,201.82092234835935,144.03819000000195,6.850495547007965,187.50504526503133,309.0644504316921
2274,201.8228659414066,144.03819000000195,7.258761629671384,187.50504526484212,309.06445024027516
2275,201.82240644311452,144.038190000002,8.77265419871317,187.50504526480893,309.0644502902205
2276,201.82841277586448,144.03819000000203,9.201819777519457,187.50504526483422,309.06444934537376
2277,201.83458741960635,144.038190000002,8.857860292053186,187.50504526480614,309.06444888722797
2278,201.8382029300677,144.03819000000195,8.666539881683256,187.505045264887,309.0644488875305
2279,202.17066634520978,144.03819000000195,7.688521185667199,187.50504526518387,308.92172600337364
2280,202.17582634253492,144.03819000000183,6.170641558305878,187.50504526630758,308.93182502189643
2281,201.8147512544818,144.0381900000019,9.955991965332249,187.50504526594858,309.0644414775227
2282,201.81484866846182,144.0381900000019,9.950605713700966,187.50504526593957,309.06444145817215
2283,201.8142353435046,144.03819000000195,9.98451755127014,187.50504526580826,309.06444158173684
2284,201.81610273020547,144.03819000000195,9.881266689559977,187.50504526580352,309.06444121327104
2285,201.81691346295923,144.03819000000195,9.836438694314507,187.50504526579664,309.0644410447912
2286,201.82194087056422,144.03819000000195,9.558457499531364,187.50504526579638,309.06443997990453
2287,201.82013679753626,144.038190000002,9.6582110488954,187.50504526574957,309.06444037324997
2288,201.82130509483358,144.038190000002,9.593611834713208,187.50504526568852,309.0644401197175
2289,201.82130509482994,144.038190000002,9.593611834713432,187.50504526568673,309.0644401197173
2290,201.82172500568066,144.038190000002,9.570393456457909,187.5050452656888,309.06444002752266
2291,201.82110193838244,144.038190000002,9.49070633707273,187.505045265754,309.06444093642705
2292,201.8205123800684,144.0381900000019,8.47652745655279,187.50504526596362,309.06444113676395
2293,201.81751221668583,144.0381900000019,7.727612165366739,187.50504526605917,309.06444176342933
2294,201.81702735352872,144.03819000000186,6.819035092530679,187.50504526602913,309.06444187073606
2295,201.8156807141524,144.0381900000019,7.280591671571095,187.5050452660948,309.06444208683706
2296,201.81475178105978,144.0381900000019,7.606264929807466,187.50504526604698,309.0644422418672
2297,201.81410290309185,144.0381900000019,8.278996365204609,187.50504526594935,309.06444250742163
2298,201.81431240163815,144.038190000002,8.990644285679114,187.50504526568866,309.0644424070594
2299,210.35507601011034,144.03819000000513,9.862432590470286,187.50504527057416,309.00275914861174
2300,455.3741520329019,524.0933883442367,9.870946666523912,187.50504528057257,798.6090852337882
2301,455.9640553324893,525.0462964629054,9.989121038630403,187.5050452805755,799.6181049182829
2302,210.34591781408875,144.03819000000271,9.993465906139214,187.5050452661319,309.00232382331126
2303,201.81401919421415,144.0381900000021,9.996460659850738,187.50504526553425,309.0644415833803
2304,201.81404913383741,144.038190000002,9.994808877621562,187.5050452656894,309.0644415965922
2305,83.20241349282121,55.28619000000194,9.49548296595473,86.38637324443874,134.13335944936173
2306,83.19965564034597,55.28619000000193,9.647963411383646,86.38637324442335,134.133359659882
2307,83.21234683550944,55.286190000001895,8.946253157559148,86.38637324447205,134.1333585779245
2308,83.20975187965323,55.286190000001916,9.089735021785772,86.38637324446466,134.13335882145003
2309,83.20805024048964,55.28619000000193,9.18382160677008,86.38637324442558,134.13335897369234
2310,83.21234683589476,55.28619000000194,8.94625315755914,86.38637324442087,134.1333585779716
2311,83.22024087268314,55.28619000000194,8.471767221917405,86.38637324443968,134.1333581224117
2312,83.21832801046119,55.286190000001895,7.968506467535337,86.3863732444628,134.133358337796
2313,83.20805128643856,55.28619000000188,7.585138754351493,86.38637324448285,134.13335931668166
2314,83.20975295305884,55.28619000000188,7.414922989467304,86.38637324448673,134.1333591771108
2315,-5.321538776269733,55.286189999994775,5.117619663143203,86.38637324370738,134.1333627360662
2316,83.25893309806693,55.28618999999671,5.127851544301123,86.38637324419699,134.13335462059936
2317,83.2192725945346,55.28619000000173,5.507347579640678,86.38637324461241,134.13335832666033
2318,-5.3215403428701125,-3.5565249723832495,5.303067309599758,86.38637324291273,134.13336273613444
2319,83.2265586916252,55.28619000000154,5.266444886172366,86.38637324476004,134.13335756717413
2320,83.23005787798573,55.28619000000163,5.117619671482897,86.38637324469104,134.13335714140877
2321,-5.321540333535434,-3.5565324027837844,5.117619662868749,86.38637324291435,134.13336273613416
2322,83.2405698673249,55.286189999997546,5.117619662630783,86.38637324458526,134.13335632516115
2323,83.23127653108399,55.28619000000177,5.11761967358957,86.38637324458037,134.13335698395258
2324,83.24056995142067,55.28618999999756,5.1176196623722054,86.38637324459609,134.13335633575704
2325,83.22328899689056,55.28619000000179,5.117619696005666,86.38637324455665,134.13335792438275
2326,83.20772566604944,55.286190000001895,7.4128140008567875,86.38637324446253,134.1333593526703
2327,83.21120478650377,55.286190000001945,8.552684884669047,86.38637324442733,134.1333590049472
2328,83.21740537875077,55.28619000000192,8.666550053260337,86.38637324444913,134.13335808156145
2329,83.55732900014611,55.28619000000203,9.860051489531454,86.38637324318968,133.9696400730886
2330,83.55734829826449,55.28619000000203,9.854377999205784,86.3863732431908,133.96967781705854
2331,83.55839616210561,55.28619000000203,9.546314655900806,86.38637324321603,133.97172726688612
2332,83.55697774977662,55.28619000000204,9.963316195066044,86.38637324317904,133.96895308502926
2333,83.55700264179079,55.286190000002044,9.955998110712656,86.38637324317351,133.9690017699196
2334,83.55759599804392,55.28619000000208,9.781556237290266,86.38637324318474,133.97016227754608
2335,83.55709668940574,55.286190000002115,9.928348822427422,86.38637324316458,133.969185711962
2336,83.55687517638025,55.28619000000208,9.498640089169694,86.3863732431675,133.96875246422707
2337,83.55685304509774,55.286190000002016,7.716135417438779,86.38637324318043,133.96870917820158
2338,83.55685297199041,55.28619000000197,5.456143338840294,86.3863732431891,133.96870903928888
2339,-5.321540340263959,55.28618999999422,5.117619661558332,86.3863732432887,134.13336276272955
2340,-5.321540350275315,12.968035133581129,5.117619661595057,86.38637324322303,134.13336276272958
2341,-5.32154033747329,12.968034632211644,5.117619661647529,86.38637324322241,134.13336276272864
2342,-5.3215403424435275,12.968035102959291,5.117619661660734,86.3863732432229,134.13336276272844
2343,-5.321540348411233,12.968034901987231,5.117619661649514,86.38637324322214,134.1333627627286
2344,-5.321540346676895,12.968034687421227,5.117619661577106,86.3863732432225,134.1333627627287
2345,-5.321540343763884,12.968113932716344,5.1176196614951595,86.38637324322234,134.1333627627284
2346,-5.3215403432603114,12.96811389350102,5.11761966142341,86.38637324322228,134.13336276272852
2347,-5.3215403438949,12.968034632370692,5.117619661378042,86.3863732432223,134.13336276272844
2348,83.5573884341584,55.28619000000193,5.117619661605795,86.38637324321081,133.96975631066974
2349,83.5574526303257,55.286190000002,5.9099336745323585,86.38637324319589,133.9698818687999
2350,83.55791497912556,55.28619000000204,8.241341116940765,86.38637324320096,133.97078614755563
2351,83.55927522841559,55.286190000002044,9.135618472870206,86.38637324323125,133.9734465720608
2352,83.55962916595871,55.28619000000202,9.183821712779894,86.3863732432514,133.97413882001013
2353,83.19346006089529,55.28619000000206,9.991044461873118,86.38637324347727,134.13336261190602
2354,83.19338106606827,55.28619000000207,9.99541089496058,86.38637324345923,134.13336261202167
2355,83.19329800960837,55.286190000002115,10.008516149161398,86.38637324342811,134.13336260613002
2356,83.19330595208613,55.28619000000228,9.999885052552804,86.38637324332099,134.13336261189383
2357,85.48825305347368,55.28619000000269,9.999087891423333,86.38637324329424,134.03059054441883
2358,85.48826758622145,55.286190000004275,9.994814819569582,86.38637324307966,134.0306189709895
2359,85.48835977706597,58.38862866993836,9.967711335238898,86.38637324228273,134.03079928185767
2360,85.48845890595211,58.38862866994791,9.938568267024177,86.38637324229032,134.03099316165668
2361,85.48880627232184,58.38862866994724,9.836445440440134,86.38637324231739,134.0316725531648
2362,83.20106993752619,55.28619000000207,8.656867205877932,86.3863732434597,134.1333626066643
2363,83.19948142909259,55.28619000000194,6.479875553155752,86.38637324355916,134.13336261158202
2364,83.19479871916923,55.286190000001874,5.117619665808321,86.38637324362297,134.13336262202017
2365,-5.321540339505147,3.1859077289890045,5.117619662102652,86.38637324317838,134.13336275559473
2366,-5.321540338443437,3.185907552417413,5.158652291072465,86.386373243178,134.1333627555949
2367,-5.321540353693108,3.1859073417279498,5.13124277853575,86.38637324317821,134.1333627555947
2368,-5.321540328712084,3.1859075502528658,5.117619662017833,86.38637324317793,134.13336275559476
2369,-5.3215403425974355,55.28618999999777,5.117619661867364,86.38637324397855,134.13336275559428
2370,83.1963708349145,55.2861900000019,5.137855099909629,86.38637324358193,134.13336261930232
2371,83.19698371313294,55.286190000002,7.284061406835684,86.38637324350857,134.1333626146839
2372,85.48896764379901,58.38862866994722,9.12287837707425,86.38637324233048,134.03198816128753
2373,85.48912859997642,58.38862866994957,9.741683787966926,86.38637324234385,134.03230297306231
2374,85.490057157793,55.286190000009896,9.468695539231772,86.38637324274158,134.0341190793001
2375,85.48931195788892,55.28619000000294,9.687778447756862,86.38637324334547,134.03266158911336
2376,83.2010704784213,55.286190000002115,9.570401831357989,86.38637324343591,134.13336260027424
2377,83.56521966941085,55.28619000000192,7.540261678654012,86.38637324374825,133.98507291293856
2378,83.56561178673229,55.28619000000193,7.4249820695378395,86.38637324377773,133.98583983172998
2379,83.5665739804987,55.28619000000191,7.142104592942551,86.38637324386626,133.9877217265115
2380,83.56822428693535,55.2861900000019,6.656927303527777,86.38637324403464,133.99094945661346
2381,83.56745275280215,55.28619000000193,6.883752293481475,86.38637324394503,133.98944046230224
2382,83.56561178655089,55.28619000000194,7.42498206953846,86.38637324377746,133.98583983165088
2383,83.56760418187915,55.286190000001945,6.839233290976239,86.38637324396352,133.98973663295942
2384,83.56700703943869,55.28619000000194,7.0147885073447656,86.3863732438996,133.98856871996438
2385,83.57131059456184,55.2861900000019,5.749560018147868,86.38637324448929,133.99698576805852
2386,83.56854309667135,55.28619000000194,6.410941419601778,86.38637324406602,133.99157298765027
2387,83.56822428711735,55.28619000000186,5.117619670073304,86.38637324403894,133.99094944827849
2388,83.2192890479465,55.28619000000178,5.117619664118226,86.38637324373786,134.13336258780322
2389,-5.32154033745334,2.890037784883361,5.2254432321996855,86.38637324317003,134.1333627547982
2390,-5.3215403429192145,2.890037770025829,5.310451294258654,86.38637324317047,134.13336275479864
2391,-5.321540343199138,2.890037814610782,5.289780894075951,86.38637324316988,134.1333627547986
2392,-5.321540342034664,2.8900378115088183,5.14484341797896,86.38637324317048,134.13336275479872
2393,-5.321540335155535,2.890037772342256,5.117619661997498,86.38637324317023,134.13336275479878
2394,83.21834978383454,55.2861900000019,5.2993747203275525,86.38637324363216,134.13336258596797
2395,83.56561178650388,55.28619000000194,6.149834063933678,86.38637324377908,133.98583982238097
2396,83.56290030910648,55.28619000000206,8.20310082984212,86.38637324357433,133.98053660736392
2397,83.56534903827249,55.28619000000198,7.502227739175615,86.38637324375283,133.98532594006318
2398,83.56496485999365,55.28619000000196,7.615173312356006,86.3863732437262,133.98457454882836
2399,83.56745275268501,55.286190000001945,6.883752293482305,86.38637324394696,133.9894404622524
2400,83.56629222763107,55.286190000001945,7.224937596219172,86.38637324383684,133.98717066445457
2401,83.20648186299383,55.28619000000202,9.271186213352069,86.38637324408123,134.13336221842948
2402,83.20530183321394,55.28619000000206,9.336416991375481,86.38637324404039,134.13336223086367
2403,83.20024440903701,55.28619000000224,9.615983622418211,86.38637324388974,134.1333622779394
2404,83.20004784302489,55.286190000002534,9.626849433934535,86.38637324366871,134.1333622795917
2405,85.19031853538102,55.28619000000283,9.468695500622827,86.38637324347141,134.14835646599084
2406,85.49040132538967,55.28619000000426,9.36751346496115,86.3863732434225,134.0347922074521
2407,85.49001120832206,58.3886286699404,9.482204153045592,86.38637324171171,134.03402920516282
2408,85.48967136579417,58.388628669945604,9.582115038864464,86.38637324166356,134.03336452903932
2409,85.48996604092244,58.388628669945554,9.49548299348173,86.38637324170509,134.03394086515738
2410,85.49015142511865,58.3886286699449,9.440981576421603,86.38637324173197,134.03430344617408
2411,85.49034968411785,55.286190000004964,9.11625052695258,86.38637324330853,134.03469119325152
2412,83.19844288768641,55.28619000000204,8.212054754196082,86.38637324405428,134.1333623359193
2413,83.19614551879604,55.28619000000192,6.987773713064349,86.3863732441682,134.13336235854345
2414,83.19860709440495,55.28619000000185,5.785459312975549,86.38637324423168,134.1333623514329
2415,83.1941911153642,55.28619000000187,5.963804536872024,86.38637324419905,134.13336237799996
2416,83.19453022540307,55.28619000000196,7.609966434377,86.38637324412322,134.13336236493828
2417,83.19518464118993,55.286190000002556,8.601514401864165,86.38637324365095,134.13336235701945
2418,85.48839961898841,58.38862866994681,9.385037296556705,86.38637324150076,134.03087718825554
2419,89.63759567360893,65.05366513611203,9.899295412516507,86.38637324717244,134.1636763102919
2420,89.63780788524997,65.05366513611509,9.913037528776083,86.38637324755594,134.16409138788958
2421,89.63796934531695,65.0536651361117,9.865574113161069,86.38637324787504,134.1644072201444
2422,89.63795104612963,65.05366513611,9.870953156633881,86.38637324783764,134.16437142220562
2423,85.4886047409969,58.388628669946215,9.895693883927592,86.38637324152535,134.03127838626494
2424,85.48870719217896,55.28619000002807,9.86557411314122,86.3863732418161,134.03147876379643
2425,-5.321540340439784,-5.717717537986567,5.309291040747308,86.38637324262844,134.13336271866942
2426,-5.321540327618022,-5.717680215959786,5.235278631934543,86.38637324262828,134.13336271866916
2427,-5.321540317391808,-5.717683177421762,5.143849847488597,86.38637324262804,134.1333627186689
2428,83.2829200047629,55.286190000000715,5.11761966591157,86.3863732455253,134.1308174376244
2429,83.57578382776234,55.28619000000148,5.117619669952336,86.38637324553076,134.00573462572677
2430,83.57448372439974,55.28619000000163,5.117619683395968,86.38637324524832,134.0031917932199
2431,83.57469613150444,55.28619000000163,5.117619678950199,86.38637324531895,134.0036072554717
2432,83.27821215599585,55.28619000000172,5.275164975806904,86.38637324501028,134.13330876699024
2433,83.57556282034612,55.286190000001646,5.11761967096527,86.38637324555738,134.00530238248598
2434,83.57691483047697,55.2861900000016,5.11761966690498,86.386373245943,134.00794670301678
2435,83.57691483166,55.28619000000154,5.117619666210015,86.38637324590394,134.00794667984528
2436,83.28928292385505,55.28619000000111,5.117619664428432,86.38637324535138,134.13331869202892
2437,83.26625358709684,55.28618999999981,5.11761966400974,86.38637324567809,134.13333003480915
2438,-5.321540334358272,-5.717679574069589,5.117619663586731,86.38637324262825,134.13336271866183
2439,-5.3215403417557505,-5.717679601845475,5.117619663560644,86.38637324262878,134.13336271866194
2440,-5.321540226606511,55.28618999243994,5.117619663284793,86.38637324262879,134.1333627186554
2441,83.27012764199348,55.28619000000135,5.117619664122355,86.38637324522789,134.133328277908
2442,83.23572815161921,55.28619000000186,6.567213075994657,86.38637324493828,134.1333412199071
2443,85.49461366730338,55.286190000003536,8.052997443009497,86.38637324403983,134.04303078529537
2444,85.49450699026704,55.28619000000718,8.16048151886265,86.3863732440365,134.0428222031888
2445,83.23706805616891,55.286190000002335,7.577913851466199,86.38637324461955,134.1333399509472
2446,83.24725140028153,55.286190000001916,7.01478621413538,86.38637324489498,134.13333654049197
2447,83.2434512450926,55.28619000000186,7.224936026173548,86.38637324492407,134.13333786024072
2448,83.25123834322581,55.28619000000179,6.7942934038375125,86.3863732449737,134.13333508519844
2449,-5.321540341155005,-4.092039511949314,5.637132124602288,86.38637324288527,134.13336273441857
2450,-5.3215403456366275,-4.09215556139867,5.573419053501656,86.38637324288435,134.13336273441845
2451,-5.321540339650789,-4.092039537875757,5.47875468462587,86.38637324288521,134.13336273441854
2452,-5.32154034441364,-4.092039473682469,5.365692465972469,86.38637324288526,134.13336273441848
2453,-5.321540338148849,-4.092028099000789,5.212781572023474,86.38637324288506,134.1333627344183
2454,-5.32154033144098,-4.0920395774161475,5.117619663280862,86.38637324288493,134.13336273441803
2455,-5.321540301824158,-4.092068501047138,5.117619663039986,86.38637324288523,134.13336273441695
2456,-5.321538376062266,-4.09203958199304,5.1176196629204265,86.38637324288543,134.13336273433606
2457,83.32316608858396,-4.0920395827296145,5.117619662921909,86.38637324288271,134.13333308507276
2458,-5.321539660451771,-4.092039615683445,5.117619662918194,86.38637324288518,134.1333627343928
2459,-5.321540307534953,-4.09203950404855,5.117619663063114,86.38637324288513,134.13336273441985
2460,-5.321540338158189,-4.092039588643137,5.117619663313711,86.3863732428855,134.1333627344208
2461,-5.321540343651957,-4.092039631637494,5.229679653948748,86.38637324288524,134.13336273442147
2462,-5.321540350306799,-4.092027092301494,5.302418756576965,86.38637324288553,134.13336273442115
2463,-5.321540348253015,-4.092039670849928,5.24620288403591,86.38637324288446,134.1333627344214
2464,-5.3215403465705595,-4.09203980414974,5.117619663358294,86.38637324288497,134.1333627344213
2465,-5.321540337657489,-4.092039362127045,5.117619662925362,86.38637324288537,134.13336273442133
2466,-5.321540319438832,-4.092082446980703,5.117619662609751,86.38637324288537,134.13336273442042
2467,83.58128098929748,55.28619000000084,5.117619662867905,86.38637324751329,134.01648619119808
2468,83.58128098761605,55.286190000001206,5.11761966291729,86.3863732482542,134.01648620788282
2469,83.58128098911412,55.28619000000089,5.117619662915431,86.38637324760478,134.01648620853084
2470,83.32316609205473,55.28618999999829,5.117619662920704,86.38637324506038,134.13333308453198
2471,-5.321540282483179,-4.092039665060595,5.117619662995566,86.38637324288521,134.13336273441632
2472,-5.321540335607107,-4.092039760485262,5.216536040237483,86.38637324288503,134.13336273441837
2473,83.22069645515617,55.28619000000187,8.482570673792232,86.38637324504683,134.13333656518245
2474,83.2206964552001,55.28619000000189,8.482570673792212,86.38637324502805,134.13333656520714
2475,83.21829084893085,55.28619000000191,8.615596128838808,86.38637324500992,134.1333373554431
2476,83.22652094801633,55.286190000001874,8.160481380682416,86.38637324503259,134.133334586799
2477,83.22882742813512,55.28619000000191,8.032928261711573,86.38637324501514,134.13333376207652
2478,83.23981965899245,55.28619000000185,7.424980494550329,86.38637324505356,134.13332950407775
2479,83.23248316669098,55.28619000000198,7.83075063732883,86.38637324497815,134.13333241226633
2480,83.23248316684703,55.28619000000204,7.83075063732914,86.38637324494549,134.13333241230632
2481,83.2488079345705,55.28619000000187,6.927843484317902,86.38637324504566,134.13332564555503
2482,83.27011003971896,55.28619000000175,5.749488118854077,86.3863732450992,134.1333150697484
2483,83.38255944607755,55.28619000000166,5.117619694115985,86.3863732451785,134.0652892711686
2484,83.27110039560235,55.286190000001696,5.440451380417342,86.38637324514009,134.13331514800757
2485,83.27411948975514,55.28619000000162,5.117619680520853,86.38637324517363,134.13331374998035
2486,83.28809098748357,55.286190000001234,5.117619665503172,86.38637324536249,134.13330537427294
2487,83.271100752591,55.2861900000016,5.117619684720803,86.38637324518251,134.1333154522584
2488,83.28585397191672,55.286189999996516,5.117619663516049,86.38637324463707,134.1333069488071
2489,83.3100006194459,55.28618999999446,5.117619663116682,86.38637324400925,134.13328996687852
2490,83.28544632750983,55.28619000000168,5.117619668961859,86.38637324513391,134.13336475277396
2491,83.28043864818812,55.286190000001774,5.15632837520463,86.3863732450955,134.13328853599697
2492,83.57623097383646,55.28619000000172,5.117619669246629,86.38637324575762,134.0066091806573
2493,83.58128098952609,55.28619000000154,5.117619663862525,86.38637324792813,134.01648619980676
2494,83.57448375299175,55.28619000000172,5.117619685857751,86.38637324525602,134.00319180288452
2495,83.58006438007756,55.2861900000013,5.1176196643851855,86.38637324689826,134.01410670654823
2496,83.32309597095876,55.28618999999657,5.1176196638667975,86.38637324464634,134.1332785313687
2497,142.512753496018,99.66219000000243,9.495482970838147,130.34360266688782,217.92231502962377
2498,142.50999590290613,99.6621900000024,9.647963416005235,130.34360266690888,217.9223153176801
2499,142.52268585735314,99.66219000000243,8.946253163485284,130.3436026669253,217.92231384614274
2500,142.52009116009182,99.6621900000024,9.089735027436804,130.3436026669238,217.92231417581723
2501,142.5183896919468,99.6621900000024,9.183821612237995,130.34360266690894,217.92231438251468
2502,142.52268586189467,99.6621900000024,8.946253163485286,130.34360266690942,217.92231384615818
2503,142.53056665081084,99.66219000000243,8.471767230775828,130.34360266688915,217.92231328268448
2504,142.52866593884082,99.6621900000024,7.968506476331206,130.34360266694014,217.92231341025166
2505,142.5183904622919,99.66219000000243,7.585138757701427,130.34360266693935,217.92231467374734
2506,142.52009195301588,99.6621900000024,7.414922986791442,130.34360266692585,217.9223144805058
2507,-5.323793804544969,64.67150894535733,5.117819506514819,130.34360266622988,217.92231950444196
2508,85.32725363010411,64.6715089410352,5.12812632190122,130.34360266623048,217.9223194749876
2509,89.73093936222668,99.66218999999761,5.507982298574151,130.34360267039207,217.92231947067694
2510,-5.323795328577999,34.47288798181496,5.3033768891544595,130.3436026662304,217.9223195044675
2511,89.73822813433719,66.6964752648253,5.266747531096627,130.34360266623074,217.92231947075578
2512,89.74172862612834,66.69647528283745,5.117819514863523,130.343602666231,217.92231947079847
2513,-5.32379532111196,34.47293166108519,5.1178195062748895,130.34360266623042,217.92231950446725
2514,85.30888624656464,64.67150891576559,5.117819506034129,130.343602666231,217.92231947481133
2515,142.54161572901316,99.66219000000214,5.117819516997066,130.34360266779436,217.92231248495082
2516,85.30888624687184,64.6714762347462,5.117819505774132,130.34360266623113,217.92231947481022
2517,142.5336276667655,99.66219000000223,5.117819539459501,130.34360266746077,217.92231315088657
2518,142.51806487212366,99.66219000000243,7.412813998083521,130.3436026669117,217.92231472202863
2519,142.52154366358383,99.6621900000024,8.552684893385422,130.3436026669108,217.9223142474397
2520,142.52774521291113,99.6621900000024,8.666550059645132,130.3436026669303,217.92231333805444
2521,142.84252625222345,99.66219000000258,9.86005149053013,130.34360266570633,217.7697356833964
2522,142.84254555034022,99.66219000000258,9.854378000206308,130.34360266569985,217.76977342736444
2523,142.8435934144678,99.66219000000258,9.546314657011349,130.34360266572597,217.77182287732458
2524,142.84217500179253,99.66219000000258,9.96331619603218,130.3436026656901,217.7690486953114
2525,142.84219989395058,99.66219000000258,9.955998111681046,130.34360266569868,217.76909738025984
2526,142.84279325042618,99.66219000000258,9.781556238315046,130.34360266571238,217.77025788798824
2527,142.84229394181034,99.6621900000026,9.92834882340435,130.34360266570081,217.76928132241054
2528,142.84207242856667,99.66219000000258,9.498640090595819,130.34360266569527,217.76884807625567
2529,142.842050296849,99.66219000000258,7.716135420274044,130.34360266569718,217.7688047901754
2530,142.503642430135,99.66219000000193,5.456568715474655,130.3436026660608,217.92231936133768
2531,-5.323795322063472,79.08292421565304,5.117819504966581,130.34360266601365,217.92231951907155
2532,-5.3237953308478705,73.63696306928969,5.117819504998078,130.34360266601382,217.92231951907158
2533,-5.323795334314551,73.63762043767937,5.117819505031414,130.34360266601394,217.92231951906967
2534,-5.3237953295515865,73.63762410973315,5.117819505064082,130.34360266601408,217.92231951907002
2535,-5.323795322020672,73.63827966412849,5.1178195050481445,130.34360266601377,217.92231951906936
2536,-5.323795327131793,73.63696328421963,5.1178195049746495,130.34360266601394,217.92231951906976
2537,-5.323795324383031,73.63696644768739,5.117819504876056,130.34360266601388,217.9223195190702
2538,-5.323795320268949,73.63696294984737,5.117819504819096,130.34360266601402,217.92231951907
2539,-5.323795332407604,73.6369634198299,5.117819504781423,130.34360266601377,217.92231951906976
2540,89.70779639414926,79.43271259105798,5.117819505005432,130.34360266601368,217.9223195121157
2541,142.84264988240423,99.66219000000257,5.910453351883218,130.34360266571238,217.76997748095948
2542,142.84311223144383,99.66219000000258,8.24134111916665,130.34360266572105,217.77088175971102
2543,142.8444724810162,99.66219000000258,9.135618474463675,130.34360266574976,217.77354218429255
2544,142.8448264185244,99.66219000000258,9.183821714045447,130.34360266575854,217.77423443054445
2545,142.8420806874837,99.66219000000252,9.991044463862885,130.3436026658563,217.76886422641635
2546,142.84206583525403,99.66219000000252,9.995410896947492,130.34360266585534,217.7688351778948
2547,142.84205022574116,99.66219000000252,10.003481619647141,130.34360266585423,217.76880465310788
2548,142.84205061679774,99.66219000000251,9.999885054533008,130.34360266586245,217.7688054128619
2549,142.84205332835762,99.66219000000251,9.999087893229444,130.34360266586492,217.7688107160922
2550,142.84206786298782,99.66219000000251,9.994814821378382,130.34360266586432,217.768839143488
2551,142.84216005394893,99.66219000000252,9.967711337064237,130.34360266585435,217.76901945441318
2552,142.84225918276098,99.66219000000252,9.938568268867662,130.34360266585767,217.76921333417872
2553,142.84260654893268,99.66219000000252,9.83644544235009,130.34360266587166,217.76989272560755
2554,142.84351148442747,99.66219000000252,8.656867210025819,130.34360266591472,217.7716626262401
2555,142.84321277914765,99.66219000000247,6.479875463203021,130.34360266592452,217.77107840682876
2556,89.70644905192987,99.6621899999965,5.11781950921561,130.34360266644188,217.92231950055665
2557,-5.3237953231309305,57.786027144783866,5.1178195054887405,130.3436026661138,217.9223195151268
2558,-5.323795332064091,57.7863341239449,5.158931178409095,130.34360266611375,217.92231951512505
2559,-5.32379532579537,57.78602779661972,5.131518008626942,130.34360266611364,217.92231951512665
2560,-5.323795321509372,57.786030163551814,5.117819505417624,130.34360266611424,217.9223195151265
2561,-5.3237953125168795,71.27082930407946,5.117819505269096,130.3436026661137,217.922319515126
2562,142.84262796002892,99.66219000000231,5.138267869545979,130.34360266599555,217.76993457862642
2563,142.8427431748999,99.66219000000252,7.284061409151984,130.34360266588524,217.7701599383999
2564,142.842767920329,99.66219000000252,9.122878380202117,130.34360266587797,217.77020833675374
2565,142.84292887649372,99.66219000000255,9.741683789942321,130.3436026658889,217.7705231454726
2566,142.843857433929,99.66219000000251,9.468695541420471,130.34360266593947,217.77233925156096
2567,142.84311223324863,99.66219000000251,9.687778449771518,130.3436026659073,217.77088176102666
2568,142.84351148440425,99.66219000000252,9.570401833642379,130.34360266591452,217.77166263113284
2569,142.8504169170008,99.66219000000244,7.540261681734553,130.34360266644546,217.78516852296192
2570,142.8508090354476,99.66219000000244,7.42498207169127,130.3436026664823,217.7859354422531
2571,142.85177123045298,99.66219000000243,7.142104589718605,130.3436026665889,217.7878173375978
2572,142.85342153829836,99.66219000000234,6.656927325528833,130.34360266685624,217.79104506837632
2573,142.852650003787,99.66219000000244,6.883752276251954,130.34360266669867,217.78953607386424
2574,142.85080903537624,99.6621900000025,7.424982071688034,130.34360266646058,217.78593544222247
2575,142.85280143302322,99.66219000000247,6.83923326955059,130.3436026667138,217.789832244596
2576,142.8522042902082,99.6621900000025,7.014788498907661,130.343602666622,217.7886643314179
2577,142.85650784670804,99.6621900000024,5.749559708638638,130.34360266748297,217.797081380496
2578,142.8537403481717,99.66219000000247,6.4109413027291655,130.3436026668522,217.79166860300728
2579,89.76542978134258,99.66218999999681,5.117819513480132,130.34360266660968,217.92231949983514
2580,89.73093937314711,72.15576897482774,5.117819507519372,130.3436026661221,217.92231949957596
2581,-5.323795325674427,56.35660330331314,5.225738113258187,130.34360266612262,217.92231951469518
2582,-5.323795330662126,56.357045748702596,5.310762272027567,130.343602666122,217.92231951469503
2583,-5.323795332363966,56.35704520744808,5.290087957791728,130.34360266612208,217.92231951469518
2584,-5.3237953255557535,56.35661871090986,5.145120462799812,130.3436026661227,217.9223195146937
2585,-5.323795315430232,56.356604484571804,5.117819505399745,130.343602666122,217.92231951469486
2586,142.84675921489227,99.66219000000225,5.299993474588645,130.34360266624904,217.77801465030345
2587,142.85080903545557,99.6621900000025,6.149833833092185,130.3436026664675,217.78593543680952
2588,142.84809755032535,99.66219000000251,8.203100834499882,130.3436026662025,217.78063221785223
2589,142.85054628759676,99.66219000000254,7.502227741993177,130.3436026664132,217.78542155084028
2590,142.8501621082319,99.66219000000251,7.615173315815775,130.34360266637114,217.7846701591302
2591,142.8526500037593,99.6621900000025,6.883752276253828,130.34360266668864,217.78953607385455
2592,142.85148947771594,99.66219000000247,7.224937595223407,130.343602666548,217.7872662755879
2593,142.51685295262547,99.66219000000245,9.271186217553867,130.3436026663999,217.92231889728956
2594,142.51563974477384,99.66219000000245,9.336416995476034,130.34360266639635,217.92231901098273
2595,142.5105894976119,99.66219000000245,9.615983626119245,130.3436026663874,217.92231903951193
2596,142.51039285349077,99.66219000000245,9.626849437621228,130.3436026663843,217.92231904187787
2597,142.51325897591278,99.66219000000245,9.468695504084433,130.34360266638294,217.9223190009671
2598,142.51506237439185,99.6621900000025,9.367513468868037,130.34360266633138,217.92231931012702
2599,142.51302974252738,99.6621900000025,9.482204156781075,130.34360266632686,217.9223190346358
2600,142.51120654466806,99.66219000000251,9.58211504245961,130.34360266629565,217.92231907452373
2601,142.51271970453377,99.66219000000251,9.495482997198291,130.3436026662952,217.92231888175786
2602,142.5138349066134,99.66219000000251,9.440981580216999,130.3436026662958,217.9223195189488
2603,142.51474799358942,99.6621900000025,9.116250532388417,130.34360266633007,217.92231911539363
2604,142.50878722315863,99.66219000000245,8.212054762034988,130.3436026663973,217.92231909691608
2605,142.50648976256133,99.66219000000244,6.987773747323236,130.34360266644288,217.92231912544037
2606,142.50895125421476,99.66219000000237,5.785982539861286,130.34360266650233,217.92231910812865
2607,142.50453542459235,99.66219000000238,5.964308666134103,130.34360266648392,217.92231914766558
2608,142.50487452278665,99.66219000000245,7.60996643958529,130.34360266642975,217.92231913695926
2609,142.5055289216118,99.66219000000245,8.601514408891024,130.3436026663838,217.92231912731387
2610,142.5044385640748,99.66219000000252,9.385037301494542,130.34360266626356,217.92231913388994
2611,145.7336541646166,99.6621900000032,9.899295416732423,130.343602667986,217.86061017777794
2612,145.73674753311576,99.66219000000557,9.913037531993972,130.3436026730294,217.86110795875024
2613,145.73910074138072,99.662190000003,9.86557411643353,130.343602667344,217.8614866553455
2614,142.50600548238103,99.6621900000026,9.870953159841907,130.3436026661781,217.92231907792473
2615,142.50552758663,99.66219000000252,9.895693887126784,130.3436026662653,217.92231909297413
2616,142.50607365264878,99.6621900000025,9.865574116375452,130.34360266632748,217.92231908806792
2617,-5.323795322386202,23.11153181979433,5.309601798799141,130.3436026662266,217.92231949466085
2618,-5.323795315338514,22.763691064714987,5.235575375383825,130.34360266622664,217.92231949466046
2619,-5.323795313810046,22.76382997692696,5.144126759726,130.34360266622656,217.92231949466324
2620,85.37201686739067,62.48351530086774,5.117819509293672,130.34360266622724,217.92231945211756
2621,89.80563698893543,64.79253555728863,5.117819513356114,130.3436026662266,217.92231944598592
2622,142.59731534709454,99.6621899999991,5.117819526803806,130.3436026850178,217.9222622697508
2623,142.59844391252554,99.66219000000135,5.117819522361764,130.34360267444066,217.9222614856311
2624,142.85824104646076,99.66219000000224,5.275276094795012,130.3436026705447,217.80047121359564
2625,142.6008692752219,99.66219000000156,5.1178195143672,130.3436026726565,217.92214730702236
2626,142.6102330017724,99.66218999999666,5.117819510310064,130.34360266876953,217.92225248234422
2627,89.81165269556428,64.7925353145378,5.117819509622287,130.34360266622647,217.9223194457736
2628,89.80099063129411,64.79253504809327,5.1178195078345725,130.34360266622647,217.92231944570827
2629,85.33461112912661,62.48351536878338,5.1178195074247474,130.3436026662268,217.92231945189204
2630,-5.323795316429517,22.763730059119798,5.11781950698268,130.3436026662267,217.92231949466063
2631,-5.323795324234262,22.763821420978772,5.117819506957668,130.34360266622633,217.92231949465946
2632,-5.323795198127275,62.48351923969743,5.1178195066838725,130.3436026662272,217.92231949465747
2633,89.78184511319418,64.79253520205448,5.117819507521654,130.34360266622636,217.9223194455621
2634,142.5460609521688,99.66219000000238,6.567213007021048,130.34360266824163,217.9222910797823
2635,142.53743439677953,99.66219000000247,8.052997455207365,130.3436026680495,217.9222941963723
2636,142.53686693319108,99.66219000000245,8.1604815255428,130.3436026681182,217.92229386348774
2637,142.54740073498238,99.66219000000243,7.577913843572338,130.3436026682226,217.92228980894055
2638,142.55765727972636,99.6621900000024,7.014786146468734,130.34360266825462,217.92228585478242
2639,142.55377416602883,99.66219000000238,7.224936072277727,130.34360266821463,217.922287057115
2640,142.5561264760969,99.66219000000237,6.794293310720089,130.34360266828062,217.92200165378384
2641,-5.323795329119694,33.172637551874374,5.637523853211039,130.34360266623278,217.92231950351697
2642,-5.323795320802112,33.17263737754575,5.573796174566535,130.34360266623173,217.92231950351692
2643,-5.323795323448395,33.17263742603644,5.479110326132351,130.34360266623295,217.92231950351632
2644,-5.323795322920886,33.17263731141806,5.366015574105623,130.34360266623167,217.92231950351692
2645,-5.323795316489305,33.17263738069262,5.213074055546596,130.343602666232,217.92231950351672
2646,-5.323795304435982,33.17263684537842,5.117819506680244,130.34360266623287,217.9223195035166
2647,-5.32379528047279,33.172637135082525,5.117819506447837,130.34360266623304,217.9223195035163
2648,-5.3237933532345005,33.172637259582714,5.1178195063215135,130.3436026662314,217.92231950348653
2649,85.39151763583669,33.172637615480944,5.117819506334054,130.3436026662314,217.9223194727251
2650,-5.323794646739682,33.172636978256946,5.117819506321629,130.3436026662319,217.92231950350728
2651,-5.323795292703751,33.17263734667502,5.117819506461092,130.34360266623293,217.92231950351766
2652,-5.323795315505025,33.17263781873647,5.117819506719371,130.34360266623176,217.92231950351814
2653,-5.3237953280728565,33.17278887840839,5.2299753372115285,130.34360266623148,217.92231950351834
2654,-5.323795329386708,33.17279222314212,5.302728213307737,130.34360266623162,217.92231950351814
2655,-5.3237953244706135,33.17263806131908,5.246501696048446,130.34360266623293,217.92231950351822
2656,-5.32379532526849,33.17263762126649,5.117819506769114,130.3436026662314,217.92231950351845
2657,-5.323795326473751,33.17263826758649,5.117819506340877,130.34360266623287,217.9223195035182
2658,-5.323795303535622,33.17278984870145,5.11781950601008,130.34360266623304,217.92231950351803
2659,85.39151770716401,64.27848062922547,5.117819506279721,130.34360266623153,217.92231947276338
2660,89.83487526416414,66.3597499318033,5.117819506330574,130.34360266623148,217.9223194679963
2661,85.39151763573707,64.2784801742124,5.1178195063287895,130.34360266623182,217.92231947272504
2662,85.39151763561144,64.2784801948826,5.117819506329423,130.3436026662318,217.92231947272504
2663,-5.323795268145135,33.17263740300533,5.1178195063986065,130.3436026662328,217.9223195035158
2664,-5.3237953251728465,33.17263631704427,5.2168292346777365,130.34360266623176,217.92231950351677
2665,142.53102824881475,99.66219000000237,8.482570682566154,130.34360266875407,217.92228602626582
2666,142.53102824891565,99.66219000000237,8.482570682566134,130.34360266873304,217.92228602630337
2667,142.5286232262443,99.66219000000238,8.61559613800966,130.34360266869572,217.92228704311256
2668,142.53685143134533,99.66219000000237,8.160481386467062,130.34360266872943,217.92228348518074
2669,142.53915753843117,99.66219000000237,8.03292826517869,130.34360266871155,217.92228243689323
2670,142.55014862748502,99.66219000000237,7.4249805350110405,130.34360266876274,217.92227707976917
2671,142.54281277519914,99.66219000000238,7.830750635138366,130.34360266872199,217.92228072909157
2672,142.54281277538817,99.66219000000238,7.830750635138555,130.34360266868254,217.92228072915051
2673,142.55914110835894,99.66219000000237,6.927843408024362,130.3436026687514,217.92227222927286
2674,142.8565078652615,99.66219000000233,5.74948891464362,130.34360266977973,217.7970813761551
2675,142.85947021940987,99.66219000000208,5.117819537458483,130.34360267172096,217.80287526598298
2676,142.85669404157795,99.66219000000224,5.440560690196132,130.3436026698806,217.79744547632237
2677,142.58444306877362,99.66219,5.117819523949009,130.34360268477027,217.9222570036518
2678,89.79985181550559,64.32971060853278,5.117819508909158,130.34360266620646,217.92231943549754
2679,142.58142475317075,99.66218999999941,5.117819528127368,130.34360268456663,217.9222591514967
2680,85.35424360518846,61.86862562402936,5.117819506924248,130.3436026662069,217.92231944175487
2681,85.378410796451,61.8686255923467,5.117819506526086,130.3436026662075,217.92231944196968
2682,142.85905381899772,99.66219000000217,5.11781951236279,130.34360267139684,217.80206083994355
2683,142.85864410801753,99.66219000000234,5.156440327419809,130.34360267107851,217.80125951919723
2684,142.86142821352686,99.66219000000228,5.117819512649109,130.3436026739978,217.8067047942671
2685,142.63341143019366,99.6621899999212,5.117819507249835,130.3436026662464,217.9222111377645
2686,142.85968092955065,99.66219000000228,5.117819529265277,130.34360267193355,217.80328738938866
2687,89.82840432849935,64.32971195403005,5.117819507792439,130.3436026662067,217.92231943605844
2688,85.3915175897019,61.86862588945181,5.117819507263677,130.34360266620737,217.9223194423805
2689,201.82309140094517,144.03819000000237,9.495478505319946,185.93931203905407,308.1949978581639
2690,201.82033345820253,144.0381900000024,9.647959531786588,185.93931203910412,308.19499808782246
2691,201.8330254000002,144.03819000000237,8.94624573481965,185.93931203907974,308.19499692946306
2692,201.8304301407371,144.03819000000237,9.08972853054022,185.93931203905868,308.19499718130163
2693,201.82872840539397,144.0381900000024,9.183815659618423,185.9393120391044,308.1949973457727
2694,201.8330254110816,144.0381900000024,8.946245734819948,185.93931203910623,308.1949969294514
2695,201.8409158792965,144.03819000000237,8.471755503646534,185.93931203905518,308.1949964758087
2696,201.83900829745704,144.03819000000237,7.968486743712791,185.93931203907647,308.19499664292266
2697,201.82872902450453,144.03819000000237,7.5851423195338095,185.9393120390727,308.1949976617256
2698,201.83043059406648,144.03819000000237,7.366563466272454,185.93931203911634,308.19499746549377
2699,-5.737709819389378,86.14098673645816,5.094368055192804,185.93931203833944,308.195005425794
2700,85.32725386602667,86.14098670749408,5.107312999676909,185.93931203833918,308.195005399595
2701,89.73093958708138,144.03818999999763,5.587627719031716,185.93931204318883,308.19500539661624
2702,-5.8483320065044895,66.54757026421115,5.32876214601624,185.93931203833796,308.1950054258736
2703,89.73822835838851,87.75227492042461,5.282477552694104,185.93931203833867,308.19500539673277
2704,89.74172885021598,87.75214235648522,5.094368065750043,185.9393120383387,308.1950053967912
2705,-5.848331961378038,66.54847467155298,5.094368054865889,185.93931203833856,308.1950054258729
2706,85.30888648453067,86.14121712504716,5.09436805454659,185.93931203833978,308.19500539933836
2707,201.85195773005248,144.03819000000206,5.09436806858321,185.93931204021487,308.1949949994914
2708,85.30888648439532,86.14121824822317,5.094368054238856,185.93931203833907,308.19500539934666
2709,201.84396856093466,144.03819000000217,5.094368101327035,185.9393120398437,308.1949962846628
2710,201.82840323399097,144.03819000000237,7.3717621958640445,185.93931203907675,308.1949976631178
2711,201.83188277144546,144.03819000000237,8.552673771121858,185.93931203904748,308.19499733779656
2712,201.8380854518008,144.03819000000237,8.666540387065389,185.93931203912211,308.1949964343851
2713,202.15200062872023,144.03819000000254,9.86005108586625,185.93931203774665,308.04290412429367
2714,202.1520199170967,144.03819000000254,9.854377594709652,185.9393120377467,308.04294187497254
2715,202.15306725112524,144.03819000000254,9.546314200057104,185.9393120377753,308.0449916889264
2716,202.15164955598695,144.03819000000254,9.963315805851035,185.93931203773758,308.04221701418857
2717,202.15167443554517,144.03819000000257,9.955997720512588,185.93931203773775,308.0422657077877
2718,202.15226749185328,144.03819000000257,9.781555821804155,185.93931203775273,308.0434264216279
2719,202.15176843582086,144.03819000000257,9.928348428454838,185.93931203773903,308.0424496826041
2720,202.15154703428925,144.03819000000257,9.498639617889946,185.93931203773403,308.042016357118
2721,202.15152491386394,144.03819000000254,7.682809589377421,185.93931203773565,308.04197306370367
2722,201.81398730729575,144.03819000000183,5.522559209402968,185.93931203814446,308.19500529583024
2723,-5.848331994937742,118.29031329171126,5.094368053285346,185.93931203809785,308.19500545651863
2724,-5.848331999924803,116.27622903829281,5.094368053299919,185.93931203809856,308.19500545651914
2725,-5.848331982233802,116.2763898635628,5.094368053344891,185.93931203809782,308.1950054565159
2726,-5.84833200718063,116.27614306231162,5.094368053411448,185.9393120380978,308.19500545651664
2727,-5.84833201405429,116.27616009406464,5.094368053364291,185.9393120380978,308.19500545651607
2728,-5.848332016952231,116.2761571218768,5.094368053295787,185.9393120380986,308.1950054565162
2729,-5.848331996075522,116.27623287358813,5.094368053166342,185.93931203809828,308.1950054565163
2730,-5.848331983751447,116.27623203035637,5.094368053107778,185.93931203809848,308.1950054565165
2731,-5.848331987195806,116.27622844623494,5.094368053060349,185.93931203809817,308.1950054565158
2732,89.70779645655205,118.44102097642654,5.094368053300897,185.93931203809854,308.19500545021094
2733,202.15212419597935,144.03819000000254,6.096193984620286,185.9393120377519,308.0431459627878
2734,202.15258631116896,144.03819000000257,8.241339407121455,185.939312037767,308.0440504016704
2735,202.1539458726175,144.03819000000257,9.13561791284236,185.93931203780122,308.0467112988551
2736,202.15429963143433,144.03819000000254,9.1838211703667,185.93931203781162,308.0474036704504
2737,202.151555289158,144.03819000000246,9.991043690785924,185.93931203792255,308.0420325107049
2738,202.15154044443705,144.03819000000246,9.99541012529614,185.93931203792064,308.0420034570179
2739,202.15152484369474,144.0381900000025,10.879977678338038,185.9393120379303,308.04197293129323
2740,202.15152523352586,144.03819000000252,9.999884282951674,185.93931203791746,308.04197368673346
2741,202.1515279435865,144.03819000000252,9.999087122450776,185.9393120379174,308.04197899076854
2742,202.1515424708691,144.03819000000252,9.994814049538912,185.93931203791809,308.04200742319745
2743,202.1516346154809,144.03819000000254,9.967710555997876,185.9393120379212,308.04218776625885
2744,202.15173369413748,144.03819000000252,9.93856747755026,185.93931203792462,308.04238168045134
2745,202.15208088458252,144.03819000000252,9.836444612817584,185.93931203793954,308.0430611925194
2746,202.1529853616392,144.03819000000246,8.656864393002115,185.939312037987,308.0448314028296
2747,202.15268680712498,144.03819000000246,6.598066493762554,185.93931203798252,308.0442470807431
2748,89.70644916760057,144.03818999999652,5.094368058672722,185.93931203858236,308.1950054356182
2749,-5.848331983128135,97.39863806566001,5.094368053909528,185.93931203820986,308.19500544826525
2750,-5.84833201684886,97.39838680879171,5.146241464046782,185.93931203820978,308.19500544826514
2751,-5.848332013426716,97.39838393746368,5.111599114657483,185.9393120382101,308.19500544826514
2752,-5.8483319701670995,97.39862638306904,5.094368053736881,185.93931203821055,308.1950054482649
2753,-5.848331900881693,104.76441013332007,5.094368053639674,185.93931203820867,308.19500544826417
2754,202.15210227992017,144.0381900000023,5.1202267110279,185.93931203806466,308.04310304810514
2755,202.15221744067904,144.03819000000246,7.2983706792679985,185.9393120379544,308.04332844915035
2756,202.15224217371548,144.03819000000252,9.122876716850893,185.93931203794654,308.0433768552003
2757,202.15240304900826,144.03819000000254,9.741682921396258,185.93931203795407,308.04369172430194
2758,202.1533311366234,144.03819000000252,9.468694450797175,185.93931203800005,308.0455081528658
2759,202.1525863128766,144.03819000000252,9.687777552416112,185.93931203796475,308.0440504034804
2760,202.15298536236426,144.0381900000025,9.570400849912373,185.93931203799707,308.04483141240024
2761,202.1598873014299,144.0381900000024,7.540251101803406,185.93931203856872,308.0583397023136
2762,202.1602792215147,144.0381900000024,7.424969872416159,185.93931203861223,308.059106757783
2763,202.1612409297565,144.0381900000024,7.142087177412319,185.93931203873709,308.0609889872843
2764,202.16289040271798,144.0381900000023,6.656894839901258,185.93931203903384,308.0642172912101
2765,202.16211925851596,144.0381900000024,6.8837281295657915,185.9393120388585,308.06270802873263
2766,202.16027922147225,144.0381900000024,7.424969872391636,185.9393120386025,308.059106757763
2767,202.16227061114057,144.0381900000024,6.839207700587478,185.93931203887377,308.06300425205006
2768,202.1616737704433,144.0381900000024,7.014768065740964,185.93931203877955,308.0618361315031
2769,202.1659751497938,144.03819000000232,5.763660720002502,185.9393120397226,308.0702546766458
2770,202.16320905051754,144.0381900000024,6.410895683058551,185.93931203902747,308.0648409312309
2771,89.76542989338161,144.03818999999677,5.094368064342579,185.93931203876136,308.1950054347311
2772,89.73093948813175,104.43237984135605,5.094368056442346,185.9393120382197,308.19500543433134
2773,-5.848331980221129,95.64552032089539,5.230658347970972,185.93931203821901,308.1950054473535
2774,-5.8483319956646715,95.6453130717496,5.338094262680253,185.93931203821896,308.1950054473533
2775,-5.848332012422239,95.64531561010064,5.311970348102134,185.9393120382195,308.1950054473528
2776,-5.848331988983414,95.64571374016235,5.128788698161735,185.9393120382192,308.19500544735337
2777,-5.848331942810874,95.64571550269916,5.094368053772193,185.9393120382187,308.1950054473532
2778,202.15623144903037,144.0381900000022,5.324794997729247,185.93931203835737,308.05118455586603
2779,202.16027922072664,144.0381900000024,6.179952297368189,185.9393120386002,308.05910674920705
2780,202.1575691075342,144.03819000000246,8.20309601191525,185.93931203832403,308.0538025869141
2781,202.16001660665378,144.03819000000246,7.502216654990466,185.93931203855954,308.05859277514924
2782,202.1596326216554,144.03819000000246,7.615163662770447,185.93931203852037,308.05784125001674
2783,202.1621192584863,144.0381900000024,6.883728129546511,185.93931203884313,308.06270802872274
2784,202.16095931953546,144.0381900000024,7.224921916495985,185.93931203868001,308.0604378274155
2785,201.82710120432168,144.0381900000025,9.271182641820342,185.93931203849414,308.1950026472612
2786,201.82600685775742,144.0381900000025,9.336413639792653,185.93931203849178,308.19500257960846
2787,201.82092494175595,144.0381900000025,9.615981067262096,185.93931203848513,308.19500303652717
2788,201.8207290542819,144.0381900000025,9.626846905519509,185.93931203848342,308.19500304978686
2789,201.82358213115947,144.0381900000025,9.468692552687974,185.9393120384827,308.19500283916483
2790,201.8254493060075,144.0381900000025,9.367510213079047,185.9393120384805,308.1950026564891
2791,201.82334672950364,144.0381900000025,9.482201243829746,185.93931203848558,308.1950028529635
2792,201.82152956741325,144.03819000000252,9.582112398347236,185.9393120384157,308.1950030263321
2793,201.8231076897674,144.03819000000252,9.49548012151187,185.93931203841734,308.1950027359199
2794,201.82404255125167,144.03819000000252,9.440978548419308,185.9393120384187,308.1950030009828
2795,201.82517548942502,144.0381900000025,9.116246269483906,185.93931203848035,308.1950030169574
2796,201.8191260867098,144.0381900000025,8.212043361335862,185.93931203849243,308.19500345075625
2797,201.81682934853677,144.03819000000246,7.046494084894196,185.93931203851997,308.19500359725276
2798,201.8192904540714,144.03819000000237,5.938876762213532,185.93931203872296,308.1950034863706
2799,201.81487524199244,144.0381900000024,6.164280833361178,185.93931203864102,308.19500375344165
2800,201.81521435542558,144.0381900000025,7.587205537242473,185.9393120385216,308.19500368076035
2801,201.81586878306064,144.0381900000025,8.60150684164429,185.93931203848365,308.19500364929354
2802,201.81477813432403,144.03819000000252,9.385033955860562,185.93931203840822,308.1950036977163
2803,210.0213182748424,144.03819000000323,9.899293436272806,185.93931204023474,308.13274357580246
2804,210.03172459656764,144.03819000000553,9.913035610141169,185.93931204593798,308.1332382874446
2805,210.03964046808213,144.03819000000297,9.8655721048853,185.93931203957098,308.1336146399616
2806,201.81630874085207,144.03819000000257,9.870951159348657,185.93931203829365,308.195003376675
2807,201.81586736095625,144.03819000000252,9.895691933696735,185.93931203841538,308.19500336433424
2808,201.81641257145054,144.0381900000025,9.865572105516764,185.93931203848703,308.19500333191695
2809,-5.8483319371567735,52.10837676174635,5.336627896869395,185.93931203833884,308.1950054061033
2810,-5.848331825919275,52.10837579888738,5.243088641381409,185.93931203833858,308.19500540610665
2811,-5.848331865766204,52.1083767724794,5.127532943621454,185.93931203833847,308.1950054061026
2812,85.37201699628348,78.85511027897752,5.094368058517936,185.939312038336,308.1950053690842
2813,89.8056371080144,81.04943775131655,5.094368063615758,185.93931203833552,308.19500536557365
2814,201.90765085732355,144.03818999999905,5.094368081338997,185.93931205922635,308.1949327480401
2815,201.90877979654204,144.03819000000132,5.094368075326528,185.9393120478804,308.1949319642323
2816,202.1677074741805,144.0381900000022,5.29509156950261,185.93931204314606,308.0736451060191
2817,201.91364710929275,144.03819000000152,5.094368064886791,185.9393120457716,308.194934102222
2818,201.92057072741915,144.0381899999966,5.094368059775428,185.9393120411648,308.19492245807834
2819,89.8116530091868,81.04932939261666,5.094368058930151,185.93931203833867,308.19500536482724
2820,89.80099094521643,81.0494224342856,5.094368056769346,185.93931203833867,308.19500536472844
2821,85.33461146566337,78.85501875642318,5.094368056249117,185.93931203833856,308.19500536793447
2822,-5.848331845604496,52.10826159456876,5.094368055731605,185.9393120383351,308.1950054060669
2823,-5.848331927689663,52.10837673303771,5.09436805568913,185.93931203833532,308.19500540606396
2824,-5.848331304138958,136.44384027632032,5.094368055319551,185.93931203833847,308.1950054060554
2825,89.78184543230839,81.04938517839436,5.094368056368848,185.93931203833887,308.1950053645288
2826,201.85639508167625,144.03819000000232,6.555574914232635,185.9393120407417,308.1949653556128
2827,201.84777009722958,144.03819000000237,8.052967087055576,185.9393120406457,308.19496969410534
2828,201.8472019706278,144.03819000000237,8.16045402008281,185.9393120406317,308.19496883132535
2829,201.85773495745403,144.03819000000237,7.577868629602496,185.9393120406332,308.1949639295326
2830,201.86790590937093,144.03819000000234,7.014712674122792,185.93931204077646,308.1949586815423
2831,201.86411659635422,144.03819000000234,7.2248746157618795,185.93931204081713,308.19496070748284
2832,201.872007653448,144.0381900000023,6.794205245948276,185.93931204083708,308.19495698571035
2833,-5.84833199476724,65.10541860172387,5.750884571591097,185.93931203834083,308.1950054238899
2834,-5.848331987402702,65.10541815710286,5.670393609546154,185.9393120383404,308.19500542388965
2835,-5.848331976249888,65.10541773774504,5.550784919467068,185.93931203834165,308.19500542388965
2836,-5.848331969743352,65.10509359665728,5.407906512458959,185.93931203834072,308.19500542388965
2837,-5.848331956499095,65.10509470851453,5.214656135763868,185.93931203834137,308.1950054238896
2838,-5.848331911161222,65.10503929020749,5.094368055359817,185.93931203834077,308.19500542388926
2839,-5.848331774173828,65.10509507841132,5.094368055038454,185.93931203834052,308.19500542388784
2840,-5.848251792151603,65.10545414622834,5.094368054935121,185.9393120383412,308.1950054237932
2841,85.39151773066818,65.10475465303372,5.094368054936808,185.93931203834092,308.19500539798554
2842,-5.848326216057133,65.10509396148522,5.094368054955559,185.939312038341,308.19500542386004
2843,-5.848331810079532,65.10494709737786,5.094368055053926,185.93931203834236,308.1950054239009
2844,-5.848331945377826,65.1050383257852,5.094368055372796,185.93931203834128,308.1950054239019
2845,-5.84833198914012,65.10494745121773,5.236012473547119,185.9393120383419,308.1950054239025
2846,-5.848332004901482,65.10494701385365,5.327942483836486,185.93931203834094,308.19500542390256
2847,-5.848331997934751,65.10494664347132,5.256895061571824,185.93931203834103,308.1950054239025
2848,-5.848331997523367,65.10545377570425,5.09436805545528,185.9393120383407,308.1950054239024
2849,-5.848331981405095,65.1047592829482,5.094368054941641,185.9393120383408,308.1950054239023
2850,-5.848331868535815,65.10545303198872,5.094368054495858,185.93931203834038,308.19500542390125
2851,85.39151794856683,85.42616511254089,5.094368054869554,185.93931203834094,308.1950053974567
2852,89.83487535515324,86.25423503235034,5.0943680549563455,185.93931203834094,308.19500539543003
2853,85.39151773145795,85.42622282958177,5.094368054967276,185.93931203834083,308.1950053979857
2854,85.39151773054776,85.42624859486945,5.094368054953951,185.93931203834177,308.1950053979856
2855,-5.848331683661578,65.10509489398554,5.094368055008333,185.93931203834097,308.195005423887
2856,-5.848331961909878,65.10509552010072,5.219401153073913,185.939312038341,308.1950054238896
2857,201.84136219602271,144.03819000000234,8.48254587048894,185.93931204123066,308.1949593918794
2858,201.84136219577582,144.03819000000234,8.482545870490876,185.9393120412751,308.19495939179194
2859,201.83895707493255,144.03819000000234,8.615573878191752,185.93931204124098,308.19496059305175
2860,201.8471856025071,144.03819000000234,8.16044908571102,185.93931204126713,308.19495641041345
2861,201.84949167527117,144.03819000000234,8.032892400650317,185.93931204125053,308.19495517709055
2862,201.86048189954832,144.03819000000234,7.424921478142607,185.93931204125758,308.19494888974367
2863,201.8531467556905,144.03819000000237,7.830708315315314,185.9393120411114,308.19495317153564
2864,201.85314675550865,144.03819000000237,7.830708315311358,185.93931204113537,308.19495317149693
2865,201.8694668183521,144.03819000000234,6.927755257383195,185.93931204122674,308.1949432564842
2866,202.16597516830242,144.0381900000023,5.763785994334041,185.93931204225862,308.07025466709166
2867,202.1689360233055,144.03819000000206,5.094368096001969,185.9393120444367,308.0760495834772
2868,202.16616125693602,144.0381900000022,5.49336750085532,185.93931204238206,308.07061882229516
2869,201.89477573230295,144.03819000000001,5.094368077326711,185.9393120587388,308.1949257331598
2870,89.7998521652212,78.73877282599024,5.094368058054112,185.9393120383171,308.1950053522712
2871,201.89175733827173,144.0381899999994,5.094368082962541,185.9393120587314,308.1949281377469
2872,85.35424397989587,76.40071006630346,5.094368055639827,185.93931203831747,308.1950053561103
2873,85.37841116743232,76.40087669486356,5.0943680551315715,185.93931203831542,308.19500535633927
2874,202.16851983261154,144.03819000000215,5.094368062347121,185.93931204404205,308.07523500055186
2875,202.16811032713946,144.03819000000232,5.152249408159443,185.93931204369042,308.07443353634363
2876,202.17089302660705,144.03819000000223,5.094368062690762,185.93931204693664,308.07987979119525
2877,201.94375515749812,144.03818999992114,5.094368056077595,185.93931203836078,308.1948780087083
2878,202.1691466266481,144.03819000000223,5.094368084516355,185.93931204466458,308.07646177960623
2879,89.82840446290406,78.73887127499586,5.09436805668568,185.93931203831744,308.1950053534293
2880,85.39151773045597,76.40085764131912,5.0943680560440034,185.939312038317,308.1950053573047
