Agent,Type,Total_Quantity,Welfare_Contribution
Cons_Elec_01,PowerCons,805.5922847193932,1.693532009061807e7
Gen_Conv_01,PowerGen,0.0,-0.0
Gen_VRES_01,PowerGen,1361.6139846641577,-0.0
Prod_H2_Green,H2Prod,370.68113329650976,-51826.07567924147
Offtaker_Green,Offtaker,370.68113329650976,-120927.50991823009
Offtaker_Grey,Offtaker,107.19119450332433,-558562.2620535716
Offtaker_Import,Offtaker,1.6593885758342248e-10,-1.160335099586146e-5
Demand_GC_Elec_01,GC_Demand,201.3980711633488,163958.75075033572
