Agent,Type,Total_Quantity,Objective_Value
Cons_Elec_01,PowerCons,5365.200001004245,-1.1151240558480252e8
Gen_Conv_01,PowerGen,4996.577765681236,5.413265339362919e-10
Gen_VRES_01,PowerGen,6294.303452068738,3.725290298461914e-9
Prod_H2_Green,H2Prod,3950.454144497151,5.122274160385132e-9
Offtaker_Green,Offtaker,2962.840608372864,-2.7939677238464355e-9
Offtaker_Grey,Offtaker,3949.1593916271336,6.384652806445956e-10
Offtaker_Import,Offtaker,0.0,0.0
Demand_GC_Elec_01,GC_Demand,502.7421350622748,749370.9125192587
