AgentID,Group,Type,YearIndex,Capacity_MW,Investment_MW
Gen_VRES_01,power,VRES,1,157.24137930836181,57.241379308361815
Prod_H2_Green,H2,H2Prod,1,40.00000000001357,1.3571366253017914e-11
Offtaker_Green,offtaker,GreenOfftaker,1,30.000000000032934,3.2933655802480644e-11
