iter,elec_primal,elec_dual,H2_primal,H2_dual,elec_GC_primal,elec_GC_dual,H2_GC_primal,H2_GC_dual,EP_primal,EP_dual,cap_primal,cap_dual,cap_primal_Gen_VRES_Solar,cap_dual_Gen_VRES_Solar,cap_primal_Gen_VRES_Wind,cap_dual_Gen_VRES_Wind,cap_primal_GreenH2_Coalition,cap_dual_GreenH2_Coalition
1,20.791328914891594,Inf,0.0,Inf,14.368286809922905,Inf,3.1461448723185783,Inf,8.743601567029835,Inf,0.964991331635227,Inf,1.0153598850592971e-8,Inf,0.830209531741275,Inf,0.491894707775009,Inf
2,22.6240411206651,26.073149800547842,0.0,0.0,8.193021484737073,7.237976999574441,8.004694023350813,1.4242788689781978,5.9642934786162645,36.070947739784806,0.8043668750707733,0.09187505243591552,1.0913936421275139e-10,1.004445948638022e-9,0.7074674891900941,0.08302095318558714,0.3827477255976646,0.03935157674425227
3,24.468908516010263,32.454831000451364,0.0,0.0,9.548391686429923,7.34805950319686,14.127487109526262,2.6111567668203053,4.434583980540018,43.566265862090475,0.8036586784238614,0.08094318997719697,1.2005330063402653e-10,3.637978807091713e-13,0.7153383254262735,0.07428408636725181,0.36627633227158185,0.03215080895198867
4,29.34949885470236,29.693065570801853,0.0,0.0,12.408022858137967,7.462004534632215,17.635954405916998,2.4234780400315357,6.320648092437516,33.729318792678214,0.899682404132163,0.08522619286275597,4.3655745685100555e-11,3.819877747446299e-13,0.8046494167501805,0.07886605054489838,0.40245216414950846,0.03230557260488059
5,29.034170574073507,24.661490125833225,0.0,0.0,12.450653989054201,7.880683740133627,19.347648432831782,2.665421392731276,5.671107621432023,22.879053775041665,0.9269593414157964,0.10032809639736628,1.0550138540565968e-10,3.2086973078548912e-12,0.8378640266437287,0.09314822815750091,0.3965318316281355,0.03727109493746296
6,27.089615991737723,22.27222250219997,0.0,0.0,11.41308957959579,8.774230434371917,20.92684666655072,3.624660931295587,6.582614431020304,19.679414720239166,0.8855283972160372,0.1088979724481355,1.418811734765768e-10,1.2634245649678636e-12,0.8115337301387626,0.1018428961354002,0.35436358041292804,0.038558953695205046
7,24.020633186486872,23.00842301327365,0.0,0.0,10.256919865131731,9.464447573439752,23.124879911181,4.837192447850178,6.560193520099821,21.766295104622134,0.7861952192460294,0.10971227399743004,8.36735125631094e-11,3.0953901841712656e-12,0.727598886598571,0.10357455371786707,0.29783012437601425,0.036181416332584745
8,18.564694336254465,26.758707336300738,0.0,0.0,9.904736779890293,9.763989946242894,25.10390972732298,5.2997848606850475,5.759500001745766,23.698772085085245,0.7527230908243998,0.10260004681327597,7.275957614183426e-11,9.286170552513798e-13,0.6994838838199939,0.09750520960762878,0.278054576902332,0.03192966810755787
9,14.824602555519483,28.16285682485457,0.0,0.0,9.215412420596694,9.919583939418406,26.496545396500537,5.19765918100413,5.394327634566443,23.496029738037308,0.7946981448856666,0.10328144772473913,1.6007106751203537e-10,9.750479080139489e-13,0.7399496260404703,0.09842440690660113,0.2898615055630671,0.03130005701595173
10,14.349619709386902,26.835893439802447,0.0,0.0,8.13557887634884,10.014484821309013,27.620583413871525,5.282439437295216,5.272552335234103,22.72050514711245,0.8483644393917478,0.11456693421832705,2.9103830456733704e-11,3.071400910243939e-12,0.7910489290170517,0.1093242604668473,0.3065351756739346,0.03426059674850112
11,14.56337573147868,24.685472098059385,0.0,0.0,7.60772837621073,9.96318389126277,28.68892710386045,5.761100833293281,5.256352914137433,22.69385744677051,0.9009162128097996,0.12847913054884288,7.275957614183426e-12,7.52493223009765e-12,0.8419920893393282,0.12271765238376012,0.3204673836657093,0.03804293337803002
12,15.57588330408385,23.39036829671034,0.0,0.0,7.224977032398985,9.829357646250488,29.75310481169766,6.478639026943341,5.2404912062089775,23.867083528064978,0.9371770721013175,0.14336847867930277,8.585629984736443e-10,3.2249709557561365e-12,0.8767322775547655,0.13715163981049988,0.33112139460631623,0.04176060794706658
13,17.253842858732046,23.47815221659487,0.0,0.0,6.638001947249539,9.572977837389809,30.616317554502913,6.963507168600497,5.404938369983702,25.366208107828882,0.9656944723673727,0.15664598168015512,8.731149137020111e-11,0.0,0.9030571146922739,0.1499509720960427,0.34213105904691476,0.04530639628122411
14,18.390602814635503,24.476282440164173,0.0,0.0,6.040295650777893,9.216975392719764,31.25774140232525,7.2656041954830695,5.750641762450783,26.661781517608873,1.001041999825238,0.16946133612549613,8.36735125631094e-11,0.0,0.9360389443500026,0.16217608322937452,0.35484669939883134,0.04915345837087532
15,19.062653249989197,25.135847497456865,0.0,0.0,5.057957900725421,8.877945609091626,31.49974167817995,6.23321479206687,5.651186632243585,28.160999526345666,1.051254675312856,0.18444263476542666,1.5279510989785194e-10,0.0,0.9846987728542445,0.17650410327593696,0.3681096563613664,0.05352931015780003
16,19.282006003246376,25.191604973759656,0.0,0.0,3.8139041116611385,8.660980651789172,31.447809710961362,4.780150950871037,5.58698420613281,29.457968599484666,1.1091438762830987,0.2034956219411106,7.60337570682168e-10,2.351983411674035e-11,1.0409259482366906,0.19496362164005576,0.38297951457466295,0.058306555259186696
17,19.21042204777404,24.816609641305273,0.0,0.0,2.6545843420790725,8.60120758313687,31.180565521058533,3.6294955887356486,6.098095305473061,30.332006450376884,1.1677674268951044,0.2255802565985919,9.058567229658365e-10,8.4377404893806e-11,1.097665934728866,0.21640102866096733,0.39851004887332236,0.06369495240253947
18,19.21291799044397,24.238351097734053,0.0,0.0,2.459610428872533,8.661291008272753,30.647284217118788,2.834109995190257,7.1111748012785565,31.03343795228841,1.2236337703314308,0.249508301417618,1.0732037480920553e-9,9.94006989358739e-11,1.152196487697438,0.2396067075567296,0.4119743409888542,0.06959179671576793
19,19.178767974380445,23.77020971982891,0.0,0.0,2.3668897138950165,8.76168743115463,29.80797394263947,2.4084975777441713,8.417787410387362,31.720720362463343,1.2769746330143528,0.27467708322020873,3.637978807091713e-12,2.2462397074748026e-10,1.204959411499658,0.2640855455604433,0.42277302421102836,0.07554021890625226
20,19.236772368883308,23.62069068720768,0.0,0.0,1.870500142077955,8.833144460338035,28.62139064751965,2.31706606988878,9.960740793060705,32.426981379858105,1.3303373424378824,0.30119480372270885,1.8408172763884068e-9,0.0,1.2585683236484329,0.28998784956416096,0.43104897563207484,0.08139629533777722
21,19.53795029906767,23.729368442292387,0.0,0.0,1.469139666479237,8.843893716908736,27.083844462788505,2.4491853676423863,11.72289467795499,33.14640678290697,1.3872707570667944,0.32975570029033124,3.637978807091713e-12,0.0,1.3162841941975785,0.31803394714519123,0.4380822679797802,0.08713914354190361
22,19.742937110929713,23.911218244978414,0.0,0.0,1.6593979631037972,8.801350489004081,25.283294548724626,2.5773828013486684,13.548114976654318,33.86091262015871,1.4500919358501456,0.36141677939393424,0.0,0.0,1.3801099548563798,0.3492493832013974,0.44504284616646145,0.09298901419483466
23,19.965735726345375,24.04165842477587,0.0,0.0,2.175753866295241,8.757617617369286,23.36022904231221,2.5752639939502733,15.219594049323499,34.55684390385497,1.5187217281108436,0.3970816651788462,0.0,0.0,1.4495540448333486,0.3844934705093752,0.4531100953888199,0.09918981780838956
24,20.769270318463875,23.946281794877024,0.0,0.0,1.7896601589710142,8.743352592382704,21.43275359057473,2.4776457998246975,16.587914890955766,35.24141383575843,1.592565958280577,0.437089607750092,0.0,7.941251491072535e-13,1.5238264669605996,0.42403235089036406,0.46283823314902295,0.10603721328628182
25,21.030666065616803,23.91166423707987,0.0,0.0,1.6086764056768401,8.613528037773978,19.597074445402427,2.3591781384621964,17.569932109270127,35.57402172275965,1.6145540270519745,0.4816661869727145,0.0,7.563096658164319e-13,1.5462382462901587,0.46804691933334047,0.46468483080393524,0.11372949035058351
26,20.944552105748834,24.008398683962252,0.0,0.0,2.8095168907021875,8.392405523192123,17.901817133219012,2.284090452947309,18.166427588177175,35.800337810874474,1.6351871828671358,0.5128871471704255,0.0,7.202949198251732e-13,1.5666400704867556,0.49867728812602263,0.46848267049936115,0.11989240192728423
27,21.37289028258028,24.253930104526244,0.0,0.0,4.043637325780931,8.062678584323137,16.36538722786612,2.297204615399404,18.421740469968473,35.914772909410765,1.6534203872387263,0.5454897281354965,1.4551915228366852e-11,6.859951617382602e-13,1.5841642633531592,0.5305199343494744,0.4735214500436086,0.1269158885213635
28,21.98732896996976,24.61626660943067,0.0,0.0,4.641608786293711,7.668256722041068,14.981726733951586,2.3907498578478945,18.403566970365443,35.931232509759425,1.669741591748278,0.5791577269042373,1.0913936421275139e-11,0.0,1.5994629058295686,0.5632769604668096,0.47932806728722427,0.13469498298064128
29,22.25794297456777,25.04697637986671,0.0,0.0,4.509827891196069,7.273206074329261,13.797309162312825,2.569843367907985,18.069221232342507,35.86416353149568,1.6857128602691303,0.6140741292784299,3.310560714453459e-10,0.0,1.6142345261941955,0.5971524898296803,0.4856693749036822,0.1431640322821183
30,22.570099702926385,25.422649898993093,0.0,0.0,3.880629261525589,6.923568886112095,12.82270897149676,2.8398102477350142,17.42604131200047,35.751473252695895,1.7024260388098074,0.6508728355044555,1.0913936421275139e-11,0.0,1.6297058289037523,0.6328007802682312,0.4922533177692003,0.15231093358497885
31,23.436441353111295,25.62576343737061,0.0,0.0,3.193280669891641,6.636911951273802,12.024870979054178,3.1326177921899467,16.54643447073076,35.61665192635577,1.7195638233485395,0.6901154747983972,1.1896190699189901e-9,0.0,1.6456661512675055,0.6708090172441439,0.49868092117249035,0.16209451236905925
32,24.650734969962766,25.676163367539935,0.0,0.0,2.8240902670815693,6.395042558829145,11.350300484749587,3.366161788552159,15.537054640995834,35.465801069010986,1.735899644106294,0.7318484248074449,6.002665031701326e-10,1.6985145751680494e-10,1.6609273286030657,0.7112474274584897,0.5046463945257529,0.17242161647200407
33,25.898657329202987,25.69534599668771,0.0,0.0,2.9402242254606485,6.171270213019534,10.743551188587263,3.4973517644331453,14.505089943773598,35.29835100401724,1.7501179147386081,0.7756818618914396,1.0550138540565968e-10,1.7282823563823347e-10,1.6741785503472784,0.7537353813868998,0.5099400916245941,0.18320842151199013
34,27.313019390342195,25.77048483384104,0.0,0.0,3.476388102925902,5.945229269670229,10.161365557074198,3.5254196356626237,13.535024967248846,35.11474076077538,1.7617930424535069,0.8210781884003587,7.057678885757923e-10,0.0,1.6849667023707298,0.7977362804201408,0.5145890946565942,0.19438677518867742
35,29.050417258597413,25.90903198898894,0.0,0.0,4.193517694675892,5.709007404538183,9.576764752921166,3.4864251718523867,12.674152936034762,34.916449942497565,1.7723529885771763,0.8678168664431898,3.67435859516263e-10,1.1950888634558699e-10,1.6947797868415364,0.8430206102668202,0.5186102488688448,0.20596690109975252
36,30.938419932201548,26.083072613366415,0.0,0.0,4.82407313311766,5.4651169337879955,8.981089340009603,3.4216744531040275,11.935193757077725,34.713340035010596,1.7828751834348946,0.9166167546139959,3.637978807091713e-12,1.264495947448884e-10,1.7046202489873394,0.8903267951565194,0.5224114532151362,0.21795520793368472
37,32.78006180767379,26.18175386746817,0.0,0.0,3.6651111498920392,5.318166674644534,8.38322476134858,3.354097778875558,11.309316640141914,34.512862646297364,1.779921453221291,0.9681188382285203,8.949427865445614e-10,4.596495628676422e-12,1.700297178929759,0.9402711492864958,0.5264122747057627,0.23053036839512528
38,34.51191529998153,26.517325170258893,0.0,0.0,4.656270688133394,5.036611404142233,7.804553281612551,3.2847927962629995,10.789558893628904,33.92621493431068,1.7214232957242375,1.0145372120996117,5.711626727133989e-10,1.148664257606238e-10,1.641573096760112,0.9847808640676056,0.5182045262784868,0.24391064860131237
39,36.17554720644089,26.818438553283844,0.0,0.0,5.3040735815068825,4.814441889636346,7.255203587305247,3.253764381762279,10.355949883949968,33.21571230819351,1.6536764533073232,1.0296497655110546,3.637978807091713e-12,1.20609747048655e-10,1.5729100746921176,0.9983074027834903,0.5104896758555697,0.2521130087176222
40,37.80624599535605,27.139625759708547,0.0,0.0,5.6175213473231205,4.599273911461953,6.760087906918879,3.2739739599350854,9.966965177532476,32.36686300619442,1.5878936091308709,1.0376803202934384,2.1827872842550278e-11,0.0,1.506202292488524,1.0043781561236256,0.5027531879769412,0.26077761910485864
41,39.38587348085974,27.397087188498404,0.0,0.0,4.297605210785858,4.481522421284735,6.329565987785943,3.3297752564978595,9.590314575059475,31.392544693881305,1.5142720070458275,1.0452559186251689,8.36735125631094e-11,0.0,1.4312547314020776,1.0098711559609548,0.49449934798922185,0.26966680140319593
42,40.901874613681684,27.709633799273696,0.0,0.0,3.674300916652444,4.338500720800415,5.961701885112397,3.4021214282001084,9.204074531304528,30.317031482314782,1.4522596352484358,1.0453823943444074,9.822542779147625e-11,0.0,1.368749618613947,1.0076017153617003,0.48536844738414403,0.27850158636066197
43,42.31921040783869,28.034219354860973,0.0,0.0,3.5985153431144545,4.201385244938076,5.642397664643413,3.4902644606035285,8.794301287063996,29.173436908150446,1.392672113929741,1.0517031090336701,1.4551915228366852e-10,0.0,1.3091476365807466,1.0117780964607437,0.47504534789068203,0.2870270249878256
44,43.61573722290565,28.36793913998069,0.0,0.0,3.8486384274205934,4.063126954175532,5.355871493309483,3.5788504278569095,8.35811457862965,27.998960495735165,1.3350352306226598,1.0580541714467844,5.820766091346741e-11,7.039707147589879e-12,1.2519157131046086,1.0161064032189493,0.4637090836779862,0.29496848484777405
45,44.7891957346458,28.70363696443533,0.0,0.0,4.2426096826538515,3.920658546362127,5.088869596450229,3.656169279141193,7.901820741979546,26.828988931901506,1.279065356304916,1.0641198548406017,2.9103830456733704e-11,3.695846252484686e-12,1.1966632253715943,1.0202696090396457,0.4516694706781436,0.30232596702247
46,45.856118141306666,29.03041889889829,0.0,0.0,4.749990149763433,3.779609028388147,4.831902340669572,3.7193453478424083,7.437146522280504,25.692521234619722,1.2246162774635108,1.0230831751111586,1.8189894035458565e-11,5.1741847534785614e-12,1.1431448534731317,0.9752406718782337,0.43920937035368296,0.3092002831661398
47,46.84341877969856,29.281867829316692,0.0,0.0,4.192710764549231,3.705331439980262,4.580266606322514,3.7688166686820117,6.978448780502043,24.60901956187011,1.165967609523243,0.9836636125782123,3.637978807091713e-12,6.7911174889406126e-12,1.085134605100393,0.9316249816741083,0.4265716297070867,0.3157039692989886
48,47.64456349355337,29.55892889606762,0.0,0.0,4.064823198902811,3.5889924328655964,4.332543821281185,3.8085018394904533,6.53922114439579,23.587134422733048,1.11479216454694,0.9411295299737984,3.637978807091713e-12,0.0,1.035176114335627,0.8843485609599946,0.4137293589343699,0.3219509511038745
49,48.22265993257307,29.81404799744952,0.0,0.0,4.236034650311434,3.4709891471891785,4.1580056383489294,3.8292617388876327,6.083211495499822,22.632193154490817,1.0661256612372718,0.9051066227911848,3.637978807091713e-12,0.0,0.9875355085896445,0.8436340549427725,0.4017431328886687,0.32787128566143015
50,48.61056446189905,29.990149558853158,0.0,0.0,3.7191872933654073,3.417794912765052,4.028425036156332,3.845775570181126,5.633198066718478,21.73961676858317,1.0149230418405057,0.8714742299593342,3.637978807091713e-12,0.0,0.9371661421882891,0.8048085480132461,0.38960031159472236,0.3342910925047588
51,48.82379513727413,30.187253433964408,0.0,0.0,3.6669191528945557,3.317031999369135,3.9216838007135104,3.8247989226716617,5.207663302456904,20.897736123458554,0.9701803531542735,0.8297140079853584,3.637978807091713e-12,0.0,0.8937383479151322,0.7637591920386028,0.37746745967365314,0.32418703185610015
52,48.87920676682985,30.371498216349245,0.0,0.0,3.9174571336775195,3.21150647725708,3.8143740091922202,3.745804993542005,4.825665486385627,20.09540689767923,0.9273422570799753,0.7932034986114757,3.637978807091713e-12,0.0,0.8523087224384653,0.7283669861474928,0.3654223630560864,0.3140912665132593
53,48.662024793568946,30.49852796773715,0.0,0.0,3.595052657853706,3.1650704849758364,3.6947933894789373,3.6260715014553773,4.499264249080646,19.319851236110082,0.8825482752314779,0.7582422445867787,3.637978807091713e-12,0.0,0.8086113597946678,0.6946032212627113,0.353608720091961,0.3040685226843799
54,41.56427638830748,31.306286717162575,0.0,0.0,3.6743379025921863,3.070525303793253,3.559819962184853,3.49013440100254,4.235429667584617,18.554984989269936,0.8430595876074476,0.7216964648550505,5.311449058353901e-10,0.0,0.7705620858196198,0.6589913261012821,0.34202856628380685,0.2942383719156133
55,26.09819011875409,33.13248182354098,0.0,0.0,3.975686863331644,2.9818856834532257,3.4088670999230986,3.369333991979171,4.026008310830368,17.741288582551785,0.8094430154480883,0.6894639417287198,1.4915713109076023e-10,8.008657308873333e-11,0.7390629884521331,0.6279824357408451,0.330127088191648,0.2846025076226472
56,12.064453287942747,33.75704973646255,0.0,0.0,2.2307087888595736,3.0785395456834124,3.2456144907664735,3.2697033641003252,3.8156534560899162,17.505903198310385,0.8504362854460318,0.6619962968560424,7.275957614183426e-12,7.835743116977205e-11,0.7784106173839973,0.6023117202924017,0.34251830074772444,0.274699269473949
57,17.26155569900323,32.83307457951881,0.0,0.0,0.9993262661081109,3.106011130450511,3.0751017447827844,3.17423329051222,3.862498608367889,17.537174401607015,0.8997226334956399,0.7302348627214281,7.275957614183426e-12,5.4604481651409086e-12,0.8272892602017237,0.6660976632624547,0.3536853081189747,0.29926051816115073
58,23.939806528180522,31.51805038142551,0.0,0.0,1.638065068824797,3.1365094517887124,2.9030890394175937,3.0911024864022973,4.081920573151749,17.88385606403368,0.9487170776981363,0.8049946108018153,3.637978807091713e-12,0.0,0.8757139757981349,0.743320045087571,0.36495085437345554,0.3090172066260673
59,22.86578503561296,30.89876465944003,0.0,0.0,2.6499381763596492,3.16246614056877,2.7368892184409335,3.015528226070498,4.206210158010994,18.501468742102233,0.9958360032047869,0.8489833055721793,3.637978807091713e-12,0.0,0.9215537721829605,0.7868296898086918,0.3773963304726749,0.31885998867186544
60,15.849739078184763,30.837320947319263,0.0,0.0,4.1089103968661735,3.249794042844702,2.556652390296116,2.937018645852147,4.242048016884776,19.223152602511153,1.036524209171096,0.8912553475281766,3.637978807091713e-12,0.0,0.9596946223537088,0.8280167826036481,0.3916231198782043,0.3297336837878015
61,9.533391963070207,30.416813012053414,0.0,0.0,6.592544158375489,3.42508367381744,2.359510349530009,2.8920724039203396,4.340625954264089,19.93338659356687,1.0709884061031605,0.9276927247646737,3.055902197957039e-10,0.0,0.9904840147737559,0.8622863662136471,0.40737891757557915,0.3421637242949182
62,9.236996056811966,29.579944078681855,0.0,0.0,9.449150169499667,3.6621596912129486,2.1917352078388337,2.8403242160574584,4.582483675628966,20.58510545631185,1.1063808754364817,0.9584874050476238,1.0550138540565968e-10,1.3938138632312596e-10,1.0218116600281064,0.8899506593003846,0.4242399945339912,0.355929669521576
63,8.956256112690966,29.098610118649564,0.0,0.0,12.193238321412093,3.9736931512516276,2.065734290815109,2.768396287881539,4.890395928560866,21.21160482411134,1.1461715550864107,0.990098375128126,2.546585164964199e-11,1.1062014787549679e-10,1.0581547678921197,0.9180985729798652,0.4404744270401807,0.3706613045944918
64,8.51516722505775,28.57190625311634,0.0,0.0,14.393333833861263,4.348934907648791,1.9860725308127796,2.683018004617325,5.163686520364487,21.8214102634835,1.1862615089635078,1.0256885764537227,1.4217221178114414e-8,2.107050435723748e-11,1.0947620635815838,0.9507528837212905,0.4568505136157455,0.3848454364589949
65,8.457431816017916,28.01279379501744,0.0,0.0,15.92921558904758,4.767813395261668,1.9525657445984477,2.594255835981858,5.345816924330507,22.40853839684689,1.2261170408873092,1.0615460505718275,8.501956472173333e-9,5.19029733831831e-9,1.1310686666129186,0.9836445674330467,0.47333568359117634,0.3991533319967391
66,9.075773653700239,27.427558315004482,0.0,0.0,16.669375109695867,5.230616945876694,1.9615643033535302,2.5130439238056717,5.44748809812024,22.969088370794804,1.2652600053089553,1.0971899335568167,3.637978807091713e-12,5.449812205234225e-9,1.1665585606006061,1.0162660788317022,0.4899224486833191,0.41355653460494196
67,9.914471532863265,26.836275556235965,0.0,0.0,16.759367427068792,5.719763703466903,2.005543200372125,2.442405630993825,5.51163667828625,23.499737639574377,1.303509791771088,1.1321889673002683,3.637978807091713e-12,0.0,1.2011443902192696,1.0481537759117903,0.5063496134963316,0.42804850159567753
68,10.691511933591672,26.250791211996933,0.0,0.0,16.392383455417814,6.22338855713333,2.0752262984416174,2.3838397518850805,5.582455276149319,24.004485550057236,1.340469282880147,1.1663851292629035,1.0913936421275139e-11,0.0,1.2344044420715363,1.0792291707867725,0.5225931225525983,0.44240102473721205
69,11.601600260340224,25.680743029884397,0.0,0.0,15.74058211775515,6.745494562350298,2.1290074233264544,2.3494322120634967,5.673404027095114,24.497021201744925,1.3759964816027483,1.1994205590150824,2.546585164964199e-11,0.0,1.26624317187634,1.109113353307038,0.5385114177616742,0.4565930867896163
70,12.380908099661799,25.131482818741652,0.0,0.0,14.989665953713837,7.278059165556171,2.1689860725671997,2.3223085046298735,5.764871013960916,24.986611415539034,1.4105756108963798,1.2311698018957997,1.6007106751203537e-10,0.0,1.2967434890051663,1.1377204768648546,0.5551395119953213,0.4705010070367018
71,13.061856329820358,24.596605835561892,0.0,0.0,14.337365983310958,7.814061685574713,2.196285762210951,2.301805219699285,5.857270479123412,25.479226585247105,1.4437051915124202,1.2620497456219733,2.837623469531536e-10,0.0,1.3255136789593962,1.1651250355706022,0.5720997875296234,0.48502908357240815
72,13.827053686314024,24.06123737833838,0.0,0.0,13.882166855807352,8.360470066942673,2.2123260194446415,2.2872297284763135,5.949749765501277,25.979398553544172,1.4751956890433955,1.291614895579924,6.402842700481415e-10,0.0,1.3523432388537913,1.1909750736616016,0.5893811036151874,0.4998473891105974
73,14.85176931394679,23.507803198737726,0.0,0.0,13.62745882644215,8.92712617049022,2.2186296082637824,2.277743570190887,6.039004777694328,26.48855557229708,1.5049000575963296,1.3196941004011646,1.4551915228366852e-11,1.185932623465969e-11,1.3770836925341428,1.215081454128142,0.6069305455403993,0.5149461898756792
74,16.17347061576207,22.922389262143017,0.0,0.0,13.570241326210382,9.514019888803805,2.2168792137305573,2.2727710180878926,6.119757718721259,27.005161272650852,1.5327533133504554,1.3461552775764423,0.0,9.339219409794505e-12,1.3996821096352505,1.2373107710332207,0.6246780863403274,0.5302792540087582
75,16.63942416330415,22.313237290757154,0.0,0.0,13.649706862679617,10.130652775651438,2.208060226991192,2.2716407369601144,6.185082653069415,27.52447090831178,1.558443442486355,1.3709406852413177,1.0913936421275139e-11,2.9648315586649226e-12,1.4198482544707076,1.2576154664024546,0.6424771573411817,0.5457853984079004
76,16.496694639813256,21.692761680271875,0.0,0.0,13.771381538853714,10.782570729029294,2.194319412699895,2.274511962816389,6.230137490174951,28.039367579447003,1.582214949962757,1.3937711169239215,1.7826096154749393e-10,0.0,1.4378683862942125,1.2757347632535831,0.6602565043839604,0.5613365658833208
77,16.841795875120866,21.037367096315627,0.0,0.0,13.87351115385352,11.47139687034583,2.177175245015799,2.2805349292684,6.252621236821564,28.543438557910534,1.6038092382803795,1.414868197167255,7.275957614183426e-12,4.2493448314565006e-11,1.4534805030634743,1.291925865762226,0.6779369439762377,0.5768704990982304
78,18.322582685534545,20.327941703830376,0.0,0.0,13.889036543880591,12.193067098800858,2.1594618584509,2.288358206012246,6.252327462341508,29.025111493663406,1.6225111393926832,1.4339995899472935,8.512870408594608e-10,4.046995077577619e-11,1.466143581445067,1.3059533648401622,0.6949571181308783,0.5923180166360497
79,19.759537471329143,20.006987420345443,0.0,0.0,12.147535725262012,12.595375489919224,2.1341392032172837,2.2642395285065744,6.188289855755275,29.12418056132321,1.6242722182109357,1.450530738904177,1.7826096154749393e-10,2.0919851477939694e-10,1.4686604880535015,1.317331150625178,0.6937554393893606,0.6071886561015798
80,20.63471847673994,19.828161725283106,0.0,0.0,9.584959248986557,12.86998259861659,2.0981992510735727,2.2137874225921648,6.169903097307637,29.10075486429818,1.6276435330051784,1.452146268732607,8.003553375601768e-11,2.0919851477939694e-10,1.471891527329717,1.3195925931744057,0.6948084644767732,0.6061387414060254
81,20.759721292710427,20.000709399580483,0.0,0.0,5.977361777033691,12.831266892963164,2.0467462787469572,2.1758520288849645,6.255712021739581,28.96491338110329,1.6589000587229572,1.4551684415475516,9.240466170012951e-10,0.0,1.5053459684822883,1.3224956844772906,0.6970530252463959,0.6070587762440082
82,20.574742634378346,20.348558214916434,0.0,0.0,2.4916975675524458,12.66391734897634,1.9875907082233983,2.1646979435741263,6.432464702269137,28.747480588502924,1.6892915327111264,1.4833438380937796,1.0186340659856796e-10,2.0919851477939694e-10,1.5372654326984048,1.3525545265400911,0.700371952550995,0.6090198640000956
83,20.431013970494057,20.834267833755312,0.0,0.0,3.8471638697752497,12.386568167333277,1.9273154246971116,2.1845799342798458,6.6546809762517265,28.485823497638556,1.7189514502661256,1.5107129192284074,4.1109160520136356e-10,1.8989746133248828e-10,1.5680045182834874,1.3812341898790312,0.7043833608302975,0.6119196328218542
84,20.41345812100496,21.402689054596838,0.0,0.0,7.580466976195592,12.02638114158957,1.8707169415674818,2.233871110197621,6.882192243704479,28.217943857855545,1.7486959111010125,1.5374052153625881,2.0190782379359007e-9,9.806180380284232e-12,1.5985598581737577,1.4088532822533246,0.7089032157755355,0.6154244269673732
85,20.573608955252674,21.937486740431865,0.0,0.0,10.959675510528697,11.610462483267028,1.848228427307329,2.3529887307291526,7.058765114489735,27.969374462963806,1.7797017344352937,1.5641617800425105,1.2223608791828156e-9,0.0,1.6304655822950735,1.4363072785265427,0.7133864650406395,0.6193734542240503
86,20.804127304719795,22.269881241536435,0.0,0.0,12.124203039259429,11.313897399514078,1.9012346121276134,2.5393664495042967,7.183494494677267,27.746848954540365,1.7861714386503793,1.5920557824311012,9.167706593871117e-10,2.991130170496198e-10,1.6360350742197625,1.4649745964629486,0.7167967941983989,0.6232904989573695
87,21.04213904726506,22.53360449345611,0.0,0.0,11.637457524858013,11.066882161315826,2.027075966665614,2.750558852975899,7.286817568525365,27.57612484288088,1.7908036553594442,1.5978272471763866,1.2005330063402653e-10,3.783959854242178e-11,1.63911088480927,1.469978789297861,0.7213135513412453,0.6262701260907025
88,21.45505286187348,22.707080796615685,0.0,0.0,10.036473208246349,10.874842747189154,2.2128676135496073,2.9764562129654113,7.397589659167229,27.45269744880778,1.7948133563831519,1.6019185275360441,3.5652192309498787e-10,2.9004052282766295e-10,1.6415516160559491,1.4727424075096642,0.7257156992069668,0.6302164469338182
89,22.100985251994402,22.78316111364821,0.0,0.0,7.872147531578017,10.74556904466358,2.446367264421387,3.2113578300538377,7.451893267067016,27.371349498068188,1.7987937211661205,1.6054500539385228,2.874003257602453e-10,0.0,1.6436204655947222,1.4749354064353535,0.7308697670480342,0.634062632974523
90,22.963052761116224,22.9030223634508,0.0,0.0,6.870057835624621,10.511469559808504,2.7154424385793194,3.462710833800129,7.431725552393405,27.31694754581347,1.827616823750437,1.6089398883780217,2.3646862246096134e-10,1.4455341536681437e-10,1.6728402628250478,1.4767942693582974,0.7360629793211046,0.6385657760985736
91,23.953614922398806,22.994879230416338,0.0,0.0,6.901719644392821,10.270803510385907,3.0067592218266377,3.7464005389709,7.361375438820737,27.278343109079717,1.8570471129815134,1.6348503770025584,1.7826096154749393e-10,4.599426852580458e-11,1.702711046586046,1.5030482799094858,0.7412145921842239,0.6431031203831493
92,25.01569223965149,23.087167717357442,0.0,0.0,7.609914861994501,10.013239999522913,3.3121436196764718,4.057172176334093,7.274124668037101,27.24177308932018,1.885473380365044,1.661308504292685,1.964508555829525e-10,1.4488194585628444e-11,1.7314295294891053,1.5298872024001509,0.74643261750698,0.6476041185534864
93,24.95684436493519,23.216116690206423,0.0,0.0,8.772477157314563,9.733377099471337,3.6019693271868003,4.253294166210388,6.962100982292112,27.20995776027106,1.9122262066031572,1.686858195613498,1.6007106751203537e-10,5.070868104969956e-12,1.75814162342067,1.5556907817225782,0.7520286545176532,0.6521631419911893
94,24.24289329506655,23.272000630720616,0.0,0.0,8.707254793326886,9.575727035999595,3.7721272825650436,4.322385549716586,6.361921290795934,27.18090237038394,1.9136673409881886,1.7108896854181264,1.418811734765768e-10,3.1946469061310725e-11,1.75744134766137,1.5796916189806338,0.7573127501204454,0.6570524367145131
95,23.56113193755186,23.338749775575526,0.0,0.0,7.871646052896047,9.444572649315669,3.8700792624268012,4.403581796054819,5.742696159030567,27.12548629670345,1.913117024337368,1.7120876847505173,3.637978807091713e-12,1.6212833048615193e-10,1.754482504531552,1.5790624206569714,0.7627633250898725,0.6616691861824402
96,23.521424917236388,23.400320354494085,0.0,0.0,6.640623548770907,9.34239591473397,3.91684543624918,4.4997329989173585,5.367260147103377,27.028551025154652,1.9116660416243492,1.7114847490646337,2.582964953035116e-10,2.1297646040873816e-11,1.7508794399745966,1.5764038977972235,0.7673905403208664,0.6664313897848395
97,24.35009841065847,23.576737735029468,0.0,0.0,6.555713477925081,9.12448285677589,3.926954586795879,4.605232143498263,5.2898387038287025,26.903225708998942,1.9349715861852936,1.7100843970195418,3.637978807091713e-12,5.5906320857293767e-11,1.7740651793847064,1.5731665414863876,0.7725333511500594,0.6704742185031785
98,25.6362800272545,23.773346635898307,0.0,0.0,7.24911195426947,8.890547334193107,3.9079180421182365,4.712562136679121,5.368279924411148,26.760325629397766,1.9596091714482238,1.7310152520633024,1.0913936421275139e-10,5.324411510218454e-11,1.7988723214257334,1.59399894634098,0.7772557339977538,0.6749675265815563
99,26.85621150710536,23.998898060316865,0.0,0.0,8.545480911285319,8.637311535226095,3.9438828530306913,4.789562437036365,5.402343149216139,26.613411187808975,1.9846909639020158,1.7531558621348389,7.275957614183426e-12,1.677189625718813e-11,1.8240206723003212,1.6162881827966367,0.7822702916610069,0.6790935039371941
100,27.593150567508868,24.13431579499687,0.0,0.0,8.56775129740271,8.499493952090392,4.008255127098007,4.855655155501579,5.325861122319293,26.46987716499206,1.9870551949579127,1.775690990459101,4.001776687800884e-11,1.5973234530655362e-11,1.8245540271054779,1.638883995656803,0.7870139452274089,0.6834747562109479
101,27.889749656184033,24.26098434089925,0.0,0.0,7.690416624957483,8.386555328190974,4.092211191530263,4.90383516419816,5.141726022094523,26.329621740694403,1.9879676599766132,1.7777322853033821,3.637978807091713e-12,0.0,1.8234894922679814,1.639363215364906,0.7917711087815406,0.6876193178775758
102,27.997449479927603,24.36792170310816,0.0,0.0,6.206038841918498,8.30078466950553,4.073717767079839,4.813928131729149,4.6876841971826595,26.20008123031479,1.9880304511462037,1.778462878138062,2.000888343900442e-10,0.0,1.821707029506797,1.6384067299854053,0.7960204603715283,0.6917756833350323
103,28.321496114090024,24.556384703500225,0.0,0.0,5.994467424335225,8.107033585429377,3.976354865541924,4.542384763942601,3.796782914778202,26.08618423512488,2.0105107621102194,1.7784361921788654,3.277455107308924e-8,0.0,1.8443929250115616,1.636805185890307,0.8002301311049905,0.6954883702077698
104,29.047759229226152,24.741011254328683,0.0,0.0,6.699437696396583,7.901253659812293,3.8624182730292187,4.290997623703986,2.811802410733768,25.967401430271117,2.0339340831484707,1.798640402547847,3.001332515850663e-8,5.459010087462524e-8,1.86824245869866,1.6571884805835124,0.8040882850213621,0.6991663875636384
105,30.055370820128065,24.81100656993845,0.0,0.0,6.297042963903525,7.8092461298528,3.7548659847608086,4.063259694730634,2.132676426406578,25.840143917755267,2.0357069613929597,1.8197018135119407,7.494236342608929e-10,5.1787171089688796e-8,1.8685877554835315,1.6786173051884874,0.8077639709226787,0.7025372821568858
106,31.23503202730943,25.185825319809087,0.0,0.0,8.482809176305153,7.471491556671322,3.6659814713348466,3.859076523210486,2.218241057983988,25.350705964314706,1.9812141818817113,1.821230088853705,1.127773430198431e-10,1.937154017705229e-10,1.8171760897912463,1.678927554617167,0.7893546054722265,0.7057487533770742
107,32.48237945861518,25.51329274286965,0.0,0.0,10.972526460889037,7.209192033860636,3.5881562637504008,3.667174551799456,2.8424909812682064,24.745300016233003,1.903751067622752,1.7724157779251468,1.2732925824820995e-10,1.677189625718813e-11,1.74034178997681,1.632734132938079,0.7716725870050595,0.6896643683538705
108,33.65823264969737,25.804549299377975,0.0,0.0,11.219938336266196,7.048187731278854,3.5195697594183435,3.4860277750492847,3.5693611376537198,24.01361082445317,1.8208442601120411,1.7028562355021635,8.189090294763446e-9,0.0,1.6574809269950492,1.563698454672417,0.7538108491064577,0.6742154712283714
109,34.786411719859984,26.107028708866952,0.0,0.0,9.929610021436643,6.91750970110267,3.4622016990166586,3.314076321738647,4.228241100810873,23.169237335850816,1.7396773259557436,1.628381363108864,7.478956831619143e-8,1.171714023345613e-8,1.576599273370448,1.489247904710654,0.7353991634835438,0.6586095520376307
110,35.89921198317312,26.407886536676017,0.0,0.0,7.8615597601565215,6.83170810654626,3.4190582688180635,3.155280809422608,4.678438519840333,22.2382306289778,1.6610640120595261,1.5554814787762967,7.277049007825553e-8,1.1715999954159344e-7,1.4986375994212722,1.4165756758775472,0.7163930469791921,0.6425231399164949
111,37.034108970747354,26.793480497481937,0.0,0.0,6.875383045096933,6.675054143619589,3.3900987681244854,3.009044043040571,4.892013171382769,21.252399741781016,1.599331554089395,1.4848931452365166,8.003553375601768e-11,1.233165831934544e-7,1.439790281770911,1.3465270510781069,0.6963227444397034,0.6259173695347306
112,37.949991701438215,27.18357665586283,0.0,0.0,6.7503447491336015,6.517078101161351,3.3687577183771693,2.8752828133667143,4.8932625764272375,20.249182599584657,1.5398740775983977,1.42956836606659,1.1641532182693481e-10,4.109114583011092e-11,1.384001118789456,1.2936526903458674,0.6750948659625919,0.6083818126959414
113,38.16625289466134,27.60024737011549,0.0,0.0,7.232103214582086,6.350317265487886,3.350487411579729,2.752428668018164,4.729347044725512,19.26192298098739,1.481986928402777,1.3763220190864847,1.1641532182693481e-10,1.8491015623549916e-11,1.3302483795650915,1.2435260839114424,0.6532415362032225,0.5898348742268216
114,38.08241282391559,28.028696709634474,0.0,0.0,8.053157627171453,6.175318709737862,3.2800446623304698,2.643939057988752,4.4641168728964535,18.316761920311414,1.4255002263628604,1.3245069593188785,4.729372449219227e-11,6.4718554682424704e-12,1.27835808495729,1.195229205831095,0.6307547082542442,0.5707414745859208
115,38.14922245719419,28.34949661671242,0.0,0.0,7.7492002677870815,6.090300201588486,3.1752622283319485,2.54140086682635,4.140930773693233,17.432717634449304,1.3603768378445122,1.2739703199019277,5.093170329928398e-11,6.7954482416545945e-12,1.2167477154052904,1.1486057357032995,0.6083996531884622,0.5510945834432616
116,38.60827387982689,28.600119671167388,0.0,0.0,6.788964653956079,6.030117762849672,3.0501356847791525,2.4448195631307956,3.8017805938525258,16.615800493298806,1.2971572594038154,1.2156281954257346,1.0913936421275139e-10,7.135220653737324e-12,1.1569629974565032,1.093248770651368,0.5865608051519303,0.5315628231764336
117,39.39848086568241,28.86115365327133,0.0,0.0,6.531069102862079,5.893412653036922,2.9132071758378397,2.3548632868208577,3.4821419898051293,15.863801760551532,1.2454621330333657,1.1589930887658588,3.2741809263825417e-10,7.49198168642419e-12,1.1098123663905426,1.0395321549795713,0.5652366196794446,0.5124820763407772
118,39.801163509520144,29.102010154500523,0.0,0.0,6.72926109281268,5.748450432499617,2.7667799471905465,2.2742342488613514,3.2168396820081444,15.177028282067,1.1959915234623424,1.112758455715081,2.6193447411060333e-10,5.899935578059051e-10,1.0649627898856124,0.9971672761987486,0.5442885083784403,0.49385099376611635
119,39.70433742889308,29.359480719412854,0.0,0.0,7.236812995483862,5.597017274973978,2.611962146231012,2.203164325682482,3.054617683088317,14.547670623594849,1.1486936971576849,1.0685253226753633,7.639755494892597e-11,5.618986264818143e-10,1.0222651788553776,0.9568698967359711,0.5238999083695035,0.4755484895559876
120,39.28149320529062,29.546525097230493,0.0,0.0,7.032160810844659,5.526178466618529,2.4905672876183513,2.1337720441265002,2.99650313854406,13.949200279918152,1.0942081869413929,1.0262429345888282,4.001776687800884e-11,7.135220653737324e-12,0.9711108397041244,0.9185060600829704,0.5042175060216777,0.457734834139099
121,38.79021907429969,29.717675206603108,0.0,0.0,6.327867604379826,5.476506762548583,2.3899375433982972,2.07103946920863,3.0443793730379793,13.365991170550554,1.0437494809860133,0.9774490571105213,5.337642505764961e-8,7.49198168642419e-12,0.924168263321917,0.8725438464051194,0.48510411266770465,0.44053818829564206
122,37.39741651994829,29.96227381031786,0.0,0.0,6.1166539473622725,5.351627800542478,2.3021527872786125,2.011577002915524,3.1193928397599366,12.78664870703527,1.002103231115867,0.9322804144802999,3.030072548426688e-8,8.949022284799968e-8,0.8867771788118262,0.8303659052270564,0.46673024430756416,0.42383868943266934
123,35.370822663530845,30.320060792098136,0.0,0.0,6.270248662574422,5.2158258635710375,2.220466625006103,1.9579678796800486,3.159211336970356,12.202455006085625,0.9623795795742904,0.8950593706322982,5.093170329928398e-10,6.400399954712187e-8,0.8513746896514931,0.7967699862715839,0.44870434921272134,0.40778531843785354
124,33.92968870892218,30.435309713906214,0.0,0.0,5.172151549405524,5.258684284707033,2.1415409457100467,1.908650099380435,2.890052483539854,11.84637791580101,0.9573100527948302,0.8595680685409244,9.378709364682436e-9,4.637893424929261e-10,0.8454475316266326,0.7649608222469352,0.44906681958086664,0.392035973964722
125,33.41606434301131,30.485689835675167,0.0,0.0,4.104685906402974,5.252901787110852,2.067183657457156,1.860695283633756,2.5739190902888684,11.565979978410297,0.956794988942969,0.8549773989281129,1.3471435522660613e-8,2.073780530802216e-8,0.8449617312580813,0.7596352661373685,0.4488834186910026,0.39235266676587055
126,33.56638247109055,30.506511041691898,0.0,0.0,3.819688147077559,5.157284962666511,1.9967384925451126,1.8192976910376317,2.5074780445290443,11.37027908193591,0.9623011100267593,0.8545160498257222,1.2150849215686321e-8,2.4409589856435386e-8,0.851609649040256,0.7591987741308858,0.4480897588879543,0.3921924282388885
127,33.886808799451025,30.48717859668689,0.0,0.0,4.206688739947821,5.042681661297883,1.92788571858188,1.7846412175275097,2.678205947696107,11.264142611127369,0.9684027126204563,0.8595112312491477,3.676177584566176e-8,2.324722843470037e-8,0.8587286626625428,0.7651719334522946,0.4476481852218967,0.3914990024256799
128,34.010975390900335,30.405637451205013,0.0,0.0,4.283886573761863,4.99913791503923,1.860415963082009,1.7566238931554747,2.839084120328617,11.227396128266356,0.9688482187804813,0.8650360028863172,2.9063812689855695e-8,5.728155140820324e-8,0.8592571429689997,0.7715683727417518,0.44759807114292016,0.391113196497099
129,33.85047223924761,30.346217490307478,0.0,0.0,4.134187653559948,4.962634396494944,1.7962250002150855,1.731902091486709,2.826265607277148,11.2307316438474,0.9689013379349868,0.8654397765832222,2.5607732823118567e-8,5.439756317444503e-8,0.8590670323192171,0.7720432127106085,0.44807771271784985,0.3910694114858598
130,33.52870230983394,30.37664220500032,0.0,0.0,4.751262034757958,4.843103547636916,1.73675504553461,1.7109086794676367,2.6313594714203927,11.24160522057302,0.9744722078938411,0.865476878398452,2.0820152712985873e-8,3.705137255568814e-8,0.8648825253694667,0.7718723981436162,0.44897026768821885,0.39148847751415405
131,33.418007111317536,30.374162305042052,0.0,0.0,4.97364982154386,4.792317374605181,1.6794520642185757,1.694530130241093,2.248210904062041,11.214633383668888,0.9743984908425448,0.8704913222975411,6.184563972055912e-11,3.539180390347454e-8,0.8646902861764829,0.7770976231815658,0.4491805070884766,0.3922683089938334
132,33.234049089377606,30.39969553549375,0.0,0.0,4.91539518226616,4.751110936135946,1.627148967189286,1.6828646607885247,2.44283799335545,11.168303948481435,0.9746236232234786,0.8704199352539894,4.001776687800884e-11,5.870163690015846e-12,0.8643516633001127,0.7769248961168483,0.45031923020851533,0.3924519964038705
133,33.08139544299832,30.428949088574456,0.0,0.0,4.655772592239297,4.717348492262063,1.5823017209933739,1.6762599471763047,2.7911422908716332,11.097790541227871,0.9748224297956,0.8705975485608103,7.639755494892597e-11,2.4654687498066554e-11,0.8639340408626595,0.7766206432001587,0.45154926937302664,0.39344690634882895
134,33.04532927012468,30.449295851203217,0.0,0.0,4.256561558178642,4.690491779853286,1.5453862873460176,1.6741918986236801,3.005227361591614,11.010185877256951,0.9750320411198824,0.8707492336133112,6.912159733474255e-11,2.5887421872969882e-11,0.8635636995495588,0.7762454091129988,0.4527087562999896,0.39452159974982615
135,33.14591090463861,30.455918719254225,0.0,0.0,3.7663128927148897,4.669754315501016,1.5157843779512663,1.6766360359757944,3.045894329360418,10.910085943772529,0.975238414914569,0.8709122296612034,4.638422979041934e-9,0.0,0.8632765587990434,0.775912657156187,0.45369984455933265,0.3955346511220909
136,33.339882858239996,30.525309541739766,0.0,0.0,4.121552238203735,4.567351555745561,1.4926845961428616,1.6847953233818143,2.9945428037874993,10.799722227521597,0.9809449669695773,0.8710760967355763,2.4545443011447787e-8,7.720308747343785e-9,0.8692718501624768,0.7756546609664315,0.4545541538013367,0.3964005716760976
137,33.5714904487406,30.541687464887175,0.0,0.0,4.150987760985861,4.531948572297235,1.4743073598145455,1.6989268263193016,2.9527103687700818,10.684837811025815,0.9814414999714821,0.8762142731596133,2.2777385311201215e-8,3.904071656795646e-8,0.8695195206328208,0.7810414349321712,0.4551518659796329,0.3971469871567993
138,33.80324038105036,30.561706851537863,0.0,0.0,3.9525620865498055,4.503179312310892,1.4596528401622335,1.7173930990776052,2.980599804360053,10.568976932633518,0.9816467848647461,0.8766494102984893,3.190507413819432e-8,4.477350960220171e-8,0.8694621677350369,0.7812639670427971,0.455703795367981,0.3976692122571702
139,34.04013033123706,30.581478155950848,0.0,0.0,3.632016099033095,4.480078703141224,1.4472371059074376,1.7384554591270385,3.068583578123007,10.454962335331972,0.9816526682699146,0.8768223516834672,2.108936314471066e-8,4.737106969257418e-8,0.8692831448697689,0.7812124358443748,0.4560578638361221,0.39815143663413083
140,34.32212808275104,30.67172713276149,0.0,0.0,4.108147592462502,4.3784997397341625,1.4592402970680127,1.7599741188884113,3.181468148122637,10.34597543754798,0.9869020393942252,0.8768195799178172,3.561581252142787e-9,3.8759942399304155e-8,0.8751175836860057,0.7810515832305726,0.45622894481175535,0.39846078861071377
141,33.74577564645413,30.741977998377003,0.0,0.0,4.210032547949288,4.342044301630395,1.48768891973646,1.7834163544623878,3.2723858695034416,10.24443852797634,0.9871178009555122,0.8815600550653032,5.093170329928398e-11,6.1513445307676055e-9,0.8753439454703766,0.7862938310556614,0.45626147118905463,0.39861026320273213
142,31.502112868434573,30.950156877796193,0.0,0.0,4.038427413630185,4.313078659503706,1.502624229424579,1.8088567865756888,3.3438352887002374,10.147554419203765,0.9875706921009899,0.8817543146334113,5.820766091346741e-11,5.870163690015846e-12,0.8757362431369984,0.7864972172953336,0.45648866837318564,0.3986386817173336
143,28.519134004068682,31.28648023369079,0.0,0.0,3.67781756258297,4.290892115965005,1.5312333086460495,1.8311499006281973,3.3748612010446686,10.053291835013585,0.9882751082635058,0.8821584586791301,8.003553375601768e-11,3.698203124709983e-11,0.8762597457371157,0.7868496970545301,0.45700825770873055,0.39883718540819707
144,26.303020815915705,31.507407334617827,0.0,0.0,3.1969949715407595,4.274550326187886,1.5435141598944826,1.8546723530411813,3.4325991975221473,9.962886702544626,0.9890141456069704,0.8827832745099815,2.1827872842550278e-11,3.235927734121235e-11,0.8767768091620383,0.7873200645503613,0.4576149113898282,0.3992911540605178
145,27.065175063302817,31.50728504794326,0.0,0.0,3.56102243402201,4.181402509687576,1.569031864974007,1.8735682891243859,3.5214195537029944,9.877191686609066,0.9949330657607611,0.8834373969174769,2.1827872842550278e-11,3.0818359372583195e-11,0.8830308915858041,0.7877846464389929,0.458419294804753,0.399821191418512
146,29.165481450114104,31.27838908808437,0.0,0.0,3.6030427894428865,4.151215388451498,1.5779546652826713,1.8946774908515593,3.6338278754524547,9.797568179889423,0.9957758768623838,0.8887684078308058,0.0,1.1740327380031692e-11,0.8836610296257277,0.7934039443708611,0.4590346192411289,0.40052398656617927
147,30.445503497028984,31.102675599980177,0.0,0.0,3.4147930475386974,4.127007469746517,1.6006360310521732,1.9091226037492406,3.685235710808918,9.720817260379075,0.9962156022828528,0.8895161405579901,1.0913936421275139e-11,1.1181264171458753e-11,0.8838869089522632,0.7939701238891957,0.45955354248944785,0.4010615996135222
148,31.101229814216417,31.028926702772115,0.0,0.0,4.024773941410838,4.029839315133295,1.6068179288787836,1.9250369355897752,3.6622805560074165,9.642652921263094,1.0013988624563102,0.8899017699188514,1.0913936421275139e-11,0.0,0.8895559005450195,0.7941730766401268,0.45988039916301204,0.40151498657542
149,31.67145978720309,30.978184136491848,0.0,0.0,4.227270195307946,3.993477353885506,1.6018267423513284,1.9393816296289683,3.584002983277782,9.560870634371101,1.0016794152062862,0.8945786172016083,7.275957614183426e-12,0.0,0.8898014527057967,0.7992666700059773,0.4600163318955765,0.401800563180165
150,31.991035628814146,31.00323316592485,0.0,0.0,4.16020857752005,3.964860257182589,1.6156143769474076,1.9465648272060163,3.4954506804346455,9.473082372288586,1.0011469450879846,0.89482908289449,3.612512955442071e-9,0.0,0.8890872785468673,0.7994872988138064,0.460238000153322,0.4019193285090896
151,32.40505526201529,31.044100601305164,0.0,0.0,3.9219284021011958,3.942378852543321,1.6422556901250893,1.9515289495830073,3.4646435119203685,9.379151125175934,1.0006569765580309,0.894342875556944,2.852175384759903e-9,5.177484374593977e-9,0.8884754789505678,0.7988456127754172,0.46035389434414353,0.4021130015417702
152,33.1251891409683,31.06407434761605,0.0,0.0,3.5338589711082724,3.9250312120114175,1.650887856626248,1.9587864917171038,3.5298309653822315,9.28123202947187,1.0005227786874669,0.8938974609534509,1.5890691429376602e-8,4.856973437119111e-9,0.8883264325013442,0.7982959103629709,0.4603498452176609,0.4022142590669576
153,34.14836206008551,31.051086754341558,0.0,0.0,3.0382975121356472,3.9120775923227216,1.6477126229387689,1.9637757141726784,3.646037666851384,9.182730424165438,1.0004188771796942,0.8937762750464051,1.2918462743982673e-8,2.3201601853649257e-8,0.8882148288175813,0.7981619920105499,0.46033938315772505,0.4022107213210227
154,35.31532306791583,31.084398084750138,0.0,0.0,3.4022708025884896,3.826995413574879,1.6367117046690205,1.9669882907867402,3.752173846918767,9.085706291048323,1.005157914722637,0.8936826136628095,3.464447217993438e-8,2.202279960764795e-8,0.8935658579903247,0.7980617160120763,0.4603069529820005,0.4022015805526504
155,36.45346281924094,31.074105346960163,0.0,0.0,3.446868651396039,3.8000121816049974,1.6475504506124279,1.9631613267990125,3.7904457399217537,8.99233238246895,1.0052942891457923,0.8979660051842762,2.6713678380474448e-8,4.807294241810507e-8,0.8937726978147111,0.8028696198957415,0.46020318602782023,0.40217324614533073
156,37.450853802583204,31.076080538739948,0.0,0.0,3.270113134758621,3.778263498970691,1.646422073824165,1.9640491832179092,3.8221381423060112,8.901466878079644,1.0051337333726311,0.898091579660761,1.5643308870494366e-10,4.593168280889799e-8,0.8936628538031073,0.8030554656375187,0.46006578409624127,0.40208258426257015
157,38.285524758938834,31.202513054688414,0.0,0.0,3.8450379948714226,3.686391112972388,1.6389881649475297,1.963146565627247,3.8868554721592994,8.627201187726246,0.962506751659464,0.8979495839945707,5.4569682106375694e-11,9.979278273026937e-11,0.8560446718092862,0.8029567707091202,0.44000768954301744,0.40196253527960024
158,39.0709585241981,31.36391862597865,0.0,0.0,4.933866151716991,3.5826927647308966,1.6261631489768689,1.949918723195438,4.003711756293069,8.295423197425242,0.9217225143256667,0.8598805110354216,1.0913936421275139e-11,7.826884920021127e-11,0.8200106018757651,0.7691568048683345,0.4208978572363776,0.3844376448570985
159,39.33028467896889,31.50599301516411,0.0,0.0,5.356985121770986,3.5311953614074882,1.6069992086020595,1.919854033518872,4.287241986720604,7.913534633984535,0.8791791397409882,0.8234553075839142,7.275957614183426e-12,1.5973234530655362e-11,0.7811670523460634,0.7367801649499391,0.4034030194292882,0.3677412570333375
160,36.674981864117136,31.928926921242308,0.0,0.0,5.32694106893949,3.486917716047439,1.5845886768825015,1.8845729150738342,4.66491917282144,7.493206344123574,0.8382774580668004,0.7854040877811969,1.4551915228366852e-11,0.0,0.7438630373017077,0.7018792054199067,0.3864930509585065,0.3524559009330591
161,32.56048974755529,32.49787455108987,0.0,0.0,4.113013133106187,3.5232619649711396,1.5602957821235497,1.8465806079106402,4.798296299461706,7.208397035489044,0.8346531289180404,0.7488230421554513,3.637978807091713e-12,1.0648823020436908e-11,0.7395531740785373,0.6683615188999733,0.38691982156906307,0.33768154897279384
162,30.951753074633704,32.76204448207684,0.0,0.0,3.14732165694758,3.5241425695450244,1.5326996976783291,1.8075706201948674,4.73053213791831,6.970936602023372,0.8340982193154061,0.7455377657971389,9.677023626863956e-10,0.0,0.7388803237681714,0.6644891033402728,0.3870086647781591,0.33805442131679014
163,32.63680867884031,32.43527674720531,0.0,0.0,2.2133124910742,3.5273953092129307,1.5029304567363315,1.7712002297234746,4.571764580293776,6.78898444267488,0.8336273896132986,0.7450342078137451,5.966285243630409e-10,8.945011337167003e-10,0.738545488766249,0.6638845468071205,0.3866331410219573,0.3381320442125515
164,34.70921421891618,32.03087539599385,0.0,0.0,2.0889263653047334,3.462392508726824,1.472954196961513,1.739052351775194,4.434865146146834,6.660224938154447,0.8369001008307501,0.7446172370181945,1.8189894035458565e-11,8.620475778448925e-10,0.7425945038066857,0.6635836972969399,0.38594712291533145,0.33780394661154167
165,35.33538105138089,31.89113573688527,0.0,0.0,2.59672306474479,3.383316194800761,1.4458143623520328,1.7133946070203956,4.394893969840176,6.580127857526474,0.8401771200367745,0.7475906444288899,1.0913936421275139e-11,0.0,0.7467933273328526,0.6672217404647348,0.38496404934021483,0.3372045680129687
166,34.99527288047569,31.966311145546108,0.0,0.0,3.6412401660964044,3.2923001535549883,1.423829714172898,1.6945304597582023,4.464127283218355,6.534444787645486,0.843248478520225,0.7505743556295866,3.637978807091713e-12,5.070868104969956e-12,0.7508120185757434,0.6709943866753459,0.3838610546654763,0.3363456501561237
167,34.84288745002786,31.95954166693897,0.0,0.0,4.213018263611173,3.253325706571009,1.408696381503159,1.6825497229782291,4.61239463676249,6.509643238591328,0.8428063489231871,0.7533745488459186,2.1827872842550278e-11,0.0,0.7508594924638601,0.6746051838874131,0.3827957214522485,0.3353819564631063
168,35.05232343130179,31.615984790622242,0.0,0.0,3.6154270044493675,3.2840137085314876,1.4003200818033272,1.676305523331348,4.800394139762303,6.4936553440715565,0.838782302293674,0.7529988649153141,6.912159733474255e-11,5.070868104969956e-12,0.7467630894607282,0.6746478392128846,0.38196942136792134,0.3344511677496989
169,34.90085657881535,31.573403096516778,0.0,0.0,3.171474394468138,3.2760365739092605,1.396146121284537,1.6736987446435008,4.9996485226217136,6.478008799276752,0.8379582382206019,0.7493812129484893,3.637978807091713e-12,5.8568526612403e-11,0.7459546891714126,0.6709672179236763,0.3817402398293325,0.33372922376068737
170,34.458208612568896,31.538594846499826,0.0,0.0,2.971107963557571,3.271637966370884,1.3957034494714577,1.6763077119305525,5.206601941430093,6.454970013613884,0.8374035450682611,0.748641708715715,7.275957614183426e-12,5.070868104969956e-12,0.7454742070967768,0.6702408696337,0.3814615365227837,0.33352898629871275
171,33.76663660631537,31.508679518472338,0.0,0.0,3.013812086054218,3.2707291146866253,1.4224364122726152,1.6787887659451393,5.394238851069585,6.420912280933528,0.8371352339570491,0.7481467220263769,7.275957614183426e-12,5.324411510218454e-12,0.7452420911176887,0.6698091561151764,0.3813261406707624,0.33328548132657687
172,32.83586372045993,31.47644701408529,0.0,0.0,3.238872391240197,3.2729042882963353,1.4446240031562383,1.6898593280071186,5.570761099378194,6.402538053598189,0.8368091195094742,0.7479073046836439,1.8189894035458565e-11,1.677189625718813e-11,0.745100025598731,0.6696005997270663,0.38088771881880346,0.33316718512528515
173,31.671720640473005,31.452469354989624,0.0,0.0,3.5423167365640955,3.27710173340027,1.4645634951565265,1.7048272444781043,5.731433046335005,6.382529928165122,0.836527854868845,0.7476224414773683,3.637978807091713e-12,3.354379251437626e-11,0.7450118469569134,0.6694729537475641,0.3804421110567546,0.3327841330368576
174,30.288060254796243,31.43634977046819,0.0,0.0,3.859466674759762,3.2823944547420325,1.483051128624442,1.723425372180148,5.877802197160842,6.362796376738599,0.8362470593425103,0.7473782603758147,7.275957614183426e-12,1.0648823020436908e-11,0.7449015035999764,0.6693937251757065,0.38004064808055776,0.33239480257334
175,28.724996836608394,31.42800852689756,0.0,0.0,4.1337719026468065,3.2882351260108678,1.5002499644873053,1.7453296768427764,6.013342646826685,6.344769687249991,0.835924200197957,0.747133510533023,0.0,1.0141736209939912e-11,0.744718174364607,0.6692945815769652,0.3796894905678073,0.3320440417069909
176,27.0457641740454,31.36313188538835,0.0,0.0,4.5332482673873296,3.3654957432989625,1.5160262974473162,1.7700806354767058,6.140706481935255,6.329796898531448,0.8318991413316481,0.7468496244196025,0.0,4.829398195209481e-12,0.740312872798313,0.6691298601177426,0.3794641375906849,0.33173723305428277
177,25.296331524982065,31.27617513283232,0.0,0.0,5.282311161259557,3.465155234178283,1.5290566092159281,1.7972192676171506,6.260276238941718,6.317923030424351,0.8274856985971266,0.7432175852028438,3.317109076306224e-8,4.599426852580458e-12,0.7353893661693292,0.6651716932255245,0.3793877455952497,0.3315403406619398
178,23.57845959946644,31.042696905922714,0.0,0.0,6.945136209629113,3.665529972643124,1.5375704729935524,1.8260180959720262,6.375234707049408,6.451792208011189,0.858743781273112,0.7392310580648008,2.665547071956098e-8,3.5843793404844774e-8,0.7617234537701734,0.6607479186822511,0.39650758107718503,0.33147359648194746
179,21.911497237416988,30.736831665234394,0.0,0.0,9.338569062400937,3.9238121019219356,1.5185325943958097,1.8223952458950676,6.428749696205647,6.643577960442366,0.889717920279544,0.7670922319096556,2.3392203729599714e-9,3.373219653682508e-8,0.7876167444192106,0.6844091169183306,0.41383310836258713,0.3464313105583941
180,20.3095518693191,30.359135879231214,0.0,0.0,11.893982915745907,4.252574319803802,1.4960268841511468,1.7925583212882064,6.408129046609139,6.885359694595863,0.9203956705247948,0.794691644308684,2.0954757928848267e-9,2.4968317199722483e-9,0.8130710493496736,0.707674258764386,0.4313277860632297,0.3615687389920712
181,18.786038277003687,29.917469301247074,0.0,0.0,14.0295948888263,4.662728935073515,1.4370303333217191,1.760061271929368,6.4076534998008485,7.160867638623497,0.9508595202806346,0.8220187705530129,7.275957614183426e-12,2.8823074942837533e-9,0.8381180431988469,0.7305449715952763,0.4491012947797572,0.376853955290831
182,17.355586719592576,29.425202291480858,0.0,0.0,15.3647675327873,5.151218534802224,1.3750330354959532,1.7052563707886523,6.387061250793154,7.459368489433169,0.9812106598781166,0.8491455268379856,4.729372449219227e-11,0.0,0.8629830703375774,0.7530497150907495,0.4669417301646718,0.3923827880408378
183,16.037515713624952,28.899677518958732,0.0,0.0,15.79514199396181,5.697497455964187,1.3131080494530178,1.660411257232057,6.434596381406228,7.772866395135904,1.0116036128878463,0.8761682152443863,5.093170329928398e-11,0.0,0.88785615638335,0.7753909613550743,0.484822973032351,0.4079700950478929
184,14.862489339101975,28.372481219046826,0.0,0.0,15.494474335552411,6.27013541191344,1.2569839396957285,1.6243849610745071,6.504931625576664,8.068851389538697,1.0424836326334261,0.9032271613030642,1.4551915228366852e-11,0.0,0.9127745989208051,0.7977394485520228,0.5036016837477291,0.4235930560567608
185,13.869347301048622,27.847032279414414,0.0,0.0,14.798581717458816,6.842822977653149,1.2106501047009164,1.5951098325381745,6.577514838640688,8.368735822730404,1.0733820408141193,0.9307046736197767,3.637978807091713e-12,0.0,0.9374883011314523,0.8201286885512374,0.5227472532533739,0.4400001405828441
186,13.11324030311355,27.330929984699658,0.0,0.0,13.979252171586666,7.413926614874787,1.178131029530522,1.5723450309956042,6.62801824081929,8.66907117467351,1.1039247515087356,0.9581893107518134,9.094947017729282e-11,0.0,0.9614479870888317,0.8423339692579163,0.5424643998609099,0.45672775202875393
187,12.657385197310104,26.827752904599254,0.0,0.0,13.254413321439142,7.982856178061198,1.1611213001519527,1.5545443772452416,6.637215694982888,8.967151650149788,1.1338124202272313,0.9853376370809671,4.3655745685100555e-11,2.1297646040873816e-11,0.9842614703738946,0.8638617657684887,0.5628143230222121,0.47395475384434377
188,12.564598102687109,26.33517444794282,0.0,0.0,12.737279599321884,8.557491943978432,1.1595811156458742,1.54075930187649,6.594152326450995,9.261071035309557,1.1622473667617963,1.011876973547042,4.729372449219227e-11,2.2362528342917507e-11,1.004911851929137,0.8843596982846926,0.5839273168786349,0.4917346170898778
189,12.898805233421685,25.84787627603114,0.0,0.0,12.459369998069832,9.150104442973738,1.1725714446972286,1.529946896829986,6.497343459303585,9.549709676290574,1.1885782267829363,1.0370818080680284,2.1827872842550278e-11,0.0,1.0225665808775375,0.9029140821438321,0.6058677981663095,0.5101811804565238
190,13.717887045231388,25.356349059037136,0.0,0.0,12.360012181298368,9.77367592022241,1.1989187861105957,1.520877649566694,6.352531588616294,9.831798242415054,1.2152898741881812,1.060359904188688,4.001776687800884e-11,0.0,1.0401948994804116,0.9187768699138357,0.6284298285403566,0.5293507246829632
191,15.057947587222053,24.855955597951223,0.0,0.0,12.393597119163491,10.426888307729541,1.236740802049455,1.5129795194998763,6.189062182558842,10.107418256217638,1.240657353704215,1.0839637737978318,6.912159733474255e-11,0.0,1.055882394528453,0.9346159279155011,0.6514161789710216,0.5490633207496965
192,16.419934075648435,24.476802301141127,0.0,0.0,11.879551934978359,10.937925363002233,1.2840933928913318,1.5047466740798348,6.019922595208351,10.378045252758955,1.2824562874215861,1.1063366401709889,6.548361852765083e-11,0.0,1.090474675893347,0.9487111544389356,0.6749511911112223,0.5691466479106894
193,17.729682029924987,24.116421593379133,0.0,0.0,11.111506523502293,11.413790833119096,1.3177538001895466,1.5009749879859893,5.8586931138402685,10.64847812565759,1.3253926127298055,1.143569041469103,2.9103830456733704e-11,7.848742719111057e-11,1.125839873793666,0.9797923462014938,0.6993927054631058,0.5897093444499039
194,18.987821856529226,23.773033126142376,0.0,0.0,10.294014643363855,11.856716423932593,1.3416559249103694,1.499025504335673,5.712870639699838,10.921395813686413,1.3690682859839594,1.1818075605409342,2.9103830456733704e-11,7.474993065820054e-11,1.161378303051606,1.0115680040865782,0.7249471766191163,0.6110640582295856
195,20.229972818732243,23.444831328881854,0.0,0.0,9.717453527929683,12.24347109620736,1.3579944498583092,1.4987766856860543,5.592288993091968,11.198402596088632,1.4133315521925345,1.2206863579729808,9.240466170012951e-10,0.0,1.1970304881797347,1.0434993104716868,0.7514147235655855,0.6333911694888511
196,20.6779630868215,23.482647415943152,0.0,0.0,7.7473726577509305,12.284814461442028,1.3684501931292012,1.501155507820082,5.100308679179904,11.258496433977419,1.432097539663924,1.2600730828414273,2.546585164964199e-11,0.0,1.221436777497729,1.075532826620965,0.7476600575712382,0.6565160416640371
197,20.56625249785426,23.617788726903623,0.0,0.0,4.999802190412853,12.219729520750713,1.3739661054910348,1.505444728964649,4.527600593750565,11.262341957512586,1.4527531072580342,1.2771606466195096,7.275957614183426e-12,0.0,1.2462230344026466,1.0974618965909382,0.7466054775931752,0.6532355645588996
198,20.090540673276603,23.849255844505734,0.0,0.0,2.6136690964281977,12.049131957592989,1.378267093656083,1.5115751607024486,4.105194513289828,11.214821812975664,1.4734812126220036,1.2958836186994744,3.346940502524376e-10,0.0,1.269864346488248,1.1197323677338895,0.7473897413451596,0.6523141711343563
199,19.410870169608955,24.165776784252703,0.0,0.0,4.033162724728747,11.783963068622025,1.3855701209975777,1.5181513874312718,3.9587835992341036,11.12787076299391,1.4921300425157114,1.3146216599949596,3.019522409886122e-10,1.57331615414908e-10,1.2901464172045962,1.1409741050169766,0.7496494420407999,0.6529993879082983
200,18.756052857533817,24.336099498316283,0.0,0.0,6.135653923787564,11.599823269608589,1.399832560901415,1.5246553824079196,3.9675817779764753,11.232540693111556,1.5666008240839195,1.3314388975846392,1.4915713109076023e-10,1.8997792561350144e-10,1.3564543840348051,1.1591975613934857,0.7837535620672952,0.6549737030299728
201,18.09422114369172,24.48933828240391,0.0,0.0,7.305364368726492,11.41404823881963,1.4216865970984889,1.528389544347761,3.981473139293862,11.397124619553678,1.643651335832558,1.3979714570763249,2.546585164964199e-11,3.382629731420522e-10,1.4254110230158403,1.2187753212609573,0.8184089010079788,0.6847706996399254
202,17.555139261605813,24.593908247592555,0.0,0.0,7.595840480071976,11.244127158192347,1.4510789081969464,1.530657192350091,4.144788489229535,11.625350219610173,1.7239897498244066,1.466823882546972,3.092281986027956e-10,0.0,1.4980483105409803,1.2807329157183642,0.8532244234578229,0.7150492997029718
203,17.409767194898834,24.611102131277445,0.0,0.0,7.331845462184034,11.093816769495508,1.4890491940118822,1.533739873202105,4.64077258403054,11.908383016269253,1.8033962360495426,1.5386460906053436,2.5174813345074654e-9,1.809313577271442e-10,1.5703629774016008,1.3459975749194628,0.8866781284119042,0.7454678533954584
204,18.018060555301684,24.570967076690934,0.0,0.0,6.747468110679983,10.97336035787137,1.532203701369948,1.5349296147032097,5.41222212344548,12.264184143897815,1.890556529982192,1.609657660983327,1.4297256711870432e-9,3.097466178481002e-9,1.6491337638362893,1.4109723591039947,0.9244251305722173,0.7746965776398034
205,19.343676802744827,24.457602066431978,0.0,0.0,5.918480292017785,10.879581910034087,1.5791709838886445,1.5370693427902846,6.270257444821534,12.676484224250814,1.9833442297393056,1.68757761160658,1.8189894035458565e-11,3.1308991467566692e-9,1.7334255399273388,1.4817479722280953,0.9637895160084554,0.8076763844471972
206,21.157906713608654,24.282783551513223,0.0,0.0,5.10430056129425,10.80671262501716,1.641891097792049,1.5401142018495517,7.050665264350115,13.135349438269348,2.080038811043317,1.7705473027782446,3.2014213502407074e-10,0.0,1.8211861495219637,1.5574841986111583,1.0049091820835656,0.8420693097672396
207,22.98092954200112,24.293193178625177,0.0,0.0,5.779170795502184,10.58951479437168,1.723076133547143,1.5468999616049923,7.040292827286301,13.387657554800528,2.110133772603489,1.857007280234385,1.4551915228366852e-10,5.349274924106872e-10,1.8519908577309252,1.6363371754177982,1.0113329823371258,0.8779958355192865
208,24.740621582274642,24.34481567910686,0.0,0.0,7.4410461429335095,10.336656982351743,1.8289111435731262,1.5604195861426446,6.452489934573715,13.580487404250045,2.140851354525398,1.8840675162123433,2.510205376893282e-10,1.3485567035563543e-10,1.8823159613093594,1.664015229821455,1.019868199314624,0.883608352477951
209,26.553081107912032,24.45624586139937,0.0,0.0,9.800940513475773,10.04524520081359,1.955119883087829,1.5789423357746728,5.579300344381485,13.6998356879309,2.1707251094105047,1.911639693725055,2.3283064365386963e-10,6.607927847426136e-10,1.9108554532722337,1.6912623583226527,1.0298926824310455,0.8910656283047405
210,28.30080379580874,24.516509596691964,0.0,0.0,10.780249490980287,9.862067796821796,2.0638880600292273,1.6056435962673363,4.744232215740148,13.743610342505843,2.1740330879746796,1.9384134121021246,4.001776687800884e-11,2.996792674569676e-10,1.9088190596721688,1.716905114067378,1.0405910171825326,0.8998240858671686
211,29.8061576711381,24.607205880218924,0.0,0.0,10.813486190053688,9.697793561536196,2.138537876894737,1.6358110146453786,4.185816197831958,13.717688102517098,2.1754004407176084,1.9411532937855207,1.2005330063402653e-10,5.7081765229898595e-11,1.904483107782653,1.7150754128290233,1.0513377999695876,0.9091712920477261
212,30.947643607097564,24.939276367120563,0.0,0.0,11.859150157054705,9.3996547586439,2.167145653719692,1.6704542656108203,4.1755048695415,13.402069215963287,2.1019782239148848,1.9421352859813186,1.7462298274040222e-10,2.547273773384225e-10,1.836047587579742,1.711179556621504,1.023348283799305,0.9185608276289443
213,31.667050268252716,25.22569465769394,0.0,0.0,11.396330671464604,9.212678649759528,2.170272701228389,1.7055959660990005,5.2244079654996725,12.975018917308843,2.0099218207882887,1.8764071038492054,1.0331859812140465e-9,2.2119184026585705e-10,1.7462965841095865,1.6496901891897562,0.9951050025038057,0.8941062012237858
214,31.92964297637487,25.529395964209417,0.0,0.0,9.953730876970566,9.057890975632159,2.139324685929096,1.7424230133968532,6.721503714476525,12.454337200234399,1.9212908982956467,1.79382901897103,5.420588422566652e-10,1.8355355131739267e-9,1.660282038143123,1.5690488425508948,0.9668620737690617,0.8694298585810503
215,31.94428628582075,25.945936985088995,0.0,0.0,9.458566395872026,8.81145419121964,2.069300188412621,1.7818528922297414,8.131320109107767,11.869481853206207,1.855527463591173,1.7143427191466272,2.495653461664915e-9,1.2129875111353451e-9,1.601042845964912,1.4917647052389953,0.9378933700190373,0.8447538238411619
216,31.788260138877035,26.375491587952062,0.0,0.0,9.476454715754295,8.561004395359861,2.012390488331446,1.8132870843626354,9.201322570145422,11.255242820062355,1.7918781980947118,1.6555603940709476,1.5643308870494366e-9,2.434894048087862e-9,1.5451255450498138,1.4385382450197937,0.9074219122556315,0.8194436747157937
217,31.53298177030572,26.800805560072032,0.0,0.0,9.795011201555237,8.302765961526575,1.962816352004995,1.837500687301133,9.864148460633995,10.642378364657915,1.7296373899108077,1.598728128634663,1.7462298274040222e-9,6.064937555676726e-10,1.4911113817652222,1.3882965064606017,0.8764886466735788,0.7928205594187
218,31.266737691500158,27.000298973512997,0.0,0.0,8.938904300924872,8.184061028101194,1.918982545745185,1.8545599110280804,9.305768099372328,10.289232378282895,1.7302863798869605,1.5431817597275788,3.537934389896691e-8,3.686054989720702e-9,1.491191199493187,1.3397647386910871,0.8776330457408675,0.7657939595713128
219,31.087929982945887,27.11211850059383,0.0,0.0,7.444033186464988,8.101484871872582,1.8699756926827975,1.8711638553688226,7.933133504943378,10.04011520990737,1.7287407445937197,1.5437404256307101,1.6661942936480045e-8,5.680457974555254e-8,1.489561182401303,1.339836454970429,0.877355142403394,0.7667938286519762
220,31.091204002168993,27.151357189314567,0.0,0.0,5.719186488777964,8.052666823569721,1.8136265629791684,1.886427132988115,6.311531179379187,9.852623787818906,1.7267381758992786,1.5423487830080909,2.227898221462965e-8,3.916058827493924e-8,1.4872668610460096,1.3383718833332123,0.8773038311453547,0.7665510226655808
221,31.34746938542989,27.222058980437367,0.0,0.0,5.222920910793973,7.893788727950282,1.7489338792493017,1.9005577530296969,4.782076310207103,9.744595381913168,1.740948851736116,1.5405379960836754,1.4893885236233473e-8,2.9190187694439395e-8,1.5040293201964232,1.3363104337992315,0.8768116721113983,0.7665061916885048
222,31.776620985389357,27.26343027741455,0.0,0.0,5.6334315233988255,7.719924940282113,1.6864318553400566,1.9119889141182804,3.610855491837009,9.696326035698831,1.7557387460266396,1.5534084147642804,2.61206878349185e-9,9.989308915232253e-9,1.5214769161193544,1.3513715164881381,0.8762000559319404,0.7660761890863236
223,32.296937281734046,27.295270024318274,0.0,0.0,6.7582778602131715,7.527325323945562,1.629354717385738,1.9224669073832517,2.9576742786620636,9.686843993783231,1.7705088122760688,1.5668040845358508,1.4577381080016494e-8,8.931160546174609e-9,1.5386598107761529,1.3670481949295046,0.8759152019742033,0.7655418160089027
224,32.85581771656051,27.233664611525313,0.0,0.0,6.897986193964277,7.438045297403737,1.581280367519461,1.9325933868512495,2.875519297319394,9.693953637568002,1.7689821788184836,1.5801720454789412,6.293703336268663e-10,3.113674384326135e-8,1.5373279479863413,1.3824870391913613,0.8751689718662874,0.7652929372344969
225,33.408596277437795,27.353971462497036,0.0,0.0,7.781027035677747,7.236692963350513,1.5591476416373105,1.9378513261796706,3.086293254461459,9.516026353411007,1.7010038335709354,1.5788093111848343,4.343746695667505e-9,1.967444062345711e-9,1.4781908832646877,1.3812903594367292,0.8416446723268564,0.764640951042437
226,33.933638331497455,27.52440194952153,0.0,0.0,9.191502052460981,7.022656244776561,1.5528086875733236,1.9397093797432587,3.4053529238428513,9.275883135658876,1.634839822904199,1.518136320239047,6.184563972055912e-11,8.766128231734427e-9,1.42000444063342,1.328155660702432,0.8101164330729261,0.7353505475438504
227,34.40219026406717,27.659559866521334,0.0,0.0,9.246502340928554,6.895413796591639,1.5589386093284712,1.9381730817187652,4.079941602095003,8.968671486805572,1.5597229786340734,1.4590558348646774,5.820766091346741e-11,1.4885267576957682e-10,1.3509124600223004,1.275875097201456,0.779596880083318,0.707804115270486
228,34.87168675027173,27.823802809111037,0.0,0.0,8.384579251859636,6.789478656499221,1.5653069419215595,1.9322548042607304,5.174414411666864,8.599193079190579,1.4871572929238035,1.3918515693750892,1.2732925824820995e-10,2.4654687498066554e-11,1.2843375176544214,1.2137958982313366,0.7497425922553248,0.6811389789233041
229,35.3539100060758,28.00678075301662,0.0,0.0,7.025506036599385,6.713409794974318,1.5681508343008757,1.9217469900345705,6.397637185131898,8.183838628715165,1.4177899209651952,1.3269374498010171,5.820766091346741e-11,2.5887421872969882e-11,1.220787226642642,1.1539782606172233,0.7209762875827892,0.655055089062954
230,35.85211935014558,28.28825479311661,0.0,0.0,6.667012482318946,6.553870488093889,1.565116705164417,1.9067591347815669,7.5020393090864115,7.741641872386761,1.3619617177245553,1.2648886887269595,2.546585164964199e-11,2.0386344724963784e-11,1.1725577753913967,1.0968782746332437,0.692854951570962,0.6299217772922328
231,36.335806935419434,28.579279299072667,0.0,0.0,7.003012095086949,6.381381811033002,1.5644103209479265,1.8864131848245913,8.212374041891698,7.320375353396241,1.307889019172395,1.2150745395688372,1.8189894035458565e-11,2.1405661961211973e-11,1.1265372121870314,1.0535440751258303,0.6644453296017673,0.6053519789970796
232,36.81363450569564,28.867258512761357,0.0,0.0,7.868918903156602,6.195879409742438,1.5703848534233837,1.8602410051274734,8.609998608061268,6.93047951635154,1.254172715031318,1.1668561465617644,2.1827872842550278e-11,0.0,1.0808049329552887,1.0121945631192846,0.6362467257507433,0.5805303033957231
233,37.07708857057695,29.067539431564068,0.0,0.0,7.7185654921546325,6.0944955809182,1.5581270673535599,1.831018859943246,8.67705835797089,6.606602967131772,1.1949048261959334,1.1189549349385015,1.8917489796876907e-10,0.0,1.0282589062971965,0.9711040746371755,0.6086716399560828,0.5558929956801951
234,37.10261906348853,29.246278750674435,0.0,0.0,6.902046972252492,6.013996195662587,1.5337219796451864,1.7964977678504093,8.473240750116855,6.307123642224599,1.1380020883434114,1.0660145876402005,6.912159733474255e-11,1.809313577271442e-10,0.9775246398894524,0.9238914287348059,0.5826614209667241,0.5318004597328455
235,37.12872033547262,29.46299449992001,0.0,0.0,6.734698986567649,5.855416109139461,1.5001594913757774,1.7577190663075903,8.113199012422514,6.0333628492116445,1.0909395805877389,1.0151749060321809,2.9103830456733704e-11,1.7231557878775638e-10,0.9378307177685201,0.8783066508408086,0.5573353687886083,0.5090751584257958
236,37.314271551061836,29.644128110667996,0.0,0.0,7.004163762608012,5.686751729939202,1.4696732813733022,1.7126104366606407,7.686718919588853,5.792034276999149,1.0465246957199554,0.9732229451973419,1.0913936421275139e-11,0.0,0.9003533594477631,0.842641630887893,0.5334583084767474,0.48694761828473937
237,37.66542438616213,29.705816509790953,0.0,0.0,6.5784343179048195,5.605160302821738,1.447267546260141,1.665767627203403,7.287719722950283,5.580241077629281,0.9972698461967033,0.9336304232948603,7.275957614183426e-12,0.0,0.8568005767901923,0.8089681952222031,0.5103331438826899,0.4660860719016088
238,37.909163658391215,29.805462358650015,0.0,0.0,6.6810115173759606,5.446635921276117,1.4283186050414785,1.6177374919860963,6.984021495331741,5.3914339052356635,0.9557167780143064,0.889639097271695,5.8862497098743916e-9,0.0,0.8215261909626861,0.7698359860566427,0.4883536396305317,0.4458814617884364
239,38.02932697482165,29.834921624987068,0.0,0.0,6.206974847988411,5.370016102212312,1.4178664040333762,1.569922462886988,6.8048778546353175,5.218882338285921,0.9103771633168438,0.8525886832724837,3.768946044147015e-9,9.664094476860726e-9,0.7815280591912597,0.7381419229273453,0.4669052068520614,0.4266778227907194
240,38.12247747834352,29.9256548693764,0.0,0.0,6.26509030394022,5.219880793802892,1.412281331259326,1.5220243933368696,6.746176925347861,5.055320206117442,0.8720834876533646,0.8120981569127658,0.0,9.203899501772119e-9,0.7491645149402757,0.7022035703549346,0.4464102810105942,0.4079381843391146
241,38.25512883257326,29.94705344689003,0.0,0.0,5.825293291531625,5.14794471694666,1.4154773649731442,1.475822341987336,6.791015703477845,4.899705564341181,0.8304949724838835,0.7779600306626144,1.7462298274040222e-10,0.0,0.7126371717076836,0.6731249035958276,0.4264623791396844,0.39003163136812885
242,38.46402527255751,30.022345599281035,0.0,0.0,5.90288070214318,5.003753083861845,1.4233885542235858,1.4308604136354264,6.9108261938943825,4.747287158903731,0.7950981881578005,0.7408262756299611,1.529042492620647e-8,7.8665807707454e-11,0.6827226090390468,0.6403050542363623,0.4075180583958627,0.3726030168733583
243,38.72666703231345,30.104859549262336,0.0,0.0,6.317833904485785,4.847557664141153,1.4391638472132529,1.3879748568805734,7.075571564168949,4.596580270930403,0.7611334753792595,0.7092706947864358,3.810055204667151e-8,3.002477215674251e-8,0.6540424469640129,0.6134267963777742,0.38929763024225394,0.35605123784159654
244,38.995660208118,30.135200096653655,0.0,0.0,6.168741777833953,4.763756102071065,1.4565964117550492,1.351685485487841,7.288632571852987,4.459307896264516,0.7245046234501735,0.6789928133004314,4.010144039057195e-8,6.43009198923228e-8,0.6218284361730184,0.587657648390052,0.37180148650495537,0.3401319285252481
245,39.23697932179715,30.170267221221664,0.0,0.0,5.662662357326928,4.693536283067248,1.4733086235361603,1.318650067743705,7.527131433180443,4.323643475189707,0.6892687591317959,0.6462856524470192,6.122718332335353e-9,9.11811443846714e-8,0.5906209784134262,0.5587133345883771,0.3553284145309135,0.3248454314162308
246,39.34542003045537,30.213762575060677,0.0,0.0,4.968254329683783,4.639929063907732,1.493264656680192,1.2870132306256068,7.762503233108803,4.18435951832481,0.6554974755955204,0.6148131503120948,4.6289642341434956e-8,1.2067334902323443e-8,0.5606484415457089,0.5306734113019951,0.3396325448252355,0.3104527988821907
247,39.23849878086677,30.332387787747326,0.0,0.0,4.829992355695243,4.519866352433127,1.517763041394422,1.2571255191384787,7.9800358673149825,4.043807379847795,0.626578435828456,0.584646245860501,4.525281838141382e-8,9.016517547812964e-8,0.5358928610276052,0.5037430616893925,0.32468350396175083,0.2967392131123994
248,38.974793615402035,30.464828652641547,0.0,0.0,5.0659166067652555,4.3876419122932075,1.5185005381132881,1.2327585117441477,8.18525680294984,3.9043629631609322,0.5991073794156712,0.5588521167946562,8.731149137020111e-11,9.790746427269725e-8,0.5124197736040514,0.4815001590732039,0.31041202890655767,0.28367813672952963
249,38.613148205818526,30.602721268308027,0.0,0.0,5.5560799859759324,4.247581862379638,1.510560522562217,1.2118377780750689,8.367045934241142,3.767990084090497,0.5727978694223961,0.5343513123593789,3.637978807091713e-12,1.7980756047418057e-10,0.48991193592883064,0.4604095720301299,0.29678897258709186,0.2712090540583466
250,38.19171566832048,30.68601441086137,0.0,0.0,5.55684067696793,4.1652344380251884,1.5012985849710365,1.1945646620343355,8.517835279446539,3.6361474885961265,0.5449880792350598,0.510885310700986,1.8189894035458565e-11,0.0,0.465349696631165,0.44018625625601066,0.2836576569627596,0.25930649913444254
251,37.738492978960025,30.749642459857906,0.0,0.0,5.243581641603291,4.095577434528767,1.4902944161318288,1.1812779857167512,8.632402820758927,3.5097640487966024,0.5183082700469938,0.4860487263681426,8.731149137020111e-11,3.745990843212095e-11,0.4416668065568956,0.4181170653757988,0.27124508250831236,0.247833581351728
252,37.27291973235101,30.795648257212846,0.0,0.0,4.728038247360237,4.040472768912748,1.4770922346776423,1.1722646959762526,8.710391653608342,3.3889352265271055,0.49281780756465077,0.46221638476368915,9.458744898438454e-11,1.730647769563988e-10,0.41905340308767336,0.3968379699743571,0.2593523410603211,0.23698863249245936
253,34.65873401995925,31.208683078054854,0.0,0.0,4.600862793268402,3.928489735492555,1.460076862472878,1.167667330806917,8.755054413234182,3.273602981988349,0.4707056163931731,0.4394471064110158,5.4569682106375694e-11,2.0228350553345314e-10,0.40005510516675713,0.3765198093302524,0.2480316313176445,0.22659786520381223
254,27.327790040132644,32.567363493725104,0.0,0.0,4.25683158900013,3.8888706406376348,1.4416286408127255,1.1672106535144593,8.705154874212985,3.2330951113617066,0.47079946633376435,0.419721395939282,7.275957614183426e-12,9.989308915232254e-11,0.4003054380973481,0.359449823840365,0.24780575806435082,0.21670688579357625
255,16.996428064150585,34.0191627473669,0.0,0.0,3.7360464204360446,3.8700104297156894,1.4206229785834663,1.1711100455748584,8.607120581753149,3.2040067699933323,0.47277040385043567,0.4198122258031844,1.8189894035458565e-11,1.3590896483309189e-11,0.40302992005308624,0.35967474817359774,0.24714113032619023,0.2165095389586401
256,10.849219869108149,33.9818505085124,0.0,0.0,2.6199459846736746,3.9513354934140423,1.3959767250655615,1.1791965660415846,8.518561458092957,3.2688181532511527,0.49721184260016854,0.42161370450170227,2.1827872842550278e-11,3.567610326868662e-11,0.4252902552507294,0.36212269733415153,0.25758069650232757,0.21592884915890054
257,13.971126309023846,32.75643437943649,0.0,0.0,1.6222099607763574,3.987167467989777,1.39874585149692,1.188765778524529,8.558130394182077,3.383777248233542,0.5243587490444841,0.4434703522673909,9.458744898438454e-11,4.756813769158216e-11,0.450613167065967,0.38212362585944454,0.2681415136943088,0.22504996756319479
258,16.973159032245405,31.48601627463565,0.0,0.0,0.8813889978827931,4.017764866586933,1.4132335854279363,1.2039026105204695,8.751334952436114,3.5476395752651,0.5514669049408878,0.4677718754841305,6.548361852765083e-11,1.783805163434331e-10,0.4754642314819648,0.4048762818640974,0.27937342720156266,0.23427702379415027
259,15.836684578807441,30.959411805983862,0.0,0.0,0.7594865162083032,4.039816215314585,1.434159286685007,1.2248252265012953,9.018365574204262,3.7553002389186125,0.5780334260978766,0.4920205594647517,2.1827872842550278e-11,1.223180683497827e-10,0.49920690275757806,0.427204982611165,0.29140197309839094,0.2440904212954729
260,11.864886880496172,30.96145032260862,0.0,0.0,1.0744732639133834,4.0530623502560115,1.4592568859187165,1.25220703043506,9.269853602921247,4.000090427412124,0.6043786346834223,0.5157588976721147,3.637978807091713e-12,4.5302988277697295e-11,0.5221701194968773,0.4485378031477654,0.30432203398113417,0.2545998422531548
261,8.321947901990336,30.611028275612895,0.0,0.0,1.394216139698748,4.059495416255123,1.488017288278153,1.2858032573506846,9.470443069290125,4.274330617139963,0.631308031491879,0.5392747583250682,1.382431946694851e-10,0.0,0.5454355957554071,0.469170265521627,0.3178833772141843,0.26588818498934236
262,7.52011358259231,30.242852872869513,0.0,0.0,1.614220695145934,4.0636191229497935,1.5194628500176037,1.3251192939166907,9.627673562251235,4.569208397342857,0.6601925301688701,0.5633032691419896,5.7101715356111526e-8,1.8768380857903164e-10,0.5707172469083162,0.490074311992938,0.3318674448814818,0.27773682102073033
263,8.10194515055697,29.851712925121358,0.0,0.0,1.7808609877214434,4.067252702045028,1.5638085323704547,1.3791347713220028,9.748327567730009,4.8778202626321585,0.6914699478466354,0.5890901924756407,4.723187885247171e-8,9.253361870661061e-8,0.598589268140131,0.5127898911924017,0.34615253406914237,0.2899547936521546
264,8.581633332131657,29.715658729271247,0.0,0.0,1.9047105848216819,4.071163950510452,1.622619384950998,1.4477837823755169,9.829731626073247,5.195217515484629,0.7252270336554923,0.6170345612642631,2.4752807803452015e-8,8.449007313790545e-8,0.6290631671145093,0.5378329239912271,0.3608791794002627,0.30243577114095077
265,9.092295491170644,29.588959384040272,0.0,0.0,1.9905291122720647,4.072987800569012,1.6889597027645498,1.5245968066356923,9.868367368050212,5.519558559667087,0.7605651257175843,0.6472111477781919,1.8277205526828766e-8,2.734204843535581e-8,0.660916403921874,0.5652137459923984,0.3763626143558667,0.31530253907890493
266,9.702270734603713,29.469786435567872,0.0,0.0,2.0320650990954303,4.072459456173534,1.7558280269346287,1.6047071018512429,9.865868134464865,5.849092911560387,0.7974689587328094,0.6787990984179467,2.000888343900442e-10,2.9509312869709657e-8,0.6941113933389715,0.5938339040820754,0.39263992891633276,0.3288305192278492
267,10.414990812310089,29.354482965676453,0.0,0.0,2.0379555046676368,4.069499322781841,1.819863297104932,1.6864881615521226,9.832929745124089,6.183288329431396,0.8359585049335333,0.7117837358455038,6.184563972055912e-11,1.2858453797177567e-10,0.7286919830730767,0.6236596279470974,0.4096762328665591,0.34305211715287515
268,11.215419347158527,29.238493692914354,0.0,0.0,2.018045027380366,4.06453046792442,1.8792717393253768,1.7690488641925466,9.784574147341642,6.520304722712328,0.8759126652115794,0.7461840075412938,1.2369127944111824e-10,1.2246146473502445e-10,0.7648634731194761,0.6547303147719143,0.42685696031066983,0.3579368492193218
269,12.051602892357092,29.13249860471004,0.0,0.0,1.989251328973166,4.057882636831399,1.9305531160245266,1.844102996197466,9.724727635723392,6.867120188369342,0.9181200382747646,0.7819051700387625,5.4569682106375694e-11,5.324411510218454e-11,0.802891846629791,0.687230426768829,0.4453190848111717,0.37294776505092403
270,12.892016454369024,29.02953738906589,0.0,0.0,1.9487428350739189,4.049620633952158,1.9454332307662074,1.854751874986594,9.474201102559652,7.230315695186775,0.9621943477299912,0.8196330439043499,5.820766091346741e-11,1.5973234530655362e-11,0.842649827911373,0.7213989499954263,0.46449890239318853,0.3890782461220448
271,13.742392082768639,28.927362461208592,0.0,0.0,1.9265603611722382,4.040054739458862,1.9430212609401134,1.8598598775649582,9.109422764384512,7.61012527525872,1.0082425972465998,0.8590318313988421,2.9103830456733704e-11,0.0,0.8843025088353897,0.7571215271688194,0.48431622703560606,0.40583578015498256
272,14.69577034461432,28.832832942311416,0.0,0.0,1.9135607303641025,4.0295415635363385,1.9343326847873126,1.8692041932931902,8.723138829958001,7.960381758601965,1.056566461387627,0.9002001521477203,5.820766091346741e-11,4.109114583011092e-11,0.9279855809727451,0.7945464934312293,0.5051489372807282,0.42315030864093234
273,15.664921613035263,28.740579804549412,0.0,0.0,1.9276744808117718,4.018632439003685,1.9242892129680618,1.8831148399748867,8.428813349218649,8.311479925879139,1.1076030925914546,0.9434018009149691,8.731149137020111e-11,0.0,0.9740636507740419,0.8337957677714016,0.5272424631598823,0.4413519860792582
274,16.653087891211943,28.644757544939903,0.0,0.0,1.9801687403818742,4.007393743879066,1.9153360120183243,1.9019666858838573,8.26543226168437,8.666280616609004,1.1610565787871847,0.9890262667613138,4.729372449219227e-11,4.5302988277697295e-11,1.0224424383377482,0.8751969494020462,0.550148924774885,0.46065524647090883
275,17.686329808358348,28.54475282579265,0.0,0.0,2.0576153560864143,3.9959476792827315,1.9034472527185127,1.9173540491767098,8.258813744065737,9.013577850271956,1.2169876342683663,1.0368165001935596,1.8189894035458565e-11,6.4718554682424704e-12,1.0732028230504511,0.918665327733644,0.5738419665366564,0.4806687744108809
276,18.790615762402222,28.43761538106219,0.0,0.0,2.1701669828531465,3.9843482774109877,1.8951921123981925,1.9411187995254766,8.352562139102576,9.382003731118079,1.275457015505425,1.0868279264189291,4.729372449219227e-11,4.077268944992757e-11,1.1264902653238096,0.9642735729597114,0.5981724504962586,0.501369542488952
277,19.977508261722186,28.32401267712904,0.0,0.0,2.3063684492551886,3.972635900598009,1.8936219307351625,1.9737322663476717,8.493818710833505,9.77175765302848,1.3366143984604928,1.1391188189754804,1.4551915228366852e-11,0.0,1.1824138092488283,1.0121523813865632,0.623246046011991,0.5226272482349182
278,21.24239823045881,28.2050051410712,0.0,0.0,2.473479646152668,3.9607855335741515,1.9002385159321418,2.0152989327003827,8.642880529754569,10.182425784134175,1.4006076026997618,1.1938218863201027,4.874891601502895e-10,0.0,1.241112690717273,1.06239972920351,0.6491078074410325,0.5445342153117626
279,22.572559080752978,28.08151434710255,0.0,0.0,2.671134451774736,3.948806375362711,1.9159042591909727,2.065912459607676,8.775796544608497,10.613133523758192,1.46758114850243,1.251069560278984,1.7462298274040222e-10,3.8209106600763374e-10,1.3027091247677163,1.1151407199269574,0.6758279098162803,0.5671298082603642
280,23.943162215856454,27.972832482342447,0.0,0.0,2.899548768126449,3.936550000466024,1.9397010215888715,2.1233361268821196,8.816489148844598,11.014527416403265,1.5384132685181624,1.3109907113750021,1.8189894035458565e-11,3.6389625334060354e-10,1.3673369620246376,1.1704851638822897,0.7050567473856062,0.5904753394029114
281,25.234976910843013,28.013199886035487,0.0,0.0,2.761098326889316,3.844585692432476,1.9722065462664915,2.1879744504863874,8.403245373254055,11.205688650359743,1.5477497966483922,1.3743416633272063,3.4924596548080444e-10,0.0,1.3760999459409504,1.2285533264142705,0.7084337455305558,0.6160127691155622
282,26.484480059544172,28.09824467120015,0.0,0.0,3.7356309566811055,3.738404503850433,2.009894074548724,2.2554103055479477,7.784396786871193,11.316932219132916,1.557636480314198,1.3827027705061485,7.275957614183426e-11,2.1405661961211973e-10,1.3851765458966838,1.2364268744216176,0.7124025136840373,0.6189632749795164
283,27.671929394657514,28.16533438770885,0.0,0.0,4.923372845695225,3.6918324517774983,2.049667804598326,2.32336565205904,7.208522388381749,11.350779945475757,1.5598015220718033,1.3915476949218462,3.8562575355172157e-10,2.0386344724963782e-10,1.3854313788397121,1.2445822065687606,0.7166314832491025,0.6224308140948183
284,28.77064607503332,28.19510698897212,0.0,0.0,4.446440801606016,3.7243593417029706,2.09026593494825,2.3905431323592294,6.852166127592234,11.314276002599819,1.5537735992753583,1.3934088569747043,1.127773430198431e-10,2.64003164188281e-10,1.3764692151908093,1.2448111741683099,0.7207946291677673,0.6261256929413338
285,29.84013714017973,28.281413894360888,0.0,0.0,3.8895082578648803,3.710038665155401,2.1331600900738903,2.4558984821362553,6.768658564849911,11.219983103404614,1.5551690469953836,1.3878665296287167,3.637978807091713e-10,2.5143158494122e-10,1.3760151627775485,1.23675866313204,0.7246606354279266,0.6297630611837335
286,30.881770844801476,28.371816344255205,0.0,0.0,3.3041513061650516,3.700131299217619,2.1757066050945832,2.517872019313201,6.893410556509627,11.086258567727075,1.5566697880843694,1.3890393582050244,8.731149137020111e-11,2.354622815733317e-10,1.3760180516619585,1.2363506966848596,0.7278702842093936,0.633140816445669
287,31.88862563557167,28.458853272919036,0.0,0.0,2.7685074442621653,3.6937346064945293,2.21576153469148,2.575761600069871,7.111664064900829,10.930364238968565,1.5580154430750799,1.3903221367027556,3.710738383233547e-10,2.242497919746016e-10,1.3761635295177257,1.2363532923513878,0.7304697535735158,0.6359451079280345
288,32.91594832534863,28.596392570231966,0.0,0.0,2.735300175166357,3.6152341396066587,2.2520262832064937,2.6292429880393784,7.330395024742549,10.766392248760548,1.5670716732864867,1.3914786075003427,5.4569682106375694e-11,2.4259750222706903e-10,1.3853333617680619,1.2364840043181726,0.732506045018954,0.6382162816760398
289,34.00395764538467,28.7344671732819,0.0,0.0,3.5338443738635075,3.5237287946780955,2.280851073962398,2.6779441417535113,7.519769970386351,10.608011998192488,1.575803194165234,1.3996177070900773,4.18367562815547e-10,2.3104524021625622e-10,1.3944252629062248,1.2447231057546768,0.7339849405200766,0.6399954031088948
290,35.123505879660215,28.80946600897803,0.0,0.0,3.9824500475547917,3.4897799825660862,2.3007581424974703,2.7222662234153705,7.641840628610231,10.46214988364757,1.576665285268976,1.4074759387450142,1.8189894035458565e-11,3.1394970876444227e-10,1.3946619888483838,1.252892185995105,0.7353851770560595,0.6412875239848085
291,36.188806102706266,29.00097662780537,0.0,0.0,5.382414869385742,3.393197052267848,2.315177426295548,2.762654096736259,7.889340661486614,10.131518267015702,1.5118178737846093,1.4082230411304386,3.2741809263825417e-10,2.9899972263280215e-10,1.3356727899663383,1.2531048844369925,0.7082171147594181,0.6425109198844892
292,37.18279607781686,29.15724950726624,0.0,0.0,5.895306814475165,3.3494122356488334,2.3224009307134286,2.798960658453606,8.243912708648935,9.759550501512141,1.443291476239183,1.3502327874659987,7.275957614183426e-11,2.0386344724963782e-10,1.2720397332923312,1.2001030427567292,0.6819128993575759,0.6187740032630985
293,38.121920127590904,29.298760477013836,0.0,0.0,5.749583423636209,3.3124616353112577,2.387553858673556,2.8216545043026042,8.56784439710949,9.386018423983693,1.3772024575122763,1.2888963904270256,1.4915713109076023e-10,1.941556640472741e-10,1.2112390904312633,1.1429286917313162,0.6554284665690829,0.59579183518504
294,38.91823050307563,29.435603127714792,0.0,0.0,5.145057178998402,3.284697537076061,2.411742503791315,2.851292219764057,8.87534993580746,8.991368580839193,1.3137477944538747,1.2297665826308615,0.0,1.8491015623549916e-11,1.153429779536964,1.0882992667455154,0.6289141524164734,0.5726522101212577
295,36.98418357031459,29.67794283287935,0.0,0.0,4.213826063207261,3.2677366546224764,2.3869417230897416,2.8214345113195773,8.953288373297967,8.590253233103153,1.2529647153760801,1.1730184878970447,1.0913936421275139e-11,1.7610491070047538e-11,1.0984676532916637,1.036357555918717,0.6027349273514573,0.549486477757599
296,33.401532012113265,30.03418498220261,0.0,0.0,3.152404156204021,3.260932332460074,2.3171313973603587,2.7420281226890655,8.70830223314025,8.19485625275348,1.1950682113695088,1.118677591876424,3.637978807091713e-12,0.0,1.0462266076119704,0.9869740426411806,0.5775793584873554,0.5266135145616374
297,30.339747804769864,30.2679023526287,0.0,0.0,2.1104812038712204,3.2623370872069737,2.233871728916902,2.664612482592606,7.909353076429737,7.971572657001419,1.1950441518072261,1.0669222111000163,1.0913936421275139e-11,0.0,1.0463635441483348,0.9400354223659767,0.5772814376419774,0.5046349266903426
298,30.737565947196195,30.29877576879088,0.0,0.0,2.0257927729136913,3.200494290189839,2.1469618075283265,2.5885623248264613,6.823698735422943,7.818725509359934,1.2000873164705086,1.0669075397967596,7.275957614183426e-12,0.0,1.0524504156037437,0.9401584599473527,0.5766781510070359,0.5043746312658839
299,32.73667229643268,30.176332610469753,0.0,0.0,2.7014551381038516,3.1265333390935512,2.111290200052026,2.511372066172716,5.6609304334259996,7.722222992929207,1.205044806104226,1.0714820312744109,1.0913936421275139e-11,0.0,1.0585921610290825,0.9456275186872991,0.5757739324826616,0.5038475357141676
300,33.85450780564886,30.065812728702152,0.0,0.0,2.971636285868482,3.102879659701834,2.0371848272609827,2.443478351666522,4.707371984411579,7.639668016112485,1.20500385528643,1.0759857578716814,1.1641532182693481e-10,0.0,1.0589504273484636,0.9511458817532401,0.5750289415965653,0.5030575143724106
301,34.142727715864275,29.9761269338946,0.0,0.0,2.8674327721554698,3.0844360354847313,1.947329293907181,2.377277917567458,4.054407900229246,7.581836792452146,1.204392808802952,1.0759662386916125,1.5279510989785194e-10,0.0,1.0587839176168927,0.9514677843204187,0.5740545737925004,0.5024066104308034
302,34.86809830026235,29.851674253226818,0.0,0.0,2.573679723780462,3.070700357477782,1.8996719985003576,2.3083552341683506,3.670919084215599,7.540903948865075,1.2036601283868396,1.0754366502350534,3.637978807091713e-12,0.0,1.0583337740063143,0.951318175196833,0.5733474753286828,0.5015552992531933
303,35.10850698655798,29.810412028044553,0.0,0.0,2.139178127702962,3.060710551759445,1.867167341817524,2.2432305728920783,3.4807201038460613,7.508231744813701,1.2028967716255314,1.0747908101145234,3.637978807091713e-12,0.0,1.0578756980976323,0.9509137208102749,0.5725902990459872,0.500937502171071
304,35.16219347528876,29.84170454474178,0.0,0.0,2.5810581153886965,2.9921262027267734,1.8395377754220374,2.1801900619836934,3.4206671744792136,7.477422212622564,1.2069841526188336,1.074118403761042,3.637978807091713e-10,0.0,1.0630192340959184,0.9505021392493229,0.5716649828484606,0.5002759524308855
305,35.3605603365122,29.83774575653555,0.0,0.0,2.6763314882777287,2.971163489867119,1.7657396946202344,2.124444456795275,3.439921068706197,7.44444787240622,1.206588343223301,1.0778352806302887,1.0913936421275139e-11,0.0,1.063146635557132,0.9551236103491253,0.5705915012562854,0.49946749756618336
306,35.866286181335454,29.82679508350468,0.0,0.0,2.520216548801805,2.954451286329635,1.7176516917111848,2.0634175819518816,3.4227354705872104,7.408357397627664,1.2064267696425186,1.0775024558691846,7.275957614183426e-12,0.0,1.0630734572841902,0.9552380806596816,0.5703861629877792,0.4985295895548544
307,36.58724692092684,29.915302280110524,0.0,0.0,3.206054295035228,2.8816670610794177,1.678382009411815,2.004819691744299,3.4378574000054423,7.212594195069985,1.154865759756867,1.0773611677547874,4.6202330850064754e-10,0.0,1.0174531935863342,0.9551723299260464,0.5463551243648909,0.49835018403689474
308,37.344591256120914,30.0340874944571,0.0,0.0,4.541839447966305,2.800473935690934,1.6009000901782273,1.9530908324607956,3.6733085268360437,6.9702670024456665,1.1057094575548136,1.0313081802322877,3.8562575355172157e-10,1.1043969197381336e-9,0.9739173352863872,0.914182487439403,0.5235250027981693,0.4773541057466025
309,37.942496379696124,30.150143162466172,0.0,0.0,5.142047215447615,2.7635321500305534,1.5451041953762386,1.8952342277844643,4.217953482953419,6.687829977539243,1.055034956956792,0.9874011441677326,1.3787939678877592e-9,1.051806590226794e-9,0.928023118944111,0.8750654848223576,0.5018683603357204,0.4574072766980864
310,37.99359292831091,30.30136275264582,0.0,0.0,5.192365700461899,2.7319146671793435,1.4975670268004067,1.838291703599873,4.9970934064108645,6.374011218472236,1.0065240125217088,0.9420941349401045,8.767528925091028e-10,2.5702328313905656e-9,0.8840577051432774,0.8338294961582382,0.4811783055787146,0.43848572431157035
311,36.01772453842494,30.503476085250906,0.0,0.0,4.906569701587478,2.7074738586112383,1.4529438040128557,1.7814533631296694,5.852797958084272,6.040817368812487,0.9601985510530135,0.8987202627525823,1.0383155313320458e-7,2.4478407918005386e-9,0.8421256821475254,0.7943265371230788,0.4613085658340424,0.42040868580956875
312,27.261148033033642,31.01799554124413,0.0,0.0,3.5121404831845116,2.7480765235626348,1.4097258153998966,1.723820992304769,6.154956497040975,5.845269241184049,0.9572613537753123,0.857302796537648,1.0166695574298501e-7,2.812095756813217e-7,0.8382939722414449,0.7566505817849722,0.4621823401379515,0.403048361906677
313,13.431811237514788,31.716890881070803,0.0,0.0,1.3451921567666405,2.8138146553160888,1.370672600988153,1.6668824207561894,5.97587138837374,5.690684551377386,0.9540244813128859,0.8546261921509667,1.964508555829525e-10,2.6726405457662833e-7,0.8340191627758031,0.753207787454656,0.463222135769729,0.40381178440958276
314,5.068101198834107,31.810794808879308,0.0,0.0,2.043643080510655,2.8410206246524377,1.3373108109197311,1.6107810493947796,5.052925266356253,5.713693493868886,1.0009875891772781,0.8516743461946896,1.8553691916167736e-10,5.281799327545804e-10,0.875369259802028,0.749366867821476,0.48549440025667534,0.4047202606462673
315,14.033467680182424,31.236075027437042,0.0,0.0,2.916116428294796,2.8584507780432347,1.3073103996438293,1.5565142516005275,3.763697328797444,5.82435292462751,1.049655156728777,0.8936118045932142,6.548361852765083e-11,4.249723596875934e-10,0.9188481003675406,0.7865199622159013,0.507438781034989,0.42417968638801906
316,19.749505545042048,30.59610856199299,0.0,0.0,4.930968125938269,2.941389722604703,1.2537428823800707,1.5112613179378054,2.7262943168997875,5.981202431705752,1.0959667874316332,0.9370983759451164,8.003553375601768e-11,1.156387373299574e-10,0.9592929288992309,0.8255857343247021,0.5300002601104552,0.4433526378386815
317,19.024969164683785,30.15659637676462,0.0,0.0,8.41164994021056,3.1161709189913793,1.2180023017744515,1.4643832498931222,2.68437918176897,6.191108727839465,1.137867486741861,0.9784397969027918,3.637978807091713e-12,2.517305846638528e-10,0.9947004912446573,0.8619254442876114,0.5525516718840663,0.46306475211656956
318,14.161373148444923,29.87170004342476,0.0,0.0,12.422800343306498,3.3513949892960255,1.1915416254116817,1.4223720799813302,3.5955290619932803,6.428471041220267,1.179136512711726,1.0157926500742023,8.003553375601768e-11,2.2475945059272572e-11,1.0293648899678374,0.8937391666449322,0.5751268024631372,0.4827680705572737
319,10.789179216444944,29.39749556657028,0.0,0.0,16.026819083965446,3.6647578541671337,1.1512341587325927,1.3896676559187033,4.777685042349393,6.680197995382912,1.220026009654547,1.0525734532862137,2.1827872842550278e-11,4.7199484624472406e-11,1.0635148371093237,0.9248851559150182,0.597829118964546,0.5024921123071661
320,11.548704221221751,28.745975354749305,0.0,0.0,18.41416972988714,4.0643301827450555,1.136657845380357,1.354985645803632,5.89481900366124,6.944440838163701,1.2611346258974507,1.0890076795716546,1.8189894035458565e-11,4.4951890118545143e-11,1.097585841002001,0.9555689100396492,0.6211005283119903,0.5223272770320121
321,12.549524128723418,28.260370483176423,0.0,0.0,19.62147966390614,4.502108065466069,1.120963554337316,1.326450061744772,6.921465299739042,7.254933073615099,1.3028751031495691,1.1256260128667634,1.5279510989785194e-10,0.0,1.1323966047439171,0.9861817336051414,0.6443302444953588,0.5426596623537492
322,13.914178790104938,27.76139044928845,0.0,0.0,19.855739589769193,4.96389413320362,1.1122567513886839,1.3006497584523402,7.787377716938998,7.580913933475224,1.3449873338216431,1.1628165456339419,2.000888343900442e-10,0.0,1.1676112819350237,1.017459231894891,0.6675888123977983,0.5629556201264111
323,15.560932906476452,27.262472676817488,0.0,0.0,19.42624459779019,5.440851121197541,1.1140273285827245,1.2770035174696333,8.442792977131658,7.922130117061812,1.3871275763581874,1.20034240011257,3.128661774098873e-10,1.0226555001969021e-10,1.202796936930099,1.0490996468789862,0.69094315367106,0.583276785434147
324,17.31868818813044,26.77314559252737,0.0,0.0,18.540617305706125,5.9350874210928986,1.1268833588936549,1.255095831376595,8.859711056239085,8.277967901841695,1.4290700028376988,1.2378910399404406,2.1100277081131935e-10,2.2301756485063213e-10,1.2374196769433183,1.0807139852698484,0.7148661525936404,0.6036816286810351
325,19.08816705444257,26.29975979086853,0.0,0.0,17.41262814032971,6.442080630201661,1.149079093232306,1.2358351715587774,9.054037400473606,8.639695580967958,1.4707730394275758,1.2752465191332634,1.3460521586239338e-10,0.0,1.271209118907791,1.1118225445471808,0.739730159931787,0.6245833122955952
326,20.83468875511129,25.84494023144028,0.0,0.0,16.264616967178352,6.961674452617799,1.1753875054346943,1.2199675106470587,9.072237490137912,8.999433147129858,1.5120021128925731,1.3123618190558395,8.731149137020111e-11,3.469162119898722e-10,1.30392355170261,1.1421823840741774,0.765463102119793,0.6463071604323908
327,22.621816133010725,25.400959197600855,0.0,0.0,15.232827574910198,7.495292910463219,1.2021597041437433,1.2081957521479494,8.979012589927988,9.353152963614255,1.5525927671919981,1.3490261031839825,0.0,2.4779729427848014e-11,1.3352267756617948,1.171576327441195,0.7922838874372701,0.6687902033157805
328,24.309430024403493,25.134234713415232,0.0,0.0,13.420728590749054,7.904812182194548,1.2236722965539857,1.1998132625514402,8.179268442847288,9.515087962730247,1.5357031771702108,1.3850845678904677,1.8189894035458565e-11,2.3599742312236203e-11,1.3188084023022384,1.1997022990713204,0.7868472827605728,0.6922237021449872
329,25.981099281088223,24.911862851732597,0.0,0.0,11.60300350074692,8.254201972306117,1.2332636295976944,1.1938337353611168,6.979466172520179,9.61405083739009,1.5197870731113474,1.3699370389059762,2.546585164964199e-11,0.0,1.3027531756360986,1.1849503773414147,0.7826793155350515,0.6874737040825004
330,27.727685279257845,24.748062870977936,0.0,0.0,10.201812814386749,8.555578583610966,1.2310439167801712,1.1916374178327314,5.583457619209407,9.61255088348558,1.5044725829016867,1.3556380595321118,1.0913936421275139e-11,0.0,1.285700806260138,1.1705247436333028,0.781288160338363,0.6838321234003123
331,29.385870359110427,24.71973273364967,0.0,0.0,8.344364158368103,8.686721145933083,1.2167481103458606,1.1920757971672857,4.377601697078449,9.544677738807001,1.5050472307164986,1.3418121649204429,1.8917489796876907e-10,0.0,1.2872795171715552,1.155203176457616,0.7797939544251221,0.6826166618466909
332,31.01010637825514,24.742840381024138,0.0,0.0,6.516265423901148,8.756520338796317,1.1902124045838314,1.1920382607789535,3.8240295356980543,9.42564598100562,1.505212397986781,1.3423704937348155,1.4551915228366852e-11,0.0,1.2885469703360286,1.1566216494451602,0.7780173958793967,0.6813111642154482
333,32.310601414316416,25.09961259031675,0.0,0.0,2.9762025939627628,8.53091612829368,1.1447938979239929,1.18883378012809,4.294650649773922,9.095296739398998,1.4665107640278578,1.3425652824638816,2.1827872842550278e-11,0.0,1.2633388878366532,1.1577604571012283,0.7447339628949521,0.6797589732030588
334,33.4286067223857,25.55328462262332,0.0,0.0,4.045360359172228,8.207009563257717,1.0883787865362204,1.1873266929527244,5.792076304584494,8.703011525729169,1.4278281389720584,1.3083807201088467,1.3096723705530167e-10,9.561878092970854e-12,1.2365004393268464,1.1351109753263697,0.7139746900170394,0.6506790164483267
335,34.48224849667685,26.089704526586967,0.0,0.0,9.728665239940515,7.7937753557744305,1.040817071916208,1.1874187936231708,7.602266845087361,8.269637424819193,1.3883903734512837,1.2741449827330082,3.383320290595293e-10,3.011991599285819e-11,1.2074572952060407,1.1109966084221485,0.6853281763840642,0.6238044349779673
336,35.53357141635435,26.487518484982665,0.0,0.0,12.64067811303053,7.5174381392814,1.0270942352168941,1.1871702569850622,9.170964272469504,7.842138775110389,1.3263810563994622,1.2391704149702463,2.6193447411060333e-10,2.846332061325099e-10,1.1522486108333396,1.0849013208160978,0.6569702014612175,0.598775785606782
337,36.56452715689635,26.880174779925962,0.0,0.0,13.09737861068219,7.2398046665921605,1.0682253539749915,1.1792065233241023,10.357153803013695,7.411221018766015,1.2662669745983854,1.183770880682584,1.8189894035458565e-10,1.0541970597500367e-10,1.0983501045557205,1.0352962748999897,0.630126256222502,0.5739992344334838
338,37.58208565719944,27.225259786302875,0.0,0.0,11.761466744027752,6.996922796317294,1.1711285398913733,1.1613679254200606,10.901517190623084,6.992231363681653,1.2087123384134195,1.1300485108653948,2.6193447411060333e-10,1.3282882952850463e-10,1.046825306077153,0.9868684249858086,0.6042700518719357,0.550545501003437
339,38.61684481175587,27.492396534886765,0.0,0.0,9.457333319576517,6.827885541833256,1.3141359005282722,1.141210715632264,10.898753795689284,6.597269507078164,1.153736927724741,1.0786169223838151,1.3096723705530167e-10,1.278477484211857e-10,0.9979670605007414,0.9405733534084416,0.57893924081136,0.5279547633185364
340,39.69333049985997,27.66116708655129,0.0,0.0,6.909142542076027,6.74324848009547,1.4883571309055899,1.1216568951804442,10.533292230958567,6.249058552785428,1.101471650476858,1.0295054935397627,7.275957614183426e-12,4.6490090334976616e-10,0.9520685393927124,0.8966741816902032,0.5539000750160994,0.5058230650323836
341,40.797881896979725,27.817342168435083,0.0,0.0,5.52580504289764,6.612189795815251,1.6529662221130559,1.11120278788053,9.998429339967045,5.949342292882174,1.060479050235836,0.9828386379444465,7.275957614183426e-12,0.0,0.9189391355321277,0.8554343246807786,0.5293077376881684,0.4839461792332232
342,41.896208397023834,27.908740879186144,0.0,0.0,5.033824678713104,6.473240961754245,1.8238244835731492,1.1095337426506373,9.455074546430088,5.699282082963779,1.021591499026179,0.9463592524626294,0.0,0.0,0.8880358117658034,0.8256675294959349,0.5050164234002751,0.46245969063012
343,42.88701986288622,28.037861147285753,0.0,0.0,6.1347988894160626,6.216410342133913,2.004996290730195,1.1161888407117428,9.008020728934335,5.490925768052179,0.9911051141845875,0.9117758429534842,0.0,0.0,0.8662471788793482,0.7979008690221185,0.4815653355946779,0.44123620772471156
344,43.72517782670099,28.080928731467342,0.0,0.0,7.320010223897603,6.017419315174294,2.199885717099882,1.1323118140239503,8.697376760439226,5.314464924205242,0.9535333372607149,0.8847687743619689,7.275957614183426e-12,2.324504516748831e-11,0.8356834454989439,0.7783237653796082,0.45919386340256096,0.42074683638892546
345,44.44227627494435,28.041531118122343,0.0,0.0,7.582084952540882,5.897275688424397,2.3948111529072538,1.154923933415042,8.521468226978165,5.15818328902447,0.9096624060551671,0.8513260901327616,1.0913936421275139e-11,2.213813825475077e-11,0.7971750469005201,0.750862227133835,0.4381753502756965,0.40120073230784636
346,45.05275411751462,27.994297111755138,0.0,0.0,7.26981310237951,5.790761738835804,2.5754397923611427,1.181688323221444,8.449270277289322,5.011723497005685,0.8665680606105455,0.8121550217897436,7.640483090654016e-8,0.0,0.7588568020892126,0.7162624009881958,0.4184215070873506,0.3828367176080737
347,45.56752818983191,27.94971418211546,0.0,0.0,6.633276104730772,5.701991276831489,2.731424599229657,1.212333869344084,8.44892359624446,4.870543103638907,0.8248731990097737,0.7736561538992768,7.385824574157596e-8,2.2472424142397506e-7,0.7216439257645106,0.6818334281357895,0.3995570533125374,0.36557765350574717
348,45.997302494395754,27.99223114698745,0.0,0.0,6.597008487426418,5.538708616253308,2.858636030880051,1.246831025946666,8.48916274603662,4.728666650058345,0.7904038974095268,0.7364015633248818,2.546585164964199e-10,2.1400200312925744e-7,0.6922813858363952,0.64839762977256,0.38142470274565315,0.34909565476042576
349,46.02603526150012,28.068158925067323,0.0,0.0,6.9462295128305325,5.362988546287776,2.9641264235669067,1.2866633104126208,8.550158261267045,4.5835769162018485,0.757547937020792,0.7056634294356328,1.0913936421275139e-10,5.32118515873828e-10,0.6645029577248351,0.6220153647928924,0.3637508708709902,0.3332532994651715
350,45.21427121056665,28.11678595774547,0.0,0.0,6.934183597551893,5.267230363506943,3.053371249580063,1.3307662516336045,8.61898566507469,4.434882047318496,0.7215098222222801,0.6763730920788822,8.87666828930378e-10,2.3904695232427136e-10,0.6327100889102439,0.5970564254855577,0.34677711423105395,0.31781155497363006
351,43.82113749007321,28.183427962115807,0.0,0.0,6.847019773391493,5.193642327738373,3.1212070235766785,1.3765689133900996,8.681359201127671,4.283483556626924,0.6873272981280308,0.6441888151194568,6.439222488552332e-10,1.6867152956000587e-9,0.6023453262041585,0.5684905080713606,0.3310572801676244,0.3029814709809431
352,41.96555404374364,28.25503272288409,0.0,0.0,6.7822241297454156,5.1445926181771675,3.167281415368956,1.4242522147279522,8.72836500044383,4.130091602576783,0.6549571694573356,0.6136526867219604,6.548361852765083e-11,1.7115761786417828e-9,0.573552570085667,0.5412077451004774,0.31623779529286367,0.2892469473725473
353,39.822513172946486,28.32134711463455,0.0,0.0,6.668783196682877,5.119169570267517,3.1928232593209143,1.4734159827537952,8.754150399277636,3.9764572633809028,0.6243780501971908,0.5847339946879659,1.4551915228366852e-11,1.7302446072994877e-10,0.5463726657162624,0.5153374343855176,0.3022000326375746,0.2762990649001521
354,37.530798420043986,28.37266516236927,0.0,0.0,6.453766268417665,5.114241648239659,3.2003439556425097,1.523464756516564,8.756321832849647,3.824418890712656,0.5954067303531423,0.5574162081468408,0.0,0.0,0.5206739137174736,0.4909162676184513,0.28880417262212177,0.2640341782655632
355,35.20435191093467,28.40280248847688,0.0,0.0,6.113792948996364,5.124819731472391,3.1919329698443324,1.5735318212263931,8.73497210866891,3.6757891253355526,0.5678512016141941,0.5315370045064174,3.637978807091713e-12,8.672905299746805e-12,0.4962624774343567,0.4678259232960608,0.27600460261633086,0.25233012632629376
356,32.90180917021619,28.489368717482595,0.0,0.0,5.800761490508261,5.047672868223961,3.1687638811646717,1.6227450570893194,8.692149121391124,3.532096323188025,0.5450718439768313,0.506923848616572,7.275957614183426e-12,8.259909809282671e-12,0.4769930246875447,0.44589223503352543,0.26378204922953047,0.24114705686166785
357,30.83951772330699,28.457319646019485,0.0,0.0,5.14814172948552,5.038389338458515,3.133810403043957,1.6705682594571674,8.565518009185658,3.477439267492718,0.5454987913229888,0.48661604935339714,3.637978807091713e-12,0.0,0.47725001985236304,0.4285786044994768,0.26419945095658476,0.2304681306679708
358,29.00492720076132,28.40590254741295,0.0,0.0,4.35510447670432,5.029811848024117,3.086312599409205,1.7164599386403012,8.411323709342202,3.4552274427420935,0.545541149338628,0.4869921863674973,1.8189894035458565e-11,0.0,0.47718933702344657,0.42880951485208635,0.26439644901706744,0.23083281732741898
359,27.41572329259996,28.34019100171528,0.0,0.0,3.50820286983673,5.020757845526916,3.0261270692727655,1.760087196560647,8.275568446772828,3.462106553919995,0.5453231114947029,0.4870257928401497,0.0,0.0,0.47691277765079576,0.4287549912307122,0.2644456436466044,0.23100493584841061
360,26.065161479255355,28.344459261385442,0.0,0.0,2.7879228556532296,4.915985562475102,2.9535555121853423,1.8017696894982593,8.180683056618813,3.4924544276925955,0.5484308088685937,0.48682744664215716,0.0,9.106550564734145e-12,0.48047624039827497,0.4285065024172147,0.26442188738642475,0.23104791751991174
361,24.97864259594492,28.368773372583703,0.0,0.0,2.4990936731277675,4.789178218546924,2.8706918843667726,1.839829528961415,8.131891962465092,3.541016758861665,0.5515627590851503,0.48963821884255676,1.6370904631912708e-10,8.672905299746805e-12,0.48408380559158104,0.43170827648608184,0.2643564759441233,0.23102716153025868
362,24.15850681576103,28.420874630869374,0.0,0.0,3.012991203403829,4.6436807682791965,2.77888176078597,1.8734652617984198,8.114086785245995,3.602169630460416,0.5546870337657398,0.4924716918235465,1.4551915228366852e-11,2.367703146830878e-10,0.4876485628064984,0.43494967662872375,0.26434179506954936,0.23097001114455276
363,23.587636111682023,28.504840344408663,0.0,0.0,4.162602019698863,4.483354047291431,2.6713517512053726,1.866161327601187,7.965734494527019,3.6753721055800663,0.5578580610984953,0.49529681399497033,0.0,2.254955377934169e-10,0.49121618766912434,0.43815261376615233,0.2644092912595625,0.2309571843512497
364,23.276346380646135,28.447386914176796,0.0,0.0,4.469558281740629,4.471400343088144,2.5528985847308148,1.8428772704831171,7.7378343234677365,3.844423084052773,0.5823537062016672,0.49816208318940913,0.0,1.6519819618565343e-11,0.5124244401376927,0.44135812748891634,0.2766894148253414,0.23101615620360677
365,23.174779029831804,28.36091140886591,0.0,0.0,4.1487268847285,4.4992600851985785,2.4248483635415474,1.822887030295672,7.542885083143598,4.0434773630422125,0.6074835808342688,0.5200208264608998,0.0,7.8665807707454e-12,0.5341218881694658,0.46041375973658016,0.28939611186315234,0.24174538216541772
366,23.240630598226534,28.230868016512115,0.0,0.0,3.5115675642337583,4.564929484374109,2.28969849580672,1.807513500391864,7.454060829953824,4.267848801222711,0.6334147102206767,0.5424429415394757,0.0,7.49198168642419e-12,0.556553552083642,0.47990893280248464,0.30242741077327084,0.25284730776177816
367,23.383247650347045,28.123298739088817,0.0,0.0,3.332333612990572,4.572210273624152,2.146484874766484,1.7969375573728612,7.48899300459,4.512890569442293,0.6643325480061513,0.5655818227870257,7.275957614183426e-12,0.0,0.5844189391009422,0.5000638003163762,0.31589909458634796,0.2642328402758407
368,23.407006527084807,27.989544245439117,0.0,0.0,3.4943959813869387,4.581987664134645,2.041018154706693,1.7877518011444458,7.593074972542146,4.777728156608894,0.6966430977850584,0.5932188967044054,1.0913936421275139e-11,0.0,0.6138546457259508,0.5251008724186512,0.32938439491304056,0.2760031398233784
369,23.0242009772624,27.962388792096153,0.0,0.0,3.953117215310361,4.502520154652276,1.959980753832536,1.788535797541307,7.57970100037944,4.9509579377392985,0.7008045929801429,0.6221145911725765,0.0,0.0,0.6188261808329116,0.5515488779106454,0.32890915988737107,0.2877853363625915
370,22.497313829558504,27.768322501497547,0.0,0.0,4.2681633477386045,4.584862668799136,1.8953119121345814,1.7920676626200072,7.60222663542733,5.2113956701652775,0.7300706480898135,0.6258874998115631,7.275957614183426e-12,7.8665807707454e-12,0.6442946487932204,0.5560158058238514,0.3433475742432165,0.28737012039253956
371,21.850544796716243,27.555147584897387,0.0,0.0,4.713432161491806,4.696003205762754,1.8350959471872033,1.8016641676677931,7.637863755396731,5.486074192835452,0.75960084611974,0.6520087196830969,6.548361852765083e-11,7.8665807707454e-12,0.6697257776704646,0.5788992441382897,0.35841432469910617,0.29998505909279555
372,21.10477336776093,27.322650908471292,0.0,0.0,5.496003488232645,4.831667945247309,1.774177761483573,1.8164092984080353,7.673115536798645,5.774998483845804,0.7896830773141138,0.6783541138421025,5.820766091346741e-11,0.0,0.6955496908776695,0.6017491343312711,0.373911741078382,0.3131489790787606
373,20.28199236807305,27.069089032331174,0.0,0.0,6.578593011309788,4.990576196617345,1.7123118458176991,1.8397797430333307,7.70130732071747,6.077650667062859,0.8204623872238428,0.705188446358845,6.548361852765083e-11,0.0,0.7219662452025659,0.6249519404492775,0.3897733567564046,0.32668917491506255
374,19.437696809369545,26.701444174965452,0.0,0.0,8.217397139763133,5.2919967176313625,1.6489297389094484,1.8688056287962145,7.716280634186791,6.393475751335698,0.8452245542195229,0.7326443741200089,8.731149137020111e-11,0.0,0.7413413016638515,0.6486872349279458,0.40597736575200544,0.34054757402048214
375,18.60100901295089,26.278854377370923,0.0,0.0,10.132764800962526,5.667172696532147,1.563370636804105,1.8228379244312094,7.458862094396647,6.725875890804967,0.8691855431714395,0.754651745256674,7.275957614183426e-12,0.0,0.7596457539093535,0.6660957373594474,0.4224000911762687,0.35470512442100155
376,17.812900508574568,25.815113031347934,0.0,0.0,11.923432759368772,6.125647750201261,1.462308906143096,1.7769718328952462,6.984887383618134,7.034610026725799,0.8927511699847757,0.775928268790941,7.275957614183426e-12,0.0,0.777020179793908,0.6825423019888394,0.43959560018524824,0.3690537688531075
377,17.108436449837612,25.307833854233444,0.0,0.0,13.27046245287566,6.669284387507659,1.3811112199641764,1.738363513559849,6.4328919797825606,7.331774784268099,0.9156343458127302,0.7968271738308671,3.503737389110029e-8,0.0,0.7936033715013764,0.6981532371623426,0.4567055331102892,0.3840775994444725
378,16.51737798813465,24.7714572819476,0.0,0.0,13.989249618620162,7.2866595741910585,1.3055354282549803,1.6958941318705052,5.966549278366724,7.604520109342875,0.937997876248684,0.8171090570056688,7.586277206428349e-8,9.922313565779295e-8,0.8094840517205739,0.713053247851945,0.4738940660707613,0.39902666172635143
379,16.061612382212825,24.2279865677163,0.0,0.0,14.10429716300175,7.952395242839652,1.232181882175716,1.6465841977121451,5.613301635386505,7.82814661920303,0.960305766450522,0.836917038559792,1.0574149200692773e-7,2.1385441554089245e-7,0.8248406542606972,0.7273220514659622,0.4917571150038384,0.41404439723656555
380,15.76237303853939,23.680016483078443,0.0,0.0,13.788233063204492,8.638172752097141,1.164107054679195,1.6000677425790615,5.370730648682626,8.048977671261788,0.9820189522016085,0.8566558175749964,7.34871719032526e-9,2.9184190602680063e-7,0.8394684813047206,0.7411199707559487,0.5095624509116533,0.4296514619219887
381,15.665056234875331,23.13884339554615,0.0,0.0,13.212184875861897,9.335064116168597,1.103085439395107,1.5579031257995164,5.215434351065767,8.267042767853786,1.0028245748039355,0.8758556133043316,7.4069248512387276e-9,1.7775531374832817e-8,0.8529304212297575,0.7542630847453841,0.5274152295597105,0.445208102292719
382,15.837685622678588,22.611753031378093,0.0,0.0,12.56037787346986,10.031084784853011,1.0484517502219177,1.523313630734112,5.1147126461296635,8.482421049659056,1.0225771819983664,0.8942303541075999,1.418811734765768e-10,1.8586469702622392e-8,0.8649399779515079,0.7663586482661203,0.5454749560566142,0.4608061940069036
383,16.339394410671172,22.099020479917225,0.0,0.0,11.973475201905314,10.725394194742492,0.9994310360208432,1.4970931935078922,5.0385868453843745,8.695153187427259,1.0411207574810304,0.911643736732035,8.11269273981452e-10,3.295704013903786e-10,0.8752541060675867,0.7771492443418869,0.5637931193884015,0.47658509706198543
384,16.853181613221988,21.73172937031582,0.0,0.0,11.06052994871576,11.249510944024347,0.9639503685227576,1.4769733270602996,4.967601816403845,8.904852691538196,1.0742000729269567,0.9279523775527092,1.0913936421275139e-11,3.4604892145989753e-10,0.9028837074583862,0.7864164964957607,0.5819852296085173,0.4925897979506468
385,17.37465626965106,21.409435279749527,0.0,0.0,10.09538309198608,11.719075256038032,0.9422774408758059,1.4667355663669543,4.906427890593516,9.116675641751021,1.1080207339075623,0.9574285718198062,8.149072527885437e-10,0.0,0.9307967997883679,0.8112417148817729,0.6011050359735691,0.5084843657110749
386,17.899088814735002,21.125049303263946,0.0,0.0,9.345547131073403,12.124723877923024,0.9344053961450527,1.465038048591867,4.86409092684218,9.332834136172012,1.1425352033077931,0.9875514565988625,1.0186340659856796e-10,2.731965169420244e-10,0.9589223884922831,0.8363216501008474,0.621171911507463,0.5251894677191563
387,17.732807327469413,21.19879419432621,0.0,0.0,7.559601053007885,12.201888556487267,0.9468487305940793,1.4697186997425824,4.432986542596754,9.365907350513467,1.1581342829667587,1.0182773991477492,3.2741809263825417e-11,2.6018715899240413e-10,0.9805703196398099,0.8615925134726069,0.6162441607223628,0.5427220304567157
388,16.98638141646696,21.381043044269564,0.0,0.0,5.258542448448899,12.170965001479255,0.9819363004332438,1.4799906098860542,3.8697018017209,9.353699026837267,1.1755814016709292,1.0325355069724276,2.10275175049901e-9,0.0,1.002824827843142,0.8810431964766906,0.6134606724281184,0.5384166222368545
389,15.949176231979914,21.466211154540243,0.0,0.0,3.634648957499374,12.182509753406993,1.0382287973215159,1.4946882218266315,3.686482469584981,9.48788973159365,1.2341416661869966,1.0484038564895604,1.7462298274040222e-10,0.0,1.0563543660755386,0.9010388894381508,0.6381387823130353,0.5359846695776348
390,14.622085756186927,21.573366485953056,0.0,0.0,2.837652770487911,12.150662176174922,1.1109794274536704,1.5096794422996378,3.764191873293949,9.652048513290021,1.2953467732189496,1.1007794150076355,3.637978807091713e-11,8.195895508260731e-11,1.1122527766528947,0.9491352214673648,0.6639405272437217,0.5575460984301198
391,13.031149963983099,21.67204853762099,0.0,0.0,2.705264952123709,12.095625696237787,1.1995969394789607,1.5240064747837334,4.035679235671696,9.851502725097216,1.3598578988350842,1.1555188990780623,1.6298145055770874e-9,4.3364526498734024e-11,1.1713222708785906,0.9993599866985228,0.6908094113197876,0.5800892544363373
392,11.33671565397423,21.730003099303968,0.0,0.0,2.716574592785656,12.030226825471086,1.3028713042855322,1.5366364081876016,4.473515938596552,10.089938560257497,1.4280368575471742,1.2132220365178676,2.1827872842550278e-11,3.642620225893658e-11,1.233767180587165,1.0524339739710706,0.7191020863682752,0.6035647772393796
393,9.854441870325802,21.723929556347567,0.0,0.0,2.730479974116225,11.961255433594623,1.4011831183699124,1.5562107176853317,5.069156300610853,10.366691990116907,1.4997650245993168,1.2742071169895062,4.256435204297304e-10,0.0,1.2994360311149649,1.1085407733454344,0.748839856078439,0.628284275481581
394,8.973034559006381,21.65527356775533,0.0,0.0,2.7288066834897964,11.894812456726031,1.5007292547316278,1.5749500094731252,5.79054956408485,10.68176947402849,1.57478870866472,1.338366218351027,2.874003257602453e-10,4.189013259777707e-10,1.3680242458904104,1.167544286705656,0.7800443189933958,0.6542663624275741
395,8.763746836454434,21.53094467986065,0.0,0.0,2.730473059195769,11.831136186319208,1.6005233467318378,1.5928028840386714,6.537913245908565,11.031618409641395,1.6529227848789005,1.4054693165850585,3.2741809263825417e-11,0.0,1.4390139667666517,1.2291708516520288,0.8132604356676438,0.6815299093298088
396,9.083743910759207,21.37080044988245,0.0,0.0,2.846167565754619,11.76914299642472,1.6993253147578293,1.6115458638348426,7.236474526166303,11.411464353206815,1.733746978961566,1.4753358500591243,2.9103830456733704e-11,4.189013259777707e-10,1.5120824754449131,1.2929551706850044,0.8482247193466719,0.7105510516976172
397,9.829285895100739,21.19562652636696,0.0,0.0,3.1006892221469893,11.707143703585622,1.8069946277309195,1.6364235273836671,7.831147842880856,11.8160588592084,1.8172269247099437,1.5475924316135183,1.1641532182693481e-10,0.0,1.5872210155139328,1.3586072827257085,0.884897250420454,0.7410995788098312
398,10.917770281445188,21.02328002528486,0.0,0.0,3.4344911014915396,11.643638289457948,1.9274982739068265,1.6706616998180417,8.290068167447203,12.239498454528823,1.9035989600332088,1.6222092101555516,1.0295480024069548e-9,8.195895508260731e-11,1.6647176916685567,1.4261193197624322,0.9232572814146806,0.7731406128989968
399,12.149369350327927,20.867427822494378,0.0,0.0,3.7817602114193294,11.577614978814974,2.0619752862116902,1.717572026263858,8.603296625414433,12.676176232109338,1.9933215344466473,1.6994006113312283,8.476490620523691e-10,8.605690283673768e-11,1.7451151829864102,1.4957501435944507,0.9632776016284424,0.806656026897545
400,13.692037708220365,20.7251968136469,0.0,0.0,4.482196019909516,11.501851603054728,2.1688552995296244,1.782996637591225,8.800903745355232,13.121343860476701,2.083161574892545,1.7795819761182572,3.4779077395796776e-9,0.0,1.8245044201084966,1.5679873532456274,1.0053585271500651,0.8416220468753972
401,15.769588348642312,20.6008832467523,0.0,0.0,5.170756415120306,11.428576312766964,2.2518548693176133,1.8591781051507799,8.917487457484986,13.56198352869059,2.1789186044982256,1.8598203813943857,1.4551915228366852e-11,0.0,1.9107625075193937,1.6393186434607039,1.0472215261761448,0.8783884313059431
402,18.12188075147163,20.49804822812461,0.0,0.0,5.390499336506335,11.354800646478429,2.3083391397203745,1.9458644583446425,9.041310994135479,14.008535234723373,2.281771042552207,1.9454141690687556,3.4924596548080444e-10,0.0,2.003687078406074,1.7168216022343796,1.0916579970202747,0.9149644120482796
403,20.31719278269495,20.634303059713698,0.0,0.0,6.335398016051195,11.120255250159854,2.3801202099292125,2.0374120548454218,8.603978950098114,14.225376250949095,2.318217068446189,2.037362294435918,8.731149137020111e-11,3.4867567751232464e-10,2.0400145428557153,1.8003144016065655,1.1011226277633341,0.9537888519778279
404,22.367049888330158,20.843187348868046,0.0,0.0,8.374445502729097,10.842767568971516,2.4625741933616294,2.1336390016693194,7.961983624618348,14.361167837274374,2.356995776311718,2.0700914673260327,3.055902197957039e-10,3.3207207382126154e-10,2.0778786522951123,1.8329546568521977,1.112586803753993,0.9620581630129695
405,24.492490467230684,21.111591335383913,0.0,0.0,11.192893954269637,10.528181805024941,2.550762218723598,2.229679808063833,7.430271046447972,14.411171671063382,2.396413290320495,2.1048816265013777,2.1100277081131935e-10,2.3245045167488308e-10,2.116309528650163,1.8669755885539416,1.1242911709024612,0.9720744895977617
406,26.28936422059864,21.29283564192102,0.0,0.0,12.28864277069235,10.331219733914088,2.643265523777551,2.32389551539209,7.2634790817782715,14.387223534080903,2.403527068789385,2.1402426897394147,2.219167072325945e-10,4.427627650950154e-11,2.1185497476417368,1.9015057609002244,1.1352045353901759,0.982300673035636
407,27.632566711997594,21.683825971834466,0.0,0.0,13.62418392822763,9.98817090003126,2.7127960647840004,2.4181133852650976,7.49910967697276,14.077885062631275,2.3326874787233756,2.146420559334209,4.001776687800884e-11,1.1622522583744154e-11,2.0525185961832904,1.903518599408432,1.1084215288934955,0.9918357521478746
408,28.076348971820043,22.00138140516611,0.0,0.0,12.88415469759215,9.757314894363338,2.7716048612545965,2.508357009001469,8.304364453091194,13.658901165889025,2.2358907717397467,2.0830031162852882,1.8189894035458565e-10,2.1966567683276453e-10,1.9566845555655163,1.8441895583747623,1.081939505315495,0.9684352612517373
409,27.587893547864926,22.315994655260514,0.0,0.0,10.882283225478083,9.57306647702388,2.8039146529357755,2.5956993697793167,9.376636592346351,13.146145598391808,2.1411846599529407,1.9961067713085068,2.4374458007514477e-10,0.0,1.863232895881083,1.7580825984889559,1.055004703176428,0.9452977411133446
410,26.6142354968839,22.727264009342672,0.0,0.0,9.874918459705963,9.314263097478502,2.800391847381357,2.678465861827605,10.39470546056408,12.568164715729228,2.074245955218197,1.911103112988686,1.9281287677586079e-10,1.0983283841638227e-10,1.8022459411986347,1.6741162097644187,1.026842660864895,0.9217646254218391
411,25.197616216310397,22.93446090310804,0.0,0.0,8.039606581635876,9.216810432983564,2.7867711266891204,2.749903813959248,10.605806066648467,12.171021037728051,2.0777395647842534,1.851240126275406,3.383320290595293e-10,1.2813831148577932e-11,1.802793959815972,1.6193193829617905,1.0329257657358084,0.8971592618350583
412,23.547222339696834,23.062370490205666,0.0,0.0,5.9055501093895,9.158848393861808,2.7638531189291307,2.8183630300891775,10.021073052340391,11.87744036349408,2.077863210496645,1.8542517946650034,1.2369127944111824e-10,3.9018115847419804e-10,1.8022395075113309,1.619811778247315,1.0341413245300373,0.9024741110246085
413,22.193685305028453,23.22679787407706,0.0,0.0,5.082136340160647,8.987914153788733,2.7321226455869363,2.8839697683264585,9.024357909496217,11.673828499146236,2.1015613855493,1.854333875437751,3.4924596548080444e-10,4.997394147945394e-10,1.8299359455959348,1.6193136021514474,1.0333899033026228,0.9035361528368926
414,21.24439217234256,23.35940849716989,0.0,0.0,5.237503522460772,8.803891390332955,2.7033957592435383,2.938685811391949,8.112426565849542,11.5260182323342,2.1263322143221814,1.8757882511635435,6.184563972055912e-11,4.3933135366552907e-10,1.858117795389262,1.6441988733523945,1.033773158928989,0.9028796309973448
415,20.747399257083682,23.463281660546937,0.0,0.0,6.192806399883036,8.600457308237365,2.6813004739865405,2.985972928120869,7.48172781662222,11.447721770232882,2.1505884459034905,1.8981818659827794,1.382431946694851e-10,3.835432452635571e-10,1.8855052714734484,1.6695202880579796,1.034359963890438,0.9032144840007088
416,20.636221348399683,23.556414757533094,0.0,0.0,7.797094095017312,8.375993310588374,2.6649199655422877,3.0280939072445765,7.164788888640914,11.418559364338645,2.1741188334740826,1.920102170756009,3.019522409886122e-10,3.3207207382126156e-11,1.9116645457888808,1.6941279559743294,1.035534338610023,0.9037271794785073
417,20.44487822782264,23.549470768011943,0.0,0.0,8.04835970671072,8.26162718047871,2.6548956941302344,3.066189718065129,7.067796633171599,11.418328676095802,2.173629714980121,1.9413496334756977,1.1641532182693481e-10,2.789405420098597e-10,1.9102359499847807,1.7176320843225166,1.0371425905970229,0.9047532383485087
418,19.95573032205791,23.53687744851397,0.0,0.0,7.3819925168523435,8.167927188856739,2.640712557941487,3.10115047159827,7.061765191705436,11.425791435971917,2.172004220681972,1.9408696881000091,3.019522409886122e-10,2.6565765905700925e-10,1.9072877401995356,1.7163484898775232,1.0391611091379673,0.9061583788061401
419,19.146492008572892,23.526262533724612,0.0,0.0,6.150007277989294,8.097456102754771,2.619451727150306,3.1325757546314725,7.05768912590361,11.425351481317648,2.1704284075953173,1.9393525610028324,2.1827872842550278e-10,2.5458858992963384e-10,1.9044034517537511,1.713699521086161,1.0411565518427779,0.9079219720313564
420,18.42367380309877,23.43241069083102,0.0,0.0,4.574604214268502,8.055385831737771,2.5916870660715143,3.1605637957180153,7.142957004962902,11.617063131827424,2.271431712262612,1.9378807200521746,2.473825588822365e-10,0.0,1.997481763623,1.7111079856713898,1.081419727703269,0.9096654036081254
421,17.89463646124468,23.32210192461875,0.0,0.0,2.8992208141208695,8.030961780262608,2.629041042773979,3.1792382214549137,7.340984865244902,11.861645240323794,2.3771614042376474,2.0282547275745,7.275957614183426e-11,4.649009033497662e-11,2.0959672464559844,1.79473892142806,1.1215246959299747,0.9448436081381685
422,17.616114224129223,23.196777014447342,0.0,0.0,1.545217591728548,8.019962566127324,2.6852444235432658,3.179591284174553,7.719362915777863,12.14755607413183,2.4880808158266237,2.1229037451605866,2.546585164964199e-11,3.294985152491468e-10,2.1997369649525353,1.8832282044982807,1.1626278128042031,0.9798835854319767
423,17.595904263886663,23.05876807800275,0.0,0.0,1.6227460508156382,8.017798380095183,2.6814729739041763,3.1900486694318655,8.284724983871406,12.477452427559944,2.6044648063629903,2.222218755117743,2.1827872842550278e-11,0.0,2.3086538689458393,1.97646537747134,1.2055514261054214,1.0157956523110947
424,17.81281506751224,22.911008352017145,0.0,0.0,2.674481977014382,8.019773838881926,2.65826359142134,3.2011122424120484,8.919956195091734,12.847490332884206,2.7263698093150546,2.326428820232673,1.5643308870494366e-10,0.0,2.4227690774914663,2.074327300552776,1.2503128945571007,1.0532982985795714
425,18.246695966911453,22.75753794872296,0.0,0.0,3.698170409925926,8.022468191255022,2.704928137931812,3.2045171513404873,9.478846660301981,13.251498629441947,2.8538271278604377,2.4355844118511625,2.9103830456733704e-11,0.0,2.54199231502389,2.1768599055531754,1.2971523989383968,1.0924066911399772
426,18.905950701863866,22.60319851144867,0.0,0.0,4.454885947063897,8.02346473501434,2.7113085084623134,3.2239731252922272,9.950900274018132,13.681911098464974,2.987246169362614,2.549708328499621,3.2378011383116245e-10,0.0,2.6663897063408513,2.283982078577516,1.34685025533322,1.133330677762259
427,19.60166560930189,22.6542810445868,0.0,0.0,2.8775315666283507,7.886073760957539,2.7061483381829197,3.2459811902445885,9.565583628058716,13.895638216611975,3.0213711675612904,2.669153211363437,2.1827872842550278e-10,0.0,2.701587403742451,2.3957532294968824,1.3528152985943052,1.1767520253167219
428,20.679221564948445,22.762782878805282,0.0,0.0,2.7569887157610786,7.71013853809141,2.701851371572143,3.2674651344368986,8.696347235798816,14.039007496039915,3.056115121878599,2.6998526037333703,1.000444171950221e-9,0.0,2.7359975074032263,2.4273783880467885,1.361674438938462,1.1819637232712494
429,22.552050808903495,22.924991082724645,0.0,0.0,7.483284043636921,7.49497119419992,2.776921176214237,3.277465498062966,7.719018496073877,14.104594754745726,3.083400322720325,2.7310463810908066,4.0381564758718014e-10,4.1741782151410295e-9,2.761188357548235,2.458295892892348,1.3722960337667247,1.1897040130460195
430,24.656599596921627,23.0433092361779,0.0,0.0,10.461375057138456,7.371401252714089,2.806386798917386,3.2985289588484243,7.127236631914598,14.096094677652097,3.085981809736622,2.755462970224697,3.637978807091713e-12,3.975407823943837e-9,2.7586632954207744,2.4809298937679145,1.3831343219382233,1.198984171074929
431,26.246740425626392,23.072659790989807,0.0,0.0,9.0131229625315,7.372097502709836,2.815163323614153,3.3155644120806422,7.015989395067772,14.026590515267737,3.056433998439164,2.7575571077758845,1.2369127944111824e-10,0.0,2.7198930396498326,2.4786611234964635,1.3942634757029282,1.2084536555087873
432,27.215614782853812,23.07523747191106,0.0,0.0,5.222460689491319,7.4387971862010875,2.8100613018773264,3.329752033532597,7.164060189409904,13.91039229784155,3.0233535388499453,2.730611920670148,3.637978807091713e-12,0.0,2.6773452715697204,2.4438260161825927,1.4044532451027862,1.218177271145309
433,28.500418628871632,23.248678903836197,0.0,0.0,4.0507245963868135,7.307836685189169,2.7960314169180176,3.3421996264727345,7.352883500544108,13.763958431221806,3.054100354124421,2.70048545647595,6.330083124339581e-10,1.5575291847541155e-11,2.7074899983927025,2.405596813401405,1.4131620153635596,1.2270801408184902
434,30.03055722670852,23.622777679353913,0.0,0.0,6.584669591603642,7.032263319061314,2.7819873672031954,3.351082128376421,7.902601206247565,13.378903389069343,2.978178369599027,2.728075906631558,4.256435204297304e-10,1.6354056439918214e-11,2.643546534362031,2.43268187394676,1.3715714060193933,1.2346890509413597
435,31.5751227632107,23.94929479601339,0.0,0.0,10.138089166407294,6.826352569182101,2.850102091527926,3.3434011726609,8.80930931840441,12.92682215811799,2.8756840892977062,2.6604052822843918,2.1827872842550278e-10,0.0,2.549157701958393,2.375228621679274,1.3309222336358288,1.1983510590650261
436,32.909394961627605,24.208168711881036,0.0,0.0,11.263755802238643,6.704279803910857,2.8649298522282445,3.344006971896237,9.950231946500287,12.418226206245818,2.749154029365227,2.5686983591174237,6.511982064694166e-10,0.0,2.4272443524769187,2.2904201821896617,1.290865109352626,1.1628356071048145
437,34.105659877919265,24.460667419762785,0.0,0.0,10.557848490995841,6.593315891167415,2.855419764498819,3.3376248025903577,11.05694879028351,11.870507498927507,2.6229270643086475,2.455251301917629,3.6052369978278875e-9,0.0,2.3054100159752124,2.18088094237329,1.2509320696680335,1.1278374309984585
438,35.29291684632734,24.680313934586405,0.0,0.0,8.818701217747225,6.508562643885054,2.833783285831462,3.325395599702297,11.735381369741102,11.34280546449791,2.498756445297026,2.3420685652230824,4.220055416226387e-10,1.914295487639713e-8,2.18726233405323,2.0714126961501855,1.2081668986300884,1.0929476686621031
439,36.514224003552776,24.868109954680307,0.0,0.0,6.67390411150472,6.4577571824032525,2.805478056196732,3.30835150837796,11.967249421324826,10.824081734954628,2.3808712085001997,2.2308050472219967,1.5133991837501526e-9,1.6660040835909087e-9,2.0764379540887603,1.965256911896026,1.1648833135919177,1.0555834542830003
440,37.90391619908206,25.107537021267408,0.0,0.0,6.218420628016347,6.322410021139614,2.7755566815425983,3.2896288625642693,11.780498807217885,10.318798654110157,2.2879496804806103,2.1252327589064897,5.129550117999315e-9,7.194108542778924e-9,1.9942742507064395,1.8656811201090708,1.121420506937784,1.0177662981244036
441,39.14059885841792,25.326424154542508,0.0,0.0,6.904039108056414,6.17309210588495,2.7414364666107556,3.2654967409163476,11.286893132656898,9.849500868598922,2.1964671159251754,2.042240153954985,7.639755494892597e-11,2.5422789587263865e-8,1.9137900220284791,1.7918569685629513,1.0779033087085736,0.9797925549005102
442,39.29550378550072,25.549403005941503,0.0,0.0,8.401488967498565,6.009991556004376,2.7015474459457214,3.236598259923631,10.60267356738631,9.418747383718598,2.108669285161193,1.9605502426812176,0.0,3.6060694450019664e-10,1.83706814915422,1.7195418263132753,1.0352133932408834,0.941771289452268
443,39.104328119628846,25.6947292559381,0.0,0.0,8.530015292597096,5.930999674133051,2.653450114874468,3.2019210696608873,9.863235344889965,9.02776685031193,2.008945318160109,1.8821729736115635,3.637978807091713e-12,1.6354056439918214e-11,1.7463188708024973,1.6506071637328106,0.9930919860901668,0.904472826362253
444,38.73789331544632,25.81278939541884,0.0,0.0,7.709370032131336,5.869923335097633,2.670980299555657,3.1501344417936146,9.1512588334424,8.670718491165806,1.9124548519842015,1.7929947570289966,2.9103830456733704e-11,1.5575291847541155e-11,1.658487453682028,1.5690688664819492,0.9523145104728883,0.8676710730285537
445,38.551626766709816,25.90668506239667,0.0,0.0,6.3961234556192,5.831337191784939,2.6339252453689164,3.1047220987329163,8.579706922326126,8.336985147683952,1.8203802384278793,1.7067074172232302,3.637978807091713e-12,8.177028219959107e-11,1.5750763685300626,1.4901522697135339,0.9126437671714485,0.8320435211408068
446,39.08327629928207,26.047299464437632,0.0,0.0,6.1038785422243365,5.7105158323927006,2.57340727293877,3.052570560272548,8.168422160040773,8.016968716696624,1.7463764646010904,1.6243864578053258,7.275957614183426e-12,4.6725875542623464e-11,1.5119192484744417,1.4152073449351064,0.8740314309022779,0.7973829288008742
447,40.31902250483331,26.172112908902562,0.0,0.0,6.561176642026445,5.57660956700852,2.5013815952154794,2.9967065292915396,7.895176556732961,7.705049624775259,1.6758885226459423,1.5583876664253369,3.637978807091713e-12,1.483361128337253e-11,1.452104117588533,1.3584606232783003,0.8366576193514448,0.7636470741572571
448,41.87941166652079,26.292429147751488,0.0,0.0,7.643414023325487,5.428636191994062,2.4236728235574665,2.938649524439453,7.718929924626111,7.3975726019983785,1.6077938688387323,1.4955389871539968,0.0,1.412724884130717e-11,1.3941377513347106,1.304716681408436,0.8008626942109459,0.7309933264758034
449,43.374605405867094,26.35078921031416,0.0,0.0,7.700374379274843,5.3538633487909975,2.4072590085074093,2.8690039845046402,7.570365231170598,7.094161088491567,1.531112610754308,1.434816484316632,3.637978807091713e-12,1.3454522706006827e-11,1.3253132969039143,1.2526338562317803,0.7667140874279994,0.6997190621161034
450,44.58577956723137,26.41530099781059,0.0,0.0,7.076834492898182,5.2912768094057006,2.3445052769598407,2.805775162759175,7.466580912754857,6.797764104055118,1.4565457638022037,1.3662855858013851,3.637978807091713e-12,0.0,1.2578860840949346,1.190795030222046,0.7343351833396355,0.669883197256888
451,45.49592611106973,26.488265627523386,0.0,0.0,6.104035909280346,5.243558235634637,2.261784618718158,2.7365968441208133,7.382298483530553,6.509079278619444,1.384530163610783,1.2996232472464209,0.0,1.3454522706006827e-11,1.192491653473553,1.1302116273642469,0.7034823596537535,0.6415935334415338
452,46.234068893150074,26.637479044740648,0.0,0.0,6.1442602490995,5.11734133424292,2.2273529457194847,2.654000020936109,7.285005856542743,6.2294579356620075,1.3241512336419958,1.235230358649089,4.001776687800884e-11,0.0,1.1397598910352826,1.0714546800445548,0.6740355186062971,0.6146372162007254
453,46.93543281890764,26.722613837280317,0.0,0.0,5.748782983938637,5.065135944357052,2.149009366851972,2.5795562723066,7.178082148508876,5.960300049170657,1.2581258165140856,1.1813314925639469,9.458744898438454e-11,0.0,1.0797567200606863,1.024075150407114,0.6457600139858641,0.5889093152956651
454,47.704125790587206,26.848375619587458,0.0,0.0,6.173915778338205,4.933179733034899,2.1062968298286058,2.491151446810718,6.937956567104421,5.725058182666651,1.2018125758835752,1.1222931336391329,1.9281287677586079e-10,0.0,1.030708040096215,0.9701622545475262,0.6180569582432781,0.5642048188954127
455,48.537079879074206,26.894059814998975,0.0,0.0,6.080641959490823,4.872264618742674,2.0214987895461,2.410826578397908,6.619932800402162,5.507803371381589,1.1409092391556377,1.072029320241395,1.7680577002465725e-9,1.3350250155035275e-10,0.9755067519836302,0.9260919773701265,0.591659081587568,0.5400004749145287
456,49.13322634483225,26.924931731679507,0.0,0.0,5.658646265507064,4.820333643988701,1.921701401044859,2.3277205719279817,6.258455795195619,5.309447922396229,1.082472219308438,1.0175776673357673,1.2732925824820995e-10,7.367113043886966e-9,0.9223528534548677,0.8764935769635412,0.5665786082250179,0.5169364744358425
457,49.53854646042195,27.033251614543573,0.0,0.0,5.986363943862863,4.693199735555839,1.862566887297286,2.2367984534638135,6.003247577583853,5.108265443173036,1.0333401684059873,0.965323553160293,4.911271389573812e-10,3.4117305951756816e-10,0.8791607702987676,0.828734757726339,0.5430177194245062,0.4950234980506272
458,49.87130960688168,27.08595265609372,0.0,0.0,5.850501276348557,4.633144549990068,1.8174432411783417,2.1472270114033853,5.846901588466026,4.914213818832583,0.9810764229140276,0.9214530326829803,1.0331859812140465e-9,2.227266734198385e-9,0.8317487725635146,0.789926637325983,0.5202931163650647,0.47443819311215507
459,50.236040114523455,27.118108785264656,0.0,0.0,5.4088752343922355,4.582202731772576,1.7358919758172964,2.065509288553022,5.772061279003407,4.722558448158133,0.9312201623473598,0.8747249483976249,2.4374458007514477e-10,4.301747272178033e-9,0.7865083718625101,0.7473269204152548,0.49857353695560963,0.4545835559849025
460,50.667355458469004,27.180721788895152,0.0,0.0,5.63231824469671,4.46042904622155,1.643226860453862,1.9817463880127877,5.677963142040374,4.553304906551216,0.8884613164537994,0.830149270637849,4.3655745685100555e-11,1.0171619165741162e-9,0.7492948165272537,0.7066783851338659,0.47741050340373475,0.4356070150091067
461,51.138638518085735,27.172743918494312,0.0,0.0,5.470047409004643,4.403307962877286,1.5862386514173283,1.892038745408,5.596433020765317,4.394513633194476,0.8430349481113172,0.7919855599160391,4.3655745685100555e-11,0.0,0.7085139325590717,0.673241976656243,0.4568543872031114,0.41711673184315784
462,51.59649168204451,27.149700124857,0.0,0.0,5.072432005212243,4.354135832869183,1.512498557684659,1.8113116548440755,5.5381794093541385,4.243489122057128,0.7995057666147884,0.7513894147283529,1.0913936421275139e-10,0.0,0.6693125935489661,0.6366003206560629,0.43729866563603537,0.39915671647413686
463,51.95757394744572,27.18400096646748,0.0,0.0,5.282563537515769,4.236253788234728,1.4371336452200647,1.7319787509586975,5.508996614033633,4.099620350409244,0.7617871785050492,0.7124839808153118,2.1827872842550278e-11,1.3350250155035275e-10,0.6365006767136947,0.6013778870856658,0.41855297619022164,0.3820707524043339
464,52.12690962998164,27.181021194282167,0.0,0.0,5.174944643189224,4.1785980084662295,1.3969645652065998,1.6490801481285529,5.522513690608451,3.963291507865124,0.7218939885910008,0.6788199012245898,1.3096723705530167e-10,1.2714523957176453e-10,0.600776097855487,0.5718963541767591,0.40024868645550665,0.36569251889790255
465,52.14240705956956,27.184887758037867,0.0,0.0,4.870578235919287,4.127358247927813,1.3494386569241614,1.5741051825739931,5.570004752498843,3.832322929737746,0.6837507837879847,0.6431731524306874,1.0186340659856796e-10,1.836542349369932e-10,0.5664304367001023,0.5397977922160253,0.3829774075717978,0.3496999392712744
466,52.06233469473945,27.24621194759763,0.0,0.0,5.095208399013619,4.010357302167893,1.3055410958128781,1.5011628496768639,5.641981735178045,3.7065441436767173,0.650526855470406,0.6090828109726888,9.458744898438454e-11,1.3454522706006827e-11,0.5373798523705773,0.5089381888990114,0.36661708082738187,0.3346099079563937
467,51.92681342873932,27.259988580348967,0.0,0.0,5.039368717261433,3.9496650006820193,1.2718084494382123,1.4304598355813556,5.722467842170111,3.5862405853334303,0.6159249372464135,0.5794247254337839,1.127773430198431e-10,5.650899536522868e-11,0.5061812150688638,0.48283621653746966,0.35091894481975033,0.32031578238325625
468,51.75056234905741,27.31896591675319,0.0,0.0,4.997390463843708,3.907998401675451,1.2490752074024305,1.3622510467746005,5.798227412322069,3.47076667013358,0.5821815227182319,0.5484984663266668,3.2741809263825417e-11,0.0,0.47547479446984653,0.4548042162558564,0.33594500326448723,0.306600215979379
469,51.00012236391261,27.35643341594671,0.0,0.0,4.851544360111025,3.8629127801028553,1.235953971508482,1.2968714184038885,5.859242752941877,3.3616300641915586,0.5511520181863047,0.5183287189922476,3.637978807091713e-12,1.5575291847541156e-10,0.44732806738102227,0.4272144735669739,0.32197227719789223,0.29351738365391195
470,50.054499360787865,27.52468270146871,0.0,0.0,4.460581393443951,3.8241192932670844,1.232182906357381,1.2345777202909356,5.893118215125282,3.2535542363548764,0.5222647458158867,0.4905897794702906,0.0,0.0,0.4214025137716817,0.40192461764552534,0.308513186280652,0.2813093198797484
471,49.297538649786006,27.715090448440485,0.0,0.0,4.345972322978322,3.724033995568734,1.2358581093987433,1.175770686366491,5.914507266543077,3.145909647560832,0.4974180196236029,0.4647776509513776,5.73345459997654e-9,1.483361128337253e-11,0.40009566520529916,0.3786304928521303,0.2955471957745431,0.26955002264224254
472,48.78209194859614,27.802481625470005,0.0,0.0,4.493359319707027,3.6116439917613956,1.248309115142454,1.1197868092149976,5.969629392069481,3.041122655099382,0.4738831327398985,0.44261580184791954,2.388151187915355e-7,2.281780255664779e-8,0.38013997708003444,0.3594862708321787,0.2829466757551927,0.2582215504729412
473,48.389195232420654,27.744182499224898,0.0,0.0,4.432891236212379,3.551448442936838,1.2698277295905347,1.0659678911392774,6.093744410553015,2.9411970424810345,0.4495574639492873,0.42163315209352553,2.3607572074979544e-7,1.0520891588928186e-6,0.3588006284335279,0.34155606861988963,0.2708579377241222,0.24721239235147657
474,47.94817965036162,27.635886691379476,0.0,0.0,4.2484571276444845,3.4979848617793565,1.2862234452087955,1.0245428165083086,6.296486674605613,2.8552226225284234,0.4261487491771756,0.39991745732246275,3.128661774098873e-9,1.011381576120085e-6,0.33811903652713227,0.32238264469039674,0.2593805574117596,0.23665038151810855
475,47.36354514930328,27.542309930325334,0.0,0.0,4.003361840255663,3.450540720444497,1.259781254366501,0.9950249937123423,6.532280499958361,2.779033449765584,0.4036643942031584,0.3790149577965384,4.729372449219227e-11,1.2801406537550491e-8,0.3181556414147053,0.3038002181364485,0.24843898845269904,0.2266225180641984
476,46.646255057961966,27.540088726041276,0.0,0.0,4.131903803229001,3.3487142498883915,1.2064034043757845,0.9774585670250373,6.7471811380790765,2.7087681984110903,0.3835784001108105,0.35893448549646334,3.637978807091713e-11,1.2714523957176453e-10,0.30079303487946163,0.2858630918243207,0.2380250810304915,0.21706279646971025
477,45.86197921290358,27.546743747053153,0.0,0.0,4.111735346535406,3.293609221403195,1.1446185828998634,0.9616628716739526,6.891443407323964,2.6372785376585357,0.363020953788035,0.34101471171107317,5.820766091346741e-11,1.0763618164805461e-10,0.28257108989782864,0.27026277627183837,0.22789864423275505,0.2079640963369028
478,43.6172682900907,27.843852265652576,0.0,0.0,3.9843504353172547,3.2443934858941637,1.1108536895644572,0.9449800980614692,6.955142973852104,2.5636039204724974,0.34331682298295013,0.32265726706573816,3.637978807091713e-12,2.178351295258248e-10,0.265096828699825,0.2538903446206212,0.2181515811457757,0.19911656108609674
479,37.15399855054869,29.947298136828643,0.0,0.0,3.760212417495027,3.2036930872437734,1.0918332579055432,0.9272031388953411,6.965167273004011,2.486553813860761,0.3251640078200209,0.3050620959364952,3.637978807091713e-12,0.0,0.24949323183682282,0.23818970724865307,0.20852999604180694,0.19060048724483453
480,31.211470449156156,32.218914605592786,0.0,0.0,3.696454280595053,3.1246870862604967,1.0836169286599966,0.9079051954310982,6.942858091933113,2.396764831639526,0.31156982863566274,0.28887159334165713,3.637978807091713e-11,0.0,0.2399577807609603,0.22416986332620598,0.19873606006040062,0.18219404440337192
481,30.0682145703775,31.72316049018452,0.0,0.0,3.7594266481159986,3.1134182558560486,1.080875292548705,0.8876794033753138,6.8621976065213905,2.3465485061962723,0.3132593722011086,0.2768287294730481,2.9103830456733704e-11,1.2109070435406144e-10,0.2431068305286317,0.21560225334334795,0.1975613910210086,0.17363701740968965
482,31.600183462690374,29.44346287569152,0.0,0.0,3.3126673537421962,3.1688673105710228,1.0511961248053223,0.8693871563874281,6.823258748985194,2.3110324237480286,0.3145870692849296,0.2784005277480706,5.093170329928398e-11,7.688298689146758e-11,0.24562302947742864,0.21843168190546003,0.1965562299994872,0.17261070126256992
483,31.741597984255872,28.008581244266345,0.0,0.0,2.8175109641012885,3.1811724477636956,1.0103592106875385,0.8559711157859022,6.8697051319036815,2.2958167072330955,0.3151965135345927,0.27963765619271647,3.637978807091713e-12,1.8305473069397042e-10,0.24657929996828898,0.22069248342467634,0.19633514960778484,0.1717324853392766
484,29.629118950199096,28.261154956120127,0.0,0.0,2.3358015857622556,3.185353319344649,0.9942668162564272,0.8441869249208994,6.958906754192827,2.3005471007947325,0.31399106982466535,0.28019795349309884,3.637978807091713e-12,0.0,0.24474084231769666,0.22155169328279814,0.19670361468783995,0.17153932594377802
485,27.019512114424717,29.144506262220396,0.0,0.0,2.0363623462181044,3.1218292113427277,0.9930136691280241,0.829786211967822,7.026229248941604,2.3193379355231465,0.31319570889199355,0.2790917949813363,3.637978807091713e-12,0.0,0.24309391820133897,0.2198998376558434,0.19747632516805425,0.17186125632276164
486,25.79732751843842,29.388730434125172,0.0,0.0,1.937929131115498,3.042965861217992,1.0010117268714895,0.8137521575445107,7.041904852199621,2.3477275157863358,0.31251547962303183,0.2783453450532202,2.546585164964199e-11,0.0,0.2415427546511637,0.2184200749851236,0.1983003345421821,0.1725363786460385
487,25.408267725202016,28.2872390875795,0.0,0.0,2.1288838807411636,2.9542906343987436,0.9854314232539897,0.7980502051608573,7.0417453310911915,2.382121329351479,0.3122137591475037,0.27770162194767556,6.184563972055912e-11,9.418165894204779e-11,0.24089543456102547,0.21702635332148984,0.19861223781194895,0.17325632108626107
488,25.267045747662564,28.13179164562804,0.0,0.0,2.571626735407428,2.863330023906445,0.9604245695626311,0.7847227654853386,7.048513422194379,2.4210511703247057,0.31370532650436217,0.2774176986556372,3.2741809263825417e-11,1.7939363608009103e-10,0.2429248441458185,0.21644473571274347,0.19849068485432325,0.17352883307862862
489,24.479071476631034,28.02486240234071,0.0,0.0,2.8251333626853476,2.8154766864033034,0.9295356780635596,0.7747076283153081,7.074009883068182,2.4646940862718427,0.31435711288207924,0.2787766126688818,3.2741809263825417e-11,1.3424013584224497e-10,0.24389923736998753,0.2182681622933392,0.19832689285594826,0.17342263145340717
490,22.19625909266004,28.470073615524136,0.0,0.0,2.914635641018608,2.7761329866821702,0.9194620154599641,0.7665432133317,7.098841573913511,2.5103876701026784,0.31491893939710225,0.27937382785314424,0.0,1.1622522583744153e-10,0.24469551738548034,0.2191436556571988,0.19823733796247325,0.17327952526053778
491,19.78460927647242,28.864570576882343,0.0,0.0,2.5439419592186594,2.8080652954776837,0.9173875985806027,0.7562670388167684,7.108502171079389,2.6120482911785476,0.33059271345492985,0.27988696504143323,1.4551915228366852e-11,0.0,0.2575196157231403,0.21985911310354853,0.20730458197372173,0.17320128055365389
492,18.169182048873672,28.84762868292299,0.0,0.0,1.8587484218319954,2.8645925779234984,0.8937523568023921,0.7473091998149549,7.107816712604277,2.7313047020940715,0.34683127804807173,0.2938419926343787,7.275957614183426e-12,3.486756775123246e-11,0.27080077562641236,0.23138157544948476,0.21669996620348683,0.18112339213325443
493,17.47347947655185,28.576116636169303,0.0,0.0,1.361136772350348,2.8834016290500704,0.8832233906860214,0.743328552857164,7.119995576156027,2.8693523029309214,0.3646246135034373,0.3082997400087499,4.147295840084553e-10,3.320720738212615e-11,0.285736440007895,0.24331470797650587,0.22650782684963813,0.18933220162394573
494,17.568951039421528,28.12871699816864,0.0,0.0,1.104977960626501,2.8983750650184574,0.8794086591930372,0.7391502951970126,7.131760127485223,3.0232933719776725,0.3824266313341642,0.32415663095631864,1.673470251262188e-10,6.276162195221843e-10,0.3005651193070662,0.2567344140486581,0.23645451446213883,0.19790139472990867
495,17.618116508199734,27.762202442826123,0.0,0.0,1.0885794608287869,2.908433511362935,0.8801841307495502,0.7359320673340208,7.1859088346863,3.197023421341954,0.4005033908525616,0.340016949267129,3.637978807091713e-11,5.645225254961446e-10,0.31499867052298214,0.27005799399654307,0.24734349325008223,0.20659188190122205
496,17.633681091375493,27.248633371829555,0.0,0.0,1.1896716822100042,2.9136882475259664,0.8852046239904217,0.7337367779687888,7.257517870680048,3.3883727716300784,0.41878835238918577,0.3560978555866175,2.546585164964199e-11,4.216788239000146e-11,0.32913515793552506,0.2830265510062839,0.2589473535443176,0.2161056551293253
497,17.039925666769737,27.140882090369253,0.0,0.0,1.3216591847329466,2.9161925457265245,0.8712765364779606,0.7339270774193348,7.32930241674767,3.594872844081738,0.4379275038695301,0.37234597446859985,0.0,6.023983198571637e-11,0.3441121272062446,0.295728195945737,0.27086406656289913,0.22624402495016518
498,16.8549793900677,26.843873014348922,0.0,0.0,1.4360553728979824,2.9165971850151142,0.8726572277638524,0.7363465236492563,7.391493482727658,3.8157096656001417,0.4578677700081813,0.3893601299956001,0.0,9.561878092970852e-12,0.3596740330103785,0.30918501455189656,0.2833328162961607,0.23665573647544255
499,16.545732840384836,26.758134858512367,0.0,0.0,1.518417920774264,2.917129783925705,0.8806178044898808,0.7388803676061112,7.446187486022701,4.048591101589033,0.4793856085297605,0.4070848245568002,8.003553375601768e-11,9.106550564734145e-12,0.377008324225244,0.32316739899277136,0.2961001268664404,0.24754976593139344
500,16.10136292464937,26.666851762778936,0.0,0.0,1.5552787285131557,2.9161921961578336,0.8927281804483552,0.7430710884775387,7.485194021557792,4.293034126060989,0.5018723443735381,0.42623282810370033,5.4569682106375694e-11,1.3386629330159196e-10,0.39512844730052166,0.3387422732176325,0.3094339350828704,0.25870465030344814
501,15.363801252425434,26.600652038071168,0.0,0.0,1.5662674687674576,2.9142273295922285,0.8881872754846727,0.7511486583357915,7.505688574829189,4.5461080090031025,0.5253029874270031,0.44624324517365155,5.238689482212067e-10,1.2749170790627803e-10,0.4143227510921861,0.3550232178572999,0.3229239640025753,0.2703544870080019
502,14.4201104305155,26.541167641933377,0.0,0.0,1.5583846994538555,2.9121502134695736,0.8974749481736958,0.7613735972880323,7.510566712573588,4.807476900618201,0.5500993309282698,0.4671058577209403,2.344677341170609e-8,3.92037001811805e-10,0.4350378414892475,0.37226931492517307,0.3366769228208341,0.2821408149884693
503,13.293902500587768,26.485480129146172,0.0,0.0,1.5560123689874181,2.9104046067844838,0.9117132264724197,0.773107321572414,7.516753971811324,5.078531898021982,0.5769657545411245,0.489200239908873,1.96669134311378e-8,5.423592873113998e-8,0.4576677456880134,0.3908818396947962,0.3513256558665489,0.29415686652483164
504,12.244589002141444,26.429126746227425,0.0,0.0,1.574784083487549,2.909321641175873,0.9280309743731355,0.7868438746040818,7.518127882285127,5.358638336637583,0.6057001926714325,0.5131465194542226,1.3460521586239338e-10,5.1834941141995e-8,0.48225722163988394,0.4112148262703305,0.3664705930608761,0.3069555620663064
505,11.918342075434152,26.327265250825345,0.0,0.0,1.6280996567642896,2.908909715633386,0.9449042575560556,0.8028720449430696,7.520370265430466,5.64736829187095,0.6361595534000208,0.5387731163589331,1.418811734765768e-10,1.821310112946829e-10,0.508782700602751,0.43330848957851104,0.3818889117917479,0.3201877945367466
506,12.129681280144514,26.190754936990114,0.0,0.0,1.7084141945887996,2.9081195269553892,0.9628975390576135,0.8219086007134914,7.542680797936611,5.948804894633659,0.6680831052392605,0.5659564830150102,4.729372449219227e-11,3.729349278891126e-10,0.5365629731259105,0.4571416530976257,0.3980392083406059,0.33365888219840584
507,12.588417272673698,26.03147212290539,0.0,0.0,1.8016421462124064,2.9060159796288976,0.9816859344065574,0.8432364717609866,7.560830742702082,6.262087131169185,0.7007094017929133,0.5944461401243787,2.1827872842550278e-11,0.0,0.5650517794347252,0.48210225671152895,0.4143792373160522,0.3477695035255729
508,13.091562891710666,25.87149875575828,0.0,0.0,1.8936059009943833,2.9022689175564165,1.001994384017576,0.8673887899137798,7.59109709296786,6.590677255275595,0.7346156275292599,0.623567138732588,2.1827872842550278e-11,0.0,0.5943481896392768,0.5076994642536365,0.4317526487269333,0.3620458955763993
509,13.223760405298682,25.745184644071198,0.0,0.0,1.9719557040725288,2.897074182171724,1.0303764232224726,0.8897840047395036,7.589867872001114,6.898592251697522,0.7699794633026014,0.6538185155663306,6.166010280139744e-8,0.0,0.6247201374844735,0.5340223116414876,0.4501034589171013,0.3772251608342715
510,12.419348011558656,25.65244451770838,0.0,0.0,2.03804037585143,2.890288384870375,1.0736887099447943,0.9116331132387958,7.595681762564532,7.2156121253921786,0.8071421789100719,0.6853632556038278,2.056185621768236e-8,1.5716859021416192e-7,0.6560680848579068,0.5613115304523869,0.47016291326153803,0.3932583856868818
511,10.517159179655298,25.597943968208288,0.0,0.0,2.0887219582029024,2.8820219747377527,1.1324725457971063,0.934894092270912,7.610099920285078,7.5402191419731786,0.8456164736453015,0.7184899567123881,3.7027348298579454e-8,5.697968688354155e-8,0.6883717947730474,0.5894776855984171,0.4911328666066311,0.410784464260882
512,8.626803073808055,25.534652407659586,0.0,0.0,2.136893690021006,2.8727197584260082,1.1863983499211241,0.9641016590155128,7.642584036542687,7.8727048378539,0.8855945707234255,0.752779823532756,3.637978807091713e-12,8.829017595142247e-8,0.7220310397988214,0.6185025941363127,0.5127854534421203,0.42910605188537143
513,7.964404875327395,25.42745821563022,0.0,0.0,2.1948507327250146,2.862902808875121,1.2411827485839142,0.9984174277138824,7.687271608819287,8.220098987828191,0.9271036709517462,0.7884137369972208,4.001776687800884e-11,0.0,0.7571540648368682,0.6487454520455259,0.5350130267509485,0.44802406088977986
514,9.001552790127176,25.275304698049393,0.0,0.0,2.2499783347672055,2.8527723364030533,1.2981374397168726,1.039553825041603,7.7369416632272205,8.583497371520496,0.9704349293233256,0.8254193964848182,3.637978807091713e-12,0.0,0.7940037745738664,0.6803035174202183,0.5579444040522503,0.46744443977764916
515,10.579201475856536,25.103977937985565,0.0,0.0,2.3194637845163175,2.8425448935003197,1.3532621150275956,1.0889191812073644,7.78940175500196,8.961898293293732,1.0158430868699333,0.864057068023049,1.1386873666197062e-9,0.0,0.8328306941275514,0.7134130103180937,0.5816615958273814,0.4874797365116458
516,11.601617959421086,24.943892938744256,0.0,0.0,2.414846698882153,2.832349353922906,1.4041488679385783,1.1468938548610725,7.844662283417998,9.354817960473735,1.063437558435298,0.9045553083732867,2.408341970294714e-9,0.0,0.8737714716935443,0.748299027785371,0.6061541519657567,0.5082016046036851
517,11.641755055245206,24.763325706367578,0.0,0.0,3.232452380662252,2.8816973022035945,1.4494513264021094,1.213901590794393,7.903762156917074,9.76175858314678,1.1085284771496156,0.947013496129897,2.1827872842550278e-11,0.0,0.9110823304581572,0.7850843483061627,0.6314779265964716,0.5296009137991156
518,10.834008963506784,24.608162157039917,0.0,0.0,4.8925830674163855,2.9486466689492943,1.5177840242308147,1.2863228063903815,7.878953166603056,10.135969171112329,1.1561233038472756,0.9871785300570586,2.9103830456733704e-11,0.0,0.9496310473514313,0.8186081839876271,0.6594103180910679,0.5517264642140107
519,9.640304252879249,24.395359327391056,0.0,0.0,8.09208894978614,3.102012442555379,1.6041222436458131,1.3662677494298323,7.805641093259164,10.504803711011863,1.199482466144997,1.0295401224320393,4.220055416226387e-10,0.0,0.9822922685398225,0.8532442361640519,0.6883749601461204,0.5761311805051018
520,8.752161295048058,24.141602594901588,0.0,0.0,12.049037570552699,3.31005962323388,1.7100595095849151,1.4538598197143346,7.716281116293232,10.865694303791237,1.24282162699293,1.0680323795425029,2.1100277081131935e-10,4.300333355985337e-10,1.0142462366547988,0.88259036905081,0.7182688688457347,0.6014377808302167
521,8.612685864954836,23.841463001704188,0.0,0.0,15.807746104455946,3.5894478868246757,1.8334126062997849,1.5492505167639594,7.638838043707685,11.217785721551873,1.285940457883033,1.1064793124240946,7.275957614183426e-12,3.984864885855139e-10,1.0454152105558023,0.91130103415996,0.7488323569124078,0.6275562874846244
522,8.999518470331834,23.503668567470374,0.0,0.0,18.490405693916074,3.950758381818387,1.969825072017332,1.6520802434526132,7.594419462521043,11.561160242610992,1.328860417253891,1.1447062408766333,1.4551915228366852e-11,3.16259117925011e-11,1.0759481815894105,0.9393063815146039,0.7798753227783436,0.6542598104330225
523,9.337004515191614,23.146046901496486,0.0,0.0,20.03955126075914,4.353983279353575,2.1092331932681585,1.7604862741900873,7.592677941171526,11.896739764289777,1.3719566943673795,1.1827377438486701,3.637978807091713e-12,3.011991599285819e-11,1.1065314771949488,0.966740291729712,0.8110815379456199,0.68138225620469
524,9.249325541693668,22.779342679140417,0.0,0.0,20.618460534883784,4.784512335154774,2.242369208197014,1.8729618092867095,7.634450449212521,12.226404995754518,1.414854526918461,1.22092311406724,7.275957614183426e-12,9.561878092970854e-12,1.1367206095274014,0.9942193957504446,0.8424248264488142,0.7086473337120993
525,8.80160082296505,22.407159535026874,0.0,0.0,20.468110013326005,5.232236194715432,2.3666998955887206,1.9896868688179083,7.715400464808433,12.552452019490122,1.4572528391874897,1.2589232113828421,1.418811734765768e-9,0.0,1.165956070739412,1.0213443548539087,0.8741466000768469,0.7360321738664288
526,8.481736386132852,22.032253380208033,0.0,0.0,19.879801285255837,5.692154186133774,2.4796796275891735,2.110263906795501,7.825389249771196,12.876841707618851,1.4988534418654542,1.2964576235747112,1.1241354513913393e-9,0.0,1.1938782537690713,1.047612439191051,0.9062098848331062,0.7637476985085871
527,8.946829377039084,21.647161821183275,0.0,0.0,19.00353481019366,6.168931736043967,2.582086009961045,2.23474953986825,7.926807480866444,13.198939334365592,1.5392080935294221,1.3332564977943193,5.020410753786564e-10,0.0,1.220124281147946,1.0727005415397548,0.9383273915535483,0.7917616036984177
528,10.900270267994225,21.245349526767352,0.0,0.0,18.000366879125743,6.660623784039339,2.674117460447694,2.3591001640974945,7.951372566948539,13.5133592226613,1.5769608080599826,1.3689211622607096,3.055902197957039e-10,9.066094713850316e-10,1.2447594656514411,1.0962826227934064,0.9681834861369679,0.8198228829731589
529,13.713784027093533,20.839891374633623,0.0,0.0,17.00602614933361,7.167400338694254,2.7531771367678894,2.4624969837120734,8.130168223051509,13.834804007928549,1.615499038661239,1.402290379003842,2.2591848392039537e-9,8.634375917952681e-10,1.2682666277560202,1.1184173500441503,1.0006682291527795,0.8459083509263629
530,16.395502702222526,20.431673327623233,0.0,0.0,16.10615845161291,7.690278474552266,2.8183960226915383,2.5576583764185257,8.434858372221843,14.161053869352589,1.6533990434012584,1.4362910464216232,1.0913936421275139e-11,0.0,1.2898145880699303,1.1395385535317482,1.0344596295275097,0.8742904866494274
531,18.700527403707962,20.023638173151685,0.0,0.0,15.34387922504266,8.231523500568553,2.874351688714381,2.6531330233406596,8.809713047990048,14.4915790353602,1.6898925232765003,1.4696693716921054,2.546585164964199e-11,0.0,1.3089487272845872,1.1588994126720868,1.0688264450161569,0.9038142582401322
532,20.432643069219885,19.814655885289902,0.0,0.0,13.793318607433722,8.665311136858087,2.919260982528562,2.7530939243721315,8.875977053535616,14.566832951025372,1.670284046686516,1.5017488781366837,3.5652192309498787e-10,0.0,1.286852627481494,1.176091451670268,1.0648282076276245,0.9338407735223972
533,22.163627450157435,19.657870986104683,0.0,0.0,12.171798312047999,9.042925039568221,2.947824905490127,2.856842300615664,8.89398338830865,14.555385701976649,1.648495537752007,1.484059622765005,1.1641532182693481e-10,4.3933135366552907e-10,1.2607729849842144,1.1562380887733406,1.0620682738516734,0.9303474866904202
534,24.233558962218044,19.53359658753841,0.0,0.0,10.963690241532648,9.380266324395011,2.9601578778009436,2.9537586354621492,9.231402182370225,14.459296532772795,1.6291112488897295,1.464347552611226,8.36735125631094e-11,2.6731801942611557e-10,1.2363798682290508,1.1328055096643843,1.06083376770207,0.9279361142409007
535,25.580444141574805,19.729452863307067,0.0,0.0,8.381591272560561,9.452334209383089,2.9508594353636184,3.0545803996021084,9.980955530208194,14.041001453852655,1.5780383868864203,1.4467679906896849,2.4010660126805305e-10,7.748348389162769e-11,1.203662867872481,1.1108882752491116,1.020490495297281,0.9268575180675411
536,26.289067490418912,20.009536035922938,0.0,0.0,5.488802391552367,9.422468708403041,2.919744592721219,3.1628482732219,11.267801880961267,13.499561367002743,1.5292024476451023,1.4016391125360042,2.546585164964199e-11,2.0920540650739478e-10,1.1713136370726716,1.0814920248784634,0.9830994301144528,0.8916093325638751
537,25.94488172260317,20.43739284444532,0.0,0.0,3.3383676430725746,9.193725245547052,2.872122711065222,3.2795520210915585,12.710620932284478,12.906333848534313,1.4947731456896984,1.3584475477473656,6.184563972055912e-11,2.103123134201323e-10,1.1580068966668478,1.0524262158457844,0.9451808209792943,0.8589405102691067
538,24.80873393462131,20.938401271618748,0.0,0.0,6.7267783304754545,8.857508504569322,2.8141775299983465,3.4017562695788124,13.960604268029705,12.276204775257684,1.4591405083080962,1.3283604385713697,2.546585164964199e-11,5.2709852987501835e-11,1.1412099788503838,1.0404700994722451,0.9092473850157149,0.8258107694052781
539,23.195252064525796,21.31451749277261,0.0,0.0,10.97617557486556,8.531760008407094,2.822969699181691,3.5170048827067464,14.41333404433337,11.87724421219713,1.4751996329933652,1.2971106826307903,2.1827872842550278e-11,0.0,1.1602982824642822,1.0253780554211291,0.9110004681086593,0.7944154872959733
540,21.514530884262477,21.492749493428803,0.0,0.0,11.463661669032266,8.374164775738057,2.890465847228621,3.645772734801089,14.210469101933366,11.611058339255113,1.4622623666035475,1.3116395943568484,1.8189894035458565e-11,0.0,1.1449556336392561,1.04252891146077,0.9095536409595297,0.7959471680036433
541,19.92697797282718,21.584649884444016,0.0,0.0,9.462375862363443,8.305411646491397,3.0206976010137474,3.765869524145166,13.823222778558325,11.475804603237874,1.4461289045317818,1.2999363148311078,1.0913936421275139e-11,0.0,1.1264051107536943,1.02874352916647,0.9069180420469366,0.794683065010698
542,18.70610738860359,21.649715118296076,0.0,0.0,7.288840898716399,8.22135205460175,3.21069059897498,3.887699030895877,13.593839422087356,11.45981148074937,1.4426733264079032,1.2853653751529563,4.765752237290144e-10,0.0,1.1245857571921078,1.0120758709015893,0.9036665322172212,0.7923803248320149
543,18.269591557911248,21.638007767275262,0.0,0.0,5.183325761760114,8.1774220893063,3.437731110005352,4.010534611350754,13.650488788296208,11.504916896636267,1.4423568348907745,1.2823275464137782,1.5425030142068863e-9,8.0544081505347e-10,1.1254240390280756,1.0104411803183984,0.9021163846942727,0.7895394590572039
544,18.36250870031324,21.631507372555486,0.0,0.0,4.4369932035041115,8.038475922697891,3.5936614223927594,4.154904653279765,13.931809729489986,11.609420432257874,1.4574965693577067,1.2820880611143721,1.0913936421275139e-11,8.457128558061435e-10,1.1456330856690329,1.0111943772111358,0.9010111446091742,0.7881850848300754
545,18.683888859100527,21.567671335335138,0.0,0.0,4.901615165951262,7.8804825738484485,3.6842403301006112,4.252879254210026,14.00014312523022,11.804028056727285,1.4729634470433126,1.2958705272021243,1.5679688658565283e-9,0.0,1.1670031990197458,1.0293522203448304,0.8987351388498155,0.7872194292205186
546,19.128234076271642,21.502046374906815,0.0,0.0,6.27226154419285,7.697843129297082,3.737526587460426,4.328434284430283,13.77039082960188,11.980494421030267,1.489213914991701,1.3099814908734975,4.911271389573812e-10,4.3567025905164966e-10,1.1875882567564986,1.048553284606842,0.8985500637243148,0.785230867816182
547,19.849250307794403,21.45959145354234,0.0,0.0,8.2558381082475,7.4878604311575785,3.7851838075531745,4.39982780212398,13.484453723657632,12.146094278084394,1.5053377191659858,1.3247366189962129,8.11269273981452e-10,4.3567025905164966e-10,1.2067055859151878,1.0670489743136817,0.8999462637651959,0.7850691664596419
548,20.874429950880423,21.37184839639191,0.0,0.0,9.239608319255867,7.359686176326289,3.8018825680195896,4.420586232942341,12.94266318453364,12.290626889803407,1.507427197749924,1.3393267974675884,5.456968210637569e-10,0.0,1.2071708265830239,1.0842259094683784,0.9028152368912742,0.78628903569378
549,20.849894127291034,21.243042387519782,0.0,0.0,8.142462364110372,7.339344871458284,3.7525881706054065,4.360689634141536,11.781906393378385,12.412100627599592,1.4942731681078596,1.3411379761912552,1.0659277904778719e-9,0.0,1.1884622660618334,1.0846439285710139,0.905764728323129,0.7887956765832409
550,18.799482100298896,21.249389514159024,0.0,0.0,7.186090156006109,7.265888339890537,3.6903784823279193,4.304689855899175,10.396844750597534,12.490850637639959,1.493498024087222,1.329112760844185,4.958565114066005e-9,0.0,1.1845628505016066,1.0678342723556835,0.9095862802197189,0.7913726668400037
551,15.741887167402023,21.33080563328289,0.0,0.0,6.361410626463038,7.207781728884377,3.6305158996595646,4.254725867965829,9.192946003042442,12.483576127742218,1.4944406737979157,1.3282944778324188,1.6771082300692797e-9,2.076186403277236e-8,1.181161495806009,1.0643306446139587,0.9155383379885734,0.7947115821326207
552,13.120733639659894,21.240534154596574,0.0,0.0,4.6188370069037905,7.276941624992252,3.5748051729273826,4.206956191831022,8.586205097380098,12.65348002390326,1.549216639484224,1.3289705489644323,5.475158104673028e-9,6.27461757286658e-9,1.2187227468511992,1.0612745247707553,0.9564450127227702,0.7999119345824464
553,12.641709434917953,21.173087677904114,0.0,0.0,3.5596465204727084,7.271262045647923,3.526734250989445,4.169400086498311,8.548003859466792,12.867401481518533,1.6196002066091886,1.3774581633379754,3.65253072232008e-9,2.1508736360890166e-8,1.276070537061969,1.0950233381196333,0.9973709508958563,0.835652368344495
554,14.179969615666385,21.05998477290994,0.0,0.0,3.0504364642077277,7.268340396053814,3.4886495246150626,4.141810918996688,8.915870284395547,13.140249841382985,1.692998621491391,1.4401154480719212,1.5064870240166783e-8,1.322310491546351e-8,1.337190454638403,1.1465503721267485,1.0383477357781885,0.8714096326937205
555,16.119047124563995,20.906947391247986,0.0,0.0,2.935904915038408,7.266176777185379,3.452745142158337,4.111004707752634,9.513659899921567,13.465522706146658,1.768853165843913,1.5055080643727279,1.4551915228366852e-11,5.851506470069429e-8,1.401673896902139,1.2014666657176478,1.078958668837322,0.9072113221629413
556,17.25941791423892,20.73202322370117,0.0,0.0,3.0321003433186724,7.263069373042013,3.4249729616105578,4.084326113462322,10.250380552463646,13.849340059063454,1.8482776078839023,1.573140793816981,2.1827872842550278e-10,0.0,1.4693636645515653,1.2594050888189547,1.1212049487496187,0.9426933644765098
557,17.21440228592728,20.543719398344553,0.0,0.0,3.1913779674623175,7.258098576810296,3.411576025329359,4.069367146127128,11.027473529981503,14.281013201803011,1.9310142503821144,1.6439637735581991,2.4374458007514477e-10,8.476349304784301e-11,1.540321683331058,1.32022439779613,1.1645707994960957,0.9796042202009746
558,16.13094330281803,20.54830150025555,0.0,0.0,2.434975973744964,7.135646421194375,3.3891205670220375,4.034443566875528,11.174694341508868,14.501040583981373,1.950533406080844,1.7177583660961098,3.408786142244935e-9,1.1866889026698023e-10,1.5613878129734076,1.383980233086625,1.1690374954360778,1.0174932524192324
559,15.10335661708081,20.399790465434904,0.0,0.0,2.0808723547582733,7.096238710118304,3.2926309028870784,3.9085676553129893,10.91502180642685,14.914757821808756,2.0402562977805165,1.73533880711596,2.9249349609017372e-9,1.4282542624195239e-8,1.638559478611569,1.4029081670257395,1.2156350585949895,1.0213958343243437
560,15.35377148379734,20.246574698671175,0.0,0.0,1.9725975909640332,7.056460223389844,3.186847404161283,3.8017251320839667,10.63797633422348,15.333943676127621,2.13237390852485,1.8153747450042672,2.219167072325945e-10,1.1955890694398258e-8,1.7189115754172235,1.4722469686063888,1.2618880622520465,1.0621084352497192
561,17.180885809853567,20.097865737978378,0.0,0.0,2.007724210285009,7.017037702478007,3.096238647230064,3.7091210913006476,10.778892370707057,15.76240120443603,2.229244984732652,1.897592084363763,4.874891601502895e-10,6.074717001762083e-10,1.8034298467737244,1.544443390197178,1.3104098556258577,1.1025199921617106
562,19.473237174039575,20.157105623881698,0.0,0.0,3.458911020458597,6.865984805216733,3.0364185628838913,3.641586148599422,10.9695756504959,15.938523928333176,2.2534340993695845,1.9840537007266372,1.4551915228366852e-10,2.2603598146091468e-9,1.8285761489987635,1.620383122880248,1.316918565255446,1.1449138056866635
563,21.593718694544403,20.277760757756454,0.0,0.0,6.464371830247417,6.690284945591259,3.0157498012444104,3.6059905040647737,11.412740473324996,16.02888214393569,2.2801545335823326,2.00580539088739,3.2741809263825417e-11,0.0,1.8553360979676654,1.6429770952674498,1.3254556426354611,1.1506005086646927
564,22.95283298872907,20.374566802788,0.0,0.0,8.236484570973532,6.595183400196708,3.0347775840615943,3.6044116190767372,12.126092347951586,16.033507360479568,2.2874065108121924,2.02979318621995,9.458744898438454e-11,0.0,1.8574632815780205,1.6670209302942363,1.3349377151370845,1.1580594098688874
565,23.23088415269228,20.415252313953825,0.0,0.0,6.984090341647231,6.610482135687385,3.092906086271324,3.6371424136892947,12.991822552412666,15.959463335358555,2.2725548663272312,2.036097478534162,8.003553375601768e-11,0.0,1.833161168740844,1.6689322064896996,1.3431402569680813,1.1663439596596687
566,23.078756907607605,20.53302268194879,0.0,0.0,5.698640950053219,6.569929329250746,3.19103511864114,3.6923148632706666,13.937645602955927,15.829023915191636,2.2777307510157563,2.0223883743514497,3.637978807091713e-12,0.0,1.8328870940658817,1.6470967388077367,1.35225081790677,1.1735105750357848
567,22.86375799990697,20.626996250697317,0.0,0.0,4.412249244114874,6.541092463063802,3.3241049713162534,3.776192819724163,14.797817023856267,15.716100357838169,2.279942141535163,2.0268174884391024,3.637978807091713e-12,0.0,1.8334967087430414,1.6468504824986832,1.3551479578910859,1.1814705327414834
568,23.006932034286805,20.784627339309438,0.0,0.0,4.733944016435031,6.415528812441612,3.4917630376717255,3.8896903529672424,15.63483652976111,15.610586362493025,2.3031174440228415,2.028738801260514,3.5652192309498787e-10,1.6354056439918214e-11,1.8603743240000767,1.6473982217612138,1.3577029629354003,1.184001783224138
569,23.38054514233748,20.935684022632593,0.0,0.0,6.273135779774605,6.2703266842047585,3.6805236558670833,4.027833522147849,16.454328035921662,15.531577900611302,2.3260291535091766,2.049688595906308,1.8189894035458565e-11,1.7171759261914125e-11,1.8874122282759345,1.6715477800673755,1.3594435271570091,1.186234108066448
570,23.634327943274922,20.998481170691257,0.0,0.0,6.806396483282061,6.205546274216593,3.843790977183401,4.138721693906278,16.81021950671386,15.490133874885535,2.327098011037234,2.070420125705476,1.8189894035458565e-11,0.0,1.888344436452826,1.6958413581295706,1.3599781036072272,1.1877548505409412
571,23.705053376410422,21.03380030749964,0.0,0.0,6.583500151929077,6.149720808577667,3.968783594368159,4.213954398868544,16.73346763910768,15.496287473734206,2.3269722247324482,2.0713741255885343,2.4010660126805305e-10,0.0,1.8872313616484462,1.696678947906292,1.3613072842994824,1.1882219135705512
572,23.514631537886174,21.03994961002808,0.0,0.0,5.854680913853851,6.103084041072614,4.0954588863091015,4.3098924366164635,16.726934402205252,15.52764459929768,2.3257897543607795,2.071221673887901,3.055902197957039e-10,0.0,1.88500698011012,1.695678849327083,1.3623680363344193,1.1893832276973555
573,23.23694346268564,21.023272356390212,0.0,0.0,4.842736597720248,6.066465658465452,4.236271983214006,4.426779225988572,17.123025118884495,15.5726395253125,2.3240500691426402,2.0701185199998102,5.165929906070232e-10,0.0,1.8824300081741967,1.693680240782961,1.3629622108507646,1.190310013747501
574,23.53663211399701,21.043934177478906,0.0,0.0,5.442359663608254,5.938493306476706,4.2790878378363315,4.4023954738359095,17.16495036164928,15.617034529196957,2.339797700580796,2.0685233975870303,4.69299266114831e-10,0.0,1.9048507710358535,1.6913648294901726,1.3587482547283345,1.1908291480849262
575,23.84823778329649,21.013357447578144,0.0,0.0,5.355104587675178,5.888622113198921,4.291950956404667,4.388102968377068,17.069197307186386,15.68243455327739,2.3392140441656375,2.0829270421866286,7.057678885757923e-10,0.0,1.9034259580694197,1.7115099023769988,1.35973966867532,1.1871473864427335
576,23.800305212347364,20.981344402476946,0.0,0.0,4.809536408572121,5.847426484120204,4.325287082797368,4.4167312155591585,17.136229150472285,15.737161369056562,2.3383434743369773,2.0823693100526857,5.857145879417658e-10,0.0,1.9015604468931997,1.7102297068194998,1.3608519650519155,1.1880135914043184
577,23.601419594994447,21.027632413923115,0.0,0.0,5.848263391250402,5.717671007161059,4.394157026638047,4.485746242966233,17.499851141408197,15.773489303531491,2.3571840725657456,2.0815478668271377,1.495209289714694e-9,0.0,1.923929957945802,1.708553543671843,1.3619141929197667,1.188985412147262
578,23.091031416697408,21.024462930241377,0.0,0.0,6.227716086183566,5.663441152708587,4.492856974978262,4.59077581417827,18.10164787819864,15.79444068602728,2.355316071463177,2.098602822300595,1.382431946694851e-9,1.7251946256646197e-9,1.9209657370975037,1.728652567003639,1.3628662566041385,1.1899134877627666
579,22.456096716489352,21.028898472151756,0.0,0.0,6.166795522486264,5.619004224356634,4.587261810166088,4.678417330796714,18.447144297297097,15.806806690744779,2.3554498509742676,2.096881770097071,1.153239281848073e-9,1.4255809931962544e-9,1.9203818120386131,1.7259892119458475,1.363919974355531,1.1907453119840445
580,21.91584941367467,21.04035123652915,0.0,0.0,5.58541528817611,5.583445270325281,4.659464495411553,4.7418596289055035,18.264370373133453,15.820598677319362,2.3555400304415235,2.096972979176631,6.039044819772243e-10,2.5312979701628407e-10,1.9198440602813207,1.7254645558876889,1.3648324509678786,1.1916659522585247
581,22.024343681512722,21.037401481764885,0.0,0.0,4.661165697804535,5.5564573069987055,4.637150518084224,4.677153206334838,17.21639056428476,15.83153773103472,2.354243878000622,2.097028668974113,1.7644197214394808e-9,2.802837206962127e-9,1.9193839257040963,1.724981385504859,1.3632423052605644,1.1924631894365028
582,23.124746717513005,21.045667972462766,0.0,0.0,3.594816461083582,5.536421525181175,4.5978869655006935,4.634145794610415,16.03020343681642,15.843751388784415,2.354252060164065,2.095898754573091,4.838511813431978e-10,4.027064952531792e-9,1.9195987800576404,1.72456795422208,1.3629538827076886,1.1910738686963562
583,24.647832304575896,21.120421801918873,0.0,0.0,3.832103032058389,5.427521644601055,4.564809305309634,4.606006081303791,14.962127257035757,15.842680081203556,2.373767326694501,2.0959144163199825,1.0913936421275139e-11,3.835299954792183e-9,1.9433289031185268,1.724761001013111,1.3631742719060185,1.1908218716173231
584,26.042328341991396,21.21170581251818,0.0,0.0,5.450564766589998,5.300499472721867,4.433845064077616,4.435345790525248,12.844976573640679,15.855793772516183,2.393383699561671,2.1136034589572112,3.3287506084889174e-9,0.0,1.966925304481265,1.7460825340477228,1.3636313211124163,1.1910144272885068
585,26.85896420207371,21.460228819160143,0.0,0.0,8.23005029870102,5.153987183299327,4.259010531425007,4.257274345641307,10.119939441196246,15.558316531565977,2.310985779640349,2.1313749553321113,5.311449058353901e-10,9.336215889951257e-9,1.8947517442375101,1.7672839234028508,1.3230914939673766,1.1914137544525771
586,27.281155736481153,21.69360534596396,0.0,0.0,9.25554287155157,5.070025866280065,4.074318782383431,4.094199955100026,8.066450190016539,15.14095045301923,2.2155158098576706,2.0578167581978812,6.8757799454033375e-9,8.891634180905957e-9,1.8049931901223317,1.702435918932921,1.284721715914111,1.155993837460675
587,27.737418627312305,21.951724002061614,0.0,0.0,8.886873911067141,4.994932823495207,3.899405127484269,3.945296701472735,7.8280034482044005,14.601540293702541,2.1231910682361113,1.9723423447203652,2.395972842350602e-8,3.673539004317954e-8,1.7183732726007293,1.6217877888181167,1.2470499622104398,1.1224699073104232
588,28.533173887370857,22.22057867865708,0.0,0.0,7.610733631427061,4.937344395287849,3.735760010219813,3.8047229573848753,9.015651801551366,13.965806132373393,2.0336843923203154,1.8896940417465584,2.6153429644182324e-8,1.2241343641475926e-7,1.635567694580459,1.5439597246545385,1.2086316742548207,1.0895558453136351
589,29.74088803049889,22.486145541839406,0.0,0.0,5.891843835990726,4.903860012319337,3.579399222230971,3.6685716243233926,10.408991633718674,13.269995084038984,1.9464525536792403,1.809617943201813,1.5547266229987144e-7,1.30161076617346e-7,1.5568229467899073,1.4695588484682502,1.1683235237179816,1.0559895317883665
590,31.359199360896223,22.729779122214197,0.0,0.0,4.035130996649584,4.893474392832713,3.4242051783542737,3.537396898176359,11.507646560837815,12.54661382074388,1.8599924640552847,1.731656875376411,1.5664045349694788e-7,7.565894302558626e-7,1.4821755202465283,1.3988066312741514,1.1237115704327152,1.0207720325034786
591,33.17460202528859,23.07455911334622,0.0,0.0,4.972448968934439,4.726934513748356,3.2707923674977466,3.4088781041053515,11.827089713233583,11.885702482914164,1.8013154165353433,1.6545211978358414,0.0,7.393644385402365e-7,1.4418031022632931,1.3317358601000837,1.0797874995349048,0.9817942722439822
592,34.80756208926292,23.360889600456147,0.0,0.0,6.425855613572485,4.611251548680754,3.103633556801196,3.2849932453488107,11.40454465883295,11.276900444565864,1.7325548819679153,1.6025780373661596,1.2816599337384105e-8,1.6354056439918214e-11,1.3886761819976527,1.2954612110910069,1.0360139384116793,0.9434175196629505
593,36.1847634638639,23.573630660797715,0.0,0.0,6.616230353441676,4.561426312045374,2.923806116668014,3.1659271056879965,10.456840917603213,10.724449346228022,1.6550261814102436,1.5414793489890641,4.583853296935558e-9,5.94486305647467e-8,1.3238203348719253,1.247726631850783,0.9932831329147576,0.9051722684274226
594,37.420989795142475,23.750775372190407,0.0,0.0,5.986279168533287,4.524348946636162,2.739893370099503,3.050136199383391,9.296530225456163,10.23330642627259,1.5797518415434761,1.4723935632742957,8.894858183339238e-9,1.9379556881303083e-8,1.2607263977897674,1.189453602690743,0.9519374090642941,0.8678380794927063
595,38.665070759611986,23.887964333232198,0.0,0.0,4.931659472821463,4.502546432972417,2.5565450000120444,2.938140414764893,8.173471406411302,9.790549093031077,1.5072764663538933,1.4053119732662038,9.458744898438454e-11,3.650848409063646e-8,1.2001004455723887,1.1327636510371346,0.9119436751034755,0.8317140452669841
596,39.99498830073326,24.042718370393803,0.0,0.0,4.892181816033277,4.4159851642506425,2.3770075774505544,2.8299682836439546,7.252667189258263,9.386430206271644,1.4465464234509573,1.3407297685934325,1.8590071704238653e-8,9.345175108524692e-10,1.1532018385660194,1.078291185727565,0.8732823568163439,0.7967712539837521
597,41.427072074842755,24.189237027600747,0.0,0.0,5.535364963180259,4.318057959444245,2.196903750159442,2.726970879559841,6.7375147588348705,8.97891466245793,1.3893223779333885,1.2867673586824224,6.464688340201974e-9,8.016602713929433e-8,1.108709866186473,1.0361527507950214,0.837244947698855,0.7629926031033603
598,42.92491585751836,24.269024578175276,0.0,0.0,5.4813198498494415,4.283052556791297,2.062411845439144,2.6221709817275123,6.523370262611098,8.585042915277475,1.3270669003228575,1.2359084531598807,2.582964953035116e-10,2.6433495306969847e-8,1.0568066602609179,0.9961766791447763,0.802661971667203,0.731506478795734
599,44.38905814165203,24.33486895267488,0.0,0.0,4.948110673710821,4.259614297125596,1.9482376884514627,2.5219256765866125,6.504807959475345,8.195542349150239,1.2670463941654342,1.1804399502927387,1.0550138540565968e-10,0.0,1.0068756847012992,0.9495416079133436,0.7691605297497517,0.7012911029582976
600,45.744777792144156,24.452889080737297,0.0,0.0,5.123588996718649,4.172331784463381,1.8432038433391509,2.4240662801201887,6.600005162947595,7.806703811860907,1.2160195395254865,1.1269672257676246,2.899105311371386e-8,7.416805641686264e-11,0.9675944563787198,0.9046785874675282,0.7365218859565175,0.6720206703161251
601,47.00821774274872,24.517942037574695,0.0,0.0,4.777289258538419,4.146229052264499,1.7370186921731041,2.3281716315648238,6.618562574912533,7.446823971971865,1.1601839536402396,1.0816314899601114,2.7750502340495586e-8,1.2335631143252594e-7,0.9224824819721107,0.8693843750919488,0.7035999408320549,0.6435040702429916
602,48.20104167912963,24.640570972019205,0.0,0.0,5.088715560539661,4.0568409223236594,1.6309474899943994,2.233559651931425,6.612567649991043,7.097102130371372,1.1122155953919717,1.031939712241362,1.709850039333105e-10,1.1326945575983263e-7,0.8865223371576576,0.828851232905571,0.6716410323630043,0.6147399477923062
603,49.3526797751506,24.72328486241668,0.0,0.0,4.874445205128411,4.025371673802619,1.5198539306229244,2.1413870419992116,6.5607236482063644,6.761312599988163,1.0608747949137012,0.9893594145857987,1.153239281848073e-9,5.650899536522868e-10,0.8453536992838053,0.7965410108728526,0.6409621311671799,0.5868172366480117
604,50.464476059376175,24.805260237315174,0.0,0.0,4.330428952769182,4.002763764025314,1.4074430273282217,2.0508576213910534,6.467028865046427,6.440307378426877,1.0114068207021534,0.9436800725202367,3.812601789832115e-9,4.880258112229562e-9,0.8055613562410144,0.7595509576502761,0.6115673783762304,0.5600128766415533
605,51.50234864630986,24.938285399578305,0.0,0.0,4.516654730210633,3.9179894672506483,1.2973250398163605,1.9621892505329197,6.346092785839999,6.134190249887123,0.9688932066337111,0.8996621025007056,3.434251993894577e-9,1.4536939057705078e-8,0.7734872616474604,0.7237975064338068,0.5834993589799978,0.5343304860815945
606,52.31323577170582,25.08030786717662,0.0,0.0,5.244706194036143,3.820923033602656,1.1883125962633312,1.8765596665478232,6.216076706339729,5.845233593391243,0.928154564380536,0.8619159674388579,2.546585164964199e-11,1.3454522706006827e-8,0.7427706484359078,0.6949789075508096,0.5565632571438073,0.5098072704322147
607,52.93752218429652,25.178173113937376,0.0,0.0,5.399914304609132,3.7751642504223866,1.0854529792091858,1.793001972570381,6.078823656356523,5.569531429952256,0.8849067787390595,0.8257466453327826,1.382431946694851e-10,3.7160110330875996e-10,0.7078948659091111,0.6673800065579065,0.5309848075772606,0.48627301912106224
608,53.405570696535115,25.264770870778644,0.0,0.0,5.18234953344968,3.737917126700393,1.0003760974997733,1.7107968618969838,5.948293469373253,5.307458188000696,0.8434028673843129,0.7872600899945935,2.2264430299401283e-8,0.0,0.6741383104308625,0.6360440887869698,0.5068194304893041,0.4639249577436514
609,53.748237373578164,25.336556364751452,0.0,0.0,4.753629861104501,3.7100162640611583,0.9438287822314065,1.6301654999505644,5.839312324885777,5.058973110168269,0.8037049442150305,0.7503140910955283,2.104934537783265e-8,7.475589092080364e-8,0.6417708113222034,0.6057137975238057,0.4838097385238598,0.4428115070611796
610,53.99436843930222,25.388388788803336,0.0,0.0,4.25277098143649,3.691457198498669,0.924732661826651,1.5524668009398217,5.778363474026179,4.827243109571736,0.765389736848862,0.7149726183051609,7.639755494892597e-11,7.093980996827e-8,0.6103929376313317,0.5766315742591983,0.46178123712788877,0.4227077861756166
611,54.093050713461814,25.475765219939987,0.0,0.0,4.388649780308815,3.615416525922864,0.9481773641747682,1.4775405710165919,5.776003949904657,4.6089957808326485,0.73244214181024,0.6808567198975067,7.275957614183426e-12,2.440729742586272e-10,0.585017674462506,0.5484385303426578,0.44071057585001655,0.4034613382533419
612,53.0515250405996,25.515942347435878,0.0,0.0,4.492436590066181,3.5938894728489084,1.0172272673216232,1.4031314698779156,5.758757553792229,4.420060774944683,0.6978293382051423,0.6515834909116069,0.0,0.0,0.5572229205226904,0.5256388367955921,0.4200814231836375,0.38505176130065055
613,51.07735862069026,25.556513649237296,0.0,0.0,5.072966289686622,3.5835740434799894,1.1268702748726032,1.330365000913725,5.7612941531991115,4.247143257909524,0.6648439086796438,0.6207859334672698,0.0,0.0,0.5305277521620155,0.5006652285766566,0.40069655238639823,0.3670279336577991
614,48.35024342594716,25.589590324087386,0.0,0.0,6.049124830424325,3.583497241779658,1.2399383597940221,1.2632805837407082,5.795639551745812,4.087893504124798,0.6334144454638194,0.5914282022050005,0.0,0.0,0.5050291785191803,0.4766795989621396,0.38230797606966005,0.3500912428164017
615,45.07837402247823,25.617193353678132,0.0,0.0,6.923261808696152,3.5941670384280773,1.356206613478514,1.199256246755724,5.869606616212106,3.939919104936009,0.6034103598098254,0.563452855822279,1.6007106751203537e-9,0.0,0.480701572385442,0.45376911067829445,0.3647328620127155,0.3340250214108393
616,41.449025410772855,25.63953872819568,0.0,0.0,7.407712917809679,3.6151058428827483,1.4877587193053539,1.130437969649492,5.967112697171712,3.800495901474104,0.5748033560751236,0.5367468238235132,1.3787939678877592e-9,4.5095387624927315e-9,0.4574874311492749,0.4319107375175382,0.34800021335577186,0.31866952741309557
617,37.60648220564933,25.658482610066464,0.0,0.0,7.453639734427802,3.64444135179352,1.6023654548261115,1.0578055914123248,6.0652277740734695,3.6676808388093023,0.5475515957602117,0.511283560713919,2.1827872842550278e-11,4.294798821421649e-9,0.43533890677463205,0.4110528136099047,0.33210357761972775,0.3040501009368104
618,33.66415381192405,25.67574250897084,0.0,0.0,7.130606246463531,3.678063419729885,1.7122918258363118,0.980552205533107,6.1463956009242215,3.5402284933306474,0.5215709396876332,0.48702528192033134,4.001776687800884e-11,0.0,0.41422532111027976,0.3911523470883492,0.31694420404501217,0.29016110455547595
619,29.712580474361513,25.69484573720105,0.0,0.0,6.536856315541693,3.7115805969271523,1.8215797267682325,0.8988757152455822,6.201358693729208,3.417234797628997,0.4967942028369433,0.4638985743691205,9.822542779147625e-11,0.0,0.3941106183501688,0.37218177391243645,0.30245875830605656,0.27691625894680594
620,25.999290434221777,25.604621792758607,0.0,0.0,5.705331984709477,3.8015135425914037,1.9284516372145737,0.8134440991695853,6.1210808908193615,3.3782928370427383,0.4941521571111688,0.44184436005389915,8.36735125631094e-11,9.298018066995322e-11,0.39065870892409293,0.3541086979172343,0.3026088688709933,0.2642602288858476
621,22.529610754361745,25.4930352756074,0.0,0.0,5.002020365532704,3.9052011529270305,2.0244999663402603,0.7302437953353496,5.990332961879333,3.3689961865869384,0.49114999423322736,0.4394414922169945,8.36735125631094e-11,1.1622522583744153e-11,0.386945290651056,0.3510071546125651,0.3024924112738518,0.2643913812753541
622,19.333403122047848,25.35636813448344,0.0,0.0,4.646588548084623,4.021722538276479,2.102911758181716,0.651577702082581,5.864843042005915,3.3850666007956574,0.48792506565168625,0.4367194602739184,1.0913936421275139e-10,0.0,0.3830504474317422,0.3476706453952884,0.30223041609597207,0.2642896314885739
623,16.462324717903286,25.15474339064273,0.0,0.0,4.669901839774525,4.138285866594191,2.160772695681167,0.5786711124958168,5.76019722142894,3.5076103698631345,0.5083047555926508,0.43379929687911134,1.0550138540565968e-10,5.125532459431172e-11,0.39805568465999386,0.34417112562432683,0.3161097854669606,0.26406072456784485
624,13.901045641758964,24.92671291377625,0.0,0.0,5.1427057627998245,4.2679651253832445,2.193796737716049,0.5162152137198337,5.768772688809947,3.678410019880316,0.5290805859384203,0.45187973549954913,3.2741809263825417e-11,0.0,0.4134078241477255,0.35765334306792795,0.33018212754536763,0.2761872219120166
625,11.712620487696293,24.60724256268859,0.0,0.0,6.31137627762401,4.502368647340436,2.2016872146156463,0.46363260943319384,5.895132985324655,3.8909475673904135,0.5468701778251192,0.4703138427164023,1.4551915228366852e-10,1.836542349369932e-10,0.4245672062825179,0.3714472522528314,0.3446877989484619,0.28848232085257886
626,9.948763406100348,24.2469352195278,0.0,0.0,7.744579155845613,4.793426659255292,2.1717253228158344,0.4335888761644718,6.104916138162834,4.126608170787303,0.5643229514093402,0.4860219505498144,7.639755494892597e-11,1.3454522706006826e-10,0.43499943748975056,0.3814739658012675,0.3594939260557112,0.3011560224071563
627,8.693704880440515,23.85069383634001,0.0,0.0,9.113874225491843,5.1469333607405465,2.1048104171968367,0.4221871195470091,6.350649409824681,4.374298508001032,0.5814799725563906,0.5014135717397331,3.637978807091713e-12,8.969681804004552e-11,0.4447914180709631,0.3908473336762211,0.3745391206464319,0.3140922343563833
628,8.031605426860903,23.425564541761574,0.0,0.0,10.206755251553673,5.564684966203095,2.0068735984280788,0.4263901057278263,6.602973817625268,4.626451071388908,0.5982817884004336,0.5165275777017914,3.637978807091713e-12,3.661094613879408e-11,0.454046960827327,0.39964543596604724,0.3895926792113642,0.32723732066802547
629,7.980082097297488,22.981719937756015,0.0,0.0,10.918275279745467,6.0409502183336725,1.88582880977164,0.4428616895006681,6.852567420274209,4.878499629670008,0.614737614519582,0.5313170268073782,5.0640664994716644e-9,0.0,0.4628194336346496,0.40796154834267206,0.4045991924798273,0.34038971495813725
630,8.448292710717757,22.529214000640003,0.0,0.0,11.245225221300387,6.56348281266964,1.7522323586167714,0.4668193689705907,7.092941717967155,5.132232279324152,0.6308280833463566,0.5457919737905513,4.03451849706471e-9,1.3826733991751232e-8,0.4711568037928373,0.41584362188736945,0.41947030524002005,0.3535010053589384
631,9.289217825005741,22.076441601730224,0.0,0.0,11.261534795941406,7.117041822917726,1.6185197620776541,0.4923817474990774,7.292892535168327,5.397807761220231,0.6465323339690614,0.559937642927639,3.637978807091713e-12,1.3168318087382125e-8,0.479028232219207,0.4233347554918369,0.43420733711491266,0.36649399553065903
632,10.371437987815487,21.624812906413887,0.0,0.0,11.08341501372799,7.688981425648264,1.4912510782040098,0.5192419118528929,7.434215121435327,5.672341162899534,0.6618369343307807,0.5737350142344912,7.275957614183426e-12,0.0,0.4863577545111184,0.4304072401639496,0.4488699837049353,0.37936983824904175
633,11.618046964819024,21.17773051531076,0.0,0.0,10.823965530289263,8.271888234966632,1.3735572833857765,0.5475816102082264,7.51187758112937,5.952979375364532,0.6766481585557789,0.5871698389081081,1.4551915228366852e-11,0.0,0.49294145802741696,0.43699282156233127,0.4635314977806047,0.39218069002229855
634,13.00038146014221,20.73561730893143,0.0,0.0,10.533018410907522,8.87324332958693,1.2659089848378273,0.5789160323997306,7.531929951560315,6.237229549190697,0.6909224363851694,0.6001542268256238,7.275957614183426e-12,0.0,0.4985651274673728,0.4429082843027301,0.47833735665726634,0.4049905525721241
635,14.20040541974309,20.398127037066022,0.0,0.0,9.981602926713851,9.345911904867306,1.1703211598234884,0.6105894579781913,7.507561001937058,6.522998035090924,0.7124905185391806,0.6126432742602606,2.255546860396862e-10,0.0,0.5144553365862521,0.447961155631571,0.49292843868674935,0.4179265300762327
636,15.250895602447699,20.104023125097793,0.0,0.0,9.340488060609372,9.780577775245272,1.0844623331022452,0.6464885386724926,7.401623092300758,6.7805070627938715,0.7352372810393322,0.6317794560678406,5.4569682106375694e-11,2.1527236329610923e-10,0.5305459745814005,0.4622385209268851,0.5090135835963338,0.4306748551758068
637,16.1790757367016,19.836941454997365,0.0,0.0,8.68914192070267,10.192699379572,1.0067947535011703,0.6876328343401255,7.262347634113892,7.032993583869562,0.7587355366482109,0.6519375288070343,6.184563972055912e-11,2.0502129837724688e-10,0.546719496114747,0.4766959777594352,0.5260963857896058,0.44472855345142703
638,17.01301505866385,19.589236477513953,0.0,0.0,8.169620083912854,10.564366100815281,0.9353882998775619,0.73318105005983,7.173123525762303,7.281748681452995,0.7828136803124549,0.6727455399540181,2.4374458007514477e-10,1.9525837940690178e-10,0.563235371864721,0.491227893622389,0.5436572210177474,0.4596539111715837
639,17.100137565818148,19.61313602029371,0.0,0.0,6.938633843325064,10.671408393272344,0.8766581219503881,0.7800148576564231,6.6853820288442245,7.376801938097607,0.789105255723542,0.694065067135048,4.511093720793724e-10,8.457128558061434e-10,0.5770634389864426,0.5060674206249313,0.5382238307578519,0.4749969296734533
640,16.505872243815823,19.712801688172505,0.0,0.0,5.273580612101632,10.689908410783575,0.8482192139121,0.8314420349590387,6.009836713555798,7.4370733089300884,0.7972521294359967,0.6999776570864537,9.300856618210673e-8,1.4888451429776262e-9,0.591318363613027,0.5184919497106923,0.5347462489295595,0.47024974056924884
641,15.362800764059024,19.89988227371169,0.0,0.0,3.4942984833716055,10.619362769541224,0.8391657378586355,0.8929373305923382,5.281767910989965,7.4354187671670635,0.8073797972416342,0.7075069969232282,9.077848517335951e-8,3.196025765078307e-7,0.6056402906942822,0.5313000106005125,0.5339119546158144,0.46721135413334924
642,14.015004921862733,19.988870877830582,0.0,0.0,2.440914439260927,10.585820616837818,0.8511135764400204,0.9509014997795076,5.058617124841924,7.555237959197746,0.8483150473756859,0.7167460937411059,1.4460965758189559e-8,3.0505460687714526e-7,0.6389712025666086,0.544168273241535,0.5579912381880149,0.46648242548928587
643,12.551881349286772,20.077964784073085,0.0,0.0,2.1667172093304985,10.52423641936457,0.8851558398293581,0.9975839396196948,5.1942382225713795,7.700872373901461,0.8913881331499932,0.7531837180976555,8.38917912915349e-9,4.2875485811432177e-8,0.6738452966492332,0.5741161235385113,0.5835283370191519,0.4875206558706201
644,11.06073300928141,20.13741787466962,0.0,0.0,2.3408931519967853,10.446756321602678,0.9353214849293984,1.041649250475364,5.401632109894808,7.870646463686266,0.9358056382481558,0.7915172809942304,2.928572939708829e-9,3.223312929891712e-8,0.7105671206809347,0.6054505242639246,0.6089553017950038,0.5098325889750841
645,9.76121365890203,20.169175428438212,0.0,0.0,2.585024490896408,10.361358076014216,0.9927509771913506,1.0719229608494802,5.807035162373156,8.073969405611285,0.9829211927520707,0.831076140467552,1.6370904631912708e-10,9.276934125800322e-9,0.749067937151267,0.6384451117820732,0.6364206915972318,0.5320482971460562
646,8.721443233653478,20.158287973641563,0.0,0.0,2.770787863849662,10.27399902888406,1.054470331232797,1.094105387043765,6.444745089864698,8.309481295770864,1.0325111534124334,0.8730213915594065,1.837179297581315e-9,4.618387118904922e-10,0.7892087811596866,0.6730381253862504,0.6657542952632867,0.5560449908927194
647,7.998145553940356,20.102253283993488,0.0,0.0,2.914293062769195,10.18797421718606,1.1188678165549906,1.1125527994358497,7.2579661988475275,8.575647282115293,1.0841364607691162,0.917155424853793,3.637978807091713e-12,0.0,0.830753885105878,0.7091047049968442,0.6965628815480159,0.5816739556573597
648,7.814541676298085,19.967746761933103,0.0,0.0,3.054995564197362,10.104300355733754,1.1783054315845876,1.129364361212902,8.245082082501172,8.897381481921368,1.1346324819714337,0.9630918992391749,3.637978807091713e-12,0.0,0.8735163724541053,0.7464330135435827,0.7241270718591295,0.6085916222495728
649,8.430587757147904,19.808316622083247,0.0,0.0,3.235918866956184,10.021048185619886,1.2443016312347637,1.136865767391658,9.372078118791418,9.261795003499099,1.187803374056696,1.0081045540732558,1.382431946694851e-10,0.0,0.9172647947834776,0.7848551415551208,0.7546536633922187,0.6326746389082851
650,9.59657034533554,19.628565211723803,0.0,0.0,3.4572387393782966,9.93815212481572,1.3202311889608243,1.150068581086948,10.572974013178863,9.664264847861231,1.2429401524601713,1.0554534182574857,4.69299266114831e-10,0.0,0.9622217011601606,0.8241631330054954,0.7867843544543576,0.6593459246146723
651,10.909119398956856,19.439460677983487,0.0,0.0,3.7032181684878704,9.855360637606692,1.4096503711925257,1.1844567829909134,11.737433208691819,10.112482388256385,1.3001964824740833,1.1045375586611421,3.637978807091713e-11,6.278777262803185e-10,1.0087255642138189,0.8645569488715278,0.8203557942377757,0.6874187229418983
652,12.186535233451808,19.25488860081227,0.0,0.0,3.95043915933347,9.772292480658969,1.5158629773029082,1.2558137678263437,12.782427555744079,10.599036399518145,1.359596988624461,1.1555018330695208,1.0913936421275139e-11,4.759422998043231e-10,1.0569737512887514,0.9063407056348857,0.8551669197082447,0.7167503132446333
653,13.54017098445831,19.061915426299223,0.0,0.0,4.19924194809497,9.688963139263796,1.6064963488217376,1.382925823684979,13.763871307370657,11.159488656766321,1.4202870669543535,1.2083749313413432,1.8917489796876907e-10,1.1622522583744153e-10,1.1074188205129758,0.949691739312462,0.8892912394325322,0.7471650252627373
654,15.107949979508502,18.876840864623436,0.0,0.0,4.419530975794062,9.604337263464595,1.7324624994378917,1.5683473885815444,14.638475389601862,11.754256083092562,1.4834094984571637,1.2624403311193173,2.9103830456733704e-11,0.0,1.1605779862566123,0.9950166742367309,0.9238844505291126,0.77697967002202
655,16.93253662994279,18.698905842855975,0.0,0.0,4.614185587687452,9.519864319277824,1.88137570348045,1.7966903748417364,15.301322176284549,12.37540306912358,1.549478016103033,1.3186996936106379,0.0,0.0,1.2165740857235505,1.0427802273928024,0.9595986746200197,0.8072039886468633
656,18.85620077829535,18.727942895912033,0.0,0.0,5.836916020835489,9.303186822916999,2.0377696982504414,2.0462082731655094,15.247946608035445,12.801057459837294,1.5687499447782332,1.3775991257580824,0.0,0.0,1.2381713796021359,1.093092771157095,0.9632798264138273,0.8384077438415845
657,20.782352933252174,18.841017133000342,0.0,0.0,7.8087281912224835,9.052337200492596,2.201898862090941,2.311299472097572,14.905713519098219,13.090620889700366,1.5920149216607404,1.394984813292986,3.637978807091713e-12,0.0,1.2610718108135188,1.112497949610773,0.9717043782766269,0.8416239905265851
658,22.271057166073383,18.92373582246627,0.0,0.0,8.821943790628294,8.891528790244699,2.376030723890201,2.588885326742408,14.704444867886824,13.272191247954932,1.5983893642368383,1.4158501027617507,1.0913936421275139e-11,0.0,1.2623135383892077,1.1330740049114414,0.9805167466722651,0.8489845775303617
659,23.26847557914678,19.025334534251353,0.0,0.0,9.109109604641274,8.744369933947466,2.5448267063435424,2.8735181068169173,14.848813434596476,13.350220232670138,1.6042129659784579,1.4213703779279188,3.637978807091713e-12,0.0,1.2630406429452705,1.1341896981059374,0.9890538784524324,0.8566840023960509
660,23.808970916770786,19.337766139736235,0.0,0.0,10.085479777800206,8.48660034584524,2.7029342752303744,3.172719433522479,15.244454807860961,13.140126960241084,1.5581200440974712,1.4263981490347255,2.9172952054068446e-8,0.0,1.2244555985598709,1.1348430021162283,0.9635593178282762,0.8641429512051331
661,24.043106614692416,19.70044615330725,0.0,0.0,11.165496429511183,8.203044205552319,2.8377641380276937,3.4233576296172656,15.721633021133348,12.809426231700984,1.5135129409291288,1.3853250704565552,7.017661118879914e-9,1.2285790209340462e-7,1.1876439316056349,1.1001743096042484,0.938202171219109,0.8418681840539288
662,23.6907038070715,19.994650376806415,0.0,0.0,10.745787735443754,8.006182379635353,3.025620866595042,3.6072963599902064,15.793929400535573,12.436400896323345,1.4532137592996246,1.3455966911935653,9.880750440061092e-9,3.015673173909635e-8,1.133288028275274,1.067098998213924,0.9096639353001137,0.8197134763817843
663,22.62355215937964,20.0893175629138,0.0,0.0,8.29615569179858,7.973165411369045,3.1588891005268205,3.813731670621624,15.518097393742835,12.220238543106658,1.4407044569387972,1.2917151890817162,1.1019437806680799e-8,3.9443278764929614e-8,1.1148827587112464,1.0182601767011887,0.9125052145449445,0.794779429935675
664,21.17086602582912,20.19577326704471,0.0,0.0,6.017409104981892,7.919650504829763,3.3491751273194765,4.018944004217561,15.082400065613854,12.0576690893273,1.4393254137031504,1.2802638480115873,1.418811734765768e-10,4.109011234414485e-8,1.112800064145631,1.0017230276325295,0.9128711101624504,0.7972618744403582
665,19.92611447573803,20.325035528010975,0.0,0.0,4.988159328907667,7.775401545904522,3.4735509482616256,4.241358758439428,14.777725224880486,11.96392764390996,1.4515123487451635,1.2789995373432752,2.546585164964199e-10,6.406915574288964e-11,1.1301681399618246,0.9998517249421776,0.9108282351656272,0.7975815598761448
666,19.170897258912905,20.411227549910464,0.0,0.0,4.841837854758421,7.619208060742518,3.6410001659971827,4.364076778072978,14.269303994025874,11.964674653250697,1.4640736178845888,1.2901337887898887,6.912159733474255e-10,2.1527236329610923e-10,1.1485627241763723,1.015456954621706,0.9079180729659584,0.7957966865272587
667,18.906968835502322,20.472642958419353,0.0,0.0,5.406889832912394,7.446765868234303,3.7076015526680206,4.455923296922609,13.659389744160428,12.01262034303787,1.4781535322959953,1.3016312900989162,9.1313268058002e-10,2.684177279848362e-10,1.166585177565139,1.0319845028432302,0.9077537598514482,0.7932540584554107
668,19.04264240612716,20.507891241535788,0.0,0.0,6.493094776615578,7.256635740214475,3.8477132490143604,4.523538751839516,13.0998411584878,12.109407477639104,1.492000174247863,1.31442030302796,1.709850039333105e-8,1.2163561252365473e-9,1.1838805372863135,1.048177691302951,0.908015084340741,0.7931104970096723
669,19.08384606893178,20.45132771097841,0.0,0.0,6.700515476728318,7.156284243859831,3.907797741928519,4.600131531788791,12.776886368446757,12.224336710966517,1.4913295711822179,1.3269821331465428,7.894414011389017e-10,7.186439658455489e-8,1.1826972421404207,1.0637175854866494,0.9084553502049403,0.7933388179186727
670,18.920465264805323,20.384086861810115,0.0,0.0,6.403226455016508,7.070826191836941,3.9351077710840294,4.667826653365752,12.689936730426666,12.339299946553169,1.4902315560769936,1.3263601795098514,3.2378011383116245e-10,1.9135358555550562e-9,1.1806431391614751,1.0626543940883317,0.9093249521917869,0.7937234811407347
671,18.524167991495922,20.321765168664594,0.0,0.0,5.737861151947297,7.002858190416449,3.8902307665931612,4.618583373212305,12.318187293849945,12.447083593654634,1.489298169958434,1.3253372841860953,1.601074473001063e-8,2.4440140495461402e-9,1.178633502111552,1.0608087807484183,0.9104021675840841,0.7944832581878795
672,18.266810270002825,20.352800403301263,0.0,0.0,5.980743332139245,6.844794937382828,3.7823071245675512,4.496989248048791,11.535245652973682,12.539837578174248,1.502520959430864,1.3244574851774669,3.2672687666490674e-8,6.762643384089536e-8,1.1946250339988183,1.0590031202944874,0.9112849508646377,0.7954244283708883
673,17.910449666900114,20.342563252906476,0.0,0.0,5.614039752848048,6.776345010605937,3.669212786729022,4.393508046860519,10.771954279670947,12.602171516366404,1.5027421116351927,1.3364333343632122,3.159584593959153e-8,1.2481424351294884e-7,1.194572329037328,1.0733715241418416,0.9117185995580712,0.7961957223940466
674,17.864509861296135,20.427437821886294,0.0,0.0,6.100109761280053,6.61819532980445,3.567209065558877,4.308979415098778,10.369434635206705,12.625128938016609,1.5161020911641636,1.3366210648021313,4.001776687800884e-11,1.1932816187957455e-7,1.2115252275543753,1.073324168692867,0.9114670448412653,0.7965746040218299
675,17.771388076629894,20.493311862795213,0.0,0.0,5.899319040238561,6.546127249411102,3.5943704149444495,4.231473808088069,10.40157461669835,12.574540214702997,1.5183678006327022,1.3487534796783602,0.0,8.969681804004551e-10,1.212299844239169,1.0885563611752667,0.9142044988162525,0.7963548188397853
676,17.53777771221264,20.57501693013436,0.0,0.0,5.264273563669361,6.488561430702094,3.5733053942554434,4.1885344924127565,10.796563397756636,12.487309685580888,1.520315147895603,1.3507282275077845,3.637978807091713e-11,0.0,1.2123018411148223,1.089252354871885,0.917432501577332,0.798746550535509
677,17.404157385185304,20.72064588226284,0.0,0.0,5.617769696127383,6.34280612283966,3.5473150211655815,4.161207944561813,11.304189950653951,12.421527725421253,1.5342553032238557,1.352399371923056,3.41970007866621e-10,0.0,1.2288722526154743,1.0892541490645815,0.9185925768382276,0.801566878010482
678,17.1045905440142,20.802395707996126,0.0,0.0,5.34613362180721,6.28062614520132,3.5327851437591136,4.150127466210453,11.760658528875394,12.36272257296641,1.53499555795663,1.3650151716099552,0.0,4.439992492982253e-10,1.2292010744440631,1.1041426767708928,0.9193889718351784,0.8025804433566539
679,16.72612790924046,20.68182733470935,0.0,0.0,3.400875718953256,6.340517059248688,3.5324871017099975,4.155075630640011,12.13171186524883,12.53922169130442,1.5890469545723418,1.3656633248904844,2.6921043172478676e-10,4.228564279030717e-10,1.2720606789116573,1.1044381234401468,0.9523296976375605,0.8032762591057572
680,16.633870002588637,20.564409401290664,0.0,0.0,1.8110419015441417,6.336385002028935,3.4539501390174303,4.013918078629445,12.022306104882714,12.831348858840663,1.6581965441137159,1.4137353063766724,2.3283064365386963e-10,1.9525837940690178e-10,1.3331311671099684,1.1429475114503447,0.9860918163085444,0.8320567904689006
681,16.932987724303175,20.39218038256743,0.0,0.0,1.2795975124318264,6.338255645689244,3.3561363559199537,3.881187614600774,12.064670076740253,13.216401444637606,1.7299641560864318,1.4754823881838601,4.3655745685100555e-11,1.2203648712931361e-11,1.3972963182204694,1.197819392680328,1.0199700880081537,0.8615549781410804
682,17.63624589908374,20.169384195895365,0.0,0.0,2.066876572548359,6.342819500594006,3.2696959014354907,3.7748376507451087,12.572083699883828,13.68034171582244,1.8045634002394324,1.539599339875978,1.2369127944111824e-10,2.178351295258248e-10,1.4644560980595998,1.255471830958543,1.0544275235120495,0.8911546493264512
683,18.38664883000157,20.097303416644802,0.0,0.0,1.8167810639535023,6.240612138795427,3.2092371126847374,3.702715608528634,13.158998973273876,13.968980213423615,1.8190374878596307,1.606265726804504,9.822542779147625e-11,0.0,1.4824792514773435,1.315814945628752,1.0541122573890562,0.9212603399510942
684,19.10095874427444,20.05663201860462,0.0,0.0,1.876413269420551,6.112264402782983,3.1826868952177376,3.6716016454594214,13.713664103288648,14.225566186891642,1.8353348340018534,1.6194012821497874,6.584741640836e-10,0.0,1.5013151770854165,1.3320087630487107,1.0557019901248623,0.9209848900985395
685,19.85911905271508,20.06013138225203,0.0,0.0,4.1809272947767315,5.958291329766631,3.1914099482976472,3.682524305564094,14.213395918393932,14.43052289491227,1.8523939135314649,1.6341338289320186,3.7834979593753815e-10,0.0,1.5201203259184695,1.3489328568824261,1.058582734422748,0.9223738496309596
686,20.885149991187344,20.115243837193024,0.0,0.0,7.597787726122907,5.779925583604651,3.2343355202757693,3.734196427106231,14.672643248252731,14.574831712032816,1.8682027007814075,1.6495189045732712,3.055902197957039e-10,0.0,1.5367315736948512,1.3658292975832893,1.0623734755801706,0.9248907753933668
687,21.637210790778628,20.085076506643748,0.0,0.0,7.817269637592844,5.7618683952536225,3.3087162661437692,3.8249221803754785,15.109826401929801,14.658795193174615,1.8545025388028658,1.6637437964249635,1.5679688658565283e-9,1.9283694668384286e-10,1.517499548568594,1.380754516844284,1.0660088116523183,0.9282027711425226
688,22.02828506608884,20.064946682068918,0.0,0.0,5.970598259292958,5.791605415670953,3.435505615078583,3.9855604468122157,15.524262456688785,14.68660687544877,1.8393240070774741,1.6512206452669935,1.5606929082423449e-9,6.4793214085771205e-9,1.4964289672388986,1.363474532096346,1.0694920051219923,0.9313789882108124
689,22.376142876372192,20.119829473053116,0.0,0.0,4.40216588922111,5.772027342310534,3.600338309289567,4.181861252352337,15.923214176387706,14.666246283312969,1.8394185180370128,1.6373575598800243,9.138602763414383e-9,6.363619240566815e-9,1.4945454186017741,1.344542593523997,1.0722846992445283,0.93442227771818
690,22.932945560600857,20.25801802219551,0.0,0.0,4.380659036241054,5.663135550325076,3.7860585573881207,4.396379809347369,16.27857475737301,14.613841038768777,1.8563852232195355,1.637363014717606,4.045432433485985e-9,2.8954467544579007e-8,1.51405793001868,1.3428502236055984,1.0741483517351753,0.9368622731904197
691,23.620967434951556,20.411117590051873,0.0,0.0,5.488240500180086,5.53696918006013,3.922126960591854,4.524957588166207,16.048280135029234,14.562883346508203,1.874139381770911,1.6526960863687035,3.7107383832335472e-9,1.6747147138927586e-8,1.5348841162012832,1.3603822351290473,1.0754204629528203,0.9384905584201293
692,24.181683591207474,20.499135246774863,0.0,0.0,5.814360265282935,5.484992086062928,3.956092935092968,4.5104282989964295,14.96949532065108,14.533849986145194,1.8762753795939526,1.6687581563460436,2.066371962428093e-9,1.2714523957176452e-9,1.5366178346448578,1.3790945746797934,1.0766684402924511,0.9396020106727138
693,24.63799966095628,20.568870436208282,0.0,0.0,5.597474744197747,5.441730985835564,3.9496035560940275,4.487141493108399,13.660446649724674,14.516654165042779,1.8772460282516867,1.6706594452804424,5.4169504437595606e-9,9.404509553658184e-9,1.536795086298298,1.3806523220541518,1.0781064480449687,0.9406923767689596
694,25.04241785138305,20.615777597674203,0.0,0.0,5.014128889778328,5.406130646376656,3.943445463138669,4.487962238096597,12.727973302633806,14.501773097107906,1.8773742490397685,1.6714987644253871,2.4010660126805305e-10,8.476349304784301e-11,1.5359463586537458,1.3808115828012744,1.0795382597647631,0.9419487737013278
695,25.32892131719971,20.817789384796136,0.0,0.0,5.7711788693326,5.281791595555872,3.8538419330640945,4.341913600645554,11.34500608840206,14.265177431205696,1.8109471593553368,1.6715744150980452,1.979060471057892e-9,4.4500833850117585e-11,1.4792052815628267,1.3800490003511892,1.0447398475093224,0.9431997571246798
696,25.535142920088294,21.061259889675156,0.0,0.0,7.329746208288656,5.143688586012565,3.680266659032635,4.1032124311569715,9.414222742547528,13.921964965755707,1.7487498776970463,1.612332524430127,1.9354047253727913e-9,8.239329387349271e-9,1.424871190902195,1.3290670985207793,1.0138383619110074,0.9127961530181768
697,25.638356490255426,21.271291537112184,0.0,0.0,7.645629576984548,5.071808050104644,3.4888820121638284,3.8856315594182886,7.806213456308684,13.487443742821954,1.6762191036322251,1.5568145406365812,8.159986464306712e-9,7.876647591470812e-9,1.3572988236046513,1.280247875522478,0.9835905585267938,0.885797319457262
698,25.659893614570947,21.49260959704877,0.0,0.0,7.073193019645591,5.0126334632077345,3.300539022043847,3.6801561538452554,7.260950532284429,12.963462962690258,1.6060991983345139,1.4919046323739742,8.436472853645682e-9,3.266361204598631e-8,1.2922296194283263,1.2195340508823838,0.9537805017732808,0.8593696124702835
699,25.661714625343365,21.55127940625842,0.0,0.0,4.603120210956492,5.065483237201559,3.1177674137191422,3.482950617365393,7.1452605698852905,12.592525083553753,1.5958176199436014,1.429164604876576,1.6156263882294297e-8,3.164503740452806e-8,1.2766713929977413,1.1610693202248554,0.9574675088083495,0.8333243674972015
700,25.742389307460826,21.63268604928697,0.0,0.0,2.4613586695992864,5.075903569281297,2.946355813455787,3.2943528759681313,6.995390026563586,12.254647992052078,1.5951129164033584,1.4197270095226777,3.092281986027956e-10,5.977844438278833e-8,1.2746026545992208,1.147090241650048,0.9590481160846138,0.8365457304173134
701,25.976080610822184,21.752233710131687,0.0,0.0,1.8480178346847174,5.002474838513481,2.784250329514088,3.1155950361120244,6.577075304498965,11.9734918314604,1.605945408741155,1.4190406349329072,1.7462298274040222e-10,3.459734410116041e-10,1.2882804301680153,1.1452314785867075,0.9588504518969103,0.8379267175862651
702,26.404742309646238,21.8527479774183,0.0,0.0,2.231903032897018,4.912348869603407,2.624511544433378,2.9470967035832434,5.907852162162897,11.755379981987174,1.6164250532706996,1.4288759881771134,2.6557245291769505e-10,1.3424013584224497e-10,1.3026071901713294,1.1575209705966683,0.9571021162630131,0.8377540165335344
703,27.081950724328923,22.099137106371842,0.0,0.0,4.780305171359121,4.723188802435526,2.464662272883212,2.7885913960131306,5.666589502413371,11.385411734167175,1.5659183793652018,1.4384352103887794,1.6007106751203537e-10,1.7939363608009103e-10,1.2671173735252523,1.1703935756072181,0.9200619177773888,0.8362264840720864
704,27.840624845434018,22.31445823300138,0.0,0.0,7.555747081575647,4.582503751444969,2.30176629219167,2.6397300399125547,5.606948736937971,11.00541525820768,1.5076187170642323,1.393697769276377,2.6193447411060333e-10,1.7939363608009103e-10,1.219553775852546,1.138505947711367,0.8863423626602753,0.8038642168375152
705,28.487557517311497,22.494126702059635,0.0,0.0,8.669248781178997,4.496794198670559,2.1377356941334553,2.500844042745636,5.667664143650996,10.600219851513494,1.442205238712092,1.3417944236654533,5.093170329928398e-11,2.018178405901024e-10,1.1619545621579164,1.095770018138688,0.8542935947606111,0.7744032171472721
706,28.997139319695997,22.679770792495805,0.0,0.0,8.505238830532017,4.418913442827325,1.978491456527585,2.3706764286241624,5.928520280687886,10.163198738276902,1.3786617957650569,1.2833891075511854,2.1464074961841106e-10,3.972287656059158e-10,1.1062296487361891,1.0440170797032982,0.8227784096335654,0.7464019953542631
707,29.415948764880405,22.870261877074753,0.0,0.0,7.504356156076839,4.359794749145517,1.8284472270097636,2.2484229147869006,6.345455630181092,9.702076101959035,1.3179504444857317,1.2266632568516684,1.0913936421275139e-10,2.440729742586272e-10,1.0531042076727317,0.9939482015320177,0.7924423650349126,0.7188669684866665
708,29.811593411174446,23.05418612751746,0.0,0.0,6.065496367101361,4.323765601899616,1.7330323618773273,2.1308831500758916,6.827877662899806,9.223146174271884,1.259433202773357,1.172470938715718,4.729372449219227e-11,6.973513550246492e-11,1.0027087504586234,0.9462149520556155,0.7620676833468678,0.692362164361475
709,30.317200316580163,23.23088035253072,0.0,0.0,4.501434734686779,4.310678251049929,1.6589817433447758,2.023485603300077,7.302376250831597,8.741387469579145,1.2033189574215037,1.1202697053764812,3.346940502524376e-10,1.5496696778325535e-10,0.9551578720438556,0.9009345937752026,0.731881105619368,0.6658236031588388
710,30.894124668162224,23.432331241617344,0.0,0.0,3.955581727694099,4.237740096178458,1.5932407078015032,1.9230550323428295,7.485181891442208,8.298207999913538,1.156055621333412,1.070243002421767,2.6193447411060333e-10,5.927486517709517e-10,0.9189200208875263,0.858210092457522,0.7014631813777896,0.6394493892692447
711,31.442512197478315,23.62288455510847,0.0,0.0,4.127420948720205,4.153260660317483,1.5257314535205642,1.829516308160081,7.402624326734043,7.8796713442072654,1.110274706542338,1.028256718909051,8.003553375601768e-11,1.1069069127375383e-10,0.8844306597056857,0.8256503549336388,0.6711872556598791,0.6128730467067084
712,31.928838611254594,23.809384038049693,0.0,0.0,4.817192824272985,4.057450191917848,1.4159258681705114,1.7454996579268331,7.121970259324083,7.494602175018962,1.0659540730672477,0.9876114802002028,1.8189894035458565e-10,4.32220794497515e-10,0.8509276931763452,0.7946616371828575,0.6420125753240654,0.5864207689134963
713,32.360845613208134,23.988186737101298,0.0,0.0,5.884209697758744,3.9506554597825283,1.3220559314308016,1.662253020354205,6.689638886866695,7.14312445860022,1.0229817510414436,0.9482583853165929,1.5788828022778034e-9,7.027980398333577e-11,0.8179449812396342,0.7645591955051769,0.6143758382527039,0.5609306569369413
714,32.77962294515999,24.109076331733277,0.0,0.0,6.093175915767411,3.896410235412115,1.230776836961421,1.585427246019838,6.179200341418913,6.822680990018079,0.9762433642778154,0.9100829206942388,3.637978807091713e-12,7.379379418250256e-11,0.7793429369357909,0.7349242036103951,0.5879419129002145,0.5367842559976799
715,33.20720073056368,24.209830433397773,0.0,0.0,5.719392975307093,3.851954871890976,1.141951268821911,1.5129370756372136,5.671073447423421,6.527856262581312,0.9310145118895784,0.8684541035384905,3.637978807091713e-12,0.0,0.7416962460174545,0.700240236244951,0.5627385716232766,0.5136887593635454
716,33.65474223231628,24.2901330232459,0.0,0.0,5.00209314062391,3.819548143857515,1.0566352362063336,1.4441049116156868,5.228986305162183,6.253629088305684,0.8875832409388468,0.8281584028048671,3.637978807091713e-12,0.0,0.7054781134811492,0.6664146551459572,0.5386136286751253,0.4916684325264367
717,34.121219375170426,24.351246203520322,0.0,0.0,4.125492079478059,3.8001725435338183,0.975179355992788,1.3788014333444065,4.890302981433021,5.995231412301999,0.8460568217436378,0.7894616878871599,7.275957614183426e-12,0.0,0.6709783761398285,0.6338726349597228,0.5153641085404616,0.4705903093890284
718,34.589154975406615,24.453482975847198,0.0,0.0,4.001272267647472,3.723812173144979,0.8994551310483098,1.3176591292349455,4.777008769771852,5.724455742462364,0.8107239850464979,0.7524674059882686,5.093170329928398e-11,0.0,0.6433828133540374,0.6028745939633327,0.4932868692863394,0.4502770491911181
719,35.05401240354275,24.553207551045737,0.0,0.0,4.392255836613639,3.6360193420034554,0.8274414025860324,1.2594584330259677,4.753003260387495,5.480041750288837,0.776823295165704,0.7210597143095062,5.4569682106375694e-11,1.0983283841638225e-10,0.6174254763864155,0.5780799595274312,0.47142360252867094,0.4309880183866719
720,35.50008096369657,24.611097191204163,0.0,0.0,4.344598650302601,3.6018512872949775,0.7595786605500756,1.2045158036998043,4.760224624032908,5.2446291468414366,0.7409923909992026,0.6909454794320236,3.5652192309498787e-10,1.0460270325369738e-10,0.5883076049231022,0.5547572718883671,0.450515133495378,0.4118859366797139
721,35.91135256374115,24.668817898289717,0.0,0.0,4.026614025362828,3.5757875265440195,0.7024573968671732,1.1519020602037875,4.771713664898376,5.016923159264184,0.7066062246095782,0.6590505979534005,2.3283064365386963e-10,1.183753925154342e-9,0.5602442244271515,0.5285948417101033,0.4306027933641644,0.39361806866581417
722,36.278768105034686,24.775356554332312,0.0,0.0,4.2532592284796715,3.4938410937157345,0.6606466502938615,1.1017649307407036,4.783212813756446,4.796367810778426,0.6767812440518012,0.628437092381275,1.2005330063402653e-10,7.438414453596258e-10,0.5373052652848855,0.5033798724780254,0.4115044400701436,0.37622052451273585
723,36.58617352504411,24.851653082653097,0.0,0.0,4.140196018395779,3.461515328451516,0.6366017072770811,1.054421085969517,4.800209259494148,4.5835929558251705,0.6453392194100449,0.6019392968292433,1.0581788956187665e-7,3.5421021207601227e-10,0.5118166475876933,0.4827691999027624,0.3930730560097572,0.3595341662381065
724,36.79151109770515,24.97413745427488,0.0,0.0,4.481586361296986,3.3753898401525113,0.6350420225206446,1.0086474447980691,4.825796368027542,4.376513163830787,0.6178865382262263,0.5739536568403283,1.0274743544869125e-7,3.282549053326861e-7,0.49063656901307695,0.45986765705200855,0.3755789281472744,0.3434305434840847
725,36.914056728738394,25.060884367797474,0.0,0.0,4.461903233373546,3.336774838427685,0.6574172497206021,0.9645253368562581,4.859202328858697,4.1761352362380135,0.5891026782388867,0.549560943928895,0.0,3.126347884335903e-7,0.46726456461874477,0.4408373397025166,0.35875589494792165,0.32814580755500794
726,36.97143605167854,25.140588692086027,0.0,0.0,4.21827120958866,3.306257672312934,0.7036920184821075,0.921478013278063,4.899915640102086,3.9828615397700697,0.5615161172411975,0.5239397577011697,4.838511813431978e-10,0.0,0.44475323265214683,0.41983757565202534,0.34277530828094316,0.3134474114912904
727,36.97373875753342,25.20473881968009,0.0,0.0,3.8502346490743546,3.2836952341072285,0.7733316970996615,0.8775438145042482,4.8899852633734815,3.8128113888868507,0.5350101436015018,0.4993799730394644,3.383320290595293e-10,1.040492497973286e-9,0.4232020980816742,0.3996111263309436,0.32731611316244197,0.2994850667152051
728,36.91142087685252,25.3015246312012,0.0,0.0,3.939302473692661,3.2086676207151026,0.8345678858632748,0.8366033421097834,4.857200902199598,3.656774789810512,0.5118350629354975,0.4757853136171152,0.0,9.80403265567534e-10,0.40531704475688457,0.3802474149829574,0.3125591542088159,0.28597826500018364
729,36.4091168668841,25.361139710188098,0.0,0.0,3.840724043846936,3.1820310630163493,0.8938460555412697,0.7988066546666437,4.826650655662956,3.515345025354614,0.4876106786591283,0.45519315337110133,3.637978807091713e-12,1.0039971997619395e-11,0.3856904099466192,0.36417768080026985,0.29834054638554336,0.2730850118239075
730,35.30375749798122,25.421629086460417,0.0,0.0,3.8428329179580785,3.1644459541133045,0.9646919651240721,0.7560933920507327,4.8082049405296985,3.3865328105048342,0.4642515802767665,0.43363219938493835,7.275957614183426e-12,0.0,0.3665967475990328,0.346543134074943,0.284844439017661,0.260662119551221
731,33.70189820336083,25.47618490417731,0.0,0.0,4.138373452047267,3.1572769146241995,1.018957751678592,0.70915760679082,4.800746156188894,3.2680877933364196,0.44195605725861076,0.41283485493740785,3.637978807091713e-12,0.0,0.34832236064539757,0.32938746360932625,0.2720233255108724,0.2488704809096598
732,31.737473062348396,25.519188646567244,0.0,0.0,4.552451819116092,3.159684448362227,1.0693747722464522,0.6586034570176885,4.799707250294807,3.1577352045144385,0.42046311280360144,0.39298253465135013,0.0,0.0,0.3307101783975668,0.3129679128282755,0.25965362915380863,0.23766858875525085
733,29.54651167686666,25.550138547437324,0.0,0.0,4.884994226452861,3.1685073584427483,1.1198971696767415,0.604213029937976,4.80085057280028,3.053607410288108,0.39977376648849955,0.37384506437226134,7.639755494892597e-11,2.108394119500073e-11,0.31368230475891323,0.29714335306327566,0.24783558270260073,0.22686110262848874
734,27.403111281371125,25.45646478434329,0.0,0.0,4.776864189295624,3.240188522628144,1.1699305187901248,0.5462364285890873,4.7243882467185445,3.0238034054136023,0.3974505128103123,0.355420300124511,0.0,5.5345345636876917e-11,0.3109588769002585,0.28184379536750903,0.24753077992465933,0.2165355969660304
735,25.22355427902846,25.325624474559223,0.0,0.0,4.534341092738784,3.3323580437306517,1.2161327816107312,0.48568663953369706,4.6820567854626525,3.01757771135946,0.3945366456621268,0.3533199307502746,8.36735125631094e-11,7.379379418250256e-11,0.3079221837106161,0.27939679341043366,0.24666392835031276,0.2162692888445937
736,22.737948250281196,25.25079071349819,0.0,0.0,4.384089318257084,3.4429181098112007,1.2566750670260787,0.42391450565925487,4.716334262304793,3.0309475830923187,0.3914854675911248,0.3507003648820255,4.3655745685100555e-11,8.433576478000292e-11,0.30478249113002676,0.2766683222112609,0.2457000293765077,0.21551191478243548
737,20.353204658104953,25.198159966749884,0.0,0.0,4.429691841092391,3.5706663902774407,1.292687181060232,0.36130514540072595,4.802458422522751,3.0594060248895127,0.3889197966122374,0.34795897534649156,1.127773430198431e-10,2.007994399523879e-11,0.30202710275625577,0.2738473059790499,0.24502701360781884,0.21466974992345095
738,18.469733155698695,24.969371087800052,0.0,0.0,4.870151304663712,3.785016063286617,1.3236293651431261,0.29995819396621504,4.927760644185524,3.1746865120417174,0.40338999441857565,0.34564942677533994,6.548361852765083e-11,3.1625911792501094e-11,0.3117010461210157,0.27137158737944106,0.2560584805158442,0.2140817315729754
739,17.14302485269873,24.626221679069797,0.0,0.0,5.773040678415913,4.039260479710213,1.334439854332231,0.2576336147144344,5.1651979306472695,3.3231156446476624,0.4175559681047646,0.35844982327281627,1.0913936421275139e-11,2.2138138254750767e-11,0.3208788476258633,0.28006363303696175,0.2671886068794947,0.2237199974397712
740,16.187538796270587,24.21054170755784,0.0,0.0,6.909991334094788,4.341834517373228,1.3246679937359125,0.23502835557624324,5.520216978732359,3.498068718675382,0.4315079192594919,0.37097023154413816,1.7826096154749393e-10,5.270985298750183e-11,0.3294071512409573,0.2883098948483178,0.2787292828085583,0.2334444628267362
741,15.369434213616929,23.75637625739665,0.0,0.0,8.02687436260846,4.6977639547335235,1.2991595060426993,0.23245535917017965,5.998233050880487,3.6900560167242213,0.4446748841157727,0.3832825005497228,3.637978807091713e-11,1.8817417516538152e-10,0.337182117451448,0.29597258222436384,0.2899033843099005,0.24352762841018769
742,14.809010439622627,23.27396957126898,0.0,0.0,8.938127558777767,5.108529253932416,1.2657552250389477,0.24223549650167525,6.475469879478413,3.889333277202784,0.4567313616221339,0.3948922313538326,1.2005330063402653e-10,1.6867152956000584e-10,0.34423084068112075,0.3029583954206353,0.3001810537212123,0.2532905150765872
743,14.269996326393038,22.834154497238515,0.0,0.0,9.548973460886906,5.5699209584433795,1.2285069382353753,0.25830827255804945,6.959611529286939,4.099624041143657,0.4692531075287573,0.40552064254518416,5.4569682106375694e-11,9.035974797857456e-11,0.3509467990297708,0.30929167873264496,0.31150413027141893,0.2622701832023636
744,13.732533237307898,22.417304486355373,0.0,0.0,9.844186178260518,6.070848247367582,1.1959913702707012,0.28334291081827984,7.440085283544166,4.325799219650101,0.48156633251778813,0.4165372649941662,1.0913936421275139e-10,5.737126855782512e-11,0.35718413996983145,0.31532597254298433,0.3229947720453765,0.27216323074331944
745,13.366875716711323,22.011663843275922,0.0,0.0,9.877378652055425,6.598477197838377,1.1726275091286358,0.3168313911463331,7.884776726088341,4.566427291870272,0.49370572289336623,0.4273576537903663,5.820766091346741e-11,6.023983198571637e-11,0.3630135415987752,0.3209302281962026,0.3346139707686689,0.28220268050310915
746,13.359632205984113,21.597814727344065,0.0,0.0,9.73405528952948,7.141333604384027,1.1603860628421283,0.3598258471713713,8.270812522104142,4.818478524151552,0.5055782383870316,0.4380144484976979,3.637978807091713e-11,4.015988799047758e-11,0.3683609923336917,0.3261679501192921,0.3462940000310027,0.29235445166393714
747,13.770844921686676,21.171466886598985,0.0,0.0,9.505379030413,7.692875608356866,1.1583134258901726,0.41333945769782054,8.591610473410746,5.0784253238847015,0.5172220288140392,0.44842508908860873,6.184563972055912e-11,6.023983198571637e-11,0.37322666041291086,0.33097263879666194,0.3580788838336275,0.3025593708548804
748,14.500982563053407,20.74009023436712,0.0,0.0,9.239858412533597,8.260411955687378,1.164360410025086,0.4783315565707524,8.85361757007018,5.342834690663349,0.5286515501817598,0.45862262550713034,8.731149137020111e-11,2.007994399523879e-11,0.37756034555604856,0.3353444454249042,0.370027900263176,0.3128559022133304
749,15.209920206591859,20.403222311302212,0.0,0.0,8.78924675864097,8.701877508509996,1.1748713998363873,0.549182475112848,9.068261233743248,5.607092866696995,0.5454520650633328,0.4686179695349264,1.9863364286720753e-9,7.379379418250256e-11,0.3898146571173129,0.3392382686772129,0.3815265238202528,0.3232958373315752
750,15.807967492320833,20.10322575601959,0.0,0.0,8.274274447216113,9.111516020452582,1.187445795077119,0.6310825670895087,9.265672603988637,5.874543473251012,0.5628848866796108,0.4835196679801701,6.148184183984995e-10,5.224600628121181e-9,0.40234793803392677,0.35024877754620454,0.3936439157565701,0.3333422612736693
751,16.295973467927414,19.835204763182237,0.0,0.0,7.799301147365399,9.48598417924705,1.20116238183239,0.7250830371988338,9.463120808532246,6.1458077713615,0.5810465541027096,0.4989757561252239,5.602487362921238e-10,2.161103972487575e-9,0.4151029541208118,0.36150993994464686,0.4065767277093073,0.34392930744843003
752,16.536201346134476,19.684443359177337,0.0,0.0,7.0909314591526105,9.71525475962464,1.2139914111719587,0.8290769287360968,9.670290320335805,6.422023762647,0.6063718639095472,0.5150673348059518,1.1506926966831088e-8,2.771032271342953e-9,0.4375816630617919,0.37297032787436013,0.4197727069417624,0.3552287909353614
753,16.41809856446549,19.70788398309541,0.0,0.0,5.870995069728323,9.785559980008774,1.2257644515304087,0.9463369386601755,9.691907814268305,6.56696624867866,0.610798989357954,0.5376729837014566,3.452805685810745e-8,2.7725382671425962e-8,0.447918260932056,0.39316746536352154,0.41526453848637174,0.36675820588236335
754,16.210021762851696,19.64109175688005,0.0,0.0,4.715216565660331,9.882851780273695,1.2359514048828466,1.0738858622134095,9.838445931449511,6.815128358569373,0.6389897888738981,0.5418559411517021,4.427784006111324e-8,7.314440879369653e-8,0.4723241231185966,0.4024549066221176,0.430369461051032,0.36281938908660066
755,15.932027723902506,19.57716248074047,0.0,0.0,3.6776864387901935,9.934937616688371,1.2845590788656174,1.2064500015755781,10.087796269594634,7.079365171369769,0.667721142439685,0.5670008489637138,6.895061233080924e-8,1.211167001946817e-7,0.49709218898897234,0.4243835927945344,0.44581484913258007,0.3760166603920101
756,15.615769931340104,19.52839241242634,0.0,0.0,2.817904754889157,9.951454024517956,1.3593518282580586,1.3573639684666974,10.42083148417532,7.371032081712925,0.6989259874909275,0.5926249930040483,5.959009286016226e-9,1.9165302546255663e-7,0.5241042612578894,0.4466377195598832,0.4623983772911515,0.3895113988054249
757,15.220999970117514,19.485711398895017,0.0,0.0,2.1622270347503503,9.939645772645457,1.4517168650936545,1.5187619628028204,10.811147073559033,7.695157525011831,0.7322764640172491,0.6204602019946945,3.5288394428789616e-10,1.5652794438193287e-8,0.5526168673604843,0.47090808868449563,0.48046167137690643,0.4040005374635189
758,14.786751493928861,19.43065264804907,0.0,0.0,1.7233342254227917,9.90627666001707,1.5579698131548516,1.69147850485482,11.245049095410607,8.051764326262543,0.7672015742387287,0.6501970055561885,5.820766091346741e-11,9.106550564734145e-12,0.582597839196751,0.4965266864642104,0.49917733650243007,0.419782557597509
759,14.48223727605504,19.35815802026844,0.0,0.0,1.5506350692076076,9.85702705485005,1.6773469009470268,1.876643001184494,11.71789050898468,8.446015524104563,0.8039876402133623,0.6813431987650006,2.4374458007514477e-10,1.5299004948753366e-10,0.6139672237386549,0.5234646130084012,0.5190764623738005,0.4361345588591758
760,14.441875348755111,19.257216878278633,0.0,0.0,1.6279803060357034,9.796067648076745,1.8099900890037015,2.0764292759373477,12.202178594120985,8.87680435151354,0.8424916406350711,0.7141419035692691,8.36735125631094e-11,9.035974797857457e-11,0.646627885336784,0.5516500362724984,0.5400597582164892,0.45352055732247726
761,14.74387342247643,19.127565228468765,0.0,0.0,1.8805799711111026,9.726623330414222,1.955978384604276,2.292219734198417,12.674013901410325,9.342380704411985,0.8825482924778038,0.7484664105992536,3.637978807091713e-10,2.509992999404849e-10,0.680444773292038,0.58099565999949,0.5620377203133557,0.471853802418808
762,15.383569243050752,18.973223627210604,0.0,0.0,2.2255420892596818,9.65092537822937,2.1149469680221875,2.5251424715747834,13.118557919449218,9.83925838155472,0.9241074835188109,0.7841694884338893,1.0913936421275139e-11,9.48777353775033e-11,0.7153835832705226,0.6113801591593416,0.5849794610774779,0.4910560941246588
763,16.29878514217853,18.801208249734497,0.0,0.0,2.606870063113544,9.570486918181643,2.2861102391576495,2.7760105944990845,13.527968548435165,10.3629878306004,0.9671529976263111,0.8212066845590278,2.4301698431372643e-9,9.035974797857457e-11,0.7514739936996193,0.6427727072901988,0.6088281839819046,0.5111004456339859
764,17.36549468326365,18.804462935196838,0.0,0.0,3.6606412109501973,9.360630500119393,2.519060251324254,2.978576524613785,13.477243008745289,10.717873765377803,0.9793011339666393,0.8595651333295594,4.474713932722807e-10,0.0,0.7656723000709462,0.6751999690210725,0.6105543709551284,0.5319372333930067
765,18.59087012837863,18.857032255332225,0.0,0.0,5.172125548080509,9.112088424129835,2.681957284609434,3.143276300040823,13.073962270121406,11.020993689064426,0.9924555343234509,0.8705452697941868,4.656612873077393e-10,0.0,0.7798764067320008,0.6879571618913746,0.6138084211152772,0.5334454144178188
766,19.973663964835104,18.98306820353974,0.0,0.0,6.959341233218452,8.827594587756765,2.823467916050337,3.315434148134007,12.591332299993471,11.216949125161607,1.0069942874288733,0.88239065311275,7.203198038041592e-10,0.0,0.7938058854997507,0.7007195657757369,0.6196044795354055,0.5362884996341132
767,21.521215663491066,19.161779503439416,0.0,0.0,8.84056789907228,8.515812578454424,2.9585274619641377,3.4918460490221306,12.265679082107553,11.334421433900967,1.0216083806446912,0.8954144567829533,1.3205863069742918e-9,0.0,0.807547095546397,0.7132352074583717,0.6257406586422576,0.5413525544945038
768,23.01380321324469,19.288002904686298,0.0,0.0,9.645257622555006,8.2894892418019,3.093743536085182,3.674024679487767,12.185261040807982,11.387105054704634,1.0254342084292183,0.9084958709492115,1.7207639757543802e-9,0.0,0.8081143719700776,0.7255816948208239,0.6312420119354101,0.5467137749066755
769,24.34977660376349,19.418921068998145,0.0,0.0,9.667993127698393,8.083792631216397,3.2247570187120678,3.8558982798598604,12.315657911268316,11.392797939213164,1.0284246777582058,0.9118022816596816,3.637978807091713e-12,0.0,0.8079798745366134,0.7260913931279731,0.6362592554657794,0.5515203438362727
770,25.372185953416857,19.733976008404152,0.0,0.0,10.008698926640559,7.780190003258982,3.348466054961833,4.0436963300614535,12.502999286719806,11.181319816592378,0.9973067586797735,0.9143644945936026,3.637978807091713e-12,0.0,0.7818531652847014,0.7259705470775506,0.6191335872351373,0.5559039429158028
771,25.93493791946611,20.006390992906294,0.0,0.0,9.449973868629614,7.570049737509003,3.5708511147121444,4.214448179684633,12.64293362725778,10.896779811078384,0.9581544211114259,0.8866326678438166,7.512426236644387e-9,0.0,0.7457022848029737,0.702495678765039,0.6016543834586401,0.5409411326607458
772,26.070464261933537,20.28112433419563,0.0,0.0,8.376809039178472,7.397960993780615,3.721807409120896,4.392069306513039,12.779812008628376,10.547973741990702,0.9201125260657684,0.8516144837356676,3.2887328416109085e-9,3.1586691866813464e-8,0.7106130247921101,0.670014084100506,0.5844965266098143,0.5256694360673129
773,26.014943577035442,20.601947155680396,0.0,0.0,7.828961759675959,7.16867621125319,3.825909139419726,4.540279329441922,12.759622146184634,10.190997273876262,0.8905091361021837,0.8175924171858794,2.040906110778451e-9,1.378042488225308e-8,0.6874289469778887,0.6384863567777793,0.5660812347519822,0.5106785024342488
774,25.890023681487076,20.914022005372967,0.0,0.0,7.590340548235642,6.943909142090008,3.858510719041067,4.575423928399929,12.204664479120563,9.841065961255422,0.8613847095205764,0.7912752159404091,1.520675141364336e-9,8.151422581434236e-9,0.665379085126915,0.6176554446591892,0.547041397767589,0.4945889394683228
775,25.77797409481968,21.206609918726087,0.0,0.0,7.518031860251688,6.717103171310992,3.8595964504543283,4.596014219118551,11.371789372864242,9.502730186320035,0.8325066883272598,0.7654127959273976,1.6007106751203537e-10,6.4985344670012976e-9,0.6437693183033844,0.5978436266080828,0.5278526791831382,0.47795370727037095
776,25.714227210128648,21.487795106471545,0.0,0.0,7.536191353980797,6.489034049004006,3.840178924716777,4.5953547800063355,10.584658019757102,9.145542293041874,0.8043120322581656,0.7397788888814179,9.458744898438454e-11,1.2813831148577929e-10,0.6222303692211426,0.5784272361959613,0.5096540128893139,0.4611883962778408
777,25.723751415597437,21.583794867279803,0.0,0.0,6.886037675995582,6.371256433798798,3.806742134054232,4.576254837102001,9.861011553778647,8.966094344655543,0.8048674030595888,0.71473475144961,3.247623681090772e-8,3.539058126750095e-10,0.6221282471815357,0.5590744785083587,0.5106544629852123,0.4452881004589528
778,25.796547154515228,21.611822650932506,0.0,0.0,5.877433818290787,6.2876638399400155,3.8671973332460325,4.5243779225329845,9.233414572041378,8.850163473718215,0.8041393499559636,0.7152079364061779,3.05990397464484e-8,1.089816339186553e-7,0.6209827901002427,0.5589827217957956,0.5109016231594069,0.4461622003623074
779,25.94414469290357,21.584507076258085,0.0,0.0,4.7418986507011915,6.234349012460499,3.8086020874722486,4.405672496811833,8.52950575621616,8.801056728230204,0.8027747411161786,0.7145387241197876,3.205059329047799e-8,1.0337710824724157e-7,0.6194005371562525,0.5579535277416925,0.5106762766613429,0.4463781459114275
780,26.179636489327798,21.739247907749775,0.0,0.0,4.937575673637485,5.995862161827072,3.6680574030997426,4.2101530002781145,7.618924296498041,8.637817104815802,0.7790491155145879,0.7133059913633143,3.066088538616896e-8,9.75826996131159e-8,0.6045294085179194,0.5565318690317685,0.4913875442265862,0.4461812592061633
781,26.46989547162745,21.91794663265992,0.0,0.0,6.0442897316775115,5.730761812176915,3.508864827050627,4.02458242443046,6.645692423780124,8.456244035788796,0.7561038385608215,0.6923560047792141,4.3655745685100555e-11,9.331225274377448e-8,0.5901806667698111,0.5431701578184838,0.47263071764068626,0.42932856533111075
782,26.751853796682973,22.082575727434214,0.0,0.0,6.986576845556637,5.522217747368348,3.3317097323624183,3.8056587784954883,5.652385234202768,8.213970982398036,0.7287810095856487,0.6720970717543575,9.349605534225702e-10,9.487773537750329e-11,0.5691904041468661,0.5302777891639598,0.4551307985181893,0.41294060127355486
783,26.993636418871674,22.2175048208033,0.0,0.0,7.048331875145035,5.3931340580604346,3.1346639203027036,3.556421522779308,4.761491336168595,7.930828961643511,0.6973042410419814,0.6478229360207971,6.584741640836e-10,1.959225235545443e-9,0.5425028578010824,0.5114180220068371,0.43809114788225545,0.3976508056086648
784,26.94026861939251,22.3785092309401,0.0,0.0,6.533660332948105,5.286635544322647,2.9340802414404674,3.3171364150293017,4.275713505560474,7.603481652963406,0.6667539616133903,0.6197617623570478,0.0,1.960806531135068e-9,0.5166687692744745,0.48743924081459605,0.4214430307687508,0.38276314947236506
785,26.65130674463886,22.58715923699678,0.0,0.0,5.680076039978776,5.209953826995322,2.736365507024765,3.087918323339401,4.317346805557547,7.24063604710139,0.6375547525939143,0.5925294625849805,3.1101080821827054e-8,1.0039971997619395e-11,0.4923834421006177,0.4642272920530392,0.4050118621722504,0.36821757880952405
786,26.47147711951403,22.736347139079808,0.0,0.0,4.6787617332555795,5.178263555118633,2.5437513061980623,2.868919238737882,4.381847474028031,6.993780885275425,0.6382493966889534,0.5665173193053029,1.877560862340033e-8,5.46812014892344e-8,0.4931130370368919,0.4424069067439291,0.4052182437626243,0.35386155758733107
787,26.54947284432351,22.845242209972216,0.0,0.0,3.624350405212988,5.168287611676421,2.3581039465931353,2.6608254090566446,4.316911310943385,6.778695413878514,0.6387258972075763,0.567141941741017,2.652814146131277e-8,5.180625550771608e-8,0.49419205525919097,0.44306244836278075,0.40465415391704485,0.35404187454670755
788,26.94555752311768,22.960292817405218,0.0,0.0,3.125878015498575,5.08355956481321,2.180113212315341,2.463661183563922,4.07810880513208,6.601807181150379,0.6434956782005312,0.5675925329589901,1.5283148968592286e-8,4.242605309851167e-8,0.5009950987368939,0.4440319470748142,0.40384477080231135,0.3535490255222745
789,27.538544087693705,23.03993538176474,0.0,0.0,3.0704928773605915,4.98601860261761,2.012054373753102,2.2764348725823953,3.68095110773324,6.465000087230723,0.6484169041685937,0.571950556119453,3.019522409886122e-10,4.039665830516067e-8,0.5079363525874214,0.4501444866669042,0.4030448403487753,0.35284186226798436
790,28.152855742792504,23.103714258411816,0.0,0.0,3.385619244219213,4.875926856010585,1.8546730835017096,2.099440150493829,3.191084357285472,6.365349159880464,0.6530952991614408,0.5764446810560951,1.5279510989785194e-10,1.3009357949620207e-10,0.5144549685846869,0.4563812086596301,0.40233015681812956,0.35214295776039367
791,28.63387446202377,23.286754446974967,0.0,0.0,4.555258246982321,4.6701046205982655,1.7076161529663134,1.9331051194813569,2.936589069885756,6.164475928486119,0.6319789937800792,0.5807145809176865,1.4551915228366852e-10,3.816078331888594e-10,0.5008119343438011,0.46223819049456233,0.3854670608470997,0.35151853399033883
792,28.958160072116215,23.45266176813747,0.0,0.0,5.658962858404317,4.5101858226749405,1.5718598717956707,1.777111802125967,2.8482775778911167,5.953259695719964,0.6076361447922588,0.5620552906313218,1.5279510989785194e-10,2.395373844691975e-10,0.4822485454424168,0.44997991359480316,0.36967286196943405,0.33678513489741957
793,28.08756418124234,23.63461047368915,0.0,0.0,6.02094421017628,4.411045833379785,1.4467966665864398,1.6320737342776188,2.914014043811632,5.72666400026044,0.5806005335699455,0.5404342826586279,2.3646862246096134e-10,1.17998711561181e-10,0.4596446528303204,0.4333006939413161,0.3547164680504693,0.322985638229813
794,25.618088421699703,23.914217449192556,0.0,0.0,5.347303833307004,4.40705262669461,1.3287362478103233,1.4974886636173137,2.84913159114668,5.596980863000457,0.5768325004188173,0.5163437644150755,1.8953869584947824e-9,8.259909809282671e-11,0.45488953826134093,0.4129910788604165,0.3546988039447115,0.30991813730732215
795,22.416515237875164,24.189873693135596,0.0,0.0,4.0650032074204,4.449565761739457,1.2169363014076973,1.3736635872563734,2.7166898192049955,5.486689984858247,0.5728259358797286,0.5129235652219902,8.585629984736443e-10,1.8386559235463226e-9,0.4495309636567981,0.4087186047224652,0.35503727343798347,0.3099027039471559
796,21.53844002820241,24.238341999425963,0.0,0.0,2.9846721521141553,4.453767630524889,1.1097996211659669,1.2604081298181047,2.5557898334091447,5.399051859496048,0.5721957835776545,0.5092754085251276,5.5442797020077705e-9,1.982378354227841e-9,0.4482952427097189,0.40390392125591035,0.35558316904471216,0.310198427014927
797,22.832184239381302,24.044860645722434,0.0,0.0,2.578492334868825,4.383123981216755,1.0087562150447342,1.1576555469819316,2.3952269993554864,5.328365265367131,0.5751836358562171,0.5086864416076617,7.086782716214657e-9,7.779596053872883e-9,0.452080217502953,0.4027936250186327,0.3556117150759519,0.3106753796486199
798,23.889967185662442,23.866815391697813,0.0,0.0,2.670423767635894,4.29726449734208,0.9159664852989184,1.0642651427350687,2.2310028638292283,5.27490481379615,0.5786893258560316,0.5113986725960588,1.7826096154749393e-9,7.4326798418830115e-9,0.456532427437196,0.4061944278152679,0.35561141511207095,0.31070032047752705
799,23.765435863319354,23.871603656012173,0.0,0.0,3.1407547605289854,4.198384926384406,0.8322090660564967,0.9799379838206046,2.0462508986989376,5.233017450402496,0.5822762616133312,0.5145816287204091,2.040906110778451e-9,8.56552647222613e-9,0.461192909084275,0.4101947419126462,0.3554528737382498,0.3107000584547201
800,24.091918495205753,23.741237011755437,0.0,0.0,3.903267029926143,4.0876441705979705,0.7572154681219041,0.904611010102269,1.8448519555971135,5.198591190393117,0.5858369432053313,0.5178427059047247,7.275957614183426e-12,5.687537897248925e-9,0.4657925694300502,0.41438218825892753,0.35530579264616335,0.31056153997633057
801,24.008848312554957,23.76592908745937,0.0,0.0,4.255298402579945,4.034107967334939,0.6910834998530591,0.837983090825594,1.641460824722011,5.170016522495231,0.5860887121144296,0.5210791328246591,3.637978807091713e-12,0.0,0.46601904767521773,0.4185149866741547,0.35542400829408505,0.31043303399353434
802,23.736650828478442,23.829873062700045,0.0,0.0,4.332432038554357,3.9915271411499176,0.6462340823037517,0.7784979414115558,1.4570210100647998,5.14251128658575,0.586193601009341,0.5213041045319289,3.637978807091713e-12,0.0,0.46593483831748017,0.41871847756048086,0.3557072733391351,0.31053631985851404
803,23.59150874117983,23.888051876249055,0.0,0.0,4.2099205202299,3.9563230678098225,0.6112875939082957,0.7283102202166666,1.3152371053061527,5.113774444081649,0.5863333546117272,0.5213908167465486,4.001776687800884e-11,0.0,0.46585620347650547,0.4186428153885595,0.3560404477200564,0.31078381056801124
804,23.752053101647334,23.91084077176231,0.0,0.0,3.9455023803043923,3.9283969882527545,0.5698210491311607,0.6870419122025334,1.2347585807020727,5.082488663951601,0.5865709420593592,0.5215076726337823,5.165929906070232e-10,1.734581059949361e-11,0.46589734083318035,0.41857216192919716,0.35637780216081866,0.31107490717481884
805,24.174941576033287,23.89796150481152,0.0,0.0,3.581680782112448,3.9073949462750646,0.5390769265735195,0.6501519763509869,1.2098577179576437,5.047735953194144,0.5868919342212993,0.5217131982861192,2.2882886696606874e-9,1.821310112946829e-11,0.4660664298753545,0.41860912387622995,0.35668505070616446,0.31136965599349387
806,24.674447942468383,23.87123942970002,0.0,0.0,3.153261917023634,3.8921861161957145,0.5143528036445212,0.6194635982178264,1.2265123615161542,5.0095748023107305,0.5872599000584301,0.5219953290005502,9.968061931431293e-10,2.677325866031839e-9,0.4663049220380344,0.41876105051730594,0.35697886478017155,0.3116381011173618
807,25.083857068720167,23.907717614444717,0.0,0.0,3.2732405365513997,3.8119071420038115,0.4932106392325409,0.5940131101322276,1.2658485423736263,4.968323959143809,0.5907825676381611,0.5223204990144628,4.547473508864641e-10,2.5134079558666243e-9,0.47044997950069956,0.4189753359750827,0.3573525696184788,0.3118948084455462
808,25.332938042876883,23.927260154496956,0.0,0.0,3.1790589065272603,3.7855017464485696,0.47690598245703203,0.572065440579571,1.3133262805562607,4.925415066318193,0.5913092383419671,0.5255065790281837,3.637978807091713e-12,2.6018715899240412e-11,0.47090709123949637,0.42269967342562487,0.3576214853289912,0.31222131683755155
809,25.45848175900123,23.96263822042067,0.0,0.0,2.947912532307687,3.7650070140763354,0.45624551255148,0.5551356496716453,1.3624949635396504,4.881114039733129,0.5916677319777071,0.5259765411414038,0.0,8.259909809282671e-12,0.4710526717863104,0.42311038868245227,0.3580224650306491,0.3124562702524291
810,24.18655983960777,24.08432237211044,0.0,0.0,3.2281891502545705,3.68151942544632,0.44084983297093633,0.5400707995385741,1.4056286610663855,4.835742763422598,0.5949900635663684,0.526289921949027,3.637978807091713e-12,7.8665807707454e-12,0.4748397544171894,0.42324119291722273,0.35852528971850006,0.3128066088865757
811,19.170951659114863,24.487589752787645,0.0,0.0,3.2583251879541555,3.6502532940166836,0.4301661162887453,0.527051390972613,1.441386961653964,4.791191397048805,0.5953142943944536,0.5292901107667003,1.4551915228366852e-11,7.49198168642419e-12,0.47487052241922356,0.4266438896174307,0.3590224171937734,0.31324593023299674
812,9.527253082831695,24.85421587214276,0.0,0.0,2.5513168034681315,3.6963869067720045,0.4220895977294702,0.5161779843807768,1.274618484622752,4.854882013888423,0.6206813309362245,0.5295695541940966,3.637978807091713e-12,0.0,0.4938634176778578,0.42667153469287183,0.3759577625908378,0.31368027386522673
813,3.4313806173328283,24.825457774995307,0.0,0.0,1.9473901922457886,3.6960369105760393,0.41473234122227937,0.5075555029618625,1.1625078536092424,4.956603655772826,0.6499477587105317,0.5520862571416617,5.20230969414115e-10,0.0,0.5170976797635376,0.4437366658897571,0.393753829995353,0.32847679776466876
814,10.04695037518021,24.424188660644173,0.0,0.0,1.422422702059109,3.6959794315822303,0.40727860731648013,0.5015294109475125,1.4348943730015273,5.093336111079484,0.6805991152446836,0.5781162223212137,2.1827872842550278e-11,0.0,0.5417151526235102,0.4646126683538655,0.41201923388348405,0.34402534051440464
815,13.296021288675083,24.036020670075878,0.0,0.0,0.9792182904403586,3.6965425971564034,0.40066152374268194,0.4971814644504353,2.0814568602140713,5.254927688542022,0.7126471142585513,0.6053891153706703,4.4019543565809727e-10,0.0,0.567916169833552,0.4867314870136631,0.4305079947023387,0.3599839448624773
816,12.07165214038084,23.85891051461475,0.0,0.0,0.6590901427339715,3.697563831239663,0.39629606490584407,0.4900408294714546,2.9410200916634532,5.43370478387139,0.7461826042236065,0.6339228868502246,5.820766091346741e-11,0.0,0.5957393316184607,0.510273121259343,0.4493140634441716,0.3761376984466864
817,10.079668547853087,23.610092736396105,0.0,0.0,0.5727729628343902,3.698703534693465,0.3962831816421142,0.4741283733393041,3.8513862757844324,5.623535170595766,0.7814503289614175,0.6637970773152034,2.1827872842550278e-11,1.0039971997619397e-10,0.6251788047957234,0.5352722548824558,0.4688454741896294,0.3925686857165986
818,9.476157212256666,23.40094060500937,0.0,0.0,0.7403035441967066,3.6991908733251866,0.39771646907704306,0.45892197621938263,4.752759555567061,5.828443779901985,0.8182150464715869,0.6952215340068738,3.637978807091713e-12,9.561878092970853e-11,0.6559123538499989,0.5617236434233286,0.48913683805194524,0.4096334089964978
819,7.701539720716232,23.288482697890775,0.0,0.0,0.9772940301446761,3.6983942253635083,0.40374144456321015,0.44424513830950246,5.612180416039347,6.047214734074404,0.8565729299615027,0.7279817090342662,7.821654435247183e-10,0.0,0.6878562017973309,0.5893377612023989,0.5104615852263351,0.42736210864955637
820,5.392914807452029,23.17059563584798,0.0,0.0,1.2025933956870838,3.696521433461721,0.4172125992374734,0.4288741338234437,6.47730216512379,6.308440663282203,0.8962775244474734,0.7621567963028214,2.10275175049901e-9,5.25903295113397e-10,0.7214432098517136,0.6180393334752229,0.5318205484828014,0.4459936820495135
821,3.911112817307691,23.04017545720066,0.0,0.0,1.3927109521000385,3.6932787732508094,0.43964331990548305,0.41335464820255724,7.301025770346926,6.592252195283929,0.9378230975455011,0.7975525432060052,2.106389729306102e-9,5.521984598690668e-10,0.7567461332691892,0.6482172863357969,0.5539381301842013,0.4646551504824006
822,4.828597069913677,22.889729624348973,0.0,0.0,1.5405710797808243,3.6886174009489165,0.4797246649366623,0.39350510080526147,8.023855322572485,6.903331909333228,0.9813669761652897,0.8345959496547982,2.164597390219569e-9,0.0,0.7938743557788257,0.6799369909205133,0.5769269010408152,0.4839794288584509
823,6.822683849145667,22.7400634582185,0.0,0.0,1.6586071655022347,3.682569510372078,0.5296399028793782,0.3730211723134853,8.609169099547737,7.236945890532746,1.0270362973445526,0.8734263652758135,2.0736479200422764e-9,0.0,0.8329848342564219,0.7132967275769799,0.6007826744855492,0.5040648708121709
824,8.57304525408922,22.59689817470767,0.0,0.0,1.7559192114833826,3.675233833841819,0.5904258219111596,0.3545061019213926,9.056258622666933,7.585982101162826,1.0747416471750169,0.9141591454937965,2.000888343900442e-10,0.0,0.8740907244518894,0.7484375228358057,0.6253279248519448,0.5249078182894127
825,9.7545809021822,22.46955514925708,0.0,0.0,1.8450118264817577,3.666660259862246,0.6609663157932543,0.3425616204713971,9.406291935693865,7.947893590588717,1.125008822753915,0.9567181928886245,3.41970007866621e-10,0.0,0.9173400794552435,0.7853711974639712,0.6512541976058174,0.5463531667319989
826,10.386623109550833,22.35619502603633,0.0,0.0,1.9328661876754754,3.6569293846751227,0.7393917847344254,0.3434548513189821,9.662360580852893,8.317027800587407,1.1776494295668174,1.0015603851375443,9.458744898438454e-11,3.8441493445733796e-10,0.962781636908403,0.824230777163835,0.6781664239631937,0.5690051239248787
827,10.730447402065268,22.25461230964686,0.0,0.0,2.030666357422735,3.646270223936474,0.8242174104273271,0.3612395138412775,9.845961068181879,8.692837445934538,1.2332377538759758,1.0485261480141685,1.1605152394622564e-9,3.661094613879409e-10,1.0105871400337492,0.8650600514420569,0.7068160934666594,0.5925185148740048
828,11.198114223655642,22.15443314507712,0.0,0.0,2.147525438871974,3.634686543609703,0.9125138919897149,0.39840967805142774,9.976205444489505,9.073054977079023,1.2913908242091765,1.0981148019994182,5.056790541857481e-10,0.0,1.06067795267154,0.9080133329762545,0.7366495378184709,0.6175499214699773
829,12.139680170003937,22.048539814553866,0.0,0.0,2.2921939854350475,3.622286335319289,0.9987420918114628,0.45263950721860546,10.087057634184372,9.457564558302886,1.352159700317456,1.149994827819455,6.293703336268663e-10,0.0,1.1131359245082422,0.9530199698989353,0.767635505127123,0.6436156003278124
830,13.613866233651748,21.933620535073434,0.0,0.0,2.444533690570505,3.6091153485641314,1.0808429245445554,0.5209831804282142,10.212925624511337,9.847739378931395,1.4156447638466334,1.2042133335107845,1.0913936421275139e-11,4.238174652392151e-11,1.168070191579318,1.0001535025272474,0.7997888002155605,0.670688246495818
831,15.478134112841602,21.805440295700325,0.0,0.0,2.6388387996981937,3.595431633623585,1.1561326344903569,0.5995117046924844,10.38753169081955,10.243250548618088,1.4814979777637118,1.2608608126358571,3.092281986027956e-10,4.0363568118020483e-11,1.2256373697491654,1.049511977653366,0.8322555472884006,0.6987807936705723
832,17.572880855167153,21.673070522606658,0.0,0.0,2.8592600377856843,3.5810994869381334,1.225125847821564,0.6728769444872084,10.665989231796136,10.650753278866649,1.550218063008217,1.3196454369685837,7.639755494892597e-11,3.2492672335006494e-10,1.2858857233950403,1.101236132144772,0.8658371378300671,0.7271472069470024
833,19.65077709271863,21.533937844043585,0.0,0.0,3.24030596159418,3.56574475822782,1.2895901519190949,0.7514572613102867,11.031269580805029,11.072903841415638,1.6199092945413582,1.3809966928558712,4.0381564758718014e-10,3.0945402223815704e-10,1.3462729061702703,1.1553693248631767,0.9009191887474345,0.7564876660224283
834,21.211890434813295,21.484011283641582,0.0,0.0,3.562948450609432,3.5499138732050253,1.3529812371236054,0.8437628678534401,10.931804699728717,11.307703197168255,1.6201624764220004,1.4431860723939722,5.20230969414115e-10,1.8365423493699322e-10,1.3447028652117297,1.2096272554843577,0.9037149187090108,0.7871390870369227
835,22.05760874823651,21.46253396659009,0.0,0.0,3.732938608492843,3.5348166233832483,1.4121746027253907,0.9466745574020896,10.629557554451843,11.482297606015965,1.6211698675486317,1.4433386994942494,1.896842150017619e-8,1.9283694668384286e-10,1.3435975912925642,1.2082165724611331,0.9071588902284248,0.7895817345202601
836,20.918257114506634,21.485583619791843,0.0,0.0,3.80221716237529,3.5205548911976012,1.4672612055637033,1.0603136776229884,10.366855022475699,11.594027615112235,1.6226654465630947,1.4441567242607372,1.8615537555888295e-8,7.949628958985006e-8,1.3429257965417492,1.2072234829833683,0.9108202108278647,0.7925907559144262
837,18.538519638946543,21.545985075518818,0.0,0.0,3.83873696652159,3.507849473259284,1.5174667986688872,1.18303792800557,10.306342865274587,11.649363265989386,1.6243145007285753,1.4454109209727746,3.2741809263825417e-11,7.588875532573386e-8,1.3423792365520058,1.206619874874564,0.9145575884279651,0.7957896757467074
838,16.164922618088593,21.6180025583372,0.0,0.0,3.8678967132856608,3.496788373200303,1.5627266625375473,1.3136589206080023,10.491057985825584,11.658280238377683,1.625838363984923,1.4468018619716216,2.546585164964199e-11,9.889074188915018e-11,1.3418371667758038,1.2061287902978184,0.9180541398328614,0.7990550475525905
839,15.135246303804028,21.532471970624677,0.0,0.0,5.078700907615932,3.559636444177718,1.6411592003391133,1.4447035726594775,10.93714569879277,11.844002485716523,1.6918073714711817,1.4480857950487556,3.637978807091713e-12,8.072713623604097e-11,1.3961846780766791,1.2056417401814392,0.9554478148324733,0.8021100075140926
840,15.76999955031744,21.324836168310778,0.0,0.0,8.850359860887545,3.722027548478778,1.7412488017250884,1.5885735684979312,11.522504926708034,12.08483908355283,1.7458019122069395,1.5068384333136853,3.637978807091713e-12,1.281383114857793e-11,1.4367759224405745,1.2544730215390314,0.9917153146747524,0.8347811104367269
841,17.192717549908757,21.03897521572949,0.0,0.0,14.09688429967589,3.945077468925156,1.8620070146210879,1.7454921031098098,12.252145231112996,12.390353096108488,1.7976783694889755,1.5547682805384766,0.0,0.0,1.4746284431166714,1.2909442861383211,1.0281626694642456,0.8664682661560039
842,18.35624674719184,20.682802318871,0.0,0.0,19.137762379158904,4.252720350994466,2.0013891979088445,1.9160422554743837,13.128412144046697,12.757807196507468,1.846352527684946,1.6007719065967962,7.275957614183426e-12,2.4407297425862723e-11,1.5092190971408854,1.324954805708015,1.0636142972496372,0.8983125624084184
843,18.293569012740996,20.44144158636327,0.0,0.0,21.42801533620418,4.543813876809474,2.158102362689447,2.106066314726799,13.75271757837161,12.9545157917063,1.8274390180261721,1.643898955430609,3.637978807091713e-12,1.1622522583744153e-11,1.4874293149150617,1.3560345351811265,1.0616437244837698,0.9292868852307953
844,16.902454133300008,20.21268788135577,0.0,0.0,21.54437309563263,4.845907077866001,2.3182333177939056,2.3074661563625263,14.099310326198081,13.122266008324255,1.8109660987695402,1.6268044979353198,0.0,1.1069069127375383e-11,1.4684481764688826,1.3364563989674347,1.059838744299236,0.927565182702318
845,14.639486970257321,20.005558601572115,0.0,0.0,20.17669464230522,5.142553450838694,2.4736855202048544,2.5162867406572276,14.270420558962009,13.241610062738127,1.795729252422985,1.611916642843763,1.4551915228366852e-11,1.0541970597500365e-11,1.4508689019949088,1.3194018310861169,1.058122382917827,0.925988159537318
846,12.677870023688852,19.648834863826927,0.0,0.0,19.3431750803457,5.520024221007122,2.621698029525891,2.7300477039286632,14.58457065424324,13.535504639767495,1.844003480477535,1.5981457675456439,3.637978807091713e-12,1.1069069127375383e-11,1.4843317933627986,1.3036068392152882,1.094124290574723,0.9244885629769475
847,12.313656240925836,19.266877023855812,0.0,0.0,18.862816470657616,5.918698950796347,2.769637326511911,2.954531048568279,14.989441793587801,13.856229731741541,1.8885043862810351,1.6408877776293416,3.637978807091713e-12,0.0,1.5142370283429045,1.3336732734321377,1.128510096985383,0.9559436691072157
848,13.978359525950605,18.866105048399717,0.0,0.0,18.57569653249517,6.341065706961091,2.922294543986487,3.190816074845933,15.485326387620526,14.214381874008701,1.93016093803853,1.6802522394198962,3.637978807091713e-12,0.0,1.541130651405183,1.3605431501314036,1.162083285323911,0.985986777145664
849,16.550763549797942,18.44746785229468,0.0,0.0,18.436453846825426,6.782142971265238,3.0660651832900676,3.4041307441160873,15.803932845808866,14.615401950934267,1.969903460117765,1.7170580123370824,7.275957614183426e-12,0.0,1.5653943667621206,1.3847070914287303,1.1958512109344384,1.0153198947513826
850,18.57374456475068,18.20494851821826,0.0,0.0,17.06259758887795,7.1397750215775515,3.1642402102586655,3.521974487501775,15.07671641028608,14.810301660761805,1.943929263567797,1.7521188162411272,7.275957614183426e-12,0.0,1.538338179983839,1.406508058601557,1.1884345273338568,1.0448231560006163
851,20.098670501000253,18.005429156741574,0.0,0.0,15.049339519756629,7.485439322728202,3.2147776550091702,3.5799418513900267,13.700877199337562,14.936766374759088,1.9196242190212836,1.72876486454672,1.0913936421275139e-11,0.0,1.5125589430372202,1.3821980536819762,1.1819994018996796,1.0383431500660059
852,21.574438377056115,17.856423608682704,0.0,0.0,13.041228583742118,7.797196284808839,3.144691939090603,3.3789151546414264,11.129830448202409,15.00613138403206,1.897197652478455,1.706894640124523,1.0913936421275139e-11,0.0,1.487363254000229,1.3590353891404756,1.1777561221320867,1.0327207384136434
853,22.959725917028464,17.948296626741985,0.0,0.0,10.424758950830316,7.964670508162078,3.024755014668844,3.1811766538379875,8.093025230967426,14.698942695466084,1.8175187566885582,1.6866610639984019,0.0,0.0,1.4191289323716774,1.3363970429339154,1.1355384204069652,1.0290133567868338
854,24.555049967263287,18.1206661905238,0.0,0.0,8.128309234633482,8.064991355670527,2.8804595367992394,2.989255261848547,6.535874506190547,14.23006983701383,1.7433016988891818,1.6156012738954582,0.0,0.0,1.3549564250970434,1.2750884517788295,1.0969019552531336,0.9921274698106562
855,25.778072322072894,18.437311945876743,0.0,0.0,5.5170289144579,8.005752248177798,2.7211559299955024,2.804318898452111,7.529241814820527,13.616987665291763,1.6902371094559172,1.549389696875599,0.0,0.0,1.3169198719715496,1.2174294040173637,1.0595393041262469,0.9583705332585029
856,26.20052894523308,18.898564788460163,0.0,0.0,3.4518168811426087,7.788701792696887,2.5477772191375214,2.6285399783360384,9.524652099657365,12.911344847819732,1.654375116532019,1.5023510043460968,0.0,0.0,1.3003629033592006,1.1832535315619555,1.0227479385300966,0.9257265364598156
857,25.959046284510528,19.41864178293821,0.0,0.0,6.90813743589478,7.499848597197599,2.3604041704355003,2.463091294341821,11.147015381705984,12.173570801574115,1.616929263914355,1.4709157751651603,0.0,0.0,1.2807815457254037,1.1683770823584638,0.9869442115093762,0.893581675645404
858,25.384435918871677,19.880893483208247,0.0,0.0,11.028792219129043,7.244156316191927,2.1630865123575305,2.307672001697575,11.856144462454022,11.488357367746426,1.5624439390933156,1.4380065447491528,0.0,0.0,1.2407467018183524,1.1507832174386572,0.9496202845012931,0.8622997212123691
859,24.794055523797223,20.268385240247856,0.0,0.0,12.47993989565733,7.036907556615271,1.965278569257365,2.155665118019471,11.676779600261039,10.850615043752763,1.4959082548614444,1.389672727031707,3.637978807091713e-12,1.412724884130717e-11,1.1844462905537512,1.1148118787778463,0.9136894941696938,0.8296895583238045
860,24.222152620877484,20.619629584742814,0.0,0.0,11.863473753190135,6.85402957627145,1.7783537783654069,1.9988676831694074,10.816337744793188,10.282351228339017,1.4307013096981243,1.330358688908445,3.637978807091713e-12,1.3454522706006827e-11,1.1291424472601648,1.0642259155472562,0.8786031933513868,0.7982965876363255
861,23.918877827906687,20.735862989464426,0.0,0.0,8.877874739402566,6.817644695468539,1.605096119553687,1.8429341911597172,8.927592455099578,10.000427322032925,1.4183296776491958,1.2722245931106524,0.0,0.0,1.1139471798796876,1.0145353688873984,0.87794120243816,0.7676414531485878
862,24.446190901320026,20.715021409216014,0.0,0.0,4.9433506014934805,6.887325632277178,1.452694149111358,1.682734045224419,6.775929278536596,9.848330953662803,1.4037323601679086,1.2610120326405787,0.0,1.281383114857793e-11,1.0970754909740208,1.0008824093199626,0.8757225051845353,0.7670630672755602
863,25.754759641902343,20.7256951077135,0.0,0.0,2.7080227917190225,6.813679919604938,1.3210806272408957,1.5267392102886936,5.192788171827615,9.758209508628324,1.4164206067875753,1.2478244319482736,0.0,1.2203648712931361e-11,1.1139287024234363,0.9857231836827448,0.8748772378166677,0.7651245768614321
864,27.21201766709104,20.83923631546997,0.0,0.0,2.944040977913011,6.622644376145784,1.1980276224355344,1.3965802178606987,4.899495828287663,9.533967042250747,1.3803110123760811,1.2593722303153967,0.0,0.0,1.0957914447390067,1.0008658072964112,0.8393447447404924,0.764386061015296
865,28.38371071787392,20.960238603687326,0.0,0.0,5.263779202417085,6.389285854003608,1.0859003532167657,1.2863562680098146,5.087243201177735,9.298602915397854,1.3456037927802609,1.2276669676562062,0.0,0.0,1.0769968703880295,0.9845694671267892,0.8066767061958672,0.7333410856319554
866,29.359707014772383,21.119081607788072,0.0,0.0,8.989495703110123,6.112636600062065,0.9972382902418967,1.189506522090565,5.511622036459068,9.034489355784558,1.3099326856969427,1.197142776204101,0.0,0.0,1.0555012025834003,0.9676825274134576,0.7757840243277769,0.7047988030327274
867,30.40037638126807,21.19731831437459,0.0,0.0,10.647131636086998,5.9531164918583155,0.9404024281691044,1.1016748713913604,6.043515357296818,8.736463309501397,1.2548563603841494,1.1656870628828595,0.0,0.0,1.0076160143726156,0.9483686531481712,0.747913399249137,0.6778076617288944
868,31.48347663478158,21.3106215536449,0.0,0.0,10.75171487281293,5.789322734855625,0.9129838458423216,1.000752560688474,6.584163422817846,8.399350523471231,1.2002580649492272,1.1165362888938704,0.0,0.0,0.9592012752327719,0.9053437742786968,0.7214931296051873,0.6534569111974411
869,32.60922923258289,21.457886345026374,0.0,0.0,9.855981691152445,5.645554042359697,0.8998354188357739,0.8909980160423906,7.112624279547612,8.027364401517417,1.1465966147902187,1.0677752911764107,1.0913936421275139e-11,0.0,0.9115241772651643,0.8618430933641804,0.695562701206336,0.6303733456193477
870,33.79604495102929,21.615337162655486,0.0,0.0,8.431115868236912,5.534538682164718,0.8889598350796222,0.7798297866871008,7.512964474630844,7.657240873352299,1.0937589479540464,1.0198482067808998,3.637978807091713e-12,0.0,0.8656895221793093,0.8190051841342573,0.668498532098988,0.6077177578740219
871,35.0559235480805,21.78034438724618,0.0,0.0,6.845412453881161,5.460848012613465,0.876170944656423,0.6782927460613362,7.8104160052869265,7.281187276900678,1.0429421372900491,0.9727012998228529,3.637978807091713e-12,0.0,0.8223529597871675,0.7778227106500715,0.6414545278228387,0.584071613309569
872,36.379574535441144,21.941726168055254,0.0,0.0,5.33781290190336,5.4201417892145205,0.8409958337988779,0.5994950677441602,8.10775811255024,6.933530027478226,0.9945991394348238,0.9273872788069586,1.0913936421275139e-11,0.0,0.7817812144839991,0.7388847753408712,0.614854113464662,0.5604430869075341
873,37.69437059587418,22.152190152672677,0.0,0.0,4.825604923339404,5.312923159946441,0.7923100281995661,0.5321417486844014,8.389804070944649,6.612861679010803,0.9558804301772423,0.8843050825099326,0.0,0.0,0.752802750452247,0.7024310305533389,0.5890631678414139,0.5372021279450343
874,38.919989733291104,22.347574709268628,0.0,0.0,4.938272889594633,5.192547467090606,0.7426816972003186,0.4763966891094482,8.49471310565574,6.34208919725448,0.9189146896819963,0.849936598042298,0.0,0.0,0.72569513227063,0.6763938580282927,0.5637116123622719,0.514668407339441
875,40.0336344822175,22.530332742064612,0.0,0.0,5.458525766069659,5.058390144598355,0.7005274246982857,0.4285178868835002,8.39855190253531,6.085926620111263,0.8833890875621359,0.8171460354199744,0.0,0.0,0.6995227914721909,0.6520376423073889,0.5394850732270697,0.4925185846410302
876,41.06943014640699,22.68907097752467,0.0,0.0,6.269316157166376,4.915382903938191,0.6672673050595147,0.3903850726155671,8.15282246257254,5.8477802490216995,0.8487691610475758,0.7856284371865933,3.637978807091713e-12,0.0,0.673832904198207,0.6285217734509044,0.5160991241662941,0.47135169631006846
877,42.08749860976426,22.76860843179626,0.0,0.0,6.34471600957107,4.8335162116155415,0.644741212119685,0.36974678698329266,7.830388390039851,5.626985133980811,0.8098922751629162,0.7549072876763403,2.9103830456733704e-11,0.0,0.6421466343126667,0.6054393896811474,0.49353135402877796,0.45091923712497395
878,43.1164865726627,22.809300258114657,0.0,0.0,5.941632818012977,4.764222787273106,0.6243093218270372,0.3572092143775916,7.4955900332300205,5.421861790269986,0.7722157780502066,0.7202974108603152,3.637978807091713e-12,1.5575291847541155e-11,0.6112915839239577,0.5769692515106614,0.47184722876522756,0.43120162674009116
879,44.14315407862255,22.82034383678479,0.0,0.0,5.262479857374589,4.710247801113204,0.6027112147639919,0.35205073739239295,7.170463265007988,5.231379265925148,0.7361690860458865,0.6867504573160081,0.0,1.483361128337253e-11,0.5816953797675524,0.5492459648987434,0.4511933160040371,0.4122560620126702
880,45.141549664820566,22.866360393859516,0.0,0.0,5.153808096586422,4.594214324307661,0.5759645187953529,0.3439766943769182,6.874855005098687,5.051238271094335,0.70602661399554,0.6546517728754906,3.637978807091713e-12,0.0,0.5591137478222663,0.5226537532221519,0.43112109281053107,0.3942106010393694
881,46.0921964282752,22.915339082106787,0.0,0.0,5.415296186637623,4.467490315381292,0.5494792312807981,0.34930852923762024,6.62577123813037,4.879131791819564,0.6771475815982343,0.6278953355194444,7.275957614183426e-12,0.0,0.5377807253735227,0.5023641385047865,0.4114860127404881,0.37667336607652446
882,46.98808400859299,22.91942232515445,0.0,0.0,5.234987708591311,4.405706423975213,0.5261951339949539,0.3688873415945553,6.43440402405197,4.712701456945716,0.6455471592493677,0.6022723652217602,0.0,0.0,0.512579181455294,0.4831964011368026,0.3924203327473606,0.35951806608048975
883,47.838573670439054,22.97713104016785,0.0,0.0,5.431582611384851,4.282475327782207,0.5001998115594354,0.3731034833071588,6.3013870387439415,4.549053549014342,0.618755599781384,0.5741620245684111,7.275957614183426e-12,0.0,0.49280588212423027,0.4605527942429755,0.374166880956318,0.34286025458119845
884,48.65049294863082,22.996945314925387,0.0,0.0,5.224388640905966,4.219477703175662,0.4769199502008318,0.38873908573433347,6.220323371995243,4.387573420918939,0.5897145042333776,0.5503920181120214,3.637978807091713e-12,0.0,0.46976401811298274,0.44278646940168603,0.35648978076455934,0.32691209233708907
885,49.43068551042458,23.01505959033507,0.0,0.0,4.771713690483475,4.168151954776353,0.45268505546276294,0.3958130627410048,6.186570474789839,4.229604947021265,0.5618092611815103,0.5245630007110041,7.275957614183426e-12,0.0,0.4475558508111135,0.42208333647138674,0.339593001038088,0.31146749234569426
886,49.672126800019655,23.095218770683832,0.0,0.0,4.7420825585939435,4.0590574957080925,0.43243783071871633,0.36538623826463806,6.186274918551728,4.073092405415011,0.5379862922025896,0.4997415493318955,0.0,0.0,0.4300690909403784,0.40212928117778246,0.32321792588841164,0.29670466350915914
887,47.55716425234381,23.640129916557854,0.0,0.0,4.997347765433773,3.9404624446868226,0.41864118597770184,0.34383311065210015,6.210290620020725,3.920764061323086,0.5153372828051322,0.47860928865108243,0.0,0.0,0.41340136176768283,0.38641741373535554,0.307687876162845,0.28239765145123674
888,44.211725556272036,24.520470744621036,0.0,0.0,4.90254446315841,3.8779559094373988,0.40455861369553575,0.3492348790105896,6.233554514671195,3.7755346944653545,0.4915069204778034,0.45851690261281997,3.637978807091713e-12,1.8030347225009833e-11,0.3941427499958081,0.3714414475726109,0.29365037970912905,0.2688289437668823
889,43.194683421395226,24.838187575212523,0.0,0.0,4.585918438547442,3.826291554673251,0.39243157700643844,0.3147518235262256,6.233588853822945,3.6384421757149945,0.46895447224943015,0.4373084192073066,3.637978807091713e-12,0.0,0.37555700941993564,0.3541375702704716,0.2808473423735677,0.25656428986224916
890,44.38787182155357,24.413646445259925,0.0,0.0,4.628188967547315,3.720844936695783,0.37340955975509993,0.2838234908207046,6.211480435657409,3.5081600142042175,0.44988152423339467,0.4172230098091369,1.0913936421275139e-11,1.8030347225009833e-11,0.3606728699796804,0.33743826598240506,0.2689023367454865,0.24537819089108714
891,45.483512358925694,23.853032747415185,0.0,0.0,4.412606063252276,3.6689612733177412,0.35592178732390284,0.27696714270024164,6.1801241472678665,3.3830727518374273,0.4293385908549543,0.4002694851231064,0.0,3.434351852382825e-11,0.34389666140305053,0.3240648548551409,0.25703445658734836,0.23494175995006325
892,44.728963834783364,23.791758694413044,0.0,0.0,4.059097707833031,3.629164035829191,0.3397141959410055,0.27489901972824726,6.152288983791242,3.2610638600257604,0.40933099701925246,0.38197984314942107,6.162736099213362e-9,1.6354056439918214e-11,0.32771693503855204,0.3089914183679754,0.2452620549732728,0.2245727141649294
893,41.823146825304256,24.59153110506901,0.0,0.0,4.070534565375614,3.538756251099492,0.32281600368258195,0.26775564981004646,6.132158441372244,3.1423170101653,0.39196305033966605,0.36417312957195025,5.511537892743945e-9,2.5998043522537986e-8,0.3145373578299768,0.29445392161654665,0.23388305488194874,0.21428708861446683
894,38.91772089420117,25.50969720726888,0.0,0.0,4.324279597559381,3.4404537443659926,0.3064082212902354,0.26682588660687434,6.117106867867251,3.0293518970753883,0.37541763571086634,0.348749953506702,4.722096491605043e-9,2.4776395506476095e-8,0.30180725656646246,0.28261206140129336,0.22327288479921206,0.20434518056816944
895,37.96218335727941,25.206861880155564,0.0,0.0,4.34054140030481,3.3947176983128573,0.2956237465134684,0.25009770123905406,6.101511608320339,2.922853945182107,0.35796368643113713,0.33405033432263787,4.318280844017863e-9,1.850344671487889e-8,0.2873954453807528,0.2711740554245528,0.2134053860092763,0.19507500487163223
896,37.72050355180753,24.565024959569396,0.0,0.0,4.210516595957245,3.3600732254977688,0.286125367149453,0.2194589875939548,6.082822779516679,2.821652572621824,0.34135850517282823,0.3185045544352329,3.637978807091713e-12,1.7622330204646565e-8,0.27352345763392805,0.2582250318325518,0.20423160180982905,0.18645370506123915
897,33.13046619415082,25.10994721142242,0.0,0.0,3.9883655060281,3.3349410713101753,0.2724494400783104,0.20106009191353977,6.070800670145283,2.7243132878551397,0.3254404204715862,0.30370839657075,9.458744898438454e-11,0.0,0.2603024046838982,0.24576103989361953,0.19533081014653816,0.17843850878659206
898,27.41177184538553,26.89342249961663,0.0,0.0,3.7320776721076463,3.2387399939206203,0.25272900055583364,0.1598483100014501,6.055714968564844,2.632418730406035,0.31205601312589515,0.28952756180755734,5.4569682106375694e-11,0.0,0.24964199571877543,0.2338819136384112,0.18723736085935344,0.17066182794949689
899,25.212432890020935,27.30420580362276,0.0,0.0,3.3665990609510663,3.201614795689888,0.2314081953227499,0.12063013977123911,5.95734806761965,2.606389021907061,0.31259504825302403,0.2776219251253646,2.552769728936255e-8,1.401776266278704e-10,0.24983008651724958,0.2243035278897756,0.18788451789089322,0.16359052749628933
900,25.659390948808074,26.172554973523823,0.0,0.0,3.798916529221675,3.206731060516864,0.21097953677959336,0.09000826872330582,5.82934823785157,2.600329128493159,0.31283851749819513,0.27809187783729056,1.1619704309850931e-8,8.157403352231205e-8,0.2500433392524428,0.22447252762696485,0.1880060278979272,0.16415595286137322
901,25.463356624348805,24.799197711610542,0.0,0.0,4.779720914627662,3.238453353164466,0.19374836376159327,0.08007090070817527,5.70832940402048,2.6084699220796423,0.3127122900240815,0.27830921085976384,5.162291927263141e-9,5.571281893865471e-8,0.2501733170756779,0.2246641354983116,0.1876227271826565,0.16426211696607856
902,23.35778973040824,24.338128778951997,0.0,0.0,5.0199734869691115,3.303701658357968,0.18018630931567847,0.10119735832777652,5.615476582852568,2.6302143059764878,0.31092813917426076,0.27820603450515674,0.0,2.1063728022388992e-8,0.2482694843893114,0.22478092115102058,0.1871859258903669,0.16392722507741872
903,18.32012354826866,25.073520088098064,0.0,0.0,3.1442665249064086,3.3089197985728833,0.16773831090477007,0.13757253251764756,5.555501309943042,2.6615074579920215,0.30882568301765195,0.2765999449483724,3.637978807091713e-12,0.0,0.24604086961880967,0.2230703253791459,0.18664724205982566,0.1635455883864943
904,14.649679804427631,25.77185121236676,0.0,0.0,1.49414659034596,3.3867181135127207,0.1494154466728413,0.21202035807340552,5.5120923970881455,2.7717751471180385,0.32194440218471965,0.2747079493565781,8.731149137020111e-11,0.0,0.2556295399208466,0.22106791327915257,0.19570829419810706,0.1630749372469521
905,14.516306413231662,25.605661708592915,0.0,0.0,2.8618801123080106,3.4429676761740553,0.1399396609231045,0.33173248311101566,5.5066378960028,2.91001807342693,0.337160181870554,0.29152956429340393,3.3651303965598345e-9,0.0,0.26785280162766867,0.22968334101191862,0.20477271522152024,0.17954122011032633
906,15.725632891694696,24.911599495441113,0.0,0.0,4.791950042610036,3.5111567462227318,0.1438210563202587,0.45735984510366356,5.5469062191204275,3.0701108683686633,0.35273964443410377,0.30530361140433043,2.4047039914876223e-9,1.2576269402297106e-8,0.2807054042332311,0.24066595119476342,0.21361117196850046,0.18785684728549554
907,17.611908173568118,23.850155830771154,0.0,0.0,3.720514277340436,3.663867261379972,0.16035863313755308,0.5754300035899031,5.636986249051581,3.2512157572696077,0.3642756071781743,0.31939671999681335,6.330083124339581e-10,1.186837238782636e-8,0.2884627835446736,0.25221402464435605,0.2224543559804715,0.1959651767978659
908,17.701621679345983,23.345132128639985,0.0,0.0,3.796779497945958,3.798151279916046,0.18082997673631765,0.7162866093905196,5.757801514812182,3.452421353040614,0.3787421252694881,0.32988502638867273,3.637978807091713e-12,1.038352789836077e-10,0.2992085214045801,0.2591840360193731,0.23220649898858028,0.20407784325635062
909,16.47420731288485,23.197395223514224,0.0,0.0,4.479535325419589,3.948709246197805,0.203259629122134,0.8067507280725414,5.891322232607129,3.657280315449646,0.3935321483148514,0.34300705974366924,5.093170329928398e-11,0.0,0.3103514697831997,0.26883908986445093,0.24197007451482477,0.21302438075218227
910,15.730736526137584,23.0140687914336,0.0,0.0,5.322642351251711,4.11628198683535,0.22772664937003181,0.8606055142776873,6.021189168867083,3.8640155793395543,0.4084553138518389,0.35641779705622745,1.2485543265938759e-8,0.0,0.3217760277839261,0.2788510376717926,0.2515868266769985,0.2219814065361751
911,16.133161826017854,22.24101546813262,0.0,0.0,6.344926670769849,4.400287723101616,0.2539769838362764,0.9248636245001339,6.1250980432267665,4.081013613086386,0.4204633559614787,0.369943825500392,6.537447916343808e-9,2.7988799450031456e-8,0.3293823979965964,0.28911601183947017,0.26133631511215755,0.2308037385397019
912,16.61610179069291,21.78316766482875,0.0,0.0,7.335806948201593,4.736103892125418,0.28082013446727977,0.9957763522992933,6.198805564623456,4.30904578279298,0.4323875754240565,0.38087482404132184,0.0,2.6655999476220432e-8,0.3364221385363635,0.29595034140684234,0.271623195039956,0.23974784046927436
913,16.965728121924325,21.379727731260225,0.0,0.0,8.165426386125008,5.123433716066158,0.308208373369253,1.0666649188043913,6.240834103236218,4.54551252532223,0.44424417907765273,0.3917443627097679,2.750311978161335e-9,1.412724884130717e-11,0.3430048880891263,0.30227555376987414,0.2823128360371584,0.249184941976834
914,17.222655668103158,20.988907893395652,0.0,0.0,8.765796963256507,5.559208814933688,0.3373347369385094,1.1096036336822683,6.242596357080566,4.785322517816167,0.4557271145430623,0.4025640176216164,1.8699211068451405e-9,7.609642588370107e-9,0.3492364230205567,0.30819015937819577,0.29278169984743274,0.2589915325760657
915,17.535284450160688,20.60535084258652,0.0,0.0,9.11853175098147,6.035489257084339,0.3679221844674809,1.125419354667439,6.222815569124809,5.0292842516299485,0.46697573098544515,0.4130463037686699,6.548361852765083e-11,7.247278655590578e-9,0.35512132470103097,0.3137891985209897,0.30324112200025866,0.26859558438015174
916,17.93935050386367,20.329735515593715,0.0,0.0,8.942453317986397,6.442558156776664,0.4026324160944972,1.09278396799396,5.928619487323971,5.1609506476320615,0.46061028176346097,0.4233204630466253,2.9103830456733704e-11,1.0763618164805461e-10,0.3492910228396795,0.319076787299977,0.3002625734749927,0.27819097440487617
917,18.437269879017187,20.08648484588017,0.0,0.0,8.451076267623037,6.830927162319682,0.44101861266423975,1.0138580747461878,5.402404604446629,5.2314038108947285,0.45481176691192204,0.4175785244412905,0.0,1.1532448033720136e-10,0.34381505621968245,0.3138382562705786,0.2977330187234884,0.27545847777044025
918,18.98933243058816,19.873409028888567,0.0,0.0,7.807795319894089,7.196161767040154,0.48025787831159583,0.9070664524809648,4.7583013180094405,5.261568803498745,0.44927781119864946,0.4123526331827811,3.637978807091713e-12,1.2203648712931361e-11,0.33850296319542394,0.30891809616642874,0.29540869239642686,0.27313788450832355
919,19.445844548646974,19.785764751126365,0.0,0.0,6.929158048407712,7.405387266161344,0.5220148556759593,0.7729262433969478,4.078567300274906,5.263525767374069,0.4484583628582363,0.40736753082015853,3.637978807091713e-12,0.0,0.33962034406431485,0.30414517629052645,0.29287015060453997,0.27100556618954785
920,19.772655930830563,19.76761758790109,0.0,0.0,5.946631104606318,7.564591315347605,0.5631575836608405,0.6343773465813108,3.417646723079661,5.221695741975559,0.44799767226180487,0.4065749431342332,3.637978807091713e-12,0.0,0.3405293694286229,0.3051491439456013,0.29110421314117046,0.26867672830721995
921,19.92035366221725,19.899788730090194,0.0,0.0,4.69415651154366,7.549832984267768,0.5936983933584492,0.481771754264843,2.8895659590085137,5.162052726763724,0.4525566044086064,0.40612116440469626,0.0,1.281383114857793e-11,0.3475488516687619,0.3059659040697263,0.2898573371463499,0.26705667137186706
922,19.931107635410267,20.094438346931376,0.0,0.0,3.2983100875224522,7.475757812856023,0.6044001588398084,0.3323254561633188,2.5637265072153754,5.092623979118376,0.45741859088573,0.4101511779667886,0.0,0.0,0.3542612505152647,0.31227291423342346,0.28936263350897207,0.2659127974049186
923,19.863755812960388,20.335457651950524,0.0,0.0,1.993522585742463,7.348815762658127,0.6018617282584181,0.20819925172238649,2.446934579758162,5.019056091577276,0.46262048428589203,0.4144706290010787,3.637978807091713e-12,1.2203648712931361e-11,0.3609315582743875,0.3183040099541554,0.2893892235770636,0.26545896020224063
924,19.735052434554976,20.605575958033942,0.0,0.0,1.5468028441476784,7.178309136917435,0.5904560678114423,0.15940556086983745,2.4844332237973905,4.9461926499370295,0.4682219760621002,0.41910636022472547,7.275957614183426e-12,1.1622522583744153e-11,0.367683695982123,0.3242972865091561,0.28989742768162613,0.2654833537975887
925,19.53031037709445,20.887893488235633,0.0,0.0,2.4964929464216965,6.974279059065619,0.5735504800873412,0.2239223017954906,2.5990154624264283,4.877520529408019,0.4743000453763492,0.4241103716189423,7.275957614183426e-12,0.0,0.37468691202957416,0.33036408744135876,0.2908096473601745,0.2659495761301296
926,19.08308187074147,21.17557117239813,0.0,0.0,3.8674642539982194,6.744778619514072,0.5527826831711292,0.33632366920276136,2.7324402151371032,4.815430169459378,0.48078761610270815,0.42954928865407616,3.637978807091713e-12,0.0,0.3819026433266117,0.33665648260946934,0.29207379686968127,0.2667864391235861
927,18.307010911064268,21.476920374515633,0.0,0.0,5.254625047621221,6.497483554015562,0.5291180232331998,0.4562232069479952,2.8541401413971026,4.761300354133351,0.48756106942142174,0.43536201325726576,3.637978807091713e-12,0.0,0.38919983613232034,0.3431398229243755,0.29366525836389884,0.267946159724016
928,17.36364492918491,21.762588728884538,0.0,0.0,6.546007416405533,6.239136189951839,0.5113952821423854,0.5401857221876989,2.9507040533457345,4.715467978158233,0.494412525515892,0.4414376708628346,1.0913936421275139e-11,0.0,0.39645435219063074,0.3496963562133489,0.29541105601535944,0.26940615380482846
929,16.56392633862663,21.81477621587686,0.0,0.0,6.640552261628023,6.153128292733554,0.5029566785706224,0.6182220478318751,2.880707391467596,4.782667875007021,0.5175962445870501,0.44758685620670113,0.0,0.0,0.41397018056886736,0.35621454445565265,0.3107001158841058,0.27100773451554855
930,15.985796645824054,21.75661200917606,0.0,0.0,5.868842045959127,6.123569871788576,0.5030005194906844,0.6073562869949788,2.7639568378336263,4.886506877733185,0.5403745888960394,0.4686074573604894,0.0,0.0,0.43067218366741145,0.371952529910984,0.32638346548149005,0.2850337955167448
931,15.579934565657132,21.599005016437996,0.0,0.0,4.573697222598419,6.154993592332452,0.5023445806950998,0.5609637178152596,2.7648528284109744,5.0211917066667775,0.562794643353975,0.48927576439168985,3.637978807091713e-12,1.3454522706006827e-11,0.44665617880127684,0.3869592927770945,0.34239752996563766,0.2994215746310263
932,15.204921049501065,21.44265627436465,0.0,0.0,3.500683505779919,6.135121409442441,0.48816680552398767,0.501406371552082,3.0108409595810035,5.180302855917687,0.5899725285158651,0.5096325184138306,3.637978807091713e-12,0.0,0.46826391281501856,0.40132092484727844,0.35888228203489236,0.3141127490321724
933,14.712265538338176,21.260993756111205,0.0,0.0,2.673887520731354,6.124701136986778,0.4682944318058135,0.4374137992384468,3.4823496926217823,5.360961296601915,0.6180871888685712,0.5342420035957764,0.0,1.3454522706006827e-11,0.490733728334817,0.4207354910597917,0.37578209233286086,0.3292357285725618
934,14.03273713052787,21.072384828372996,0.0,0.0,2.132506717278602,6.119199039823363,0.4475272286819481,0.3745286799626015,4.088871977786892,5.560051862226298,0.646871560596689,0.5596962071199604,0.0,0.0,0.5137475898372941,0.44092463750563615,0.39307280476416506,0.3447394788894839
935,13.218731156223994,20.887512218089675,0.0,0.0,1.8595375295979122,6.115345996855279,0.4269822293160726,0.30625487569794463,4.742384961691185,5.77487155550117,0.6763811739182485,0.5857564822766819,1.0913936421275139e-11,1.281383114857793e-11,0.5372414689682046,0.46160261000144825,0.4109295516897191,0.3606018399412343
936,12.412929058813358,20.709034624048233,0.0,0.0,1.7710122806026072,6.110752976055761,0.4010935953598976,0.25125674796812486,5.381778901644688,6.001987527596395,0.7067454822211962,0.6124763662739736,1.3915268937125802e-8,1.281383114857793e-11,0.561407291699652,0.4827118786990686,0.42931460430147583,0.3769834763049786
937,11.798332564780925,20.52730022734128,0.0,0.0,1.738375592866804,6.103877619082904,0.3747352981473128,0.18852952657370584,6.031303991358027,6.269868063361206,0.7377163411313453,0.6399704017519823,1.3114913599565625e-8,4.897446264986485e-8,0.5866034767932433,0.5044248892519876,0.44734970770784915,0.39384977621132566
938,11.442131353710565,20.359810727666776,0.0,0.0,1.694950443464065,6.094020566296929,0.3490462702121522,0.14028776626558945,6.657443016336483,6.55777567229145,0.7701646038688923,0.6679971625964959,8.403731044381857e-10,4.6206675121772015e-8,0.6131500088067696,0.5270636811919395,0.46604783418956686,0.41039503555156315
939,11.229768094141496,20.21012727881733,0.0,0.0,1.5938443482904432,6.081074026240827,0.32458228238634973,0.12998056817222,7.20832243486312,6.865131484702002,0.8043447097228554,0.6973563907573396,4.001776687800884e-10,4.149240562396663e-10,0.6413073731673649,0.5509157609278008,0.4854845673966565,0.4275485470580451
940,11.014092342695204,20.08204543725673,0.0,0.0,1.468599136271976,6.065610682432416,0.3029766217168372,0.16747685796300463,7.641797863490052,7.192904197439328,0.8404543443029593,0.7282767058983695,6.184563972055912e-11,4.0272040752673493e-10,0.6713775539719791,0.5762151746881116,0.505584498259509,0.44537965020118436
941,10.738619314763003,19.973384795982643,0.0,0.0,1.35343398908646,6.048208297064932,0.2842976144733303,0.2270883340205684,7.944162090273958,7.536459824314159,0.8787498869147464,0.7609327032358314,2.1827872842550278e-11,3.0218558717734797e-10,0.7035642159789859,0.6032332555631563,0.5264966835095493,0.4638191654475541
942,10.5172211865451,19.87464393451499,0.0,0.0,1.2740418941557894,6.029423854676419,0.2690395278430794,0.2879040694057375,8.12802382422934,7.889248253019825,0.9192024324919706,0.7955564826170335,0.0,7.748348389162768e-11,0.7379920122148178,0.6321529964496634,0.5479971731736214,0.4830038365413862
943,10.564210136334562,19.776830923376256,0.0,0.0,1.2532178991414358,6.009831189789228,0.26276522270249536,0.3459493246051571,8.237593273636776,8.248717746249527,0.962093069978658,0.8321173162362135,1.000444171950221e-9,1.0541970597500365e-11,0.7747993022876472,0.6630863981514401,0.5703587611981902,0.5027282134182529
944,10.950032323099142,19.672212702932455,0.0,0.0,1.2970127746994724,5.989725601333323,0.27015758442130294,0.4043458835314451,8.297073538913747,8.612660626639453,1.0074385362093918,0.8708722189879841,1.0913936421275139e-11,1.1069069127375383e-11,0.8139360711775225,0.6961577769578062,0.5936669742168761,0.5232425550222579
945,11.635112253350465,19.56251094037082,0.0,0.0,1.3956188413942052,5.969018898303917,0.2882261819333081,0.4603834094119268,8.322324771767187,8.988645819946502,1.055130784065435,0.9118381952930354,5.893525667488575e-10,0.0,0.8552738978632988,0.7313221944928894,0.6179057623264725,0.5446253228021667
946,12.379929602393506,19.447082053714897,0.0,0.0,1.5225605763301626,5.947517586915685,0.3107626845621004,0.50709364668451,8.301783080591736,9.37691751133947,1.1054455378515369,0.9549186440756395,5.73345459997654e-9,1.5574180262217164e-9,0.8987175628080877,0.7684642638019819,0.6436742805613449,0.5668617927348217
947,13.16469892473177,19.3247955949741,0.0,0.0,1.662825076110938,5.92482309024498,0.3351108348173715,0.5480180237672604,8.234179576776743,9.773849196043395,1.1574069136347274,1.0003728726950951,3.3796823117882013e-9,1.1996186684811528e-8,0.943964612983109,0.8074984306110294,0.6697175323710098,0.5905016248791882
948,14.055149541100542,19.19874599213441,0.0,0.0,1.9203129424111869,5.900200287353609,0.3616100541773508,0.5815433497850196,8.163777073596032,10.184450794159021,1.2104487610458519,1.047302620258472,1.2005330063402653e-10,1.2505834300108708e-8,0.9894044321445108,0.8481529409174327,0.6973270916651927,0.6143934954191584
949,14.946599120107905,19.086634254364782,0.0,0.0,2.1934900424177157,5.8751596313233305,0.3891361299669566,0.6061472964708876,7.962843189157886,10.561732926811906,1.2681184324464911,1.0952311181663834,2.3283064365386963e-10,4.538318342223907e-10,1.0384408060308488,0.8889806533800148,0.7278496074605982,0.6397222835856419
950,15.871883439497788,18.979356813367207,0.0,0.0,2.3542401018651056,5.8490153410013725,0.41666695618736727,0.6220107386849032,7.677113271693669,10.936459220755314,1.3283385775928782,1.1473525776792866,2.255546860396862e-10,7.379379418250256e-11,1.0896300730146322,0.9330398736052642,0.7597300051357706,0.667723394655284
951,16.690029471221674,19.041199072991795,0.0,0.0,3.055340052395739,5.722432958870801,0.4416389307170181,0.6426857191830335,6.740469969619152,11.11271158483792,1.3428627153605086,1.2017795214144262,8.36735125631094e-11,1.1069069127375383e-11,1.1033261701377342,0.9790334700969794,0.7654747772425935,0.696970216380122
952,17.468166876082808,19.148219999874897,0.0,0.0,4.6956162964351575,5.573882457781852,0.4669136027044925,0.6328008967449757,5.4174361385564405,11.215865700091383,1.3581359782477889,1.2148643820682596,2.1827872842550278e-10,9.298018066995322e-11,1.1173842537227756,0.9913394237615568,0.7720011430972591,0.7022404244375278
953,18.09509391510253,19.230899381029936,0.0,0.0,5.837927880178705,5.494376068709339,0.4942734796595706,0.5927747065996679,4.036210210777294,11.248762259575447,1.3617287646321956,1.2286347831015172,1.0550138540565968e-10,4.8814594851725446e-11,1.1171836193152558,1.0039706231571872,0.7785923125489944,0.7082276597848189
954,18.60047372039537,19.336328144057124,0.0,0.0,6.46631433440923,5.424669563641078,0.5079226288863274,0.5613506803074796,2.9973209961173697,11.218262603617525,1.3648340126891778,1.2319833252938768,0.0,5.125532459431172e-11,1.116556361585026,1.0037903529873007,0.784903671540178,0.7142743457886391
955,18.938133964906584,19.459473774372107,0.0,0.0,6.607360027006257,5.361566736059467,0.5096902209595234,0.5377605526259158,2.6702066288598223,11.141004114813963,1.3679212237501728,1.2348913244142727,1.2005330063402653e-10,0.0,1.1160849760690326,1.0032267614278363,0.79092528128715,0.7200643362010453
956,18.818579245989962,19.521658666942642,0.0,0.0,5.237376972796633,5.397773687434298,0.5060251913045598,0.5013981500537754,2.950708240398222,11.030579817459298,1.3589406741402787,1.2377774393331527,1.6407284419983625e-9,0.0,1.1015182814808213,1.0028032211743423,0.7958500055892274,0.7255885121227453
957,18.388557917125752,19.63005767791906,0.0,0.0,4.033534695899125,5.38373808403411,0.4936172997410268,0.5038215626121375,3.35565578104912,10.901703397840679,1.360778591796241,1.2298744757526872,1.000444171950221e-9,0.0,1.1004525284515694,0.9897150343959783,0.8004515029128925,0.7301064147085099
958,17.962957037718347,19.780850733937612,0.0,0.0,3.90789181726295,5.285237960949277,0.48378562150956156,0.5052397753440588,3.7632189996257828,10.758662445379025,1.3734603245006658,1.2316162589842163,5.820766091346741e-11,9.323984235262732e-10,1.1143597221380332,0.9887574544669672,0.8028671575384806,0.7343277916777217
959,17.90840438739007,19.92474430819309,0.0,0.0,4.568218646983509,5.171733589062824,0.4777017793727922,0.47259332455020325,4.335204445480873,10.622384438559381,1.3863753986279863,1.2429821542815649,1.495209289714694e-9,8.879984985964506e-10,1.1289072355539247,1.0012530791891077,0.804739212064942,0.7365438936524901
960,18.023543430917595,19.975296590428265,0.0,0.0,4.685721045685447,5.129686120178509,0.47760705606625914,0.40191894034947784,4.836303647792565,10.491460104298032,1.3871353954002694,1.2545449334236616,6.148184183984995e-10,4.803264606044437e-10,1.1293120870668645,1.014324031082457,0.8054804871484749,0.738261301943705
961,18.23039589685964,19.9827277251399,0.0,0.0,4.446885260496018,5.094807580517405,0.4913033480368375,0.38278070726968777,5.257532208444579,10.36106388035151,1.3850252206773788,1.2552392674855175,1.4541001291945577e-8,2.81838614384078e-10,1.1283646315805527,1.0146877904823541,0.8031737795212848,0.7389413417069156
962,18.139200296238787,20.000357242566903,0.0,0.0,3.9792371123692627,5.065670199581825,0.48950946695451164,0.3699057476904173,5.391646580624213,10.258938242114079,1.3848679820063765,1.2533059508095579,4.536559572443366e-9,6.057230999508755e-8,1.1263961711956654,1.0138365009895043,0.8056618354509283,0.7368251865917758
963,17.804778052061266,20.069635989724077,0.0,0.0,4.47117310038369,4.957031090415782,0.48190399175649185,0.38213145035046525,5.276588380918791,10.167596201419324,1.3952591000035774,1.2532204571173358,6.6211214289069176e-9,1.6569143803527115e-8,1.1379952862625942,1.0120678377979304,0.8072884766840843,0.7391077092226853
964,17.3129578425815,20.083076601234584,0.0,0.0,4.485301648399249,4.917692055294837,0.469427484172301,0.3668156593164959,5.055391845082769,10.086962054545888,1.3948616566618153,1.2625265989539143,9.909854270517826e-9,2.695479078921408e-8,1.1366597795058624,1.0224896517808963,0.8084822736949945,0.7405999764158235
965,16.965576201018326,20.085791075317662,0.0,0.0,4.174075250618378,4.886182915389574,0.45525070485183494,0.3669581238937785,4.889183142219206,10.010014001634097,1.3939729721056158,1.26219822216277,1.6771082300692797e-9,4.2395201046627514e-8,1.135206818302322,1.0212896978210848,0.8089908075132144,0.7416951564863913
966,16.8988673864731,20.08468347705926,0.0,0.0,3.641418694140681,4.862246366767741,0.43842053978235496,0.3671892946870988,4.839406167662415,9.937614968762627,1.393596947507273,1.2614165654521892,9.094947017729282e-11,0.0,1.1342238723173068,1.0199842110424364,0.809721346863921,0.742161681051599
967,17.16508799435289,20.140525248600532,0.0,0.0,4.124568584168637,4.761174098365764,0.43037796758835895,0.3566781562744318,4.9209087704540275,9.863393573909137,1.403814533107379,1.261097183478505,1.775333657860756e-9,0.0,1.1468023867637385,1.0191010333121107,0.8096539563767237,0.7428318720138536
968,17.613492831625287,20.145951478779683,0.0,0.0,4.128248896549828,4.726751411907834,0.4231100166566211,0.40692179415538315,5.260276871450896,9.784887459931774,1.403355115573835,1.2702115395401095,1.6298145055770874e-9,0.0,1.1470602972713095,1.0304028383501889,0.8084913449327131,0.7427700491408696
969,18.22194663782023,20.161755777936765,0.0,0.0,3.8146403055212548,4.699697355127097,0.42696939689549807,0.4553399976007983,5.852546065195265,9.710377163417371,1.403232630178803,1.26977622778533,1.4537363313138485e-8,0.0,1.1472816623445397,1.0306345711438782,0.8079644804361578,0.7417034780906828
970,18.635206791175396,20.242809670764675,0.0,0.0,4.501602931011357,4.597231911481466,0.4350395323414163,0.47873278394263774,6.318254787906091,9.636686130868133,1.4140989127947452,1.2696554375760054,9.327777661383152e-9,6.060346057878263e-8,1.160125630633047,1.0308334680929256,0.8085692650079863,0.7412201368188976
971,18.752452516281732,20.28254488602648,0.0,0.0,4.653693973748581,4.559063038666902,0.4479597332523989,0.5188812037298425,6.673660043253657,9.56071695806092,1.4140660459554946,1.2793643729701436,1.2074451660737395e-8,3.849322128035171e-8,1.1603576404595515,1.0423737836427742,0.8081787726433731,0.7417749618311029
972,18.93503301578666,20.3177925079864,0.0,0.0,4.429163673590469,4.527114314089737,0.46748236222359363,0.585519856967077,7.07846857486757,9.480188127343533,1.4130122370336982,1.2793265805950522,1.4304532669484615e-8,4.526370528754817e-8,1.1599694993510639,1.0425822444287973,0.8068917787300961,0.7414167272316144
973,19.468285724670846,20.340530025244888,0.0,0.0,3.950571866014594,4.5011398658025445,0.49709821618973477,0.6047006951428825,7.57719722100387,9.396735170334527,1.4113398694573884,1.2783583518857782,2.1864252630621195e-9,6.054535217703072e-8,1.1593755520534614,1.0422334992765836,0.8048158524909468,0.7402360493935748
974,19.944187253574718,20.371103185250153,0.0,0.0,3.3163228967593734,4.480264483283831,0.527135596359076,0.5820144018695569,7.88058202467374,9.324557682129836,1.4113421084585962,1.2768210987546287,5.820766091346741e-11,0.0,1.158393641539078,1.0416998371586235,0.8062324220410574,0.7383316107879132
975,20.1298488288698,20.433743286162322,0.0,0.0,3.812497875701985,4.384846489368718,0.5561337855193487,0.6518423242029545,7.915200051282998,9.283752441634483,1.4197798970108686,1.2768537538352214,2.3101165425032377e-9,0.0,1.1697231184643897,1.0408175897945646,0.8046880029465683,0.7396311604153315
976,20.089830637788282,20.448745525774786,0.0,0.0,3.852073536561781,4.351514936396187,0.5761891790505086,0.6505582489167211,7.7862550469486935,9.26162047422841,1.4190004968778243,1.2843501711279228,2.35741026699543e-9,0.0,1.169183433161379,1.0509971336170612,0.8040973260498276,0.7382143233540286
977,19.84240795967877,20.451593114708455,0.0,0.0,3.5837787469271705,4.323712177599156,0.5900492148990009,0.62490418509517,7.475847942394771,9.252800262730826,1.4181440482544938,1.2836419155166883,2.7321220841258764e-9,0.0,1.1680618513564696,1.0505122259517028,0.8042164217456275,0.7376724411263791
978,19.60026872557736,20.51192952743429,0.0,0.0,4.402172565390135,4.224292857296898,0.6032852686183096,0.6164002916107046,7.064973287802407,9.214698019395094,1.4278082608433598,1.2828801566371857,2.9467628337442875e-10,1.1401113632400126e-8,1.1788539864446648,1.0495044838160814,0.8055679415021814,0.7377816985690212
979,19.575076762680666,20.514427827360322,0.0,0.0,4.661400082294067,4.18523454581799,0.6152092988763441,0.6117292191148461,6.715974384046891,9.169477174164829,1.427682398817105,1.2915340181768185,1.3787939678877592e-9,9.048502882857242e-10,1.1781877933553915,1.0592012256494299,0.806319139969105,0.7390215718710137
980,20.053822027387923,20.49812631575149,0.0,0.0,4.550769707882307,4.154017628153364,0.6352001118425379,0.6526743907870045,6.712867704793771,9.111264459195471,1.426664203316746,1.2914377701487834,2.0372681319713593e-9,5.4980780221820276e-9,1.1772854462324176,1.0586026505610713,0.8058348013797513,0.7397107153421102
981,20.927606258680793,20.48857164704786,0.0,0.0,4.179234909885125,4.1283405702890095,0.6558251277842116,0.6579611340193553,7.062989202291093,9.052938073470058,1.4264911431859626,1.2905186847148968,5.820766091346741e-11,1.6999318530744917e-8,1.1764985296667874,1.0577918910021573,0.806677253478665,0.7392663869866851
982,21.718719552352233,20.477864592886352,0.0,0.0,3.6130447921909,4.108993068540045,0.6756347131393182,0.6527226067445476,7.432203821630106,8.986256676478943,1.4263764513282229,1.2903822908968658,1.2842065189033747e-9,0.0,1.175891783035695,1.0570848458530213,0.807358839360063,0.7400392458026382
983,22.18721609473824,20.479849902048343,0.0,0.0,2.929332280311864,4.094524989492928,0.6989922646268215,0.6831807890757119,7.780314386616911,8.914876765632723,1.4259572246549965,1.2902945574041922,5.4569682106375694e-11,0.0,1.1753613191158365,1.0565396835615357,0.8073907208236051,0.7406645272500705
984,22.300573301422194,20.535829018099385,0.0,0.0,3.412633277158225,4.009290927878104,0.7223256910483198,0.6883221419772758,7.990782884481395,8.877672817559999,1.4350968619668143,1.2899211052972184,2.266460796818137e-9,0.0,1.1868273767922801,1.0560630613177606,0.8068108706031126,0.7406937750591381
985,22.073160119561678,20.549740760871785,0.0,0.0,3.4692351600679663,3.9822107420036787,0.7436972261512453,0.694378269296045,8.025058946208103,8.848854628772516,1.4346159071490379,1.2980656873380332,3.637978807091713e-12,0.0,1.1867283555693575,1.0663653230744745,0.8061008690807284,0.7401618244604565
986,21.77180919816348,20.568683299134264,0.0,0.0,3.2285341605675617,3.9593201243428138,0.7631136787734659,0.6794805663211311,7.933092710647934,8.832198057552953,1.4337204376632526,1.297621286430841,5.820766091346741e-11,0.0,1.185799624741776,1.0662763524301409,0.8058743967490045,0.739510475413773
987,21.647062451003606,20.625701900058964,0.0,0.0,4.101142577159938,3.8683639106364223,0.7791811996123131,0.6513839087213913,7.737612489924874,8.819448820341327,1.4416100674219026,1.29681722417984,5.020410753786564e-10,0.0,1.1959807420153084,1.0654418870577531,0.8049035042914738,0.7393027108244087
988,21.879342420756156,20.62851536408607,0.0,0.0,4.511048900070501,3.8344966318401146,0.794818660268724,0.6341868016321027,7.601616084195754,8.813600358981192,1.4404267470047842,1.3038386343084143,3.637978807091713e-12,0.0,1.1952697288670606,1.0745896287858534,0.8038404622441249,0.7384120218557608
989,22.509078189727198,20.610482771040772,0.0,0.0,4.601067954297066,3.8049339834706846,0.7942756245184326,0.6566627729855313,7.630509509134113,8.80716802111985,1.4382325750890077,1.3027598827409212,3.2741809263825417e-9,0.0,1.194129266517848,1.073950783123955,0.8016035397206679,0.7374367956012113
990,23.175499867700303,20.527637922620148,0.0,0.0,3.1837568336128856,3.8516358560125843,0.7823900113407181,0.6835603923571543,7.72136179937467,8.802701324880923,1.426424955804641,1.3007539992773494,1.178705133497715e-9,0.0,1.1812132354934874,1.0729260768061972,0.7996395730810718,0.7353846614835537
991,23.814953134517893,20.540360616267943,0.0,0.0,3.1202865031194222,3.7778248013059654,0.7888163351498721,0.6826694971454632,7.898408853991612,8.79995750423705,1.4330303636017323,1.2901729390846526,1.0550138540565968e-9,0.0,1.1904288440236996,1.0613210127421324,0.7977814176332458,0.7335829337289309
992,24.32293322721561,20.567814330295235,0.0,0.0,4.020731249491666,3.6899280367698735,0.7999642958335937,0.6804064270979556,8.097441677658942,8.803254012919497,1.4413595486563706,1.296029565133481,1.0804797057062387e-9,0.0,1.2008880797347956,1.0696012442998426,0.7971105120707989,0.7318782766910824
993,24.6229893532258,20.553599864347053,0.0,0.0,4.419890120401404,3.657204559570142,0.812204581750249,0.6793976299605264,8.264597362749672,8.807699627886883,1.440659996521207,1.3034507456589586,5.093170329928398e-11,0.0,1.200673642077163,1.07899887558403,0.7961683432526343,0.7312627932879493
994,24.736334829390735,20.48879573527479,0.0,0.0,3.1907895455691335,3.697772044337218,0.8255539010446326,0.6591492517371582,8.374933364603136,8.813619993890038,1.4305532637610385,1.3028064811497237,9.094947017729282e-11,0.0,1.1887322406764724,1.078806203179891,0.7958632422933306,0.7303984551642432
995,24.881175705206953,20.594865736607996,0.0,0.0,3.287776049613127,3.6201275120088208,0.8241454720200561,0.6746626382960071,8.450540611472922,8.647918302893443,1.3729807455879572,1.293777900311591,1.8917489796876907e-10,0.0,1.1408309252146864,1.0680768449060685,0.7639246872755621,0.7301185579823095
996,25.081850588251772,20.72711407748926,0.0,0.0,4.288394736514953,3.530764657494905,0.8149732346163276,0.6862221358820816,8.625618827514797,8.435229232102126,1.318953987366001,1.2417118158038254,8.003553375601768e-11,0.0,1.095778122156844,1.0250374757216878,0.7341048479550409,0.7008183836579513
997,25.234870536172668,20.847261777170452,0.0,0.0,4.675854408299792,3.4953256612337813,0.8150716825935763,0.6349607482128075,8.955128977184934,8.182469446811002,1.2599906366109457,1.1928555650564086,3.2741809263825417e-11,0.0,1.0436100370880013,0.9845574970607123,0.7060130982045849,0.6734619024618909
998,25.37219058218906,20.970715719709975,0.0,0.0,4.576213208722483,3.4654585723427167,0.8033570119066956,0.6177802643025628,9.513582445554176,7.883578895001768,1.2024010092245139,1.139629505456801,1.0913936421275139e-9,0.0,0.9936344168727373,0.9376844316684746,0.6770958813861626,0.6476907566997406
999,25.72381826940739,21.086477449393406,0.0,0.0,4.152453261847987,3.442177571361292,0.7891836634970771,0.6303442545811238,10.284099488845746,7.575474048911601,1.1455717639078609,1.0876125647090005,6.184563972055912e-10,3.9827293143023645e-9,0.9459042158177908,0.8927812979549619,0.6462196845973495,0.6211623338023189
1000,26.21011929374275,21.21352858450893,0.0,0.0,3.5365610687337026,3.4258083408509,0.7761087306248255,0.6305435996586478,10.968082792600198,7.256967659270384,1.0923944862657067,1.036232638359065,4.474713932722807e-10,4.6257018749156384e-10,0.9005634212753648,0.849895675191947,0.6183132198849762,0.5928367583834637
1001,26.548158188712065,21.38670683732521,0.0,0.0,3.7838399536359586,3.350298442294695,0.7647622204525079,0.6303323554841405,11.306783327692855,6.9352473724439925,1.0473950605021745,0.9881756738844999,7.275957614183426e-12,4.2556457249223875e-9,0.8644125796963635,0.8091569358971556,0.5914620062413405,0.5672355908673327
1002,26.610806983207716,21.561747847746144,0.0,0.0,4.629374016495488,3.265088595624667,0.7547540339506241,0.6594233243494618,11.288732229782584,6.62351443948975,1.0035875234007132,0.947439769601088,5.602487362921238e-10,0.0,0.8294634371704888,0.7766753765414095,0.5649586918730393,0.5426025032157725
1003,26.46943666694659,21.706382696928355,0.0,0.0,4.875349893330809,3.2277413802286334,0.7604395697726771,0.6545714034787257,10.991395676937621,6.341284488183959,0.9563754396293029,0.9077751394708399,1.8439095583744347e-7,3.0838012499437588e-9,0.789320330190094,0.7452735447721061,0.5400253678066519,0.518288575316997
1004,26.18739464328878,21.833388813133777,0.0,0.0,4.699985790215587,3.1961674223717966,0.7723399837486203,0.6493127719005367,10.458340325277728,6.085750997739431,0.9113612009438641,0.8651055435274011,1.7993443179875612e-7,1.6002476865214402e-6,0.7506575641091331,0.7092049318908695,0.516809887706836,0.4954149432757821
1005,25.954889302851576,21.81398921783228,0.0,0.0,3.431798539718613,3.2367319008324578,0.788010923362546,0.6860435000522143,9.663470128167718,5.982542749160879,0.9040852390563711,0.8244344109776502,2.801243681460619e-10,1.5261732385971663e-6,0.7434758123163192,0.6744664064516708,0.5144062946545318,0.47411724770346153
1006,25.91890675566324,21.776843205935066,0.0,0.0,2.318751763646412,3.2391300966984815,0.8048357780890326,0.7417174156435375,8.926270477548504,5.947101401908222,0.9014861954015692,0.8178895403425449,4.256435204297304e-10,9.104556071262526e-10,0.7418721363919758,0.6680135968752718,0.5121553414197706,0.47191221068277217
1007,26.060465474079077,21.735638024502148,0.0,0.0,2.1235030105341495,3.1800930321085845,0.818483557859877,0.7479568639686268,8.393467081965557,5.966512615590945,0.904308852098039,0.8155216433358184,1.0550138540565968e-10,2.4894177890702454e-9,0.7465620781258622,0.6665726928123288,0.5103132013648747,0.4698472048933299
1008,26.296780243062017,21.669662844420465,0.0,0.0,2.6290560101312956,3.108676550805465,0.8289686776543322,0.7715617689675538,8.137623895457999,6.025819384698265,0.907077044579318,0.8180011469416087,1.0913936421275139e-10,0.0,0.751424933274393,0.670786609108791,0.5080839836644373,0.4681572400787127
1009,26.488584544019304,21.64407930776541,0.0,0.0,3.6517613450737456,3.024211800188617,0.8383891656590715,0.798110638049358,8.05103870539426,5.976262852789153,0.8678872493318772,0.8204242998680925,4.0745362639427185e-10,2.79709863940477e-11,0.7198549058048229,0.6751558882348992,0.4848063449889878,0.4661121736189626
1010,26.574696176141952,21.60032567741075,0.0,0.0,4.155577835436734,2.986491827656593,0.8475841644059302,0.8000695271436388,7.988116005798871,5.907137688317124,0.8266022816947304,0.7849501567394215,1.4806573744863272e-9,1.5859549285425046e-9,0.6845942713352997,0.6467901938856722,0.46325156854329635,0.4447574548656571
1011,26.618096762171458,21.57228829336903,0.0,0.0,4.284008548658851,2.9540941027923022,0.8607944281003718,0.8186477369675215,7.97849019218966,5.806065243837666,0.7866271861653561,0.7476424506731358,1.2078089639544487e-9,6.90184089273127e-9,0.6509329988621175,0.6151084863360897,0.44166566654744205,0.42498327506603933
1012,26.64878255444414,21.58661970407051,0.0,0.0,4.140382114606648,2.9264257405164944,0.872457855326882,0.8234020684910953,8.005247795140468,5.680673985530236,0.7493388004163473,0.7115032987994361,8.258211892098188e-10,8.335353945426215e-9,0.6190574278371059,0.5848638069926111,0.4222280649709546,0.4051805418237521
1013,26.63877470896266,21.626409842077443,0.0,0.0,3.809119764206143,2.9041940274648126,0.883698744376323,0.8272337527671987,8.027287078544513,5.527163586558931,0.7138816046462608,0.677807969348857,9.49512468650937e-10,1.0122833171179169e-9,0.5889385849804967,0.55622358172499,0.40345791425313565,0.3873486419827034
1014,26.591738336287033,21.703726812666062,0.0,0.0,3.3592560639085125,2.8868372253250674,0.8937682001475276,0.8135976398075331,8.038758570927625,5.353056858942011,0.6801876713874354,0.6457613374890568,3.637978807091713e-12,1.7022343148377602e-8,0.5602922630641842,0.5291617775954742,0.3856524967608493,0.37012905604350105
1015,26.417674701277335,21.849081894927117,0.0,0.0,3.488533340038949,2.8188337137587416,0.9028883813929066,0.7907070734351596,8.029722345797326,5.163816043695217,0.6512571937810481,0.6153091148884422,7.275957614183426e-12,0.0,0.5368201052697259,0.5034230350281771,0.36872768682289914,0.35379450909789
1016,26.147960834862833,21.97658296187407,0.0,0.0,3.373503567412853,2.7951742398820327,0.910908017994131,0.774750365164142,8.005967206517635,4.965106188703082,0.6206849998055557,0.5891269108218602,3.965396899729967e-10,0.0,0.5109151854067022,0.48233328336380343,0.35244225385793015,0.33826782408913925
1017,25.862853533195924,22.008665370141152,0.0,0.0,2.5126767839659245,2.8340664636390134,0.9178381084414977,0.7669688399064343,7.838844755552675,4.865739040675924,0.617040242010563,0.5614933350687547,3.637978807091713e-11,2.7970986394047703e-9,0.5067825044134224,0.4590576922693051,0.3520087406314133,0.32332769831088204
1018,25.608678857627652,22.0458269735066,0.0,0.0,1.750506268196982,2.835826285023735,0.9250196733721264,0.7559529230113837,7.583275070088701,4.801197124030323,0.6158330905850196,0.55823146979448,2.219167072325945e-10,5.327806932199562e-11,0.5056807078690326,0.45534447517604126,0.35147890000478127,0.32292999674164824
1019,25.388664131435384,22.07997679206103,0.0,0.0,1.6585096527628644,2.7826954734568865,0.9090279505706015,0.7345999833334874,7.328755567816391,4.769725420512066,0.617344120024197,0.557142805552649,1.2732925824820995e-10,1.8181141156131006e-9,0.5081794437101053,0.45435451012222267,0.35052448633289257,0.32244392521905557
1020,24.694181090743665,22.09882529916338,0.0,0.0,2.0948604104865276,2.7183405802604144,0.8801098328093168,0.7257845582611757,7.145909056055439,4.774397246084188,0.6190577088001624,0.5584706123456173,5.857145879417658e-10,9.85644282456919e-10,0.5107517400047072,0.4565996262228144,0.34980724250231104,0.3215683538330148
1021,20.92408296308002,22.26877624295016,0.0,0.0,2.9434319149615615,2.644532239756778,0.8457356754650595,0.741084454019727,7.068135593525972,4.806772566716314,0.6208776800899803,0.5599844775515797,1.5643308870494366e-10,1.1416729140427631e-9,0.5134348788160423,0.45891083644823155,0.34910416618693035,0.32091036020842356
1022,14.594358141745218,22.557731211734055,0.0,0.0,3.4148810894989063,2.613712466990523,0.8269767865782689,0.7315404250446287,7.074634948256078,4.8613743266222285,0.6208920786048066,0.5615937656614314,7.275957614183426e-12,1.087307537183584e-9,0.5139561648138624,0.46132163876131843,0.3483619294986511,0.3202653637850311
1023,8.07928018096608,22.575765612588423,0.0,0.0,2.325893259224865,2.696104808922263,0.8146001785829792,0.7326123220161475,7.221964904994567,5.0405578396831165,0.6454585059275073,0.5615908057239027,7.275957614183426e-12,0.0,0.5340823097994871,0.46179001463662367,0.36245381669036764,0.3195844418233296
1024,6.804318038390971,22.335975163818244,0.0,0.0,0.8224973720015153,2.7627890007742155,0.8047716687302221,0.6981869294740759,7.593593765901834,5.265358371772455,0.6733617313070949,0.583817466066399,2.8085196390748024e-8,0.0,0.5581303578128427,0.4798733720654695,0.37670482459957383,0.3325122260409479
1025,10.996446738879268,21.932683746532952,0.0,0.0,0.7773204802342166,2.785981988829158,0.793024107958052,0.6633987826212421,8.145822897204537,5.527352233529463,0.7055597989173295,0.6090258019743138,2.5906047085300088e-8,1.8076487805677085e-7,0.587167281211805,0.5014805614766018,0.3912150479245383,0.34558598630664344
1026,14.80898478253148,21.476153727232322,0.0,0.0,1.7693057680270194,2.8050944952740395,0.7832965894673107,0.610936941248391,8.762642962717766,5.825400381682318,0.7386201702051085,0.6380735298578522,7.203198038041592e-10,1.7215702672073413e-7,0.6173098846120411,0.5275702597788404,0.40557152537387536,0.35889754875467805
1027,16.93024162330755,21.064995676560727,0.0,0.0,2.6098655536663804,2.81961550786774,0.7604587975278772,0.5734010899215304,9.36084037629122,6.160285827133383,0.7726916812019745,0.6678885043397099,7.639755494892597e-11,0.0,0.648318308774833,0.5546534128161817,0.4203995774332725,0.3720680661928634
1028,16.53534091440959,20.763476033806175,0.0,0.0,3.909572479125672,2.8915150865260766,0.7331037006052185,0.5759060596900739,9.861466101461946,6.528407728475214,0.8037056519650629,0.6986167948463281,1.1579686542972922e-8,3.865982354430521e-10,0.6750277504452242,0.5825145059702662,0.4362113147655009,0.38567120241933184
1029,14.11381018865409,20.51499838018619,0.0,0.0,6.13346390294473,3.0422628218598007,0.7043780792509066,0.5720424113217828,10.159429047740996,6.918572367949694,0.8297066949989699,0.7266356809712285,8.24002199806273e-9,6.469479846242324e-8,0.6954587969867134,0.6065129599947134,0.45249338273604284,0.4001767637169456
1030,10.51820407632358,20.28620542649182,0.0,0.0,8.8059807596622,3.236340955682472,0.6764982643035692,0.5762090709842127,10.326900979757966,7.322853932610608,0.8549684577730845,0.7501881926491188,0.0,5.6854102999843845e-8,0.7145569324784447,0.6248702711011452,0.46944590107261774,0.41511380208820986
1031,7.666871210172886,20.000825079692,0.0,0.0,11.412645852315327,3.482989077629005,0.6669292386282675,0.6379369793803269,10.387423163311686,7.730219638885738,0.8793999430861043,0.7730948151829188,5.384208634495735e-10,1.380707983725186e-9,0.7324719507032569,0.6420299607196808,0.48665090294050517,0.4306659062440356
1032,8.192056254934172,19.6481926212474,0.0,0.0,13.487079550898487,3.7897799524435225,0.6658722219344875,0.7351684725243351,10.381773654026405,8.138659750473817,0.9033577391352743,0.7952659458537584,1.0913936421275139e-11,3.3531479604754516e-9,0.7494926140425378,0.6581266186270088,0.5042975573520835,0.44644963712523345
1033,10.730469294456684,19.247603743426666,0.0,0.0,14.71911697861417,4.153219205391521,0.6734625227557506,0.8333529778720966,10.314735619620057,8.545803316454972,0.927473397487503,0.8170241767054401,4.94765117764473e-10,0.0,0.766119285761306,0.6734196979694034,0.522750555266657,0.46263853677358074
1034,12.827444666362103,18.832527103748177,0.0,0.0,15.058587968823192,4.557533775986897,0.7049628792594442,0.937633979623304,10.195423927575522,8.946074507699983,0.9512563498773489,0.8389412810491148,4.474713932722807e-10,1.6436999806252215e-9,0.7827547679007694,0.688358775331049,0.5405401155423988,0.4795671688857236
1035,13.495503452926735,18.46365486349975,0.0,0.0,14.70914137213855,4.979136674478092,0.745494319596562,0.9934731102625325,10.014659916661495,9.304445729124861,0.9763915487930835,0.8605481327469082,7.759808795526624e-9,5.426818983651524e-10,0.7996766244577884,0.7033057689998424,0.5602300892047424,0.4958871686842993
1036,12.709727871716254,18.1332597778539,0.0,0.0,13.938121906439761,5.405587482842561,0.7904104579972349,1.0131029966118366,9.828699508982714,9.6478288456245,1.0014230141107834,0.8834036072498088,3.6816345527768135e-9,2.7855235671662087e-8,0.8162954894942231,0.718510070552784,0.5800945845481692,0.5139505927773671
1037,11.271610111860836,17.820235216304393,0.0,0.0,13.048379847050336,5.825590003439714,0.8346282999283138,1.008444549911094,9.665903367961372,9.979413345813157,1.0259786323678277,0.9061714291101687,5.929905455559492e-10,2.4316323522900098e-8,0.8321706152837578,0.7334421334996697,0.6001035086829688,0.5321741216397295
1038,10.518693630542279,17.503077778193944,0.0,0.0,12.27235881766533,6.238458918825341,0.8802715228446455,0.9775676183300227,9.544431041550084,10.315195477901746,1.0499626958871051,0.9285190499384178,7.748894859105349e-10,7.951383126229339e-11,0.8468036594840669,0.7477059464101782,0.6207618102291008,0.550530147949594
1039,11.492408640556544,17.15116480887614,0.0,0.0,11.738513965865513,6.650689407775358,0.9084856961530748,0.9059281557840417,9.448553952623977,10.647320179076951,1.0718822443465668,0.9503725951078907,1.433363649994135e-9,3.861390430675123e-9,0.8595900453874492,0.7608537480006242,0.640340924520865,0.5694819081283525
1040,13.869989598496756,16.774599831469168,0.0,0.0,11.43895862705254,7.072313408547457,0.9267189056127977,0.8407016569938219,9.401158587936273,10.984393358301723,1.09233337106049,0.9703621423547251,1.0913936421275139e-9,7.871869294967045e-9,0.8702281989862968,0.7723423257113144,0.6602235039904599,0.5874436306830549
1041,16.48470137844627,16.385967714275882,0.0,0.0,11.309754798290324,7.511740680024352,0.9431719871860881,0.796205153773475,9.3812935543508,11.328276514808053,1.1113212194362088,0.9890508241320984,1.2114469427615404e-9,5.054807844531508e-9,0.8786890867340844,0.7819007150123507,0.6803971940150859,0.6056837496413106
1042,18.320653323146495,16.190760694487143,0.0,0.0,10.672253566168866,7.8679532062480275,0.956533290429428,0.7762962110064646,8.853556046375443,11.425927339579236,1.0958002893738248,1.0064437569730775,1.2951204553246498e-9,5.300922084152892e-9,0.8612126093412371,0.7895028292395528,0.677562628620717,0.624190931184381
1043,19.68130080638486,16.059893182903945,0.0,0.0,9.823413013332608,8.204786109144338,0.9425585346540268,0.7399495517753224,8.125923984293161,11.444189665891503,1.0814758451659923,0.9925429609894191,6.366462912410498e-10,6.542440278789283e-9,0.8444666517207224,0.7738002006965087,0.6756227333424248,0.6215905234249363
1044,20.14313262066094,16.216562455858135,0.0,0.0,7.905102078922254,8.306376816590381,0.9129954536505983,0.7196739316778609,7.263607952546178,11.190239092805868,1.0495289364529587,0.9797311235950962,3.637978807091713e-12,2.9437301591852792e-9,0.8244720764287194,0.7587539447218918,0.6494280434670144,0.6198108791477267
1045,20.073067473906114,16.44446176324768,0.0,0.0,5.62593951232354,8.312660768882271,0.8749808763649666,0.7816250049070387,7.0070474942593295,10.81729485866881,1.0194093206697894,0.9506429169704286,8.003553375601768e-11,3.1150583695082316e-11,0.8054851590113685,0.740788803260516,0.6248111888249696,0.5957800806924463
1046,19.57755137652551,16.805585971760706,0.0,0.0,2.9789934556563984,8.143420883379148,0.8540672684793341,0.9151042123887795,7.682207804787846,10.346856083889337,1.0019053021195412,0.9232216807593508,3.4924596548080444e-10,1.1447839507942752e-10,0.8015136544781853,0.7237290431308985,0.6011572973026886,0.5731967759443128
1047,19.071564110932645,17.05856068801354,0.0,0.0,2.9299721449633394,7.977289726738649,0.8409934596503362,1.0918159795803224,8.534901439463672,9.994456687515706,1.0175571819666516,0.9070723049744641,1.076841726899147e-9,3.606069445001967e-10,0.81988076482412,0.7201606432829218,0.6026758250032345,0.5514968851389963
1048,18.51138883779389,17.31118626125059,0.0,0.0,5.16246044130711,7.757964159999315,0.8557238850202987,1.2503790618528057,9.02083882447492,9.70254528803182,1.0307606298050285,0.9210648405730756,1.2732925824820995e-10,5.409104167502951e-10,0.836759701534902,0.7366635061843012,0.6019141781377811,0.5528899702437703
1049,17.629937425561653,17.560136692723564,0.0,0.0,7.503761552649942,7.500053175501406,0.8824877936975123,1.3926506370952167,8.997526456973045,9.468562287728375,1.043581449815779,0.9328249457466908,7.275957614183426e-12,3.2626342597636845e-10,0.8529793690395309,0.7518292440650505,0.6012390858822527,0.5521912414878485
1050,16.46718360582645,17.71765973889179,0.0,0.0,8.510715270354687,7.3138474963008315,0.916856189060989,1.527428967901808,8.67584294136827,9.296817501242087,1.0443902296518828,0.9442481495939296,2.9103830456733704e-11,9.812433863950931e-11,0.8555045066186722,0.7664026279227898,0.5990517431303033,0.5515719172733523
1051,15.156160511139127,17.834793271158418,0.0,0.0,8.435574331294676,7.151232340915357,0.9548742388007231,1.5730387515725548,8.17521220341817,9.202633657326942,1.0456784411130238,0.944922115765256,1.6370904631912708e-10,1.7132821032295275e-10,0.8575236548877001,0.7686714660105154,0.5984117173958111,0.5495652665548768
1052,13.835163981215981,17.879970884080752,0.0,0.0,7.602084820171626,7.017343753022687,0.9983327534742495,1.5573001325463158,7.660766302858501,9.158861007748861,1.0460187813423756,0.9460576827542679,6.402842700481415e-10,1.5575291847541158e-11,0.859387092421457,0.7704856723022244,0.5963297043585726,0.5489781123827837
1053,13.085194769762193,17.703401522952216,0.0,0.0,5.584531824957492,7.02561334475406,1.0476626475961874,1.5272897468975029,7.271907686907639,9.348317664336598,1.082507000284986,0.9463162885821095,6.548361852765083e-11,2.943730159185279e-10,0.8888194541123084,0.7721599723687675,0.617916971491718,0.547068090010085
1054,13.47802654326082,17.516070726338842,0.0,0.0,3.8527829359425634,6.989963709108887,1.0944716784897688,1.4232086811066957,7.4603787046777255,9.590847513517057,1.1314511691460372,0.9793435822556947,8.36735125631094e-11,2.95930545103282e-10,0.9330046045361087,0.7986049722370566,0.6400657435579206,0.566872075889849
1055,14.621184101464555,17.26707704766969,0.0,0.0,2.8819927460414707,6.969677293736142,1.1411918842629152,1.3191987086436276,8.085372471209851,9.889050188879462,1.1830719814555672,1.023498592012612,4.874891601502895e-10,0.0,0.9795801610453054,0.8383053643971496,0.6633867811402752,0.5871911817072543
1056,15.439425861676979,17.163517294103873,0.0,0.0,3.193484033645608,6.855322764034298,1.1583212574982131,1.2252746291002703,8.526964262115923,10.043889286910115,1.1971168547013462,1.0700686066188907,2.3283064365386963e-10,1.7600079787721508e-9,0.9963643232749746,0.8801535381980428,0.6635863915985966,0.6085857146440105
1057,15.511624357755393,17.073368961808523,0.0,0.0,3.9683038939782875,6.718472715489871,1.15691496060599,1.1635634953291802,8.614508749586129,10.21326053424567,1.2106297508043182,1.0826096372976233,2.4519977159798145e-9,5.785108400515287e-10,1.0127890237308748,0.8952341210470284,0.6632365995199506,0.6087688356698676
1058,15.418916691031752,17.023019416207237,0.0,0.0,5.163640224112153,6.555114165229799,1.1529012335627042,1.1672839976780658,8.497175758663019,10.351354490228537,1.2229047961895503,1.0946660852600711,3.6416167858988047e-9,9.9526114905788e-9,1.028057474313755,0.9099917271582023,0.6622642750828618,0.6084479392045313
1059,15.585221341399476,17.051258655167736,0.0,0.0,6.84987010288042,6.3639808657133745,1.1424095506724812,1.1446382935024921,8.250398766556787,10.421826775890905,1.2360076963835476,1.1056062575659051,2.1864252630621195e-9,1.400292905150367e-8,1.041991410209448,0.9237104420060723,0.6648074357053246,0.6075559365999422
1060,16.095336554689016,17.076164509736355,0.0,0.0,7.88090374177901,6.245745433961332,1.1254995225921094,1.0850826796230721,7.9634318204227545,10.4549911200039,1.2362100558353155,1.1173591170523742,8.232746040448546e-9,7.529823632416722e-9,1.0396058331007225,0.9362300944475356,0.6689058333811317,0.6098890117970809
1061,16.54273878534894,17.07584859944722,0.0,0.0,7.330980419155934,6.226670676261496,1.1060020445634287,0.9996106177840306,7.667520430136336,10.447506742990454,1.2230514348094077,1.1176237213110765,1.0913936421275139e-11,3.2040600372084667e-8,1.0211195617885096,0.9340866515577821,0.6731787672841392,0.6136488489509192
1062,16.966334586894664,17.153539443078756,0.0,0.0,6.729825884995956,6.155206992892926,1.0896665909810845,0.8728890471665852,7.4644650871087155,10.392409242325725,1.2218427624176476,1.1059632741155407,5.093170329928398e-11,0.0,1.017945767767742,0.917476722180373,0.6757855798669652,0.6175688042230802
1063,17.62800816425906,17.241492011141343,0.0,0.0,6.0777369310614615,6.097950645843654,1.0536078551418935,0.8249484453810391,7.644358770727992,10.296281516359375,1.2206489474123916,1.1049387997971147,1.0913936421275139e-11,0.0,1.0162120163713553,0.9146250657792191,0.676237377406369,0.6199602731993782
1064,18.54636883958554,17.3290300122468,0.0,0.0,5.391098833314694,6.054662132183885,1.0026595154595437,0.8140494744149521,8.129271695582595,10.186747654370645,1.2211283713890837,1.1038825583492065,4.9622030928730965e-9,0.0,1.0156005963053758,0.9130672887967335,0.6780191208185216,0.6203747486455038
1065,19.350577055805328,17.408720156876957,0.0,0.0,4.68262013305771,6.021111287688123,0.9504622949344054,0.8367088968262261,8.716619109986521,10.067809767390651,1.221708817136392,1.1043480178487874,1.0368239600211382e-9,2.0512659363211705e-8,1.0156528459210676,0.9125179273893067,0.6789858101913752,0.6220093059751353
1066,19.90928049773245,17.531893203562426,0.0,0.0,4.794294562220764,5.902337456425306,0.9189392045571537,0.8499107935029707,9.191266362184388,9.989298579627727,1.2353393363595178,1.1048865319824388,1.9863364286720753e-9,3.4562314290257997e-9,1.0321093715538154,0.9125648737080923,0.6788324691026218,0.622896138878958
1067,20.044244799735278,17.661548382056953,0.0,0.0,5.526505813036162,5.76765715477839,0.8940212257194506,0.858998459374811,9.41703782991879,9.940034494603148,1.2501061112613983,1.117051648578924,7.3960109148174524e-9,6.837588439192671e-9,1.0488548296198132,0.9273510750040836,0.6801976446565277,0.6227554650757088
1068,19.720313584917353,17.698020233227975,0.0,0.0,5.753153890352591,5.705713178250839,0.8770933700548367,0.8782871429438681,9.418367333486,9.901484128599023,1.2505823952769437,1.13026443840215,3.637978807091713e-12,2.8734824143218788e-8,1.049798083568021,0.9423968821138685,0.6796177683915631,0.624007866375566
1069,19.38805890820764,17.7165367437666,0.0,0.0,5.628195595654252,5.650752057619357,0.8641577531007487,0.8984308208047935,9.368618509332578,9.887144007380446,1.250305043774266,1.130677752591065,2.1827872842550278e-11,0.0,1.0494868975310965,0.9432443965312637,0.6795880769980612,0.623475892570638
1070,19.136949396396805,17.706631659853535,0.0,0.0,5.26040654864114,5.6037604041214975,0.8582253494554671,0.8610932237444483,9.252728577567492,9.890530200170511,1.2499110824324922,1.1304294891117037,3.637978807091713e-12,0.0,1.0485689729939622,0.9429647956361987,0.6802799591800067,0.6234486538955148
1071,18.959497123963597,17.67768960558753,0.0,0.0,4.737060500386938,5.5644342813172525,0.8560593845502903,0.8400183077907102,9.105345714467866,9.907372731019661,1.2491059302280767,1.130091996583536,5.9626472648233175e-9,0.0,1.0473617282950727,0.9421400397241998,0.6806607341647578,0.624083380880028
1072,18.70299132028783,17.628184246022276,0.0,0.0,4.123791667266802,5.5324204876306995,0.8545985152055808,0.8279365329490906,8.914357274901738,9.927231176623772,1.2480216617491713,1.1293809502654453,1.2587406672537327e-9,2.4562235243572405e-8,1.0460465039068367,0.9410553294230166,0.6806943365854068,0.6244327007668777
1073,18.557509967881504,17.640086867930187,0.0,0.0,4.379473910861894,5.417662688016207,0.8541030456744774,0.8220987623447774,8.764744768871969,9.951222900926485,1.2596635970737027,1.1284135233279626,3.521563485264778e-9,4.005075046510583e-9,1.060083013968324,0.9398735992868018,0.6804236777835513,0.6244635273521575
1074,18.52852835852208,17.653605395119666,0.0,0.0,5.31105941223772,5.287583698481117,0.8540256321249433,0.7898863700978808,8.664742372755716,9.969037101054155,1.2713864191914324,1.138803369800967,2.270098775625229e-9,1.271240486985026e-8,1.0746323632429267,0.9524854145458106,0.6794032019171937,0.6242152274236294
1075,18.474676637965743,17.628612726031406,0.0,0.0,5.7128674714940555,5.227210680596895,0.8553755082659042,0.7548671545551732,8.647518020532463,9.991592749849039,1.2712682591557896,1.1492515206201668,7.188646122813225e-9,1.0270509907630315e-8,1.0745985685298365,0.9655580160397267,0.6792355285544318,0.6232790509147509
1076,18.314625358962086,17.606631500385244,0.0,0.0,5.74716483474457,5.1769981235981115,0.860341803330314,0.7470831878860298,8.647248342886057,10.007784173560546,1.270439038824744,1.1491425918056546,3.637978807091713e-12,2.6599591389775504e-8,1.0740126096479798,0.9655276514064746,0.6786105405069065,0.623125228723179
1077,18.130912609174985,17.587089044557267,0.0,0.0,5.471508870203154,5.134321391818649,0.8642501520290115,0.7496885749330556,8.651383841733903,10.013197593265405,1.2691462700959457,1.1483893427760312,1.6552803572267294e-9,0.0,1.0733613794600387,0.9650011668928253,0.6772204987905297,0.6225518697241623
1078,18.076888785014155,17.569807244301195,0.0,0.0,4.9803927583128935,5.099590825078608,0.8749221885838637,0.772171917254213,8.738270157763283,10.010181656679508,1.267566791381894,1.147206596298809,2.4410837795585394e-9,0.0,1.0728424618355348,0.9644160360614245,0.6750811971139911,0.6212766565541215
1079,18.106744936856618,17.547349993188618,0.0,0.0,4.365284084594,5.072382177004852,0.8916989231164797,0.8088472101154903,8.868940796448712,9.996070837410189,1.2658584103289874,1.1457526443272494,2.877641236409545e-9,0.0,1.0723411359922466,0.9639497882923325,0.672667825200142,0.6193140783431715
1080,18.46068741641038,17.510250992989928,0.0,0.0,3.695955567779472,5.051196262793624,0.9258722561073217,0.991943797084412,9.169912555527045,9.96257228832735,1.2629672031049157,1.1441780839486337,2.3606844479218125e-8,0.0,1.0719580668701383,0.9634993466330645,0.667826368894407,0.61710007035004
1081,19.1896823210198,17.55204100448958,0.0,0.0,3.969963962832346,4.949460510092667,0.9553425201476149,1.0839094387126607,9.533818728472012,9.936549170740907,1.2739937737851779,1.1414982993336054,1.3511453289538622e-8,9.704964350202895e-8,1.0861746196878812,0.9631551587283055,0.6657963886874768,0.6126585571071023
1082,20.03288517919522,17.608811010114024,0.0,0.0,4.9649372980856645,4.832764682156406,0.9813902719049821,1.1310705990304357,9.871989124504557,9.915037475073735,1.2856886583254883,1.1513075146374916,5.9626472648233175e-9,4.933659112849704e-8,1.100848643001882,0.9759287423904962,0.6641743681803064,0.6107962696651477
1083,20.595071248975476,17.624439181645943,0.0,0.0,5.416138564098801,4.781871230906937,1.0003907188395462,1.1416040118273831,10.075247664073345,9.904404911705226,1.2857974478629228,1.1617236239836934,3.628156264312565e-8,1.71363528445056e-8,1.1012985555807973,0.9891133637579718,0.6636388840374365,0.6093082406772422
1084,20.955396500679306,17.614772596761426,0.0,0.0,5.465044519378651,4.737419062844092,1.0210844956636047,1.187196334279474,10.17316123584856,9.880413831012987,1.2837737898683323,1.161810325166072,4.938192432746291e-8,1.5975799352192216e-7,1.100851262195647,0.9895176105607661,0.6604556321776273,0.6088169922502003
1085,21.36629055878814,17.613671268243184,0.0,0.0,5.228664637983317,4.699166967515364,1.0381960957500416,1.1956050731446795,10.254841832844829,9.868303879696755,1.2825922739197735,1.1599399621670405,4.542744136415422e-8,1.8680461142860474e-7,1.1003706899646204,0.9891157171039765,0.6589592444039909,0.6058967024253612
1086,21.796450494283434,17.743378264721457,0.0,0.0,5.83969421997082,4.58259426780612,1.0506072414421217,1.215231073963044,10.273775303199413,9.676694076405191,1.2353377809797166,1.1588550723201787,7.8580342233181e-10,1.779091537415283e-7,1.0608075812688185,0.9886839225814998,0.6330455818015708,0.6045239282865765
1087,22.31268559578198,17.818898217424586,0.0,0.0,5.901291951837495,4.5297723263495975,1.0735119075795632,1.2819555894669294,10.48069461832058,9.42170072668018,1.179110253943278,1.1161275584970518,3.637978807091713e-12,0.0,1.0113733822745417,0.9531364386355067,0.6061558154309296,0.5807509416107843
1088,22.702914435408616,17.93805574538419,0.0,0.0,5.579776557902557,4.484924326323094,1.0891683018827165,1.2468042633568657,10.793942865034454,9.139786833651172,1.1271542540112596,1.0653634850149207,5.566107574850321e-10,0.0,0.9639895029886247,0.908719772283223,0.5841240882410375,0.5560824854863389
1089,22.66500784486532,18.07351515692569,0.0,0.0,5.003425215694521,4.449952481597059,1.0984192471055108,1.1974408157258916,11.021382422843363,8.81901336720874,1.0772878436981939,1.0185112576273092,1.673470251262188e-10,0.0,0.9187108375226671,0.8661453197851814,0.562600653393065,0.5358707558057157
1090,22.35386495189167,18.266008069165782,0.0,0.0,5.12279886751966,4.348604034816607,1.109859339056114,1.161481814139997,11.111418841598992,8.498469378161845,1.0374990699732562,0.9735366121080287,1.2369127944111824e-8,0.0,0.8860198489219329,0.8254624035712199,0.5397899105316128,0.516125329164538
1091,21.964220855187634,18.460273807795932,0.0,0.0,5.709008871743508,4.237426414699035,1.1234075485578252,1.1154380458473068,11.071980814219955,8.16424670977443,0.9987724909474157,0.9375396089028862,9.971699910238385e-9,4.882853994204153e-8,0.8545519790131948,0.7960895248308586,0.5169984563206527,0.4951989365056758
1092,21.785455747282164,18.484913492160278,0.0,0.0,4.883830459621559,4.265924534920409,1.1302764914423473,1.0422734424517528,10.73828915328371,7.994640955927017,0.9901016882851816,0.9024921362523092,6.220943760126829e-10,4.156377881600983e-8,0.8454792019274464,0.7678156191737833,0.5152341916578279,0.4742902391469117
1093,21.946926385085188,18.501134925822093,0.0,0.0,4.0035945535786235,4.25079335064222,1.134703909468639,1.0012075356014087,10.202838800514774,7.885649009275404,0.9881852504685184,0.8947108596460527,1.7535057850182056e-9,2.1755963215613046e-9,0.8443700042425917,0.7596637218930103,0.5133706119158887,0.472671716953995
1094,22.443646290761084,18.463989278191175,0.0,0.0,3.139682372717899,4.242473953016117,1.1380039160711537,0.9676746154059123,9.683414648207139,7.835360682493439,0.9853938661206905,0.8929619608597926,1.0913936421275139e-11,6.552352557825326e-9,0.8430672028807749,0.7586671069103503,0.5101360238358665,0.47096208386115856
1095,23.15000589914535,18.544112669085926,0.0,0.0,3.892290882101703,4.084564615049744,1.151677235980435,0.9422740975042108,9.463551501971812,7.6688910238810335,0.9535111686938901,0.8904044274474975,1.6276317182928324e-8,0.0,0.8205315438535763,0.757496538873055,0.48570725171161944,0.4679946987022909
1096,23.82723649905689,18.595568764808252,0.0,0.0,4.996139625478102,3.9717202427667497,1.1427938079495739,0.9105766267571823,9.436083700626977,7.5070240502341345,0.916457716606453,0.8614406547677207,1.0753865353763103e-8,4.1951201797329296e-8,0.7902574051859119,0.7372482316347426,0.46409910566208057,0.4455839389364057
1097,24.301806955531266,18.594239648967683,0.0,0.0,5.44059329988713,3.9149581216786387,1.1261855873105944,0.9643425903897002,9.512352900117234,7.330460853454216,0.8737649193055258,0.8279123445473314,5.784386303275824e-10,3.7903312537493524e-8,0.7531146671044553,0.7100468944444492,0.4430388610507407,0.4257607989747892
1098,24.650739292050634,18.605137993227206,0.0,0.0,5.414951838092152,3.8649032757486377,1.1224398796466863,0.9481587133303334,9.622608791799578,7.140896587443027,0.8328200007816831,0.789355164341426,1.4042598195374012e-9,1.9525837940690185e-9,0.7174282931173366,0.6766741153327286,0.4229489306485448,0.4064402995658142
1099,24.984381858758343,18.620679218720465,0.0,0.0,5.049900010878174,3.824488346764267,1.1268095236631461,0.90361397249177,9.744548876542893,6.932185247224235,0.7935653687079678,0.7523786456437579,3.637978807091713e-12,0.0,0.6835690658172098,0.6446098810749857,0.403087244489825,0.3880099581727616
1100,25.30588376067869,18.660921308403708,0.0,0.0,4.4678530276684425,3.7945507175340873,1.1068286897458188,0.8919025322463292,9.812316768949554,6.714385523522628,0.7568933532676703,0.7169170078399602,2.0372681319713593e-10,0.0,0.6515783400736836,0.6141873384068769,0.3851405132774289,0.36978900669284115
1101,25.60952945587713,18.766888427282076,0.0,0.0,4.430017411151113,3.7075680466569603,1.0736485584780608,0.863021639150498,9.783915873267677,6.488599066487182,0.7274747755077166,0.6838001836217048,4.911271389573812e-10,0.0,0.6274973075360322,0.5854436463943695,0.3680579818928436,0.35332481941910276
1102,25.90878410886722,18.897453946984818,0.0,0.0,4.773990973474213,3.6112535908262453,1.0323666874706197,0.8218079991817503,9.683150686246067,6.259603774111595,0.6988201701734871,0.6571818450666318,9.094947017729282e-11,4.036356811802049e-10,0.6038923754349526,0.5638068202120894,0.35165839835390217,0.3376534421081993
1103,26.191211286979396,18.997133883113214,0.0,0.0,4.710197194440214,3.569907398080029,0.9862191048738242,0.7914078915856075,9.528792361561948,6.030726277099333,0.6669951645459163,0.631259571055538,1.8189894035458565e-11,3.84414934457338e-10,0.5760857761342777,0.5425977701103153,0.33616622088395615,0.3226085955465774
1104,26.47603181878065,19.097498930494844,0.0,0.0,4.373770515388597,3.5372870967942545,0.9368882431935899,0.7630796065534696,9.358968195610279,5.805110104988343,0.6363470538942996,0.6025213429336,1.8189894035458565e-11,0.0,0.549214930701055,0.5176135188270504,0.32140400261196195,0.3083961961795047
1105,26.788611382136846,19.191072228495546,0.0,0.0,3.87716136842515,3.5134072783998516,0.8856688558483772,0.7373105433241413,9.207173957851781,5.585334056655255,0.6068276553792264,0.5748488877949799,1.248918124474585e-8,0.0,0.5232703159090306,0.4934700432635257,0.30729135982242045,0.2948534554666426
1106,27.135070065797617,19.31393089784037,0.0,0.0,3.8351712679127647,3.4334504830338624,0.8338155246216591,0.7059154818446421,9.080354351928897,5.37290383895064,0.5825643854926219,0.548197622420967,1.138323568738997e-8,4.2112656069801375e-8,0.5030178892757249,0.47015878707137193,0.293860964255191,0.28190663022989676
1107,27.52178247558073,19.418459180511316,0.0,0.0,4.10916850656738,3.3449444717363788,0.8003505507233163,0.7024674269478877,8.983090717658627,5.166767750023317,0.5587943796679705,0.526256652487629,0.0,4.010729149504893e-8,0.4833369868210866,0.4519619657320904,0.28042203180068553,0.26958569290499856
1108,27.935948160544207,19.46405125193876,0.0,0.0,4.063093779703068,3.3082567112158525,0.7776631468738515,0.6915735277868541,8.91476739862227,4.969818723621947,0.5327348183906695,0.5047564551100008,3.637978807091713e-12,1.2203648712931365e-11,0.46059737378527643,0.4342786593519833,0.2676872167060765,0.25725692411800755
1109,28.361115165104323,19.49387298839135,0.0,0.0,3.8030877559258047,3.2793822336102614,0.762408099563041,0.6765315295640656,8.870724670625005,4.783597458084715,0.5075783939537066,0.4812235068296638,3.637978807091713e-12,0.0,0.438618846490499,0.4138470993449909,0.2554394909014036,0.245574106715624
1110,28.75922085374424,19.561460269190004,0.0,0.0,3.8802539973268217,3.1978055355006694,0.7497668355282817,0.666601939549669,8.807461752538527,4.610092484716024,0.4869088459990366,0.4585070142320904,0.0,1.2203648712931365e-11,0.421265449573184,0.39409937541226536,0.24416315305143144,0.23433814115437696
1111,29.11285323902368,19.587335045333898,0.0,0.0,3.7103859176810685,3.166301453094222,0.7390972272938615,0.6766751938395607,8.719731713608262,4.445334832657884,0.46421180473559437,0.4398190644905318,1.0913936421275139e-11,0.0,0.4014612224582379,0.37850733475279735,0.233069703132378,0.22399331915854187
1112,29.43544252081442,19.650021858355863,0.0,0.0,3.820808716492654,3.0843330492626357,0.7306465451087296,0.6838229533823732,8.614157287634592,4.2887238214113,0.4451192379719143,0.41932258274008694,7.275957614183426e-12,0.0,0.38555582464869076,0.3607132212572424,0.22243615284428414,0.21381627722425794
1113,29.748502109097227,19.676745799546264,0.0,0.0,3.6804619352091694,3.050930084174052,0.7237773871105696,0.7058809959627821,8.507325048330642,4.138531393269861,0.42427479482646524,0.40205633580816746,0.0,0.0,0.36749878883529163,0.3464222089262352,0.21202297453255595,0.2040611435971037
1114,30.062449399355618,19.698692790094558,0.0,0.0,3.374847396208494,3.0244204374561376,0.7178856585765729,0.7167290383330985,8.403004294575721,3.993988978107933,0.4043678713319302,0.38322854270779017,1.0913936421275139e-11,0.0,0.3501683459526248,0.33019794817842696,0.2022263703336421,0.1945081771152396
1115,30.387125928337444,19.75223533966989,0.0,0.0,3.352832863169604,2.9488462642958067,0.7122129337056536,0.7212949650704265,8.309105168024487,3.8525812443937277,0.3875171878009743,0.365250380698122,0.0,0.0,0.3361992430891405,0.31462653174188254,0.19271647513241988,0.18552085091492337
1116,30.718392330294453,19.80756314028106,0.0,0.0,3.5275676766272497,2.86663495651572,0.7062166715643143,0.7291839991258194,8.225349208313729,3.714413736178514,0.3713638498570362,0.35000927963457695,3.637978807091713e-12,0.0,0.3228157238499989,0.30207528193223165,0.18357864095760304,0.1767965493890598
1117,31.047022255618252,19.821573743913977,0.0,0.0,3.454671361779056,2.830333070528866,0.7009930809683427,0.7426523314711729,8.157418006473844,3.5777246467746195,0.3538485652897978,0.33539862638608775,0.0,0.0,0.30776140306625166,0.2900501797906651,0.17461880179505443,0.16841357363667964
1118,31.362341205874475,19.842215962958157,0.0,0.0,3.221789365310789,2.8007220244697564,0.6956513194436993,0.7560264942198055,8.096327715648588,3.445743556821561,0.33707960070135345,0.3195739783877402,7.275957614183426e-12,1.4127248841307172e-11,0.29318592082563555,0.27652386082735664,0.16632700634174852,0.16019388894617842
1119,31.084979041661203,19.961775187423772,0.0,0.0,3.2195040244231943,2.726354470194213,0.6903035951395691,0.7625894425506385,8.032810374458556,3.31800045439744,0.3227998106397873,0.3044289834374308,7.275957614183426e-12,1.345452270600683e-11,0.2812176235838706,0.2634277783544362,0.1584814371935181,0.1525870621907164
1120,29.524613300164827,20.539537935947497,0.0,0.0,3.3747401408169395,2.6455971874145354,0.6850320222972183,0.7813607540306736,7.963415306068296,3.1934559247278593,0.30913568283121434,0.2915174343362632,3.637978807091713e-12,0.0,0.2697959506058396,0.2526742539568609,0.15091393387031074,0.14538960041674678
1121,27.565823117487678,21.3010355011459,0.0,0.0,3.3129538854140455,2.6073318368137977,0.6849789767781602,0.834315044828579,7.880819424247664,3.074976786287026,0.29462919860186715,0.2791615161574637,7.275957614183426e-12,0.0,0.25710698580223834,0.24241187188462743,0.14388315579130903,0.1384472335322192
1122,27.06707302119843,21.48366025021209,0.0,0.0,3.112600381005058,2.5759145007569817,0.7077770060197685,0.9402209909250497,7.764577700219983,2.965308487132639,0.28078751400811613,0.2660625441108205,0.0,0.0,0.24481962760182796,0.23101082744306,0.13749537433586737,0.13199725369413956
1123,26.768195557601302,21.264142455332653,0.0,0.0,2.8197960714286934,2.5503965052720705,0.7442748984859016,1.017786842998495,7.620866556837947,2.86021045028122,0.2675368976841423,0.2535698290271585,0.0,0.0,0.23306122301437426,0.21997062651240695,0.13137145028315445,0.12613715417989096
1124,25.545842951507193,21.48805831669046,0.0,0.0,2.7413040383549823,2.4829775543913333,0.78956615642401,1.057252739272204,7.459116512825007,2.7602889493602496,0.25613477955525477,0.24161043131232135,0.0,0.0,0.2232367124161101,0.20940569083484745,0.12558023541730562,0.12051911535066226
1125,24.408298548381477,21.814365514580558,0.0,0.0,2.5659302651543974,2.45937599158432,0.8407440677832804,1.0881613874047542,7.260753012097807,2.726197068385896,0.25591337160488786,0.2313096850217564,7.275957614183426e-12,0.0,0.22295595964351378,0.20057836008688093,0.12562759977656698,0.1152063012587492
1126,24.22489720610694,21.63199180746247,0.0,0.0,2.3265518807028607,2.4406118483557355,0.8957130221085676,1.106126624887184,7.045353960636241,2.7127140620748245,0.25552518678918595,0.23111264216847247,0.0,0.0,0.22260335213104554,0.20032610368985046,0.1254626187502481,0.11524975293047564
1127,24.597135999008323,20.735230003882897,0.0,0.0,2.053083476022107,2.426675127416687,0.952975993109548,1.1142586674271495,6.8303518756597,2.717302119746423,0.2549957355671119,0.23076255345028124,0.0,0.0,0.22220061533880653,0.20000928537387283,0.1250988077499869,0.11509840068014242
1128,24.532089233835624,20.3306627578715,0.0,0.0,1.7802124202970522,2.417468603370695,0.9917126269749017,1.0390313137188742,6.650575145043682,2.7367134068333927,0.25446166226957034,0.2302824746321206,0.0,0.0,0.22174652588364552,0.1996474260538078,0.1248167289409821,0.11476464347865423
1129,23.967472762592838,20.50394274801854,0.0,0.0,2.026474818368241,2.317560106312826,1.018063526187948,0.9680431015543827,6.496118813714709,2.7025711703476563,0.24432322749788155,0.22979978786038618,0.0,0.0,0.2134476995197474,0.199239426322817,0.11888616010583064,0.11450586665858337
1130,23.171569229098267,20.25247002448246,0.0,0.0,2.121517419948187,2.290879698460402,1.0336467803429792,0.9147322710987968,6.357979627147835,2.7219510029418132,0.2440491581828195,0.22062617759586606,6.548361852765083e-11,0.0,0.21328945026471047,0.19178292455348758,0.11860692229174674,0.10906521026557424
1131,19.87078697475535,21.01540619661699,0.0,0.0,2.088142247737234,2.268219314472719,1.041931458473297,0.8738556641848066,6.230154780312574,2.7490443903682245,0.24360849112179395,0.2203759953251703,1.0913936421275139e-11,0.0,0.21288142549929034,0.1916407372898224,0.1184339293615949,0.10880903972819887
1132,16.56683424031077,22.322973265580796,0.0,0.0,1.8415212293655192,2.2439219337227505,1.045071339067017,0.8404123537110965,6.109361850685792,2.783431066092261,0.24307786510529186,0.21997883394392448,1.0913936421275139e-11,0.0,0.21223012947120878,0.19127412671846425,0.11851253372019528,0.10865033746573263
1133,16.329247289858433,22.163802742644357,0.0,0.0,1.8992483386653916,2.2398264680104534,1.0212965271507073,0.7654205246994118,6.0384406225721845,2.8872464210905218,0.2545299122307606,0.21950590289037644,1.5279510989785194e-10,0.0,0.22223317642965412,0.19068893673454895,0.12408824083765922,0.10872244851348116
1134,17.64991565075973,21.15827257633825,0.0,0.0,2.1028789815714064,2.2823530616556673,0.9804044874942415,0.7183492554621352,6.016406769785312,3.0188320376829534,0.2653705382583445,0.22984726862164323,0.0,0.0,0.23147226995570236,0.19967668222584828,0.12977715830252234,0.1138375573706122
1135,18.306757652586946,20.22138493418019,0.0,0.0,1.4308715923239574,2.2690888117540418,0.9308869928648114,0.6848695009053012,5.995584040661182,3.099272799378061,0.2647925957265388,0.23964413363145212,3.637978807091713e-12,1.8030347225009836e-11,0.23098137096349092,0.20797801495458046,0.1294709427610087,0.11905652472469364
1136,15.151963307790922,20.633346467709192,0.0,0.0,1.1409315731362473,2.223553760433459,0.8757425738455072,0.6859825284774264,5.9577092936426705,3.175087180835716,0.26563898601373276,0.23912178187293043,3.637978807091713e-12,0.0,0.2320691370896384,0.2075369418307654,0.1292593768392635,0.11877560499369731
1137,9.556060733550297,21.426094863877932,0.0,0.0,0.9476332388009907,2.2157210096277997,0.8172600358520367,0.743617619193729,5.9423533072115795,3.3157136681605035,0.27825183513370205,0.23987452869350986,3.637978807091713e-12,0.0,0.2434774454086437,0.20851430053632122,0.13469527583606578,0.11858151621472122
1138,6.6624724595717115,21.462821534395975,0.0,0.0,0.81621156430743,2.208569086595578,0.7730517937878856,0.8069807547196934,5.931463867861519,3.479328085890592,0.29132543936107136,0.2512511172872137,0.0,1.893186458626033e-11,0.255066962525234,0.21876467445363873,0.14075281967716366,0.1235683662968265
1139,8.801934370895058,20.371267377209087,0.0,0.0,0.7174189562015751,2.2021282101726385,0.738422571567415,0.8653973991496824,5.9257545521900505,3.6608485976316527,0.30495878779638286,0.26305111802839,0.0,0.0,0.26720428167936916,0.22917786480639749,0.14697528399854037,0.12912550862926558
1140,10.374220658634714,19.834727061423422,0.0,0.0,0.6467808406569501,2.195969254943196,0.7153898199292165,0.9530807312474355,5.921054740145204,3.8595955750460713,0.31908271861112536,0.2753546133227153,0.0,1.8030347225009836e-11,0.27981396461291297,0.2400832557053789,0.15335555589501837,0.13483394753550648
1141,9.948268499360102,19.63819657480796,0.0,0.0,0.6112953689785344,2.1898808256005027,0.7161813256782776,1.0652810378513116,5.904887635712923,4.07596383198134,0.333968462161513,0.28809964572335567,0.0,1.7171759261914128e-11,0.29313763662321435,0.2514130654818103,0.16001643576046262,0.1406871578039802
1142,8.631789036163191,19.585361241321486,0.0,0.0,0.6131082252963956,2.1845536907773284,0.7302685128757357,1.1521183575462925,5.876397971158642,4.305429221947915,0.34953811305239557,0.3015309808559114,0.0,0.0,0.30718235310632735,0.2633843951635916,0.1667809773813815,0.1467977956245837
1143,8.891363603034064,19.12900366091916,0.0,0.0,0.6265980723455981,2.1796653777152537,0.7524124624848968,1.2032767268448046,5.8345377121361075,4.546603719567809,0.3658946251224077,0.31557575803279597,3.637978807091713e-12,1.6354056439918217e-11,0.32202557928940223,0.27600358387267704,0.17371932240482693,0.15300353181352358
1144,8.904369326679353,19.019496299136193,0.0,0.0,0.6413515904115122,2.174427764734025,0.780159782266531,1.2236858166747193,5.783350439608316,4.7995719241852095,0.38290817250273923,0.3303273498234386,3.637978807091713e-12,0.0,0.33745956024722545,0.28934023414661514,0.18094118869714748,0.15936871382225026
1145,8.922593549512118,18.909038938935264,0.0,0.0,0.6585971399531408,2.1690281141250694,0.815306003559582,1.1830186704610437,5.736096336242252,5.057146319500917,0.40058577062264356,0.34567166891669465,0.0,0.0,0.353713426809918,0.30320767787936387,0.1880313040951478,0.1659939961765391
1146,9.18346833937216,18.81445315544117,0.0,0.0,0.6748935304622735,2.1633863663972943,0.8497161706037591,1.1413076325443847,5.6771046221287405,5.302321989028363,0.41941898227728214,0.36160757134502625,3.637978807091713e-12,1.6354056439918217e-11,0.3708254893517733,0.317811789885462,0.195961065371489,0.17249841119224033
1147,9.708363538459285,18.709398436593744,0.0,0.0,0.6905356017546943,2.1576719742184416,0.8825851864015472,1.0771484660099158,5.603363833348276,5.550410393729545,0.43931668497643,0.3785920529859837,3.637978807091713e-12,0.0,0.38885014971856435,0.3331869914597204,0.20443754734033065,0.17977311063160162
1148,10.373128182303681,18.59944538036934,0.0,0.0,0.7062241684903212,2.151863887808678,0.9125952278373003,1.0014741642267384,5.5127212028454,5.800195349640888,0.4601996832764342,0.39653834728577986,0.0,0.0,0.40781859569506196,0.34938216283698215,0.21323166156328172,0.18754936725963717
1149,11.058358790121368,18.487625808276892,0.0,0.0,0.7126199411070828,2.145915715781158,0.9162732905859853,0.8767596813438818,5.454232740698511,6.03430845026262,0.4819068409505363,0.4153715650617636,3.637978807091713e-12,0.0,0.4277241679646977,0.36642532617137674,0.2220050438477301,0.19561701715867938
1150,11.696603714411683,18.383709110731314,0.0,0.0,0.7298011196465818,2.139761689938256,0.8994322200125683,0.7753635289843586,5.453421221107984,6.26468691990708,0.5046241305995897,0.43494166916758814,0.0,0.0,0.4485538557437394,0.38431049894433383,0.2311816421795129,0.2036656475192733
1151,12.310244225887448,18.28438661429407,0.0,0.0,0.7400658406096131,2.13312405140669,0.8698293475284066,0.726654794020294,5.501160982065094,6.508258505726708,0.5282721846877706,0.4554224963177778,0.0,0.0,0.4703354079701967,0.4030259895787618,0.24053296057775242,0.21208418582340396
1152,12.94208734844663,18.189543179010055,0.0,0.0,0.7693656736820521,2.1263094096379374,0.8348196561509676,0.6771169965471173,5.589686122397215,6.77226631299348,0.5531304092251711,0.4767390912990202,0.0,0.0,0.49315227563238295,0.4225967313195607,0.2505076498796143,0.22066300970175892
1153,13.635849467645247,18.090886955802546,0.0,0.0,0.802768254454067,2.119152175727051,0.7799742632387946,0.6486614808015585,5.6553870309337135,7.013128293529054,0.5791091777094912,0.4991491929259603,0.0,0.0,0.5169965641252929,0.4430977043694718,0.2609252620771031,0.22981370973277837
1154,14.521690845547969,17.972924633681934,0.0,0.0,0.849511209408633,2.111864958570906,0.7133503110859212,0.7222122084804505,5.707657686993292,7.249442694515508,0.6058311224558216,0.5225694888225503,0.0,0.0,0.5419500562329631,0.46452181614703697,0.270779403731467,0.23937074376731984
1155,15.60446253013176,17.862991265084197,0.0,0.0,0.9036507124622977,2.1041674424076398,0.6588979232508465,0.7817632015616784,5.791688618324612,7.4981053097514465,0.6341395098885464,0.5466452218422052,0.0,0.0,0.5680419574946427,0.4869425488775916,0.28188872366119994,0.2484108545444584
1156,16.646149002750565,17.859213106673206,0.0,0.0,1.1852365187852318,2.051338306117359,0.6205686582621909,0.8120474934802541,5.635661442547646,7.609797341699206,0.6365213925205251,0.5721619031406049,0.0,0.0,0.5702189094809,0.5103861416280683,0.2828601746564573,0.2586024552077811
1157,17.52312831572315,17.895668410276617,0.0,0.0,2.0410487228649234,1.9906124440433708,0.6084898860441765,0.8153464496457089,5.290140712751568,7.682173738734468,0.6394612510264835,0.574309516967135,0.0,0.0,0.5727370043423434,0.5123421347823883,0.284399394199977,0.25949365735148305
1158,18.244126742427326,17.927888905770036,0.0,0.0,2.717151808105793,1.9630325539095739,0.6106959406553901,0.8319071954784528,4.826331247145475,7.70787569526383,0.639464078279123,0.5769659760924508,3.637978807091713e-12,1.7171759261914128e-11,0.5721754563801369,0.5146046449827737,0.2855338062744067,0.26090572421943525
1159,18.919195698295717,17.953258353196407,0.0,0.0,2.552397861316822,1.9803775240102792,0.6218641376342613,0.8355518639440974,4.366657920425156,7.696754346697792,0.6364222989384557,0.5769877258458952,3.637978807091713e-12,0.0,0.5682041002601181,0.514100093696186,0.2866660828101203,0.2619464247482499
1160,19.625586678054276,17.981980183439767,0.0,0.0,1.8256160079470523,2.0130064674525734,0.6401505732166672,0.7937552823425217,3.9768694857224873,7.656864763241505,0.6333097052932034,0.5742855947677966,3.637978807091713e-12,0.0,0.5639497288048005,0.5105318271174695,0.2881698912092588,0.2629851666119216
1161,20.38997562728071,18.030591903051164,0.0,0.0,1.3123233089155248,2.015077815150924,0.6639682533459726,0.7461071029500195,3.681750512060268,7.588869481596025,0.6330214305187876,0.5715269069117083,2.1827872842550278e-11,0.0,0.5630788405214844,0.506709271052494,0.2892375336173245,0.2643647479402552
1162,21.22186542028404,18.109231425203227,0.0,0.0,1.2527456019756489,1.9742365168797475,0.6770784222267446,0.6919414490750435,3.5332659937138184,7.502681235172776,0.6358164422271331,0.5712875331663355,3.2741809263825417e-11,1.893186458626033e-11,0.5658260544696532,0.5059267772528426,0.29000590388761793,0.265344194603593
1163,22.083185367197963,18.184621103792427,0.0,0.0,1.534546072123789,1.9254622926886906,0.6814145068301101,0.6452834507979678,3.5178407893018577,7.405995904852168,0.6384996703937426,0.5738011405213969,3.637978807091713e-12,0.0,0.5684787226364278,0.5083951511263115,0.2907125229545045,0.2660490916633822
1164,22.91152269087929,18.34766461791806,0.0,0.0,2.873747423816468,1.8313004518749032,0.6806843654447354,0.6198769490553127,3.689553246445157,7.167778153469532,0.6137233160607046,0.576213698115775,2.1827872842550278e-11,0.0,0.5462293828168185,0.5107785780960236,0.2798030915199206,0.26669733792158823
1165,23.653112999837138,18.482058958187366,0.0,0.0,3.7247568189019007,1.7970576664433318,0.6755551490975141,0.5624853689099755,4.038158434210776,6.899886556505162,0.5851649066864502,0.5538607198014299,2.6921043172478676e-10,0.0,0.5192287321751792,0.4907875262215918,0.2698508693725444,0.25668911360680735
1166,24.2962098090027,18.625786198943896,0.0,0.0,4.126931881636348,1.7677608597152543,0.6543542864659906,0.5245032863130864,4.489096322082682,6.605520956569799,0.5576536601938583,0.5281413682766489,4.3655745685100555e-11,0.0,0.4932777922767855,0.46652742063270947,0.26010502566107335,0.24755902464447127
1167,24.86839884508152,18.7752694134358,0.0,0.0,4.184742145862628,1.7429920456099766,0.6237077704837458,0.49895716934091033,4.969798856609092,6.294408953552229,0.5312706905921337,0.5033628979771214,2.1827872842550278e-11,0.0,0.46849031314741296,0.4432104808503192,0.2505301841481014,0.23861826569723202
1168,25.411175993288847,18.918551533512687,0.0,0.0,3.98850321244521,1.7227740916516594,0.5872238625175069,0.47961821780313446,5.432480454276498,5.973628018926549,0.5059679479311584,0.4795971337034315,4.3291947804391384e-10,0.0,0.4448977891152026,0.42093891153447394,0.24097618466162202,0.22983438257301592
1169,25.966338612892766,19.0294639361502,0.0,0.0,3.615893796123396,1.707073827210293,0.5503651513411081,0.4770214937457837,5.817084667297328,5.6667978572425355,0.48140315406369866,0.4567982622312819,6.184563972055912e-11,4.528635892369628e-10,0.4224439675545,0.3997410104207561,0.23084646633485592,0.22106962017724624
1170,26.543268816483252,19.1234465676907,0.0,0.0,3.1329308885621163,1.695148720995433,0.523392545231571,0.4644487419622496,6.098153218414538,5.369087220969437,0.45795468216409935,0.4346491639266069,1.8189894035458565e-11,4.31298656416155e-10,0.40099460782221286,0.37956623407912127,0.22119180684087497,0.21177669760644613
1171,27.11972979936107,19.19629114754045,0.0,0.0,2.594254085505925,1.6864271354331752,0.5002136426690078,0.46569517921506065,6.302161483551454,5.098926988622453,0.43544530111908947,0.4135070778787968,2.0372681319713593e-10,0.0,0.3804786731398053,0.36029396764311816,0.21177485580792563,0.20291959081330974
1172,27.68647290928588,19.260933813549627,0.0,0.0,2.1912520351979774,1.684076823287642,0.4801825895845742,0.4605379035263228,6.3604405601842195,4.853433998585702,0.41327858286162333,0.39320917684789874,3.92901711165905e-10,0.0,0.3603065593033534,0.3418603846736718,0.20243114971538034,0.19428055524980165
1173,28.22746759990725,19.272868569485617,0.0,0.0,1.8985709183271475,1.6818743294478014,0.46270902690902654,0.47079113529706446,6.313815740495629,4.622310244310113,0.3925031784824785,0.3732191658036479,1.0913936421275139e-11,0.0,0.34174648037878796,0.32373572444495513,0.19304944513662578,0.18570871396159874
1174,28.739660794720887,19.30495095886542,0.0,0.0,1.8139828207583006,1.6463577092046189,0.447595959073896,0.4580503880813003,6.1828820492691845,4.413381666675656,0.37412331020436596,0.35447234998129784,3.637978807091713e-12,0.0,0.32562259485348477,0.307059478963484,0.18422317161300725,0.1771020137659011
1175,29.22366721626151,19.31951164079876,0.0,0.0,1.8383917191556283,1.605072371211417,0.4357156635580804,0.4584316807276578,5.99780131617407,4.218221185468457,0.35629291014746906,0.33787735951682585,3.637978807091713e-12,0.0,0.310119110323285,0.29257215688885824,0.17541600620709233,0.16900486113560081
1176,29.68607861331249,19.331328753966073,0.0,0.0,2.024373088927756,1.5588128832509658,0.42575198823065663,0.4474508869323682,5.77326016133399,4.041790724588669,0.33921378129150886,0.32177389979868454,1.4551915228366852e-11,0.0,0.2951677625969751,0.2786422623231151,0.167158551505986,0.1609252380427327
1177,30.12682143034893,19.30839154442857,0.0,0.0,2.0780118365033213,1.5389548099548533,0.4169918324835751,0.4451132558262787,5.531931169888649,3.88045476657307,0.3217072040242488,0.3063522911966925,1.3096723705530167e-10,0.0,0.27954615786802606,0.26520846487762445,0.1592151712065288,0.1533499151571885
1178,30.55482206829533,19.31043461874479,0.0,0.0,2.1835120571882602,1.5278560943824013,0.40983828119287935,0.4443762314674214,5.305125865687641,3.7301625338882887,0.30481181868305385,0.29055449368143416,1.8189894035458565e-11,3.0599017902566946e-10,0.2645410289751453,0.251172440870321,0.15142089947441945,0.1460627219577934
1179,30.984807826512252,19.252157470854836,0.0,0.0,2.2478814138763066,1.513864108522005,0.40466992832710647,0.4441670325443052,5.112538800139959,3.5908517298946,0.2887362997282193,0.27530586887465947,4.001776687800884e-11,2.914192181196852e-10,0.2502744703378994,0.23769032159312287,0.1439838195000675,0.13891231931613918
1180,31.40005757397769,19.182753547634825,0.0,0.0,2.166685046001264,1.5016739605989593,0.4025574786764058,0.4391309451623933,4.955425083825666,3.4575208747118906,0.27337239427295945,0.26079684155308275,1.3096723705530167e-10,0.0,0.23671227576232923,0.22487180712543126,0.13674708206740432,0.1320896018776898
1181,31.789476643670948,19.12479860320001,0.0,0.0,1.984984160643661,1.4909747058831928,0.4023057634498078,0.4365006341910795,4.828560252002954,3.3312191610638666,0.2588225259024217,0.2469276753386836,1.8189894035458565e-11,0.0,0.22385399433733255,0.2126861642719731,0.1299172395555388,0.12545067706250773
1182,32.146150673315,19.0791340351408,0.0,0.0,1.751895657844209,1.4816149526483327,0.4021454514862734,0.4323369937106362,4.717848332349083,3.2105574283992313,0.24514891031098784,0.23379382273257968,4.729372449219227e-11,0.0,0.21174079934826295,0.2011329887059533,0.12354684179704237,0.11918503430432761
1183,32.43438995868397,19.0529425941047,0.0,0.0,1.5754847337090072,1.441125306861015,0.4025303519513214,0.42929846734616306,4.619768698388668,3.093474180811452,0.23286806427309248,0.2214518947776897,1.0913936421275139e-11,0.0,0.20108126863851794,0.19024927342567483,0.11744725948706218,0.11334088256949373
1184,32.71552635785813,19.0361639729706,0.0,0.0,1.8191327050612847,1.3988416613580428,0.4039036785993601,0.44328497110442516,4.5381079152318735,2.9783517722854667,0.22105349296596963,0.21035987612517806,8.731149137020111e-11,0.0,0.19089520258785342,0.18067167681306168,0.1114615107622285,0.10774517474558598
1185,32.960693462756296,18.98835944516503,0.0,0.0,1.957559839628804,1.3787796386746056,0.40969766791180845,0.4696740170965085,4.474287575256692,2.8662738969905575,0.2090272207776368,0.19968674051303903,9.49512468650937e-10,1.5743194710870695e-10,0.18039966091964743,0.17151948857379853,0.10558570625846642,0.10225389663041885
1186,33.137166376173596,18.95730826394594,0.0,0.0,1.9806825005790654,1.3607080966801997,0.42034780057250043,0.48766444558695476,4.425885717280625,2.7607533714395154,0.19764152688605285,0.18882651915672402,1.0913936421275139e-11,1.653035444641423e-10,0.17037311862986826,0.1620892359715086,0.10017571361454429,0.09686348083265059
1187,33.26205981915928,18.980870907024727,0.0,0.0,1.772107971803714,1.3454723216974143,0.4326777099694098,0.5006299658585089,4.384231530981243,2.6613872164856245,0.1868447658869549,0.17854771249699444,6.184563972055912e-11,0.0,0.16073391437748796,0.15308037990342602,0.09526581395359698,0.09190039677026508
1188,32.929699631222505,19.23713309875668,0.0,0.0,1.6433255034217717,1.3299470066383123,0.4461220242081213,0.4977993024121019,4.346562798275913,2.567973263820025,0.17658299751672613,0.1688048664596589,2.1827872842550278e-11,0.0,0.15148979636614968,0.14441954736872106,0.09073255539735783,0.08739609418204572
1189,31.81213643075192,20.111863973487296,0.0,0.0,1.5143350917779745,1.3155551584847704,0.46124133480380386,0.47751721070506953,4.317149098928901,2.4792764301212076,0.16676628792778805,0.15954745584126873,2.1827872842550278e-11,4.339218042183736e-11,0.14264690333948238,0.13611370013440557,0.08638782180880754,0.08323731916119545
1190,30.519111907991793,21.265611415183496,0.0,0.0,1.5469189085262596,1.277379395149872,0.4756975795599936,0.4397463893732404,4.289231622645883,2.399820489558563,0.1579614693660981,0.1506914942799703,3.637978807091713e-12,0.0,0.13459886999589799,0.1281683538664145,0.08267387737444096,0.07925149535184729
1191,29.912283856991746,21.607118532140667,0.0,0.0,1.5470850567587808,1.2574961068411206,0.489523525718375,0.38082295031666424,4.258979900949815,2.3297786588276708,0.14925686732220528,0.1427521266129561,3.637978807091713e-12,4.339218042183736e-11,0.126337087880529,0.12093718963334055,0.07947674294223361,0.07584435256570447
1192,29.379416219083858,21.29652836762924,0.0,0.0,1.5277060024297893,1.2386027075248118,0.4943350572551592,0.3142805186102554,4.2337271095765905,2.2647275877457695,0.14102547098911772,0.13491287350240194,2.9103830456733704e-11,0.0,0.11849807371800125,0.11351397196059883,0.07646168970684357,0.07291132701030406
1193,27.956693914531545,21.85331862692231,0.0,0.0,1.4796317867259976,1.2218895744291631,0.49250412130206844,0.26276477045266716,4.206023875465666,2.19865842576945,0.13347058880363694,0.12750043179934342,0.0,8.678436084367472e-11,0.1114943899847276,0.10647061186322027,0.07337165036663008,0.07014534138836677
1194,26.02759043637042,23.261466201698852,0.0,0.0,1.386292103307951,1.2091881081533198,0.4850924954315238,0.2395769753350941,4.1688140061767465,2.1222813054338903,0.12672768901765086,0.12069093970548596,3.637978807091713e-12,8.265177223207115e-11,0.10565476084775582,0.10017779643490585,0.06997841577199324,0.06731056401813768
1195,23.766276001312768,24.73626637447368,0.0,0.0,1.3193633690484807,1.2079961709669187,0.4730796372638071,0.2535443390287321,4.1160959777838535,2.0878063116837318,0.12703620008254285,0.11460021645261705,0.0,0.0,0.10636742730093829,0.09493088500289538,0.06945622031748826,0.06419763767891877
1196,21.91918820531062,25.01244273907005,0.0,0.0,1.0670855427962627,1.2098951479780617,0.45640999090641543,0.3036371263072695,4.077201113983546,2.0604911822825698,0.12821660306628196,0.11486476753680322,1.709850039333105e-10,0.0,0.10837333090239554,0.09557121633380866,0.06851801552129473,0.06371857994149108
1197,21.616394184995183,23.578668153309536,0.0,0.0,0.8456626574768887,1.2212776577895736,0.43627607322315365,0.36827374095329857,4.055054869670775,2.0388439575449455,0.13023119375503822,0.11589959336156368,2.1827872842550278e-11,2.4795531669621347e-10,0.11130417521962954,0.09737352229282371,0.0676131969776634,0.06285787856478119
1198,21.76060012197654,21.78260386205753,0.0,0.0,0.8062641969977398,1.2091292324599603,0.42134728568255925,0.4133831303302677,4.040016170784669,2.0343475695874793,0.13203127142845103,0.11768103623094296,9.094947017729282e-11,2.3614792066306043e-10,0.11363647079087968,0.10000688821071915,0.0672235757841463,0.062027805045779524
1199,20.62042688095787,21.078238756132926,0.0,0.0,0.8939427307185052,1.1880926566305807,0.4101987590928817,0.46342955317364415,4.033494111178573,2.0450152763340714,0.13256174906888513,0.11928179379533703,1.2369127944111824e-10,7.496759386128902e-10,0.11437875390947738,0.10210245762204137,0.06700834254268102,0.06167036953491156
1200,17.840368970312763,22.591775139295947,0.0,0.0,0.9600590194439774,1.1550569092787817,0.4042191751162546,0.49379295792051203,4.022416537341296,2.0692179998688243,0.1319177550185061,0.11975169712674585,6.912159733474255e-11,6.782782301735673e-10,0.1136063825488236,0.10276939973296065,0.06705135295646869,0.06147291633933449
1201,15.368428140977523,23.128483228629246,0.0,0.0,0.9780955596983318,1.1389697733324387,0.409519623046551,0.49130121363663504,3.983061999546206,2.157932559563137,0.13730754498225586,0.11917702886521069,1.0913936421275139e-11,7.819749019544887e-10,0.11769041771731281,0.1020754235108627,0.07072713401926194,0.061512373748842435
1202,14.551119883648495,22.321716274553687,0.0,0.0,1.4303419484800404,1.1607068774447662,0.4149834898056903,0.45235481227975805,3.942692745387572,2.2714140658667645,0.1431087372405309,0.12406445824841525,2.9103830456733704e-11,2.5903930499527574e-10,0.12208545826251793,0.10574493226812468,0.0746676071359616,0.06488450585526946
1203,14.712562945201265,21.11116495247173,0.0,0.0,1.168994836495383,1.1961286446743062,0.42034099291051574,0.413546435163393,3.92381972452652,2.4027193056635925,0.14968509999731977,0.1293248769493983,3.637978807091713e-12,2.467040999955007e-10,0.12747178473728127,0.10969387940752721,0.0784638340708625,0.06849946436654732
1204,13.82840424915173,20.543630475201134,0.0,0.0,0.7132333084960676,1.2231274561148595,0.4245986752341816,0.3781227087421169,3.937539733233707,2.549032882358715,0.15658307743224348,0.1352750671292384,3.637978807091713e-12,0.0,0.1332520304222271,0.11453349793475992,0.08223233261014684,0.07198209247895132
1205,11.454482893927853,20.932237008056255,0.0,0.0,0.5688852996091283,1.2388071115315278,0.4275627612273699,0.3589692812485766,3.9785372314723824,2.7041103981793073,0.16524824735341465,0.14151202304292926,3.637978807091713e-12,0.0,0.14116089121671394,0.11972705318587973,0.08591033723760119,0.07543928287787516
1206,9.778159785058898,21.12702184618285,0.0,0.0,0.7286614457241548,1.2560319817583208,0.42936425899156805,0.3662910028499075,4.0365647983723285,2.862990830725346,0.17486356579028878,0.14932586482234977,2.546585164964199e-11,0.0,0.1503282462253992,0.1268331709941302,0.0893234853086824,0.07881345469218065
1207,10.035432421420802,20.097897093896147,0.0,0.0,0.983240984480443,1.2718606716504934,0.43119061022918415,0.38043438526728973,4.107914203639333,3.028373742815227,0.18457547413769554,0.15798367974686348,8.36735125631094e-11,3.399890878062994e-11,0.15964106100000208,0.13507004661890853,0.09264360364293225,0.08194464944537501
1208,10.699888919662694,19.057753936669993,0.0,0.0,1.311734078310085,1.2891522125676584,0.43313293711299505,0.39852730651646884,4.19287283282393,3.207327296270456,0.1940006796790079,0.16672652833653245,1.4551915228366852e-11,1.4279541687864575e-10,0.16840064902498852,0.14343761795672783,0.09631970267748784,0.08499049950466434
1209,10.869143660482022,18.530199573074256,0.0,0.0,1.6990390335886554,1.3271029906332683,0.4323047167105079,0.3943948960809949,4.295730441247178,3.3934339697807876,0.20227640474374978,0.175220294915038,3.637978807091713e-12,1.699945439031497e-10,0.1754331799220381,0.15130811457492588,0.10069231995787505,0.08836292329871161
1210,11.08570722515729,18.090539638073203,0.0,0.0,2.2216219296216555,1.4017598650714191,0.4282703588115007,0.37972726146295527,4.405760663539897,3.5834226711430364,0.20964150292503642,0.182699862892356,2.9103830456733704e-11,0.0,0.18131436978910642,0.15762684905201357,0.10523620601602487,0.0923743273795237
1211,10.965163766366992,17.885312297997498,0.0,0.0,2.866296764045314,1.4929660701786855,0.4226514146482782,0.37199302147106383,4.505189495173995,3.782803462683862,0.21723381597404373,0.18936881904284544,3.637978807091713e-12,0.0,0.18747663655813085,0.16291110273434428,0.1097407925408561,0.09654285178904685
1212,10.726286337372716,17.797769996878344,0.0,0.0,3.6002186545062456,1.6000119252590184,0.41620111959060413,0.3652614668287044,4.5821350147635,3.968335786994254,0.22503111063382905,0.19624020286662822,1.8189894035458565e-11,0.0,0.1937652375909238,0.16844790427299872,0.11442916347866686,0.10067532352652292
1213,10.380266538704644,17.67048870725622,0.0,0.0,4.3304414487877265,1.7184614910232838,0.4105353513599622,0.35155995851531074,4.640503438921857,4.153465726460366,0.23286017434803394,0.20329838476540538,7.3450792115181684e-9,0.0,0.2001281556495087,0.17409821721832353,0.11904865439694277,0.1049763973930533
1214,10.085722310111871,17.551272795624197,0.0,0.0,5.1329418975585535,1.859590781790052,0.4042604727519077,0.36296540582498343,4.687495157711288,4.341366486182174,0.24084222560764423,0.21038370373194368,2.9103830456733704e-11,0.0,0.20651935054229398,0.17981530406270388,0.1239142263310896,0.10921428121270403
1215,10.117547477533614,17.36317052899965,0.0,0.0,5.860338596406347,2.0234894232679155,0.3980138040020506,0.3920997766171694,4.72633794861455,4.532459338443265,0.24885800502031485,0.2176105818373743,4.838511813431978e-10,0.0,0.21282864311251615,0.18555779766628513,0.12897393276773528,0.11367791805288556
1216,10.508364954185387,17.08586310813735,0.0,0.0,6.452526509848042,2.210077676232798,0.3933604792336163,0.415260955529009,4.752088927564661,4.723970815494195,0.25689589282380093,0.22487150037002035,2.837623469531536e-10,3.4713744337469887e-9,0.21910171497802367,0.19122670198719094,0.1341265754555252,0.11831965232270637
1217,11.044088069889542,16.778814541311718,0.0,0.0,6.8888575542532955,2.4187877965504283,0.3896198520190788,0.45215578265614326,4.781700284804051,4.922111460496902,0.26515048542248887,0.23215413400106838,2.4374458007514477e-10,3.306070889282846e-9,0.2253933126830816,0.196863061666153,0.13965183320503913,0.12304664516033922
1218,11.113084124383178,16.516778763721124,0.0,0.0,7.16649047225801,2.6466791956561115,0.3872202761203791,0.49278699571098034,4.810820288547394,5.1269113212645525,0.27344654711544775,0.23963791797895573,8.003553375601768e-11,9.05233695875065e-10,0.23161545396396832,0.20251606710913408,0.14535231547665717,0.12811547250795832
1219,10.676807291986567,16.37141871774627,0.0,0.0,7.300722365814161,2.890743116936312,0.39408014559590865,0.5334490037274063,4.8307068422953074,5.340831177552599,0.28174184380110284,0.2471624698540671,3.637978807091713e-12,8.621273294048237e-10,0.23769243675087637,0.20810666589923213,0.15126391526030147,0.13334504907445197
1220,10.179129150904737,16.24240699468753,0.0,0.0,7.321212547913916,3.1475785924325166,0.40730998297841137,0.5609629000418382,4.837599810144471,5.561792521774039,0.2900154795804444,0.2546908657160351,3.637978807091713e-12,0.0,0.24362443928293942,0.21356683984587244,0.1573407479972957,0.13876830328800205
1221,10.113243530000721,16.047287380259057,0.0,0.0,7.265159820469684,3.4146138640836194,0.42555053190351033,0.5762942162836939,4.832498150453013,5.789569860116715,0.2981730858306923,0.2622036022938666,1.2732925824820995e-10,0.0,0.2493340716300736,0.21889674856425304,0.16352281136944385,0.1443431415893333
1222,10.623187281246103,15.763486886439173,0.0,0.0,7.1683127778170785,3.690441383404616,0.4479175122147365,0.5806326653923919,4.816304297886957,6.022887974242925,0.3061888755372351,0.2696152598037976,6.875779945403337e-10,3.935798677717674e-10,0.25479491776968644,0.2240268576812197,0.16979745987939623,0.15001451715266692
1223,11.418762224907038,15.449798275740473,0.0,0.0,7.060832326470052,3.9748065557460226,0.47217735113897036,0.5723219374265768,4.764972422173736,6.232765622226241,0.31426458791914436,0.2769026316719536,8.731149137020111e-11,4.1325886116035575e-10,0.25992545675399015,0.22893343219683707,0.17663801445673927,0.15577082862150343
1224,12.119620419113916,15.149318242212644,0.0,0.0,6.965105441060158,4.268915660549201,0.49824671845919943,0.5550026587774255,4.681468936309334,6.438485915549977,0.3221626374720107,0.2842559428646847,3.637978807091713e-12,0.0,0.26471259714162443,0.23354322549396256,0.1836191871713254,0.16204629856854816
1225,12.563710306237336,14.881528072676328,0.0,0.0,6.896838017281966,4.574217284760515,0.5183735979782699,0.5150249940663943,4.586895136300148,6.633126276397428,0.3295853290247473,0.2914543811154192,1.1641532182693481e-10,0.0,0.26909737827736535,0.23784447489252492,0.19029737284733983,0.16845077035879386
1226,12.770319654612472,14.76029307182066,0.0,0.0,6.6428919023388175,4.81989173538054,0.5342291206344408,0.4685586119331137,4.332495251962416,6.68793805078416,0.3252521901981675,0.29822278530216184,7.275957614183426e-12,2.169609021091868e-10,0.26455900561632006,0.2417842042387136,0.18920232497516737,0.17457728447318493
1227,12.918542796247468,14.68268782173601,0.0,0.0,6.291296075284685,5.059407650190017,0.5471096032728113,0.4207455417023126,4.008770030380264,6.69809392119354,0.3212699619245297,0.29433288653057743,6.548361852765083e-11,2.0662943058017787e-10,0.2603225280818151,0.23770647285107768,0.1882725944158665,0.1735726961769092
1228,13.182306654405084,14.62849541227417,0.0,0.0,5.907816471775596,5.290637252718879,0.5469845364915064,0.3682188050149119,3.7104071933300014,6.670888677289557,0.317510199015392,0.29075991124046163,7.275957614183426e-12,0.0,0.25614461239274533,0.23389999450751034,0.18762372989833692,0.1727197688568039
1229,13.487661532169277,14.665740231932192,0.0,0.0,5.582345057985649,5.43811777822618,0.5364179111183944,0.31862337465887663,3.480202634719321,6.614750028211057,0.31810574731475566,0.2873918726810975,5.358825364965014e-5,0.0,0.2571962118945521,0.2301461339884819,0.18719340851127983,0.17212450578957056
1230,13.933486979611557,14.666952000983345,0.0,0.0,4.8376616897012035,5.529143245800931,0.5192224275578068,0.31818543450177456,3.3297348192402816,6.539276742830046,0.3183371693551073,0.28791344156196447,1.2369127944111824e-10,0.0,0.25753794581396505,0.2310909969751279,0.18711696838861372,0.171729732280395
1231,14.286771579347114,14.735643095943368,0.0,0.0,4.388093053665412,5.624012197699184,0.49683302868991963,0.3083107019734132,3.250506544508102,6.448163611172501,0.3196004969782066,0.288118163153464,3.637978807091713e-12,0.0,0.2592178312861506,0.23139804517458795,0.18695077858094464,0.17165960686284196
1232,14.5295604845242,14.836077771280936,0.0,0.0,3.5075863304822157,5.585557409193469,0.47148077951226147,0.3794414696782504,3.226449370620503,6.35118273750435,0.32424182167779764,0.289241367995421,0.0,0.0,0.2648944305929035,0.23290742358546732,0.18698582717895534,0.1715071456197737
1233,14.650331620939234,14.981380968250294,0.0,0.0,2.6125058776948356,5.5262984865106475,0.4442887310665832,0.4503810404091471,3.236191023627853,6.253557791537685,0.32894370623051755,0.29338280270843586,0.0,0.0,0.2704918761519366,0.23800785252913184,0.18718468635140653,0.17153929887791908
1234,14.710752047476307,15.127483174231893,0.0,0.0,1.7595186674875793,5.4363256480551065,0.42704857459713125,0.5423593181091332,3.2724396721199276,6.156150309917616,0.33355639946181526,0.2975826183573261,6.548361852765083e-11,0.0,0.2760639916123182,0.24303716172955697,0.18721256410028672,0.17172173061917104
1235,14.769309829560171,15.302346244810574,0.0,0.0,1.3944505893808543,5.33525121044864,0.42501141381574636,0.6305773197354991,3.3177009525247096,6.068690275286331,0.33844424165235637,0.30169988392908764,3.637978807091713e-12,0.0,0.28171437264791166,0.24804371187870858,0.187567366434655,0.17174730554002055
1236,14.90040288160878,15.412095199777767,0.0,0.0,1.5089208884028706,5.185800850161076,0.43295534521137863,0.7310632431157502,3.35862177993036,5.989295864953007,0.3434858294189708,0.3060703804457755,1.0913936421275139e-11,0.0,0.2874808893266163,0.253120583639541,0.1879820557489893,0.17207279832733552
1237,15.096387899425734,15.531223915492317,0.0,0.0,2.3573002776453116,5.032732071223199,0.44838860317815865,0.8075534826970983,3.402722242188233,5.915916830082698,0.3485348168612105,0.31058000333099517,4.3655745685100555e-11,0.0,0.2933381923739944,0.25830180324364177,0.18822652166800252,0.17245323108067284
1238,15.34607763411178,15.64718839491717,0.0,0.0,3.3240949577571044,4.867432717209678,0.46840025474835656,0.874043577319158,3.45239129984053,5.853325510324101,0.3537835737737977,0.3150933437797878,1.382431946694851e-10,0.0,0.29930670290741546,0.26356459466850785,0.1886221478693642,0.17267750210016566
1239,15.620559239971618,15.756458573221007,0.0,0.0,4.28371083197065,4.6931489485673685,0.49107415815264277,0.9216017231252686,3.491288571248797,5.798647711503924,0.3590936972412038,0.3197888240839357,2.9103830456733704e-10,0.0,0.30526916879716737,0.2689273060392442,0.1891005499205221,0.1730404463570904
1240,15.92107900034841,15.82859754861592,0.0,0.0,4.755366004730725,4.588439877098367,0.5190742591671718,0.9606048895042993,3.5445720330227743,5.743961885225976,0.3609361367413928,0.3245413866752134,2.1827872842550278e-11,0.0,0.30748837247483607,0.2742845862210209,0.18901268634294865,0.17347932852831116
1241,16.272363144479307,15.83514496424349,0.0,0.0,4.896928997620834,4.47346480504899,0.5498080382202182,0.9634054419488026,3.6301000554656566,5.697177380588046,0.36267062270188677,0.32618545378220704,2.1827872842550278e-11,0.0,0.30933033359906403,0.2762785424680159,0.18932703263524217,0.17339872326765568
1242,16.679909539755158,15.860631621053288,0.0,0.0,4.857713062344884,4.392479877742814,0.5783954231008834,0.9282503212063857,3.7131883720832675,5.658255662366659,0.36413267681657663,0.32774115617173155,1.2005330063402653e-10,0.0,0.3105744895510725,0.27793354599000947,0.19009495723373673,0.17368710217573044
1243,17.1080518792592,15.872404750670638,0.0,0.0,4.6610085889528685,4.323553496487334,0.6057925827446504,0.8767038365278883,3.7843815885509398,5.621031939506324,0.36509994242144356,0.3290624898496922,6.293703336268663e-10,1.0390149561393364e-9,0.3113016041988885,0.2790514210988647,0.19075974202996804,0.1743915898453331
1244,17.54285558403557,15.8733799012111,0.0,0.0,4.365115302372774,4.265499436102004,0.6334630915610374,0.8111063759050948,3.8636644533425017,5.582879039554999,0.365519531453791,0.329939765187385,8.36735125631094e-11,9.895380534660345e-10,0.3115054228055669,0.27970473417987246,0.19122996479873108,0.17500145807756473
1245,17.983193857069008,15.862858566433532,0.0,0.0,4.025209363378644,4.217599576592629,0.6621791415329462,0.7387612278777295,3.9651681349255568,5.541855825030782,0.365391687956663,0.3303239279398774,2.9358488973230124e-9,6.731551384122684e-10,0.3112278300723119,0.27988786534537835,0.19143751830897598,0.1754328367268702
1246,18.41626911004905,15.863243660675952,0.0,0.0,3.681000468285746,4.176126194992349,0.6764015013680238,0.6888600310704787,4.07893872338051,5.506257487119526,0.36520920012220215,0.33021384842342205,1.6334524843841791e-9,3.314952479111216e-8,0.31053420506032126,0.27963844803859467,0.19221411847586295,0.1756232446721443
1247,18.71047882346005,15.868995309724195,0.0,0.0,3.3441379946281384,4.140317810665179,0.6811948313875431,0.6396516469373602,4.188177941738994,5.469971838942211,0.36480699708585435,0.3300663146755635,9.094947017729282e-11,3.089782085312312e-8,0.30960578332451405,0.2790152254051325,0.1929466352513373,0.17633569144002087
1248,18.830873155147817,15.982099433932415,0.0,0.0,3.37690412883684,4.057152950966919,0.6794110309098389,0.5806006348241242,4.2867697070065,5.435416739740409,0.36765442498681256,0.32972172260820987,1.418811734765768e-10,1.4104202900066578e-9,0.3124265312071657,0.27818103773396696,0.19380257689267635,0.1770076964569014
1249,18.91018804353605,16.046570095612058,0.0,0.0,3.561737473045614,3.936530976953285,0.674847121213176,0.5332637612181849,4.371276766706783,5.400710851757797,0.3705873194604735,0.3322822714039508,4.805770004168153e-9,2.564400527284832e-9,0.31540212739491835,0.280715481890168,0.19456736463152993,0.17779293044589703
1250,18.549160323343234,16.094907515550176,0.0,0.0,3.6281228090185356,3.8782371436260012,0.6612428509279844,0.5548672081386873,4.472770304669878,5.360895496546011,0.3701453997596148,0.33491739111370494,1.4915713109076023e-10,0.0,0.314699487598773,0.28338905737081765,0.19486366892849674,0.17849454062488815
1251,17.21524661812514,16.246380024272913,0.0,0.0,3.5632088641777298,3.8273053467782003,0.6519577039974661,0.5221926321997508,4.576661089036905,5.343813137107863,0.3695395413794165,0.33452855018918026,3.2741809263825417e-11,0.0,0.3138445394070004,0.2827577349582074,0.19509248506110452,0.17876636767854023
1252,15.674947321367426,16.46286555801203,0.0,0.0,3.4468822968310247,3.7965619583749035,0.6330089092502095,0.523984748032378,4.682055309317662,5.33727772828535,0.36913194487409323,0.3339919508917605,2.1245796233415604e-9,0.0,0.3130133595641382,0.2819895633334247,0.19565538444137473,0.17897628175685348
1253,14.757474691969515,16.534094239244062,0.0,0.0,3.1618727430373195,3.7484911367122646,0.6078909709377176,0.5253532306996163,4.770925976792669,5.337368040102014,0.3689900472797242,0.3336391848213628,8.294591680169106e-10,0.0,0.3124370175974036,0.28124274758866175,0.19630783231020812,0.1794926811238936
1254,14.995479578140475,16.56933676815371,0.0,0.0,3.093801076947374,3.760124825505651,0.5898625453779075,0.48734207741181107,4.841929780506429,5.339163943635865,0.3688863400699994,0.3335255962538671,2.1100277081131935e-10,0.0,0.312128026771461,0.28072490387584154,0.19660423900311344,0.1800912316033101
1255,15.822902977138245,16.451629123228958,0.0,0.0,3.3612390685878166,3.6756362863916516,0.5687294846462372,0.5331300377035747,4.905152753004594,5.347128956820272,0.3722364616051043,0.3334389616186394,7.275957614183426e-12,0.0,0.31571716608596034,0.28044727537138286,0.19718685145551262,0.18036315272827821
1256,14.860856470530411,16.42290653459019,0.0,0.0,3.3205448895233878,3.642695280246127,0.5559722416780014,0.5398096943410566,4.959908157022189,5.354812381738326,0.3726613719131827,0.3364429025731033,5.093170329928398e-11,0.0,0.3160630996371765,0.283672120060024,0.19743509101463133,0.1808976367796605
1257,12.202193016767557,16.50873114634243,0.0,0.0,2.590232080777373,3.581537155487565,0.5466789232361857,0.5486170513924423,5.012831385916915,5.364077879884409,0.3729054571857396,0.33682741956915135,3.637978807091713e-11,0.0,0.31619628363114316,0.28398294137370284,0.19768254909515692,0.18112536979217783
1258,9.088110760756335,16.57360107271201,0.0,0.0,2.360033962485791,3.5629617288576867,0.5387143948164813,0.5334471524077596,5.064121322170866,5.479915408677607,0.390374606461298,0.33705041078085696,7.275957614183426e-12,0.0,0.33193364516773727,0.28410260743990273,0.20545653694996416,0.18135238584973984
1259,7.384929937971851,16.492615356216863,0.0,0.0,2.245433501050124,3.5494464800309102,0.5326418610415983,0.5200596180101671,5.150291812730167,5.630025210934899,0.408463446782952,0.3528100876446167,1.0913936421275139e-10,0.0,0.3482523081729596,0.2982426391974297,0.21345425085955866,0.18848417999491063
1260,8.316868541166814,16.253103142457636,0.0,0.0,2.1291838131371805,3.5390764433664037,0.5304601154592901,0.5173144253547132,5.303637231347541,5.809809333738518,0.42703899970593795,0.3691279860445606,2.1827872842550278e-11,0.0,0.36516727671187255,0.3129049703297405,0.22139369297403846,0.19582121852408516
1261,10.36140339615497,15.93092008461523,0.0,0.0,1.995114224655739,3.530908745542428,0.5342259871577173,0.5316926991447404,5.524159770820141,6.0178191354287325,0.44646564134047867,0.3858797640438456,2.000888343900442e-10,0.0,0.38288343005297065,0.32810308275442857,0.2296341609787987,0.20310479902152626
1262,11.81034636909458,15.627998835340076,0.0,0.0,1.8391229082098406,3.523876806586937,0.5419548338452972,0.549585693144406,5.793922677556552,6.252835479939401,0.46674364208388486,0.40339811322318053,1.3937096809968352e-8,0.0,0.40135109999573615,0.3440210603319392,0.2382580994592672,0.21066453854436495
1263,12.062097304041329,15.397491654412857,0.0,0.0,1.6787768929272213,3.5174236344752448,0.5562547359276658,0.5395303563621939,6.082039451097747,6.508737381555292,0.4878331599693622,0.42168489975300677,1.1161318980157375e-8,3.374589141458273e-7,0.4206461374378705,0.36061427614703256,0.24705873598052222,0.21857607032459253
1264,11.172200341420229,15.240912871219166,0.0,0.0,1.5199359953485634,3.5112243446610902,0.5745025504496587,0.5336397893946304,6.3732066418843,6.784499851709301,0.5098587068774596,0.44070053075054094,3.65253072232008e-9,3.1972636601754593e-7,0.44087922918879485,0.3779508823427075,0.25608866872364616,0.226649704037034
1265,9.566261205763176,15.123757826852284,0.0,0.0,1.3593921022682989,3.5049291199309596,0.597596778686844,0.5215315051550299,6.636146065446113,7.080285286577838,0.5331328263837303,0.46055735668339154,9.604264050722122e-10,9.275608550326353e-8,0.46216928311150696,0.3961303310495586,0.2657633615006034,0.23493369195956398
1266,8.05711887786534,15.02260811983488,0.0,0.0,1.9029969239757623,3.5115667703603064,0.6285395889360035,0.5503463818263976,6.851937277557378,7.382897934294072,0.5572147949581867,0.4815426617945105,8.294591680169106e-10,6.401522798873399e-8,0.4845822912702715,0.41525946109150363,0.27507877182281393,0.24380917764131063
1267,7.66840584699239,14.836303729743074,0.0,0.0,1.2306280694388063,3.4919841182387694,0.6604778483441304,0.5700518806426984,7.021995031831177,7.701373589055227,0.5827594717175858,0.5032435963854056,1.2842065189033747e-9,2.128004633330522e-8,0.5081708413272281,0.4353975663766405,0.28525602167410397,0.2523550603737034
1268,8.561794354924695,14.663120420794822,0.0,0.0,0.9897905301343368,3.48341519079525,0.6933884140745149,0.5943143958603375,7.136172453492928,8.029509370376264,0.6095431662654949,0.5262686076624633,7.275957614183426e-12,3.164001263139614e-9,0.5330009810913907,0.4565918969914387,0.2957242392780472,0.26169158758497985
1269,10.006039558228139,14.51864003714956,0.0,0.0,1.907520859778007,3.4870646224372672,0.7279499568120248,0.6291216363953815,7.196135526952331,8.366547829981133,0.6376845765105809,0.5504070616715774,1.0186340659856796e-9,0.0,0.5591659247329517,0.4789017972232476,0.30655356422169006,0.27129504631357165
1270,10.944083170837345,14.324754384230639,0.0,0.0,1.054036907346055,3.4657212735878833,0.7630496351223781,0.6628024432901628,7.199730353142367,8.708740760421595,0.6673214214306422,0.5757664657383128,3.092281986027956e-10,0.0,0.5867729118417628,0.5024110196615033,0.31782924571057264,0.281229782191496
1271,11.462127114067552,14.185349552383686,0.0,0.0,1.0434898699655089,3.4547714526939965,0.7973505761768769,0.7039530968716613,7.131466252730989,9.003166102164048,0.6980569011206718,0.6024715957496445,3.965396899729967e-10,3.142622876226509e-9,0.6157411214062449,0.5272159187232552,0.3288560606277088,0.2915740021502551
1272,11.517388797818464,14.091473757929446,0.0,0.0,1.2553997548231004,3.442983894108244,0.8285397472632658,0.7358124367953462,7.050950197818571,9.306554820737661,0.7311869509174606,0.6301552128363134,3.816239768639207e-9,3.591569001401724e-9,0.6460635810635722,0.5532438775442647,0.34239773132321716,0.3016899140252556
1273,11.293304913789637,14.007218331222543,0.0,0.0,1.4603399562694912,3.4311861157698194,0.8580354496129474,0.7557489090520223,6.931288016164959,9.601995859475801,0.765893170117636,0.6600257466019457,1.5061232261359692e-9,2.8818065558866215e-8,0.6780451304130111,0.5804886311797949,0.3561560741529547,0.31411293390827283
1274,11.18402942076843,13.930629688717495,0.0,0.0,1.619280409553002,3.4192876341200114,0.8853414878767221,0.7733642465998463,6.800504656320186,9.896614005869077,0.8023855302710468,0.6913100316295194,3.637978807091713e-12,3.3716770217240674e-8,0.7117371447202459,0.6092240783764776,0.3704764176217168,0.32673472750526145
1275,11.47589274333728,13.843284465481544,0.0,0.0,1.742395374299061,3.4073733805612747,0.909988066177185,0.7938083765488921,6.653110184545834,10.184103659459419,0.8405113756888378,0.7242020854956577,7.275957614183426e-12,0.0,0.7471424102750461,0.6394963793030578,0.38501635216018715,0.3398720957868408
1276,12.418755064176697,13.780761713716876,0.0,0.0,2.4671465060281754,3.4076933409777643,0.9351161486955317,0.8174386393361598,6.524804938330592,10.469671463205396,0.8803770737484335,0.7585594454044248,3.637978807091713e-12,0.0,0.7842705636685423,0.6713080380020172,0.3999793431477201,0.3532109147890971
1277,13.265484579073414,13.771965522363747,0.0,0.0,2.125725797505828,3.3202706053120945,0.9634776525211888,0.8378761717341128,6.1987636884065935,10.577413537522723,0.8891002097769927,0.7944809411520242,0.0,0.0,0.7932290982626,0.704667712765142,0.40160525481496734,0.36693784274744606
1278,14.121734484023483,13.819946070421105,0.0,0.0,3.0972861012210955,3.2323631723899697,0.9960141933534661,0.851285047531188,5.852381294296544,10.624015840953659,0.8983572162702599,0.8023127338585005,1.8189894035458565e-11,0.0,0.8028041352481523,0.7127169630846334,0.40317639868092103,0.36842944160709845
1279,14.719040537472704,13.852281602068556,0.0,0.0,3.907395947677657,3.1917684851351895,1.024988840956387,0.8138741332481761,5.595132656792431,10.617882943663947,0.9000543664413475,0.8106214605797061,3.2741809263825417e-11,0.0,0.803718328164905,0.7213201413160407,0.40513542368194067,0.36987079647382676
1280,14.834681096568692,13.869278019220046,0.0,0.0,3.742760671473114,3.2162352233018,1.0229475942994275,0.771596635438272,5.4583102887605826,10.575693150872935,0.8940986926549095,0.8121733220608502,0.0,0.0,0.7956442453396448,0.7221415443593155,0.4078758476118992,0.37166799025164965
1281,14.7918402526199,13.960899291113284,0.0,0.0,3.722266777768374,3.2123007735754805,1.0037536580523312,0.7762844984360099,5.374905614718462,10.494517653400656,0.8954853440368841,0.8068925457815258,0.0,0.0,0.7960491264148004,0.7148869745959889,0.41012167672422495,0.3741820332281944
1282,14.34285354157239,13.992843525415081,0.0,0.0,3.099644466752936,3.190218038308675,0.9768596332274879,0.8046990931823582,5.393614859652666,10.382073475466328,0.8964838923647378,0.8081719792665802,0.0,0.0,0.7967152056680789,0.7152507605461195,0.4110088202541419,0.3762423389384287
1283,13.963443165421724,14.066260345478803,0.0,0.0,2.8238604264218763,3.1806858266179283,0.9391236379680731,0.8026644512028607,5.453040855890074,10.266501457808623,0.8978952129195378,0.8090806513258867,0.0,0.0,0.7972655568610207,0.7158492332677611,0.41301748779792435,0.37705619684588076
1284,13.661824826387008,14.127097999840664,0.0,0.0,2.6019819299332125,3.174155660289678,0.9160815965500989,0.7860230544821297,5.473573841051309,10.14384901619553,0.8987560076188984,0.8103781413728417,0.0,0.0,0.7975416243298241,0.7163437242369978,0.41435458087537425,0.378898932119331
1285,13.55850326917409,14.213020454803145,0.0,0.0,2.6954486414559256,3.1101800222348217,0.9030881188887024,0.8009782606796411,5.5207684499727225,10.016052883108273,0.9071202222198059,0.8111715085884584,5.820766091346741e-11,0.0,0.8067033022944088,0.7165917710696018,0.4148456093866798,0.38012557133269376
1286,13.530641609229903,14.258539021076329,0.0,0.0,2.607407042482253,3.093185131541089,0.8915483086437941,0.7715568305794851,5.5834826434175095,9.901360739436603,0.9075832641658566,0.8186618914767698,3.637978807091713e-12,0.0,0.8066877803048556,0.7248235459017874,0.4158872521498779,0.38057603690022573
1287,13.446674338284991,14.29568569592869,0.0,0.0,2.390593935665718,3.0789809039003546,0.8803764182033414,0.7633460358141888,5.633567063269837,9.799151604423233,0.907482477356086,0.8190942200017094,1.127773430198431e-9,0.0,0.8060661382969556,0.7248095993559269,0.4168714758764054,0.38153163161356535
1288,13.476572332700236,14.390464970366232,0.0,0.0,2.972263157025169,3.0196555673246177,0.8679992162530442,0.7577245743448303,5.6559809404272405,9.705006981019165,0.9149901558499668,0.8190212292916105,0.0,0.0,0.8141245833139692,0.7242510535273526,0.4176220158782371,0.3824345506029241
1289,13.128605059402858,14.387075985149513,0.0,0.0,2.5639516393387503,2.9881157535260976,0.8544470717326282,0.7093771215471589,5.672513346558233,9.623991443583147,0.9150309683692037,0.8257500971501059,3.92901711165905e-10,0.0,0.8136893705159309,0.731491572652214,0.4185585758099705,0.38312308998832234
1290,12.781781543104925,14.401448336472331,0.0,0.0,2.449112390618654,2.9692365136595553,0.8222916036503868,0.722490890222031,5.708155855716151,9.547653403516165,0.9147028017892009,0.8258028721066669,0.0,0.0,0.8130668747689924,0.7311005336270687,0.41905068041276083,0.3839822825467804
1291,12.615486942694707,14.436586924685324,0.0,0.0,2.9835028838327,2.8992230509808685,0.8038739076323472,0.7528889799732587,5.785589746926754,9.467064990040422,0.9216332339805386,0.8255178810424091,7.275957614183426e-12,0.0,0.8210803963484068,0.7305412207329152,0.41861055972080974,0.384433735162266
1292,12.669484229936058,14.441485100980142,0.0,0.0,3.172343944101583,2.874590701275784,0.7919617616901052,0.7215111322727917,5.941456588287239,9.395531235378286,0.9218012053381082,0.8317098995134075,2.9103830456733704e-11,0.0,0.8211895148015174,0.73774137603073,0.41876633453853174,0.38402997153983615
1293,12.738592692179083,14.445972348758412,0.0,0.0,3.107944768643733,2.8561240384713598,0.7816373005002797,0.7400146436103601,6.065990655956621,9.328759467501623,0.9219534336335135,0.8318628544356408,0.0,0.0,0.8211243435089273,0.7378394190507943,0.41922899027340466,0.3841728781220748
1294,12.834780888638093,14.475896844857061,0.0,0.0,3.202344000148191,2.850859544421899,0.7713439803100601,0.7447444459664064,6.109673812531163,9.260263114090336,0.9221846973628812,0.8320070286775743,3.637978807091713e-12,0.0,0.8212656072682876,0.7377808626050515,0.41946086631355683,0.3845973147886396
1295,12.57151510066733,14.441787197525482,0.0,0.0,2.4080812694278833,2.832977789641307,0.7615758910311368,0.746092579030805,6.1405456287360565,9.180828256693141,0.9221027962011926,0.8322179208086593,2.9103830456733704e-11,0.0,0.8216123168094782,0.7379077882225429,0.4186009646776029,0.38481003598607283
1296,12.375784883330974,14.443139287870927,0.0,0.0,1.9547118001217936,2.825975545203228,0.7540229175045985,0.7902615376765012,6.198243938291908,9.099509079785737,0.9220885301145868,0.8321297997755871,0.0,0.0,0.821867791168188,0.7382193070678101,0.4180676873536186,0.3840211691389955
1297,12.407138661759346,14.482460967157028,0.0,0.0,2.273607882466163,2.767730124195941,0.7531976137063221,0.883507002983165,6.318560302553908,9.012746589242225,0.9292268019104152,0.8321078405093251,0.0,0.0,0.8304520552210306,0.7384488509961926,0.41690746379481425,0.3835319448227166
1298,12.641104051512404,14.512622418489077,0.0,0.0,3.0993036446021014,2.700505663891606,0.7547451169288749,0.9635553161944032,6.4824954749205865,8.914242413330712,0.936433336325779,0.8384741491458851,0.0,0.0,0.8392468730271503,0.7461618190456797,0.41541795759978867,0.3824675654017716
1299,13.13855944209858,14.512488024981117,0.0,0.0,3.4985215705973163,2.6761462713240918,0.7763367019619883,1.0393009561516584,6.743357562642187,8.814722623620858,0.9362781262246488,0.8448967521329842,0.0,0.0,0.8399733875630773,0.7540639695597924,0.4135957420387058,0.3811011041398251
1300,13.595258888294167,14.494617522811527,0.0,0.0,2.798586905470879,2.7078299692504055,0.8052461409215756,1.0232284188974956,6.989616399051365,8.731954390426713,0.9295625206755475,0.8447272021364571,0.0,0.0,0.8322617316953256,0.7547167434120159,0.414037304841213,0.37942941799872126
1301,13.899592004726445,14.531154409958583,0.0,0.0,2.650619344268645,2.7123378016232125,0.8446723504886613,1.0837266365582983,7.1393936540951675,8.647598989701766,0.9291189167497422,0.8387257396826353,3.637978807091713e-12,0.0,0.8317965592432301,0.7477878147469571,0.41397638277242094,0.37983450412272235
1302,13.722530159377653,14.514451809647205,0.0,0.0,1.5629291911179757,2.7024005671179916,0.8917754184414313,1.0758510258886886,7.224096758497663,8.563746777078476,0.9288270308092124,0.8383277994403695,3.637978807091713e-11,0.0,0.831596001286016,0.7473698569411207,0.41372423642683315,0.3797786147880647
1303,13.494582607192232,14.547944377861896,0.0,0.0,1.633233540512048,2.648809479691884,0.9486944805724553,1.0514649657178532,7.278748494016716,8.510861204167814,0.9353916575441035,0.8380623680283221,0.0,0.0,0.8396049606853921,0.7471896556285984,0.41233610440463053,0.37954729774674373
1304,13.2928796183728,14.593348570171374,0.0,0.0,2.360009744569922,2.585690141642546,0.9797158565996353,1.0075432519764638,7.2941932134236565,8.478945938654999,0.9424589827131548,0.8439128495958886,0.0,0.0,0.847611336992486,0.7543857116651725,0.4120484868295535,0.3782738369864934
1305,13.084745207031741,14.599681968724035,0.0,0.0,2.7276585745676316,2.5633911377405405,0.9939073978378637,0.9524327338254667,7.24896057842447,8.460612193963259,0.942479287764739,0.8502322023404997,0.0,0.0,0.8477008320023742,0.7615794469498511,0.4119108001594668,0.378009978545984
1306,12.94033275030265,14.592091707281005,0.0,0.0,2.8167282737292556,2.5451166600713533,0.9981781517237337,0.8856629160731906,7.185953733378928,8.448200270216146,0.9418203914007109,0.8502480841836026,0.0,0.0,0.8472814101733093,0.761659858279446,0.41126616884071154,0.3778836658862365
1307,13.003449492417257,14.571823383137856,0.0,0.0,2.7059398414774622,2.530062523120342,0.9967399188415865,0.8160899767004296,7.188831365060928,8.438408003668872,0.940813568490535,0.8496477427126674,3.637978807091713e-12,0.0,0.8467843777725648,0.7612830074358864,0.40998339992763705,0.37729228627962075
1308,13.040200235469639,14.554713809737002,0.0,0.0,2.4528027832073866,2.5178562411740204,0.9717237415849757,0.7749463793411508,7.247367915116408,8.440194691411715,0.940507689327638,0.8487254684661728,0.0,0.0,0.8465272905450547,0.7608364234331869,0.40981246936478327,0.3761154843934519
1309,13.032147881092582,14.561368640876669,0.0,0.0,2.7386751060824746,2.515884568374034,0.9355448607620847,0.749412168831102,7.299888024440087,8.444748591440133,0.9401860593116104,0.8484489057426569,3.637978807091713e-12,0.0,0.8463118125600886,0.7606054303556397,0.4095194037468218,0.37595867455004134
1310,12.911072592345262,14.490219394410365,0.0,0.0,1.8096307474969386,2.5018715696593237,0.8927393321583179,0.7680565081783042,7.390344849362089,8.433547335902837,0.9391279377872214,0.8481562239506121,7.275957614183426e-12,0.0,0.8462107440900581,0.7604118232133118,0.40729431633528745,0.37568981799293943
1311,13.248267827302692,14.476267215979906,0.0,0.0,2.073609479941632,2.446988374411008,0.8692118178720054,0.7838207855672361,7.627998432308689,8.414181064449297,0.9445518805339518,0.8471725177266298,0.0,0.0,0.8536062340535864,0.7603210130897065,0.4043941792423311,0.37364854053711943
1312,13.926126822904179,14.427374419589823,0.0,0.0,2.2167804518704,2.4310083759578087,0.8575516108307183,0.8747136230084512,7.963609774259186,8.393045843991452,0.9436826204147283,0.851979295981538,0.0,0.0,0.8537736011621746,0.7669658668667169,0.40200438558724727,0.3709879780297235
1313,14.718607257211737,14.387762132481166,0.0,0.0,2.1932942483509517,2.417529784363518,0.8476147161769546,0.932289738546828,8.32127296919992,8.374099207480949,0.9425843048577303,0.8511624582757654,0.0,0.0,0.8535588185714005,0.7671162463621988,0.3998781251870696,0.3687956004960126
1314,15.384724289454367,14.340159678268668,0.0,0.0,2.0429743630583515,2.4063334026875594,0.8472015410552066,0.9012930381513325,8.635427032139185,8.343942324201702,0.9410834672469564,0.8501450093028823,0.0,0.0,0.8532792399983009,0.7669232640320945,0.3969289998393606,0.36684498623935974
1315,15.92406505976511,14.30046469747753,0.0,0.0,1.8361992838361072,2.396762094267711,0.8540983058758991,0.8922715258356881,8.936795824586948,8.308907575131448,0.9391834853054688,0.8487541539893849,0.0,0.0,0.8527977539215499,0.766672062456469,0.39344835744591367,0.364139482290757
1316,16.222201308467287,14.312227870248543,0.0,0.0,2.30142720061666,2.3411587664799,0.8651589545372435,0.9336931752947123,9.143295199762088,8.28016359072799,0.9447390146256608,0.846997739714692,0.0,0.0,0.8598191574037628,0.7662394468314562,0.3914624149485462,0.36094636887108494
1317,16.357702575705968,14.334052464965511,0.0,0.0,3.150826277604308,2.3299836214178526,0.8774986910997677,0.9256202821376058,9.228300369584138,8.256571001789673,0.9439875265532169,0.8519396036870821,0.0,0.0,0.8598232630993152,0.7725481831329579,0.389636248982697,0.35912448129926816
1318,16.316869393409757,14.251570923519749,0.0,0.0,2.0080698640676613,2.355890351998506,0.896027000248265,0.9245943308136488,9.246243794203213,8.22397564706723,0.9358970779450191,0.85123810131173,2.546585164964199e-11,0.0,0.8523251747756149,0.772551872092171,0.38658134583777154,0.35744917128408776
1319,16.408796227474785,14.23094423678363,0.0,0.0,1.5295546253927772,2.353512709144186,0.9158258151490077,0.9910311644928156,9.232287768179344,8.195904285611293,0.9342917220397267,0.8439470305531842,9.094947017729282e-11,0.0,0.8514342960097565,0.76581483402208,0.3846565499901544,0.35464662746355197
1320,16.676259086445945,14.240985731309284,0.0,0.0,1.7207876226582015,2.303859898635601,0.9309202360191103,1.0509547058514854,9.20502583438859,8.168638501048735,0.9398439042315357,0.8424796045237647,0.0,0.0,0.8583433860585501,0.7650143787517474,0.3828226690397514,0.35288083589449426
1321,17.130859684551435,14.22893335883332,0.0,0.0,2.4232984124859733,2.2456806763533863,0.9514884375762849,1.08333751466771,9.22286749864591,8.125576789347372,0.9449244574502174,0.8474219926321946,0.0,0.0,0.8655443069037574,0.7712222013948213,0.3790979861118785,0.35119844770790914
1322,17.50641841792901,14.298904566022738,0.0,0.0,3.6514980178329637,2.179292588392604,0.9705655863863857,1.1388936579859104,9.277346498219103,7.950147534454645,0.9071371582991182,0.8519138168177645,2.1827872842550278e-11,0.0,0.8310351738782629,0.7776922346232553,0.3637009262349011,0.34778145363388663
1323,17.45403219687303,14.371197517849103,0.0,0.0,4.378918362825225,2.149243947182711,0.9843152138509433,1.1681890060557993,9.34439573280068,7.745851037100751,0.8660788554138137,0.8178423736990345,6.912159733474255e-11,0.0,0.792205211289911,0.7466857518784229,0.3500049813931355,0.333656314430621
1324,16.973701412132282,14.451074610042152,0.0,0.0,4.670205974675793,2.123590108401758,0.9960336851135623,1.2011975869176552,9.395595920023332,7.5302275229028055,0.8264491196699284,0.780868036098668,0.0,0.0,0.7553150112162257,0.7117969998008477,0.33543610603903745,0.32109176394778904
1325,16.383968102069645,14.48613305091023,0.0,0.0,4.161805679970736,2.154283206520217,1.034277540065382,1.198237623871248,9.331041309416182,7.430967998977755,0.8212961162207485,0.7451596374967442,0.0,0.0,0.7502667950593604,0.6786511262679469,0.33410634048254906,0.3077263949834761
1326,15.816985585568032,14.43710355866309,0.0,0.0,2.635007317209196,2.1895399349206484,1.06780553284896,1.1811519317509562,9.175528028412383,7.354305958690724,0.8150222206830285,0.7405252588976744,0.0,0.0,0.7444009982718853,0.674115300126486,0.33185595365898735,0.3065064782363423
1327,15.586617913049219,14.392745550863845,0.0,0.0,1.6015043496703611,2.2451298113727853,1.0984159154619575,1.172092690552802,8.972439680789787,7.313370808049624,0.808032388880953,0.7348730473776752,3.383320290595293e-10,0.0,0.7375554164591449,0.6688448771022103,0.3300429504359045,0.30444199141425954
1328,15.691405171571315,14.367090849890971,0.0,0.0,1.7267244657834044,2.2146669439435596,1.1277799995715958,1.138048130037862,8.768027289963086,7.2909662217339175,0.8121646579638675,0.7285866233638797,2.1827872842550278e-11,0.0,0.7432950378297392,0.6626941165851788,0.32729790464231884,0.30277875683107186
1329,16.02202688840587,14.312825517738268,0.0,0.0,1.706714894969539,2.173817969675011,1.1554366737456647,1.1017065219585604,8.638996532574831,7.2856948112538635,0.8162814580456705,0.7322441795311933,1.0913936421275139e-11,0.0,0.7493189717934001,0.6678511707862812,0.32378464642358723,0.3002604738168243
1330,16.391928249213276,14.283992716929154,0.0,0.0,1.5464917837975676,2.12396344434544,1.1813095826005178,1.0753596128155631,8.59432923345002,7.290456499451057,0.8212576562188548,0.7358771793647546,2.1827872842550278e-11,0.0,0.7551411642598396,0.6732636801604541,0.3228404558576585,0.29703743886356987
1331,16.545781310956855,14.244367391902223,0.0,0.0,1.8891582846976032,2.0664528798651154,1.2050075468786006,1.0599789759797307,8.576466221820711,7.296566912555816,0.8256479554482665,0.7403193702885261,3.637978807091713e-12,0.0,0.760481836838153,0.6784949246159966,0.3214994901631599,0.29617124656983995
1332,16.466738409010095,14.187295367718772,0.0,0.0,2.3828091504899165,2.0433186046087055,1.2241749199782395,1.0192062658876921,8.6034869730721,7.30734650793993,0.8243651198978209,0.7442313246661175,6.184563972055912e-11,0.0,0.7597353523487982,0.6832935230914949,0.3199688192552458,0.29494105498471507
1333,16.15398064133022,14.126343485593221,0.0,0.0,2.7035643652463985,2.023586838011932,1.2256017498915588,0.9970897262741141,8.68966471288732,7.307523595972328,0.8226121989449848,0.7430597324248923,0.0,0.0,0.7587931872476474,0.6826228061944031,0.3176849521769327,0.29353682974139883
1334,15.721070425995427,14.053212786155603,0.0,0.0,2.200187221913886,2.0488111934391053,1.2119968625249788,0.9527021951414436,8.824239068083497,7.30855275315444,0.8158376068281917,0.7414560710118492,2.1827872842550278e-10,0.0,0.7522555968334927,0.6817762701167435,0.31575705494547035,0.29144162836840865
1335,15.308190729692601,14.007996230856001,0.0,0.0,1.7909047960400446,2.044466773099305,1.1894256443693114,0.9650119186486922,8.951335160645943,7.336920107371469,0.8143181495204342,0.7353599662653029,1.4915713109076023e-10,0.0,0.7514105993268458,0.6759022400312904,0.3138409786144166,0.2896729913305541
1336,15.060369465572176,14.002000316211051,0.0,0.0,2.127906331477344,2.0480412875723206,1.1556969989333326,0.9254628730544724,9.040957530763647,7.374869655242262,0.8136508850809171,0.7339708741750565,0.0,0.0,0.7513362758127187,0.6751430091113856,0.3122844271506892,0.2879151982534441
1337,14.905911367935008,13.928229031625989,0.0,0.0,1.4012770961905425,2.0407589795958017,1.1191812614333494,0.9285359701729686,9.111145891212688,7.4088801739316015,0.8132782171190669,0.7333504267345654,3.637978807091713e-12,0.0,0.7519273912312201,0.6750762293760183,0.30988168186677284,0.2864872299479101
1338,14.942802650792096,13.912322734019812,0.0,0.0,1.4118441026838873,1.9971786511741565,1.0764126064463035,0.8599431404422854,9.187724934730587,7.442632412763386,0.8181989683524648,0.7329816469604712,0.0,0.0,0.7582708952213579,0.6756073470369585,0.3073675345140373,0.28428297066579206
1339,15.044381277607252,13.905705556667616,0.0,0.0,1.9864507043326955,1.9462750356547776,1.0367785029974563,0.891873805568127,9.280830282797663,7.482080701592468,0.8233172069980813,0.7373533538214209,0.0,0.0,0.7645829228822549,0.6813069903240744,0.3053918423533105,0.2819765120134106
1340,15.083082698188647,13.872232970288993,0.0,0.0,2.449129241955651,1.9283782126610114,1.024044466067682,0.8403281223939215,9.36541142886847,7.5241097045816785,0.8232026469477831,0.7419104654505698,2.764863893389702e-10,0.0,0.7651677357207518,0.6869783520917615,0.3036131323803602,0.28016402785220096
1341,14.985265528815267,13.821584791406915,0.0,0.0,2.1481880926512025,1.953605875368822,0.9981517290089299,0.8612803461023502,9.447728893443704,7.57730516098238,0.8176635092136947,0.7417827856638513,7.639755494892597e-11,0.0,0.7596374333061249,0.6875038069139774,0.3025303029776296,0.2785322541215138
1342,14.777707593475998,13.787083565251342,0.0,0.0,1.921185884861779,1.9499932473517034,0.991521540656028,0.8761963408241829,9.4954288483102,7.625692853111719,0.816682829985263,0.7368050051465547,2.255546860396862e-10,0.0,0.7592054875840404,0.682534825858248,0.30096157963271253,0.2775388749340633
1343,14.579108948429079,13.75510772506792,0.0,0.0,1.7652582183710985,1.9472124178659154,0.9945829048630429,0.8944296311240233,9.53520629133603,7.677445108585502,0.8159563833683137,0.7359043535346091,0.0,0.0,0.7589783648345474,0.6821467222886841,0.29956078059815355,0.2760997407133805
1344,14.486096350851327,13.710444287607361,0.0,0.0,1.691443973007314,1.9452354459061214,1.0099967501197815,0.9702260948374252,9.590918764701147,7.722574500865761,0.8150913413826091,0.7352338932641672,2.1464074961841106e-10,0.0,0.7588336048156634,0.6819426523212567,0.29756588346006085,0.2748146589056604
1345,14.508768932318105,13.66769263842234,0.0,0.0,1.7072791379035634,1.9437776437400367,1.0239538511242732,0.9566055819158675,9.660071657319865,7.772573945609201,0.8143929097053075,0.7344310515439806,7.275957614183426e-12,0.0,0.7586295367054845,0.6818125853314708,0.2961706221357872,0.27298455625843154
1346,14.666741498118778,13.643274566533254,0.0,0.0,2.299288146822906,1.9487233335604357,1.0339030093456472,0.8688256454211275,9.73191053335748,7.816296089174297,0.8134107556842146,0.7337859172011796,0.0,0.0,0.7583584060466819,0.6816292299754347,0.29415911585585947,0.2717045548493295
1347,14.66772986551314,13.577172447918628,0.0,0.0,1.9336498368922352,1.9418660943954602,1.0424461646571312,0.814991242302509,9.782777440784711,7.872937160478592,0.8128313765885449,0.7328781328225156,1.964508555829525e-10,0.0,0.7580102233969228,0.6813856188655608,0.29345416676642344,0.26985921509671185
1348,14.553382508746136,13.527615367138253,0.0,0.0,1.9921727591478764,1.9408367995137554,1.0347571507396705,0.8721840504487437,9.822173867600682,7.916693976808081,0.8116688460588543,0.7323493000364762,0.0,0.0,0.7575229682352074,0.6810727764850307,0.29148802421134407,0.26921250044321515
1349,14.433907904099675,13.480012867115983,0.0,0.0,2.1421818798438754,1.939786443076136,1.0517799160500938,0.9858415780966732,9.87630688391899,7.956850732516261,0.8102615635424941,0.731280675486894,6.912159733474255e-11,0.0,0.7568640469107777,0.6806349773441218,0.2892760201747933,0.2674087768872494
1350,14.398340871647202,13.43443079883149,0.0,0.0,2.2739280039791425,1.938521185721685,1.0695974236253827,1.0572979750124272,9.946086260853013,7.99466174617925,0.8087343850403353,0.7299895033236431,4.001776687800884e-11,0.0,0.7560976405875408,0.6800429360189575,0.2869976714966924,0.2653795020973084
1351,14.382450155643378,13.406679887704575,0.0,0.0,2.363730318299277,1.9371418902626527,1.0837658168099777,1.0283072900453654,10.002540897984805,8.046252723013822,0.8078153816708359,0.7285901320215106,9.458744898438454e-11,0.0,0.755434115879325,0.6793543196752755,0.2861555301398539,0.2632893632824269
1352,14.256052826602232,13.350749109920748,0.0,0.0,2.9658618483944164,1.9793498718982463,1.0956518438585503,0.9864723438734637,10.010519852758694,8.102623350271525,0.8015523732540332,0.7277552338254066,2.6921043172478676e-10,0.0,0.7490075115711079,0.6787581422094604,0.28543642843762884,0.2625167894528543
1353,14.011367839228607,13.283231478714809,0.0,0.0,3.9892550553596324,2.032854880503629,1.1080172695325823,0.9736423729944627,9.974926845431092,8.153455024676743,0.7947902890110056,0.7221332117898454,0.0,0.0,0.7422513193232589,0.6729838328949134,0.2841735076833856,0.2618570912386926
1354,13.771839110484136,13.209366096945741,0.0,0.0,5.276607297758321,2.0966511411850624,1.1258095572150966,0.9888536219850547,9.945471223524342,8.201969074741532,0.7876719150781609,0.7160566842182512,7.275957614183426e-11,0.0,0.7352340328816354,0.6669133888931531,0.28259151207264493,0.26069849774919357
1355,13.567335107955751,13.129223883757348,0.0,0.0,6.608195332827068,2.1731652540104154,1.1414252828934919,0.9712952902660621,9.916123313439913,8.252019983750543,0.7804235219158391,0.7096566061932337,2.6921043172478676e-10,0.0,0.7278971706728044,0.6606083515597059,0.28147217000273483,0.2592471881491995
1356,13.514793138323471,13.05120547727778,0.0,0.0,7.973659479693977,2.2708909161822786,1.1616355562765517,0.9771475110878484,9.906654682060456,8.286243717049398,0.7725787237289803,0.7031464195672964,0.0,0.0,0.7203831093956978,0.6540161751863177,0.279152395755591,0.2582203128047215
1357,13.53293860072838,12.936080590167165,0.0,0.0,8.741144560630955,2.368251551831956,1.1731712198570798,0.9470707492617423,9.926683859786236,8.2960316944222,0.765105403746842,0.696085412648328,4.94765117764473e-10,0.0,0.7127336673947866,0.6472647852286314,0.2782031599471793,0.2560921699402907
1358,13.577065717716035,12.841268969948436,0.0,0.0,9.274541051730198,2.4831104422575274,1.152455919061508,0.9180114448690054,9.95688474730343,8.291244215663596,0.7574924081718256,0.6893761944433249,0.0,0.0,0.7049868096164573,0.6403917556210537,0.2771071033098224,0.2552213486324088
1359,13.61072498764131,12.723605362408279,0.0,0.0,9.482041561089675,2.6056473463069985,1.121945921631236,0.8974995578951326,9.997464772772108,8.294962921432472,0.7492905531377466,0.6825399427561272,2.546585164964199e-11,0.0,0.6972854483519768,0.6334311979252851,0.27427966847371865,0.2542158353692302
1360,13.659480625203706,12.610398225278493,0.0,0.0,9.38976117649938,2.731215242556586,1.0842946462111647,0.923119775315825,10.0552796541029,8.299916960558704,0.7409805122418549,0.6751520559895429,1.0913936421275139e-11,4.3655745685100555e-10,0.6894275857121102,0.6265115188320022,0.271554273730635,0.25162196938607045
1361,13.653960148176226,12.506749104804086,0.0,0.0,9.07467782881856,2.856180170171181,1.0637379281410537,0.9379256037374467,10.07077110310419,8.31521664122291,0.7329234315216767,0.6676686648377004,1.8189894035458565e-11,4.1576900652476716e-10,0.6814512635246501,0.6194512230672252,0.26981647821096433,0.2491217137197725
1362,13.586250580976861,12.390424183562654,0.0,0.0,8.621665632213018,2.9799364286090184,1.0645803007952148,0.9038025708740557,10.06173766378276,8.321218978961442,0.7244340580459465,0.6604257331416132,3.637978807091713e-12,1.9798524120227008e-10,0.6734098477863881,0.6122844913654515,0.2670653129128368,0.24752747449321189
1363,13.557845743968223,12.27805573968775,0.0,0.0,8.114344208881828,3.1007686159751886,1.0784821252749712,0.9361207752567118,10.066997162693267,8.3309104149618,0.7156487197011226,0.6527813392649058,3.128661774098873e-10,1.8855737257359053e-10,0.665063472410111,0.6050592730706263,0.2642795256459749,0.24500357745087967
1364,13.603492230397375,12.168738779896362,0.0,0.0,7.6191693018755045,3.218644521568539,1.0964781955274219,0.980569579954633,10.090469602207495,8.346461250911037,0.7067299811500812,0.6448713085226349,3.7471181713044643e-10,0.0,0.656479941228099,0.5975600482919341,0.26172763136808047,0.2424479186156001
1365,13.69392276357285,12.061807692361171,0.0,0.0,7.1852351488159645,3.3347977472299597,1.1154656642164955,1.0094678518725728,10.120681582749445,8.368113275107609,0.6977633967850854,0.6368450716125931,7.639755494892597e-11,0.0,0.6477511840112129,0.5898477388761866,0.2594073273929098,0.2401068307647636
1366,13.749514978522557,11.985474174371966,0.0,0.0,7.013201663500831,3.4611545737569918,1.125393750509463,1.0395156531496608,10.123111806974936,8.401766146922391,0.6888747618789611,0.6287792773064198,1.2369127944111824e-10,2.0736479200422764e-9,0.6388487456606526,0.5820049437124293,0.25772217157552857,0.23797820291840943
1367,13.668003349022317,11.862622643196724,0.0,0.0,6.586819991419156,3.570643219904333,1.1291928931770716,1.092708098375314,10.086688738743081,8.4376903066445,0.6799541231788755,0.6207924040921284,3.637978807091713e-12,1.974902780992644e-9,0.6299687500359141,0.5740060958607736,0.255884707644168,0.23643225434182383
1368,13.558120882834375,11.774530896476628,0.0,0.0,6.344027461939465,3.691542188008833,1.1282427489864753,1.148706666563755,10.03152222717848,8.440793627148897,0.6711051943503095,0.6127748271824526,3.637978807091713e-12,0.0,0.6209788258875051,0.5660274128729622,0.2544945572764618,0.23474657975107058
1369,13.507236033030994,11.684150729883733,0.0,0.0,6.198299939155976,3.8170301874708037,1.1236335977339027,1.3046125423794217,9.977776017798826,8.4307393496866,0.6622293092084371,0.60482806578873,6.584741640836e-10,0.0,0.6120426122015488,0.557949959069991,0.2528863357799082,0.23347126662510678
1370,13.557053870373045,11.597194782432696,0.0,0.0,6.104957744872963,3.9484015388292626,1.1238963769594483,1.4041235431234884,9.918410309832323,8.414514859070637,0.6535137326030539,0.5968542058633209,2.837623469531536e-10,8.949427865445614e-9,0.6031037042921525,0.5499207640907495,0.2516865522229182,0.23199589711583618
1371,13.682730727930066,11.507092071051067,0.0,0.0,6.04478696189058,4.084211568557347,1.1547549249813525,1.5041852797346156,9.820852861844118,8.389408159472765,0.6447665037856455,0.589030096236404,0.0,8.523264633757727e-9,0.5940301052050927,0.5418891483856035,0.2507031681371245,0.23089522544693875
1372,13.921738427961431,11.399874838627355,0.0,0.0,6.009188153264775,4.224858924743685,1.2146688584044556,1.5415617188642998,9.737337016566483,8.342242315373662,0.6353498454902294,0.5811811079353472,3.637978807091713e-12,0.0,0.5847975465912896,0.5337365125768708,0.24835711317630285,0.22999307677240527
1373,14.167599483316106,11.41334078417718,0.0,0.0,5.577463060944457,4.30134142451466,1.2791595913412899,1.6636839370847656,9.659830907642078,8.15106510993909,0.6062534070490807,0.5727126154618365,7.275957614183426e-12,0.0,0.5575820867452421,0.5254410514244873,0.2380029623753444,0.22784082467167008
1374,14.320028719202424,11.461559892235229,0.0,0.0,5.099710519129211,4.374946780114867,1.3541419393776117,1.7552233545553233,9.61684827659664,7.908973589541047,0.5789365174358224,0.5464999074818302,3.637978807091713e-12,0.0,0.5322548106378235,0.5009879395669801,0.2277549291971809,0.21834200989750213
1375,14.317196838503015,11.542412420995266,0.0,0.0,3.9836587927461626,4.334319286400881,1.4333741089153709,1.826172657536932,9.595621016040223,7.658145483061837,0.5611166815498722,0.5218825421580001,0.0,0.0,0.5172117169586272,0.4782313621950047,0.21758669571977407,0.2089405466212986
1376,14.226114717449542,11.674625278950437,0.0,0.0,2.7719497893718192,4.273564815728309,1.5200486898084118,1.782318464579963,9.565613423596304,7.390830096956428,0.5434014646840843,0.5057719043757622,0.0,0.0,0.5019583419743867,0.4647151308331098,0.20814171793067546,0.19961229027955874
1377,14.114191991076241,11.853280960662186,0.0,0.0,1.3544233487155044,4.12171677404169,1.5976255984195813,1.615243039680098,9.603334975453246,7.092742345057991,0.5319221877369285,0.4897662197519318,3.637978807091713e-12,1.0913936421275139e-10,0.4939019194935099,0.4510099618505699,0.1974895129556671,0.19094754337682646
1378,14.118110995726267,11.959150270667596,0.0,0.0,1.6577037676136703,4.000247945526474,1.6613660009263695,1.4928125239735102,9.609862833337234,6.934083256467007,0.5386697659286626,0.4793301777641774,0.0,1.0394225163119179e-10,0.5017793055085349,0.44377126006589374,0.19591489297399675,0.18117529648096856
1379,14.215423915099763,12.076121753394895,0.0,0.0,3.193912225195938,3.8652218737161035,1.706584824825145,1.4264977294369283,9.545608391964883,6.839235836891853,0.5449577773050622,0.48535353312449875,3.637978807091713e-12,9.899262060113504e-11,0.5088709412684693,0.45084909753799446,0.19501113859935232,0.17973075242041872
1380,14.31771617987826,12.163892864651338,0.0,0.0,4.832937327275833,3.720718553414578,1.7505347783421321,1.3970500054535815,9.456628581864836,6.77892959962505,0.5507521322508263,0.49097534379731744,4.001776687800884e-11,0.0,0.5158148755926959,0.4572209376856544,0.1930360725256378,0.17890165555059845
1381,14.380960842015536,12.162484081603523,0.0,0.0,5.281887365639705,3.682485524928554,1.735701400280447,1.4116160810947078,9.295222383708895,6.773145457489756,0.5450537041884197,0.49614112150420314,8.731149137020111e-11,9.899262060113504e-11,0.5103848348953761,0.4634600677641183,0.19128737741507393,0.17708974570970318
1382,14.36223199254923,12.137961590464062,0.0,0.0,4.885769351739716,3.678297006416282,1.6835176895479564,1.456445652569384,9.0213150552899,6.81874160513676,0.5390395892821606,0.49101105340411355,7.676135282963514e-10,0.0,0.5043491406777321,0.4585811722762072,0.1902514733480757,0.175485506520615
1383,14.291691953733778,12.074321940440337,0.0,0.0,3.953515327784952,3.7072907320174737,1.6432224473107087,1.3787782440863785,8.713733753769741,6.888246535576842,0.5329721018567022,0.4856076484871985,4.874891601502895e-10,1.455191522836685e-8,0.49820304103559465,0.45315809643868293,0.18934886125994127,0.17453517668749652
1384,14.268811528225235,12.044859521419397,0.0,0.0,3.2615408721795895,3.7166325808867713,1.6067955069190796,1.2671447893163772,8.459013432176324,6.9738548923958685,0.5333401550006577,0.4801583015516645,5.093170329928398e-11,1.3265011160552096e-8,0.4988637564547389,0.4476358211317047,0.1886443040009226,0.1737071276278653
1385,14.275443255865873,11.94953702719903,0.0,0.0,2.4344643407722106,3.7082318632921476,1.538633465231356,1.2415593442530706,8.312305247033677,7.068380632954951,0.5344122617976831,0.480478607963686,3.2741809263825417e-11,5.656721177207716e-10,0.5002685083782126,0.4482294744311215,0.18795713629642705,0.17306077245269094
1386,14.305865643409406,11.919528097647708,0.0,0.0,2.217173675170603,3.648936085718743,1.4525803434345794,1.2046878306479416,8.257226188511389,7.132741337235806,0.542034931348097,0.4814301315485902,0.0,0.0,0.5084620201541838,0.44949164509973644,0.18779840484482974,0.17243037014524282
1387,14.347696511638006,11.997652700493811,0.0,0.0,2.7854092233807,3.513998807630367,1.3596228292924921,1.169911415970564,8.252001194853914,7.05834812462401,0.5306414373899639,0.4882593325225802,3.637978807091713e-12,8.978922503504311e-11,0.4987983056489611,0.456853521770292,0.18105409511251766,0.1722847510416313
1388,14.451390337443888,12.0056572102316,0.0,0.0,3.5395967547353173,3.4175827431041625,1.2935376818705213,1.0159511319997567,8.274157668671005,7.060893038275919,0.5377689102352677,0.4779595704446651,3.637978807091713e-12,8.5513547652422e-11,0.5061575430772791,0.44817066657452603,0.18165886271140153,0.16609757554459906
1389,14.444095005010041,12.070113297832673,0.0,0.0,4.360643940796172,3.3084016325153303,1.2294424633656877,1.0505723058341827,8.35216062051801,6.916330435786983,0.5186850641727226,0.48435580558797,1.0913936421275139e-11,1.6288294790937524e-10,0.48844500791528844,0.45478294729618507,0.17451552950524274,0.1666523844874916
1390,13.990657453125586,12.052882144126057,0.0,0.0,4.35457728571393,3.3081269346645774,1.1860942625886115,0.9277689390072328,8.444707143032648,6.885875870148768,0.5129044106316033,0.4671584871372214,5.52245182916522e-9,1.5512661705654784e-10,0.4822523229231592,0.4388682205148671,0.17465288855489688,0.16009914780051573
1391,13.423983488377807,12.030367006158459,0.0,0.0,3.8182407285114826,3.329618063260782,1.1305125050195513,0.9632029564864445,8.540437501115374,6.85037962256987,0.5053671789834674,0.4619789332299484,2.841261448338628e-9,6.368723263256571e-8,0.474547788982818,0.43330408824768984,0.1737825697969356,0.16022515987233485
1392,13.154082296402311,12.04480136233594,0.0,0.0,3.3491706754570156,3.311631071225932,1.093708696887485,0.8702812147092893,8.61622517773739,6.827779237760089,0.5028045982959827,0.4552121678299793,0.0,6.073207057763848e-8,0.4720470841839415,0.4263815585271888,0.17315892810081548,0.1594267364289661
1393,13.342280276587651,12.036783566562155,0.0,0.0,2.928809809997815,3.2953776451364862,1.043695146041191,0.9095074612528724,8.684629577540417,6.817893292439608,0.5005119805566756,0.45290728524453394,0.0,7.386981764597516e-11,0.4699205752440321,0.4241346733099383,0.17229885560584535,0.1588546125356313
1394,13.928124931953336,12.00251517985939,0.0,0.0,2.6921189487134103,3.2919528333662087,1.02071059514081,0.9259399699255092,8.75117751044275,6.805983333706172,0.4983163941735746,0.45084125745234677,2.9467628337442875e-10,0.0,0.4681581012373499,0.4222240033652334,0.17072557203885025,0.1580655889289272
1395,14.689446977330183,11.965231212880157,0.0,0.0,2.5539448858426708,3.2116890647367753,1.0062349468148224,0.8925209848899921,8.822885750963266,6.81954379394152,0.502190103543706,0.44885286899528815,0.0,0.0,0.47259506162481557,0.4206404190868404,0.16984936804437892,0.1566222711996878
1396,15.300766086161953,12.064662337694013,0.0,0.0,3.2173850136841504,3.0727140708137926,0.9962302944620065,0.84367049815044,8.88877839352075,6.729045576644596,0.4879657024127731,0.45231350273968496,2.9103830456733704e-11,0.0,0.459866893979779,0.42462703141532987,0.16319609846004823,0.15581844868964467
1397,15.585797423313672,12.167127020671213,0.0,0.0,3.992061564200833,2.970225372136999,0.9902372574632933,0.7900175960940066,8.931949846265935,6.622217536086858,0.46987175482660715,0.43947824246453654,0.0,4.653798511696435e-10,0.44276673067724914,0.41319076288455414,0.15728028544358494,0.1497147924107638
1398,15.597460462096212,12.264950767221277,0.0,0.0,4.365019745525907,2.9171314734294875,0.9657662030949618,0.8087940699314355,8.97422208876965,6.493756649650551,0.44824663059087,0.42318395513976365,1.0913936421275139e-11,7.386981764597516e-11,0.4218873592599266,0.3978262525801735,0.1514466834656787,0.14428767322869082
1399,15.510648594224316,12.374679585490298,0.0,0.0,4.424227917314457,2.8706180165771937,0.9530401215477451,0.7317171629185582,9.00394894977853,6.340641729209447,0.4276758117659081,0.4037255612790267,2.546585164964199e-11,0.0,0.4019901671945263,0.37906612109102045,0.14598118183021142,0.13893597327932378
1400,15.538266319638565,12.459400454193817,0.0,0.0,4.250589303174177,2.832432064453711,0.9346856306616675,0.8287708914454208,9.069973218141527,6.153169775501548,0.40779916049123494,0.3852170947849251,1.7898855730891228e-9,2.9547927058390064e-10,0.38312276271790324,0.36118847868500403,0.13970362910374662,0.13392196600912928
1401,15.628199010399374,12.54874165780744,0.0,0.0,3.9218223252491353,2.802219000298621,0.9252859453334067,0.7395991131566357,9.135722838912406,5.960440278758018,0.3890950970388325,0.36732035782266076,1.4551915228366852e-11,2.2105542930558068e-8,0.3651127947287023,0.344236101251315,0.1344903032380216,0.12816298945585444
1402,15.763486359824308,12.625057802169373,0.0,0.0,3.494005047435775,2.7800904903738894,0.900479102135231,0.7405303430419913,9.198917020480543,5.756444595591071,0.37117032926026133,0.35048854138265195,6.439222488552332e-10,7.682461035181416e-9,0.34800557998278236,0.3280541308821692,0.12907180026643347,0.12338032603167925
1403,15.932498554362498,12.6895246458047,0.0,0.0,3.0076383010881615,2.763587840832253,0.865941545603077,0.7547446689174493,9.252937800083618,5.545622751890522,0.35391197554948844,0.33435255498067634,2.9103830456733704e-10,1.280410172530236e-8,0.33161419913813006,0.3126832850448963,0.12363538881452314,0.1184094349097156
1404,16.114762735018857,12.807545133697316,0.0,0.0,2.831822322861075,2.708479670796642,0.8434625531729334,0.6587159794704708,9.276461924845199,5.334724909821845,0.34037904465972213,0.3188136219480278,5.493347998708487e-10,5.360168173857607e-10,0.3190696164583642,0.2979556165405062,0.11854313095484485,0.11342211473776548
1405,16.26037202954334,12.886626674036968,0.0,0.0,2.7423654570303557,2.6297247795929404,0.8095048323079713,0.6763741766424042,9.283290497345188,5.136436745188704,0.32732544204792646,0.30661794237645684,2.9103830456733704e-11,0.0,0.3069345139883808,0.2866842991754598,0.11372400421453221,0.1087505181295595
1406,16.38096894175365,12.974462485121647,0.0,0.0,2.833406124257973,2.5524245662258,0.7927624120173773,0.6253283251122437,9.268017248762575,4.93921463786608,0.31435177692794697,0.2948554685791499,3.2741809263825417e-10,0.0,0.294908126566952,0.2757809001486963,0.10884041778001574,0.10432948990676066
1407,16.516736546768904,13.052620031282707,0.0,0.0,3.048927020496072,2.473629441265587,0.7655548788668678,0.6425808258832499,9.25763341501113,4.759445338970896,0.3015273904566996,0.28316379519037566,1.6007106751203537e-10,3.6196210646527827e-9,0.28297997823574406,0.2649751815568432,0.10412059889054034,0.0998493268156326
1408,16.67908618976931,13.094799486706428,0.0,0.0,3.0504524166935227,2.4345326712466497,0.7466284800384738,0.5989235186132108,9.23182190585399,4.593661959011323,0.2868949093763959,0.2716080817633549,6.984919309616089e-10,3.4472581568121737e-9,0.2689469568467757,0.2542577309834247,0.09988104639494395,0.09551940281602324
1409,16.878339275683256,13.116900039711727,0.0,0.0,2.907543821959299,2.401928463567336,0.7168980931413617,0.644076133968,9.213575552655842,4.4358520599458915,0.27261163176767095,0.25843825857458225,3.2741809263825417e-11,0.0,0.25535064573705313,0.24164905032881148,0.09546281735158572,0.09163007132075242
1410,17.098321106915346,13.13902584362012,0.0,0.0,2.664730710153234,2.3747194971227543,0.6969932464523408,0.6132747772697356,9.186973409003075,4.289852744541582,0.2590781888624205,0.24557908866634193,8.36735125631094e-11,0.0,0.2423915506387857,0.22943275441291766,0.09147592100196107,0.0875768233763525
1411,17.323222660002383,13.16249328880552,0.0,0.0,2.5966667848814993,2.3087953052284824,0.687346096340406,0.6157671693519814,9.164894741873853,4.1413010154910515,0.24794869750409457,0.23339771295088807,3.637978807091713e-12,0.0,0.2320947391945083,0.21778899740995636,0.08723868770339323,0.0839192767954489
1412,17.545957182976128,13.19884293213439,0.0,0.0,2.6375720442569595,2.2383173207806544,0.6834488595840615,0.6388022064040164,9.155255081072122,4.000965612939525,0.23740920397700493,0.22336727600116377,1.356966095045209e-9,0.0,0.22237112110269663,0.20853730438417867,0.08315175664124581,0.08003207274812076
1413,17.70975039458997,13.259121569693487,0.0,0.0,2.7556779136855116,2.164868529851016,0.6800130361995598,0.6432520978170583,9.148533993618733,3.869547916358814,0.22741677089584786,0.21386759660956656,0.0,0.0,0.21306835365248844,0.19980062596693474,0.07950009029248122,0.07628275521225839
1414,17.802181426335743,13.302906302206715,0.0,0.0,2.697802181008971,2.1296643032294944,0.6793418723099646,0.6565340292931006,9.143250544956304,3.7377631681540855,0.21636086918979427,0.20486399446458717,3.8562575355172157e-10,0.0,0.2026493925786781,0.19144208218406428,0.07579742346581497,0.07293274571148668
1415,17.874844684199026,13.331182048773877,0.0,0.0,2.521935216813096,2.1007556347407093,0.6890911221478256,0.7908694855977808,9.155451784669955,3.5967716179890514,0.2055531896263626,0.194906661543768,1.2732925824820995e-10,0.0,0.19262147200242907,0.18208063750327982,0.0717571061929675,0.06953594869228541
1416,17.96856733101291,13.40464125089367,0.0,0.0,2.295019742512197,2.083678824958741,0.7008376574724773,0.7588950077124246,9.161003220198353,3.4692960782589988,0.1953391854806278,0.1851672811732032,3.637978807091713e-12,0.0,0.18295225741348986,0.1730705431434261,0.06845340671977737,0.06582939399018932
1417,18.087459133475893,13.437294141296295,0.0,0.0,2.1646365658552202,2.0193617861418645,0.7101519158026657,0.7497709872201551,9.157066387599865,3.347278300729252,0.18688488135175346,0.1759697482031924,0.0,0.0,0.17510017342647188,0.1643827463289873,0.0653137668786485,0.06279860660902234
1418,18.219731073193003,13.490529861965854,0.0,0.0,2.148166396199246,1.9574408038976292,0.7174735918639423,0.7496534989927944,9.138722099154151,3.2330061778520403,0.1788729490182917,0.16835139694030876,1.8189894035458565e-11,0.0,0.16761855424920213,0.15732764228787952,0.06244639430669849,0.05991832627744564
1419,18.34776250584604,13.538054015769966,0.0,0.0,2.1998520148064844,1.8927891777886456,0.7233816248605452,0.7793731702695397,9.105999832977773,3.1245272325523645,0.17117655227571588,0.1611331173597042,1.2369127944111824e-10,0.0,0.16042906942675472,0.15060540162794248,0.05969862420413392,0.05728782165995102
1420,18.463512867683303,13.585628976497292,0.0,0.0,2.306356005076531,1.8282938126226957,0.7349871898189004,0.9332459546932117,9.049874604179266,3.020891733605456,0.16372342890802702,0.15419920640698123,7.275957614183426e-11,0.0,0.1534503957718698,0.14414564391021928,0.057081846596429384,0.0547670393416612
1421,18.567610401750628,13.609966228301523,0.0,0.0,2.268947050827444,1.7936769368576073,0.7713562967602137,1.3372222710968407,8.948543394884588,2.921104251407388,0.1556769671975921,0.14748505430317838,7.421476766467094e-10,0.0,0.14578082768275635,0.1378753001908465,0.05461930424282855,0.052366428559673946
1422,18.666328451251708,13.628182941395611,0.0,0.0,2.141248839138391,1.7650090658025634,0.828838604943159,1.769927881401985,8.803948861368852,2.8252078011445447,0.1478663006320572,0.14024122087413776,4.911271389573812e-10,0.0,0.13833567963047244,0.13098418728714004,0.05222722090811658,0.05010731197136915
1423,18.76481077435398,13.631749222887189,0.0,0.0,1.9526274515194422,1.7410462679772685,0.9017202640315412,2.106959013597045,8.623660310164302,2.730650448295318,0.14032594479772748,0.1332096695338978,5.238689482212067e-10,0.0,0.13117922419587558,0.12429471595815779,0.04983354214525662,0.04791283379441393
1424,18.8660200424556,13.650010293773443,0.0,0.0,1.8765809029952267,1.6885961532100167,0.9860034982988225,2.3487969788427674,8.414344259770063,2.63681872507851,0.13380347122763192,0.1264203563265737,7.275957614183426e-11,0.0,0.1250781134222052,0.11786463517769719,0.04752719700661601,0.04571689259088165
1425,18.951304918256856,13.670295817964352,0.0,0.0,1.8707618213351616,1.632447430960635,1.0793426728096132,2.494941888366077,8.181949552604323,2.545065775269913,0.12758711676985784,0.12054436134191371,2.546585164964199e-11,0.0,0.11926754563501163,0.11238278239265806,0.045318041924224416,0.04360106963153916
1426,18.95608832542612,13.706353599910486,0.0,0.0,1.9117464428430035,1.5740813029844614,1.1805497963436042,2.543345761867403,7.935519785257973,2.4581663755237666,0.12161423216664322,0.11494399496693139,3.2741809263825417e-11,0.0,0.11368570920603815,0.10716198270740279,0.04319237187053204,0.04157440848859133
1427,18.469554854704764,14.032344272420604,0.0,0.0,1.8538831524166264,1.5437496734452045,1.2868158437512855,2.5264561458487274,7.680491861763233,2.376139538004786,0.11533616621322287,0.10956293154858723,5.020410753786564e-10,0.0,0.10775449818720517,0.10214669832903864,0.04112662589111551,0.0396243358303554
1428,17.567012213261652,14.836050786676344,0.0,0.0,1.7386440455704757,1.5164411342389594,1.3960352806439573,2.457731925919026,7.421139470162373,2.3021841538370498,0.10911450892131877,0.10390920918086378,3.637978807091713e-11,0.0,0.10180386029787769,0.09681750061103524,0.03926767227110304,0.037729237045356474
1429,16.868713328196897,15.374995320230974,0.0,0.0,1.607304431468873,1.4969498722435686,1.503173683847417,2.354215546485104,7.154020563804734,2.2835194033538673,0.10814262860088487,0.09830886845334985,8.731149137020111e-11,0.0,0.10076284149545245,0.09147084784128967,0.039264206275834115,0.03602384782021041
1430,16.733691804586165,15.096205844196037,0.0,0.0,1.4695683169040237,1.4787545212794446,1.6058155186178347,2.2163781072616966,6.886304894685431,2.287269559898961,0.10706304206102711,0.09743799966053232,8.36735125631094e-11,0.0,0.09959025271382416,0.09053549163926207,0.0392972841269966,0.03602066811544457
1431,15.992853145749939,14.886984407083427,0.0,0.0,1.343463882510714,1.468600431829357,1.7016807703368684,2.0594731799265884,6.6239676594227115,2.3081435632928495,0.10611292128626329,0.09647118496240702,2.9103830456733704e-11,0.0,0.09857469710368605,0.08948191970674718,0.039280798805793896,0.036051013489861755
1432,11.745374921715754,17.04251098814381,0.0,0.0,1.1746526462787572,1.4537669518955865,1.78920996246731,1.8910575529625,6.3720306690283,2.3414739063930883,0.10569549333304878,0.09561972317350884,5.4569682106375694e-11,0.0,0.09815973856348137,0.08856944220283428,0.03919442608414556,0.036035889993966605
1433,5.438885009717912,18.99952143855458,0.0,0.0,0.9908228971508231,1.4617479318473112,1.8309352276961675,1.5493496778147264,6.162995346832058,2.412857369094274,0.11207753743621181,0.09524453470201061,1.1641532182693481e-10,0.0,0.10445111778972205,0.0881966016326971,0.04063666312879377,0.03595665238931225
1434,3.7878898022519865,18.15803597177201,0.0,0.0,0.7929170327840405,1.4780224687572734,1.8363530550006004,1.326058654849171,5.991253896965826,2.4989614613766706,0.11951892468843803,0.10098263015260733,3.2741809263825417e-11,0.0,0.11184288069307513,0.0938494107543126,0.042141943440651634,0.03727974910868624
1435,6.9712069088057405,16.177601816140893,0.0,0.0,0.6429420885082642,1.4948853774273265,1.7867045169349056,1.029425564829099,5.9032691226928735,2.617480177976615,0.1267811033975112,0.1076711305851594,5.093170329928398e-11,0.0,0.11899296468982357,0.10049091548047173,0.04375068608624133,0.03866068115518833
1436,7.881115506741682,14.720114680492815,0.0,0.0,0.5809496036687234,1.5077510184900145,1.7009468883342642,0.8844910803801259,5.883393693345355,2.7707132630522477,0.13354601759875917,0.11420077157297948,6.912159733474255e-11,0.0,0.1255436919946078,0.10691527152069431,0.0455337261472323,0.040136528792610454
1437,6.384391099653086,14.5473312415972,0.0,0.0,0.588257292008421,1.5151346932611736,1.5946844137864244,0.834041035690507,5.89530006793744,2.9502357395232948,0.13978439558760383,0.12028720758675851,4.984030965715647e-10,0.0,0.1314741002770461,0.11280110510117575,0.04747881849975784,0.04177227545841183
1438,3.7362213607095405,14.49456892362089,0.0,0.0,0.6018556264204808,1.517631774519572,1.4791548855039371,0.8318272197939983,5.902475150514778,3.1451861771386516,0.14577892997380645,0.12590386450360896,2.1827872842550278e-10,0.0,0.13710177500797727,0.11812958156807472,0.04954391702287921,0.04355668783889229
1439,2.6709438244550565,13.557198916391803,0.0,0.0,0.5988397382893746,1.5179212707334693,1.3613723517544947,0.851873692199338,5.888288948710192,3.342753369569195,0.15199625163660369,0.13130351943276367,8.294591680169106e-10,0.0,0.14299548054441402,0.12318605169810629,0.051528177296017934,0.04545119231067134
1440,2.465907143653559,13.343983483254073,0.0,0.0,0.5735713647626677,1.5201110341326713,1.2455808172950704,0.8860612329348555,5.858061122293686,3.5397537265138177,0.15928038864302252,0.1369018154181249,7.312337402254343e-10,0.0,0.1500233923561609,0.12848155071421552,0.05350910158301758,0.04727153679381295
1441,2.304886071999271,13.252368359724468,0.0,0.0,0.5344411207192151,1.522624074631075,1.134536270490709,0.9257306435567236,5.823069485357856,3.736724735747831,0.16720726083847323,0.1434563011260071,1.8189894035458565e-11,0.0,0.1576741526114347,0.13479613495426815,0.05565186138280751,0.049088820867345694
1442,2.0858730295554144,13.165903655305637,0.0,0.0,0.49287678801496304,1.5245370274738173,1.0302180043800486,0.9725358027120262,5.788955133478852,3.930527864154578,0.17550838074039748,0.15058903366614096,1.8189894035458565e-11,0.0,0.16570149875587958,0.14167034900624614,0.057846391591624524,0.051054571518626496
1443,1.8631686430064327,13.072922821072959,0.0,0.0,0.45057489509584014,1.5251979819721577,0.9530565681324432,1.0259940586529686,5.745043896276945,4.120191487152738,0.18420245582336384,0.1580579599041539,1.7462298274040222e-10,0.0,0.17409331844646658,0.14888292577150197,0.06018356257031883,0.05306781607321476
1444,1.9541790216360484,12.957069524365114,0.0,0.0,0.45074898619255876,1.5254593461246395,0.8934650313949097,1.1548611063671363,5.692065893384328,4.320989785619729,0.19332725881604415,0.16588099732356335,7.639755494892597e-11,0.0,0.18288064613807364,0.15642298230201868,0.0626904958462319,0.05521191792360035
1445,2.3179033657175117,12.83316588888163,0.0,0.0,0.501968897076022,1.5248606053152964,0.8709529831602798,1.4738120389103573,5.592447540821031,4.529159501559499,0.2028506395215231,0.17409233168409374,1.9281287677586079e-10,0.0,0.1920391849016596,0.16431840308295953,0.06534013633745418,0.05751175844530003
1446,2.702139134627687,12.725165165363052,0.0,0.0,0.7391623695056834,1.5283756333845508,0.8780743471123009,1.7958780793298856,5.445309273594924,4.738281079331321,0.21266002085207833,0.18266279369182845,3.019522409886122e-10,0.0,0.20158220538178284,0.17254735779822297,0.06774141231346677,0.059942518433541835
1447,2.875265913077218,12.595438046056636,0.0,0.0,0.7027894081852469,1.5213869425863498,0.9062986252468058,2.040740260552879,5.257432888312757,4.941989133206705,0.22294959502749384,0.19148668219896003,6.184563972055912e-11,0.0,0.21147936592933547,0.181121768638479,0.0705903655540169,0.0621454293157172
1448,2.8259795544330477,12.513601739901485,0.0,0.0,0.7483625942609273,1.5184272072496565,0.9474072349529977,2.1748373157640786,5.038806406983424,5.14836075591611,0.23367502791545203,0.20074659580747284,5.820766091346741e-11,0.0,0.2218089784764743,0.19001437558593723,0.0735173159093165,0.06475903642716788
1449,2.5839468700059642,12.446016887987152,0.0,0.0,0.8016045050938949,1.5151875493879166,0.9966626579938556,2.2310740796295203,4.798304045658557,5.358982311300739,0.2448822262476609,0.21039826975884882,3.637978807091713e-11,0.0,0.232617158213543,0.19929554002614602,0.07652818067003864,0.06744419651240682
1450,2.250429209689017,12.384142938836316,0.0,0.0,0.8370891151158162,1.511645923312719,1.0457970000442574,2.155336947486221,4.558039763278045,5.560724406218388,0.25664791388758584,0.22048294711366095,3.637978807091713e-11,0.0,0.24397504325315822,0.2090066979432494,0.07965130239028895,0.07020634004692689
1451,1.9840445323476843,12.327410462954852,0.0,0.0,0.8624339752217169,1.5080340304901745,1.0879679161534714,1.970967629957667,4.331828563060372,5.732139148528887,0.26907530120660944,0.23106976863198764,1.8189894035458565e-11,0.0,0.25594901055410446,0.21921176692967206,0.0830157919663634,0.07307146649145226
1452,1.9509680945272527,12.266738242906621,0.0,0.0,0.8762513646134542,1.504362996844116,1.1198283401689781,1.7336760913746243,4.134714996521931,5.896556572573203,0.28216537623200655,0.24225280755128065,4.729372449219227e-11,0.0,0.2685738973414118,0.22997038592233415,0.08651798200949087,0.0761580223299588
1453,2.147238527678331,12.201651820229799,0.0,0.0,0.887989074682423,1.5008368546712256,1.1413017891954516,1.4890244190854112,3.9718102557306874,6.0620010845064805,0.2959357958786673,0.254031725268141,0.0,0.0,0.28186772362460033,0.24131385607249833,0.09015864717832756,0.07937090342266383
1454,2.4404105827473206,12.12920382434152,0.0,0.0,0.9005721944921292,1.4974777585190768,1.1548332854151633,1.279564223620126,3.8387626693643617,6.232711594204983,0.31039696848871073,0.26642237421941956,2.546585164964199e-11,0.0,0.2958852292940719,0.2532583694056799,0.09379876935533958,0.08271082039666036
1455,2.7127080811772295,12.06069547746478,0.0,0.0,0.8937892941731187,1.4943083794688672,1.140332119363639,1.0263041480404331,3.756731307461322,6.4141313435167735,0.3255542731567569,0.2794324950910859,1.4551915228366852e-11,0.0,0.3106124863552395,0.2658531091170304,0.09749599012698126,0.08605023931191641
1456,2.885879033769885,11.99073137604944,0.0,0.0,0.8842079677135867,1.491193582046997,1.1078557081128526,0.8444878631362921,3.7087617579736847,6.601009071214569,0.3414638737323225,0.29306761856047153,6.912159733474255e-11,0.0,0.326086865266916,0.2790855613093212,0.10131600744541629,0.08944203998885054
1457,3.0198620909910034,11.915110353384733,0.0,0.0,0.8658218444197114,1.4882618557536642,1.0448691259943759,0.6882151514941237,3.7048583156396555,6.78737012383022,0.3580229750826238,0.3073788902386171,5.4569682106375694e-11,0.0,0.34232227827669703,0.29298930284919283,0.10486137745836004,0.09294649310365491
1458,3.1319444816643283,11.848788014494414,0.0,0.0,0.854133632780008,1.4853340098049914,0.9658070928054362,0.6201353416822108,3.7334619646419296,6.987700352929783,0.3755073094602323,0.32226969136288885,3.4011463867500424e-8,8.731149137020111e-10,0.3593438988482376,0.3075768340719262,0.10898486967744248,0.09619898707066733
1459,3.2212070326730005,11.782851556497093,0.0,0.0,0.8567971307034377,1.482436022349863,0.8804713386658216,0.6035569496126428,3.772573432281634,7.195677494461147,0.3938419666139297,0.33799690204750055,2.6670022634789348e-8,8.01628630142659e-7,0.37718206261342857,0.32287077340163084,0.11333660621796753,0.09998184573260196
1460,3.361673690691185,11.699777619389126,0.0,0.0,0.8976054798307115,1.4795144945923013,0.8015711507362022,0.5424403647898,3.814041185284511,7.39290495188629,0.41295515483824224,0.35448938267675006,7.639755494892597e-11,7.625203579664229e-7,0.39587991379448795,0.3388983774190309,0.11752043976068763,0.10397409394993547
1461,3.699156301088374,11.620899521910092,0.0,0.0,0.9629266293455623,1.4765662217853022,0.728686131098732,0.5275439792332708,3.881390447479133,7.597786651909393,0.432926110473203,0.371678428027514,1.6807462088763714e-9,1.3858966884158905e-9,0.4154425358701701,0.35569841128063834,0.121788819352264,0.1078123094708289
1462,4.114297714881447,11.545521004936896,0.0,0.0,1.0250651065478074,1.4735814002706917,0.6587848562530073,0.5489642285807362,3.9582697768724473,7.8139549516488715,0.45393717677874057,0.38963793629101134,2.1464074961841106e-10,3.2222098005669456e-9,0.43595889036623703,0.3732754425156882,0.12648638809173463,0.1117280869425202
1463,4.49754681236375,11.466501037744102,0.0,0.0,1.0816359549531418,1.4705723612039037,0.5940013411540341,0.5621082379078967,4.023111950732166,8.030177258332172,0.47592110247264313,0.4085351646164082,1.0913936421275139e-11,3.5637343416408616e-9,0.4574731668308232,0.3917094029887576,0.13122193950919156,0.11603759881325894
1464,4.833998610899222,11.389954469151682,0.0,0.0,1.1616992201334584,1.4675973839966017,0.5472530148940044,0.5363570813117542,4.073939028693082,8.249475095795743,0.4989651166074828,0.42830560867653045,1.8189894035458565e-11,2.828360588603858e-9,0.48002943680330645,0.4110399971331744,0.1361540575723666,0.12038195537759475
1465,5.125401633231396,11.311657727102792,0.0,0.0,1.2494472573442559,1.4646656637148836,0.5118838071747558,0.5424040650151685,4.111122040196562,8.467425144319865,0.523081035743272,0.4490292247110203,5.820766091346741e-11,5.387353502102587e-10,0.5036990162116126,0.43130682313393637,0.1410711558813773,0.1249066409871441
1466,5.3894719266806375,11.20361166755701,0.0,0.0,1.5338815974104185,1.4946458123161828,0.4880054953970088,0.5231547500880004,4.14045023268715,8.683050083254658,0.5449355212270607,0.47071444600470885,4.853063728660345e-9,1.71027095304844e-10,0.5250202088300284,0.4525739586219665,0.14597432176612984,0.12941754770803898
1467,5.782592175895279,11.083934140441146,0.0,0.0,2.200945808539787,1.5319511736359503,0.4801118902038583,0.5013573538074256,4.193399387494938,8.893435612730999,0.5661964846021558,0.4903708870028229,4.147295840084553e-10,1.7957845007008622e-10,0.5457698147656629,0.4717310668128067,0.15071087706762681,0.1339156728078778
1468,6.237294054141774,10.93632573744913,0.0,0.0,3.605667786015225,1.6148035445454636,0.4718405389814672,0.5077526211700641,4.257610831807836,9.119139212054437,0.5840930170637542,0.5094932213710637,2.0372681319713593e-10,0.0,0.5628329785049573,0.4903746039155304,0.15615278060245144,0.13826095058891483
1469,6.695729128578383,10.769203343065637,0.0,0.0,5.459996812994062,1.7164390779509837,0.46417474450328977,0.5194054359590707,4.303969775969382,9.341224009446908,0.6023643901180468,0.5256043544818109,7.275957614183426e-12,0.0,0.5803464170912775,0.505705869879213,0.1613719140730609,0.1432533092809714
1470,7.1612473115010635,10.588526052714066,0.0,0.0,7.466911936854802,1.8396702968123242,0.46183841464594877,0.5087896653558497,4.332512818661312,9.5665589890962,0.6201037701880516,0.5420495194974345,7.275957614183426e-12,0.0,0.5972646718219039,0.5214417080490766,0.1667441081265224,0.14804130063688706
