iter,rho,price_mean,imb_mean,primal_res,dual_res
1,1.0,124.27384507531994,-0.04775971866198584,3.1461448723185783,Inf
2,1.0,124.33395950176396,-0.12090700702230635,8.004694023350813,1.4242788689781978
3,1.05,124.49827834188243,-0.2098126720933022,14.127487109526262,2.6111567668203053
4,1.1025,124.71829001582988,-0.2762035624570895,17.635954405916998,2.4234780400315357
5,1.1576250000000001,124.94076125675493,-0.31293144311495186,19.347648432831782,2.665421392731276
6,1.2155062500000002,125.15538408064701,-0.33825405033543354,20.92684666655072,3.624660931295587
7,1.2762815625000004,125.36519017380402,-0.37049041163554003,23.124879911181,4.837192447850178
8,1.3400956406250004,125.57071551740339,-0.40664555949046405,25.10390972732298,5.2997848606850475
9,1.4071004226562505,125.76829989266115,-0.4380210930667316,26.496545396500537,5.19765918100413
10,1.477455443789063,125.95464148718028,-0.46285398707222264,27.620583413871525,5.282439437295216
11,1.5513282159785162,126.12805761272556,-0.4826312691549317,28.68892710386045,5.761100833293281
12,1.628894626777442,126.28823214585708,-0.4994720827139996,29.75310481169766,6.478639026943341
13,1.7103393581163142,126.43506180023059,-0.5130070150614567,30.616317554502913,6.963507168600497
14,1.79585632602213,126.57609851903524,-0.5235634824492714,31.25774140232525,7.2656041954830695
15,1.8856491423232367,126.72642145914655,-0.5314630975521322,31.49974167817995,6.23321479206687
16,1.9799315994393987,126.88524815296704,-0.5347884875263884,31.447809710961362,4.780150950871037
17,2.0789281794113688,127.05119779908765,-0.5321641147078732,31.180565521058533,3.6294955887356486
18,2.1828745883819374,127.22251838830307,-0.5232262391593749,30.647284217118788,2.834109995190257
19,2.2920183178010345,127.40247277147108,-0.5081780019239951,29.80797394263947,2.4084975777441713
20,2.406619233691086,127.58892335878222,-0.4868449438524149,28.62139064751965,2.31706606988878
21,2.5269501953756404,127.77918266371957,-0.45935271787677207,27.083844462788505,2.4491853676423863
22,2.6532977051444226,127.97056501621293,-0.4272437805987114,25.283294548724626,2.5773828013486684
23,2.785962590401644,128.16091144005716,-0.39290907410802184,23.36022904231221,2.5752639939502733
24,2.9252607199217264,128.3486619531755,-0.35834549230684604,21.43275359057473,2.4776457998246975
25,3.071523755917813,128.53294530352554,-0.3252223538079322,19.597074445402427,2.3591781384621964
26,3.225099943713704,128.7133709729827,-0.294419174728537,17.901817133219012,2.284090452947309
27,3.386354940899389,128.88989018687522,-0.26633805663894367,16.36538722786612,2.297204615399404
28,3.5556726879443583,129.05062357805,-0.2409774769557625,14.981726733951586,2.3907498578478945
29,3.7334563223415764,129.19621784091106,-0.2191571070785045,13.797309162312825,2.569843367907985
30,3.9201291384586554,129.33047686837196,-0.20106796412239644,12.82270897149676,2.8398102477350142
31,4.116135595381588,129.45654550572456,-0.18615696023000655,12.024870979054178,3.1326177921899467
32,4.321942375150668,129.57651223835535,-0.1735320084172577,11.350300484749587,3.366161788552159
33,4.538039493908202,129.6913489414061,-0.16226784025554267,10.743551188587263,3.4973517644331453
34,4.764941468603612,129.8011200919189,-0.15163840742656776,10.161365557074198,3.5254196356626237
35,5.003188542033793,129.90528094664938,-0.14116670109501436,9.576764752921166,3.4864251718523867
36,5.253347969135483,130.0030632016686,-0.13066252860302127,8.981089340009603,3.4216744531040275
37,5.516015367592257,130.09389658714332,-0.12023416558785563,8.38322476134858,3.354097778875558
38,5.791816135971871,130.17774054324406,-0.11022768613837305,7.804553281612551,3.2847927962629995
39,6.081406942770465,130.2547949084211,-0.10075998596270905,7.255203587305247,3.253764381762279
40,6.385477289908988,130.3258565347291,-0.09221397227157488,6.760087906918879,3.2739739599350854
41,6.704751154404438,130.3919924844703,-0.08475221753361861,6.329565987785943,3.3297752564978595
42,7.03998871212466,130.45429656554782,-0.07838033646888258,5.961701885112397,3.4021214282001084
43,7.391988147730893,130.51358231819023,-0.0728653418317802,5.642397664643413,3.4902644606035285
44,7.761587555117438,130.57034330353554,-0.06795596971175445,5.355871493309483,3.5788504278569095
45,8.149666932873311,130.62480038226988,-0.06344747319879349,5.088869596450229,3.656169279141193
46,8.557150279516977,130.6769700625895,-0.05919088265251394,4.831902340669572,3.7193453478424083
47,8.985007793492827,130.72675984749043,-0.055103318852060115,4.580266606322514,3.7688166686820117
48,9.434258183167469,130.77406863890673,-0.05118004112384202,4.332543821281185,3.8085018394904533
49,9.434258183167469,130.8181308089075,-0.048222011724058225,4.1580056383489294,3.8292617388876327
50,9.434258183167469,130.85992815825745,-0.045839592316824926,4.028425036156332,3.845775570181126
51,9.434258183167469,130.90099702733718,-0.04376685130905538,3.9216838007135104,3.8247989226716617
52,9.434258183167469,130.9413020904044,-0.04170181335049212,3.8143740091922202,3.745804993542005
53,9.434258183167469,130.98063426247427,-0.03950991003776859,3.6947933894789373,3.6260715014553773
54,9.434258183167469,131.01876761568687,-0.03718997460543476,3.559819962184853,3.49013440100254
55,9.434258183167469,131.05539926421022,-0.03468487426527426,3.4088670999230986,3.369333991979171
56,9.434258183167469,131.0902699432224,-0.03205581628351069,3.2456144907664735,3.2697033641003252
57,9.434258183167469,131.12327885834546,-0.02946052368511743,3.0751017447827844,3.17423329051222
58,9.434258183167469,131.15442619433574,-0.026989379159242766,2.9030890394175937,3.0911024864022973
59,9.434258183167469,131.18384338226622,-0.02474776122365055,2.7368892184409335,3.015528226070498
60,9.434258183167469,131.2115120567394,-0.02259882667471998,2.556652390296116,2.937018645852147
61,9.434258183167469,131.23666923951836,-0.020547526185159714,2.359510349530009,2.8920724039203396
62,8.985007793492827,131.25883917441283,-0.019013026532293933,2.1917352078388337,2.8403242160574584
63,8.557150279516977,131.27945456102537,-0.01802313744536911,2.065734290815109,2.768396287881539
64,8.149666932873311,131.29919329790437,-0.017591802599614435,1.9860725308127796,2.683018004617325
65,7.761587555117439,131.3186431173039,-0.017670898512981915,1.9525657445984477,2.594255835981858
66,7.391988147730894,131.3382845263499,-0.018191469146607207,1.9615643033535302,2.5130439238056717
67,7.039988712124661,131.35843358032972,-0.019024001375910208,2.005543200372125,2.442405630993825
68,6.7047511544044385,131.37929004614665,-0.02007428107229034,2.0752262984416174,2.3838397518850805
69,6.7047511544044385,131.40103018577216,-0.02092481426249756,2.1290074233264544,2.3494322120634967
70,6.7047511544044385,131.4234528459831,-0.021581738124331937,2.1689860725671997,2.3223085046298735
71,6.7047511544044385,131.44637680917197,-0.022064240623670836,2.196285762210951,2.301805219699285
72,6.7047511544044385,131.46965368663302,-0.02240391947217167,2.2123260194446415,2.2872297284763135
73,6.7047511544044385,131.49316774987267,-0.02263221001888656,2.2186296082637824,2.277743570190887
74,6.7047511544044385,131.51683254869977,-0.02277729253578031,2.2168792137305573,2.2727710180878926
75,6.7047511544044385,131.5405709005797,-0.022848087111770048,2.208060226991192,2.2716407369601144
76,6.7047511544044385,131.56434293707352,-0.02288050844393186,2.194319412699895,2.274511962816389
77,6.7047511544044385,131.5881138380493,-0.022879415511564045,2.177175245015799,2.2805349292684
78,6.7047511544044385,131.61184124204593,-0.022837549809410076,2.1594618584509,2.288358206012246
79,6.7047511544044385,131.6353018006814,-0.022580712010080776,2.1341392032172837,2.2642395285065744
80,6.7047511544044385,131.65885386023547,-0.022008525581549785,2.0981992510735727,2.2137874225921648
81,6.7047511544044385,131.68136218114702,-0.02103319055573379,2.0467462787469572,2.1758520288849645
82,6.7047511544044385,131.70253360146967,-0.01978390657096037,1.9875907082233983,2.1646979435741263
83,6.7047511544044385,131.72220217490593,-0.01837955192969988,1.9273154246971116,2.1845799342798458
84,6.7047511544044385,131.73758857651487,-0.016915319151115236,1.8707169415674818,2.233871110197621
85,6.7047511544044385,131.74972841471407,-0.015701353992437224,1.848228427307329,2.3529887307291526
86,6.385477289908989,131.7591517255109,-0.015055600943719237,1.9012346121276134,2.5393664495042967
87,6.081406942770466,131.76676748682763,-0.015030667849009078,2.027075966665614,2.750558852975899
88,5.791816135971872,131.7731303857715,-0.015512805681679767,2.2128676135496073,2.9764562129654113
89,5.516015367592258,131.77855925541058,-0.016349900470690345,2.446367264421387,3.2113578300538377
90,5.253347969135484,131.78324023383917,-0.017414568306463627,2.7154424385793194,3.462710833800129
91,5.003188542033794,131.78724322800187,-0.0183963389799955,3.0067592218266377,3.7464005389709
92,4.764941468603613,131.79069117419502,-0.019142810962880615,3.3121436196764718,4.057172176334093
93,4.538039493908203,131.79422530378693,-0.019652373905958587,3.6019693271868003,4.253294166210388
94,4.538039493908203,131.7977899585095,-0.019505268617997777,3.7721272825650436,4.322385549716586
95,4.538039493908203,131.80133762330496,-0.01905436494877508,3.8700792624268012,4.403581796054819
96,4.538039493908203,131.80485757494114,-0.0185015417458635,3.91684543624918,4.4997329989173585
97,4.538039493908203,131.80836542113406,-0.018015527540019814,3.926954586795879,4.605232143498263
98,4.538039493908203,131.81184926109668,-0.017484735841239198,3.9079180421182365,4.712562136679121
99,4.321942375150669,131.81516320443555,-0.017182901755285505,3.9438828530306913,4.789562437036365
100,4.116135595381589,131.81832619296543,-0.01698581335372966,4.008255127098007,4.855655155501579
101,3.9201291384586563,131.8213854673782,-0.017080809002081764,4.092211191530263,4.90383516419816
102,3.9201291384586563,131.824424565271,-0.017285062439398924,4.073717767079839,4.813928131729149
103,3.9201291384586563,131.82745762569513,-0.01774948615227347,3.976354865541924,4.542384763942601
104,3.9201291384586563,131.83049954025407,-0.018295326047483053,3.8624182730292187,4.290997623703986
105,3.9201291384586563,131.833547295956,-0.018794023418838682,3.7548659847608086,4.063259694730634
106,3.9201291384586563,131.83676932414707,-0.019473714357598915,3.6659814713348466,3.859076523210486
107,3.9201291384586563,131.84017503461547,-0.019984346864309138,3.5881562637504008,3.667174551799456
108,3.9201291384586563,131.84374132508398,-0.02031710022290851,3.5195697594183435,3.4860277750492847
109,3.9201291384586563,131.84737352951117,-0.020692610998607464,3.4622016990166586,3.314076321738647
110,3.9201291384586563,131.8510950481032,-0.021201432379341658,3.4190582688180635,3.155280809422608
111,3.9201291384586563,131.85493452294588,-0.021873427268042502,3.3900987681244854,3.009044043040571
112,3.9201291384586563,131.85887623152783,-0.022455851258877453,3.3687577183771693,2.8752828133667143
113,3.9201291384586563,131.86288384709718,-0.022831322320291215,3.350487411579729,2.752428668018164
114,4.116135595381589,131.8671752935663,-0.022605919975798344,3.2800446623304698,2.643939057988752
115,4.321942375150669,131.87165624583056,-0.021825403418701456,3.1752622283319485,2.54140086682635
116,4.538039493908203,131.87626015305267,-0.02073442527424161,3.0501356847791525,2.4448195631307956
117,4.764941468603613,131.88093966181583,-0.0194867395167903,2.9132071758378397,2.3548632868208577
118,5.003188542033794,131.8856254402963,-0.018042393263160376,2.7667799471905465,2.2742342488613514
119,5.253347969135484,131.89023498117572,-0.016411320926603305,2.611962146231012,2.203164325682482
120,5.253347969135484,131.89453907003235,-0.014877496999925821,2.4905672876183513,2.1337720441265002
121,5.253347969135484,131.8985563985463,-0.013481827477084115,2.3899375433982972,2.07103946920863
122,5.253347969135484,131.90231264874845,-0.012238514480312684,2.3021527872786125,2.011577002915524
123,5.253347969135484,131.9057979530326,-0.011024976406232451,2.220466625006103,1.9579678796800486
124,5.253347969135484,131.90899082770778,-0.009805768051822235,2.1415409457100467,1.908650099380435
125,5.253347969135484,131.9119240572096,-0.00874598168565463,2.067183657457156,1.860695283633756
126,5.253347969135484,131.91461841327992,-0.0077997428292260395,1.9967384925451126,1.8192976910376317
127,5.253347969135484,131.91705843056994,-0.006857739337354474,1.92788571858188,1.7846412175275097
128,5.253347969135484,131.91921652804473,-0.005888733517290381,1.860415963082009,1.7566238931554747
129,5.253347969135484,131.9211000109965,-0.004989710099053695,1.7962250002150855,1.731902091486709
130,5.253347969135484,131.9227426298194,-0.004224868449706558,1.73675504553461,1.7109086794676367
131,5.253347969135484,131.92413978280973,-0.003488856730604459,1.6794520642185757,1.694530130241093
132,5.253347969135484,131.9252796935824,-0.002846492402227094,1.627148967189286,1.6828646607885247
133,5.253347969135484,131.92621180968194,-0.0023276044571927065,1.5823017209933739,1.6762599471763047
134,5.253347969135484,131.92698579670537,-0.0019327373985058966,1.5453862873460176,1.6741918986236801
135,5.253347969135484,131.92764392771343,-0.0016434311868067158,1.5157843779512663,1.6766360359757944
136,5.253347969135484,131.92823081387937,-0.0014655243658801393,1.4926845961428616,1.6847953233818143
137,5.253347969135484,131.92873669376684,-0.001263242080702298,1.4743073598145455,1.6989268263193016
138,5.253347969135484,131.92917168634236,-0.00108622805465438,1.4596528401622335,1.7173930990776052
139,5.253347969135484,131.92955105567702,-0.000947330224941635,1.4472371059074376,1.7384554591270385
140,5.003188542033794,131.92988281319623,-0.0008698597683881519,1.4592402970680127,1.7599741188884113
141,4.764941468603613,131.9301490969998,-0.0007330988207700371,1.48768891973646,1.7834163544623878
142,4.764941468603613,131.93035745329777,-0.0005736201533796207,1.502624229424579,1.8088567865756888
143,4.538039493908203,131.9305057262734,-0.0004286166836384966,1.5312333086460495,1.8311499006281973
144,4.538039493908203,131.93061125241795,-0.00030504726779533676,1.5435141598944826,1.8546723530411813
145,4.321942375150669,131.93069024682623,-0.0002397688262031868,1.569031864974007,1.8735682891243859
146,4.321942375150669,131.9307290725164,-0.00011784619192184801,1.5779546652826713,1.8946774908515593
147,4.116135595381589,131.93072159034452,2.384587974868266e-5,1.6006360310521732,1.9091226037492406
148,4.116135595381589,131.93067824762272,0.00013813440056904055,1.6068179288787836,1.9250369355897752
149,4.116135595381589,131.9305741883066,0.00033163979153841717,1.6018267423513284,1.9393816296289683
150,3.9201291384586563,131.93041141053453,0.000544715916182713,1.6156143769474076,1.9465648272060163
151,3.7334563223415773,131.9301929378302,0.0007676468093566294,1.6422556901250893,1.9515289495830073
152,3.7334563223415773,131.9299121240004,0.0009866946127851525,1.650887856626248,1.9587864917171038
153,3.7334563223415773,131.9295709694863,0.0011987134729285526,1.6477126229387689,1.9637757141726784
154,3.7334563223415773,131.92917465764225,0.0013925195985139242,1.6367117046690205,1.9669882907867402
155,3.555672687944359,131.92871573400052,0.0016931443852456695,1.6475504506124279,1.9631613267990125
156,3.555672687944359,131.9281709236878,0.002010013078778192,1.646422073824165,1.9640491832179092
157,3.555672687944359,131.92753383042046,0.002350480102152335,1.6389881649475297,1.963146565627247
158,3.555672687944359,131.9267849247572,0.0027629986856747358,1.6261631489768689,1.949918723195438
159,3.555672687944359,131.92589080017112,0.0032987666899044954,1.6069992086020595,1.919854033518872
160,3.555672687944359,131.92484518343963,0.003857679005842396,1.5845886768825015,1.8845729150738342
161,3.555672687944359,131.92362705237974,0.00436325259655642,1.5602957821235497,1.8465806079106402
162,3.555672687944359,131.9222689859965,0.004722806074975298,1.5326996976783291,1.8075706201948674
163,3.555672687944359,131.9207804366758,0.005025799031186029,1.5029304567363315,1.7712002297234746
164,3.555672687944359,131.91920499005647,0.005319190961928882,1.472954196961513,1.739052351775194
165,3.555672687944359,131.91751344603293,0.0057111714048546525,1.4458143623520328,1.7133946070203956
166,3.555672687944359,131.91566745704702,0.006232624964554439,1.423829714172898,1.6945304597582023
167,3.555672687944359,131.91363018206675,0.00687846514708771,1.408696381503159,1.6825497229782291
168,3.555672687944359,131.91139106578936,0.007559943269091847,1.4003200818033272,1.676305523331348
169,3.555672687944359,131.9089905549343,0.008104860861739165,1.396146121284537,1.6736987446435008
170,3.555672687944359,131.90645977327716,0.008544695042279591,1.3957034494714577,1.6763077119305525
171,3.3863549408993894,131.9039105683323,0.009037242597524486,1.4224364122726152,1.6787887659451393
172,3.3863549408993894,131.90124592355872,0.009446490876755842,1.4446240031562383,1.6898593280071186
173,3.3863549408993894,131.89848394123598,0.00979156436644997,1.4645634951565265,1.7048272444781043
174,3.3863549408993894,131.89563967949647,0.010083254938858458,1.483051128624442,1.723425372180148
175,3.3863549408993894,131.89272513128566,0.010332429056523375,1.5002499644873053,1.7453296768427764
176,3.3863549408993894,131.88975384948841,0.010533556543187573,1.5160262974473162,1.7700806354767058
177,3.3863549408993894,131.8867570976787,0.010623850845645648,1.5290566092159281,1.7972192676171506
178,3.3863549408993894,131.88378580261497,0.01053360357465313,1.5375704729935524,1.8260180959720262
179,3.3863549408993894,131.8809331501023,0.01011300125349853,1.5185325943958097,1.8223952458950676
180,3.2250999437137042,131.87838929343974,0.009469196398538137,1.4960268841511468,1.7925583212882064
181,3.2250999437137042,131.87611769925041,0.008455732523232612,1.4370303333217191,1.760061271929368
182,3.0715237559178132,131.87419287481114,0.007304049136067804,1.3750330354959532,1.7052563707886523
183,2.925260719921727,131.87260936834164,0.006125541384518238,1.3131080494530178,1.660411257232057
184,2.7859625904016445,131.8713312994669,0.005040005020757792,1.2569839396957285,1.6243849610745071
185,2.653297705144423,131.870334702165,0.004126536746361165,1.2106501047009164,1.5951098325381745
186,2.526950195375641,131.86955646690444,0.003383500249404668,1.178131029530522,1.5723450309956042
187,2.4066192336910865,131.86894512797778,0.0027907867861560395,1.1611213001519527,1.5545443772452416
188,2.2920183178010345,131.8684699024733,0.0022778947165600213,1.1595811156458742,1.54075930187649
189,2.1828745883819374,131.86811968287782,0.0017626401082918007,1.1725714446972286,1.529946896829986
190,2.0789281794113688,131.86788971386574,0.0012152953174219938,1.1989187861105957,1.520877649566694
191,1.9799315994393987,131.86778138681518,0.0006010889205635491,1.236740802049455,1.5129795194998763
192,1.8856491423232367,131.86776554375325,9.230606177717723e-5,1.2840933928913318,1.5047466740798348
193,1.8856491423232367,131.86780305407527,-0.00021854551386999433,1.3177538001895466,1.5009749879859893
194,1.8856491423232367,131.867859805136,-0.00033064738026675753,1.3416559249103694,1.499025504335673
195,1.8856491423232367,131.86789817435724,-0.00022354969830945412,1.3579944498583092,1.4987766856860543
196,1.8856491423232367,131.86785693277108,0.00024028489102169025,1.3684501931292012,1.501155507820082
197,1.8856491423232367,131.86763978883056,0.0012651406724491288,1.3739661054910348,1.505444728964649
198,1.8856491423232367,131.86715684101284,0.0028137875983576025,1.378267093656083,1.5115751607024486
199,1.8856491423232367,131.86634192228186,0.004747941982193786,1.3855701209975777,1.5181513874312718
200,1.8856491423232367,131.86514223240917,0.006989725104899661,1.399832560901415,1.5246553824079196
201,1.8856491423232367,131.86355488022488,0.009248352982563348,1.4216865970984889,1.528389544347761
202,1.8856491423232367,131.86159577893554,0.01141426611691074,1.4510789081969464,1.530657192350091
203,1.8856491423232367,131.85929336302678,0.013414512070769281,1.4890491940118822,1.533739873202105
204,1.8856491423232367,131.85667226194178,0.015271260075882696,1.532203701369948,1.5349296147032097
205,1.8856491423232367,131.85419434541987,0.016984737878916276,1.5791709838886445,1.5370693427902846
206,1.8856491423232367,131.8518774383829,0.01868365590706393,1.641891097792049,1.5401142018495517
207,1.8856491423232367,131.84972684128277,0.02040296957491024,1.723076133547143,1.5468999616049923
208,1.8856491423232367,131.8477201761506,0.022397023453823946,1.8289111435731262,1.5604195861426446
209,1.8856491423232367,131.84584403924072,0.02463547850570565,1.955119883087829,1.5789423357746728
210,1.9799315994393987,131.8438621983363,0.026692382100024472,2.0638880600292273,1.6056435962673363
211,2.0789281794113688,131.84167126010718,0.02810343330857043,2.138537876894737,1.6358110146453786
212,2.1828745883819374,131.8393293154946,0.02860991495698516,2.167145653719692,1.6704542656108203
213,2.2920183178010345,131.83685833904562,0.02874876906329087,2.170272701228389,1.7055959660990005
214,2.406619233691086,131.8343064005573,0.02827688404904629,2.139324685929096,1.7424230133968532
215,2.5269501953756404,131.83166663208908,0.027045851690182556,2.069300188412621,1.7818528922297414
216,2.5269501953756404,131.8290609598439,0.0259189490242742,2.012390488331446,1.8132870843626354
217,2.5269501953756404,131.82647901683006,0.02493486541928574,1.962816352004995,1.837500687301133
218,2.5269501953756404,131.8239032888678,0.024150334134178504,1.918982545745185,1.8545599110280804
219,2.5269501953756404,131.82134504924008,0.023287729526669014,1.8699756926827975,1.8711638553688226
220,2.5269501953756404,131.81889617578005,0.022292166130559506,1.8136265629791684,1.886427132988115
221,2.5269501953756404,131.81657622933628,0.02111853976266625,1.7489338792493017,1.9005577530296969
222,2.5269501953756404,131.81437538245697,0.020034372972511705,1.6864318553400566,1.9119889141182804
223,2.5269501953756404,131.81227612805495,0.019109573706210133,1.629354717385738,1.9224669073832517
224,2.5269501953756404,131.81025745824567,0.018376009820981733,1.581280367519461,1.9325933868512495
225,2.406619233691086,131.80839223478574,0.017828142414355014,1.5591476416373105,1.9378513261796706
226,2.2920183178010345,131.80665396781023,0.01744540289828626,1.5528086875733236,1.9397093797432587
227,2.1828745883819374,131.8050153905662,0.017267153225124402,1.5589386093284712,1.9381730817187652
228,2.0789281794113688,131.8034787767599,0.01700230699905745,1.5653069419215595,1.9322548042607304
229,1.9799315994393987,131.8020529710681,0.016565050562824406,1.5681508343008757,1.9217469900345705
230,1.8856491423232367,131.80074895294254,0.015907625158593428,1.565116705164417,1.9067591347815669
231,1.79585632602213,131.79955210440352,0.015330284475280918,1.5644103209479265,1.8864131848245913
232,1.7103393581163142,131.79844069451613,0.014947706953906102,1.5703848534233837,1.8602410051274734
233,1.7103393581163142,131.7973470453167,0.014708837783253603,1.5581270673535599,1.831018859943246
234,1.7103393581163142,131.79626978048495,0.014488479183564076,1.5337219796451864,1.7964977678504093
235,1.7103393581163142,131.79518346440176,0.01418467219078333,1.5001594913757774,1.7577190663075903
236,1.7103393581163142,131.79408077504584,0.013979094862132838,1.4696732813733022,1.7126104366606407
237,1.7103393581163142,131.79294541237851,0.013974080946334509,1.447267546260141,1.665767627203403
238,1.7103393581163142,131.79177942919333,0.013932970179527162,1.4283186050414785,1.6177374919860963
239,1.7103393581163142,131.7905738679086,0.013986320890257807,1.4178664040333762,1.569922462886988
240,1.7103393581163142,131.78933463960004,0.013958163992876502,1.412281331259326,1.5220243933368696
241,1.7103393581163142,131.78805597244303,0.013982900148419524,1.4154773649731442,1.475822341987336
242,1.7103393581163142,131.78674629014537,0.013904919493659493,1.4233885542235858,1.4308604136354264
243,1.7103393581163142,131.7854442184563,0.013824117531303701,1.4391638472132529,1.3879748568805734
244,1.7103393581163142,131.784145741744,0.013785949600991455,1.4565964117550492,1.351685485487841
245,1.7103393581163142,131.78285650601407,0.013687837932115797,1.4733086235361603,1.318650067743705
246,1.7103393581163142,131.78158245672333,0.013526603246316556,1.493264656680192,1.2870132306256068
247,1.7103393581163142,131.78033136309634,0.013282882568202582,1.517763041394422,1.2571255191384787
248,1.79585632602213,131.77905144670544,0.012941804142495765,1.5185005381132881,1.2327585117441477
249,1.8856491423232367,131.77774354689558,0.012595006612567565,1.510560522562217,1.2118377780750689
250,1.9799315994393987,131.77639850195504,0.012335916450712612,1.5012985849710365,1.1945646620343355
251,2.0789281794113688,131.77501603691442,0.012075343197914229,1.4902944161318288,1.1812779857167512
252,2.1828745883819374,131.77359990513347,0.011780390732009316,1.4770922346776423,1.1722646959762526
253,2.2920183178010345,131.77216200688204,0.01139186638536752,1.460076862472878,1.167667330806917
254,2.406619233691086,131.7706999065777,0.011032008692048024,1.4416286408127255,1.1672106535144593
255,2.5269501953756404,131.7692093543713,0.010711130744673062,1.4206229785834663,1.1711100455748584
256,2.6532977051444226,131.7676843368923,0.01043695115781093,1.3959767250655615,1.1791965660415846
257,2.6532977051444226,131.76619444495307,0.01019655814727049,1.39874585149692,1.188765778524529
258,2.6532977051444226,131.76473991314674,0.009954559622600239,1.4132335854279363,1.2039026105204695
259,2.6532977051444226,131.7633245825161,0.009686273676706107,1.434159286685007,1.2248252265012953
260,2.6532977051444226,131.76195851408553,0.009349131852598457,1.4592568859187165,1.25220703043506
261,2.6532977051444226,131.76064670755835,0.008977772937722752,1.488017288278153,1.2858032573506846
262,2.6532977051444226,131.75958119920045,0.008579001913361702,1.5194628500176037,1.3251192939166907
263,2.6532977051444226,131.75871178293755,0.008235476607378405,1.5638085323704547,1.3791347713220028
264,2.6532977051444226,131.75792122903695,0.007945372020345953,1.622619384950998,1.4477837823755169
265,2.6532977051444226,131.75715948401913,0.007655831622772958,1.6889597027645498,1.5245968066356923
266,2.6532977051444226,131.75643266691313,0.007304792619068164,1.7558280269346287,1.6047071018512429
267,2.6532977051444226,131.75575002269437,0.006860838042833923,1.819863297104932,1.6864881615521226
268,2.6532977051444226,131.75512252079838,0.00630663640220498,1.8792717393253768,1.7690488641925466
269,2.6532977051444226,131.754561381413,0.005639667540892547,1.9305531160245266,1.844102996197466
270,2.6532977051444226,131.75408018688597,0.00483619083849234,1.9454332307662074,1.854751874986594
271,2.6532977051444226,131.75368943159705,0.00392724156756632,1.9430212609401134,1.8598598775649582
272,2.6532977051444226,131.753398642722,0.0029225404992815366,1.9343326847873126,1.8692041932931902
273,2.6532977051444226,131.75321481842516,0.0018475051785700636,1.9242892129680618,1.8831148399748867
274,2.6532977051444226,131.75314271303802,0.0007246869883783091,1.9153360120183243,1.9019666858838573
275,2.6532977051444226,131.75318530736598,-0.00042808944622667355,1.9034472527185127,1.9173540491767098
276,2.6532977051444226,131.75334483122225,-0.00160327636534765,1.8951921123981925,1.9411187995254766
277,2.6532977051444226,131.75362442638124,-0.002810039330126093,1.8936219307351625,1.9737322663476717
278,2.6532977051444226,131.75402703684333,-0.0040463906359653025,1.9002385159321418,2.0152989327003827
279,2.6532977051444226,131.75455594036447,-0.005315684655818319,1.9159042591909727,2.065912459607676
280,2.6532977051444226,131.75521467670154,-0.006620554597521573,1.9397010215888715,2.1233361268821196
281,2.6532977051444226,131.75600857603195,-0.007978994882710705,1.9722065462664915,2.1879744504863874
282,2.6532977051444226,131.7569295918673,-0.009256564850943436,2.009894074548724,2.2554103055479477
283,2.6532977051444226,131.75796309728884,-0.010387128636882773,2.049667804598326,2.32336565205904
284,2.6532977051444226,131.75910076740732,-0.011434024069939833,2.09026593494825,2.3905431323592294
285,2.6532977051444226,131.76035231165298,-0.012578503027493554,2.1331600900738903,2.4558984821362553
286,2.6532977051444226,131.7617170150612,-0.013715796315262126,2.1757066050945832,2.517872019313201
287,2.6532977051444226,131.76318717073238,-0.01477563228329443,2.21576153469148,2.575761600069871
288,2.6532977051444226,131.76475255655268,-0.015732732061957674,2.2520262832064937,2.6292429880393784
289,2.6532977051444226,131.76638855856916,-0.016442452106260358,2.280851073962398,2.6779441417535113
290,2.6532977051444226,131.7680649465026,-0.016848346168343645,2.3007581424974703,2.7222662234153705
291,2.6532977051444226,131.76976736741514,-0.017109987663815128,2.315177426295548,2.762654096736259
292,2.6532977051444226,131.7714732862103,-0.017145142733332463,2.3224009307134286,2.798960658453606
293,2.5269501953756404,131.77311552512631,-0.01733039212270688,2.387553858673556,2.8216545043026042
294,2.5269501953756404,131.77475956085144,-0.01734935367929274,2.411742503791315,2.851292219764057
295,2.5269501953756404,131.7763954746215,-0.017263643454927705,2.3869417230897416,2.8214345113195773
296,2.5269501953756404,131.7780692989432,-0.017149232937375972,2.3171313973603587,2.7420281226890655
297,2.5269501953756404,131.7797799160842,-0.017015723508435797,2.233871728916902,2.664612482592606
298,2.5269501953756404,131.78152447621707,-0.016847921079150986,2.1469618075283265,2.5885623248264613
299,2.406619233691086,131.78322609918496,-0.016752351971282,2.111290200052026,2.511372066172716
300,2.406619233691086,131.78493857009917,-0.016368106018337523,2.0371848272609827,2.443478351666522
301,2.406619233691086,131.78663608744273,-0.01575259911840622,1.947329293907181,2.377277917567458
302,2.2920183178010345,131.78824590377621,-0.015228825300531816,1.8996719985003576,2.3083552341683506
303,2.1828745883819374,131.78977805548567,-0.014775558971738148,1.867167341817524,2.2432305728920783
304,2.0789281794113688,131.79124012105103,-0.014373451655330398,1.8395377754220374,2.1801900619836934
305,2.0789281794113688,131.79267870496645,-0.01373068485477117,1.7657396946202344,2.124444456795275
306,1.9799315994393987,131.7940288306246,-0.013136608716970807,1.7176516917111848,2.0634175819518816
307,1.8856491423232367,131.79529626720912,-0.012571508309818775,1.678382009411815,2.004819691744299
308,1.8856491423232367,131.79652371024272,-0.011820212074152764,1.6009000901782273,1.9530908324607956
309,1.79585632602213,131.7976477694074,-0.01103481784195771,1.5451041953762386,1.8952342277844643
310,1.7103393581163142,131.79867557111183,-0.010285784130305724,1.4975670268004067,1.838291703599873
311,1.628894626777442,131.7996161073013,-0.009595235915110065,1.4529438040128557,1.7814533631296694
312,1.5513282159785162,131.8004796981293,-0.008981321477215401,1.4097258153998966,1.723820992304769
313,1.477455443789063,131.80128712703458,-0.008560292169903722,1.370672600988153,1.6668824207561894
314,1.4071004226562505,131.80206407739175,-0.008397106087862373,1.3373108109197311,1.6107810493947796
315,1.3400956406250004,131.8028212638296,-0.008342405011342171,1.3073103996438293,1.5565142516005275
316,1.3400956406250004,131.80359513367173,-0.008277880288110821,1.2537428823800707,1.5112613179378054
317,1.2762815625000004,131.8043561903973,-0.008298895990479298,1.2180023017744515,1.4643832498931222
318,1.2155062500000002,131.80512128185316,-0.008504890369211805,1.1915416254116817,1.4223720799813302
319,1.2155062500000002,131.80594629626205,-0.008903887758182223,1.1512341587325927,1.3896676559187033
320,1.1576250000000001,131.8068176750011,-0.009586877471077157,1.136657845380357,1.354985645803632
321,1.1576250000000001,131.8077940904322,-0.010429599387570024,1.120963554337316,1.326450061744772
322,1.1576250000000001,131.8088544887216,-0.011326663833734802,1.1122567513886839,1.3006497584523402
323,1.1576250000000001,131.8099955473995,-0.012188239257644095,1.1140273285827245,1.2770035174696333
324,1.1576250000000001,131.8112129488882,-0.013003696395058146,1.1268833588936549,1.255095831376595
325,1.1576250000000001,131.81250459552763,-0.013796747338923174,1.149079093232306,1.2358351715587774
326,1.1576250000000001,131.81386251710632,-0.014504664321116936,1.1753875054346943,1.2199675106470587
327,1.1576250000000001,131.81527782055886,-0.015117589862428045,1.2021597041437433,1.2081957521479494
328,1.1576250000000001,131.81672934357627,-0.01550446981073796,1.2236722965539857,1.1998132625514402
329,1.1576250000000001,131.81818113879112,-0.015507377293200925,1.2332636295976944,1.1938337353611168
330,1.1576250000000001,131.81960175805966,-0.0151743708485307,1.2310439167801712,1.1916374178327314
331,1.1576250000000001,131.82095388501602,-0.014442768957285286,1.2167481103458606,1.1920757971672857
332,1.1576250000000001,131.82223227927585,-0.013257467767982185,1.1902124045838314,1.1920382607789535
333,1.1576250000000001,131.8233333653964,-0.011418710340799245,1.1447938979239929,1.18883378012809
334,1.1576250000000001,131.82417741509812,-0.008753138266978065,1.0883787865362204,1.1873266929527244
335,1.1576250000000001,131.82468886519882,-0.005303945300072824,1.040817071916208,1.1874187936231708
336,1.1576250000000001,131.82480637108708,-0.0012185837928423797,1.0270942352168941,1.1871702569850622
337,1.1576250000000001,131.8245259170867,0.002908421906767927,1.0682253539749915,1.1792065233241023
338,1.1576250000000001,131.82386763418762,0.006826661063372333,1.1711285398913733,1.1613679254200606
339,1.1576250000000001,131.8230112276148,0.010448569458584769,1.3141359005282722,1.141210715632264
340,1.1576250000000001,131.82204370633949,0.0138873199173534,1.4883571309055899,1.1216568951804442
341,1.2155062500000002,131.82097762150838,0.017145156583005892,1.6529662221130559,1.11120278788053
342,1.2762815625000004,131.8198379610438,0.02053605173143305,1.8238244835731492,1.1095337426506373
343,1.3400956406250004,131.81862510846375,0.02413464717399801,2.004996290730195,1.1161888407117428
344,1.4071004226562505,131.81714576385656,0.028035802484888826,2.199885717099882,1.1323118140239503
345,1.477455443789063,131.81537402728958,0.031978161271772505,2.3948111529072538,1.154923933415042
346,1.5513282159785162,131.81330168621886,0.03562265417810095,2.5754397923611427,1.181688323221444
347,1.628894626777442,131.81093278544117,0.03878132223229626,2.731424599229657,1.212333869344084
348,1.7103393581163142,131.8082790460284,0.04137563928792758,2.858636030880051,1.246831025946666
349,1.79585632602213,131.8053444688407,0.04357553025702309,2.9641264235669067,1.2866633104126208
350,1.8856491423232367,131.80212717410137,0.04549866910919947,3.053371249580063,1.3307662516336045
351,1.9799315994393987,131.7986362422047,0.04701754205583816,3.1212070235766785,1.3765689133900996
352,2.0789281794113688,131.79488470681994,0.048121404377048746,3.167281415368956,1.4242522147279522
353,2.1828745883819374,131.79088707979437,0.048836240027704265,3.1928232593209143,1.4734159827537952
354,2.2920183178010345,131.7866569185421,0.04921614246476686,3.2003439556425097,1.523464756516564
355,2.406619233691086,131.78220721992597,0.049305111545259905,3.1919329698443324,1.5735318212263931
356,2.5269501953756404,131.7775519229847,0.049126908790682156,3.1687638811646717,1.6227450570893194
357,2.6532977051444226,131.77270181194544,0.04874548910594097,3.133810403043957,1.6705682594571674
358,2.785962590401644,131.76767216067225,0.04814279790151298,3.086312599409205,1.7164599386403012
359,2.9252607199217264,131.76248222720594,0.047311415637404416,3.0261270692727655,1.760087196560647
360,3.071523755917813,131.75699507037376,0.046251412685181924,2.9535555121853423,1.8017696894982593
361,3.225099943713704,131.75121949540568,0.0450138677487122,2.8706918843667726,1.839829528961415
362,3.386354940899389,131.74516535636818,0.04362917210490634,2.77888176078597,1.8734652617984198
363,3.5556726879443583,131.73884649872744,0.04210528669096753,2.6713517512053726,1.866161327601187
364,3.7334563223415764,131.73227837752674,0.04046808858747262,2.5528985847308148,1.8428772704831171
365,3.9201291384586554,131.7254980859214,0.0386272137108763,2.4248483635415474,1.822887030295672
366,4.116135595381588,131.71855051968143,0.036597480028338805,2.28969849580672,1.807513500391864
367,4.321942375150668,131.7114977874269,0.034351788991027074,2.146484874766484,1.7969375573728612
368,4.321942375150668,131.70461077856484,0.03256757182777549,2.041018154706693,1.7877518011444458
369,4.321942375150668,131.6978259425636,0.03114991513134939,1.959980753832536,1.788535797541307
370,4.321942375150668,131.69109243336337,0.030013852662800874,1.8953119121345814,1.7920676626200072
371,4.321942375150668,131.6844066132811,0.0289332852762286,1.8350959471872033,1.8016641676677931
372,4.321942375150668,131.6779807286548,0.027808399083331783,1.774177761483573,1.8164092984080353
373,4.321942375150668,131.67182918540786,0.0266211703968319,1.7123118458176991,1.8397797430333307
374,4.321942375150668,131.66596877832268,0.02536126128789761,1.6489297389094484,1.8688056287962145
375,4.321942375150668,131.66027092240938,0.023939622712414534,1.563370636804105,1.8228379244312094
376,4.321942375150668,131.65480138010008,0.022311028986640172,1.462308906143096,1.7769718328952462
377,4.116135595381588,131.64978274720977,0.02086921518555004,1.3811112199641764,1.738363513559849
378,3.9201291384586554,131.64519379930968,0.019452968791888698,1.3055354282549803,1.6958941318705052
379,3.7334563223415764,131.6410173443379,0.018048147882803397,1.232181882175716,1.6465841977121451
380,3.5556726879443583,131.6372202357498,0.016727457258124072,1.164107054679195,1.6000677425790615
381,3.386354940899389,131.6337625838457,0.015527811670748055,1.103085439395107,1.5579031257995164
382,3.225099943713704,131.63061157007908,0.01442551614242061,1.0484517502219177,1.523313630734112
383,3.071523755917813,131.62782642601036,0.01338807154848944,0.9994310360208432,1.4970931935078922
384,2.9252607199217264,131.6253345776958,0.012577121626375674,0.9639503685227576,1.4769733270602996
385,2.785962590401644,131.62307373584235,0.011981719329703348,0.9422774408758059,1.4667355663669543
386,2.6532977051444226,131.62099084393682,0.01159057519949929,0.9344053961450527,1.465038048591867
387,2.5269501953756404,131.61901100308532,0.011567988200820256,0.9468487305940793,1.4697186997425824
388,2.406619233691086,131.61705307205267,0.012011970163625504,0.9819363004332438,1.4799906098860542
389,2.2920183178010345,131.6150506945506,0.012898883224428885,1.0382287973215159,1.4946882218266315
390,2.1828745883819374,131.61296765442665,0.01408941912694318,1.1109794274536704,1.5096794422996378
391,2.0789281794113688,131.61077582824885,0.015566495902563619,1.1995969394789607,1.5240064747837334
392,1.9799315994393987,131.6084576747591,0.01728686495572816,1.3028713042855322,1.5366364081876016
393,1.9799315994393987,131.60590517682118,0.019034411373452353,1.4011831183699124,1.5562107176853317
394,1.9799315994393987,131.60311067834743,0.020839050540582084,1.5007292547316278,1.5749500094731252
395,1.9799315994393987,131.60007378174134,0.02264665465167999,1.6005233467318378,1.5928028840386714
396,1.9799315994393987,131.59729185847704,0.024406205958667746,1.6993253147578293,1.6115458638348426
397,1.9799315994393987,131.59475090422262,0.02622605973935304,1.8069946277309195,1.6364235273836671
398,1.9799315994393987,131.5924315796513,0.028162992729056115,1.9274982739068265,1.6706616998180417
399,1.9799315994393987,131.59018647601502,0.030238130608800262,2.0619752862116902,1.717572026263858
400,2.0789281794113688,131.5876982793005,0.031916404350017975,2.1688552995296244,1.782996637591225
401,2.1828745883819374,131.5849826084136,0.033175469951928604,2.2518548693176133,1.8591781051507799
402,2.2920183178010345,131.58206508822013,0.033944117239193994,2.3083391397203745,1.9458644583446425
403,2.2920183178010345,131.57907981096199,0.03473244211536461,2.3801202099292125,2.0374120548454218
404,2.2920183178010345,131.57601776564437,0.035625606116865036,2.4625741933616294,2.1336390016693194
405,2.2920183178010345,131.57287150805303,0.03660538041282684,2.550762218723598,2.229679808063833
406,2.2920183178010345,131.5696334445289,0.0376735037296278,2.643265523777551,2.32389551539209
407,2.2920183178010345,131.5663479073105,0.038225840143675596,2.7127960647840004,2.4181133852650976
408,2.2920183178010345,131.56303244471124,0.03857400933246813,2.7716048612545965,2.508357009001469
409,2.2920183178010345,131.5597373358826,0.03833720179370265,2.8039146529357755,2.5956993697793167
410,2.2920183178010345,131.55653443904382,0.03726435417327484,2.800391847381357,2.678465861827605
411,2.2920183178010345,131.55344195612764,0.0359797347420108,2.7867711266891204,2.749903813959248
412,2.2920183178010345,131.5504819920539,0.034437933888666866,2.7638531189291307,2.8183630300891775
413,2.2920183178010345,131.54767961747925,0.03260444651659686,2.7321226455869363,2.8839697683264585
414,2.2920183178010345,131.54502679599722,0.030864459344861088,2.7033957592435383,2.938685811391949
415,2.2920183178010345,131.54250380206983,0.029353970489474208,2.6813004739865405,2.985972928120869
416,2.2920183178010345,131.54009121441206,0.02806944009808635,2.6649199655422877,3.0280939072445765
417,2.2920183178010345,131.5377663657779,0.027048633554044847,2.6548956941302344,3.066189718065129
418,2.2920183178010345,131.5355364437209,0.025944202856063154,2.640712557941487,3.10115047159827
419,2.2920183178010345,131.53341938614903,0.024631072162538854,2.619451727150306,3.1325757546314725
420,2.2920183178010345,131.5314345448944,0.023092791061820744,2.5916870660715143,3.1605637957180153
421,2.1828745883819374,131.52965539777585,0.021734607848891842,2.629041042773979,3.1792382214549137
422,2.0789281794113688,131.52806051688853,0.0204577326989516,2.6852444235432658,3.179591284174553
423,2.0789281794113688,131.52658762312083,0.018892988958443237,2.6814729739041763,3.1900486694318655
424,2.0789281794113688,131.52524628916046,0.01720545517830579,2.65826359142134,3.2011122424120484
425,1.9799315994393987,131.52407639896785,0.015756641194831902,2.704928137931812,3.2045171513404873
426,1.9799315994393987,131.52302291363404,0.014188844828104901,2.7113085084623134,3.2239731252922272
427,1.9799315994393987,131.52209195228434,0.012538633152773196,2.7061483381829197,3.2459811902445885
428,1.9799315994393987,131.5212663352297,0.011119805753484563,2.701851371572143,3.2674651344368986
429,1.8856491423232367,131.5205496506145,0.010135284082896018,2.776921176214237,3.277465498062966
430,1.8856491423232367,131.51988952578262,0.00933542113110917,2.806386798917386,3.2985289588484243
431,1.8856491423232367,131.51928799563203,0.008506780851684109,2.815163323614153,3.3155644120806422
432,1.8856491423232367,131.51878315617836,0.0071393904247176385,2.8100613018773264,3.329752033532597
433,1.8856491423232367,131.51843046675575,0.004987699491787772,2.7960314169180176,3.3421996264727345
434,1.8856491423232367,131.51823188953685,0.0028082597045943143,2.7819873672031954,3.351082128376421
435,1.79585632602213,131.5181414829529,0.0013424471683619623,2.850102091527926,3.3434011726609
436,1.79585632602213,131.51811182108005,0.0004404490842229948,2.8649298522282445,3.344006971896237
437,1.79585632602213,131.51813615556256,-0.00036134267717804233,2.855419764498819,3.3376248025903577
438,1.79585632602213,131.51822151704846,-0.0012675325178398446,2.833783285831462,3.325395599702297
439,1.79585632602213,131.51837669206037,-0.002304193412455577,2.805478056196732,3.30835150837796
440,1.79585632602213,131.5186101202493,-0.0034661746685189067,2.7755566815425983,3.2896288625642693
441,1.79585632602213,131.51890342627797,-0.004355300580381509,2.7414364666107556,3.2654967409163476
442,1.79585632602213,131.51923046617426,-0.00485621470557004,2.7015474459457214,3.236598259923631
443,1.79585632602213,131.51955782708828,-0.004860981498969262,2.653450114874468,3.2019210696608873
444,1.7103393581163142,131.5198638445481,-0.004771255221533178,2.670980299555657,3.1501344417936146
445,1.7103393581163142,131.52016223263502,-0.004652302254604557,2.6339252453689164,3.1047220987329163
446,1.7103393581163142,131.52045387406199,-0.0045471120582570145,2.57340727293877,3.052570560272548
447,1.7103393581163142,131.52072723338105,-0.004262067529270277,2.5013815952154794,2.9967065292915396
448,1.7103393581163142,131.5209679865359,-0.0037536902249345793,2.4236728235574665,2.938649524439453
449,1.628894626777442,131.521159606539,-0.0030456455535385453,2.4072590085074093,2.8690039845046402
450,1.628894626777442,131.52131090056736,-0.0023346569696734124,2.3445052769598407,2.805775162759175
451,1.628894626777442,131.5214256180575,-0.001718674780176974,2.261784618718158,2.7365968441208133
452,1.5513282159785162,131.52150707268814,-0.0012440330563188557,2.2273529457194847,2.654000020936109
453,1.5513282159785162,131.52155170058825,-0.0006617369258882357,2.149009366851972,2.5795562723066
454,1.477455443789063,131.5215577558875,-9.153066207146941e-5,2.1062968298286058,2.491151446810718
455,1.477455443789063,131.5215162657273,0.0006088900527066146,2.0214987895461,2.410826578397908
456,1.477455443789063,131.52142426670423,0.00131081003530135,1.921701401044859,2.3277205719279817
457,1.4071004226562505,131.52128905312975,0.001963943141720856,1.862566887297286,2.2367984534638135
458,1.3400956406250004,131.52110559964729,0.0027163557757064753,1.8174432411783417,2.1472270114033853
459,1.3400956406250004,131.52086807851276,0.0034144890556311756,1.7358919758172964,2.065509288553022
460,1.3400956406250004,131.52058426976066,0.003961065514456043,1.643226860453862,1.9817463880127877
461,1.2762815625000004,131.52026259096303,0.004576787541844535,1.5862386514173283,1.892038745408
462,1.2762815625000004,131.51989509551143,0.005076367550190408,1.512498557684659,1.8113116548440755
463,1.2762815625000004,131.51949328550472,0.005388707549093269,1.4371336452200647,1.7319787509586975
464,1.2155062500000002,131.51907346978024,0.005739507689610256,1.3969645652065998,1.6490801481285529
465,1.2155062500000002,131.51862449558823,0.005959366476078129,1.3494386569241614,1.5741051825739931
466,1.2155062500000002,131.51815876643317,0.006001708765210988,1.3055410958128781,1.5011628496768639
467,1.2155062500000002,131.51767944748593,0.005996928395885664,1.2718084494382123,1.4304598355813556
468,1.2155062500000002,131.51719336894118,0.005904369033678946,1.2490752074024305,1.3622510467746005
469,1.2155062500000002,131.5167152708313,0.005638282655658008,1.235953971508482,1.2968714184038885
470,1.2155062500000002,131.5162555739756,0.005263372726575631,1.232182906357381,1.2345777202909356
471,1.2155062500000002,131.51583839037903,0.0047766103610974615,1.2358581093987433,1.175770686366491
472,1.2155062500000002,131.5154638996082,0.004287792019646365,1.248309115142454,1.1197868092149976
473,1.2155062500000002,131.51512635315672,0.0038647921213998122,1.2698277295905347,1.0659678911392774
474,1.2155062500000002,131.5148276635063,0.0034198949593184282,1.2862234452087955,1.0245428165083086
475,1.2762815625000004,131.51455633971844,0.002872459672683784,1.259781254366501,0.9950249937123423
476,1.3400956406250004,131.51433212712305,0.002194823243659992,1.2064034043757845,0.9774585670250373
477,1.4071004226562505,131.5141638113592,0.0015234837056377218,1.1446185828998634,0.9616628716739526
478,1.4071004226562505,131.51406507138518,0.000867698416436724,1.1108536895644572,0.9449800980614692
479,1.4071004226562505,131.51403693490894,0.00024725523914773795,1.0918332579055432,0.9272031388953411
480,1.4071004226562505,131.51406859066282,-0.0002781816354331686,1.0836169286599966,0.9079051954310982
481,1.4071004226562505,131.51413995934482,-0.0006271673964061561,1.080875292548705,0.8876794033753138
482,1.477455443789063,131.51424444953633,-0.0008490334443027257,1.0511961248053223,0.8693871563874281
483,1.5513282159785162,131.51439786894056,-0.0011526648259856487,1.0103592106875385,0.8559711157859022
484,1.5513282159785162,131.5146085933883,-0.001583206897510614,0.9942668162564272,0.8441869249208994
485,1.5513282159785162,131.51489348577212,-0.0021404426107171502,0.9930136691280241,0.829786211967822
486,1.5513282159785162,131.5152565144796,-0.0027274934626759536,1.0010117268714895,0.8137521575445107
487,1.628894626777442,131.51571049918104,-0.0032484386411700543,0.9854314232539897,0.7980502051608573
488,1.7103393581163142,131.51625736851534,-0.0036181827353646647,0.9604245695626311,0.7847227654853386
489,1.79585632602213,131.51688492886763,-0.0038391572451352335,0.9295356780635596,0.7747076283153081
490,1.79585632602213,131.51754250999718,-0.004022812066196006,0.9194620154599641,0.7665432133317
491,1.79585632602213,131.51822934626202,-0.004201783004714857,0.9173875985806027,0.7562670388167684
492,1.8856491423232367,131.51900998835262,-0.004415763875925115,0.8937523568023921,0.7473091998149549
493,1.8856491423232367,131.51985054967724,-0.004754701773724188,0.8832233906860214,0.743328552857164
494,1.8856491423232367,131.52076855664706,-0.005192779205813449,0.8794086591930372,0.7391502951970126
495,1.8856491423232367,131.52178083994193,-0.00572606071287989,0.8801841307495502,0.7359320673340208
496,1.8856491423232367,131.52290342755242,-0.006350005819719091,0.8852046239904217,0.7337367779687888
497,1.9799315994393987,131.52419540488376,-0.006960164004514486,0.8712765364779606,0.7339270774193348
498,1.9799315994393987,131.5256095800153,-0.007618470237928943,0.8726572277638524,0.7363465236492563
499,1.9799315994393987,131.52714775240912,-0.008286470566203304,0.8806178044898808,0.7388803676061112
500,1.9799315994393987,131.52881725718024,-0.008993986760764372,0.8927281804483552,0.7430710884775387
501,2.0789281794113688,131.53069478119693,-0.009632982724539968,0.8881872754846727,0.7511486583357915
502,2.0789281794113688,131.53270315138937,-0.010304313125218872,0.8974749481736958,0.7613735972880323
503,2.0789281794113688,131.5348456866615,-0.010992671773593473,0.9117132264724197,0.773107321572414
504,2.0789281794113688,131.53712340954712,-0.011686276720320136,0.9280309743731355,0.7868438746040818
505,2.0789281794113688,131.53953616761942,-0.012379099613280905,0.9449042575560556,0.8028720449430696
506,2.0789281794113688,131.5420866135403,-0.013085532476079168,0.9628975390576135,0.8219086007134914
507,2.0789281794113688,131.54477904120384,-0.01381399595398299,0.9816859344065574,0.8432364717609866
508,2.0789281794113688,131.54719391472403,-0.01457641565614576,1.001994384017576,0.8673887899137798
509,2.0789281794113688,131.54937329818313,-0.015476440391125114,1.0303764232224726,0.8897840047395036
510,2.0789281794113688,131.55135655790428,-0.016569068558129767,1.0736887099447943,0.9116331132387958
511,2.0789281794113688,131.553175461226,-0.017877599077648458,1.1324725457971063,0.934894092270912
512,2.1828745883819374,131.55491457770233,-0.019152259712988624,1.1863983499211241,0.9641016590155128
513,2.2920183178010345,131.55666843591803,-0.020405400801661058,1.2411827485839142,0.9984174277138824
514,2.406619233691086,131.55862209073874,-0.02164757147959721,1.2981374397168726,1.039553825041603
515,2.5269501953756404,131.56078369829112,-0.02281124027184883,1.3532621150275956,1.0889191812073644
516,2.6532977051444226,131.5631573294091,-0.023855909455926208,1.4041488679385783,1.1468938548610725
517,2.785962590401644,131.56574388784222,-0.024758010673860475,1.4494513264021094,1.213901590794393
518,2.785962590401644,131.56845918475221,-0.025990269161784436,1.5177840242308147,1.2863228063903815
519,2.785962590401644,131.57133307963508,-0.0275083366668368,1.6041222436458131,1.3662677494298323
520,2.785962590401644,131.57440095222813,-0.029365051812329047,1.7100595095849151,1.4538598197143346
521,2.785962590401644,131.5776944590396,-0.031524776608936496,1.8334126062997849,1.5492505167639594
522,2.785962590401644,131.581236612405,-0.03390477079773949,1.969825072017332,1.6520802434526132
523,2.785962590401644,131.58502964866554,-0.036306170787961986,2.1092331932681585,1.7604862741900873
524,2.785962590401644,131.58905671378727,-0.038546247395895655,2.242369208197014,1.8729618092867095
525,2.785962590401644,131.59329587442443,-0.04057638248544239,2.3666998955887206,1.9896868688179083
526,2.785962590401644,131.59771995123563,-0.04234636245204058,2.4796796275891735,2.110263906795501
527,2.785962590401644,131.60230305266867,-0.04386851375411848,2.582086009961045,2.23474953986825
528,2.785962590401644,131.60702056662615,-0.0451550830693775,2.674117460447694,2.3591001640974945
529,2.785962590401644,131.61184938602378,-0.04622047608038027,2.7531771367678894,2.4624969837120734
530,2.785962590401644,131.61676270617204,-0.04702930006059999,2.8183960226915383,2.5576583764185257
531,2.785962590401644,131.62173847778323,-0.0476270727474641,2.874351688714381,2.6531330233406596
532,2.785962590401644,131.62674572298465,-0.04792833154472748,2.919260982528562,2.7530939243721315
533,2.785962590401644,131.6317383254533,-0.04778817428815406,2.947824905490127,2.856842300615664
534,2.785962590401644,131.6366727275657,-0.04723109232817932,2.9601578778009436,2.9537586354621492
535,2.785962590401644,131.64148702590404,-0.046081483457950975,2.9508594353636184,3.0545803996021084
536,2.785962590401644,131.64610998473034,-0.044250020606713444,2.919744592721219,3.1628482732219
537,2.785962590401644,131.65047222765597,-0.04175450108925212,2.872122711065222,3.2795520210915585
538,2.785962590401644,131.65450911244398,-0.03864023924255721,2.8141775299983465,3.4017562695788124
539,2.6532977051444226,131.65805227899645,-0.03561019225819363,2.822969699181691,3.5170048827067464
540,2.5269501953756404,131.66113947231378,-0.03257885940143793,2.890465847228621,3.645772734801089
541,2.406619233691086,131.66383818401567,-0.029903212097723546,3.0206976010137474,3.765869524145166
542,2.2920183178010345,131.6662168575047,-0.027674863044827615,3.21069059897498,3.887699030895877
543,2.1828745883819374,131.6682990674497,-0.025436916453267403,3.437731110005352,4.010534611350754
544,2.1828745883819374,131.67021239510314,-0.02264257113449964,3.5936614223927594,4.154904653279765
545,2.1828745883819374,131.67187377151635,-0.019208013056177472,3.6842403301006112,4.252879254210026
546,2.1828745883819374,131.67322093785123,-0.0153033970964782,3.737526587460426,4.328434284430283
547,2.1828745883819374,131.6742237499881,-0.011206793157575461,3.7851838075531745,4.39982780212398
548,2.1828745883819374,131.6748633165194,-0.007113827279824668,3.8018825680195896,4.420586232942341
549,2.1828745883819374,131.67516373750937,-0.003387447318511061,3.7525881706054065,4.360689634141536
550,2.1828745883819374,131.67522043435383,-0.0006476113857895013,3.6903784823279193,4.304689855899175
551,2.1828745883819374,131.67511375655138,0.0012328207381092661,3.6305158996595646,4.254725867965829
552,2.1828745883819374,131.67490693983834,0.0024172139743827556,3.5748051729273826,4.206956191831022
553,2.1828745883819374,131.67467685284268,0.0027134133457929464,3.526734250989445,4.169400086498311
554,2.1828745883819374,131.6744727338868,0.0024232070503670835,3.4886495246150626,4.141810918996688
555,2.1828745883819374,131.67432965865692,0.0017112518577308913,3.452745142158337,4.111004707752634
556,2.1828745883819374,131.67427116534571,0.0007041792929869,3.4249729616105578,4.084326113462322
557,2.1828745883819374,131.6743152987992,-0.000533259367603457,3.411576025329359,4.069367146127128
558,2.1828745883819374,131.67447711170465,-0.001972091064849578,3.3891205670220375,4.034443566875528
559,2.1828745883819374,131.67475910232577,-0.003344547640954322,3.2926309028870784,3.9085676553129893
560,2.1828745883819374,131.6751821442674,-0.004871345404269089,3.186847404161283,3.8017251320839667
561,2.1828745883819374,131.67577355513296,-0.0066117674828374716,3.096238647230064,3.7091210913006476
562,2.1828745883819374,131.67654219434343,-0.00859311864918447,3.0364185628838913,3.641586148599422
563,2.1828745883819374,131.67748231904105,-0.010510266664566368,3.0157498012444104,3.6059905040647737
564,2.1828745883819374,131.6785712172126,-0.012173502285468008,3.0347775840615943,3.6044116190767372
565,2.1828745883819374,131.67980125275378,-0.013751368916964256,3.092906086271324,3.6371424136892947
566,2.1828745883819374,131.68120824104517,-0.015729639031049045,3.19103511864114,3.6923148632706666
567,2.1828745883819374,131.682668408413,-0.017837853206343457,3.3241049713162534,3.776192819724163
568,2.1828745883819374,131.6843074932923,-0.020023564499548157,3.4917630376717255,3.8896903529672424
569,2.1828745883819374,131.68610075828636,-0.021891242564600333,3.6805236558670833,4.027833522147849
570,2.1828745883819374,131.6880601565049,-0.023278443591200088,3.843790977183401,4.138721693906278
571,2.1828745883819374,131.69015553757103,-0.024449536933575978,3.968783594368159,4.213954398868544
572,2.1828745883819374,131.69239239705925,-0.025519356975073175,4.0954588863091015,4.3098924366164635
573,2.1828745883819374,131.69477936077917,-0.026512788619476584,4.236271983214006,4.426779225988572
574,2.1828745883819374,131.69724041781066,-0.02748717320684119,4.2790878378363315,4.4023954738359095
575,2.1828745883819374,131.69975329258025,-0.028157331272793615,4.291950956404667,4.388102968377068
576,2.1828745883819374,131.70233528160452,-0.02874424299264278,4.325287082797368,4.4167312155591585
577,2.1828745883819374,131.70501590521422,-0.029383166137585813,4.394157026638047,4.485746242966233
578,2.1828745883819374,131.70779829326503,-0.029800878649747217,4.492856974978262,4.59077581417827
579,2.1828745883819374,131.71067176512696,-0.030199895723804854,4.587261810166088,4.678417330796714
580,2.1828745883819374,131.71362876000074,-0.030661919029448793,4.659464495411553,4.7418596289055035
581,2.1828745883819374,131.71660151973575,-0.03125184548307038,4.637150518084224,4.677153206334838
582,2.1828745883819374,131.71961411330383,-0.03196452874367506,4.5978869655006935,4.634145794610415
583,2.1828745883819374,131.7226845968767,-0.03277779431478891,4.564809305309634,4.606006081303791
584,2.1828745883819374,131.72578892750792,-0.033411864830418,4.433845064077616,4.435345790525248
585,2.1828745883819374,131.72889941059205,-0.03384871100041842,4.259010531425007,4.257274345641307
586,2.1828745883819374,131.7319881745641,-0.03394700419629908,4.074318782383431,4.094199955100026
587,2.1828745883819374,131.735122804377,-0.034023368434897935,3.899405127484269,3.945296701472735
588,2.1828745883819374,131.73836189384593,-0.034133181315830805,3.735760010219813,3.8047229573848753
589,2.1828745883819374,131.74170878866101,-0.03424196370886854,3.579399222230971,3.6685716243233926
590,2.1828745883819374,131.74515571013023,-0.03423818728848086,3.4242051783542737,3.537396898176359
591,2.1828745883819374,131.74869179020672,-0.034100774340014656,3.2707923674977466,3.4088781041053515
592,2.1828745883819374,131.75225156725372,-0.03332941747914092,3.103633556801196,3.2849932453488107
593,2.1828745883819374,131.75577169950665,-0.03199828339981849,2.923806116668014,3.1659271056879965
594,2.1828745883819374,131.7592172869609,-0.030408412840965966,2.739893370099503,3.050136199383391
595,2.1828745883819374,131.7625670628469,-0.028701791324220377,2.5565450000120444,2.938140414764893
596,2.1828745883819374,131.76580932029424,-0.026971402023296953,2.3770075774505544,2.8299682836439546
597,2.1828745883819374,131.7689129506346,-0.025066216710570178,2.196903750159442,2.726970879559841
598,2.0789281794113688,131.77174058144018,-0.023280568431181644,2.062411845439144,2.6221709817275123
599,1.9799315994393987,131.77432255547888,-0.021670793870259972,1.9482376884514627,2.5219256765866125
600,1.8856491423232367,131.7766844346287,-0.02020843569366756,1.8432038433391509,2.4240662801201887
601,1.79585632602213,131.77882670927715,-0.01868539345512998,1.7370186921731041,2.3281716315648238
602,1.7103393581163142,131.78075803588513,-0.01717255424612038,1.6309474899943994,2.233559651931425
603,1.628894626777442,131.78246722988288,-0.015492539299507798,1.5198539306229244,2.1413870419992116
604,1.5513282159785162,131.7839529373953,-0.013728296209197716,1.4074430273282217,2.0508576213910534
605,1.477455443789063,131.7852209385125,-0.011944144048175273,1.2973250398163605,1.9621892505329197
606,1.4071004226562505,131.78625864363943,-0.009964635864224804,1.1883125962633312,1.8765596665478232
607,1.3400956406250004,131.78704993359014,-0.007745959023674557,1.0854529792091858,1.793001972570381
608,1.2762815625000004,131.78759481591317,-0.005437438252112958,1.0003760974997733,1.7107968618969838
609,1.2155062500000002,131.78789976995316,-0.003102259226439309,0.9438287822314065,1.6301654999505644
610,1.1576250000000001,131.78797344051497,-0.0007639936510259836,0.924732661826651,1.5524668009398217
611,1.1025,131.7878276759573,0.0015409898613455454,0.9481773641747682,1.4775405710165919
612,1.05,131.78746088499082,0.003952924757998311,1.0172272673216232,1.4031314698779156
613,1.0,131.78688420600784,0.006335576146596624,1.1268702748726032,1.330365000913725
614,1.0,131.7860811522417,0.008565631555102529,1.2399383597940221,1.2632805837407082
615,1.0,131.7852362587435,0.010602244338560822,1.356206613478514,1.199256246755724
616,1.0,131.78438972418968,0.012497455667249725,1.4877587193053539,1.130437969649492
617,1.05,131.78353250081167,0.01417955810818289,1.6023654548261115,1.0578055914123248
618,1.1025,131.78268591572208,0.015690293975032767,1.7122918258363118,0.980552205533107
619,1.1576250000000001,131.78186342849486,0.017079745807603765,1.8215797267682325,0.8988757152455822
620,1.2155062500000002,131.78102790219268,0.018330388175757613,1.9284516372145737,0.8134440991695853
621,1.2762815625000004,131.7801001483863,0.0193845168881476,2.0244999663402603,0.7302437953353496
622,1.3400956406250004,131.779085854145,0.020183519456322605,2.102911758181716,0.651577702082581
623,1.4071004226562505,131.7779937109513,0.020697754069253674,2.160772695681167,0.5786711124958168
624,1.477455443789063,131.776835633864,0.020902190850992042,2.193796737716049,0.5162152137198337
625,1.5513282159785162,131.7756289359681,0.02074261927778026,2.2016872146156463,0.46363260943319384
626,1.628894626777442,131.77440111699354,0.02010064910400094,2.1717253228158344,0.4335888761644718
627,1.7103393581163142,131.77314974568026,0.018942417860612258,2.1048104171968367,0.4221871195470091
628,1.79585632602213,131.77191009088207,0.01735095804741791,2.0068735984280788,0.4263901057278263
629,1.8856491423232367,131.7707174188611,0.01543537558283311,1.88582880977164,0.4428616895006681
630,1.9799315994393987,131.76960188852613,0.013349070637427957,1.7522323586167714,0.4668193689705907
631,2.0789281794113688,131.7685850260506,0.011251368374414907,1.6185197620776541,0.4923817474990774
632,2.1828745883819374,131.7676797931687,0.00926140593160228,1.4912510782040098,0.5192419118528929
633,2.2920183178010345,131.7668912026502,0.0074600480747989886,1.3735572833857765,0.5475816102082264
634,2.406619233691086,131.76622239639804,0.0058501078914941235,1.2659089848378273,0.5789160323997306
635,2.5269501953756404,131.76565567939005,0.004583563731129381,1.1703211598234884,0.6105894579781913
636,2.6532977051444226,131.7651612519692,0.0036975414604373726,1.0844623331022452,0.6464885386724926
637,2.785962590401644,131.7647111377933,0.003112480727095621,1.0067947535011703,0.6876328343401255
638,2.9252607199217264,131.76427239541923,0.0028052207146449072,0.9353882998775619,0.73318105005983
639,3.071523755917813,131.76377735297405,0.0029266673976051055,0.8766581219503881,0.7800148576564231
640,3.071523755917813,131.76316153582528,0.0035346424293922515,0.8482192139121,0.8314420349590387
641,3.071523755917813,131.76248789344433,0.00454887689984388,0.8391657378586355,0.8929373305923382
642,3.071523755917813,131.76174939770215,0.005866834700897389,0.8511135764400204,0.9509014997795076
643,3.071523755917813,131.76090737158486,0.0073103878006967075,0.8851558398293581,0.9975839396196948
644,3.071523755917813,131.7598935149942,0.008802203043434886,0.9353214849293984,1.041649250475364
645,3.071523755917813,131.75870748095403,0.010297030697881314,0.9927509771913506,1.0719229608494802
646,3.071523755917813,131.7573519504969,0.01176858189256251,1.054470331232797,1.094105387043765
647,3.071523755917813,131.7558345930642,0.013173547752988027,1.1188678165549906,1.1125527994358497
648,3.071523755917813,131.75416262650705,0.014515848939765716,1.1783054315845876,1.129364361212902
649,3.071523755917813,131.75234339938606,0.015794350648452405,1.2443016312347637,1.136865767391658
650,3.071523755917813,131.750382709259,0.017022518531836974,1.3202311889608243,1.150068581086948
651,3.071523755917813,131.7482792376625,0.018262133183497554,1.4096503711925257,1.1844567829909134
652,3.071523755917813,131.74602934852578,0.019533315843610635,1.5158629773029082,1.2558137678263437
653,3.225099943713704,131.743550656104,0.02049501278549289,1.6064963488217376,1.382925823684979
654,3.225099943713704,131.7409370421923,0.021610608103502404,1.7324624994378917,1.5683473885815444
655,3.225099943713704,131.73818119409717,0.022786668264506253,1.88137570348045,1.7966903748417364
656,3.225099943713704,131.73529513729886,0.02386329601119119,2.0377696982504414,2.0462082731655094
657,3.225099943713704,131.73227694654244,0.024955842684351234,2.201898862090941,2.311299472097572
658,3.225099943713704,131.72911563300804,0.026139250169145683,2.376030723890201,2.588885326742408
659,3.225099943713704,131.72584499761575,0.027043175503504182,2.5448267063435424,2.8735181068169173
660,3.225099943713704,131.7225291374878,0.02741711521815626,2.7029342752303744,3.172719433522479
661,3.225099943713704,131.719203608794,0.027497059538020185,2.8377641380276937,3.4233576296172656
662,3.071523755917813,131.7159754199019,0.028026817945250273,3.025620866595042,3.6072963599902064
663,3.071523755917813,131.71273820138805,0.028105212232568465,3.1588891005268205,3.813731670621624
664,2.9252607199217264,131.70969716302417,0.027722095270892685,3.3491751273194765,4.018944004217561
665,2.9252607199217264,131.70663632408116,0.026478728653920727,3.4735509482616256,4.241358758439428
666,2.785962590401644,131.703774631428,0.02526280471953772,3.6410001659971827,4.364076778072978
667,2.785962590401644,131.70103088935247,0.02372228591281045,3.7076015526680206,4.455923296922609
668,2.6532977051444226,131.6985264519576,0.022396085809336688,3.8477132490143604,4.523538751839516
669,2.6532977051444226,131.69614509171575,0.020940888627773113,3.907797741928519,4.600131531788791
670,2.6532977051444226,131.69392923689472,0.01920290093261339,3.9351077710840294,4.667826653365752
671,2.6532977051444226,131.69196552220166,0.017199263892292392,3.8902307665931612,4.618583373212305
672,2.6532977051444226,131.69025488251708,0.014939626056000993,3.7823071245675512,4.496989248048791
673,2.6532977051444226,131.68878183132304,0.012784160754636393,3.669212786729022,4.393508046860519
674,2.6532977051444226,131.68758608192155,0.010581118094567158,3.567209065558877,4.308979415098778
675,2.5269501953756404,131.6866582771478,0.008778494745284861,3.5943704149444495,4.231473808088069
676,2.5269501953756404,131.68592168040348,0.007040812947470195,3.5733053942554434,4.1885344924127565
677,2.5269501953756404,131.68537315695391,0.0052775321462331095,3.5473150211655815,4.161207944561813
678,2.5269501953756404,131.68497712524012,0.0038205302026963926,3.5327851437591136,4.150127466210453
679,2.5269501953756404,131.68470857088582,0.0025876669133813182,3.5324871017099975,4.155075630640011
680,2.5269501953756404,131.6845930319566,0.001115806056184354,3.4539501390174303,4.013918078629445
681,2.5269501953756404,131.68463195615652,-0.0003649579644186712,3.3561363559199537,3.881187614600774
682,2.5269501953756404,131.68482494245413,-0.0017567598646679055,3.2696959014354907,3.7748376507451087
683,2.5269501953756404,131.68516398869195,-0.0030863477365113646,3.2092371126847374,3.702715608528634
684,2.5269501953756404,131.6856217874985,-0.004167355813127827,3.1826868952177376,3.6716016454594214
685,2.5269501953756404,131.68616646111175,-0.004958179697590845,3.1914099482976472,3.682524305564094
686,2.5269501953756404,131.68678091963844,-0.005593433789885567,3.2343355202757693,3.734196427106231
687,2.5269501953756404,131.68735049959315,-0.006010723448400748,3.3087162661437692,3.8249221803754785
688,2.5269501953756404,131.68798842779972,-0.0067319960928101195,3.435505615078583,3.9855604468122157
689,2.5269501953756404,131.6887735481593,-0.00797436623220515,3.600338309289567,4.181861252352337
690,2.5269501953756404,131.68975473393692,-0.009479503624496467,3.7860585573881207,4.396379809347369
691,2.5269501953756404,131.69090942564176,-0.010838797191789398,3.922126960591854,4.524957588166207
692,2.5269501953756404,131.6921716801212,-0.011886628631483296,3.956092935092968,4.5104282989964295
693,2.5269501953756404,131.69352291653354,-0.0127906063382901,3.9496035560940275,4.487141493108399
694,2.5269501953756404,131.6949630096944,-0.013629218403335959,3.943445463138669,4.487962238096597
695,2.5269501953756404,131.69649541137565,-0.014554047067307667,3.8538419330640945,4.341913600645554
696,2.5269501953756404,131.69806666018405,-0.01533119711100254,3.680266659032635,4.1032124311569715
697,2.5269501953756404,131.69970658836792,-0.015837448132088816,3.4888820121638284,3.8856315594182886
698,2.5269501953756404,131.70144509946752,-0.016300488469609124,3.300539022043847,3.6801561538452554
699,2.5269501953756404,131.70327848525798,-0.0166893640236983,3.1177674137191422,3.482950617365393
700,2.5269501953756404,131.7052361456053,-0.01730159118369818,2.946355813455787,3.2943528759681313
701,2.5269501953756404,131.7073282451047,-0.01795121351656821,2.784250329514088,3.1155950361120244
702,2.5269501953756404,131.70952464445415,-0.018297238907682534,2.624511544433378,2.9470967035832434
703,2.5269501953756404,131.71178385338527,-0.018272308701788347,2.464662272883212,2.7885913960131306
704,2.5269501953756404,131.71404395644257,-0.017747126529893048,2.30176629219167,2.6397300399125547
705,2.5269501953756404,131.71625506894623,-0.016856733417475754,2.1377356941334553,2.500844042745636
706,2.5269501953756404,131.71840583963746,-0.01591913490575165,1.978491456527585,2.3706764286241624
707,2.5269501953756404,131.72050483764994,-0.015083431527644691,1.8284472270097636,2.2484229147869006
708,2.406619233691086,131.72249612119842,-0.014587246063286112,1.7330323618773273,2.1308831500758916
709,2.2920183178010345,131.72441290703225,-0.014314160039305761,1.6589817433447758,2.023485603300077
710,2.1828745883819374,131.72627208936615,-0.01415358103988072,1.5932407078015032,1.9230550323428295
711,2.0789281794113688,131.7280591399164,-0.013868620483462626,1.5257314535205642,1.829516308160081
712,2.0789281794113688,131.7298052330079,-0.013156082722124325,1.4159258681705114,1.7454996579268331
713,1.9799315994393987,131.73140286134958,-0.012271199935431703,1.3220559314308016,1.662253020354205
714,1.8856491423232367,131.7328329928775,-0.011197970813712614,1.230776836961421,1.585427246019838
715,1.79585632602213,131.73409694685958,-0.010088966666013555,1.141951268821911,1.5129370756372136
716,1.7103393581163142,131.73520707093792,-0.009033145829932782,1.0566352362063336,1.4441049116156868
717,1.628894626777442,131.73617643179074,-0.008040907206642137,0.975179355992788,1.3788014333444065
718,1.5513282159785162,131.73702094603075,-0.007141322147185895,0.8994551310483098,1.3176591292349455
719,1.477455443789063,131.73773842514274,-0.006184904299069959,0.8274414025860324,1.2594584330259677
720,1.4071004226562505,131.73831715534362,-0.005085714109138075,0.7595786605500756,1.2045158036998043
721,1.3400956406250004,131.73876322543106,-0.0039960505383016195,0.7024573968671732,1.1519020602037875
722,1.2762815625000004,131.73908770910072,-0.0029632806839770235,0.6606466502938615,1.1017649307407036
723,1.2155062500000002,131.73928974671324,-0.0018808936809330686,0.6366017072770811,1.054421085969517
724,1.1576250000000001,131.73937891654487,-0.0008462565447759868,0.6350420225206446,1.0086474447980691
725,1.1025,131.73935435351075,0.00023763925396320416,0.6574172497206021,0.9645253368562581
726,1.05,131.73922209451538,0.0013044080246218492,0.7036920184821075,0.921478013278063
727,1.0,131.73899106730127,0.0023227552920185917,0.7733316970996615,0.8775438145042482
728,1.0,131.7386601088629,0.003230550623710451,0.8345678858632748,0.8366033421097834
729,1.0,131.73830097930886,0.004124158167950092,0.8938460555412697,0.7988066546666437
730,1.0,131.7379317246517,0.004988744044398214,0.9646919651240721,0.7560933920507327
731,1.05,131.7375514891064,0.005755853470536929,1.018957751678592,0.70915760679082
732,1.1025,131.73717216408016,0.006433692322130301,1.0693747722464522,0.6586034570176885
733,1.1576250000000001,131.73680151307656,0.007043779414062702,1.1198971696767415,0.604213029937976
734,1.2155062500000002,131.73644535612405,0.0075835711932286404,1.1699305187901248,0.5462364285890873
735,1.2762815625000004,131.73606270560606,0.007995111826598025,1.2161327816107312,0.48568663953369706
736,1.3400956406250004,131.73564771021933,0.008258025257462996,1.2566750670260787,0.42391450565925487
737,1.4071004226562505,131.73520597649286,0.008371517659553865,1.292687181060232,0.36130514540072595
738,1.477455443789063,131.73474562420694,0.008308921267469295,1.3236293651431261,0.29995819396621504
739,1.5513282159785162,131.73428203909705,0.007968829206325544,1.334439854332231,0.2576336147144344
740,1.628894626777442,131.73383493664338,0.00731952325348174,1.3246679937359125,0.23502835557624324
741,1.7103393581163142,131.7334280027472,0.006344688563798417,1.2991595060426993,0.23245535917017965
742,1.79585632602213,131.73307289325942,0.0051194369021895746,1.2657552250389477,0.24223549650167525
743,1.8856491423232367,131.73279254949242,0.003737010341242867,1.2285069382353753,0.25830827255804945
744,1.9799315994393987,131.73260764190425,0.0022790906796919664,1.1959913702707012,0.28334291081827984
745,2.0789281794113688,131.7325351837958,0.0008505592354826853,1.1726275091286358,0.3168313911463331
746,2.1828745883819374,131.73257839337947,-0.0004830680953001555,1.1603860628421283,0.3598258471713713
747,2.2920183178010345,131.73273663700286,-0.0016848653260079832,1.1583134258901726,0.41333945769782054
748,2.406619233691086,131.73300802692845,-0.0027519681089033417,1.164360410025086,0.4783315565707524
749,2.5269501953756404,131.73337389015393,-0.003533288782691457,1.1748713998363873,0.549182475112848
750,2.6532977051444226,131.73381311514416,-0.0040397837567892345,1.187445795077119,0.6310825670895087
751,2.785962590401644,131.7343073568265,-0.004329334546422064,1.20116238183239,0.7250830371988338
752,2.9252607199217264,131.73482100295558,-0.004285055962770123,1.2139914111719587,0.8290769287360968
753,3.071523755917813,131.73530897894565,-0.0038770520672943795,1.2257644515304087,0.9463369386601755
754,3.225099943713704,131.73572585600513,-0.003154437138770374,1.2359514048828466,1.0738858622134095
755,3.225099943713704,131.735997459113,-0.0022457442150130113,1.2845590788656174,1.2064500015755781
756,3.225099943713704,131.73614335110597,-0.0012063046771997221,1.3593518282580586,1.3573639684666974
757,3.225099943713704,131.73614729475116,-3.260794210936761e-5,1.4517168650936545,1.5187619628028204
758,3.225099943713704,131.73599496686603,0.0012595197070934816,1.5579698131548516,1.69147850485482
759,3.225099943713704,131.73567604277568,0.0026370166997588306,1.6773469009470268,1.876643001184494
760,3.225099943713704,131.73517944517295,0.004106106157924858,1.8099900890037015,2.0764292759373477
761,3.225099943713704,131.73449576793092,0.005652969966645176,1.955978384604276,2.292219734198417
762,3.225099943713704,131.73361749326654,0.007261994395486591,2.1149469680221875,2.5251424715747834
763,3.225099943713704,131.73253957824522,0.008912716216455232,2.2861102391576495,2.7760105944990845
764,3.071523755917813,131.73131023708532,0.010673018845419444,2.519060251324254,2.978576524613785
765,3.071523755917813,131.72988219439122,0.012398125990898734,2.681957284609434,3.143276300040823
766,3.071523755917813,131.72825454739225,0.014131070902019378,2.823467916050337,3.315434148134007
767,3.071523755917813,131.7264306435044,0.015834953878265553,2.9585274619641377,3.4918460490221306
768,3.071523755917813,131.72440758795082,0.017563969020666974,3.093743536085182,3.674024679487767
769,3.071523755917813,131.72221429741927,0.019041932328729583,3.2247570187120678,3.8558982798598604
770,3.071523755917813,131.71989199466606,0.02006839609038675,3.348466054961833,4.0436963300614535
771,2.9252607199217264,131.71744040253805,0.02134367306925752,3.5708511147121444,4.214448179684633
772,2.9252607199217264,131.71478060867122,0.022219815864740946,3.721807409120896,4.392069306513039
773,2.9252607199217264,131.711991598055,0.022538720336970127,3.825909139419726,4.540279329441922
774,2.9252607199217264,131.7091844426272,0.02251110327510686,3.858510719041067,4.575423928399929
775,2.9252607199217264,131.70639345717603,0.022281163677119527,3.8595964504543283,4.596014219118551
776,2.9252607199217264,131.703652755608,0.021882874112826193,3.840178924716777,4.5953547800063355
777,2.9252607199217264,131.70098094627545,0.02142184741507263,3.806742134054232,4.576254837102001
778,2.785962590401644,131.69850912168346,0.021047946599944703,3.8671973332460325,4.5243779225329845
779,2.785962590401644,131.69612134395155,0.02027194513226473,3.8086020874722486,4.405672496811833
780,2.785962590401644,131.69391343311185,0.019044087253057,3.6680574030997426,4.2101530002781145
781,2.785962590401644,131.69188159581225,0.017797979669850722,3.508864827050627,4.02458242443046
782,2.785962590401644,131.68991688643945,0.016708708022004564,3.3317097323624183,3.8056587784954883
783,2.785962590401644,131.68801342212237,0.015716363613636406,3.1346639203027036,3.556421522779308
784,2.785962590401644,131.68618591611,0.014649706301149104,2.9340802414404674,3.3171364150293017
785,2.785962590401644,131.68445432654448,0.013476522445847136,2.736365507024765,3.087918323339401
786,2.785962590401644,131.68284034526673,0.012195346571738094,2.5437513061980623,2.868919238737882
787,2.785962590401644,131.68135710282377,0.010881044182475591,2.3581039465931353,2.6608254090566446
788,2.785962590401644,131.68001521090653,0.009557377532991544,2.180113212315341,2.463661183563922
789,2.785962590401644,131.67880093492462,0.008396559791011211,2.012054373753102,2.2764348725823953
790,2.785962590401644,131.67768882858505,0.0074660874376662155,1.8546730835017096,2.099440150493829
791,2.785962590401644,131.6766519500544,0.006758299170370691,1.7076161529663134,1.9331051194813569
792,2.785962590401644,131.67564735148713,0.00635718515208707,1.5718598717956707,1.777111802125967
793,2.785962590401644,131.67464002029357,0.0061888130523388854,1.4467966665864398,1.6320737342776188
794,2.785962590401644,131.67362239555547,0.006069955573893685,1.3287362478103233,1.4974886636173137
795,2.785962590401644,131.67261817969822,0.0058155086590944965,1.2169363014076973,1.3736635872563734
796,2.785962590401644,131.67167246742557,0.005317193094896843,1.1097996211659669,1.2604081298181047
797,2.785962590401644,131.67081351980397,0.004688704512700949,1.0087562150447342,1.1576555469819316
798,2.785962590401644,131.67003371450883,0.004132711964866776,0.9159664852989184,1.0642651427350687
799,2.785962590401644,131.66930906195,0.003728563665278036,0.8322090660564967,0.9799379838206046
800,2.785962590401644,131.66861444998054,0.0034698984986967713,0.7572154681219041,0.904611010102269
801,2.785962590401644,131.66792120199833,0.0033622182236738357,0.6910834998530591,0.837983090825594
802,2.6532977051444226,131.66724873129465,0.003324778572199093,0.6462340823037517,0.7784979414115558
803,2.5269501953756404,131.66659633440034,0.003288162842067689,0.6112875939082957,0.7283102202166666
804,2.5269501953756404,131.66594588229077,0.0031828746414949175,0.5698210491311607,0.6870419122025334
805,2.406619233691086,131.66533213848663,0.0030615644253971022,0.5390769265735195,0.6501519763509869
806,2.2920183178010345,131.66475700124775,0.0029246900285662962,0.5143528036445212,0.6194635982178264
807,2.1828745883819374,131.66422960846114,0.0027339754862948594,0.4932106392325409,0.5940131101322276
808,2.0789281794113688,131.66373258123414,0.002626592409830645,0.47690598245703203,0.572065440579571
809,2.0789281794113688,131.66324512305457,0.002500993958437044,0.45624551255148,0.5551356496716453
810,1.9799315994393987,131.66279830259222,0.00233700912642252,0.44084983297093633,0.5400707995385741
811,1.8856491423232367,131.6623789833686,0.0022357549560275323,0.4301661162887453,0.527051390972613
812,1.79585632602213,131.66199132530758,0.0021070765924864885,0.4220895977294702,0.5161779843807768
813,1.7103393581163142,131.66167785732566,0.0017890150357136037,0.41473234122227937,0.5075555029618625
814,1.628894626777442,131.66145707486453,0.0013230451702949293,0.40727860731648013,0.5015294109475125
815,1.5513282159785162,131.66132951077608,0.0008026529950785763,0.40066152374268194,0.4971814644504353
816,1.477455443789063,131.66129068832592,0.0002564907109316216,0.39629606490584407,0.4900408294714546
817,1.4071004226562505,131.66133632269253,-0.0003073497053299413,0.3962831816421142,0.4741283733393041
818,1.4071004226562505,131.66146927055536,-0.0008693304861402753,0.39771646907704306,0.45892197621938263
819,1.4071004226562505,131.66169857196732,-0.0014557039269479748,0.40374144456321015,0.44424513830950246
820,1.4071004226562505,131.66203174081403,-0.0020534942232762433,0.4172125992374734,0.4288741338234437
821,1.4071004226562505,131.6624000665132,-0.0026708050956853035,0.43964331990548305,0.41335464820255724
822,1.4071004226562505,131.66279304312872,-0.0033524164002924906,0.4797246649366623,0.39350510080526147
823,1.477455443789063,131.66322057330427,-0.004086483944237735,0.5296399028793782,0.3730211723134853
824,1.5513282159785162,131.6636757511058,-0.004874789566059976,0.5904258219111596,0.3545061019213926
825,1.628894626777442,131.6641529139379,-0.005725760547493872,0.6609663157932543,0.3425616204713971
826,1.7103393581163142,131.66464869804798,-0.006665779645616155,0.7393917847344254,0.3434548513189821
827,1.79585632602213,131.66516564427664,-0.007676133421761803,0.8242174104273271,0.3612395138412775
828,1.8856491423232367,131.66578303184377,-0.008731034892479459,0.9125138919897149,0.39840967805142774
829,1.9799315994393987,131.6665096768326,-0.009786802588482215,0.9987420918114628,0.45263950721860546
830,2.0789281794113688,131.66735487844815,-0.010841504758458706,1.0808429245445554,0.5209831804282142
831,2.1828745883819374,131.66832207533741,-0.011815574372949023,1.1561326344903569,0.5995117046924844
832,2.2920183178010345,131.6694157804769,-0.012724798122274618,1.225125847821564,0.6728769444872084
833,2.406619233691086,131.67064004731517,-0.01356555088973272,1.2895901519190949,0.7514572613102867
834,2.5269501953756404,131.67200323466423,-0.01438558730106375,1.3529812371236054,0.8437628678534401
835,2.6532977051444226,131.67350701332995,-0.015113556364792035,1.4121746027253907,0.9466745574020896
836,2.785962590401644,131.67515477920324,-0.015772079437905352,1.4672612055637033,1.0603136776229884
837,2.9252607199217264,131.67694849208428,-0.016351480457352765,1.5174667986688872,1.18303792800557
838,3.071523755917813,131.67889097675607,-0.016864460562684404,1.5627266625375473,1.3136589206080023
839,3.071523755917813,131.68091088545356,-0.01753664832629506,1.6411592003391133,1.4447035726594775
840,3.071523755917813,131.68303859338283,-0.018472550636775588,1.7412488017250884,1.5885735684979312
841,3.071523755917813,131.6853200107531,-0.019807040861749156,1.8620070146210879,1.7454921031098098
842,3.071523755917813,131.68780051646064,-0.021535506193058898,2.0013891979088445,1.9160422554743837
843,3.071523755917813,131.69050888957076,-0.02351382853446873,2.158102362689447,2.106066314726799
844,3.071523755917813,131.69342630852665,-0.025328743974252926,2.3182333177939056,2.3074661563625263
845,3.071523755917813,131.6965152817539,-0.02681816125801549,2.4736855202048544,2.5162867406572276
846,3.071523755917813,131.6997382003308,-0.027981061588045225,2.621698029525891,2.7300477039286632
847,3.071523755917813,131.7030812927323,-0.029024398894237722,2.769637326511911,2.954531048568279
848,3.071523755917813,131.70654436775075,-0.030066076155532032,2.922294543986487,3.190816074845933
849,3.071523755917813,131.71012315128533,-0.031070646093691777,3.0660651832900676,3.4041307441160873
850,3.071523755917813,131.7138040089335,-0.031956843493125775,3.1642402102586655,3.521974487501775
851,3.071523755917813,131.7175447262789,-0.03247653948660822,3.2147776550091702,3.5799418513900267
852,3.071523755917813,131.7214114866975,-0.03259304177803115,3.144691939090603,3.3789151546414264
853,3.071523755917813,131.7253532471273,-0.032257494335412834,3.024755014668844,3.1811766538379875
854,3.071523755917813,131.72930879423237,-0.03142749314043498,2.8804595367992394,2.989255261848547
855,3.071523755917813,131.73321416441385,-0.03012507666618748,2.7211559299955024,2.804318898452111
856,3.071523755917813,131.73699247546185,-0.02829609066297219,2.5477772191375214,2.6285399783360384
857,3.071523755917813,131.7405553528007,-0.025905523701795326,2.3604041704355003,2.463091294341821
858,3.071523755917813,131.7438172615619,-0.02302640240085824,2.1630865123575305,2.307672001697575
859,3.071523755917813,131.74672291157688,-0.019914085088789876,1.965278569257365,2.155665118019471
860,3.071523755917813,131.74926282378559,-0.01690046044580115,1.7783537783654069,1.9988676831694074
861,3.071523755917813,131.7514389230387,-0.014057927735554938,1.605096119553687,1.8429341911597172
862,3.071523755917813,131.7532875939961,-0.011594846416531428,1.452694149111358,1.682734045224419
863,3.071523755917813,131.75484959766544,-0.009511526165382398,1.3210806272408957,1.5267392102886936
864,3.071523755917813,131.75606760298768,-0.007200789551012902,1.1980276224355344,1.3965802178606987
865,3.071523755917813,131.75684707197138,-0.004473964630573906,1.0859003532167657,1.2863562680098146
866,3.071523755917813,131.75710962348242,-0.001463089876011746,0.9972382902418967,1.189506522090565
867,3.071523755917813,131.75680142454155,0.0016674407094356427,0.9404024281691044,1.1016748713913604
868,3.071523755917813,131.75597623007698,0.004334493337249443,0.9129838458423216,1.000752560688474
869,3.071523755917813,131.75473652900126,0.006322106201346589,0.8998354188357739,0.8909980160423906
870,3.071523755917813,131.75323884061513,0.007637764634928502,0.8889598350796222,0.7798297866871008
871,3.071523755917813,131.75158481328592,0.008435046673602297,0.876170944656423,0.6782927460613362
872,3.225099943713704,131.74974088881288,0.008694836375510266,0.8409958337988779,0.5994950677441602
873,3.386354940899389,131.7477796155024,0.008551255441904161,0.7923100281995661,0.5321417486844014
874,3.5556726879443583,131.74570982112718,0.008344348615931817,0.7426816972003186,0.4763966891094482
875,3.7334563223415764,131.74349455511918,0.00825780450911264,0.7005274246982857,0.4285178868835002
876,3.9201291384586554,131.7410859976189,0.008301741552661716,0.6672673050595147,0.3903850726155671
877,4.116135595381588,131.73841856973127,0.008501163202093407,0.644741212119685,0.36974678698329266
878,4.321942375150668,131.73549038785924,0.008628934853765388,0.6243093218270372,0.3572092143775916
879,4.538039493908202,131.7323289900297,0.008614136901312582,0.6027112147639919,0.35205073739239295
880,4.764941468603612,131.72899614815526,0.008396935247818337,0.5759645187953529,0.3439766943769182
881,5.003188542033793,131.72550554360922,0.008131678901983384,0.5494792312807981,0.34930852923762024
882,5.253347969135483,131.72183899388142,0.007897881748643896,0.5261951339949539,0.3688873415945553
883,5.516015367592257,131.71803807979327,0.007570325915899387,0.5001998115594354,0.3731034833071588
884,5.791816135971871,131.71408608608618,0.0072780702678824005,0.4769199502008318,0.38873908573433347
885,6.081406942770465,131.71000794054774,0.006944423477818291,0.45268505546276294,0.3958130627410048
886,6.081406942770465,131.7059894136149,0.0066435947739777465,0.43243783071871633,0.36538623826463806
887,6.081406942770465,131.7019731160165,0.006446513734263161,0.41864118597770184,0.34383311065210015
888,6.385477289908988,131.69775724411204,0.006256910022907222,0.40455861369553575,0.3492348790105896
889,6.385477289908988,131.6935381143846,0.006079364137890724,0.39243157700643844,0.3147518235262256
890,6.704751154404438,131.6892075700299,0.0057696736065614845,0.37340955975509993,0.2838234908207046
891,7.03998871212466,131.68473960756285,0.005504168833375781,0.35592178732390284,0.27696714270024164
892,7.391988147730893,131.6801158984869,0.005266792486638848,0.3397141959410055,0.27489901972824726
893,7.761587555117438,131.67535761213742,0.005011638732986986,0.32281600368258195,0.26775564981004646
894,8.149666932873311,131.67046042322394,0.004769243725318923,0.3064082212902354,0.26682588660687434
895,8.149666932873311,131.6655731148719,0.004620991559202025,0.2956237465134684,0.25009770123905406
896,8.149666932873311,131.6606898163612,0.004482718660233963,0.286125367149453,0.2194589875939548
897,8.557150279516977,131.6556609478602,0.004268467368110546,0.2724494400783104,0.20106009191353977
898,8.985007793492827,131.6506441135668,0.003937358131683065,0.25272900055583364,0.1598483100014501
899,9.434258183167469,131.6457086004155,0.0035816319217561047,0.2314081953227499,0.12063013977123911
900,9.905971092325842,131.64086741535974,0.0032484321406405273,0.21097953677959336,0.09000826872330582
901,10.401269646942135,131.63606519296084,0.002979462064061542,0.19374836376159327,0.08007090070817527
902,10.921333129289241,131.63122393714153,0.0027773275315409506,0.18018630931567847,0.10119735832777652
903,11.467399785753704,131.62634138819874,0.0025899366949145926,0.16773831090477007,0.13757253251764756
904,12.04076977504139,131.62251563014397,0.0022737976852033864,0.1494154466728413,0.21202035807340552
905,11.467399785753704,131.6196873162612,0.002076501730401,0.1399396609231045,0.33173248311101566
906,10.921333129289241,131.61738702393353,0.002086210353182209,0.1438210563202587,0.45735984510366356
907,10.401269646942135,131.61534067740916,0.002292580620809047,0.16035863313755308,0.5754300035899031
908,9.905971092325842,131.6135086469516,0.002535411767774498,0.18082997673631765,0.7162866093905196
909,9.434258183167469,131.61187094896977,0.00279975480927651,0.203259629122134,0.8067507280725414
910,8.985007793492827,131.61041051133225,0.003084178999438583,0.22772664937003181,0.8606055142776873
911,8.557150279516977,131.60912598823634,0.0033509569585368757,0.2539769838362764,0.9248636245001339
912,8.149666932873311,131.6080125828867,0.0035879849214313433,0.28082013446727977,0.9957763522992933
913,7.761587555117439,131.60691221046852,0.003780575078985423,0.308208373369253,1.0666649188043913
914,7.391988147730894,131.60581314484023,0.003964889576354539,0.3373347369385094,1.1096036336822683
915,7.039988712124661,131.60471829471751,0.0041471662050259735,0.3679221844674809,1.125419354667439
916,6.7047511544044385,131.60357572247918,0.004411969601006237,0.4026324160944972,1.09278396799396
917,6.385477289908989,131.6023611239377,0.004781164359616616,0.44101861266423975,1.0138580747461878
918,6.081406942770466,131.6010612337311,0.005216265213614641,0.48025787831159583,0.9070664524809648
919,5.791816135971872,131.5996527740622,0.005761684620097836,0.5220148556759593,0.7729262433969478
920,5.516015367592258,131.59812965961063,0.00635169564997523,0.5631575836608405,0.6343773465813108
921,5.516015367592258,131.5964339183636,0.0068656158630847055,0.5936983933584492,0.481771754264843
922,5.791816135971872,131.59457807655127,0.007156020445355171,0.6044001588398084,0.3323254561633188
923,6.081406942770466,131.59258924270185,0.007303647785049172,0.6018617282584181,0.20819925172238649
924,6.385477289908989,131.59048726105496,0.007351584257891119,0.5904560678114423,0.15940556086983745
925,6.7047511544044385,131.58821788560024,0.007338914851192602,0.5735504800873412,0.2239223017954906
926,7.039988712124661,131.58578361561098,0.007278932914657056,0.5527826831711292,0.33632366920276136
927,7.391988147730894,131.5831894987179,0.007172358515083192,0.5291180232331998,0.4562232069479952
928,7.391988147730894,131.5809985285215,0.00712672485780534,0.5113952821423854,0.5401857221876989
929,7.391988147730894,131.57899854964631,0.0072149425756055366,0.5029566785706224,0.6182220478318751
930,7.039988712124661,131.57706116645346,0.007338584466738003,0.5030005194906844,0.6073562869949788
931,6.7047511544044385,131.57515733572782,0.007351520546910835,0.5023445806950998,0.5609637178152596
932,6.7047511544044385,131.57327393005613,0.007060825735699508,0.48816680552398767,0.501406371552082
933,6.7047511544044385,131.57145147013324,0.0066333418777306755,0.4682944318058135,0.4374137992384468
934,6.7047511544044385,131.5697042338474,0.006174315392744539,0.4475272286819481,0.3745286799626015
935,6.7047511544044385,131.56804297811016,0.005699495811381558,0.4269822293160726,0.30625487569794463
936,7.039988712124661,131.5664189762581,0.005151811229813319,0.4010935953598976,0.25125674796812486
937,7.391988147730894,131.56485355665623,0.004591743978496431,0.3747352981473128,0.18852952657370584
938,7.761587555117439,131.5633560577919,0.004061503907336118,0.3490462702121522,0.14028776626558945
939,8.149666932873311,131.56193184115816,0.0035716583022783097,0.32458228238634973,0.12998056817222
940,8.557150279516977,131.5605691529525,0.0031598307651135374,0.3029766217168372,0.16747685796300463
941,8.985007793492827,131.55924773320825,0.0028332284488968677,0.2842976144733303,0.2270883340205684
942,9.434258183167469,131.55798525614267,0.0025779530323656098,0.2690395278430794,0.2879040694057375
943,9.434258183167469,131.55696832517702,0.0024430032763783516,0.26276522270249536,0.3459493246051571
944,8.985007793492827,131.55613801113063,0.0024640262822826484,0.27015758442130294,0.4043458835314451
945,8.557150279516977,131.55530539452585,0.0025946849986002224,0.2882261819333081,0.4603834094119268
946,8.149666932873311,131.55445412364227,0.0027854582379665672,0.3107626845621004,0.50709364668451
947,7.761587555117439,131.55357997162852,0.0030033443804595274,0.3351108348173715,0.5480180237672604
948,7.391988147730894,131.5526891792388,0.0032135419118937336,0.3616100541773508,0.5815433497850196
949,7.039988712124661,131.55179272413403,0.003395668720071981,0.3891361299669566,0.6061472964708876
950,6.7047511544044385,131.55090196690242,0.0035427901247343245,0.41666695618736727,0.6220107386849032
951,6.385477289908989,131.55004438603558,0.003581380384902862,0.4416389307170181,0.6426857191830335
952,6.081406942770466,131.5492182058334,0.0036227590532976034,0.4669136027044925,0.6328008967449757
953,5.791816135971872,131.54838419070407,0.0037281267570037357,0.4942734796595706,0.5927747065996679
954,5.791816135971872,131.5475484335369,0.0036271008069214006,0.5079226288863274,0.5613506803074796
955,5.791816135971872,131.54675829363913,0.003329249042433445,0.5096902209595234,0.5377605526259158
956,5.791816135971872,131.54603517654263,0.0029581057560836795,0.5060251913045598,0.5013981500537754
957,5.791816135971872,131.54546546349428,0.002330565071300741,0.4936172997410268,0.5038215626121375
958,5.791816135971872,131.5450802730526,0.0015757255197590859,0.48378562150956156,0.5052397753440588
959,5.791816135971872,131.5448425949472,0.0009439674498731953,0.4777017793727922,0.47259332455020325
960,5.791816135971872,131.54471527657185,0.0005056603845208427,0.47760705606625914,0.40191894034947784
961,5.791816135971872,131.54468925025577,0.0001198303053273126,0.4913033480368375,0.38278070726968777
962,6.081406942770466,131.54475165166372,-0.000273627067342118,0.48950946695451164,0.3699057476904173
963,6.385477289908989,131.5449223315985,-0.0007127838253285705,0.48190399175649185,0.38213145035046525
964,6.7047511544044385,131.5451846003513,-0.0010127340096253057,0.469427484172301,0.3668156593164959
965,7.039988712124661,131.54554854892393,-0.0012994582793446241,0.45525070485183494,0.3669581238937785
966,7.391988147730894,131.5460275771873,-0.00158145534890666,0.43842053978235496,0.3671892946870988
967,7.391988147730894,131.54660846263604,-0.0019177248406137043,0.43037796758835895,0.3566781562744318
968,7.761587555117439,131.5472898624291,-0.002142439143666497,0.4231100166566211,0.40692179415538315
969,7.761587555117439,131.54797867788645,-0.0023665792680827224,0.42696939689549807,0.4553399976007983
970,7.761587555117439,131.54874395341187,-0.0026292749001916743,0.4350395323414163,0.47873278394263774
971,7.761587555117439,131.5495621319703,-0.002811035079807045,0.4479597332523989,0.5188812037298425
972,7.761587555117439,131.5504296696281,-0.0029806192840123595,0.46748236222359363,0.585519856967077
973,7.391988147730894,131.55132805099635,-0.0032409192232079795,0.49709821618973477,0.6047006951428825
974,7.039988712124661,131.55229205544438,-0.0035451823835151823,0.527135596359076,0.5820144018695569
975,7.039988712124661,131.553296343578,-0.003804127817830031,0.5561337855193487,0.6518423242029545
976,7.039988712124661,131.55433761902157,-0.003944231489019797,0.5761891790505086,0.6505582489167211
977,7.039988712124661,131.55544204930047,-0.004061606537689894,0.5900492148990009,0.62490418509517
978,7.039988712124661,131.55658590543717,-0.004206597421215354,0.6032852686183096,0.6164002916107046
979,7.039988712124661,131.55774606735957,-0.00426656289573957,0.6152092988763441,0.6117292191148461
980,7.039988712124661,131.5588907637805,-0.0043359782435396475,0.6352001118425379,0.6526743907870045
981,7.039988712124661,131.5600626245511,-0.004438873672773891,0.6558251277842116,0.6579611340193553
982,7.039988712124661,131.56126730940247,-0.004563207510968217,0.6756347131393182,0.6527226067445476
983,7.039988712124661,131.56250918003292,-0.004704062961006696,0.6989922646268215,0.6831807890757119
984,7.039988712124661,131.56379713307982,-0.004878617848366752,0.7223256910483198,0.6883221419772758
985,7.039988712124661,131.56509942240623,-0.00493292202475311,0.7436972261512453,0.694378269296045
986,7.039988712124661,131.56641784514616,-0.004994033537307067,0.7631136787734659,0.6794805663211311
987,7.039988712124661,131.56775536187718,-0.005066359377241349,0.7791811996123131,0.6513839087213913
988,7.039988712124661,131.56909106101995,-0.0050594745620901075,0.794818660268724,0.6341868016321027
989,7.391988147730894,131.57045232927103,-0.004910788000507398,0.7942756245184326,0.6566627729855313
990,7.761587555117439,131.571826477179,-0.0047211918893041846,0.7823900113407181,0.6835603923571543
991,7.761587555117439,131.57320894597984,-0.004749780174137896,0.7888163351498721,0.6826694971454632
992,7.761587555117439,131.5746001682555,-0.004779854690838607,0.7999642958335937,0.6804064270979556
993,7.761587555117439,131.5759809316617,-0.004743920909923628,0.812204581750249,0.6793976299605264
994,7.761587555117439,131.57735192617778,-0.004710357707663388,0.8255539010446326,0.6591492517371582
995,8.149666932873311,131.5787922295501,-0.00471284167133116,0.8241454720200561,0.6746626382960071
996,8.557150279516977,131.58027810884235,-0.004630448980841598,0.8149732346163276,0.6862221358820816
997,8.557150279516977,131.58174216048116,-0.004562427415739399,0.8150716825935763,0.6349607482128075
998,8.985007793492827,131.58323954868058,-0.004444108775799588,0.8033570119066956,0.6177802643025628
999,9.434258183167469,131.5847708568506,-0.004328361991190239,0.7891836634970771,0.6303442545811238
1000,9.905971092325842,131.58634698111533,-0.004242893503286332,0.7761087306248255,0.6305435996586478
1001,10.401269646942135,131.58797301563575,-0.0041688103487953244,0.7647622204525079,0.6303323554841405
1002,10.921333129289241,131.58962980022912,-0.004045378157304263,0.7547540339506241,0.6594233243494618
1003,10.921333129289241,131.59124370892155,-0.0039406878831914705,0.7604395697726771,0.6545714034787257
1004,10.921333129289241,131.5928257869826,-0.0038629668918916554,0.7723399837486203,0.6493127719005367
1005,10.921333129289241,131.59437913374842,-0.0037928135634500925,0.788010923362546,0.6860435000522143
1006,10.921333129289241,131.59593326455828,-0.0037947279669943057,0.8048357780890326,0.7417174156435375
1007,10.921333129289241,131.59750360839024,-0.0038343153736162213,0.818483557859877,0.7479568639686268
1008,10.921333129289241,131.5990674239299,-0.0038183752140342384,0.8289686776543322,0.7715617689675538
1009,10.921333129289241,131.60060282297525,-0.003748990536098044,0.8383891656590715,0.798110638049358
1010,10.921333129289241,131.6021014343929,-0.0036591660252150424,0.8475841644059302,0.8000695271436388
1011,10.921333129289241,131.60357415902158,-0.0035959581398978713,0.8607944281003718,0.8186477369675215
1012,10.921333129289241,131.60504698093933,-0.0035961956909775377,0.872457855326882,0.8234020684910953
1013,10.921333129289241,131.60654329923324,-0.003653566895100122,0.883698744376323,0.8272337527671987
1014,10.921333129289241,131.60807650251755,-0.003743629136831059,0.8937682001475276,0.8135976398075331
1015,10.921333129289241,131.60966126030496,-0.0038695099914880416,0.9028883813929066,0.7907070734351596
1016,10.921333129289241,131.61127693566075,-0.00394500155281017,0.910908017994131,0.774750365164142
1017,10.921333129289241,131.61290573406214,-0.003977044150529135,0.9178381084414977,0.7669688399064343
1018,10.921333129289241,131.6145595106986,-0.004038033615725389,0.9250196733721264,0.7559529230113837
1019,11.467399785753704,131.61627595954866,-0.0039914863168807,0.9090279505706015,0.7345999833334874
1020,12.04076977504139,131.61805736141915,-0.003830356168059811,0.8801098328093168,0.7257845582611757
1021,12.64280826379346,131.61985961649196,-0.0035831664894050283,0.8457356754650595,0.741084454019727
1022,12.64280826379346,131.6215929347013,-0.00334573705295387,0.8269767865782689,0.7315404250446287
1023,12.64280826379346,131.62320717872535,-0.003115894135651873,0.8146001785829792,0.7326123220161475
1024,12.64280826379346,131.62475876433095,-0.0029949477385041055,0.8047716687302221,0.6981869294740759
1025,12.64280826379346,131.62629337489298,-0.0029621816649816877,0.793024107958052,0.6633987826212421
1026,12.64280826379346,131.6278306271002,-0.0029672806999084837,0.7832965894673107,0.610936941248391
1027,13.274948676983135,131.6294695860988,-0.0029251966798575285,0.7604587975278772,0.5734010899215304
1028,13.938696110832291,131.63120930703894,-0.002871045332420843,0.7331037006052185,0.5759060596900739
1029,14.635630916373906,131.6330912691391,-0.0028717379561408606,0.7043780792509066,0.5720424113217828
1030,15.367412462192602,131.63518554161558,-0.0029548850895264995,0.6764982643035692,0.5762090709842127
1031,15.367412462192602,131.6374357676922,-0.0031749256872912845,0.6669292386282675,0.6379369793803269
1032,15.367412462192602,131.63952385991684,-0.0034660766443805296,0.6658722219344875,0.7351684725243351
1033,15.367412462192602,131.6417058390432,-0.003786330989604508,0.6734625227557506,0.8333529778720966
1034,14.635630916373906,131.6439915326563,-0.004164619211239668,0.7049628792594442,0.937633979623304
1035,13.938696110832291,131.64634591384254,-0.00450425906409918,0.745494319596562,0.9934731102625325
1036,13.274948676983135,131.64872153349995,-0.004772135777918487,0.7904104579972349,1.0131029966118366
1037,12.64280826379346,131.65107816111652,-0.00497068386994441,0.8346282999283138,1.008444549911094
1038,12.04076977504139,131.65345976360922,-0.0051209027840395825,0.8802715228446455,0.9775676183300227
1039,12.04076977504139,131.65592208427213,-0.005140254711716234,0.9084856961530748,0.9059281557840417
1040,12.04076977504139,131.65823658191078,-0.00512591289287418,0.9267189056127977,0.8407016569938219
1041,12.04076977504139,131.66055563862918,-0.005136009876953709,0.9431719871860881,0.796205153773475
1042,12.04076977504139,131.66288024237696,-0.005148294870995171,0.956533290429428,0.7762962110064646
1043,12.64280826379346,131.6652440182843,-0.004985761302399805,0.9425585346540268,0.7399495517753224
1044,13.274948676983135,131.66759711499773,-0.004589215313682171,0.9129954536505983,0.7196739316778609
1045,13.938696110832291,131.66981390194118,-0.003997570098398088,0.8749808763649666,0.7816250049070387
1046,13.938696110832291,131.6715831454539,-0.0033848092123671433,0.8540672684793341,0.9151042123887795
1047,13.938696110832291,131.67303707284628,-0.0027815655656564077,0.8409934596503362,1.0918159795803224
1048,13.274948676983135,131.67418650802375,-0.002308981034694953,0.8557238850202987,1.2503790618528057
1049,12.64280826379346,131.6751024536621,-0.0019319455388621244,0.8824877936975123,1.3926506370952167
1050,12.04076977504139,131.6758236934773,-0.001597328252052282,0.916856189060989,1.527428967901808
1051,11.467399785753704,131.67641722038132,-0.0013802068823117173,0.9548742388007231,1.5730387515725548
1052,10.921333129289241,131.67694555292732,-0.0012900318785709964,0.9983327534742495,1.5573001325463158
1053,10.401269646942135,131.677451123188,-0.0012961757627732871,1.0476626475961874,1.5272897468975029
1054,9.905971092325842,131.67801703399658,-0.0014790485841928102,1.0944716784897688,1.4232086811066957
1055,9.434258183167469,131.67864854947382,-0.0016825598616095425,1.1411918842629152,1.3191987086436276
1056,9.434258183167469,131.67933431676173,-0.0017738874688323235,1.1583212574982131,1.2252746291002703
1057,9.434258183167469,131.68001887853305,-0.0017191933356662187,1.15691496060599,1.1635634953291802
1058,9.434258183167469,131.68064223795866,-0.001565491114271516,1.1529012335627042,1.1672839976780658
1059,9.434258183167469,131.68118804817902,-0.001370735750455469,1.1424095506724812,1.1446382935024921
1060,9.434258183167469,131.68164283765847,-0.0011421482692315107,1.1254995225921094,1.0850826796230721
1061,9.434258183167469,131.68201940181478,-0.0009456949174877099,1.1060020445634287,0.9996106177840306
1062,9.434258183167469,131.68239898357535,-0.0009532732626152729,1.0896665909810845,0.8728890471665852
1063,9.905971092325842,131.6828248661116,-0.000988952389471572,1.0536078551418935,0.8249484453810391
1064,10.401269646942135,131.68328060026107,-0.000978522016229149,1.0026595154595437,0.8140494744149521
1065,10.921333129289241,131.68374295269592,-0.000917921736266742,0.9504622949344054,0.8367088968262261
1066,10.921333129289241,131.68418392395907,-0.0008499738581394942,0.9189392045571537,0.8499107935029707
1067,10.921333129289241,131.68454702313826,-0.0006794903960301962,0.8940212257194506,0.858998459374811
1068,10.921333129289241,131.68475415463945,-0.00038761824246063745,0.8770933700548367,0.8782871429438681
1069,10.921333129289241,131.68480372391468,-0.00010913189566124575,0.8641577531007487,0.8984308208047935
1070,10.921333129289241,131.68475631632083,0.00010133274756442113,0.8582253494554671,0.8610932237444483
1071,10.921333129289241,131.6846439342799,0.0002402142792864856,0.8560593845502903,0.8400183077907102
1072,10.921333129289241,131.68450084992773,0.00030583983222204716,0.8545985152055808,0.8279365329490906
1073,10.921333129289241,131.68436799506986,0.00028397450024141414,0.8541030456744774,0.8220987623447774
1074,10.921333129289241,131.68424203163895,0.0002692442184590465,0.8540256321249433,0.7898863700978808
1075,10.921333129289241,131.6840969477983,0.0003101136971879982,0.8553755082659042,0.7548671545551732
1076,10.921333129289241,131.68394907722868,0.0003160702725708416,0.860341803330314,0.7470831878860298
1077,10.921333129289241,131.68382388857884,0.0002675881398727715,0.8642501520290115,0.7496885749330556
1078,10.921333129289241,131.68374404610796,0.0001706616238350161,0.8749221885838637,0.772171917254213
1079,10.921333129289241,131.68372610384773,3.835120891249291e-5,0.8916989231164797,0.8088472101154903
1080,10.921333129289241,131.68377129516057,-0.00011034382553016068,0.9258722561073217,0.991943797084412
1081,10.921333129289241,131.68388927814237,-0.0002880795605122937,0.9553425201476149,1.0839094387126607
1082,10.921333129289241,131.68405712114622,-0.00040982299351537165,0.9813902719049821,1.1310705990304357
1083,10.921333129289241,131.68423332722165,-0.0004302431416292052,1.0003907188395462,1.1416040118273831
1084,10.921333129289241,131.6844270075429,-0.00047291008408985037,1.0210844956636047,1.187196334279474
1085,10.921333129289241,131.68465691646094,-0.0005613696065026473,1.0381960957500416,1.1956050731446795
1086,10.921333129289241,131.68495579244276,-0.0007297667864108151,1.0506072414421217,1.215231073963044
1087,10.921333129289241,131.68530203119502,-0.0008454126693129282,1.0735119075795632,1.2819555894669294
1088,10.921333129289241,131.68571652100715,-0.0009825840578974127,1.0891683018827165,1.2468042633568657
1089,10.921333129289241,131.68622525406218,-0.001170869748312706,1.0984192471055108,1.1974408157258916
1090,10.921333129289241,131.68686476529516,-0.0014289912876799902,1.109859339056114,1.161481814139997
1091,10.921333129289241,131.68762794059847,-0.0016556498227934331,1.1234075485578252,1.1154380458473068
1092,10.921333129289241,131.68843696432526,-0.0017551144332624267,1.1302764914423473,1.0422734424517528
1093,10.921333129289241,131.68932602594683,-0.0019287504587051332,1.134703909468639,1.0012075356014087
1094,10.921333129289241,131.6903016484284,-0.0021165375526715972,1.1380039160711537,0.9676746154059123
1095,10.921333129289241,131.6913738515585,-0.0023260618034562303,1.151677235980435,0.9422740975042108
1096,11.467399785753704,131.69250505403292,-0.0023371964953190273,1.1427938079495739,0.9105766267571823
1097,12.04076977504139,131.6936323671811,-0.002218248278833654,1.1261855873105944,0.9643425903897002
1098,12.04076977504139,131.6947267401738,-0.002153430935686915,1.1224398796466863,0.9481587133303334
1099,12.04076977504139,131.69581677949114,-0.0021449034312216874,1.1268095236631461,0.90361397249177
1100,12.64280826379346,131.69696306895483,-0.002148179571770894,1.1068286897458188,0.8919025322463292
1101,13.274948676983135,131.6982298667167,-0.002195113827515666,1.0736485584780608,0.863021639150498
1102,13.938696110832291,131.69961071891868,-0.0022124345456968025,1.0323666874706197,0.8218079991817503
1103,14.635630916373906,131.70106895452412,-0.002160351449408932,0.9862191048738242,0.7914078915856075
1104,15.367412462192602,131.70260043832192,-0.0020978894226398796,0.9368882431935899,0.7630796065534696
1105,16.135783085302233,131.70420644565425,-0.0020341884621382137,0.8856688558483772,0.7373105433241413
1106,16.942572239567344,131.7059045066203,-0.0019887052396272073,0.8338155246216591,0.7059154818446421
1107,16.942572239567344,131.7076179117235,-0.0019482288513769615,0.8003505507233163,0.7024674269478877
1108,16.942572239567344,131.70931198449392,-0.0018701427228482103,0.7776631468738515,0.6915735277868541
1109,16.942572239567344,131.71092877986553,-0.0017848336572774848,0.762408099563041,0.6765315295640656
1110,16.942572239567344,131.7124890163126,-0.0017223963978478017,0.7497668355282817,0.666601939549669
1111,16.942572239567344,131.71396210592673,-0.0016261921388239762,0.7390972272938615,0.6766751938395607
1112,16.942572239567344,131.71536366235335,-0.0015472242974703101,0.7306465451087296,0.6838229533823732
1113,16.942572239567344,131.71667614930084,-0.0014488975659178787,0.7237773871105696,0.7058809959627821
1114,16.942572239567344,131.71790542384625,-0.0013570366548946882,0.7178856585765729,0.7167290383330985
1115,16.942572239567344,131.71907851315538,-0.0012950119221874661,0.7122129337056536,0.7212949650704265
1116,16.942572239567344,131.72019198682767,-0.0012292002572930432,0.7062166715643143,0.7291839991258194
1117,16.942572239567344,131.7212234610869,-0.0011386784046845122,0.7009930809683427,0.7426523314711729
1118,16.942572239567344,131.72218001770835,-0.0010559743571154534,0.6956513194436993,0.7560264942198055
1119,16.942572239567344,131.72307991693845,-0.0009934283968646164,0.6903035951395691,0.7625894425506385
1120,16.942572239567344,131.72380131023561,-0.0009369056689493603,0.6850320222972183,0.7813607540306736
1121,16.942572239567344,131.72437982181174,-0.000883928001743723,0.6849789767781602,0.834315044828579
1122,16.135783085302233,131.72491812985191,-0.0008896302706091615,0.7077770060197685,0.9402209909250497
1123,15.367412462192602,131.7254600717567,-0.0009404175337124442,0.7442748984859016,1.017786842998495
1124,14.635630916373906,131.72602487040334,-0.001029084248537979,0.78956615642401,1.057252739272204
1125,13.938696110832291,131.72660191784882,-0.0011039721187675352,0.8407440677832804,1.0881613874047542
1126,13.274948676983135,131.7271797111683,-0.0011606690337410599,0.8957130221085676,1.106126624887184
1127,12.64280826379346,131.7277435770238,-0.0011893261766643625,0.952975993109548,1.1142586674271495
1128,12.64280826379346,131.7283131831762,-0.001166440599423208,0.9917126269749017,1.0390313137188742
1129,12.64280826379346,131.72887681162857,-0.0011205819938684513,1.018063526187948,0.9680431015543827
1130,12.64280826379346,131.72937966802155,-0.000999757583591491,1.0336467803429792,0.9147322710987968
1131,12.64280826379346,131.72981302585615,-0.0008615835205368386,1.041931458473297,0.8738556641848066
1132,12.64280826379346,131.73019788208762,-0.0007651547069247459,1.045071339067017,0.8404123537110965
1133,13.274948676983135,131.73058118511545,-0.0007046386441357712,1.0212965271507073,0.7654205246994118
1134,13.938696110832291,131.73095872505255,-0.0006417421765596565,0.9804044874942415,0.7183492554621352
1135,14.635630916373906,131.73134029853824,-0.0005997211279561358,0.9308869928648114,0.6848695009053012
1136,15.367412462192602,131.73172861728898,-0.0005643298178883822,0.8757425738455072,0.6859825284774264
1137,16.135783085302233,131.73210717058453,-0.0005086805634373804,0.8172600358520367,0.743617619193729
1138,16.135783085302233,131.7324460393015,-0.0004553544558466053,0.7730517937878856,0.8069807547196934
1139,16.135783085302233,131.73270736215275,-0.00041312033687521674,0.738422571567415,0.8653973991496824
1140,16.135783085302233,131.73294921606401,-0.00039969783916324884,0.7153898199292165,0.9530807312474355
1141,15.367412462192602,131.73317933389836,-0.0003993174257321424,0.7161813256782776,1.0652810378513116
1142,14.635630916373906,131.73340306378725,-0.00040764422130310505,0.7302685128757357,1.1521183575462925
1143,13.938696110832291,131.73361706068823,-0.00040940587146341104,0.7524124624848968,1.2032767268448046
1144,13.274948676983135,131.73382631584067,-0.0004203509584004333,0.780159782266531,1.2236858166747193
1145,12.64280826379346,131.73404198443575,-0.00044164657328943,0.815306003559582,1.1830186704610437
1146,12.04076977504139,131.734268023829,-0.00047187195134962403,0.8497161706037591,1.1413076325443847
1147,11.467399785753704,131.73450908450442,-0.0005130013095736155,0.8825851864015472,1.0771484660099158
1148,10.921333129289241,131.73477148209219,-0.0005692512817223852,0.9125952278373003,1.0014741642267384
1149,10.921333129289241,131.735072471956,-0.0006339555742781715,0.9162732905859853,0.8767596813438818
1150,10.921333129289241,131.73540375298754,-0.0006977559107025084,0.8994322200125683,0.7753635289843586
1151,10.921333129289241,131.73578828883998,-0.0007863331181434575,0.8698293475284066,0.726654794020294
1152,10.921333129289241,131.73622905797208,-0.0008750717774693742,0.8348196561509676,0.6771169965471173
1153,11.467399785753704,131.73674710824153,-0.0009509942369172858,0.7799742632387946,0.6486614808015585
1154,12.04076977504139,131.73734625170684,-0.0010169750172994065,0.7133503110859212,0.7222122084804505
1155,12.04076977504139,131.73789930328746,-0.0011043994191336085,0.6588979232508465,0.7817632015616784
1156,12.04076977504139,131.73844528328593,-0.0012091807165135174,0.6205686582621909,0.8120474934802541
1157,11.467399785753704,131.73902594573607,-0.001350291460524665,0.6084898860441765,0.8153464496457089
1158,10.921333129289241,131.7396325395686,-0.001481122802670814,0.6106959406553901,0.8319071954784528
1159,10.401269646942135,131.74026412709006,-0.00161925750199188,0.6218641376342613,0.8355518639440974
1160,9.905971092325842,131.7409587371189,-0.0018154132492332565,0.6401505732166672,0.7937552823425217
1161,9.434258183167469,131.74173627447345,-0.002071608995889957,0.6639682533459726,0.7461071029500195
1162,9.434258183167469,131.7426273187865,-0.00230488150840661,0.6770784222267446,0.6919414490750435
1163,9.434258183167469,131.74358722638823,-0.0024830115052737194,0.6814145068301101,0.6452834507979678
1164,9.434258183167469,131.74459238756313,-0.002600069795891042,0.6806843654447354,0.6198769490553127
1165,9.434258183167469,131.7456078462083,-0.002626706460495271,0.6755551490975141,0.5624853689099755
1166,9.905971092325842,131.74668298256842,-0.0025714988043446458,0.6543542864659906,0.5245032863130864
1167,10.401269646942135,131.7478036746888,-0.0024784637527652856,0.6237077704837458,0.49895716934091033
1168,10.921333129289241,131.74895735209955,-0.0023591421971793894,0.5872238625175069,0.47961821780313446
1169,11.467399785753704,131.75013696402294,-0.0022303979618368214,0.5503651513411081,0.4770214937457837
1170,11.467399785753704,131.75129952467097,-0.0021341335801744834,0.523392545231571,0.4644487419622496
1171,11.467399785753704,131.7524481026711,-0.002047053767793658,0.5002136426690078,0.46569517921506065
1172,11.467399785753704,131.7535817524542,-0.0019615999465577103,0.4801825895845742,0.4605379035263228
1173,11.467399785753704,131.75466713210585,-0.0018780761908755315,0.46270902690902654,0.47079113529706446
1174,11.467399785753704,131.7557388836787,-0.001800480559804581,0.447595959073896,0.4580503880813003
1175,11.467399785753704,131.75675119566645,-0.0017006255000362655,0.4357156635580804,0.4584316807276578
1176,11.467399785753704,131.75772051658132,-0.0015809737745341224,0.42575198823065663,0.4474508869323682
1177,11.467399785753704,131.75860455626065,-0.0014418790797660187,0.4169918324835751,0.4451132558262787
1178,11.467399785753704,131.75941368571654,-0.0013196996271847203,0.40983828119287935,0.4443762314674214
1179,11.467399785753704,131.76016799856063,-0.0012302930907194722,0.40466992832710647,0.4441670325443052
1180,11.467399785753704,131.7608794425916,-0.0011603735541230323,0.4025574786764058,0.4391309451623933
1181,11.467399785753704,131.76155281158506,-0.001098272721600334,0.4023057634498078,0.4365006341910795
1182,11.467399785753704,131.7621861326598,-0.0010329540967481262,0.4021454514862734,0.4323369937106362
1183,11.467399785753704,131.76277855273779,-0.0009662440914278728,0.4025303519513214,0.42929846734616306
1184,11.467399785753704,131.76322852396282,-0.0008634215795615358,0.4039036785993601,0.44328497110442516
1185,11.467399785753704,131.7635527894852,-0.0007320150423336398,0.40969766791180845,0.4696740170965085
1186,11.467399785753704,131.76381153912513,-0.0006017048787996496,0.42034780057250043,0.48766444558695476
1187,11.467399785753704,131.76401798168388,-0.00048006828084814243,0.4326777099694098,0.5006299658585089
1188,11.467399785753704,131.76418419689097,-0.00038652228098692533,0.4461220242081213,0.4977993024121019
1189,11.467399785753704,131.76432782371748,-0.00032426652599493427,0.46124133480380386,0.47751721070506953
1190,11.467399785753704,131.7644694510783,-0.00031975232891850384,0.4756975795599936,0.4397463893732404
1191,11.467399785753704,131.7646361325238,-0.00038760648707879416,0.489523525718375,0.38082295031666424
1192,12.04076977504139,131.76485919307467,-0.0004940117175787684,0.4943350572551592,0.3142805186102554
1193,12.64280826379346,131.76513721310957,-0.0005864098735580075,0.49250412130206844,0.26276477045266716
1194,13.274948676983135,131.7654382244108,-0.0006046703627423926,0.4850924954315238,0.2395769753350941
1195,13.938696110832291,131.76571424187327,-0.0005126794582710481,0.4730796372638071,0.2535443390287321
1196,14.635630916373906,131.76588656841602,-0.000295961356491888,0.45640999090641543,0.3036371263072695
1197,15.367412462192602,131.76589614681487,-1.5210700928906344e-5,0.43627607322315365,0.36827374095329857
1198,15.367412462192602,131.76574336233057,0.0002355582602278478,0.42134728568255925,0.4133831303302677
1199,15.367412462192602,131.76548693820078,0.00044496604827106464,0.4101987590928817,0.46342955317364415
1200,15.367412462192602,131.76514793421939,0.0005882646927513847,0.4042191751162546,0.49379295792051203
1201,14.635630916373906,131.76479629094436,0.0006407071929459403,0.409519623046551,0.49130121363663504
1202,14.635630916373906,131.76445262274763,0.0006079381573082681,0.4149834898056903,0.45235481227975805
1203,14.635630916373906,131.7641347380101,0.0005459495480286927,0.42034099291051574,0.413546435163393
1204,14.635630916373906,131.76385914595795,0.00047331418765788057,0.4245986752341816,0.3781227087421169
1205,14.635630916373906,131.7636162426863,0.0004171730055991338,0.4275627612273699,0.3589692812485766
1206,14.635630916373906,131.76335863337175,0.00044242982516921913,0.42936425899156805,0.3662910028499075
1207,14.635630916373906,131.76304448325388,0.0005395355443532522,0.43119061022918415,0.38043438526728973
1208,14.635630916373906,131.76266255812124,0.0006559354034681676,0.43313293711299505,0.39852730651646884
1209,14.635630916373906,131.76224680435746,0.0007140342162591098,0.4323047167105079,0.3943948960809949
1210,14.635630916373906,131.76183233926616,0.000711820992333598,0.4282703588115007,0.37972726146295527
1211,14.635630916373906,131.76143504110775,0.0006823377293399386,0.4226514146482782,0.37199302147106383
1212,14.635630916373906,131.76107205153713,0.0006234146175000473,0.41620111959060413,0.3652614668287044
1213,14.635630916373906,131.760754622249,0.0005451673386657813,0.4105353513599622,0.35155995851531074
1214,14.635630916373906,131.76048993932392,0.000454578362317933,0.4042604727519077,0.36296540582498343
1215,14.635630916373906,131.7602917511916,0.0003403772138023737,0.3980138040020506,0.3920997766171694
1216,14.635630916373906,131.76018195076387,0.00020006048391623367,0.3933604792336163,0.415260955529009
1217,14.635630916373906,131.76015095170683,5.648144091338933e-5,0.3896198520190788,0.45215578265614326
1218,14.635630916373906,131.76020032371633,-8.995764705808343e-5,0.3872202761203791,0.49278699571098034
1219,13.938696110832291,131.76031752997923,-0.00022423190216727364,0.39408014559590865,0.5334490037274063
1220,13.274948676983135,131.76048746296254,-0.00034136073389591856,0.40730998297841137,0.5609629000418382
1221,12.64280826379346,131.76069835826365,-0.00044482796687625263,0.42555053190351033,0.5762942162836939
1222,12.04076977504139,131.76094065299057,-0.0005366096054069421,0.4479175122147365,0.5806326653923919
1223,11.467399785753704,131.7612038099014,-0.0006119536908071371,0.47217735113897036,0.5723219374265768
1224,10.921333129289241,131.76148846641223,-0.0006748029536945804,0.49824671845919943,0.5550026587774255
1225,10.921333129289241,131.76180298601338,-0.0007238796115478705,0.5183735979782699,0.5150249940663943
1226,10.921333129289241,131.7621082613596,-0.0007453921423971622,0.5342291206344408,0.4685586119331137
1227,10.921333129289241,131.7624031241124,-0.0007199676677587302,0.5471096032728113,0.4207455417023126
1228,11.467399785753704,131.76268389713616,-0.0006529187760732549,0.5469845364915064,0.3682188050149119
1229,12.04076977504139,131.76291358545038,-0.0005086902105010813,0.5364179111183944,0.31862337465887663
1230,12.64280826379346,131.7630831578139,-0.00034725061969940183,0.5192224275578068,0.31818543450177456
1231,13.274948676983135,131.76314172892984,-0.00011090341800292533,0.49683302868991963,0.3083107019734132
1232,13.938696110832291,131.76305205937922,0.00015699286022572423,0.47148077951226147,0.3794414696782504
1233,14.635630916373906,131.76277306270418,0.0004516556133515278,0.4442887310665832,0.4503810404091471
1234,14.635630916373906,131.7623514182313,0.0007682519923067726,0.42704857459713125,0.5423593181091332
1235,13.938696110832291,131.76177124019785,0.0011099613695716708,0.42501141381574636,0.6305773197354991
1236,13.274948676983135,131.7610406143554,0.0014676784273554627,0.43295534521137863,0.7310632431157502
1237,12.64280826379346,131.7601661091563,0.0018445378713832265,0.44838860317815865,0.8075534826970983
1238,12.04076977504139,131.7591546676878,0.0022400372233499035,0.46840025474835656,0.874043577319158
1239,11.467399785753704,131.7580171430044,0.0026452371177743475,0.49107415815264277,0.9216017231252686
1240,10.921333129289241,131.75675743584404,0.0030758324598898885,0.5190742591671718,0.9606048895042993
1241,10.401269646942135,131.75540857999496,0.003458182561278633,0.5498080382202182,0.9634054419488026
1242,9.905971092325842,131.75396348783198,0.0037768522625326027,0.5783954231008834,0.9282503212063857
1243,9.434258183167469,131.75244577254762,0.004043680497244178,0.6057925827446504,0.8767038365278883
1244,8.985007793492827,131.75087793553823,0.004258331939211511,0.6334630915610374,0.8111063759050948
1245,8.557150279516977,131.74927678265297,0.004433262800043034,0.6621791415329462,0.7387612278777295
1246,8.557150279516977,131.7475976718444,0.004513701208451939,0.6764015013680238,0.6888600310704787
1247,8.557150279516977,131.7459112666779,0.004533309534379587,0.6811948313875431,0.6396516469373602
1248,8.557150279516977,131.74424153479114,0.0044884892630451135,0.6794110309098389,0.5806006348241242
1249,8.557150279516977,131.74258713845734,0.004447265000500344,0.674847121213176,0.5332637612181849
1250,8.985007793492827,131.7408170675752,0.00439964447768983,0.6612428509279844,0.5548672081386873
1251,8.985007793492827,131.7390526298589,0.004385642819715042,0.6519577039974661,0.5221926321997508
1252,9.434258183167469,131.73718818866197,0.004284982895771745,0.6330089092502095,0.523984748032378
1253,9.905971092325842,131.73525562635135,0.004106836222821089,0.6078909709377176,0.5253532306996163
1254,9.905971092325842,131.733331717045,0.003969366947592719,0.5898625453779075,0.48734207741181107
1255,10.401269646942135,131.73138692697705,0.003710076441114681,0.5687294846462372,0.5331300377035747
1256,10.401269646942135,131.72947083288753,0.003548867103622566,0.5559722416780014,0.5398096943410566
1257,10.401269646942135,131.72761830972513,0.003431125092349774,0.5466789232361857,0.5486170513924423
1258,10.401269646942135,131.72579407504983,0.0033787309629966936,0.5387143948164813,0.5334471524077596
1259,10.401269646942135,131.72398723746932,0.003346509175382501,0.5326418610415983,0.5200596180101671
1260,10.401269646942135,131.72218855677878,0.003331401504455399,0.5304601154592901,0.5173144253547132
1261,10.401269646942135,131.72038962034637,0.0033318751734465893,0.5342259871577173,0.5316926991447404
1262,10.401269646942135,131.7188609288313,0.003330993877724037,0.5419548338452972,0.549585693144406
1263,10.401269646942135,131.7173153785382,0.003367728880387805,0.5562547359276658,0.5395303563621939
1264,10.401269646942135,131.71598566395835,0.003408736919171989,0.5745025504496587,0.5336397893946304
1265,10.401269646942135,131.71463375535302,0.003466009186130512,0.597596778686844,0.5215315051550299
1266,10.401269646942135,131.71325894283308,0.0035247300034534136,0.6285395889360035,0.5503463818263976
1267,10.401269646942135,131.71187229924436,0.0035550623742192852,0.6604778483441304,0.5700518806426984
1268,10.401269646942135,131.71047732047768,0.003576432016516051,0.6933884140745149,0.5943143958603375
1269,10.401269646942135,131.70907899396775,0.00358501492577948,0.7279499568120248,0.6291216363953815
1270,10.401269646942135,131.7076901144506,0.0035607948242567643,0.7630496351223781,0.6628024432901628
1271,10.401269646942135,131.7063157982638,0.0035234575095370226,0.7973505761768769,0.7039530968716613
1272,10.401269646942135,131.70497040758738,0.003449298587955754,0.8285397472632658,0.7358124367953462
1273,10.401269646942135,131.7036604063601,0.003358567487049275,0.8580354496129474,0.7557489090520223
1274,10.401269646942135,131.70239750013087,0.0032378258221917693,0.8853414878767221,0.7733642465998463
1275,10.401269646942135,131.70119456330838,0.003084076882449348,0.909988066177185,0.7938083765488921
1276,10.401269646942135,131.70005864411726,0.0029122577778360656,0.9351161486955317,0.8174386393361598
1277,10.401269646942135,131.6990103485526,0.002687609238084211,0.9634776525211888,0.8378761717341128
1278,10.401269646942135,131.6980436340281,0.002478452617984228,0.9960141933534661,0.851285047531188
1279,10.401269646942135,131.69714318797242,0.002308554208659292,1.024988840956387,0.8138741332481761
1280,10.921333129289241,131.69629181609116,0.0020787984304856226,1.0229475942994275,0.771596635438272
1281,11.467399785753704,131.69554348742332,0.0017401879689026266,1.0037536580523312,0.7762844984360099
1282,12.04076977504139,131.69491352789402,0.0013545339817143207,0.9768596332274879,0.8046990931823582
1283,12.64280826379346,131.6944181459462,0.0009848972110329177,0.9391236379680731,0.8026644512028607
1284,12.64280826379346,131.69406618490143,0.0006793727213141704,0.9160815965500989,0.7860230544821297
1285,12.64280826379346,131.6938665839559,0.000385279676736763,0.9030881188887024,0.8009782606796411
1286,12.64280826379346,131.69378288188352,0.00016156590480680163,0.8915483086437941,0.7715568305794851
1287,12.64280826379346,131.69380049216113,-3.399223411975072e-5,0.8803764182033414,0.7633460358141888
1288,12.64280826379346,131.69391913554182,-0.00022901135673688937,0.8679992162530442,0.7577245743448303
1289,12.64280826379346,131.69411919263075,-0.00038616014745878306,0.8544470717326282,0.7093771215471589
1290,13.274948676983135,131.69440719772476,-0.0005140284445685594,0.8222916036503868,0.722490890222031
1291,13.274948676983135,131.69478397365071,-0.0006528793068650372,0.8038739076323472,0.7528889799732587
1292,13.274948676983135,131.69521660647143,-0.0007496684281801416,0.7919617616901052,0.7215111322727917
1293,13.274948676983135,131.6957046959093,-0.0008457639461746504,0.7816373005002797,0.7400146436103601
1294,13.274948676983135,131.69625329550996,-0.000950616274657248,0.7713439803100601,0.7447444459664064
1295,13.274948676983135,131.69687436422245,-0.0010761911328264675,0.7615758910311368,0.746092579030805
1296,13.274948676983135,131.69746990368176,-0.0011963174122473891,0.7540229175045985,0.7902615376765012
1297,13.274948676983135,131.69812667573916,-0.0013193212235773682,0.7531976137063221,0.883507002983165
1298,13.274948676983135,131.6988332944823,-0.0014194530571632964,0.7547451169288749,0.9635553161944032
1299,12.64280826379346,131.69955038602532,-0.0015125153168225542,0.7763367019619883,1.0393009561516584
1300,12.04076977504139,131.70027924489045,-0.001614202145413341,0.8052461409215756,1.0232284188974956
1301,11.467399785753704,131.70104561429122,-0.0017821404796254726,0.8446723504886613,1.0837266365582983
1302,10.921333129289241,131.70186226557573,-0.0019940209980735583,0.8917754184414313,1.0758510258886886
1303,10.401269646942135,131.7027500093134,-0.0022096972216430564,0.9486944805724553,1.0514649657178532
1304,10.401269646942135,131.70371717994865,-0.0023372815437880745,0.9797158565996353,1.0075432519764638
1305,10.401269646942135,131.70470118054615,-0.002377953126311046,0.9939073978378637,0.9524327338254667
1306,10.401269646942135,131.70569368304646,-0.002398498973918696,0.9981781517237337,0.8856629160731906
1307,10.401269646942135,131.70669529320196,-0.0024205086934517023,0.9967399188415865,0.8160899767004296
1308,10.921333129289241,131.7077615459906,-0.002382547587598458,0.9717237415849757,0.7749463793411508
1309,11.467399785753704,131.70888651049697,-0.002324308124404221,0.9355448607620847,0.749412168831102
1310,12.04076977504139,131.71006875053158,-0.0022585724072466977,0.8927393321583179,0.7680565081783042
1311,12.04076977504139,131.71127178909904,-0.0022313653346132532,0.8692118178720054,0.7838207855672361
1312,12.04076977504139,131.7124494621453,-0.002184318011018899,0.8575516108307183,0.8747136230084512
1313,12.04076977504139,131.71343272199434,-0.0021455592448585254,0.8476147161769546,0.932289738546828
1314,12.04076977504139,131.71444110948332,-0.0021363009312592002,0.8472015410552066,0.9012930381513325
1315,12.04076977504139,131.71545565347833,-0.002149343684986101,0.8540983058758991,0.8922715258356881
1316,12.04076977504139,131.71644149971868,-0.0021833515269767683,0.8651589545372435,0.9336931752947123
1317,12.04076977504139,131.71743676753906,-0.0022042174800550917,0.8774986910997677,0.9256202821376058
1318,12.04076977504139,131.71844985343233,-0.0022436791273288963,0.896027000248265,0.9245943308136488
1319,12.04076977504139,131.71949571261874,-0.0023162620683185764,0.9158258151490077,0.9910311644928156
1320,12.04076977504139,131.72058646353383,-0.0024156836823171763,0.9309202360191103,1.0509547058514854
1321,12.04076977504139,131.72170571867764,-0.002478811935940733,0.9514884375762849,1.08333751466771
1322,12.04076977504139,131.72284358842876,-0.0025200376662493874,0.9705655863863857,1.1388936579859104
1323,12.04076977504139,131.7239877278477,-0.002533923085927113,0.9843152138509433,1.1681890060557993
1324,12.04076977504139,131.72513569337937,-0.0025423967693552225,0.9960336851135623,1.2011975869176552
1325,11.467399785753704,131.7262669159603,-0.002630582002454723,1.034277540065382,1.198237623871248
1326,11.467399785753704,131.72743953370687,-0.0027268436751273365,1.06780553284896,1.1811519317509562
1327,11.467399785753704,131.72865843373862,-0.0028344700152236535,1.0984159154619575,1.172092690552802
1328,11.467399785753704,131.7299716546792,-0.0029648611096254286,1.1277799995715958,1.138048130037862
1329,11.467399785753704,131.7313190762007,-0.00304207581820065,1.1554366737456647,1.1017065219585604
1330,11.467399785753704,131.73263070781226,-0.0030501110651159754,1.1813095826005178,1.0753596128155631
1331,11.467399785753704,131.73393316522237,-0.0030287770768113137,1.2050075468786006,1.0599789759797307
1332,11.467399785753704,131.73521553418902,-0.002982062753270862,1.2241749199782395,1.0192062658876921
1333,12.04076977504139,131.73651595290835,-0.002880034513131186,1.2256017498915588,0.9970897262741141
1334,12.64280826379346,131.73782518436698,-0.0027614781596145537,1.2119968625249788,0.9527021951414436
1335,13.274948676983135,131.73916139927667,-0.002684183453965547,1.1894256443693114,0.9650119186486922
1336,13.938696110832291,131.74057531059697,-0.0026262225700927977,1.1556969989333326,0.9254628730544724
1337,14.635630916373906,131.74207148082846,-0.0025695900598260556,1.1191812614333494,0.9285359701729686
1338,15.367412462192602,131.74364722806976,-0.0025023201075862348,1.0764126064463035,0.8599431404422854
1339,16.135783085302233,131.74528744624868,-0.002408415465982847,1.0367785029974563,0.891873805568127
1340,16.135783085302233,131.74688658866313,-0.0023481018395748146,1.024044466067682,0.8403281223939215
1341,16.942572239567344,131.74855270049088,-0.0022620771361454672,0.9981517290089299,0.8612803461023502
1342,16.942572239567344,131.7502118046227,-0.0022525627996089013,0.991521540656028,0.8761963408241829
1343,16.942572239567344,131.75188828021282,-0.002276147998201456,0.9945829048630429,0.8944296311240233
1344,16.942572239567344,131.75359234073665,-0.0023136000150053054,1.0099967501197815,0.9702260948374252
1345,16.942572239567344,131.75532762882415,-0.002355997623835293,1.0239538511242732,0.9566055819158675
1346,16.942572239567344,131.75709687781145,-0.002402106278650429,1.0339030093456472,0.8688256454211275
1347,16.942572239567344,131.7589074253128,-0.002458177199329745,1.0424461646571312,0.814991242302509
1348,17.78970085154571,131.7607957051845,-0.0024416326702047185,1.0347571507396705,0.8721840504487437
1349,17.78970085154571,131.7626938871598,-0.0024544365452618066,1.0517799160500938,0.9858415780966732
1350,17.78970085154571,131.7646130796062,-0.002481604050305523,1.0695974236253827,1.0572979750124272
1351,17.78970085154571,131.76655873614223,-0.002515823334465919,1.0837658168099777,1.0283072900453654
1352,17.78970085154571,131.76853377580872,-0.002553817072827829,1.0956518438585503,0.9864723438734637
1353,17.78970085154571,131.77055297237206,-0.0026109139702053122,1.1080172695325823,0.9736423729944627
1354,17.78970085154571,131.77262632479747,-0.0026809399890869836,1.1258095572150966,0.9888536219850547
1355,17.78970085154571,131.77476817511499,-0.002769510912140009,1.1414252828934919,0.9712952902660621
1356,17.78970085154571,131.7769892296437,-0.0028719255979988132,1.1616355562765517,0.9771475110878484
1357,17.78970085154571,131.77929037252002,-0.002975483512618313,1.1731712198570798,0.9470707492617423
1358,18.679185894123,131.78170873743963,-0.002978149526570976,1.152455919061508,0.9180114448690054
1359,19.613145188829147,131.78427865957937,-0.002926295009136975,1.121945921631236,0.8974995578951326
1360,20.593802448270605,131.78697498405802,-0.002838858665877157,1.0842946462111647,0.923119775315825
1361,20.593802448270605,131.78962188055084,-0.00278681779803532,1.0637379281410537,0.9379256037374467
1362,20.593802448270605,131.79223491634,-0.002751167136294066,1.0645803007952148,0.9038025708740557
1363,20.593802448270605,131.79481529420772,-0.0027167828387220537,1.0784821252749712,0.9361207752567118
1364,20.593802448270605,131.79736853100556,-0.0026882070266374667,1.0964781955274219,0.980569579954633
1365,20.593802448270605,131.7998858422698,-0.002650382383072832,1.1154656642164955,1.0094678518725728
1366,20.593802448270605,131.8023778652598,-0.0026237573099555434,1.125393750509463,1.0395156531496608
1367,20.593802448270605,131.80486037719055,-0.0026137434732250693,1.1291928931770716,1.092708098375314
1368,20.593802448270605,131.80733499700486,-0.0026054341606269143,1.1282427489864753,1.148706666563755
1369,20.593802448270605,131.80942990533399,-0.0025948826051449595,1.1236335977339027,1.3046125423794217
1370,20.593802448270605,131.81143983949073,-0.0026026395229930346,1.1238963769594483,1.4041235431234884
1371,19.613145188829147,131.81342051994417,-0.002692997217715841,1.1547549249813525,1.5041852797346156
1372,18.679185894123,131.8154011920808,-0.0028276352054676834,1.2146688584044556,1.5415617188642998
1373,17.78970085154571,131.8173817834093,-0.002968895834764752,1.2791595913412899,1.6636839370847656
1374,16.942572239567344,131.8193400757924,-0.0030822433262998493,1.3541419393776117,1.7552233545553233
1375,16.135783085302233,131.82125411222665,-0.003163216269763828,1.4333741089153709,1.826172657536932
1376,15.367412462192602,131.8231424409104,-0.0031813272815654553,1.5200486898084118,1.782318464579963
1377,15.367412462192602,131.82500908436933,-0.003053197567635212,1.5976255984195813,1.615243039680098
1378,15.367412462192602,131.82665329879464,-0.0028531620477761895,1.6613660009263695,1.4928125239735102
1379,15.367412462192602,131.82817011165176,-0.0026320854571017923,1.706584824825145,1.4264977294369283
1380,15.367412462192602,131.82955211038504,-0.0023981460539272133,1.7505347783421321,1.3970500054535815
1381,16.135783085302233,131.83080395290938,-0.0020688470549842662,1.735701400280447,1.4116160810947078
1382,16.942572239567344,131.83194364443582,-0.0017415641684942647,1.6835176895479564,1.456445652569384
1383,16.942572239567344,131.8329645249011,-0.0015145716746081364,1.6432224473107087,1.3787782440863785
1384,16.942572239567344,131.8339249666715,-0.0013834031228524483,1.6067955069190796,1.2671447893163772
1385,17.78970085154571,131.83487033591834,-0.0012590780674899766,1.538633465231356,1.2415593442530706
1386,18.679185894123,131.83579496055765,-0.001138649675823622,1.4525803434345794,1.2046878306479416
1387,19.613145188829147,131.83666807266087,-0.0009941871586059748,1.3596228292924921,1.169911415970564
1388,19.613145188829147,131.83743601607537,-0.0008489656850440773,1.2935376818705213,1.0159511319997567
1389,20.593802448270605,131.83811288214872,-0.000691890135427838,1.2294424633656877,1.0505723058341827
1390,20.593802448270605,131.83865820221453,-0.0005411886078688255,1.1860942625886115,0.9277689390072328
1391,21.623492570684135,131.83913679053393,-0.0004391700739917286,1.1305125050195513,0.9632029564864445
1392,21.623492570684135,131.8396076057567,-0.00041945358970982836,1.093708696887485,0.8702812147092893
1393,22.704667199218342,131.84010645877098,-0.00041094102145676893,1.043695146041191,0.9095074612528724
1394,22.704667199218342,131.84060933393627,-0.0004021886949793638,1.02071059514081,0.9259399699255092
1395,22.704667199218342,131.84110954727535,-0.0004000598238122698,1.0062349468148224,0.8925209848899921
1396,22.704667199218342,131.84157956498262,-0.0003759100098439383,0.9962302944620065,0.84367049815044
1397,22.704667199218342,131.84194546094886,-0.0002926356904034656,0.9902372574632933,0.7900175960940066
1398,23.83990055917926,131.84218819072208,-0.00017950072085696827,0.9657662030949618,0.8087940699314355
1399,23.83990055917926,131.84229078709592,-7.587088637832393e-5,0.9530401215477451,0.7317171629185582
1400,25.031895587138223,131.8422949118725,-2.905054453083977e-6,0.9346856306616675,0.8287708914454208
1401,25.031895587138223,131.8422379043306,4.015005668927232e-5,0.9252859453334067,0.7395991131566357
1402,26.283490366495137,131.84214677987052,5.93420153967313e-5,0.900479102135231,0.7405303430419913
1403,27.597664884819896,131.84204556844023,6.094391679064436e-5,0.865941545603077,0.7547446689174493
1404,27.597664884819896,131.8419769424583,4.011918915628835e-5,0.8434625531729334,0.6587159794704708
1405,28.977548129060892,131.84194350599634,1.807412865401956e-5,0.8095048323079713,0.6763741766424042
1406,28.977548129060892,131.84191581628212,1.453176281189054e-5,0.7927624120173773,0.6253283251122437
1407,30.42642553551394,131.84187694337984,1.886341284125237e-5,0.7655548788668678,0.6425808258832499
1408,30.42642553551394,131.8417870003975,4.2374380560260426e-5,0.7466284800384738,0.5989235186132108
1409,31.947746812289637,131.84165831844484,5.605665735495751e-5,0.7168980931413617,0.644076133968
1410,31.947746812289637,131.84150912163642,6.310036375783115e-5,0.6969932464523408,0.6132747772697356
1411,31.947746812289637,131.8414156843005,3.951780169396062e-5,0.687346096340406,0.6157671693519814
1412,31.947746812289637,131.84135755322106,2.4585594680133956e-5,0.6834488595840615,0.6388022064040164
1413,31.947746812289637,131.84133692598743,8.72395301802066e-6,0.6800130361995598,0.6432520978170583
1414,31.947746812289637,131.84131988316364,7.207985153881127e-6,0.6793418723099646,0.6565340292931006
1415,31.947746812289637,131.84130621308532,6.801808589607105e-6,0.6890911221478256,0.7908694855977808
1416,31.947746812289637,131.8413031102053,1.4989293732349374e-6,0.7008376574724773,0.7588950077124246
1417,31.947746812289637,131.8413496078796,-2.2461947663288127e-5,0.7101519158026657,0.7497709872201551
1418,31.947746812289637,131.84144210937782,-4.468532766900661e-5,0.7174735918639423,0.7496534989927944
1419,31.947746812289637,131.84154686325496,-5.9534314832849274e-5,0.7233816248605452,0.7793731702695397
1420,31.947746812289637,131.841656024685,-7.298734143389317e-5,0.7349871898189004,0.9332459546932117
1421,30.42642553551394,131.84174991846547,-7.755066515049177e-5,0.7713562967602137,1.3372222710968407
1422,28.977548129060892,131.84185100681054,-9.302682162342338e-5,0.828838604943159,1.769927881401985
1423,27.597664884819896,131.8419688626313,-0.00011387999308706634,0.9017202640315412,2.106959013597045
1424,26.283490366495137,131.8421283555726,-0.000161818123914248,0.9860034982988225,2.3487969788427674
1425,25.031895587138223,131.8423252571101,-0.000209760689089696,1.0793426728096132,2.494941888366077
1426,23.83990055917926,131.84255630058826,-0.00025843897304183016,1.1805497963436042,2.543345761867403
1427,22.704667199218342,131.84280865258864,-0.00029638781393207404,1.2868158437512855,2.5264561458487274
1428,21.623492570684135,131.84309977912042,-0.00034856795033071623,1.3960352806439573,2.457731925919026
1429,20.593802448270605,131.84345103184998,-0.0004287236567942918,1.503173683847417,2.354215546485104
1430,19.613145188829147,131.84387911176535,-0.00053264109054258,1.6058155186178347,2.2163781072616966
1431,18.679185894123,131.84438932953978,-0.000647168653216617,1.7016807703368684,2.0594731799265884
1432,17.78970085154571,131.84497444361529,-0.0007565793948535552,1.78920996246731,1.8910575529625
1433,17.78970085154571,131.84562150807315,-0.0008123146474043293,1.8309352276961675,1.5493496778147264
1434,17.78970085154571,131.84627571171822,-0.0008212770718131917,1.8363530550006004,1.326058654849171
1435,18.679185894123,131.84697432985513,-0.0008109425182498439,1.7867045169349056,1.029425564829099
1436,19.613145188829147,131.8477235118106,-0.000804101736376259,1.7009468883342642,0.8844910803801259
1437,20.593802448270605,131.84853567330703,-0.0008060083924559455,1.5946844137864244,0.834041035690507
1438,21.623492570684135,131.84943785151023,-0.0008278715801645298,1.4791548855039371,0.8318272197939983
1439,22.704667199218342,131.85042634202702,-0.0008387192815996178,1.3613723517544947,0.851873692199338
1440,23.83990055917926,131.85148426621095,-0.000829988626888757,1.2455808172950704,0.8860612329348555
1441,25.031895587138223,131.8525924396869,-0.0008038940673670404,1.134536270490709,0.9257306435567236
1442,26.283490366495137,131.85373870664287,-0.0007688654073530958,1.0302180043800486,0.9725358027120262
1443,26.283490366495137,131.85485605273448,-0.0007494665648538993,0.9530565681324432,1.0259940586529686
1444,26.283490366495137,131.8557921560614,-0.0007387022328603542,0.8934650313949097,1.1548611063671363
1445,25.031895587138223,131.85656970959263,-0.0007579600126720937,0.8709529831602798,1.4738120389103573
1446,23.83990055917926,131.85728869990749,-0.0008042430804592647,0.8780743471123009,1.7958780793298856
1447,22.704667199218342,131.85803266638862,-0.0008737897803143824,0.9062986252468058,2.040740260552879
1448,21.623492570684135,131.858807014348,-0.0009549465170576828,0.9474072349529977,2.1748373157640786
1449,20.593802448270605,131.8596122862991,-0.0010427369471508068,0.9966626579938556,2.2310740796295203
1450,19.613145188829147,131.86047245835306,-0.0011354541265373422,1.0457970000442574,2.155336947486221
1451,18.679185894123,131.8613776119011,-0.0012180317156825302,1.0879679161534714,1.970967629957667
1452,17.78970085154571,131.8623234632165,-0.0012975117074205005,1.1198283401689781,1.7336760913746243
1453,16.942572239567344,131.86330309166567,-0.0013699410401574754,1.1413017891954516,1.4890244190854112
1454,16.135783085302233,131.8643127272667,-0.0014393195278182662,1.1548332854151633,1.279564223620126
1455,16.135783085302233,131.86537993949892,-0.0014770871890940481,1.140332119363639,1.0263041480404331
1456,16.135783085302233,131.8664950278216,-0.001498398674663706,1.1078557081128526,0.8444878631362921
1457,16.942572239567344,131.8676830699926,-0.001476126052564296,1.0448691259943759,0.6882151514941237
1458,17.78970085154571,131.8689289791628,-0.0014313684725119932,0.9658070928054362,0.6201353416822108
1459,18.679185894123,131.87022432244854,-0.0013760157957889874,0.8804713386658216,0.6035569496126428
1460,19.613145188829147,131.87156352165883,-0.0013153980745230973,0.8015711507362022,0.5424403647898
1461,20.593802448270605,131.87294665808088,-0.0012561760564328475,0.728686131098732,0.5275439792332708
1462,21.623492570684135,131.87437833166157,-0.0012022726856217758,0.6587848562530073,0.5489642285807362
1463,22.704667199218342,131.87586498576428,-0.0011543629507224256,0.5940013411540341,0.5621082379078967
1464,22.704667199218342,131.8773695457708,-0.001134239414070453,0.5472530148940044,0.5363570813117542
1465,22.704667199218342,131.87886811812754,-0.0011297255173823098,0.5118838071747558,0.5424040650151685
1466,22.704667199218342,131.88042398666965,-0.0011387565722095674,0.4880054953970088,0.5231547500880004
1467,22.704667199218342,131.8820601380723,-0.0011626373236269631,0.4801118902038583,0.5013573538074256
1468,22.704667199218342,131.883748254643,-0.0011995633952712205,0.4718405389814672,0.5077526211700641
1469,22.704667199218342,131.88525827634763,-0.0012623652643673723,0.46417474450328977,0.5194054359590707
1470,22.704667199218342,131.88693841787955,-0.001363673775596287,0.46183841464594877,0.5087896653558497
