Time,Elec_Price,H2_Price,Elec_GC_Price,H2_GC_Price,EP_Price
1,-5.2757882260998565,-2.6821393655215164,5.275788226100024,83.72561376772158,132.60126370992404
2,83.33045517240141,53.74040913575217,5.275788226100024,83.72561376772158,132.60126370992404
3,83.33045517241369,53.74027273731627,5.275788226100024,83.72561376772158,132.60126370992404
4,83.33045517241375,53.740272737748334,5.275788226100024,83.72561376772158,132.60126370992404
5,83.33045517241378,53.7402727379221,5.275788226100024,83.72561376772158,132.60126370992404
6,83.33045517241379,53.74027274976401,5.275788226100024,83.72561376772158,132.60126370992404
7,83.33045517241379,53.74027274957294,5.275788226100024,83.72561376772158,132.60126370992404
8,83.33045517241379,53.74027274979582,5.275788226100024,83.72561376772158,132.60126370992404
9,83.33045517241379,53.74027274979888,5.275788226100024,83.72561376772158,132.60126370992404
10,83.33045517241379,53.740272749562344,5.275788226100024,83.72561376772158,132.60126370992404
11,83.33045517241379,53.74027274970393,5.2757882261000235,83.72561376772158,132.60126370992404
12,83.33045517241372,53.740272737858675,5.275788226100022,83.72561376772158,132.60126370992404
13,83.33045517241378,53.74027274962559,5.275788226100025,83.72561376772158,132.60126370992404
14,83.33045517241379,53.74027274963804,5.275788226100031,83.72561376772158,132.60126370992404
15,-5.275788226099972,-2.6821387711839613,5.275788226100022,83.72561376772158,132.60126370992404
16,-5.275788226099966,-2.682138966440309,5.275788226100022,83.72561376772158,132.60126370992404
17,83.33045517241379,53.74027274959794,5.2757882261000475,83.72561376772158,132.60126370992404
18,83.3304551724138,53.74027274968461,5.2757882261000475,83.72561376772158,132.60126370992404
19,83.33045517241493,53.740272727963436,7.362030272961087,83.72561376772158,132.60126370992404
20,85.39874761904765,55.28618999999999,7.886710238651248,83.7256137677216,132.60126370992413
21,85.39874761904765,55.28619,8.06928273833545,83.7256137677216,132.60126370992413
22,85.39874761904802,55.286190000000275,8.982682813208383,83.72561376772165,132.60126370992418
23,85.39874761904794,55.286190000000204,9.561999218673774,83.72561376772164,132.60126370992415
24,85.39874761904765,55.286189999999976,9.72541837583757,83.7256137677216,132.6012637099241
25,83.33045517241379,53.77287806746907,8.712649469379032,83.72561376772155,132.60126370992404
26,83.33045517241379,53.772878068222944,9.063491055751584,83.72561376772155,132.60126370992404
27,83.33045517241379,53.77287807046998,9.280019705655041,83.72561376772155,132.60126370992404
28,83.33045517241379,53.77287806970826,9.359358077119829,83.72561376772155,132.60126370992404
29,83.33045517241379,53.772878070451256,9.404036611220945,83.72561376772155,132.60126370992404
30,83.33045517241379,53.77287806966125,9.550053049484372,83.72561376772155,132.60126370992404
31,83.33045517241379,53.77287806803743,9.679741438739713,83.72561376772155,132.60126370992404
32,83.33045517241379,53.77287806963961,9.275240912000463,83.72561376772155,132.60126370992404
33,83.33045517241379,53.772878068214006,7.715956701719374,83.72561376772155,132.60126370992404
34,83.33045517241379,53.77287806823917,6.264381661697238,83.72561376772155,132.60126370992404
35,83.33045517241379,53.772878068305545,5.275788226100017,83.72561376772155,132.60126370992404
36,-5.275788226100014,30.57143677894228,5.275788226100017,83.72561376772155,132.60126370992404
37,-5.275788226100017,30.571437520259355,5.275788226100017,83.72561376772155,132.60126370992404
38,-5.275788226100017,30.571437520486622,5.275788226100017,83.72561376772155,132.60126370992404
39,-5.275788226100017,30.571437520528196,5.275788226100017,83.72561376772155,132.60126370992404
40,-5.275788226100016,30.57143789110203,5.275788226100017,83.72561376772155,132.60126370992404
41,-5.275788226100016,30.571437890972884,5.275788226100016,83.72561376772155,132.60126370992404
42,-5.2757882261000155,30.57143789102782,5.275788226100016,83.72561376772155,132.60126370992404
43,-5.275788226100014,30.571436778973933,5.275788226100016,83.72561376772155,132.60126370992404
44,83.33045517241379,53.77287806824769,5.275788226100017,83.72561376772155,132.60126370992404
45,83.33045517241379,53.77287806897708,6.537489756671457,83.72561376772155,132.60126370992404
46,83.33045517241379,53.77287807046359,8.134066183277485,83.72561376772155,132.60126370992404
47,83.33045517241379,53.77287806951481,9.619807962913132,83.72561376772155,132.60126370992404
48,83.33045517241379,53.772878068868685,9.859412378016005,83.72561376772155,132.60126370992404
49,83.33045517241378,53.744038868767284,5.275788226100037,83.72561376772157,132.60126370992407
50,83.33045517241379,53.744038869285035,5.275788226100086,83.72561376772157,132.60126370992407
51,83.33045517241379,53.744038869306344,6.103378704407223,83.72561376772157,132.60126370992407
52,83.33045517241379,53.744038868994885,5.843682991605683,83.72561376772157,132.60126370992407
53,83.33045517241378,53.744038869088335,5.275788226100038,83.72561376772157,132.60126370992407
54,83.33045517241379,53.74403886882233,5.275788226100056,83.72561376772157,132.60126370992407
55,83.33045517241379,53.7440388693316,6.000841329978151,83.72561376772157,132.60126370992407
56,83.33045517241378,53.74403886889124,5.275788226100028,83.72561376772157,132.60126370992407
57,-5.275788226100007,3.078164810166107,5.2757882261000235,83.72561376772157,132.60126370992407
58,-5.275788226100021,3.0781639502958043,5.2757882261000235,83.72561376772157,132.60126370992407
59,-5.2757882261000235,3.078164524387642,5.275788226100024,83.72561376772157,132.60126370992407
60,-5.275788226100026,3.078164524637096,5.275788226100025,83.72561376772157,132.60126370992407
61,-5.275788226100026,3.0781648124583265,5.275788226100025,83.72561376772157,132.60126370992407
62,-5.275788226100027,3.0781642387042822,5.275788226100025,83.72561376772157,132.60126370992407
63,-5.275788226100027,3.078164237894946,5.275788226100025,83.72561376772157,132.60126370992407
64,-5.275788226100027,3.078164524775975,5.275788226100025,83.72561376772157,132.60126370992407
65,-5.275788226100024,3.0781645245171028,5.2757882261000235,83.72561376772157,132.60126370992407
66,-5.275788226100023,3.078164238063877,5.275788226100021,83.72561376772157,132.60126370992407
67,-5.275788226100017,3.078164523554787,5.27578822610002,83.72561376772157,132.60126370992407
68,83.33045517241379,53.74403886888136,5.410861555109851,83.72561376772157,132.60126370992407
69,83.33045517241379,53.7440388689027,7.331219906230978,83.72561376772157,132.60126370992407
70,83.33045517241379,53.74403886910591,9.342322092985457,83.72561376772157,132.60126370992407
71,83.3304551724138,53.74403886910835,9.870221477125895,83.72561376772157,132.60126370992407
72,83.33045517241379,53.744038869244115,9.999889066430018,83.72561376772157,132.60126370992407
73,83.33045517241379,53.76169253988743,8.852959757182308,83.72561376772157,132.60126370992404
74,83.33045517241379,53.761692539355586,9.17649779493751,83.72561376772157,132.60126370992404
75,83.33045517241379,53.761692539345304,9.473800020613474,83.72561376772157,132.60126370992404
76,83.33045517241379,53.76169255180289,9.585253688471244,83.72561376772157,132.60126370992404
77,83.3304551724138,53.76169255121415,9.698572428593632,83.72561376772157,132.60126370992404
78,83.33045517241383,53.761692549627014,9.766526232554693,83.72561376772157,132.60126370992404
79,85.39874761904758,55.28618999999992,9.725418375837508,83.72561376772157,132.60126370992404
80,85.3987476190476,55.286189999999934,9.585253688471244,83.72561376772157,132.60126370992404
81,85.39874761904761,55.28618999999994,9.650610170000725,83.72561376772157,132.60126370992404
82,83.33045517241379,53.76169255126682,8.770119205345635,83.72561376772157,132.60126370992404
83,83.33045517241379,53.7616925518355,7.002364122040862,83.72561376772157,132.60126370992404
84,83.33045517241379,53.761692539385905,5.275788226100021,83.72561376772157,132.60126370992404
85,83.33045517241379,53.76169255186361,5.27578822610002,83.72561376772157,132.60126370992404
86,-5.275788226100013,23.719211270305994,5.275788226100018,83.72561376772157,132.60126370992404
87,-5.275788226100013,23.719211270315068,5.275788226100018,83.72561376772157,132.60126370992404
88,83.33045517241379,53.761692539915316,5.27578822610002,83.72561376772157,132.60126370992404
89,83.33045517241379,53.76169255185531,5.275788226100021,83.72561376772157,132.60126370992404
90,83.33045517241379,53.76169255184498,5.762692211985838,83.72561376772157,132.60126370992404
91,83.33045517241379,53.76169255235812,7.075770084614394,83.72561376772157,132.60126370992404
92,83.3304551724138,53.761692539797004,8.20040061098588,83.72561376772157,132.60126370992404
93,85.39874761904763,55.286189999999955,9.298357694361112,83.72561376772157,132.60126370992404
94,85.3987476190476,55.28618999999994,9.343979897629408,83.72561376772157,132.60126370992404
95,83.33045517241379,53.76169255122846,9.08300151431157,83.72561376772157,132.60126370992404
96,83.33045517241379,53.761692539872286,8.87530595758701,83.72561376772157,132.60126370992404
97,83.33045517241379,53.74682903902901,9.985058621806212,83.72561376772155,132.60126370992404
98,83.33045517241379,53.74682903926522,9.982423947231569,83.72561376772155,132.60126370992404
99,83.33045517241379,53.746829039503986,9.937509679089212,83.72561376772155,132.60126370992404
100,83.33045517241382,53.74682903974516,9.894793284210664,83.72561376772155,132.60126370992404
101,83.33045517241386,53.74682904023917,9.864889727789462,83.72561376772155,132.60126370992404
102,85.39874761904754,55.286189999999905,9.864889727789462,83.72561376772155,132.60126370992407
103,85.39874761904761,55.286189999999955,9.829800022468879,83.72561376772155,132.60126370992407
104,85.39874761904761,55.28618999999996,9.7891081670003,83.72561376772155,132.60126370992407
105,85.39874761904761,55.286189999999955,9.650038949588707,83.72561376772155,132.60126370992407
106,83.33045517241405,53.746829034397,9.304264082485464,83.72561376772155,132.60126370992404
107,83.33045517241379,53.74682903948956,8.861675956063365,83.72561376772155,132.60126370992404
108,83.33045517241379,53.7468290389977,8.079125552040242,83.72561376772155,132.60126370992404
109,83.33045517241379,53.74682903967029,7.054379707435496,83.72561376772155,132.60126370992404
110,83.33045517241379,53.74682903989061,6.174847011659536,83.72561376772155,132.60126370992404
111,83.33045517241378,53.74682903917704,5.275788226100026,83.72561376772155,132.60126370992404
112,83.33045517241379,53.74682903942845,5.406864660940426,83.72561376772155,132.60126370992404
113,83.33045517241379,53.746829039661435,5.388025908126408,83.72561376772155,132.60126370992404
114,83.33045517241379,53.74682903945013,6.784039733414227,83.72561376772155,132.60126370992404
115,85.39874761904558,55.286189999998406,8.434288817055196,83.72561376772155,132.60126370992404
116,89.84210526315756,61.95122646616456,9.676956182742625,83.72561376772163,141.4879789981432
117,89.84210526315785,61.951226466165,9.95996681316029,83.72561376772163,141.48797899814375
118,85.39874761904791,55.28619000000021,9.999445331669387,83.7256137677216,132.60126370992418
119,85.39874761904765,55.286189999999976,10.000442416814737,83.72561376772155,132.60126370992407
120,85.3987476190476,55.28618999999994,10.000442416814737,83.72561376772155,132.60126370992407
121,83.3304551724138,53.74341397146011,9.296382421433863,83.72561376772157,132.60126370992404
122,83.33045517241378,53.74341397170217,8.42655847735322,83.72561376772157,132.60126370992404
123,83.3304551724138,53.743413971717786,8.91911782242019,83.72561376772157,132.60126370992404
124,83.3304551724138,53.743413971580786,9.02364506948854,83.72561376772157,132.60126370992404
125,83.3304551724138,53.743413971441704,8.940590420202804,83.72561376772157,132.60126370992404
126,83.33045517241382,53.743413971457905,8.87530595758702,83.72561376772157,132.60126370992404
127,83.33045517241382,53.74341397134182,8.87530595758702,83.72561376772157,132.60126370992404
128,83.33045517241382,53.74341397181933,8.830322355903585,83.72561376772157,132.60126370992404
129,83.33045517241382,53.74341397270622,8.87530595758702,83.72561376772157,132.60126370992404
130,83.33045517241383,53.74341397271739,8.94274327496554,83.72561376772157,132.60126370992404
131,83.3304551724138,53.743413971718894,7.878716807403949,83.72561376772157,132.60126370992404
132,83.33045517241378,53.74341397168386,6.267426973699314,83.72561376772157,132.60126370992404
133,83.33045517241378,53.74341397181303,5.2757882261151225,83.72561376772157,132.60126370992404
134,83.33045517241378,53.74341397164473,5.275788226100039,83.72561376772157,132.60126370992404
135,83.33045517241378,53.74341397166197,5.297296529088965,83.72561376772157,132.60126370992404
136,83.33045517241378,53.74341397184473,7.273091391171585,83.72561376772157,132.60126370992404
137,83.3304551724138,53.74341397171154,7.599523283386024,83.72561376772157,132.60126370992404
138,83.33045517241378,53.743413971403506,6.610336180377128,83.72561376772157,132.60126370992404
139,83.33045517241378,53.743413971405225,6.301370833666746,83.72561376772157,132.60126370992404
140,83.33045517241378,53.743413971443346,6.204148073529842,83.72561376772157,132.60126370992404
141,83.33045517241378,53.7434139717061,6.496000682848957,83.72561376772157,132.60126370992404
142,83.33045517241378,53.74341397139638,6.25387408944747,83.72561376772157,132.60126370992404
143,83.33045517241378,53.74341397169422,6.817118980008054,83.72561376772157,132.60126370992404
144,83.33045517241378,53.743413971540875,7.03405669780598,83.72561376772157,132.60126370992404
145,83.33045517241378,53.74132439908329,5.896522083534112,83.72561376772157,132.601263709924
146,83.33045517241378,53.741324398974335,5.347629236050891,83.72561376772157,132.601263709924
147,83.33045517241378,53.74132439899078,5.736659737046005,83.72561376772157,132.601263709924
148,83.33045517241379,53.741324399101885,6.303163304054055,83.72561376772157,132.601263709924
149,83.33045517241379,53.74132439911149,6.636144570152788,83.72561376772157,132.601263709924
150,83.33045517241379,53.74132439920376,6.400445196042383,83.72561376772157,132.601263709924
151,83.33045517241379,53.74132439895539,6.636144570152788,83.72561376772157,132.601263709924
152,83.33045517241379,53.74132439903513,6.905124044152296,83.72561376772157,132.601263709924
153,83.3304551724138,53.74132439905332,7.437910709960211,83.72561376772157,132.601263709924
154,83.3304551724138,53.74132439905537,7.5885794288539685,83.72561376772157,132.601263709924
155,83.3304551724138,53.74132439889283,7.871966412763799,83.72561376772157,132.601263709924
156,83.3304551724138,53.74132439888433,7.903850709459082,83.72561376772157,132.601263709924
157,83.3304551724138,53.7413243988797,8.00306168302325,83.72561376772157,132.601263709924
158,83.33045517241379,53.74132439912146,7.218891416386172,83.72561376772157,132.601263709924
159,83.33045517241379,53.74132439891444,6.205527357310583,83.72561376772157,132.601263709924
160,83.33045517241379,53.74132439902659,6.930726125183058,83.72561376772157,132.601263709924
161,83.3304551724138,53.74132439895009,7.248140941904585,83.72561376772157,132.601263709924
162,83.33045517241383,53.74132439912273,8.1686401419426,83.72561376772157,132.601263709924
163,85.39874761904761,55.28618999999995,8.625399311230485,83.72561376772158,132.60126370992407
164,85.39874761904765,55.28618999999998,8.688209396022987,83.72561376772158,132.60126370992407
165,85.39874761904757,55.286189999999905,8.398623993508812,83.72561376772158,132.60126370992407
166,83.33045517241383,53.74132439918413,8.069282738335447,83.72561376772157,132.601263709924
167,83.3304551724138,53.74132439907362,7.9057457141512355,83.72561376772157,132.601263709924
168,83.33045517241379,53.741324399029466,7.200332396876899,83.72561376772157,132.601263709924
169,83.33045517241379,53.75174432603441,5.27578822610002,83.72561376772155,132.60126370992407
170,83.33045517241379,53.75174432640013,5.275788226100021,83.72561376772155,132.60126370992407
171,83.33045517241379,53.75174432643169,5.2757882261000235,83.72561376772155,132.60126370992407
172,83.33045517241379,53.75174432643911,5.27578822610003,83.72561376772155,132.60126370992407
173,83.33045517241379,53.751744325783314,5.27578822610002,83.72561376772155,132.60126370992407
174,83.33045517241379,53.75174432643845,5.27578822610002,83.72561376772155,132.60126370992407
175,83.33045517241379,53.75174432610665,5.275788226100019,83.72561376772155,132.60126370992407
176,83.33045517241379,53.751744325782006,5.275788226100018,83.72561376772155,132.60126370992407
177,83.33045517241379,53.75174432545868,5.275788226100018,83.72561376772155,132.60126370992407
178,83.33045517241379,53.75174432578228,5.275788226100018,83.72561376772155,132.60126370992407
179,83.33045517241379,53.75174432642808,5.275788226100018,83.72561376772155,132.60126370992407
180,83.33045517241362,53.75174432192468,5.275788226100018,83.72561376772155,132.60126370992407
181,-5.275788226100013,14.399045144690497,5.275788226100018,83.72561376772155,132.60126370992407
182,-5.2757882261000155,14.399045145093226,5.275788226100018,83.72561376772155,132.60126370992407
183,-5.2757882261000155,14.399046339991752,5.275788226100018,83.72561376772155,132.60126370992407
184,-5.275788226100012,14.399045542929404,5.275788226100018,83.72561376772155,132.60126370992407
185,-5.275788226099967,14.399046333489085,5.275788226100016,83.72561376772155,132.60126370992407
186,83.33045517241379,53.751744326104514,5.275788226100018,83.72561376772155,132.60126370992407
187,83.33045517241379,53.75174433224282,5.275788226100018,83.72561376772155,132.60126370992407
188,83.33045517241379,53.75174432579258,5.275788226100018,83.72561376772155,132.60126370992407
189,83.33045517241379,53.751744326445035,5.275788226100018,83.72561376772155,132.60126370992407
190,83.33045517241379,53.751744325462866,5.275788226100018,83.72561376772155,132.60126370992407
191,83.33045517241379,53.751744325775505,5.275788226100018,83.72561376772155,132.60126370992407
192,83.33045517241376,53.75174432568398,5.275788226100018,83.72561376772155,132.60126370992407
193,-5.275788226099859,14.575973180608297,5.275788226100027,125.21269233915082,215.00202770992442
194,85.39874761903526,60.78059008839237,5.275788226100027,125.21269233915082,215.00202770992442
195,85.39874761904754,60.780601334764334,5.275788226100027,125.21269233915082,215.00202770992442
196,85.39874761904763,60.78060125325614,5.275788226100027,125.21269233915082,215.00202770992442
197,85.39874761904771,60.78060133181786,5.275788226100027,125.21269233915082,215.00202770992442
198,89.8421052631578,63.519164853094054,5.275788226100027,125.21269233915082,215.00202770992442
199,89.84210526315789,63.51916492108253,5.275788226100027,125.21269233915082,215.00202770992442
200,89.84210526315793,63.51916471393355,5.275788226100027,125.21269233915082,215.00202770992442
201,89.84210526315795,63.51916478222569,5.275788226100027,125.21269233915082,215.00202770992442
202,89.84210526315793,63.519164851901756,5.275788226100027,125.21269233915082,215.00202770992442
203,89.84210526315789,63.51916478327481,5.275788226100026,125.21269233915082,215.00202770992442
204,85.39874761904758,60.78060125383546,5.275788226100024,125.21269233915082,215.00202770992442
205,89.84210526315778,63.51916471579134,5.275788226100028,125.21269233915082,215.00202770992442
206,89.84210526315792,63.51916478329081,5.275788226100033,125.21269233915082,215.00202770992442
207,-5.275788226099975,14.575973661647364,5.275788226100024,125.21269233915082,215.00202770992442
208,-5.275788226099968,14.575973660666657,5.2757882261000235,125.21269233915082,215.00202770992442
209,142.6408,99.66218999999964,5.275788226100049,125.21269233915082,215.00202770992442
210,142.6408,99.66218999999963,5.275788226100049,125.21269233915082,215.00202770992442
211,142.64080000000004,99.66218999999964,7.3620302729610865,125.21269233915082,215.00202770992442
212,142.64080000000004,99.66218999999964,7.886710238651248,125.21269233915082,215.00202770992442
213,142.64080000000004,99.66218999999964,8.06928273833545,125.21269233915082,215.00202770992442
214,142.64080000000007,99.66218999999968,8.982682813208383,125.21269233915082,215.00202770992442
215,142.64080000000007,99.66218999999967,9.561999218673774,125.21269233915082,215.00202770992442
216,142.64080000000004,99.66218999999965,9.725418375837569,125.21269233915082,215.00202770992442
217,142.6408,99.66218999999965,8.712649469379032,125.21269233915079,215.00202770992442
218,142.6408,99.66218999999965,9.063491055751584,125.21269233915079,215.00202770992442
219,142.6408,99.66218999999965,9.280019705655043,125.21269233915079,215.00202770992442
220,142.6408,99.66218999999965,9.359358077119829,125.21269233915079,215.00202770992442
221,142.6408,99.66218999999965,9.404036611220945,125.21269233915079,215.00202770992442
222,142.6408,99.66218999999965,9.550053049484372,125.21269233915079,215.00202770992442
223,142.6408,99.66218999999965,9.679741438739713,125.21269233915079,215.00202770992442
224,142.6408,99.66218999999965,9.275240912000463,125.21269233915079,215.00202770992442
225,142.6408,99.66218999999967,7.715956701719375,125.21269233915079,215.00202770992442
226,142.6408,99.66218999999963,6.264381661697237,125.21269233915079,215.00202770992442
227,85.39874761904763,78.3670178993846,5.27578822610002,125.21269233915078,215.00202770992442
228,-5.275788226100016,72.36901043885169,5.275788226100019,125.21269233915078,215.00202770992442
229,-5.275788226100019,72.36901043377188,5.275788226100019,125.21269233915078,215.00202770992442
230,-5.275788226100019,72.36901043903268,5.27578822610002,125.21269233915078,215.00202770992442
231,-5.275788226100019,72.36901043892342,5.275788226100019,125.21269233915078,215.00202770992442
232,-5.275788226100019,72.36901043894446,5.275788226100019,125.21269233915078,215.00202770992442
233,-5.275788226100019,72.36901043418426,5.275788226100019,125.21269233915078,215.00202770992442
234,-5.275788226100018,72.36901043821466,5.275788226100019,125.21269233915078,215.00202770992442
235,-5.275788226100016,72.3690104389661,5.275788226100019,125.21269233915078,215.00202770992442
236,89.84210526315792,79.0703456239672,5.27578822610002,125.21269233915078,215.00202770992442
237,142.6408,99.66218999999965,6.537489756671456,125.21269233915079,215.00202770992442
238,142.6408,99.66218999999965,8.134066183277485,125.21269233915079,215.00202770992442
239,142.6408,99.66218999999967,9.619807962913132,125.21269233915079,215.00202770992442
240,142.6408,99.66218999999967,9.859412378016001,125.21269233915079,215.00202770992442
241,85.39874761904765,63.233003533157785,5.2757882261000395,125.21269233915079,215.00202770992445
242,89.84210526315782,65.61105313593875,5.2757882261000875,125.21269233915079,215.00202770992445
243,89.84210526315789,65.61105313313249,6.103378704407223,125.21269233915079,215.00202770992445
244,89.84210526315789,65.61105291903121,5.843682991605685,125.21269233915079,215.00202770992445
245,85.39874761904765,63.233003532493356,5.2757882261000395,125.21269233915079,215.00202770992445
246,89.84210526315775,65.61105335218095,5.275788226100058,125.21269233915079,215.00202770992445
247,142.64079999999979,99.66218999999947,6.000841329978151,125.21269233915079,215.00202770992445
248,85.39874761904763,63.233003659308196,5.275788226100031,125.21269233915079,215.00202770992445
249,-5.275788226100009,27.6632140271778,5.275788226100025,125.21269233915079,215.00202770992445
250,-5.2757882261000235,27.66321587308273,5.275788226100026,125.21269233915079,215.00202770992445
251,-5.275788226100025,27.663214643837357,5.275788226100027,125.21269233915079,215.00202770992445
252,-5.275788226100028,27.66321340944017,5.275788226100027,125.21269233915079,215.00202770992445
253,-5.27578822610003,27.663215253623136,5.275788226100027,125.21269233915079,215.00202770992445
254,-5.27578822610003,27.663214644165905,5.275788226100027,125.21269233915079,215.00202770992445
255,-5.27578822610003,27.66321463880168,5.275788226100027,125.21269233915079,215.00202770992445
256,-5.27578822610003,27.663214639998642,5.275788226100027,125.21269233915079,215.00202770992445
257,-5.275788226100027,27.663214024523057,5.275788226100025,125.21269233915079,215.00202770992445
258,-5.275788226100024,27.663215258405597,5.2757882261000235,125.21269233915079,215.00202770992445
259,-5.275788226100019,27.663214643145434,5.2757882261000235,125.21269233915079,215.00202770992445
260,142.64079999999998,99.66218999999963,5.410861555109851,125.21269233915079,215.00202770992445
261,142.6408,99.66218999999964,7.331219906230977,125.21269233915079,215.00202770992445
262,142.6408,99.66218999999964,9.342322092985459,125.21269233915079,215.00202770992445
263,142.6408,99.66218999999964,9.870221477125893,125.21269233915079,215.00202770992445
264,142.6408,99.66218999999964,9.999889066430018,125.21269233915079,215.00202770992445
265,142.6408,99.66218999999965,8.852959757182308,125.21269233915078,215.00202770992445
266,142.6408,99.66218999999963,9.176497794937513,125.21269233915078,215.00202770992445
267,142.6408,99.66218999999965,9.473800020613474,125.21269233915078,215.00202770992445
268,142.6408,99.66218999999963,9.585253688471246,125.21269233915078,215.00202770992445
269,142.6408,99.66218999999965,9.698572428593634,125.21269233915078,215.00202770992445
270,142.6408,99.66218999999965,9.766526232554694,125.21269233915078,215.00202770992445
271,142.6408,99.66218999999965,9.725418375837508,125.21269233915078,215.00202770992445
272,142.6408,99.66218999999963,9.585253688471246,125.21269233915078,215.00202770992445
273,142.6408,99.66218999999965,9.650610170000727,125.21269233915078,215.00202770992445
274,142.6408,99.66218999999965,8.770119205345635,125.21269233915078,215.00202770992445
275,142.6408,99.66218999999965,7.002364122040862,125.21269233915078,215.00202770992445
276,89.84210526315789,74.93886817651854,5.2757882261000235,125.21269233915078,215.00202770992445
277,89.84210526315786,74.93886840391352,5.275788226100023,125.21269233915078,215.00202770992445
278,-5.2757882261000155,63.302852703215265,5.275788226100021,125.21269233915078,215.00202770992445
279,-5.2757882261000155,63.302852703257166,5.275788226100021,125.21269233915078,215.00202770992445
280,89.84210526315788,74.93886862985896,5.275788226100023,125.21269233915078,215.00202770992445
281,89.8421052631579,74.93886794901906,5.2757882261000235,125.21269233915078,215.00202770992445
282,142.6408,99.66218999999965,5.762692211985838,125.21269233915078,215.00202770992445
283,142.6408,99.66218999999965,7.075770084614396,125.21269233915078,215.00202770992445
284,142.6408,99.66218999999965,8.20040061098588,125.21269233915078,215.00202770992445
285,142.6408,99.66218999999963,9.298357694361114,125.21269233915078,215.00202770992445
286,142.6408,99.66218999999965,9.343979897629408,125.21269233915078,215.00202770992445
287,142.6408,99.66218999999965,9.08300151431157,125.21269233915078,215.00202770992445
288,142.6408,99.66218999999965,8.875305957587011,125.21269233915078,215.00202770992445
289,142.6408,99.66218999999964,9.98505862180621,125.21269233915076,215.00202770992433
290,142.6408,99.66218999999963,9.982423947231567,125.21269233915076,215.00202770992433
291,142.6408,99.66218999999963,9.93750967908921,125.21269233915076,215.00202770992433
292,142.6408,99.66218999999961,9.894793284210664,125.21269233915076,215.00202770992433
293,142.6408,99.66218999999963,9.86488972778946,125.21269233915076,215.00202770992433
294,142.6408,99.66218999999963,9.86488972778946,125.21269233915076,215.00202770992433
295,142.6408,99.66218999999964,9.829800022468877,125.21269233915076,215.00202770992433
296,142.6408,99.66218999999963,9.7891081670003,125.21269233915076,215.00202770992433
297,142.6408,99.66218999999963,9.650038949588707,125.21269233915076,215.00202770992433
298,142.6408,99.66218999999963,9.304264082485464,125.21269233915076,215.00202770992433
299,142.6408,99.66218999999963,8.861675956063364,125.21269233915076,215.00202770992433
300,142.6408,99.66218999999964,8.079125552040242,125.21269233915076,215.00202770992433
301,142.6408,99.66218999999961,7.054379707435496,125.21269233915076,215.00202770992433
302,142.64079999999998,99.66218999999963,6.174847011659535,125.21269233915076,215.0020277099244
303,89.84210526315788,67.70742248766301,5.275788226100028,125.21269233915076,215.00202770992433
304,142.64079999999998,99.66218999999961,5.406864660940425,125.21269233915076,215.00202770992433
305,142.64079999999998,99.66218999999963,5.388025908126407,125.21269233915076,215.00202770992433
306,142.6408,99.66218999999963,6.784039733414225,125.21269233915076,215.0020277099244
307,142.6408,99.66218999999963,8.434288817055197,125.21269233915076,215.00202770992433
308,142.6408,99.66218999999963,9.676956182742623,125.21269233915076,215.00202770992433
309,142.64080000000004,99.66218999999964,9.95996681316029,125.21269233915076,215.00202770992433
310,142.6408,99.66218999999963,9.999445331669387,125.21269233915076,215.00202770992433
311,142.6408,99.66218999999963,10.000439696078349,125.21269233915076,215.00202770992433
312,142.6408,99.66218999999963,10.000439696078349,125.21269233915076,215.00202770992433
313,142.6408,99.66218999999963,9.296382421433863,125.21269233915079,215.00202770992442
314,142.6408,99.66218999999963,8.42655847735322,125.21269233915079,215.00202770992442
315,142.6408,99.66218999999965,8.91911782242019,125.21269233915079,215.00202770992442
316,142.6408,99.66218999999965,9.02364506948854,125.21269233915079,215.00202770992442
317,142.6408,99.66218999999963,8.940590420202804,125.21269233915079,215.00202770992442
318,142.6408,99.66218999999965,8.87530595758702,125.21269233915079,215.00202770992442
319,142.6408,99.66218999999965,8.87530595758702,125.21269233915079,215.00202770992442
320,142.6408,99.66218999999965,8.830322355903585,125.21269233915079,215.00202770992442
321,142.6408,99.66218999999965,8.87530595758702,125.21269233915079,215.00202770992442
322,142.6408,99.66218999999965,8.94274327496554,125.21269233915079,215.00202770992442
323,142.6408,99.66218999999963,7.878716807403949,125.21269233915079,215.00202770992442
324,142.6408,99.66218999999965,6.267426973699313,125.21269233915079,215.00202770992442
325,142.64079999999996,99.66218999999961,5.275788226115124,125.21269233915079,215.00202770992442
326,89.84210526315789,65.48206399418348,5.275788226100041,125.21269233915079,215.00202770992442
327,142.64079999999993,99.66218999999957,5.297296529088964,125.21269233915079,215.00202770992442
328,142.6408,99.66218999999965,7.273091391171585,125.21269233915079,215.00202770992442
329,142.6408,99.66218999999963,7.599523283386024,125.21269233915079,215.00202770992442
330,142.6408,99.66218999999963,6.610336180377126,125.21269233915079,215.00202770992442
331,142.6408,99.66218999999963,6.301370833666746,125.21269233915079,215.00202770992442
332,142.6408,99.66218999999965,6.204148073529841,125.21269233915079,215.00202770992442
333,142.6408,99.66218999999965,6.496000682848957,125.21269233915079,215.00202770992442
334,142.6408,99.66218999999963,6.2538740894474705,125.21269233915079,215.00202770992442
335,142.6408,99.66218999999965,6.817118980008053,125.21269233915079,215.00202770992442
336,142.6408,99.66218999999965,7.03405669780598,125.21269233915079,215.00202770992442
337,142.64079999999987,99.66218999999953,5.896522083534113,125.2126923391508,215.0020277099244
338,89.84210526315793,64.01031048420342,5.347629236050891,125.21269233915078,215.0020277099244
339,142.64079999999996,99.66218999999955,5.736659737046006,125.2126923391508,215.0020277099244
340,142.64079999999998,99.66218999999961,6.303163304054055,125.2126923391508,215.0020277099244
341,142.64079999999998,99.66218999999963,6.636144570152788,125.2126923391508,215.0020277099244
342,142.64079999999998,99.66218999999961,6.400445196042384,125.2126923391508,215.0020277099244
343,142.6408,99.66218999999963,6.636144570152788,125.2126923391508,215.0020277099244
344,142.6408,99.66218999999963,6.905124044152296,125.2126923391508,215.0020277099244
345,142.6408,99.66218999999961,7.437910709960213,125.2126923391508,215.0020277099244
346,142.6408,99.66218999999961,7.5885794288539685,125.2126923391508,215.0020277099244
347,142.6408,99.66218999999961,7.871966412763801,125.2126923391508,215.0020277099244
348,142.6408,99.66218999999961,7.903850709459082,125.2126923391508,215.0020277099244
349,142.6408,99.66218999999961,8.003061683023247,125.2126923391508,215.0020277099244
350,142.6408,99.66218999999963,7.218891416386172,125.2126923391508,215.0020277099244
351,142.64079999999998,99.66218999999963,6.205527357310585,125.2126923391508,215.0020277099244
352,142.6408,99.66218999999961,6.930726125183059,125.2126923391508,215.0020277099244
353,142.6408,99.66218999999963,7.248140941904587,125.2126923391508,215.0020277099244
354,142.6408,99.66218999999963,8.1686401419426,125.2126923391508,215.0020277099244
355,142.6408,99.66218999999963,8.625399311230485,125.2126923391508,215.0020277099244
356,142.6408,99.66218999999964,8.68820939602299,125.2126923391508,215.0020277099244
357,142.6408,99.66218999999963,8.398623993508814,125.2126923391508,215.0020277099244
358,142.6408,99.66218999999964,8.069282738335449,125.2126923391508,215.0020277099244
359,142.6408,99.66218999999963,7.905745714151237,125.2126923391508,215.0020277099244
360,142.6408,99.66218999999963,7.200332396876899,125.2126923391508,215.0020277099244
361,85.3987476190476,68.60386692189981,5.2757882261000235,125.21269233915076,215.00202770992442
362,85.39874761904763,68.60386753933668,5.2757882261000235,125.21269233915076,215.00202770992442
363,89.84210526315786,70.27246782628006,5.275788226100025,125.21269233915076,215.00202770992442
364,89.8421052631579,70.27246764339455,5.2757882261000315,125.21269233915076,215.00202770992442
365,89.84210526315786,70.27246746444015,5.2757882261000235,125.21269233915076,215.00202770992442
366,89.84210526315788,70.27246764472078,5.275788226100022,125.21269233915076,215.00202770992442
367,89.84210526315786,70.2724677850072,5.275788226100021,125.21269233915076,215.00202770992442
368,89.84210526315786,70.27246764628634,5.275788226100021,125.21269233915076,215.00202770992442
369,89.84210526315786,70.27246778441832,5.275788226100021,125.21269233915076,215.00202770992442
370,89.84210526315786,70.27246782630927,5.275788226100021,125.21269233915076,215.00202770992442
371,89.84210526315773,70.27246746907568,5.275788226100021,125.21269233915076,215.00202770992442
372,85.39874761904744,68.60386713481562,5.27578822610002,125.21269233915076,215.00202770992442
373,-5.2757882261000155,49.12410025417102,5.275788226100021,125.21269233915076,215.00202770992442
374,-5.275788226100018,49.12409892951487,5.275788226100021,125.21269233915076,215.00202770992442
375,-5.275788226100019,49.12409892970119,5.275788226100021,125.21269233915076,215.00202770992442
376,-5.275788226100015,49.124100254189806,5.27578822610002,125.21269233915076,215.00202770992442
377,-5.275788226099969,49.12409958862294,5.27578822610002,125.21269233915076,215.00202770992442
378,89.8421052631578,70.2724676476227,5.27578822610002,125.21269233915076,215.00202770992442
379,142.64079999999979,99.66218999999947,5.275788226100021,125.21269233915076,215.00202770992442
380,142.64079999999998,99.66218999999964,5.275788226100021,125.21269233915076,215.00202770992442
381,142.64079999999953,99.6621899999993,5.275788226100021,125.21269233915076,215.00202770992442
382,89.84210526315788,70.27246746351291,5.275788226100021,125.21269233915076,215.00202770992442
383,85.39874761904773,68.60386711944292,5.275788226100021,125.21269233915076,215.00202770992442
384,85.3987476190476,68.60386692218296,5.275788226100021,125.21269233915076,215.00202770992442
385,-5.275788226078197,36.99920547799821,5.275788226078364,169.80220958049762,299.1401573650786
386,85.39874761903528,72.98442507121032,5.2757882260783635,169.80220958049762,299.1401573650786
387,85.39874761904754,72.98439135435481,5.2757882260783635,169.80220958049762,299.1401573650786
388,85.39874761904763,72.98439258961781,5.2757882260783635,169.80220958049762,299.1401573650786
389,85.39874761904773,72.98439166944222,5.2757882260783635,169.80220958049762,299.1401573650786
390,89.8421052631578,75.14056411500239,5.2757882260783635,169.80220958049762,299.1401573650786
391,89.8421052631579,75.14056411869323,5.2757882260783635,169.80220958049762,299.1401573650786
392,89.84210526315793,75.14056383141505,5.2757882260783635,169.80220958049762,299.1401573650786
393,89.84210526315795,75.14056326048495,5.2757882260783635,169.80220958049762,299.1401573650786
394,89.84210526315793,75.14056546494314,5.2757882260783635,169.80220958049762,299.1401573650786
395,89.84210526315789,75.14056354452802,5.2757882260783635,169.80220958049762,299.1401573650786
396,85.3987476190476,72.98439227986565,5.275788226078362,169.80220958049762,299.1401573650786
397,89.84210526315778,75.140563540068,5.275788226078364,169.80220958049762,299.1401573650786
398,89.84210526315793,75.14056354608337,5.27578822607837,169.80220958049762,299.1401573650786
399,-5.275788226078312,36.999206281010906,5.275788226078363,169.80220958049762,299.1401573650786
400,-5.275788226078306,36.999204670652794,5.275788226078362,169.80220958049762,299.1401573650786
401,201.9511448275862,144.03818999999962,5.275788226078387,169.80220958049765,299.1401573650786
402,201.9511448275862,144.03818999999962,5.275788226078387,169.80220958049765,299.1401573650786
403,201.95114482758623,144.03818999999962,7.362030272961086,169.80220958049765,299.1401573650786
404,201.95114482758623,144.03818999999962,7.886710238651248,169.80220958049765,299.1401573650786
405,201.95114482758623,144.03818999999962,8.069282738335449,169.80220958049765,299.1401573650786
406,201.95114482758626,144.03818999999964,8.982682813208383,169.80220958049765,299.1401573650786
407,201.95114482758626,144.03818999999964,9.561999218673773,169.80220958049765,299.1401573650786
408,201.95114482758623,144.03818999999962,9.72541837583757,169.80220958049765,299.1401573650786
409,201.9511448275862,144.03818999999962,8.712649469379032,169.8022095804976,299.14015736507866
410,201.9511448275862,144.03818999999964,9.063491055751586,169.8022095804976,299.14015736507866
411,201.9511448275862,144.03818999999964,9.280019705655041,169.8022095804976,299.14015736507866
412,201.9511448275862,144.03818999999962,9.359358077119827,169.8022095804976,299.14015736507866
413,201.9511448275862,144.03818999999964,9.404036611220945,169.8022095804976,299.14015736507866
414,201.9511448275862,144.03818999999962,9.550053049484372,169.8022095804976,299.14015736507866
415,201.9511448275862,144.03818999999964,9.679741438739715,169.8022095804976,299.14015736507866
416,201.9511448275862,144.03818999999964,9.275240912000463,169.8022095804976,299.14015736507866
417,201.9511448275862,144.03818999999962,7.715956701719375,169.8022095804976,299.14015736507866
418,201.9511448275862,144.03818999999962,6.264381661697237,169.8022095804976,299.14015736507866
419,85.39874761904763,117.84041252239766,5.275788226078357,169.8022095804976,299.14015736507866
420,-5.275788226078354,115.48809646546275,5.275788226078357,169.8022095804976,299.14015736507866
421,-5.275788226078357,115.48809646543097,5.275788226078357,169.8022095804976,299.14015736507866
422,-5.275788226078357,115.48809646558766,5.275788226078357,169.8022095804976,299.14015736507866
423,-5.275788226078357,115.4880964656621,5.275788226078357,169.8022095804976,299.14015736507866
424,-5.275788226078356,115.48809646187209,5.275788226078357,169.8022095804976,299.14015736507866
425,-5.275788226078356,115.4880964653377,5.275788226078357,169.8022095804976,299.14015736507866
426,-5.275788226078356,115.48809646549424,5.275788226078356,169.8022095804976,299.14015736507866
427,-5.275788226078354,115.4880964652986,5.275788226078356,169.8022095804976,299.14015736507866
428,89.84210526315792,118.06580172409886,5.275788226078357,169.8022095804976,299.14015736507866
429,201.9511448275862,144.03818999999962,6.537489756671456,169.8022095804976,299.14015736507866
430,201.9511448275862,144.03818999999962,8.134066183277483,169.8022095804976,299.14015736507866
431,201.9511448275862,144.03818999999962,9.619807962913132,169.8022095804976,299.14015736507866
432,201.9511448275862,144.03818999999962,9.859412378016003,169.8022095804976,299.14015736507866
433,85.39874761904767,81.90060698512441,5.275788226078377,169.80220958049762,299.14015736507855
434,89.8421052631578,83.47989656520235,5.275788226078425,169.80220958049762,299.14015736507855
435,89.84210526315789,83.47989616366334,6.103378704407223,169.80220958049762,299.14015736507855
436,89.84210526315788,83.479896974296,5.843682991605682,169.80220958049762,299.14015736507855
437,85.39874761904767,81.90060732223206,5.275788226078377,169.80220958049762,299.14015736507855
438,89.84210526315773,83.47989574997474,5.2757882260783955,169.80220958049762,299.14015736507855
439,201.951144827586,144.0381899999995,6.000841329978149,169.80220958049762,299.14015736507866
440,85.39874761904764,81.90060731917404,5.275788226078368,169.80220958049762,299.14015736507855
441,-5.275788226078346,58.279596830544484,5.2757882260783635,169.80220958049762,299.14015736507855
442,-5.275788226078362,58.27959682365173,5.2757882260783635,169.80220958049762,299.14015736507855
443,-5.2757882260783635,58.27959963601674,5.275788226078364,169.80220958049762,299.14015736507855
444,-5.275788226078365,58.27959870062985,5.275788226078364,169.80220958049762,299.14015736507855
445,-5.275788226078366,58.27959776527475,5.275788226078364,169.80220958049762,299.14015736507855
446,-5.275788226078368,58.27959776543939,5.275788226078364,169.80220958049762,299.14015736507855
447,-5.275788226078368,58.27959775889099,5.275788226078364,169.80220958049762,299.14015736507855
448,-5.275788226078366,58.279597765559735,5.275788226078364,169.80220958049762,299.14015736507855
449,-5.275788226078364,58.279598700873755,5.275788226078363,169.80220958049762,299.14015736507855
450,-5.275788226078362,58.27959963302712,5.275788226078362,169.80220958049762,299.14015736507855
451,-5.275788226078356,58.27959870071462,5.275788226078361,169.80220958049762,299.14015736507855
452,201.9511448275862,144.03818999999964,5.410861555109849,169.80220958049762,299.14015736507866
453,201.9511448275862,144.03818999999964,7.331219906230976,169.80220958049762,299.14015736507866
454,201.9511448275862,144.03818999999964,9.342322092985457,169.80220958049762,299.14015736507866
455,201.9511448275862,144.03818999999964,9.870221477125892,169.80220958049762,299.14015736507866
456,201.9511448275862,144.03818999999962,9.999889066430017,169.80220958049762,299.14015736507866
457,201.95114482758623,144.03818999999964,8.85295975718231,169.80220958049762,299.14015736507866
458,201.95114482758623,144.03818999999964,9.176497794937513,169.80220958049762,299.14015736507866
459,201.95114482758623,144.03818999999967,9.473800020613476,169.80220958049762,299.14015736507866
460,201.95114482758623,144.03818999999967,9.585253688471244,169.80220958049762,299.14015736507866
461,201.95114482758623,144.03818999999962,9.698572428593636,169.80220958049762,299.14015736507866
462,201.95114482758623,144.03818999999967,9.766526232554694,169.80220958049762,299.14015736507866
463,201.95114482758623,144.03818999999964,9.72541837583751,169.80220958049762,299.14015736507866
464,201.95114482758623,144.03818999999964,9.585253688471244,169.80220958049762,299.14015736507866
465,201.95114482758623,144.03818999999964,9.650610170000727,169.80220958049762,299.14015736507866
466,201.95114482758623,144.03818999999964,8.770119205345635,169.80220958049762,299.14015736507866
467,201.95114482758623,144.03818999999964,7.002364122040863,169.80220958049762,299.14015736507866
468,89.84210526315789,110.18794673870919,5.27578822607836,169.80220958049762,299.14015736507866
469,89.84210526315788,110.18794577822499,5.27578822607836,169.80220958049762,299.14015736507866
470,-5.275788226078352,105.2352608987935,5.275788226078357,169.80220958049762,299.14015736507866
471,-5.275788226078352,105.23526089905351,5.275788226078357,169.80220958049762,299.14015736507866
472,89.84210526315789,110.18794577718741,5.27578822607836,169.80220958049762,299.14015736507866
473,89.84210526315792,110.1879452988783,5.275788226078361,169.80220958049762,299.14015736507866
474,201.95114482758623,144.03818999999962,5.762692211985838,169.80220958049762,299.14015736507866
475,201.95114482758623,144.03818999999964,7.075770084614397,169.80220958049762,299.14015736507866
476,201.95114482758623,144.03818999999964,8.20040061098588,169.80220958049762,299.14015736507866
477,201.95114482758623,144.03818999999964,9.298357694361114,169.80220958049762,299.14015736507866
478,201.95114482758623,144.03818999999962,9.34397989762941,169.80220958049762,299.14015736507866
479,201.95114482758623,144.03818999999964,9.083001514311572,169.80220958049762,299.14015736507866
480,201.95114482758623,144.03818999999962,8.875305957587011,169.80220958049762,299.14015736507866
481,201.9511448275862,144.03818999999964,9.985058621806212,169.8022095804976,299.1401573650786
482,201.9511448275862,144.03818999999964,9.98242394723157,169.8022095804976,299.1401573650786
483,201.9511448275862,144.03818999999964,9.937509679089212,169.8022095804976,299.1401573650786
484,201.9511448275862,144.03818999999962,9.894793284210666,169.8022095804976,299.1401573650786
485,201.9511448275862,144.03818999999962,9.864889727789464,169.8022095804976,299.1401573650786
486,201.9511448275862,144.03818999999964,9.864889727789464,169.8022095804976,299.1401573650786
487,201.9511448275862,144.03818999999964,9.829800022468879,169.8022095804976,299.1401573650786
488,201.9511448275862,144.03818999999962,9.789108167000302,169.8022095804976,299.1401573650786
489,201.9511448275862,144.03818999999964,9.650038949588708,169.8022095804976,299.1401573650786
490,201.9511448275862,144.03818999999964,9.304264082485464,169.8022095804976,299.1401573650786
491,201.9511448275862,144.03818999999964,8.861675956063364,169.8022095804976,299.1401573650786
492,201.9511448275862,144.03818999999964,8.079125552040244,169.8022095804976,299.1401573650786
493,201.9511448275862,144.03818999999964,7.054379707435498,169.8022095804976,299.1401573650786
494,201.9511448275862,144.03818999999962,6.174847011659536,169.80220958049762,299.1401573650786
495,89.84210526315788,90.88484369360052,5.275788226078366,169.8022095804976,299.1401573650786
496,201.95114482758618,144.03818999999962,5.406864660940426,169.8022095804976,299.1401573650786
497,201.9511448275862,144.03818999999962,5.388025908126408,169.80220958049762,299.1401573650786
498,201.9511448275862,144.03818999999964,6.784039733414228,169.8022095804976,299.1401573650786
499,201.9511448275862,144.03818999999964,8.434288817055196,169.8022095804976,299.1401573650786
500,201.9511448275862,144.03818999999964,9.676956182742625,169.80220958049762,299.1401573650786
501,201.95114482758623,144.03818999999964,9.95996681316029,169.8022095804976,299.1401573650786
502,201.9511448275862,144.03818999999964,9.999445331669387,169.8022095804976,299.1401573650786
503,201.9511448275862,144.03818999999962,10.000436841503669,169.80220958049762,299.1401573650786
504,201.9511448275862,144.03818999999964,10.000436841503669,169.8022095804976,299.1401573650786
505,201.95114482758623,144.03818999999964,9.296382421433865,169.80220958049762,299.1401573650786
506,201.95114482758623,144.03818999999967,8.426558477353222,169.80220958049762,299.14015736507866
507,201.95114482758623,144.03818999999964,8.919117822420192,169.80220958049762,299.14015736507866
508,201.95114482758623,144.03818999999964,9.023645069488541,169.80220958049762,299.1401573650786
509,201.95114482758623,144.03818999999964,8.940590420202804,169.80220958049762,299.1401573650786
510,201.95114482758623,144.03818999999964,8.87530595758702,169.80220958049762,299.1401573650786
511,201.95114482758623,144.03818999999964,8.87530595758702,169.80220958049762,299.1401573650786
512,201.95114482758623,144.03818999999964,8.830322355903586,169.80220958049762,299.14015736507866
513,201.95114482758623,144.03818999999964,8.87530595758702,169.80220958049762,299.1401573650786
514,201.95114482758623,144.03818999999967,8.94274327496554,169.80220958049762,299.14015736507866
515,201.95114482758623,144.03818999999964,7.87871680740395,169.80220958049762,299.14015736507866
516,201.95114482758623,144.03818999999964,6.267426973699314,169.80220958049762,299.14015736507866
517,201.95114482758618,144.03818999999962,5.275788226093462,169.80220958049762,299.14015736507866
518,89.84210526315792,82.97073510289287,5.275788226078379,169.80220958049762,299.1401573650786
519,201.95114482758612,144.03818999999956,5.297296529088967,169.80220958049762,299.1401573650786
520,201.95114482758623,144.03818999999964,7.273091391171586,169.80220958049762,299.14015736507866
521,201.95114482758623,144.03818999999967,7.5995232833860245,169.80220958049762,299.14015736507866
522,201.95114482758623,144.03818999999964,6.6103361803771294,169.80220958049762,299.14015736507866
523,201.95114482758623,144.03818999999964,6.301370833666747,169.80220958049762,299.14015736507866
524,201.95114482758623,144.03818999999964,6.204148073529843,169.80220958049762,299.1401573650786
525,201.95114482758623,144.03818999999967,6.496000682848958,169.80220958049762,299.14015736507866
526,201.95114482758623,144.03818999999964,6.253874089447471,169.80220958049762,299.1401573650786
527,201.95114482758623,144.03818999999964,6.817118980008056,169.80220958049762,299.1401573650786
528,201.95114482758623,144.03818999999964,7.0340566978059815,169.80220958049762,299.1401573650786
529,201.95114482758606,144.03818999999953,5.896522083534114,169.8022095804976,299.1401573650786
530,89.84210526315793,77.17677109965564,5.347629236050892,169.8022095804976,299.1401573650786
531,201.95114482758612,144.03818999999953,5.736659737046006,169.8022095804976,299.1401573650786
532,201.95114482758618,144.03818999999962,6.303163304054055,169.8022095804976,299.1401573650786
533,201.9511448275862,144.03818999999962,6.63614457015279,169.8022095804976,299.1401573650786
534,201.9511448275862,144.03818999999962,6.400445196042384,169.8022095804976,299.1401573650786
535,201.9511448275862,144.03818999999962,6.63614457015279,169.8022095804976,299.1401573650786
536,201.9511448275862,144.03818999999964,6.905124044152296,169.8022095804976,299.1401573650786
537,201.9511448275862,144.03818999999964,7.437910709960213,169.8022095804976,299.1401573650786
538,201.9511448275862,144.03818999999964,7.588579428853971,169.8022095804976,299.1401573650786
539,201.9511448275862,144.03818999999964,7.871966412763801,169.8022095804976,299.1401573650786
540,201.9511448275862,144.03818999999962,7.903850709459083,169.8022095804976,299.1401573650786
541,201.9511448275862,144.03818999999964,8.00306168302325,169.8022095804976,299.1401573650786
542,201.9511448275862,144.03818999999962,7.218891416386171,169.8022095804976,299.1401573650786
543,201.9511448275862,144.03818999999964,6.205527357310584,169.8022095804976,299.1401573650786
544,201.9511448275862,144.03818999999964,6.9307261251830585,169.8022095804976,299.1401573650786
545,201.9511448275862,144.03818999999964,7.248140941904586,169.8022095804976,299.1401573650786
546,201.9511448275862,144.03818999999964,8.168640141942602,169.8022095804976,299.1401573650786
547,201.9511448275862,144.03818999999964,8.625399311230487,169.8022095804976,299.1401573650786
548,201.9511448275862,144.03818999999964,8.68820939602299,169.8022095804976,299.1401573650786
549,201.9511448275862,144.03818999999964,8.398623993508812,169.8022095804976,299.1401573650786
550,201.9511448275862,144.03818999999962,8.069282738335447,169.8022095804976,299.1401573650786
551,201.9511448275862,144.03818999999964,7.905745714151237,169.8022095804976,299.1401573650786
552,201.9511448275862,144.03818999999962,7.200332396876901,169.8022095804976,299.1401573650786
553,85.39874761904761,97.9785252668163,5.275788226078361,169.80220958049765,299.1401573650786
554,85.39874761904763,97.9785242100478,5.275788226078361,169.80220958049765,299.1401573650786
555,89.84210526315788,98.77625325492252,5.275788226078363,169.80220958049765,299.1401573650786
556,89.8421052631579,98.77625224584668,5.275788226078369,169.80220958049765,299.1401573650786
557,89.84210526315788,98.77625173563695,5.275788226078361,169.80220958049765,299.1401573650786
558,89.84210526315788,98.77625173234789,5.27578822607836,169.80220958049765,299.1401573650786
559,89.84210526315786,98.7762517363875,5.275788226078358,169.80220958049765,299.1401573650786
560,89.84210526315786,98.77625275212053,5.275788226078358,169.80220958049765,299.1401573650786
561,89.84210526315788,98.7762532602981,5.275788226078358,169.80220958049765,299.1401573650786
562,89.84210526315788,98.77625326000944,5.275788226078358,169.80220958049765,299.1401573650786
563,89.84210526315775,98.77625274729984,5.275788226078358,169.80220958049765,299.1401573650786
564,85.39874761904746,97.97852473169523,5.275788226078357,169.80220958049765,299.1401573650786
565,-5.275788226078352,88.0391997634278,5.275788226078357,169.80220958049765,299.1401573650786
566,-5.2757882260783555,88.03919892307793,5.275788226078357,169.80220958049765,299.1401573650786
567,-5.275788226078356,88.03919892318089,5.275788226078357,169.80220958049765,299.1401573650786
568,-5.275788226078352,88.03919976460155,5.275788226078357,169.80220958049765,299.1401573650786
569,-5.275788226078307,88.03919807528449,5.275788226078357,169.80220958049765,299.1401573650786
570,89.84210526315782,98.77625173005804,5.275788226078357,169.80220958049765,299.1401573650786
571,201.95114482758595,144.03818999999945,5.275788226078358,169.80220958049765,299.1401573650786
572,201.95114482758618,144.0381899999996,5.275788226078358,169.80220958049765,299.1401573650786
573,201.95114482758572,144.03818999999925,5.275788226078358,169.80220958049765,299.1401573650786
574,89.84210526315789,98.77625173258112,5.275788226078358,169.80220958049765,299.1401573650786
575,85.39874761904775,97.97852368461531,5.275788226078358,169.80220958049765,299.1401573650786
576,85.39874761904761,97.97852526667211,5.275788226078358,169.80220958049765,299.1401573650786
577,83.33045517241379,50.488420694378924,6.496000682848962,91.31621463393881,136.8520001950057
578,83.33045517241379,50.4884206954801,7.588579428853968,91.31621463393881,136.8520001950057
579,83.33045517241379,50.48842069333001,8.13223759395899,91.31621463393881,136.8520001950057
580,83.33045517241379,50.48842069326413,8.004927345174897,91.31621463393881,136.8520001950057
581,83.33045517241379,50.48842014313685,8.341777422885738,91.31621463393881,136.8520001950057
582,83.33045517241382,50.48842014029107,8.96177875046553,91.31621463393881,136.8520001950057
583,83.33045517241382,50.48842068838055,8.96177875046553,91.31621463393881,136.8520001950057
584,83.33045517241379,50.48842069393368,7.896093752179742,91.31621463393881,136.8520001950057
585,83.33045517241379,50.488420693832104,6.056967707890632,91.31621463393881,136.8520001950057
586,83.33045517241379,50.48842069277675,5.892831159468043,91.31621463393881,136.8520001950057
587,83.33045517241379,50.48842069351471,5.892831159468038,91.31621463393881,136.8520001950057
588,83.33045517241378,50.488420702263376,5.892831159468035,91.31621463393881,136.8520001950057
589,-5.89283115946802,0.9414267741250325,5.892831159468035,91.31621463393881,136.8520001950057
590,-5.892831159468034,0.9414270900898584,5.892831159468035,91.31621463393881,136.8520001950057
591,-5.892831159468031,0.9414270897090345,5.892831159468035,91.31621463393881,136.8520001950057
592,-5.892831159468026,0.9414270889839637,5.892831159468035,91.31621463393881,136.8520001950057
593,-5.892831159468024,0.9414277171092809,5.892831159468034,91.31621463393881,136.8520001950057
594,-5.892831159468017,0.9414274016930534,5.892831159468034,91.31621463393881,136.8520001950057
595,-5.892831159467018,0.9414269064928595,5.892831159468033,91.31621463393881,136.8520001950057
596,83.33045517241379,50.48842014622929,5.892831159468034,91.31621463393881,136.8520001950057
597,83.33045517241379,50.4884201449484,5.892831159468037,91.31621463393881,136.8520001950057
598,83.33045517241379,50.48842069414764,5.892831159468044,91.31621463393881,136.8520001950057
599,83.33045517241379,50.48842014449022,5.896522083537457,91.31621463393881,136.8520001950057
600,83.33045517241379,50.48842069580196,6.25387408944749,91.31621463393881,136.8520001950057
601,83.33045517241379,50.600204164400516,9.946717173391825,91.3162146339388,136.8520001950057
602,83.33045517241379,50.60020417120623,9.937509679089159,91.3162146339388,136.8520001950057
603,83.33045517241379,50.60020416335933,9.949573715298978,91.3162146339388,136.8520001950057
604,83.33045517241379,50.60020416083525,9.95751933914752,91.3162146339388,136.8520001950057
605,83.3304551724138,50.6002041641412,9.949573715298978,91.3162146339388,136.8520001950057
606,83.33045517241389,50.60020408770394,9.949573715298978,91.3162146339388,136.8520001950057
607,85.3987476190476,52.045636521743376,9.904635228718586,91.3162146339388,136.8520001950057
608,83.33045517241379,50.600204160648175,9.003362316322937,91.3162146339388,136.8520001950057
609,83.33045517241379,50.60020416914917,7.240041797695467,91.3162146339388,136.8520001950057
610,83.33045517241378,50.6002041679449,5.892831159468035,91.3162146339388,136.8520001950057
611,-5.892831159468032,16.980405757542854,5.892831159468033,91.3162146339388,136.8520001950057
612,-5.892831159468033,16.980405421012858,5.892831159468034,91.3162146339388,136.8520001950057
613,-5.892831159468034,16.98040542106084,5.892831159468034,91.3162146339388,136.8520001950057
614,-5.892831159468034,16.9804054211053,5.892831159468034,91.3162146339388,136.8520001950057
615,-5.892831159468034,16.980405421097263,5.892831159468034,91.3162146339388,136.8520001950057
616,-5.892831159468033,16.980405419116625,5.892831159468034,91.3162146339388,136.8520001950057
617,-5.892831159468033,16.980405856749183,5.892831159468033,91.3162146339388,136.8520001950057
618,-5.892831159468032,16.980405856630203,5.892831159468033,91.3162146339388,136.8520001950057
619,-5.892831159468024,16.98040575670014,5.892831159468033,91.3162146339388,136.8520001950057
620,83.33045517241378,50.60020417153563,5.892831159468034,91.3162146339388,136.8520001950057
621,83.33045517241379,50.6002041658626,5.8928311594680425,91.3162146339388,136.8520001950057
622,83.33045517241379,50.600204164142966,7.828868819600615,91.3162146339388,136.8520001950057
623,83.33045517241379,50.60020416127703,9.043275347437564,91.3162146339388,136.8520001950057
624,83.33045517241379,50.600204162244,9.359358077119834,91.3162146339388,136.8520001950057
625,83.33045517241378,50.585749944240476,8.454160160198736,91.31621463393878,136.85200019500573
626,83.33045517241378,50.58574996403299,8.508392856309683,91.31621463393878,136.85200019500573
627,83.33045517241379,50.58574996386652,8.663457321730458,91.31621463393878,136.85200019500573
628,83.33045517241379,50.58574996368592,8.73679140850692,91.31621463393878,136.85200019500573
629,83.33045517241379,50.58574996355755,8.73679140850692,91.31621463393878,136.85200019500573
630,83.33045517241379,50.58574993969524,8.875305957587013,91.31621463393878,136.85200019500573
631,83.33045517241379,50.58574994342242,8.613031037044328,91.31621463393878,136.85200019500573
632,83.33045517241379,50.58574993621518,8.224076802944616,91.31621463393878,136.85200019500573
633,83.33045517241379,50.5857499638824,7.487042896151391,91.31621463393878,136.85200019500573
634,83.33045517241378,50.5857499647659,6.1207646641756375,91.31621463393878,136.85200019500573
635,83.33045517241376,50.585749959943456,5.892831159468034,91.31621463393878,136.85200019500573
636,-5.892831159468032,15.328589793747467,5.892831159468034,91.31621463393878,136.85200019500573
637,-5.892831159468034,15.328590659560096,5.892831159468034,91.31621463393878,136.85200019500573
638,-5.8928311594680345,15.328590226902826,5.8928311594680345,91.31621463393878,136.85200019500573
639,-5.8928311594680345,15.328590226815512,5.892831159468034,91.31621463393878,136.85200019500573
640,-5.892831159468034,15.328590657559973,5.892831159468034,91.31621463393878,136.85200019500573
641,-5.892831159468033,15.328591092191237,5.892831159468034,91.31621463393878,136.85200019500573
642,-5.892831159468022,15.32858935978407,5.892831159468033,91.31621463393878,136.85200019500573
643,83.33045517241378,50.5857499649987,5.892831159468038,91.31621463393878,136.85200019500573
644,83.33045517241379,50.58574994391472,6.937204070040684,91.31621463393878,136.85200019500573
645,83.33045517241379,50.585749964530855,9.080102878994849,91.31621463393878,136.85200019500573
646,83.3304551724138,50.58574996096798,9.848020877158149,91.31621463393878,136.85200019500573
647,83.33045517241379,50.58574996102928,9.864889727789441,91.31621463393878,136.85200019500573
648,83.33045517241379,50.58574994231574,9.916044014660672,91.31621463393878,136.85200019500573
649,83.33045517241379,50.58023388530388,9.966747633512657,91.31621463393877,136.8520001950057
650,83.33045517241379,50.5802338884214,9.96232415356904,91.31621463393877,136.8520001950057
651,83.33045517241379,50.580233894793466,9.934223269225114,91.31621463393877,136.8520001950057
652,83.33045517241379,50.58023388598497,9.89479328421064,91.31621463393877,136.8520001950057
653,83.3304551724138,50.58023387786459,9.91991975962693,91.31621463393877,136.8520001950057
654,85.39874761904714,52.036478305709295,9.89479328421064,91.31621463393877,136.8520001950057
655,85.3987476190476,52.036478237798015,9.870221477125845,91.31621463393877,136.8520001950057
656,85.39874761904761,52.03647871768082,9.789108167000288,91.31621463393877,136.8520001950057
657,85.39874761904761,52.036478712367135,9.706382900337523,91.31621463393877,136.8520001950057
658,83.33045517241379,50.58023389510271,8.579790331345711,91.31621463393877,136.8520001950057
659,83.33045517241379,50.58023389828263,6.929414151716877,91.31621463393877,136.8520001950057
660,83.33045517241379,50.58023389936969,5.892831159468042,91.31621463393877,136.8520001950057
661,83.33045517241378,50.58023389863292,5.8928311594680345,91.31621463393877,136.8520001950057
662,83.33045517241369,50.580233934232254,5.892831159468034,91.31621463393877,136.8520001950057
663,-5.892831159468025,14.65690462798153,5.892831159468034,91.31621463393877,136.8520001950057
664,-5.892831159468029,14.656911980264432,5.892831159468034,91.31621463393877,136.8520001950057
665,83.33045517241378,50.58023390291571,5.892831159468034,91.31621463393877,136.8520001950057
666,83.33045517241379,50.580233895904115,5.892831159468035,91.31621463393877,136.8520001950057
667,83.33045517241379,50.580233894095976,6.71477757449096,91.31621463393877,136.8520001950057
668,83.33045517241383,50.58023386185923,8.29394459548486,91.31621463393877,136.8520001950057
669,85.39874761904771,52.03647775510486,9.317393169861111,91.31621463393877,136.8520001950057
670,85.39874761904763,52.036478787603016,9.359358077119834,91.31621463393877,136.8520001950057
671,83.33045517241501,50.580229481899316,9.418451054485418,91.31621463393877,136.8520001950057
672,83.33045517241379,50.58023388960319,9.389379500561462,91.31621463393877,136.8520001950057
673,83.33045517241376,50.55514266461258,6.7274707109317875,91.31621463393878,136.85200019500573
674,83.33045517241376,50.55514266490264,7.360271010260593,91.31621463393878,136.85200019500573
675,83.33045517241376,50.55514266465138,7.625298472398271,91.31621463393878,136.85200019500573
676,83.33045517241376,50.55514266381058,7.625298472398271,91.31621463393878,136.85200019500573
677,83.33045517241376,50.555142666681434,7.625298472398271,91.31621463393878,136.85200019500573
678,83.33045517241376,50.55514266661387,7.399284994026421,91.31621463393878,136.85200019500573
679,83.33045517241376,50.55514266335799,7.320875692016873,91.31621463393878,136.85200019500573
680,83.33045517241376,50.555142663970145,7.200332396876895,91.31621463393878,136.85200019500573
681,83.33045517241376,50.55514266602342,7.399284994026421,91.31621463393878,136.85200019500573
682,83.33045517241376,50.55514266344956,7.003978581242836,91.31621463393878,136.85200019500573
683,83.33045517241376,50.555142664605434,5.892831159468044,91.31621463393878,136.85200019500573
684,83.33045517241376,50.55514266583665,5.8928311594680345,91.31621463393878,136.85200019500573
685,-5.892831159468029,11.50358612858806,5.892831159468034,91.31621463393878,136.85200019500573
686,-5.892831159468033,11.503585711573127,5.892831159468034,91.31621463393878,136.85200019500573
687,-5.892831159468033,11.503585711484797,5.892831159468034,91.31621463393878,136.85200019500573
688,-5.892831159468033,11.503586128847857,5.892831159468034,91.31621463393878,136.85200019500573
689,-5.892831159468023,11.503586545249165,5.892831159468034,91.31621463393878,136.85200019500573
690,83.33045517241376,50.55514266608742,5.8928311594680345,91.31621463393878,136.85200019500573
691,83.33045517241376,50.55514266383634,5.933560580397951,91.31621463393878,136.85200019500573
692,83.33045517241379,50.555142664916595,7.247830360461122,91.31621463393878,136.85200019500573
693,83.33045517241379,50.555142662713244,7.281085172586968,91.31621463393878,136.85200019500573
694,83.33045517241376,50.55514266369321,7.117991883067947,91.31621463393878,136.85200019500573
695,83.33045517241376,50.55514266397458,7.399284994026421,91.31621463393878,136.85200019500573
696,83.33045517241376,50.55514266921665,8.132237593958987,91.31621463393878,136.85200019500573
697,-5.892831159468016,1.2870450423696884,5.892831159468035,91.3162146339388,136.8520001950057
698,-5.892831159468009,1.2870447223209034,5.892831159468035,91.3162146339388,136.8520001950057
699,-5.892831159467987,1.2870447197880026,5.892831159468035,91.3162146339388,136.8520001950057
700,-5.892831159467661,1.2870453106583843,5.8928311594680345,91.3162146339388,136.8520001950057
701,83.33045517241372,50.49048728711465,5.8928311594680345,91.3162146339388,136.8520001950057
702,83.33045517241376,50.490487278823444,5.8928311594680345,91.3162146339388,136.8520001950057
703,83.33045517241378,50.49048727521407,5.892831159468037,91.3162146339388,136.8520001950057
704,83.33045517241378,50.49048727665103,5.892831159468037,91.3162146339388,136.8520001950057
705,83.33045517241378,50.4904872734361,5.892831159468037,91.3162146339388,136.8520001950057
706,83.33045517241378,50.49048727686935,5.892831159468037,91.3162146339388,136.8520001950057
707,83.33045517241294,50.49048732796893,5.8928311594680345,91.3162146339388,136.8520001950057
708,-5.892831159468018,1.2870444044565295,5.8928311594680345,91.3162146339388,136.8520001950057
709,83.33045517241372,50.490487285034085,5.8928311594680345,91.3162146339388,136.8520001950057
710,-5.892831159468018,1.2870453618652207,5.8928311594680345,91.3162146339388,136.8520001950057
711,83.33045517241366,50.49048729669693,5.8928311594680345,91.3162146339388,136.8520001950057
712,83.33045517241376,50.49048727578422,5.892831159468037,91.3162146339388,136.8520001950057
713,83.33045517241378,50.49048727468783,5.892831159468041,91.3162146339388,136.8520001950057
714,83.33045517241378,50.49048727679006,6.067344253671282,91.3162146339388,136.8520001950057
715,83.33045517241378,50.490487272769656,6.35282462417113,91.3162146339388,136.8520001950057
716,83.33045517241378,50.49048727431406,6.4004451960423925,91.3162146339388,136.8520001950057
717,83.33045517241378,50.490487276518515,6.052328417848314,91.3162146339388,136.8520001950057
718,83.33045517241378,50.4904872721675,5.892831159468077,91.3162146339388,136.8520001950057
719,83.33045517241378,50.490487275698584,5.892831159468053,91.3162146339388,136.8520001950057
720,83.33045517241378,50.49048727600869,5.892831159468053,91.3162146339388,136.8520001950057
721,83.33045517241378,50.547760640196444,9.043703263025861,91.31621463393878,136.8520001950057
722,83.33045517241378,50.54776063760817,9.083001514311574,91.31621463393878,136.8520001950057
723,83.33045517241378,50.547760634821636,8.852959757182314,91.31621463393878,136.8520001950057
724,83.33045517241378,50.547760634559275,8.736791408506923,91.31621463393878,136.8520001950057
725,83.33045517241379,50.54776063049254,8.784153150661599,91.31621463393878,136.8520001950057
726,83.33045517241379,50.54776063704902,8.784153150661599,91.31621463393878,136.8520001950057
727,83.33045517241379,50.54776063323385,8.561342881904071,91.31621463393878,136.8520001950057
728,83.33045517241382,50.54776062475578,8.638400179855626,91.31621463393878,136.8520001950057
729,85.39874761904757,52.02093741449413,8.875305957587015,91.31621463393878,136.8520001950057
730,85.3987476190476,52.02093684723787,9.063491055751589,91.31621463393878,136.8520001950057
731,83.33045517241388,50.547760592789864,8.983651283777505,91.31621463393878,136.8520001950057
732,83.33045517241378,50.54776064004153,8.295565047985846,91.31621463393878,136.8520001950057
733,83.33045517241378,50.547760635735926,7.65826987927767,91.31621463393878,136.8520001950057
734,83.33045517241378,50.547760639194706,7.106344613777885,91.31621463393878,136.8520001950057
735,83.33045517241378,50.54776064229856,6.76763976209476,91.31621463393878,136.8520001950057
736,83.33045517241378,50.547760641724174,6.32813834767155,91.31621463393878,136.8520001950057
737,83.33045517241378,50.54776064163595,6.929055329951079,91.31621463393878,136.8520001950057
738,83.33045517241379,50.54776063652742,7.456095081703371,91.31621463393878,136.8520001950057
739,89.84210526315779,55.286190000000005,9.012877323861225,91.31621463393878,136.8520001950057
740,89.84210526315789,55.28619000000007,9.432636697063149,91.31621463393881,136.85200019500573
741,89.84210526315788,55.28619000000004,9.374486655861089,91.31621463393881,136.85200019500573
742,89.84210526315783,55.28619000000001,9.487063527090116,91.31621463393881,136.85200019500573
743,85.39874761904765,52.02093409991298,9.60766922241739,91.31621463393878,136.8520001950057
744,85.39874761904761,52.020937032300445,9.742398160135107,91.31621463393878,136.8520001950057
745,83.3304551724138,50.58115024756147,9.707703656000714,91.31621463393878,136.85200019500573
746,83.33045517241382,50.58115023374018,9.816876250345258,91.31621463393878,136.85200019500573
747,83.33045517241385,50.58115022701325,9.859412378016026,91.31621463393878,136.85200019500573
748,85.39874761904755,52.03687864169486,9.875414559379372,91.31621463393878,136.85200019500573
749,85.39874761904761,52.036879574289294,9.894793284210639,91.31621463393878,136.85200019500573
750,85.39874761904765,52.03687964581419,9.940692088641066,91.31621463393878,136.85200019500573
751,89.84210526315776,55.286189999999955,9.937509679089164,91.3162146339388,136.85200019500573
752,89.84210526315785,55.28619,9.859412378016026,91.31621463393881,136.85200019500573
753,89.8421052631578,55.28619,9.758656875601757,91.31621463393881,136.85200019500573
754,89.84210526315773,55.286189999999934,9.69857242859364,91.3162146339388,136.85200019500573
755,85.39874761904761,52.03688127755163,9.479902591624764,91.31621463393878,136.85200019500573
756,83.3304551724138,50.581150246193374,8.449514462754458,91.31621463393878,136.85200019500573
757,83.3304551724138,50.581150251555705,7.768840812148243,91.31621463393878,136.85200019500573
758,83.3304551724138,50.58115024963715,6.893835596628027,91.31621463393878,136.85200019500573
759,83.3304551724138,50.58115024649057,6.023403709470341,91.31621463393878,136.85200019500573
760,83.3304551724138,50.5811502526636,6.135022072101287,91.31621463393878,136.85200019500573
761,83.3304551724138,50.58115025286118,6.601086242496804,91.31621463393878,136.85200019500573
762,85.39874761904619,52.03687954733699,8.18516378395059,91.31621463393878,136.85200019500573
763,89.84210526315789,55.28619000000005,9.373257986170369,91.31621463393881,136.85200019500576
764,89.8421052631579,55.28619000000007,9.525515909170311,91.31621463393881,136.85200019500576
765,89.8421052631579,55.28619000000006,9.561999218673739,91.31621463393881,136.85200019500576
766,89.84210526315788,55.286190000000055,9.698572428593641,91.31621463393881,136.85200019500576
767,89.84210526315779,55.28618999999998,9.816876250345258,91.3162146339388,136.85200019500573
768,85.39874761904761,52.036880582261155,9.864889727789443,91.31621463393878,136.85200019500573
769,142.6408,99.66218999999954,6.4960006828489645,126.13825673920304,215.5203437739537
770,142.6408,99.66218999999954,7.5885794288539685,126.13825673920304,215.5203437739537
771,142.6408,99.66218999999954,8.132237593958994,126.13825673920304,215.5203437739537
772,142.6408,99.66218999999953,8.004927345174899,126.13825673920304,215.5203437739537
773,142.6408,99.66218999999953,8.34177742288574,126.13825673920304,215.5203437739537
774,142.6408,99.66218999999954,8.961778750465534,126.13825673920304,215.5203437739537
775,142.6408,99.66218999999954,8.961778750465534,126.13825673920304,215.5203437739537
776,142.6408,99.66218999999953,7.896093752179743,126.13825673920304,215.5203437739537
777,142.6408,99.66218999999954,6.056967707890634,126.13825673920304,215.5203437739537
778,142.6408,99.66218999999954,5.892831159468039,126.13825673920304,215.5203437739537
779,89.84210526315792,65.59361905429108,5.892831159468034,126.13825673920304,215.5203437739537
780,85.39874761904763,63.214112990724814,5.892831159468031,126.13825673920304,215.5203437739537
781,-5.892831159468016,27.377979819739643,5.892831159468031,126.13825673920304,215.5203437739537
782,-5.89283115946803,27.37797981888645,5.892831159468031,126.13825673920304,215.5203437739537
783,-5.892831159468027,27.37797981906673,5.892831159468031,126.13825673920304,215.5203437739537
784,-5.892831159468021,27.377981052628744,5.89283115946803,126.13825673920304,215.5203437739537
785,-5.8928311594680185,27.377979818107843,5.89283115946803,126.13825673920304,215.5203437739537
786,-5.892831159468013,27.377979814703956,5.892831159468029,126.13825673920304,215.5203437739537
787,-5.892831159467013,27.377981061754756,5.892831159468029,126.13825673920304,215.5203437739537
788,89.84210526315788,65.59361896936261,5.89283115946803,126.13825673920304,215.5203437739537
789,142.6408,99.66218999999953,5.892831159468034,126.13825673920304,215.5203437739537
790,142.6408,99.66218999999953,5.892831159468041,126.13825673920304,215.5203437739537
791,142.6408,99.66218999999953,5.896522083537459,126.13825673920304,215.5203437739537
792,142.6408,99.66218999999954,6.253874089447489,126.13825673920304,215.5203437739537
793,142.6408,99.66218999999954,9.946717173391823,126.13825673920302,215.52034377395367
794,142.6408,99.66218999999953,9.937509679089159,126.13825673920302,215.52034377395367
795,142.6408,99.66218999999951,9.949573715298976,126.13825673920302,215.52034377395367
796,142.6408,99.66218999999953,9.95751933914752,126.13825673920302,215.52034377395367
797,142.6408,99.66218999999953,9.949573715298976,126.13825673920302,215.52034377395367
798,142.6408,99.66218999999953,9.949573715298976,126.13825673920302,215.52034377395367
799,142.6408,99.66218999999951,9.904635228718586,126.13825673920302,215.52034377395367
800,142.6408,99.66218999999954,9.003362316322937,126.13825673920302,215.52034377395367
801,142.6408,99.66218999999951,7.240041797695467,126.13825673920302,215.52034377395367
802,89.8421052631579,71.9214284602948,5.892831159468029,126.13825673920302,215.52034377395367
803,-5.892831159468026,54.686225759571585,5.892831159468027,126.13825673920302,215.52034377395367
804,-5.892831159468027,54.68622575964184,5.892831159468027,126.13825673920302,215.52034377395367
805,-5.892831159468027,54.686225120597044,5.892831159468027,126.13825673920302,215.52034377395367
806,-5.892831159468027,54.68622512037863,5.892831159468027,126.13825673920302,215.52034377395367
807,-5.892831159468027,54.68622512061829,5.892831159468027,126.13825673920302,215.52034377395367
808,-5.892831159468027,54.68622512052868,5.892831159468027,126.13825673920302,215.52034377395367
809,-5.8928311594680265,54.68622575800675,5.892831159468027,126.13825673920302,215.52034377395367
810,-5.8928311594680265,54.686225758025934,5.892831159468027,126.13825673920302,215.52034377395367
811,-5.8928311594680185,54.68622512058935,5.8928311594680265,126.13825673920302,215.52034377395367
812,89.84210526315788,71.92142805753103,5.892831159468027,126.13825673920302,215.52034377395367
813,142.64079999999998,99.66218999999953,5.892831159468036,126.13825673920302,215.52034377395367
814,142.6408,99.66218999999953,7.828868819600614,126.13825673920302,215.52034377395367
815,142.6408,99.66218999999951,9.043275347437564,126.13825673920302,215.52034377395367
816,142.6408,99.66218999999953,9.359358077119834,126.13825673920302,215.52034377395367
817,142.64080000000004,99.66218999999955,8.454160160198738,126.13825673920302,215.5203437739537
818,142.64080000000004,99.66218999999955,8.508392856309683,126.13825673920302,215.5203437739537
819,142.64080000000004,99.66218999999953,8.663457321730458,126.13825673920302,215.5203437739537
820,142.64080000000004,99.66218999999953,8.73679140850692,126.13825673920302,215.5203437739537
821,142.64080000000004,99.66218999999955,8.73679140850692,126.13825673920302,215.5203437739537
822,142.64080000000004,99.66218999999955,8.875305957587011,126.13825673920302,215.5203437739537
823,142.64080000000004,99.66218999999953,8.61303103704433,126.13825673920302,215.5203437739537
824,142.64080000000004,99.66218999999957,8.224076802944616,126.13825673920302,215.5203437739537
825,142.64080000000004,99.66218999999955,7.48704289615139,126.13825673920302,215.5203437739537
826,142.64079999999998,99.66218999999953,6.120764664175636,126.13825673920302,215.5203437739537
827,85.39874761904761,69.63057645971327,5.892831159468029,126.13825673920302,215.5203437739537
828,-5.892831159468027,52.21617519953153,5.892831159468029,126.13825673920302,215.5203437739537
829,-5.892831159468029,52.21617454709485,5.892831159468029,126.13825673920302,215.5203437739537
830,-5.89283115946803,52.21617650226438,5.892831159468029,126.13825673920302,215.5203437739537
831,-5.89283115946803,52.21617650238975,5.892831159468029,126.13825673920302,215.5203437739537
832,-5.892831159468028,52.21617454715223,5.892831159468029,126.13825673920302,215.5203437739537
833,-5.892831159468028,52.21617454719715,5.892831159468028,126.13825673920302,215.5203437739537
834,-5.892831159468018,52.21617519909756,5.892831159468028,126.13825673920302,215.5203437739537
835,142.64079999999996,99.6621899999995,5.892831159468032,126.13825673920302,215.5203437739537
836,142.64080000000004,99.66218999999955,6.937204070040685,126.13825673920302,215.5203437739537
837,142.64080000000004,99.66218999999955,9.08010287899485,126.13825673920302,215.5203437739537
838,142.64080000000004,99.66218999999953,9.848020877158149,126.13825673920302,215.5203437739537
839,142.64080000000004,99.66218999999955,9.864889727789441,126.13825673920302,215.5203437739537
840,142.64080000000004,99.66218999999955,9.916044014660674,126.13825673920302,215.5203437739537
841,142.6408,99.66218999999955,9.966747633512655,126.13825673920302,215.52034377395367
842,142.6408,99.66218999999953,9.96232415356904,126.13825673920302,215.52034377395367
843,142.6408,99.66218999999954,9.934223269225114,126.13825673920302,215.52034377395367
844,142.6408,99.66218999999953,9.89479328421064,126.13825673920302,215.52034377395367
845,142.6408,99.66218999999954,9.919919759626929,126.13825673920302,215.52034377395367
846,142.6408,99.66218999999954,9.89479328421064,126.13825673920302,215.52034377395367
847,142.6408,99.66218999999954,9.870221477125845,126.13825673920302,215.52034377395367
848,142.6408,99.66218999999954,9.78910816700029,126.13825673920302,215.52034377395367
849,142.6408,99.66218999999954,9.706382900337523,126.13825673920302,215.52034377395367
850,142.6408,99.66218999999954,8.579790331345711,126.13825673920302,215.52034377395367
851,142.6408,99.66218999999954,6.929414151716877,126.13825673920302,215.52034377395367
852,142.6408,99.66218999999954,5.892831159468035,126.13825673920302,215.52034377395367
853,85.39874761904767,69.29441327089015,5.892831159468029,126.13825673920302,215.52034377395367
854,85.39874761904751,69.29441368443402,5.892831159468027,126.13825673920302,215.52034377395367
855,-5.8928311594680185,51.20788798038992,5.892831159468027,126.13825673920302,215.52034377395367
856,-5.892831159468024,51.20788929055431,5.892831159468027,126.13825673920302,215.52034377395367
857,85.39874761904761,69.29441369360934,5.892831159468027,126.13825673920302,215.52034377395367
858,142.6408,99.66218999999953,5.892831159468029,126.13825673920302,215.52034377395367
859,142.6408,99.66218999999953,6.71477757449096,126.13825673920302,215.52034377395367
860,142.6408,99.66218999999953,8.29394459548486,126.13825673920302,215.52034377395367
861,142.6408,99.66218999999954,9.31739316986111,126.13825673920302,215.52034377395367
862,142.6408,99.66218999999954,9.359358077119836,126.13825673920302,215.52034377395367
863,142.6408,99.66218999999953,9.418451054485418,126.13825673920302,215.52034377395367
864,142.6408,99.66218999999953,9.389379500561462,126.13825673920302,215.52034377395367
865,142.6408,99.66218999999953,6.727470710931788,126.13825673920303,215.5203437739537
866,142.6408,99.66218999999955,7.360271010260592,126.13825673920303,215.5203437739537
867,142.6408,99.66218999999955,7.6252984723982715,126.13825673920303,215.5203437739537
868,142.6408,99.66218999999955,7.6252984723982715,126.13825673920303,215.5203437739537
869,142.6408,99.66218999999955,7.6252984723982715,126.13825673920303,215.5203437739537
870,142.6408,99.66218999999955,7.399284994026421,126.13825673920303,215.5203437739537
871,142.6408,99.66218999999955,7.320875692016874,126.13825673920303,215.5203437739537
872,142.6408,99.66218999999955,7.200332396876895,126.13825673920303,215.5203437739537
873,142.6408,99.66218999999953,7.399284994026421,126.13825673920303,215.5203437739537
874,142.6408,99.66218999999955,7.003978581242836,126.13825673920303,215.5203437739537
875,142.6408,99.66218999999953,5.892831159468039,126.13825673920303,215.5203437739537
876,85.39874761904765,67.76623759553975,5.892831159468029,126.13825673920303,215.5203437739537
877,-5.892831159468025,46.26015906425291,5.892831159468029,126.13825673920303,215.5203437739537
878,-5.892831159468027,46.26015771918899,5.892831159468029,126.13825673920303,215.5203437739537
879,-5.892831159468028,46.26015771900462,5.892831159468029,126.13825673920303,215.5203437739537
880,-5.892831159468027,46.26015771913166,5.892831159468028,126.13825673920303,215.5203437739537
881,-5.892831159468018,46.26015838996039,5.892831159468028,126.13825673920303,215.5203437739537
882,89.84210526315795,69.52567177754165,5.892831159468029,126.13825673920303,215.5203437739537
883,142.6408,99.66218999999955,5.93356058039795,126.13825673920303,215.5203437739537
884,142.6408,99.66218999999953,7.247830360461122,126.13825673920303,215.5203437739537
885,142.6408,99.66218999999955,7.281085172586968,126.13825673920303,215.5203437739537
886,142.6408,99.66218999999953,7.117991883067947,126.13825673920303,215.5203437739537
887,142.6408,99.66218999999953,7.399284994026421,126.13825673920303,215.5203437739537
888,142.6408,99.66218999999955,8.132237593958989,126.13825673920303,215.5203437739537
889,-5.8928311594680105,28.11400586663238,5.892831159468032,126.13825673920303,215.5203437739537
890,-5.892831159468003,28.114005245019637,5.892831159468031,126.13825673920303,215.5203437739537
891,-5.892831159467983,28.114006489738358,5.892831159468031,126.13825673920303,215.5203437739537
892,-5.892831159467656,28.114004633099142,5.892831159468031,126.13825673920303,215.5203437739537
893,85.39874761904758,63.35143766668419,5.892831159468031,126.13825673920303,215.5203437739537
894,85.39874761904764,63.35143779750317,5.892831159468031,126.13825673920303,215.5203437739537
895,89.8421052631579,65.71526957447388,5.892831159468032,126.13825673920303,215.5203437739537
896,89.84210526315793,65.71526935723895,5.892831159468032,126.13825673920303,215.5203437739537
897,89.84210526315798,65.71526935941202,5.892831159468033,126.13825673920303,215.5203437739537
898,89.8421052631579,65.71526968380654,5.892831159468032,126.13825673920303,215.5203437739537
899,85.3987476190468,63.351437557040114,5.892831159468029,126.13825673920303,215.5203437739537
900,-5.892831159468013,28.114006487273514,5.892831159468029,126.13825673920303,215.5203437739537
901,85.3987476190476,63.351437540095375,5.892831159468031,126.13825673920303,215.5203437739537
902,-5.892831159468013,28.114006488335296,5.892831159468031,126.13825673920303,215.5203437739537
903,85.39874761904753,63.351437661033316,5.892831159468031,126.13825673920303,215.5203437739537
904,89.84210526315788,65.71526957129969,5.892831159468032,126.13825673920303,215.5203437739537
905,142.64079999999998,99.6621899999995,5.892831159468035,126.13825673920303,215.5203437739537
906,142.6408,99.66218999999951,6.067344253671282,126.13825673920303,215.5203437739537
907,142.64080000000004,99.66218999999953,6.352824624171131,126.13825673920303,215.5203437739537
908,142.64080000000004,99.66218999999951,6.400445196042394,126.13825673920303,215.5203437739537
909,142.64080000000004,99.66218999999953,6.052328417848314,126.13825673920303,215.5203437739537
910,142.6408,99.66218999999951,5.892831159468072,126.13825673920303,215.5203437739537
911,142.6408,99.66218999999951,5.892831159468049,126.13825673920303,215.5203437739537
912,142.64079999999998,99.66218999999951,5.892831159468049,126.13825673920303,215.5203437739537
913,142.6408,99.66218999999954,9.043703263025861,126.13825673920303,215.5203437739537
914,142.6408,99.66218999999954,9.083001514311574,126.13825673920303,215.5203437739537
915,142.6408,99.66218999999954,8.852959757182312,126.13825673920303,215.5203437739537
916,142.6408,99.66218999999954,8.736791408506923,126.13825673920303,215.5203437739537
917,142.6408,99.66218999999954,8.784153150661599,126.13825673920303,215.5203437739537
918,142.6408,99.66218999999954,8.784153150661599,126.13825673920303,215.5203437739537
919,142.6408,99.66218999999954,8.561342881904073,126.13825673920303,215.5203437739537
920,142.6408,99.66218999999954,8.638400179855624,126.13825673920303,215.5203437739537
921,142.6408,99.66218999999954,8.875305957587015,126.13825673920303,215.5203437739537
922,142.6408,99.66218999999954,9.063491055751589,126.13825673920303,215.5203437739537
923,142.6408,99.66218999999954,8.983651283777505,126.13825673920303,215.5203437739537
924,142.6408,99.66218999999954,8.295565047985846,126.13825673920303,215.5203437739537
925,142.6408,99.66218999999953,7.658269879277671,126.13825673920303,215.5203437739537
926,142.6408,99.66218999999954,7.106344613777885,126.13825673920303,215.5203437739537
927,142.6408,99.66218999999954,6.76763976209476,126.13825673920303,215.52034377395373
928,142.6408,99.66218999999955,6.328138347671551,126.13825673920303,215.52034377395373
929,142.6408,99.66218999999954,6.929055329951079,126.13825673920303,215.5203437739537
930,142.6408,99.66218999999954,7.4560950817033715,126.13825673920303,215.5203437739537
931,142.64080000000004,99.66218999999954,9.012877323861225,126.13825673920303,215.5203437739537
932,142.64080000000007,99.66218999999955,9.43263669706315,126.13825673920303,215.5203437739537
933,142.64080000000007,99.66218999999955,9.37448665586109,126.13825673920303,215.5203437739537
934,142.64080000000004,99.66218999999954,9.487063527090116,126.13825673920303,215.5203437739537
935,142.64080000000004,99.66218999999954,9.60766922241739,126.13825673920303,215.5203437739537
936,142.64080000000004,99.66218999999954,9.742398160135108,126.13825673920303,215.5203437739537
937,142.64080000000004,99.66218999999954,9.707703656000715,126.13825673920303,215.52034377395367
938,142.64080000000004,99.66218999999953,9.816876250345263,126.13825673920303,215.52034377395367
939,142.64080000000004,99.66218999999953,9.859412378016028,126.13825673920303,215.52034377395367
940,142.64080000000004,99.66218999999953,9.875414559379376,126.13825673920303,215.52034377395367
941,142.64080000000004,99.66218999999951,9.89479328421064,126.13825673920303,215.52034377395367
942,142.64080000000004,99.66218999999951,9.940692088641068,126.13825673920303,215.52034377395367
943,142.64080000000004,99.66218999999953,9.93750967908917,126.13825673920303,215.52034377395367
944,142.64080000000004,99.66218999999953,9.859412378016028,126.13825673920303,215.52034377395367
945,142.64080000000004,99.66218999999951,9.758656875601758,126.13825673920303,215.52034377395367
946,142.64080000000004,99.66218999999954,9.698572428593641,126.13825673920303,215.52034377395367
947,142.64080000000004,99.66218999999953,9.479902591624768,126.13825673920303,215.52034377395367
948,142.64080000000004,99.66218999999951,8.449514462754461,126.13825673920303,215.52034377395367
949,142.64080000000004,99.66218999999953,7.7688408121482455,126.13825673920303,215.52034377395367
950,142.6408,99.66218999999953,6.893835596628029,126.13825673920303,215.52034377395367
951,142.6408,99.66218999999953,6.023403709470343,126.13825673920303,215.52034377395367
952,142.6408,99.66218999999951,6.135022072101289,126.13825673920303,215.52034377395367
953,142.6408,99.66218999999953,6.601086242496806,126.13825673920303,215.52034377395367
954,142.64080000000004,99.66218999999953,8.185163783950593,126.13825673920303,215.52034377395367
955,142.64080000000004,99.66218999999954,9.37325798617037,126.13825673920303,215.52034377395367
956,142.64080000000058,99.66218999999994,9.525515909170316,126.13825673920304,215.52034377395367
957,142.64080000000013,99.66218999999958,9.56199921867374,126.13825673920303,215.52034377395367
958,142.64080000000004,99.66218999999953,9.698572428593641,126.13825673920303,215.52034377395367
959,142.64080000000004,99.66218999999951,9.816876250345263,126.13825673920303,215.52034377395367
960,142.64080000000004,99.66218999999953,9.864889727789445,126.13825673920303,215.52034377395367
961,201.95114482758623,144.03818999999953,6.496000682848964,170.72777398054328,299.6584734291042
962,201.95114482758623,144.03818999999953,7.5885794288539685,170.72777398054328,299.6584734291042
963,201.95114482758623,144.03818999999953,8.132237593958994,170.72777398054328,299.6584734291042
964,201.95114482758623,144.03818999999953,8.004927345174899,170.72777398054328,299.6584734291042
965,201.95114482758623,144.03818999999956,8.34177742288574,170.72777398054328,299.6584734291042
966,201.95114482758623,144.03818999999956,8.961778750465534,170.72777398054328,299.6584734291042
967,201.95114482758623,144.03818999999953,8.961778750465534,170.72777398054328,299.6584734291042
968,201.95114482758623,144.03818999999953,7.896093752179743,170.72777398054328,299.6584734291042
969,201.95114482758623,144.03818999999953,6.056967707890634,170.72777398054328,299.6584734291042
970,201.9511448275862,144.03818999999953,5.892831159442003,170.72777398054328,299.6584734291042
971,89.84210526315792,83.39929127282684,5.8928311594419975,170.72777398054328,299.6584734291042
972,85.39874761904763,81.84605982754121,5.892831159441996,170.72777398054328,299.6584734291042
973,-5.89283115944198,58.001989971745616,5.892831159441994,170.72777398054328,299.6584734291042
974,-5.892831159441994,58.001990909140154,5.892831159441994,170.72777398054328,299.6584734291042
975,-5.892831159441991,58.00199184697369,5.892831159441994,170.72777398054328,299.6584734291042
976,-5.892831159441985,58.00199184204797,5.892831159441994,170.72777398054328,299.6584734291042
977,-5.892831159441983,58.001989033408954,5.892831159441993,170.72777398054328,299.6584734291042
978,-5.892831159441975,58.00199184770698,5.892831159441993,170.72777398054328,299.6584734291042
979,-5.892831159440977,58.00199091598236,5.892831159441993,170.72777398054328,299.6584734291042
980,89.84210526315788,83.39929207629488,5.892831159441994,170.72777398054328,299.6584734291042
981,201.9511448275862,144.0381899999995,5.892831159441997,170.72777398054328,299.6584734291042
982,201.95114482758623,144.03818999999953,5.892831159442005,170.7277739805433,299.65847342910416
983,201.95114482758623,144.03818999999953,5.896522083537459,170.7277739805433,299.65847342910416
984,201.95114482758623,144.03818999999953,6.253874089447489,170.7277739805433,299.65847342910416
985,201.95114482758623,144.03818999999953,9.946717173391823,170.72777398054328,299.6584734291042
986,201.95114482758623,144.03818999999953,9.937509679089159,170.72777398054328,299.6584734291042
987,201.95114482758623,144.03818999999953,9.949573715298976,170.72777398054328,299.6584734291042
988,201.95114482758623,144.03818999999953,9.95751933914752,170.72777398054328,299.6584734291042
989,201.95114482758623,144.03818999999953,9.949573715298976,170.72777398054328,299.6584734291042
990,201.95114482758623,144.03818999999953,9.949573715298976,170.72777398054325,299.65847342910416
991,201.95114482758623,144.03818999999953,9.904635228718584,170.72777398054325,299.65847342910416
992,201.95114482758623,144.03818999999953,9.003362316322937,170.72777398054328,299.6584734291042
993,201.95114482758623,144.03818999999953,7.240041797695467,170.72777398054325,299.65847342910416
994,89.8421052631579,103.15354879153735,5.892831159441994,170.72777398054325,299.65847342910416
995,-5.89283115944199,95.02889791444348,5.892831159441992,170.72777398054325,299.65847342910416
996,-5.892831159441991,95.02889791461824,5.892831159441992,170.72777398054325,299.65847342910416
997,-5.892831159441992,95.02889791452019,5.892831159441992,170.72777398054325,299.65847342910416
998,-5.892831159441992,95.02889791459518,5.892831159441992,170.72777398054325,299.65847342910416
999,-5.892831159441992,95.02889791456786,5.892831159441992,170.72777398054325,299.65847342910416
1000,-5.892831159441992,95.02889791442577,5.892831159441992,170.72777398054325,299.65847342910416
1001,-5.892831159441991,95.02889791443015,5.892831159441992,170.72777398054325,299.65847342910416
1002,-5.89283115944199,95.02889791450464,5.892831159441991,170.72777398054325,299.65847342910416
1003,-5.892831159441983,95.02889557704748,5.892831159441991,170.72777398054325,299.65847342910416
1004,89.84210526315788,103.1535482828727,5.892831159441992,170.72777398054325,299.65847342910416
1005,201.95114482758623,144.03818999999953,5.892831159442001,170.72777398054325,299.65847342910416
1006,201.95114482758623,144.03818999999953,7.828868819600614,170.72777398054325,299.65847342910416
1007,201.95114482758623,144.03818999999953,9.043275347437564,170.72777398054328,299.6584734291042
1008,201.95114482758623,144.03818999999953,9.359358077119834,170.72777398054328,299.6584734291042
1009,201.95114482758623,144.0381899999995,8.454160160198738,170.72777398054328,299.6584734291042
1010,201.95114482758623,144.0381899999995,8.508392856309683,170.72777398054328,299.6584734291042
1011,201.95114482758623,144.0381899999995,8.663457321730458,170.72777398054328,299.6584734291042
1012,201.95114482758623,144.0381899999995,8.73679140850692,170.72777398054328,299.6584734291042
1013,201.95114482758623,144.03818999999953,8.73679140850692,170.72777398054328,299.6584734291042
1014,201.95114482758623,144.03818999999953,8.875305957587011,170.72777398054328,299.6584734291042
1015,201.95114482758623,144.0381899999995,8.61303103704433,170.72777398054328,299.6584734291042
1016,201.95114482758623,144.03818999999953,8.224076802944616,170.72777398054328,299.6584734291042
1017,201.95114482758623,144.03818999999953,7.48704289615139,170.72777398054328,299.6584734291042
1018,201.9511448275862,144.0381899999995,6.120764664175636,170.72777398054328,299.6584734291042
1019,85.39874761904761,100.54837370282368,5.892831159441993,170.72777398054328,299.6584734291042
1020,-5.89283115944199,92.05971671752756,5.892831159441993,170.72777398054328,299.6584734291042
1021,-5.892831159441993,92.0597167172144,5.892831159441993,170.72777398054328,299.6584734291042
1022,-5.892831159441994,92.0597167173147,5.892831159441993,170.72777398054328,299.6584734291042
1023,-5.892831159441994,92.05971671723111,5.892831159441993,170.72777398054328,299.6584734291042
1024,-5.892831159441992,92.05971671749411,5.892831159441993,170.72777398054328,299.6584734291042
1025,-5.892831159441991,92.05971671748786,5.892831159441992,170.72777398054328,299.6584734291042
1026,-5.8928311594419815,92.05971510381787,5.892831159441992,170.72777398054328,299.6584734291042
1027,201.95114482758618,144.03818999999947,5.892831159441997,170.72777398054328,299.6584734291042
1028,201.95114482758623,144.0381899999995,6.937204070040685,170.72777398054328,299.6584734291042
1029,201.95114482758623,144.03818999999953,9.08010287899485,170.72777398054328,299.6584734291042
1030,201.95114482758623,144.03818999999953,9.848020877158149,170.72777398054328,299.6584734291042
1031,201.95114482758623,144.0381899999995,9.864889727789441,170.72777398054328,299.6584734291042
1032,201.95114482758623,144.03818999999953,9.916044014660674,170.72777398054328,299.6584734291042
1033,201.95114482758618,144.03818999999953,9.966747633512655,170.72777398054328,299.6584734291042
1034,201.95114482758618,144.0381899999995,9.96232415356904,170.72777398054328,299.6584734291042
1035,201.95114482758618,144.03818999999953,9.934223269225114,170.72777398054328,299.6584734291042
1036,201.95114482758618,144.03818999999953,9.89479328421064,170.72777398054328,299.6584734291042
1037,201.95114482758618,144.0381899999995,9.919919759626929,170.72777398054328,299.6584734291042
1038,201.95114482758618,144.03818999999953,9.89479328421064,170.72777398054328,299.6584734291042
1039,201.95114482758618,144.03818999999953,9.870221477125845,170.72777398054328,299.6584734291042
1040,201.95114482758618,144.03818999999953,9.78910816700029,170.72777398054328,299.6584734291042
1041,201.95114482758618,144.03818999999953,9.706382900337523,170.72777398054328,299.6584734291042
1042,201.95114482758618,144.03818999999953,8.579790331345711,170.72777398054328,299.6584734291042
1043,201.95114482758618,144.0381899999995,6.929414151716877,170.72777398054328,299.6584734291042
1044,201.95114482758618,144.0381899999995,5.892831159442,170.72777398054328,299.6584734291042
1045,85.39874761904767,99.73853010704113,5.892831159441993,170.72777398054328,299.6584734291042
1046,85.39874761904751,99.73852957126333,5.892831159441992,170.72777398054328,299.6584734291042
1047,-5.892831159441983,90.75994975064192,5.892831159441992,170.72777398054328,299.6584734291042
1048,-5.892831159441989,90.75994892909317,5.892831159441992,170.72777398054328,299.6584734291042
1049,85.39874761904761,99.73853010540168,5.892831159441992,170.72777398054328,299.6584734291042
1050,201.95114482758618,144.0381899999995,5.892831159441994,170.72777398054328,299.6584734291042
1051,201.95114482758618,144.03818999999953,6.71477757449096,170.72777398054328,299.6584734291042
1052,201.95114482758618,144.03818999999953,8.29394459548486,170.72777398054328,299.6584734291042
1053,201.95114482758618,144.03818999999953,9.31739316986111,170.72777398054328,299.6584734291042
1054,201.95114482758618,144.03818999999953,9.359358077119836,170.72777398054328,299.6584734291042
1055,201.95114482758618,144.03818999999953,9.418451054485418,170.72777398054328,299.6584734291042
1056,201.95114482758618,144.03818999999953,9.389379500561462,170.72777398054328,299.6584734291042
1057,201.9511448275862,144.03818999999953,6.727470710931788,170.72777398054328,299.6584734291042
1058,201.9511448275862,144.0381899999995,7.360271010260594,170.72777398054328,299.6584734291042
1059,201.9511448275862,144.03818999999953,7.6252984723982715,170.72777398054328,299.6584734291042
1060,201.9511448275862,144.03818999999953,7.6252984723982715,170.72777398054328,299.6584734291042
1061,201.9511448275862,144.03818999999953,7.6252984723982715,170.72777398054328,299.6584734291042
1062,201.9511448275862,144.03818999999953,7.399284994026421,170.72777398054328,299.6584734291042
1063,201.95114482758623,144.03818999999953,7.320875692016872,170.72777398054328,299.6584734291042
1064,201.95114482758623,144.0381899999995,7.200332396876895,170.72777398054328,299.6584734291042
1065,201.95114482758623,144.03818999999953,7.399284994026421,170.72777398054328,299.6584734291042
1066,201.95114482758623,144.0381899999995,7.003978581242837,170.72777398054328,299.6584734291042
1067,201.9511448275862,144.03818999999953,5.892831159442002,170.72777398054328,299.6584734291042
1068,85.39874761904765,95.77863351820437,5.892831159441993,170.72777398054328,299.6584734291042
1069,-5.892831159441989,84.42984981875935,5.892831159441992,170.72777398054328,299.6584734291042
1070,-5.89283115944199,84.42984894896965,5.892831159441993,170.72777398054328,299.6584734291042
1071,-5.892831159441992,84.42984894894374,5.892831159441993,170.72777398054328,299.6584734291042
1072,-5.89283115944199,84.42984981843483,5.892831159441992,170.72777398054328,299.6584734291042
1073,-5.8928311594419815,84.42984808001275,5.892831159441992,170.72777398054328,299.6584734291042
1074,89.84210526315795,96.63919952939086,5.892831159441993,170.72777398054328,299.6584734291042
1075,201.9511448275862,144.03818999999953,5.93356058039795,170.72777398054328,299.6584734291042
1076,201.95114482758623,144.03818999999953,7.247830360461121,170.72777398054328,299.6584734291042
1077,201.95114482758623,144.03818999999953,7.281085172586968,170.72777398054328,299.6584734291042
1078,201.95114482758623,144.03818999999953,7.117991883067947,170.72777398054328,299.6584734291042
1079,201.95114482758623,144.03818999999953,7.399284994026421,170.72777398054328,299.6584734291042
1080,201.95114482758623,144.03818999999953,8.132237593958987,170.72777398054328,299.6584734291042
1081,-5.892831159441974,59.08418817371652,5.892831159441996,170.72777398054328,299.6584734291042
1082,-5.892831159441968,59.084188174056386,5.892831159441996,170.72777398054328,299.6584734291042
1083,-5.892831159441948,59.08419005703001,5.892831159441996,170.72777398054328,299.6584734291042
1084,-5.892831159441621,59.084188180910814,5.892831159441995,170.72777398054328,299.6584734291042
1085,85.39874761904758,82.31495989657903,5.892831159441995,170.72777398054328,299.6584734291042
1086,85.39874761904764,82.31496238301858,5.892831159441995,170.72777398054328,299.6584734291042
1087,89.8421052631579,83.85798030752647,5.892831159441996,170.72777398054328,299.6584734291042
1088,89.84210526315793,83.85798030493467,5.892831159441997,170.72777398054328,299.6584734291042
1089,89.84210526315798,83.85798113207953,5.892831159441997,170.72777398054328,299.6584734291042
1090,89.8421052631579,83.85798030877602,5.892831159441996,170.72777398054328,299.6584734291042
1091,85.3987476190468,82.31496273203244,5.892831159441994,170.72777398054328,299.6584734291042
1092,-5.892831159441978,59.08419099708789,5.892831159441995,170.72777398054328,299.6584734291042
1093,85.3987476190476,82.31495989701189,5.892831159441995,170.72777398054328,299.6584734291042
1094,-5.892831159441978,59.084190990285734,5.892831159441995,170.72777398054328,299.6584734291042
1095,85.39874761904753,82.31496281104538,5.892831159441995,170.72777398054328,299.6584734291042
1096,89.84210526315788,83.85798112662158,5.892831159441997,170.72777398054328,299.6584734291042
1097,201.95114482758618,144.0381899999995,5.892831159442001,170.72777398054328,299.6584734291042
1098,201.9511448275862,144.03818999999953,6.0673442536712825,170.72777398054328,299.6584734291042
1099,201.9511448275862,144.03818999999953,6.352824624171131,170.72777398054328,299.6584734291042
1100,201.9511448275862,144.03818999999953,6.400445196042394,170.72777398054328,299.6584734291042
1101,201.9511448275862,144.03818999999953,6.052328417848313,170.72777398054328,299.6584734291042
1102,201.9511448275862,144.03818999999953,5.892831159442036,170.72777398054328,299.6584734291042
1103,201.9511448275862,144.0381899999995,5.892831159442013,170.72777398054328,299.6584734291042
1104,201.9511448275862,144.0381899999995,5.892831159442013,170.72777398054328,299.6584734291042
1105,201.9511448275862,144.0381899999995,9.043703263025861,170.72777398054328,299.6584734291042
1106,201.9511448275862,144.0381899999995,9.083001514311574,170.72777398054328,299.6584734291042
1107,201.9511448275862,144.0381899999995,8.852959757182312,170.72777398054328,299.6584734291042
1108,201.9511448275862,144.0381899999995,8.736791408506923,170.72777398054328,299.6584734291042
1109,201.9511448275862,144.03818999999953,8.784153150661597,170.72777398054328,299.6584734291042
1110,201.9511448275862,144.03818999999953,8.784153150661597,170.72777398054328,299.6584734291042
1111,201.9511448275862,144.0381899999995,8.561342881904073,170.72777398054328,299.6584734291042
1112,201.9511448275862,144.03818999999953,8.638400179855626,170.72777398054328,299.6584734291042
1113,201.9511448275862,144.0381899999995,8.875305957587015,170.72777398054328,299.6584734291042
1114,201.9511448275862,144.0381899999995,9.063491055751589,170.72777398054328,299.6584734291042
1115,201.9511448275862,144.0381899999995,8.983651283777505,170.72777398054328,299.6584734291042
1116,201.9511448275862,144.0381899999995,8.295565047985846,170.72777398054328,299.6584734291042
1117,201.9511448275862,144.03818999999953,7.658269879277671,170.72777398054328,299.6584734291042
1118,201.9511448275862,144.0381899999995,7.106344613777885,170.72777398054328,299.6584734291042
1119,201.9511448275862,144.03818999999953,6.76763976209476,170.72777398054328,299.6584734291042
1120,201.9511448275862,144.0381899999995,6.328138347671551,170.72777398054328,299.6584734291042
1121,201.9511448275862,144.03818999999953,6.929055329951079,170.72777398054328,299.6584734291042
1122,201.9511448275862,144.0381899999995,7.4560950817033715,170.72777398054328,299.6584734291042
1123,201.9511448275862,144.03818999999953,9.012877323861225,170.72777398054328,299.6584734291042
1124,201.95114482758623,144.03818999999953,9.43263669706315,170.72777398054328,299.6584734291042
1125,201.9511448275862,144.0381899999995,9.37448665586109,170.72777398054328,299.6584734291042
1126,201.9511448275862,144.0381899999995,9.487063527090116,170.72777398054328,299.6584734291042
1127,201.9511448275862,144.0381899999995,9.60766922241739,170.72777398054328,299.6584734291042
1128,201.9511448275862,144.0381899999995,9.742398160135108,170.72777398054328,299.6584734291042
1129,201.95114482758623,144.03818999999956,9.707703656000715,170.7277739805433,299.6584734291042
1130,201.95114482758623,144.03818999999956,9.816876250345262,170.7277739805433,299.6584734291042
1131,201.95114482758623,144.03818999999956,9.859412378016028,170.7277739805433,299.6584734291042
1132,201.95114482758623,144.03818999999956,9.875414559379376,170.7277739805433,299.6584734291042
1133,201.95114482758623,144.03818999999956,9.89479328421064,170.7277739805433,299.6584734291042
1134,201.95114482758623,144.03818999999956,9.940692088641068,170.7277739805433,299.6584734291042
1135,201.95114482758623,144.03818999999956,9.93750967908917,170.7277739805433,299.6584734291042
1136,201.95114482758623,144.03818999999956,9.859412378016028,170.7277739805433,299.6584734291042
1137,201.95114482758623,144.03818999999956,9.758656875601758,170.7277739805433,299.6584734291042
1138,201.95114482758623,144.03818999999956,9.698572428593641,170.7277739805433,299.6584734291042
1139,201.95114482758623,144.03818999999956,9.479902591624768,170.7277739805433,299.6584734291042
1140,201.9511448275862,144.03818999999956,8.449514462754461,170.7277739805433,299.6584734291042
1141,201.9511448275862,144.03818999999956,7.768840812148245,170.7277739805433,299.6584734291042
1142,201.9511448275862,144.03818999999956,6.893835596628029,170.7277739805433,299.6584734291042
1143,201.9511448275862,144.03818999999956,6.023403709470343,170.7277739805433,299.6584734291042
1144,201.9511448275862,144.03818999999956,6.135022072101288,170.7277739805433,299.6584734291042
1145,201.9511448275862,144.03818999999956,6.601086242496806,170.7277739805433,299.6584734291042
1146,201.95114482758623,144.03818999999956,8.185163783950593,170.7277739805433,299.6584734291042
1147,201.95114482758623,144.03818999999956,9.37325798617037,170.7277739805433,299.6584734291042
1148,201.95114482758677,144.03818999999996,9.525515909170316,170.7277739805433,299.6584734291042
1149,201.95114482758635,144.03818999999962,9.56199921867374,170.7277739805433,299.6584734291042
1150,201.95114482758623,144.03818999999956,9.698572428593641,170.7277739805433,299.6584734291042
1151,201.95114482758623,144.03818999999956,9.816876250345262,170.7277739805433,299.6584734291042
1152,201.95114482758623,144.03818999999956,9.864889727789445,170.7277739805433,299.6584734291042
1153,-5.548543549051696,3.3241256717414545,5.54854354905172,84.13474675214904,132.83037818120343
1154,-5.548543549051689,3.324125964370266,5.54854354905172,84.13474675214904,132.83037818120343
1155,-5.54854354905167,3.324126188979285,5.548543549051719,84.13474675214904,132.83037818120343
1156,-5.548543549051457,3.3241262259100033,5.548543549051719,84.13474675214904,132.83037818120343
1157,83.33045517241375,53.743645098172955,5.548543549051719,84.13474675214904,132.83037818120343
1158,83.33045517241378,53.74364509924536,5.548543549051719,84.13474675214904,132.83037818120343
1159,83.33045517241378,53.743645099165946,5.548543549051719,84.13474675214904,132.83037818120343
1160,83.33045517241378,53.743645099354154,5.548543549051719,84.13474675214904,132.83037818120343
1161,83.33045517241378,53.74364509936472,5.548543549051719,84.13474675214904,132.83037818120343
1162,83.33045517241378,53.743645099039675,5.548543549051719,84.13474675214904,132.83037818120343
1163,83.33045517241378,53.74364509948418,5.548543549051719,84.13474675214904,132.83037818120343
1164,83.33045517241375,53.74364509883191,5.548543549051718,84.13474675214904,132.83037818120343
1165,-5.548543549051661,3.3241262544281116,5.548543549051718,84.13474675214904,132.83037818120343
1166,-5.548543549051711,3.3241262606486157,5.548543549051718,84.13474675214904,132.83037818120343
1167,-5.548543549051713,3.3241259673307986,5.548543549051718,84.13474675214904,132.83037818120343
1168,-5.548543549051708,3.3241256737294074,5.548543549051718,84.13474675214904,132.83037818120343
1169,-5.548543549051658,3.324125373265614,5.5485435490517165,84.13474675214904,132.83037818120343
1170,83.33045517241378,53.743645099038254,5.548543549051718,84.13474675214904,132.83037818120343
1171,83.33045517241379,53.743645099402805,5.548543549051718,84.13474675214904,132.83037818120343
1172,83.33045517241379,53.74364509941928,5.548543549051719,84.13474675214904,132.83037818120343
1173,83.33045517241379,53.743645099573875,5.548543549051719,84.13474675214904,132.83037818120343
1174,83.33045517241379,53.74364509955561,5.548543549051719,84.13474675214904,132.83037818120343
1175,83.33045517241378,53.74364509887273,5.548543549051719,84.13474675214904,132.83037818120343
1176,83.33045517241376,53.74364509932541,5.548543549051719,84.13474675214904,132.83037818120343
1177,83.3304551724138,53.74048605610081,9.69857242859368,84.13474675214904,132.83037818120343
1178,83.3304551724138,53.7404860561767,9.707703656000755,84.13474675214904,132.83037818120343
1179,83.3304551724138,53.740486071012455,9.660133913221763,84.13474675214904,132.83037818120343
1180,83.3304551724138,53.740486070827345,9.38937950056148,84.13474675214904,132.83037818120343
1181,83.3304551724138,53.740486056105574,9.003302608431335,84.13474675214904,132.83037818120343
1182,83.3304551724138,53.74048607101486,9.043703263025874,84.13474675214904,132.83037818120343
1183,83.3304551724138,53.74048607088022,8.875305957587027,84.13474675214904,132.83037818120343
1184,83.33045517241382,53.74048607097435,8.784153150661608,84.13474675214904,132.83037818120343
1185,83.33045517241385,53.74048607091642,8.96177875046554,84.13474675214904,132.83037818120343
1186,83.33045517241382,53.74048607096334,8.688209396022991,84.13474675214904,132.83037818120343
1187,83.3304551724138,53.7404860561432,7.872417223899755,84.13474675214904,132.83037818120343
1188,83.33045517241378,53.74048607022472,6.216572040421246,84.13474675214904,132.83037818120343
1189,83.33045517241378,53.74048607035191,5.5485435490517245,84.13474675214904,132.83037818120343
1190,-5.548543549051689,-1.944443676137489,5.548543549051721,84.13474675214904,132.83037818120343
1191,-5.548543549051708,-1.9444434635708379,5.548543549051721,84.13474675214904,132.83037818120343
1192,-5.548543549051672,-1.944443466883015,5.548543549051721,84.13474675214904,132.83037818120343
1193,-5.548543549051442,-1.944443914434416,5.54854354905172,84.13474675214904,132.83037818120343
1194,83.33045517241378,53.74048607039617,5.54854354905176,84.13474675214904,132.83037818120343
1195,83.33045517241378,53.7404860704995,5.548543549051827,84.13474675214904,132.83037818120343
1196,83.33045517241379,53.7404860702548,6.324707284349039,84.13474675214904,132.83037818120343
1197,83.33045517241379,53.7404860705283,6.636144570152795,84.13474675214904,132.83037818120343
1198,83.33045517241378,53.740486070501554,5.896522083534152,84.13474675214904,132.83037818120343
1199,83.33045517241378,53.740486070397,5.682468641060027,84.13474675214904,132.83037818120343
1200,83.33045517241378,53.74048607049758,6.727470710931795,84.13474675214904,132.83037818120343
1201,83.33045517241378,53.73916281369628,8.940590420202817,84.13474675214906,132.8303781812034
1202,83.33045517241378,53.739162813650815,8.760621346698361,84.13474675214906,132.8303781812034
1203,83.33045517241378,53.73916281377484,8.224076802944628,84.13474675214907,132.8303781812034
1204,83.33045517241378,53.73916281372747,7.803326206742535,84.13474675214907,132.8303781812034
1205,83.33045517241378,53.73916281377388,7.7332230629969745,84.13474675214907,132.8303781812034
1206,83.33045517241378,53.73916281364399,7.551479050831771,84.13474675214907,132.8303781812034
1207,83.33045517241378,53.73916282101975,7.320875692016882,84.13474675214906,132.8303781812034
1208,83.33045517241378,53.73916281368299,6.867066033652319,84.13474675214907,132.8303781812034
1209,83.33045517241378,53.73916281371706,6.181992978424247,84.13474675214907,132.8303781812034
1210,83.33045517241378,53.73916282080603,5.548543549051747,84.13474675214906,132.8303781812034
1211,83.33045517241364,53.73916281983679,5.548543549051726,84.13474675214907,132.8303781812034
1212,-5.5485435490517,-5.507155612205748,5.548543549051726,84.13474675214907,132.8303781812034
1213,-5.548543549051703,-5.507155906012992,5.548543549051727,84.13474675214907,132.8303781812034
1214,-5.548543549051721,-5.507155317862928,5.548543549051727,84.13474675214907,132.8303781812034
1215,-5.548543549051724,-5.507155757963165,5.548543549051727,84.13474675214907,132.8303781812034
1216,-5.548543549051724,-5.5071556107876445,5.548543549051726,84.13474675214907,132.8303781812034
1217,-5.548543549051722,-5.507155758084535,5.548543549051724,84.13474675214907,132.8303781812034
1218,-5.548543549051716,-5.507155758508464,5.548543549051722,84.13474675214907,132.8303781812034
1219,-5.548543549051703,-5.507155318907507,5.548543549051722,84.13474675214907,132.8303781812034
1220,-5.548543549051683,-5.507155760069095,5.548543549051721,84.13474675214907,132.8303781812034
1221,83.33045517241376,53.73916282072343,5.548543549051724,84.13474675214906,132.8303781812034
1222,83.33045517241378,53.73916282077825,5.548543549051751,84.13474675214907,132.8303781812034
1223,83.33045517241378,53.739162820710206,5.733306679012892,84.13474675214907,132.8303781812034
1224,83.33045517241378,53.739162820728765,5.548543549051801,84.13474675214907,132.8303781812034
1225,83.33045517241378,53.75064633155259,8.61303103704433,84.13474675214903,132.83037818120343
1226,83.33045517241378,53.75064633216303,8.83032235590358,84.13474675214903,132.83037818120343
1227,83.33045517241378,53.75064633247413,9.023645069488534,84.13474675214903,132.83037818120343
1228,83.33045517241378,53.750646332174576,9.04370326302586,84.13474675214903,132.83037818120343
1229,83.33045517241378,53.75064633188019,9.19439278198205,84.13474675214903,132.83037818120343
1230,83.33045517241378,53.75064633250428,9.359358077119834,84.13474675214903,132.83037818120343
1231,83.33045517241378,53.750646332215105,9.312495536463494,84.13474675214903,132.83037818120343
1232,83.33045517241378,53.75064633396359,9.285228606985466,84.13474675214903,132.83037818120343
1233,83.33045517241378,53.75064633217304,7.975227677589333,84.13474675214903,132.83037818120343
1234,83.33045517241378,53.75064633184331,5.591786834675734,84.13474675214903,132.83037818120343
1235,-5.548543549051705,13.002627147609996,5.548543549051717,84.13474675214903,132.83037818120343
1236,-5.548543549051717,13.00262965651143,5.548543549051717,84.13474675214903,132.83037818120343
1237,-5.548543549051718,13.002627542093828,5.548543549051718,84.13474675214903,132.83037818120343
1238,-5.548543549051718,13.002627149375364,5.548543549051718,84.13474675214903,132.83037818120343
1239,-5.548543549051718,13.002627149315842,5.548543549051718,84.13474675214903,132.83037818120343
1240,-5.548543549051717,13.002627541965671,5.548543549051717,84.13474675214903,132.83037818120343
1241,-5.548543549051717,13.002629656499552,5.548543549051717,84.13474675214903,132.83037818120343
1242,-5.548543549051716,13.002627149077925,5.548543549051717,84.13474675214903,132.83037818120343
1243,-5.54854354905171,13.002626755779943,5.548543549051716,84.13474675214903,132.83037818120343
1244,83.33045517241378,53.7506463318323,5.548543549051718,84.13474675214903,132.83037818120343
1245,83.33045517241378,53.750646332164045,6.581585059418548,84.13474675214903,132.83037818120343
1246,83.33045517241378,53.75064633392594,8.416876336311828,84.13474675214903,132.83037818120343
1247,83.33045517241378,53.75064633157084,8.45416016019874,84.13474675214903,132.83037818120343
1248,83.33045517241378,53.75064633186293,8.224076802944616,84.13474675214903,132.83037818120343
1249,83.33045517241379,53.77478132687343,10.000132208465995,84.13474675214904,132.83037818120346
1250,83.33045517241379,53.77478133220426,9.989502901811901,84.13474675214904,132.83037818120346
1251,83.33045517241379,53.77478132765828,9.916044014660633,84.13474675214904,132.83037818120346
1252,83.33045517241379,53.77478132764239,9.848020877158127,84.13474675214904,132.83037818120346
1253,83.33045517241379,53.77478133296314,9.766526232554687,84.13474675214904,132.83037818120346
1254,83.33045517241379,53.774781332009354,9.848020877158127,84.13474675214904,132.83037818120346
1255,83.3304551724138,53.77478132625835,9.796298055247146,84.13474675214904,132.83037818120346
1256,83.3304551724138,53.774781315082464,9.679741438739711,84.13474675214904,132.83037818120346
1257,83.33045517241379,53.77478132763135,9.047600780777131,84.13474675214904,132.83037818120346
1258,83.33045517241379,53.77478132849607,7.318624680200959,84.13474675214904,132.83037818120346
1259,83.33045517241379,53.77478133226007,5.54854354905172,84.13474675214904,132.83037818120346
1260,-5.54854354905171,31.459250693654877,5.548543549051715,84.13474675214904,132.83037818120346
1261,-5.548543549051715,31.4592510572871,5.548543549051715,84.13474675214904,132.83037818120346
1262,-5.548543549051715,31.45925105678201,5.548543549051715,84.13474675214904,132.83037818120346
1263,-5.548543549051715,31.459251057066638,5.548543549051715,84.13474675214904,132.83037818120346
1264,-5.548543549051714,31.45925105718528,5.548543549051715,84.13474675214904,132.83037818120346
1265,-5.548543549051709,31.459250693689597,5.548543549051715,84.13474675214904,132.83037818120346
1266,83.33045517241378,53.774781332276405,5.548543549051715,84.13474675214904,132.83037818120346
1267,83.33045517241379,53.774781333047635,5.548543549051778,84.13474675214904,132.83037818120346
1268,83.33045517241379,53.774781332208256,7.610950320211467,84.13474675214904,132.83037818120346
1269,85.39874761904746,55.28618999999987,9.080235249124911,84.13474675214904,132.83037818120346
1270,85.39874761904758,55.286189999999955,9.610224211720437,84.13474675214904,132.83037818120346
1271,83.33045517241379,53.77478132755412,9.512924938045595,84.13474675214904,132.83037818120346
1272,83.33045517241379,53.77478132767635,9.003302608431317,84.13474675214904,132.83037818120346
1273,83.33045517241379,53.74947646743069,5.548543549051752,84.13474675214904,132.83037818120346
1274,83.33045517241376,53.749476467533626,5.54854354905172,84.13474675214904,132.83037818120346
1275,83.33045517241378,53.74947646678249,5.54854354905172,84.13474675214904,132.83037818120346
1276,83.33045517241378,53.74947646714365,5.548543549051723,84.13474675214904,132.83037818120346
1277,83.33045517241379,53.749476466893036,5.548543549051949,84.13474675214904,132.83037818120346
1278,83.33045517241379,53.749476467179576,5.843682991606035,84.13474675214904,132.83037818120346
1279,83.33045517241379,53.749476466909194,6.204148073529837,84.13474675214904,132.83037818120346
1280,83.33045517241379,53.74947646774892,6.303163304054051,84.13474675214904,132.83037818120346
1281,83.33045517241379,53.749476467192196,6.303163304054052,84.13474675214904,132.83037818120346
1282,83.33045517241379,53.749476467464355,5.597187645167154,84.13474675214904,132.83037818120346
1283,83.33045517241376,53.74947646673239,5.548543549051717,84.13474675214904,132.83037818120346
1284,-5.548543549051715,11.535555136691615,5.548543549051717,84.13474675214904,132.83037818120346
1285,-5.5485435490517165,11.535555223571237,5.548543549051717,84.13474675214904,132.83037818120346
1286,-5.548543549051717,11.53555552001795,5.548543549051717,84.13474675214904,132.83037818120346
1287,-5.548543549051717,11.535555519443863,5.548543549051717,84.13474675214904,132.83037818120346
1288,-5.5485435490517165,11.535555223461643,5.548543549051717,84.13474675214904,132.83037818120346
1289,-5.54854354905171,11.535555517266403,5.548543549051717,84.13474675214904,132.83037818120346
1290,83.33045517241378,53.749476466858695,5.548543549051717,84.13474675214904,132.83037818120346
1291,83.33045517241379,53.749476467470416,5.608555796783514,84.13474675214904,132.83037818120346
1292,83.33045517241379,53.74947646780004,7.554169335356085,84.13474675214904,132.83037818120346
1293,83.33045517241382,53.749476467034626,8.193805778753822,84.13474675214904,132.83037818120346
1294,83.33045517241382,53.74947646675954,8.61303103704433,84.13474675214904,132.83037818120346
1295,83.33045517241379,53.74947646669406,8.712649469379036,84.13474675214904,132.83037818120346
1296,83.33045517241379,53.749476466942134,8.66345732173046,84.13474675214904,132.83037818120346
1297,83.33045517241379,53.755690363700914,9.899299964403951,84.13474675214904,132.83037818120343
1298,83.33045517241379,53.7556903638001,9.919919759626918,84.13474675214904,132.83037818120343
1299,83.3304551724138,53.755690364524824,9.912050402673968,84.13474675214904,132.83037818120343
1300,83.33045517241382,53.75569036406309,9.899299964403951,84.13474675214904,132.83037818120343
1301,85.3987476190474,55.28618999999982,9.894793284210632,84.13474675214904,132.83037818120343
1302,85.39874761904761,55.28618999999998,9.930825925694752,84.13474675214906,132.83037818120346
1303,85.39874761904763,55.286190000000005,9.927303781789819,84.13474675214904,132.83037818120346
1304,85.39874761904764,55.286190000000005,9.890147936934444,84.13474675214906,132.83037818120346
1305,85.39874761904765,55.28619000000002,9.912050402673968,84.13474675214906,132.83037818120346
1306,85.39874761904764,55.286190000000005,9.899451668589139,84.13474675214904,132.83037818120346
1307,83.3304551724138,53.755690363380076,9.036039117799229,84.13474675214904,132.83037818120343
1308,83.33045517241379,53.75569036368959,8.12335048610741,84.13474675214904,132.83037818120343
1309,83.33045517241379,53.755690363367705,6.935844885986186,84.13474675214904,132.83037818120343
1310,83.33045517241379,53.755690363774356,6.383912687132259,84.13474675214904,132.83037818120343
1311,83.33045517241379,53.75569036418355,6.249536520869903,84.13474675214904,132.83037818120343
1312,83.33045517241379,53.7556903633655,6.263305772440039,84.13474675214904,132.83037818120343
1313,83.33045517241379,53.755690363689524,7.774181304090766,84.13474675214904,132.83037818120343
1314,83.3304551724138,53.75569036339215,8.350659042620219,84.13474675214904,132.83037818120343
1315,85.39874761904763,55.28619,8.980093643495884,84.13474675214906,132.83037818120346
1316,85.39874761904764,55.286190000000005,8.961778750465523,84.13474675214906,132.83037818120346
1317,85.39874761904764,55.286190000000005,9.063491055751587,84.13474675214904,132.83037818120346
1318,85.39874761904764,55.286190000000005,9.40403661122095,84.13474675214906,132.83037818120346
1319,85.39874761904761,55.28618999999998,9.607669222417385,84.13474675214904,132.83037818120346
1320,85.39874761904352,55.286189999996914,9.750614184795221,84.13474675214904,132.83037818120343
1321,83.33045517241378,53.747495169371064,7.661650048172969,84.13474675214904,132.83037818120343
1322,83.33045517241378,53.74749516912518,6.861326046027406,84.13474675214904,132.83037818120343
1323,83.33045517241378,53.747495168887866,6.6361445701527835,84.13474675214904,132.83037818120343
1324,83.33045517241378,53.74749516954802,6.8171189800080505,84.13474675214904,132.83037818120343
1325,83.33045517241378,53.74749516889247,6.496000682848956,84.13474675214904,132.83037818120343
1326,83.33045517241378,53.74749516937348,6.682015641166593,84.13474675214904,132.83037818120343
1327,83.33045517241378,53.74749516890602,6.905124044152291,84.13474675214904,132.83037818120343
1328,83.33045517241378,53.7474951689075,6.772502846094227,84.13474675214904,132.83037818120343
1329,83.33045517241378,53.74749516914852,6.861326046027406,84.13474675214904,132.83037818120343
1330,83.33045517241378,53.74749516956647,6.972450427864513,84.13474675214904,132.83037818120343
1331,83.33045517241378,53.747495169142425,6.806928311898588,84.13474675214904,132.83037818120343
1332,83.33045517241378,53.74749516935993,5.585075601430617,84.13474675214904,132.83037818120343
1333,83.33045517241378,53.747495169111424,5.5485435490517325,84.13474675214904,132.83037818120343
1334,83.33045517241378,53.74749516930257,5.548543549051719,84.13474675214904,132.83037818120343
1335,83.33045517241378,53.74749516923921,5.548543549051718,84.13474675214904,132.83037818120343
1336,83.33045517241378,53.74749516911981,5.548543549057552,84.13474675214904,132.83037818120343
1337,83.33045517241378,53.747495169150696,7.243449006594575,84.13474675214904,132.83037818120343
1338,83.33045517241379,53.74749518439131,8.202865026838086,84.13474675214904,132.83037818120343
1339,85.39874761904765,55.28619000000002,9.071027365063285,84.13474675214906,132.83037818120346
1340,85.39874761905156,55.28619000000565,9.389379500561462,84.13474675214911,132.83037818121073
1341,85.39874761904767,55.28619000000003,8.982682813208369,84.13474675214906,132.83037818120349
1342,85.39874761904761,55.28618999999999,9.023645069488536,84.13474675214906,132.83037818120346
1343,83.3304551724138,53.747495169261676,8.897354023763544,84.13474675214904,132.83037818120343
1344,83.33045517241379,53.74749516919533,8.830322355903581,84.13474675214904,132.83037818120343
1345,-5.548543549051696,28.367934225007552,5.548543549051721,125.62182532357836,215.23114218120384
1346,-5.54854354905169,28.367934225109018,5.548543549051721,125.62182532357836,215.23114218120384
1347,-5.54854354905167,28.367934225924444,5.548543549051719,125.62182532357836,215.23114218120384
1348,-5.548543549051457,28.36793361070822,5.548543549051719,125.62182532357836,215.23114218120384
1349,85.39874761904758,63.387110789454795,5.548543549051719,125.62182532357836,215.23114218120384
1350,85.39874761904761,63.38711082299126,5.548543549051719,125.62182532357836,215.23114218120384
1351,85.3987476190477,63.38711092567578,5.548543549051719,125.62182532357836,215.23114218120384
1352,89.84210526315775,65.7425582604722,5.548543549051719,125.62182532357836,215.23114218120384
1353,89.84210526315783,65.74255815688858,5.548543549051719,125.62182532357836,215.23114218120384
1354,89.84210526315779,65.74255815342545,5.548543549051719,125.62182532357836,215.23114218120384
1355,85.39874761904773,63.38711092593642,5.548543549051719,125.62182532357836,215.23114218120384
1356,85.3987476190476,63.38711082052263,5.548543549051718,125.62182532357836,215.23114218120384
1357,-5.5485435490516615,28.367932364020465,5.548543549051718,125.62182532357836,215.23114218120384
1358,-5.548543549051711,28.36793422440789,5.548543549051718,125.62182532357836,215.23114218120384
1359,-5.548543549051714,28.367932982938243,5.548543549051718,125.62182532357836,215.23114218120384
1360,-5.5485435490517085,28.367934224736317,5.548543549051718,125.62182532357836,215.23114218120384
1361,-5.548543549051659,28.367934844092957,5.548543549051717,125.62182532357836,215.23114218120384
1362,89.84210526315779,65.74255782336918,5.548543549051718,125.62182532357836,215.23114218120384
1363,89.84210526315792,65.74255816204175,5.548543549051718,125.62182532357836,215.23114218120384
1364,142.64079999999996,99.66218999999958,5.548543549051719,125.62182532357836,215.23114218120384
1365,142.64079999999936,99.66218999999914,5.548543549051719,125.62182532357836,215.23114218120384
1366,89.84210526315789,65.74255816018388,5.548543549051719,125.62182532357836,215.23114218120384
1367,89.84210526315756,65.74255813537204,5.548543549051719,125.62182532357836,215.23114218120384
1368,85.39874761904761,63.38711079233035,5.548543549051719,125.62182532357836,215.23114218120384
1369,142.64079999999998,99.6621899999996,9.698572428593682,125.62182532357838,215.23114218120384
1370,142.64079999999998,99.66218999999961,9.707703656000755,125.62182532357838,215.23114218120386
1371,142.64079999999998,99.6621899999996,9.660133913221763,125.62182532357838,215.23114218120386
1372,142.64079999999998,99.66218999999961,9.38937950056148,125.62182532357838,215.23114218120386
1373,142.64079999999998,99.66218999999961,9.003302608431333,125.62182532357838,215.23114218120386
1374,142.64079999999998,99.6621899999996,9.043703263025876,125.62182532357838,215.23114218120386
1375,142.64079999999998,99.66218999999961,8.875305957587026,125.62182532357838,215.23114218120384
1376,142.64079999999998,99.6621899999996,8.78415315066161,125.62182532357838,215.23114218120384
1377,142.64079999999998,99.66218999999961,8.96177875046554,125.62182532357838,215.23114218120384
1378,142.64079999999998,99.66218999999961,8.688209396022991,125.62182532357838,215.23114218120384
1379,142.64079999999998,99.66218999999961,7.872417223899755,125.62182532357838,215.23114218120384
1380,142.64079999999998,99.66218999999961,6.216572040421246,125.62182532357838,215.23114218120386
1381,85.39874761904774,61.14951959073789,5.548543549051725,125.62182532357838,215.23114218120384
1382,-5.548543549051691,16.531362510426156,5.548543549051723,125.62182532357838,215.23114218120384
1383,-5.5485435490517085,16.53136101510591,5.548543549051723,125.62182532357838,215.23114218120384
1384,-5.548543549051673,16.531361514478778,5.548543549051722,125.62182532357838,215.23114218120384
1385,-5.548543549051442,16.531362019404984,5.54854354905172,125.62182532357838,215.23114218120384
1386,142.64079999999998,99.6621899999996,5.548543549051761,125.62182532357838,215.23114218120384
1387,142.64079999999998,99.66218999999961,5.548543549051828,125.62182532357838,215.23114218120386
1388,142.64079999999998,99.66218999999961,6.324707284349038,125.62182532357838,215.23114218120384
1389,142.64079999999998,99.6621899999996,6.636144570152794,125.62182532357838,215.23114218120386
1390,142.64079999999998,99.66218999999963,5.896522083534151,125.62182532357838,215.23114218120386
1391,142.64079999999998,99.66218999999961,5.6824686410600265,125.62182532357838,215.23114218120384
1392,142.64079999999998,99.6621899999996,6.727470710931795,125.62182532357838,215.23114218120386
1393,142.6408,99.66218999999961,8.940590420202817,125.6218253235784,215.23114218120386
1394,142.6408,99.66218999999961,8.760621346698361,125.6218253235784,215.23114218120386
1395,142.6408,99.66218999999961,8.224076802944628,125.6218253235784,215.23114218120386
1396,142.6408,99.66218999999961,7.803326206742534,125.6218253235784,215.23114218120386
1397,142.6408,99.66218999999961,7.733223062996974,125.6218253235784,215.23114218120386
1398,142.6408,99.6621899999996,7.55147905083177,125.6218253235784,215.23114218120386
1399,142.6408,99.66218999999961,7.320875692016881,125.6218253235784,215.23114218120386
1400,142.6408,99.66218999999961,6.867066033652318,125.6218253235784,215.23114218120386
1401,142.64079999999998,99.6621899999996,6.181992978424246,125.6218253235784,215.23114218120386
1402,89.84210526315795,62.58571016311118,5.548543549051748,125.62182532357838,215.23114218120384
1403,85.39874761904751,59.690350754312384,5.548543549051727,125.62182532357838,215.23114218120384
1404,-5.5485435490517006,7.8554780922830965,5.548543549051727,125.62182532357838,215.23114218120384
1405,-5.548543549051704,7.855479193845383,5.548543549051728,125.62182532357838,215.23114218120384
1406,-5.548543549051721,7.855478458666284,5.548543549051729,125.62182532357838,215.23114218120384
1407,-5.5485435490517245,7.8554791930961825,5.548543549051728,125.62182532357838,215.23114218120384
1408,-5.5485435490517245,7.855478458550183,5.548543549051727,125.62182532357838,215.23114218120384
1409,-5.548543549051724,7.855478457176138,5.5485435490517245,125.62182532357838,215.23114218120384
1410,-5.5485435490517165,7.855479193430475,5.548543549051724,125.62182532357838,215.23114218120384
1411,-5.548543549051704,7.855478092173057,5.548543549051723,125.62182532357838,215.23114218120384
1412,-5.548543549051684,7.85547882589392,5.548543549051723,125.62182532357838,215.23114218120384
1413,89.84210526315339,62.58571004697485,5.5485435490517245,125.62182532357838,215.23114218120384
1414,142.6407999999999,99.66218999999954,5.548543549051752,125.6218253235784,215.23114218120386
1415,142.64079999999998,99.66218999999958,5.733306679012891,125.6218253235784,215.23114218120386
1416,89.84210526315793,62.585710212821795,5.548543549051802,125.62182532357838,215.23114218120384
1417,142.6408,99.66218999999965,8.613031037044331,125.62182532357835,215.23114218120392
1418,142.6408,99.66218999999965,8.83032235590358,125.62182532357835,215.23114218120392
1419,142.64080000000004,99.66218999999965,9.023645069488536,125.62182532357835,215.23114218120392
1420,142.64080000000004,99.66218999999965,9.043703263025861,125.62182532357835,215.23114218120392
1421,142.64080000000004,99.66218999999965,9.19439278198205,125.62182532357835,215.23114218120392
1422,142.64080000000004,99.66218999999965,9.359358077119834,125.62182532357835,215.23114218120392
1423,142.64080000000004,99.66218999999965,9.312495536463496,125.62182532357835,215.23114218120392
1424,142.64080000000004,99.66218999999965,9.285228606985468,125.62182532357835,215.23114218120392
1425,142.64080000000004,99.66218999999965,7.975227677589334,125.62182532357835,215.23114218120392
1426,142.6408,99.66218999999963,5.591786834675733,125.62182532357835,215.23114218120386
1427,-5.548543549051706,46.859380053808174,5.548543549051718,125.62182532357835,215.23114218120386
1428,-5.5485435490517165,46.859381393169336,5.548543549051718,125.62182532357835,215.23114218120386
1429,-5.548543549051718,46.85938072314343,5.548543549051718,125.62182532357835,215.23114218120386
1430,-5.548543549051718,46.85938072327556,5.548543549051718,125.62182532357835,215.23114218120386
1431,-5.548543549051718,46.85938072334681,5.548543549051718,125.62182532357835,215.23114218120386
1432,-5.548543549051718,46.85938139300058,5.548543549051718,125.62182532357835,215.23114218120386
1433,-5.5485435490517165,46.85938139302392,5.5485435490517165,125.62182532357835,215.23114218120386
1434,-5.548543549051716,46.85937938371289,5.5485435490517165,125.62182532357835,215.23114218120386
1435,-5.548543549051711,46.859380723505886,5.5485435490517165,125.62182532357835,215.23114218120386
1436,89.84210526315793,69.68058994850304,5.548543549051718,125.62182532357835,215.23114218120386
1437,142.6408,99.66218999999965,6.581585059418548,125.62182532357835,215.23114218120392
1438,142.64080000000004,99.66218999999965,8.416876336311828,125.62182532357835,215.23114218120392
1439,142.64080000000004,99.66218999999965,8.454160160198738,125.62182532357835,215.23114218120392
1440,142.6408,99.66218999999965,8.224076802944616,125.62182532357835,215.23114218120392
1441,142.64080000000004,99.66218999999963,10.000132196222204,125.62182532357836,215.2311421812039
1442,142.64080000000004,99.66218999999964,9.989502901811901,125.62182532357836,215.2311421812039
1443,142.64080000000004,99.66218999999963,9.916044014660633,125.62182532357836,215.2311421812039
1444,142.64080000000004,99.66218999999963,9.848020877158126,125.62182532357836,215.2311421812039
1445,142.64080000000004,99.66218999999963,9.766526232554687,125.62182532357836,215.2311421812039
1446,142.64080000000004,99.66218999999963,9.848020877158126,125.62182532357836,215.2311421812039
1447,142.64080000000004,99.66218999999963,9.796298055247146,125.62182532357836,215.2311421812039
1448,142.64080000000004,99.66218999999963,9.679741438739711,125.62182532357836,215.2311421812039
1449,142.64080000000004,99.66218999999963,9.047600780777131,125.62182532357836,215.2311421812039
1450,142.64080000000004,99.66218999999963,7.3186246802009585,125.62182532357836,215.2311421812039
1451,142.64079999999998,99.6621899999996,5.548543549051722,125.62182532357836,215.23114218120386
1452,-5.54854354905171,73.49283973694666,5.5485435490517165,125.62182532357836,215.23114218120386
1453,-5.548543549051716,73.49283973692333,5.5485435490517165,125.62182532357836,215.23114218120386
1454,-5.5485435490517165,73.49283973698873,5.5485435490517165,125.62182532357836,215.23114218120386
1455,-5.548543549051716,73.49283973693673,5.5485435490517165,125.62182532357836,215.23114218120386
1456,-5.548543549051716,73.49283973698152,5.5485435490517165,125.62182532357836,215.23114218120386
1457,-5.54854354905171,73.49284018918509,5.548543549051716,125.62182532357836,215.23114218120386
1458,85.39874761904763,79.01642420200672,5.548543549051716,125.62182532357836,215.23114218120386
1459,142.6408,99.66218999999963,5.548543549051779,125.62182532357836,215.2311421812039
1460,142.64080000000004,99.66218999999963,7.610950320211465,125.62182532357836,215.2311421812039
1461,142.64080000000004,99.66218999999963,9.080235249124907,125.62182532357836,215.2311421812039
1462,142.64080000000004,99.66218999999963,9.610224211720437,125.62182532357836,215.2311421812039
1463,142.64080000000004,99.66218999999963,9.512924938045595,125.62182532357836,215.2311421812039
1464,142.64080000000004,99.66218999999963,9.003302608431317,125.62182532357836,215.2311421812039
1465,89.84210526315789,69.0379281007662,5.548543549051751,125.62182532357835,215.23114218120384
1466,85.39874761904763,67.1885231855639,5.548543549051719,125.62182532357835,215.23114218120384
1467,85.39874761904764,67.18852356273501,5.548543549051719,125.62182532357835,215.23114218120384
1468,89.84210526315789,69.03792781141965,5.548543549051724,125.62182532357835,215.23114218120384
1469,142.64079999999998,99.6621899999996,5.54854354905195,125.62182532357835,215.23114218120384
1470,142.6408,99.66218999999963,5.843682991606035,125.62182532357835,215.23114218120384
1471,142.6408,99.66218999999963,6.204148073529837,125.62182532357835,215.23114218120384
1472,142.6408,99.66218999999964,6.303163304054052,125.62182532357835,215.23114218120384
1473,142.6408,99.66218999999963,6.303163304054054,125.62182532357835,215.23114218120384
1474,142.6408,99.66218999999963,5.597187645167156,125.62182532357835,215.23114218120384
1475,85.39874761904761,67.18852281285633,5.548543549051717,125.62182532357835,215.23114218120384
1476,-5.548543549051716,44.27504143465144,5.548543549051717,125.62182532357835,215.23114218120384
1477,-5.548543549051716,44.27504143448186,5.548543549051717,125.62182532357835,215.23114218120384
1478,-5.548543549051717,44.27504344683597,5.548543549051718,125.62182532357835,215.23114218120384
1479,-5.548543549051717,44.27504345080503,5.548543549051718,125.62182532357835,215.23114218120384
1480,-5.548543549051716,44.27504143454778,5.548543549051717,125.62182532357835,215.23114218120384
1481,-5.548543549051709,44.275043450930305,5.548543549051717,125.62182532357835,215.23114218120384
1482,89.84210526315786,69.0379280985152,5.548543549051718,125.62182532357835,215.23114218120384
1483,142.6408,99.66218999999963,5.608555796783514,125.62182532357835,215.23114218120384
1484,142.6408,99.66218999999963,7.554169335356085,125.62182532357835,215.23114218120384
1485,142.6408,99.66218999999963,8.193805778753822,125.62182532357835,215.23114218120384
1486,142.6408,99.66218999999964,8.613031037044331,125.62182532357835,215.23114218120384
1487,142.6408,99.66218999999963,8.712649469379038,125.62182532357835,215.23114218120384
1488,142.6408,99.66218999999963,8.66345732173046,125.62182532357835,215.23114218120384
1489,142.6408,99.6621899999996,9.899299964403948,125.62182532357836,215.23114218120384
1490,142.6408,99.66218999999958,9.919919759626916,125.62182532357836,215.23114218120384
1491,142.6408,99.66218999999961,9.912050402673968,125.62182532357836,215.23114218120384
1492,142.6408,99.6621899999996,9.899299964403948,125.62182532357836,215.23114218120384
1493,142.6408,99.6621899999996,9.89479328421063,125.62182532357836,215.23114218120384
1494,142.6408,99.66218999999961,9.930825925694752,125.62182532357836,215.23114218120384
1495,142.6408,99.66218999999961,9.927303781789819,125.62182532357836,215.23114218120384
1496,142.6408,99.66218999999961,9.890147936934442,125.62182532357836,215.23114218120384
1497,142.6408,99.6621899999996,9.912050402673968,125.62182532357836,215.23114218120384
1498,142.6408,99.66218999999961,9.899451668589135,125.62182532357836,215.23114218120384
1499,142.6408,99.6621899999996,9.036039117799227,125.62182532357836,215.23114218120384
1500,142.6408,99.6621899999996,8.12335048610741,125.62182532357836,215.23114218120384
1501,142.6408,99.6621899999996,6.935844885986186,125.62182532357836,215.23114218120384
1502,142.6408,99.6621899999996,6.383912687132257,125.62182532357836,215.23114218120384
1503,142.6408,99.66218999999961,6.249536520869903,125.62182532357836,215.23114218120384
1504,142.6408,99.6621899999996,6.263305772440038,125.62182532357836,215.23114218120384
1505,142.6408,99.6621899999996,7.774181304090766,125.62182532357836,215.23114218120384
1506,142.6408,99.66218999999961,8.350659042620215,125.62182532357836,215.23114218120384
1507,142.6408,99.66218999999961,8.980093643495882,125.62182532357836,215.23114218120384
1508,142.6408,99.66218999999961,8.961778750465525,125.62182532357836,215.23114218120384
1509,142.6408,99.66218999999961,9.063491055751586,125.62182532357836,215.23114218120384
1510,142.6408,99.66218999999961,9.404036611220949,125.62182532357836,215.23114218120384
1511,142.6408,99.6621899999996,9.607669222417384,125.62182532357836,215.23114218120384
1512,142.6408,99.66218999999961,9.75061418479522,125.62182532357836,215.23114218120384
1513,142.6408,99.66218999999963,7.66165004817297,125.62182532357835,215.23114218120386
1514,142.6408,99.66218999999963,6.861326046027405,125.62182532357835,215.23114218120386
1515,142.6408,99.66218999999963,6.6361445701527835,125.62182532357835,215.23114218120386
1516,142.6408,99.66218999999963,6.817118980008051,125.62182532357835,215.23114218120386
1517,142.6408,99.66218999999961,6.496000682848956,125.62182532357835,215.23114218120386
1518,142.6408,99.66218999999961,6.682015641166595,125.62182532357835,215.23114218120386
1519,142.6408,99.66218999999964,6.905124044152291,125.62182532357835,215.23114218120386
1520,142.6408,99.66218999999965,6.772502846094228,125.62182532357835,215.23114218120386
1521,142.6408,99.66218999999963,6.861326046027408,125.62182532357835,215.23114218120386
1522,142.6408,99.66218999999964,6.972450427864514,125.62182532357835,215.23114218120386
1523,142.6408,99.66218999999964,6.806928311898591,125.62182532357835,215.23114218120386
1524,142.6408,99.66218999999961,5.585075601430619,125.62182532357835,215.23114218120386
1525,142.64079999999998,99.66218999999961,5.548543549051733,125.62182532357834,215.23114218120386
1526,89.84210526315785,67.9221359346569,5.54854354905172,125.62182532357834,215.23114218120386
1527,89.84210526315779,67.92213593119197,5.54854354905172,125.62182532357834,215.23114218120386
1528,142.6408,99.66218999999963,5.548543549057553,125.62182532357835,215.23114218120386
1529,142.6408,99.66218999999964,7.243449006594576,125.62182532357835,215.23114218120386
1530,142.6408,99.66218999999965,8.202865026838088,125.62182532357834,215.23114218120386
1531,142.6408,99.66218999999964,9.071027365063287,125.62182532357835,215.23114218120386
1532,142.6408,99.66218999999965,9.389379500561464,125.62182532357835,215.23114218120386
1533,142.6408,99.66218999999964,8.982682813208369,125.62182532357835,215.23114218120386
1534,142.6408,99.66218999999965,9.023645069488536,125.62182532357835,215.23114218120386
1535,142.6408,99.66218999999963,8.897354023763544,125.62182532357835,215.23114218120386
1536,142.6408,99.66218999999963,8.830322355903583,125.62182532357834,215.23114218120386
1537,-5.548543549028557,59.399367465276086,5.548543549028581,170.21134256492294,299.36927183635675
1538,-5.54854354902855,59.3993674643334,5.548543549028581,170.21134256492294,299.36927183635675
1539,-5.5485435490285315,59.39936818756336,5.548543549028581,170.21134256492294,299.36927183635675
1540,-5.548543549028318,59.39936559201213,5.54854354902858,170.21134256492294,299.36927183635675
1541,85.39874761904758,82.44698125061151,5.54854354902858,170.21134256492294,299.36927183635675
1542,85.39874761904761,82.44698081542165,5.54854354902858,170.21134256492294,299.36927183635675
1543,85.3987476190477,82.4469808191192,5.54854354902858,170.21134256492294,299.36927183635675
1544,89.84210526315775,83.99200660411611,5.54854354902858,170.21134256492294,299.36927183635675
1545,89.84210526315783,83.99200702133268,5.54854354902858,170.21134256492294,299.36927183635675
1546,89.84210526315779,83.99200701814812,5.54854354902858,170.21134256492294,299.36927183635675
1547,85.39874761904773,82.44698081927459,5.54854354902858,170.21134256492294,299.36927183635675
1548,85.3987476190476,82.44697950086673,5.54854354902858,170.21134256492294,299.36927183635675
1549,-5.548543549028523,59.39936558881631,5.54854354902858,170.21134256492294,299.36927183635675
1550,-5.548543549028573,59.399368403955144,5.54854354902858,170.21134256492294,299.36927183635675
1551,-5.548543549028574,59.39936746504058,5.54854354902858,170.21134256492294,299.36927183635675
1552,-5.54854354902857,59.39936558769271,5.5485435490285795,170.21134256492294,299.36927183635675
1553,-5.548543549028519,59.399367466324094,5.5485435490285795,170.21134256492294,299.36927183635675
1554,89.84210526315779,83.99200619373109,5.5485435490285795,170.21134256492294,299.36927183635675
1555,89.84210526315792,83.99200702468472,5.54854354902858,170.21134256492294,299.36927183635675
1556,201.95114482758612,144.03818999999953,5.54854354902858,170.21134256492294,299.36927183635675
1557,201.95114482758552,144.0381899999991,5.54854354902858,170.21134256492294,299.36927183635675
1558,89.84210526315789,83.99200619993485,5.54854354902858,170.21134256492294,299.36927183635675
1559,89.84210526315756,83.99200700438493,5.54854354902858,170.21134256492294,299.36927183635675
1560,85.39874761904761,82.446981248223,5.54854354902858,170.21134256492294,299.36927183635675
1561,201.95114482758618,144.0381899999996,9.69857242859368,170.21134256492294,299.3692718363568
1562,201.95114482758618,144.0381899999996,9.707703656000755,170.21134256492294,299.3692718363568
1563,201.95114482758618,144.03818999999956,9.660133913221763,170.21134256492294,299.3692718363568
1564,201.95114482758618,144.0381899999996,9.38937950056148,170.21134256492294,299.3692718363568
1565,201.95114482758618,144.0381899999996,9.003302608431333,170.21134256492294,299.3692718363568
1566,201.95114482758618,144.0381899999996,9.043703263025874,170.21134256492294,299.3692718363568
1567,201.95114482758618,144.0381899999996,8.875305957587026,170.21134256492294,299.3692718363568
1568,201.95114482758618,144.0381899999996,8.78415315066161,170.21134256492294,299.3692718363568
1569,201.95114482758618,144.0381899999996,8.96177875046554,170.21134256492294,299.3692718363568
1570,201.95114482758618,144.0381899999996,8.68820939602299,170.21134256492294,299.3692718363568
1571,201.95114482758618,144.03818999999956,7.872417223899755,170.21134256492294,299.3692718363568
1572,201.95114482758618,144.03818999999956,6.216572040421245,170.21134256492294,299.3692718363568
1573,85.39874761904774,74.3882701995544,5.548543549028587,170.21134256492294,299.3692718363568
1574,-5.548543549028552,40.50912992179226,5.548543549028584,170.21134256492294,299.3692718363568
1575,-5.548543549028571,40.509129921351494,5.548543549028584,170.21134256492294,299.3692718363568
1576,-5.548543549028534,40.509131602350315,5.548543549028583,170.21134256492294,299.3692718363568
1577,-5.548543549028303,40.509129927250434,5.548543549028581,170.21134256492294,299.3692718363568
1578,201.95114482758618,144.03818999999956,5.548543549028622,170.21134256492294,299.3692718363568
1579,201.95114482758618,144.03818999999956,5.548543549028689,170.21134256492294,299.3692718363568
1580,201.95114482758618,144.0381899999996,6.324707284349038,170.21134256492294,299.3692718363568
1581,201.95114482758618,144.0381899999996,6.636144570152795,170.21134256492294,299.3692718363568
1582,201.95114482758618,144.0381899999996,5.896522083534152,170.21134256492294,299.3692718363568
1583,201.95114482758618,144.03818999999956,5.682468641060027,170.21134256492294,299.3692718363568
1584,201.95114482758618,144.0381899999996,6.727470710931794,170.21134256492294,299.3692718363568
1585,201.95114482758618,144.03818999999962,8.940590420202817,170.211342564923,299.36927183635686
1586,201.95114482758618,144.0381899999996,8.760621346698361,170.211342564923,299.36927183635686
1587,201.95114482758618,144.03818999999962,8.224076802944628,170.211342564923,299.36927183635686
1588,201.95114482758618,144.0381899999996,7.803326206742534,170.211342564923,299.36927183635686
1589,201.95114482758618,144.03818999999962,7.7332230629969745,170.211342564923,299.36927183635686
1590,201.95114482758618,144.03818999999962,7.551479050831771,170.211342564923,299.36927183635686
1591,201.95114482758618,144.0381899999996,7.320875692016881,170.211342564923,299.36927183635686
1592,201.95114482758618,144.0381899999996,6.867066033652318,170.211342564923,299.36927183635686
1593,201.95114482758618,144.0381899999996,6.181992978424247,170.211342564923,299.36927183635686
1594,89.84210526315795,71.15619897256916,5.548543549028611,170.211342564923,299.36927183635686
1595,85.39874761904751,68.71496413478484,5.548543549028588,170.211342564923,299.36927183635686
1596,-5.548543549028563,25.32677293084191,5.548543549028588,170.211342564923,299.36927183635686
1597,-5.548543549028565,25.326774927238922,5.548543549028589,170.211342564923,299.36927183635686
1598,-5.548543549028583,25.326772930082825,5.548543549028591,170.211342564923,299.36927183635686
1599,-5.5485435490285875,25.326772930279372,5.548543549028589,170.211342564923,299.36927183635686
1600,-5.548543549028587,25.326772930224273,5.548543549028588,170.211342564923,299.36927183635686
1601,-5.548543549028585,25.32677492634779,5.548543549028587,170.211342564923,299.36927183635686
1602,-5.548543549028579,25.32677492702189,5.548543549028585,170.211342564923,299.36927183635686
1603,-5.548543549028565,25.32677293090196,5.548543549028584,170.211342564923,299.36927183635686
1604,-5.548543549028545,25.326773084833537,5.548543549028584,170.211342564923,299.36927183635686
1605,89.84210526315339,71.15619894909439,5.5485435490285875,170.211342564923,299.36927183635686
1606,201.9511448275861,144.03818999999953,5.548543549028614,170.211342564923,299.36927183635686
1607,201.95114482758618,144.03818999999962,5.733306679012891,170.211342564923,299.36927183635686
1608,89.84210526315793,71.15619897195062,5.548543549028663,170.211342564923,299.36927183635686
1609,201.95114482758623,144.03818999999962,8.61303103704433,170.21134256492297,299.3692718363568
1610,201.95114482758623,144.0381899999996,8.83032235590358,170.21134256492297,299.3692718363568
1611,201.95114482758623,144.03818999999962,9.023645069488536,170.21134256492297,299.3692718363568
1612,201.95114482758623,144.03818999999962,9.043703263025861,170.21134256492297,299.3692718363568
1613,201.95114482758623,144.0381899999996,9.19439278198205,170.21134256492297,299.3692718363568
1614,201.95114482758623,144.0381899999996,9.359358077119834,170.21134256492297,299.3692718363568
1615,201.95114482758623,144.0381899999996,9.312495536463496,170.21134256492297,299.3692718363568
1616,201.95114482758623,144.03818999999962,9.285228606985468,170.21134256492297,299.3692718363568
1617,201.95114482758623,144.03818999999962,7.975227677589334,170.21134256492297,299.3692718363568
1618,201.95114482758618,144.03818999999962,5.591786834675733,170.21134256492297,299.3692718363568
1619,-5.548543549028567,85.21804901982718,5.5485435490285795,170.21134256492292,299.3692718363568
1620,-5.548543549028579,85.21804729209745,5.5485435490285795,170.21134256492292,299.3692718363568
1621,-5.5485435490285795,85.21804988353381,5.5485435490285795,170.21134256492292,299.3692718363568
1622,-5.5485435490285795,85.2180498833772,5.5485435490285795,170.21134256492292,299.3692718363568
1623,-5.5485435490285795,85.2180498835834,5.5485435490285795,170.21134256492292,299.3692718363568
1624,-5.5485435490285795,85.21804988330523,5.5485435490285795,170.21134256492292,299.3692718363568
1625,-5.548543549028579,85.21804988337216,5.548543549028579,170.21134256492292,299.3692718363568
1626,-5.548543549028578,85.21804729196171,5.548543549028579,170.21134256492292,299.3692718363568
1627,-5.548543549028573,85.21804815612191,5.548543549028579,170.21134256492292,299.3692718363568
1628,89.84210526315793,97.07804593674655,5.548543549028581,170.21134256492292,299.3692718363568
1629,201.95114482758623,144.03818999999962,6.581585059418547,170.21134256492297,299.3692718363568
1630,201.95114482758623,144.03818999999962,8.416876336311828,170.21134256492297,299.3692718363568
1631,201.95114482758623,144.0381899999996,8.454160160198738,170.21134256492297,299.3692718363568
1632,201.95114482758623,144.0381899999996,8.224076802944616,170.21134256492297,299.3692718363568
1633,201.9511448275862,144.03818999999962,10.000132188644521,170.21134256492294,299.36927183635686
1634,201.9511448275862,144.03818999999962,9.989502901811901,170.21134256492294,299.36927183635686
1635,201.9511448275862,144.03818999999962,9.916044014660633,170.21134256492294,299.36927183635686
1636,201.9511448275862,144.03818999999962,9.848020877158127,170.21134256492294,299.36927183635686
1637,201.9511448275862,144.03818999999962,9.766526232554687,170.21134256492294,299.36927183635686
1638,201.9511448275862,144.03818999999962,9.848020877158127,170.21134256492294,299.36927183635686
1639,201.9511448275862,144.03818999999962,9.796298055247146,170.21134256492294,299.36927183635686
1640,201.9511448275862,144.03818999999962,9.679741438739711,170.21134256492294,299.36927183635686
1641,201.9511448275862,144.03818999999962,9.047600780777131,170.21134256492294,299.36927183635686
1642,201.9511448275862,144.03818999999962,7.3186246802009585,170.21134256492294,299.36927183635686
1643,201.95114482758618,144.0381899999996,5.548543549028584,170.21134256492294,299.36927183635686
1644,-5.548543549028573,116.74350801593079,5.548543549028578,170.21134256492294,299.36927183635686
1645,-5.548543549028578,116.74350801058335,5.548543549028579,170.21134256492294,299.36927183635686
1646,-5.548543549028578,116.74350801539195,5.548543549028579,170.21134256492294,299.36927183635686
1647,-5.548543549028578,116.74350801548617,5.548543549028579,170.21134256492294,299.36927183635686
1648,-5.548543549028578,116.74350801554115,5.548543549028578,170.21134256492294,299.36927183635686
1649,-5.548543549028573,116.7435080155151,5.548543549028578,170.21134256492294,299.36927183635686
1650,85.39874761904763,118.89728652699426,5.548543549028578,170.21134256492294,299.36927183635686
1651,201.9511448275862,144.03818999999962,5.548543549028641,170.21134256492294,299.36927183635686
1652,201.9511448275862,144.03818999999962,7.610950320211466,170.21134256492294,299.36927183635686
1653,201.9511448275862,144.03818999999962,9.080235249124907,170.21134256492294,299.36927183635686
1654,201.9511448275862,144.03818999999962,9.610224211720437,170.21134256492294,299.36927183635686
1655,201.9511448275862,144.03818999999962,9.512924938045595,170.21134256492294,299.36927183635686
1656,201.9511448275862,144.03818999999962,9.003302608431317,170.21134256492294,299.36927183635686
1657,89.84210526315789,95.10048813036305,5.548543549028613,170.21134256492297,299.3692718363568
1658,85.39874761904763,94.19274360540709,5.548543549028581,170.21134256492297,299.3692718363568
1659,85.39874761904764,94.19274412312988,5.548543549028581,170.21134256492297,299.3692718363568
1660,89.84210526315789,95.10048912709783,5.548543549028585,170.21134256492297,299.3692718363568
1661,201.95114482758618,144.0381899999996,5.548543549028812,170.21134256492297,299.3692718363568
1662,201.95114482758623,144.03818999999962,5.843682991606036,170.21134256492297,299.36927183635686
1663,201.95114482758623,144.03818999999962,6.204148073529838,170.21134256492297,299.3692718363568
1664,201.95114482758623,144.03818999999962,6.303163304054052,170.21134256492297,299.36927183635686
1665,201.95114482758623,144.03818999999962,6.303163304054052,170.21134256492297,299.36927183635686
1666,201.95114482758623,144.03818999999962,5.597187645167156,170.21134256492297,299.3692718363568
1667,85.39874761904761,94.19274412265632,5.5485435490285795,170.21134256492297,299.3692718363568
1668,-5.548543549028578,81.8195604200646,5.5485435490285795,170.21134256492297,299.3692718363568
1669,-5.548543549028578,81.8195604314731,5.5485435490285795,170.21134256492297,299.3692718363568
1670,-5.5485435490285795,81.81955954267187,5.54854354902858,170.21134256492297,299.3692718363568
1671,-5.5485435490285795,81.81955954275315,5.54854354902858,170.21134256492297,299.3692718363568
1672,-5.548543549028578,81.81955954253571,5.5485435490285795,170.21134256492297,299.3692718363568
1673,-5.5485435490285715,81.81956130887954,5.5485435490285795,170.21134256492297,299.3692718363568
1674,89.84210526315786,95.1004876303193,5.5485435490285795,170.21134256492297,299.3692718363568
1675,201.95114482758623,144.03818999999962,5.608555796783514,170.21134256492297,299.36927183635686
1676,201.95114482758623,144.03818999999962,7.554169335356085,170.21134256492297,299.36927183635686
1677,201.95114482758623,144.03818999999964,8.193805778753822,170.21134256492297,299.36927183635686
1678,201.95114482758623,144.03818999999962,8.613031037044331,170.21134256492297,299.36927183635686
1679,201.95114482758623,144.03818999999962,8.712649469379038,170.21134256492297,299.36927183635686
1680,201.95114482758623,144.03818999999962,8.66345732173046,170.21134256492297,299.36927183635686
1681,201.9511448275862,144.0381899999996,9.899299964403948,170.21134256492294,299.3692718363568
1682,201.9511448275862,144.0381899999996,9.919919759626916,170.21134256492294,299.3692718363568
1683,201.9511448275862,144.0381899999996,9.912050402673968,170.21134256492294,299.3692718363568
1684,201.9511448275862,144.03818999999962,9.899299964403948,170.21134256492292,299.3692718363568
1685,201.9511448275862,144.0381899999996,9.89479328421063,170.21134256492294,299.3692718363568
1686,201.9511448275862,144.0381899999996,9.930825925694752,170.21134256492292,299.3692718363568
1687,201.9511448275862,144.03818999999962,9.927303781789819,170.21134256492292,299.3692718363568
1688,201.9511448275862,144.0381899999996,9.890147936934442,170.21134256492292,299.3692718363568
1689,201.9511448275862,144.03818999999962,9.912050402673968,170.21134256492292,299.3692718363568
1690,201.9511448275862,144.0381899999996,9.899451668589135,170.21134256492292,299.3692718363568
1691,201.9511448275862,144.0381899999996,9.036039117799227,170.21134256492294,299.3692718363568
1692,201.9511448275862,144.03818999999962,8.12335048610741,170.21134256492294,299.3692718363568
1693,201.9511448275862,144.0381899999996,6.935844885986186,170.21134256492294,299.3692718363568
1694,201.95114482758618,144.0381899999996,6.383912687132257,170.21134256492294,299.3692718363568
1695,201.95114482758618,144.0381899999996,6.249536520869903,170.21134256492294,299.3692718363568
1696,201.95114482758618,144.0381899999996,6.263305772440038,170.21134256492294,299.3692718363568
1697,201.9511448275862,144.0381899999996,7.774181304090766,170.21134256492294,299.3692718363568
1698,201.9511448275862,144.03818999999962,8.350659042620215,170.21134256492294,299.3692718363568
1699,201.9511448275862,144.03818999999962,8.980093643495882,170.21134256492292,299.3692718363568
1700,201.9511448275862,144.0381899999996,8.961778750465525,170.21134256492292,299.3692718363568
1701,201.9511448275862,144.0381899999996,9.063491055751586,170.21134256492292,299.3692718363568
1702,201.9511448275862,144.03818999999962,9.40403661122095,170.21134256492292,299.3692718363568
1703,201.9511448275862,144.0381899999996,9.607669222417384,170.21134256492292,299.3692718363568
1704,201.9511448275862,144.0381899999996,9.75061418479522,170.21134256492294,299.3692718363568
1705,201.95114482758618,144.03818999999962,7.661650048172969,170.21134256492294,299.36927183635686
1706,201.95114482758618,144.03818999999962,6.861326046027405,170.21134256492294,299.36927183635686
1707,201.95114482758618,144.03818999999962,6.6361445701527835,170.21134256492294,299.36927183635686
1708,201.95114482758618,144.03818999999962,6.817118980008051,170.21134256492294,299.36927183635686
1709,201.95114482758618,144.03818999999962,6.496000682848956,170.21134256492294,299.36927183635686
1710,201.95114482758618,144.03818999999962,6.682015641166595,170.21134256492294,299.36927183635686
1711,201.95114482758618,144.03818999999962,6.905124044152291,170.21134256492294,299.36927183635686
1712,201.95114482758618,144.03818999999962,6.772502846094228,170.21134256492294,299.36927183635686
1713,201.95114482758618,144.03818999999962,6.861326046027406,170.21134256492294,299.36927183635686
1714,201.95114482758618,144.03818999999962,6.972450427864514,170.21134256492294,299.36927183635686
1715,201.95114482758618,144.03818999999962,6.80692831189859,170.21134256492294,299.36927183635686
1716,201.95114482758618,144.03818999999962,5.585075601430619,170.21134256492294,299.36927183635686
1717,201.95114482758618,144.03818999999962,5.5485435490285955,170.21134256492294,299.36927183635686
1718,89.84210526315785,91.60225715117373,5.548543549028581,170.21134256492294,299.36927183635686
1719,89.84210526315779,91.60225810785808,5.548543549028581,170.21134256492294,299.36927183635686
1720,201.95114482758618,144.03818999999962,5.548543549034414,170.21134256492294,299.36927183635686
1721,201.95114482758618,144.03818999999962,7.243449006594576,170.21134256492294,299.36927183635686
1722,201.95114482758618,144.03818999999962,8.202865026838088,170.21134256492294,299.36927183635686
1723,201.95114482758618,144.03818999999962,9.071027365063287,170.21134256492294,299.36927183635686
1724,201.95114482758618,144.03818999999962,9.389379500561464,170.21134256492294,299.36927183635686
1725,201.95114482758618,144.03818999999962,8.982682813208369,170.21134256492294,299.36927183635686
1726,201.95114482758618,144.03818999999962,9.023645069488538,170.21134256492294,299.36927183635686
1727,201.95114482758618,144.03818999999962,8.897354023763544,170.21134256492294,299.36927183635686
1728,201.95114482758618,144.03818999999962,8.830322355903583,170.21134256492294,299.36927183635686
1729,83.33045517241378,53.74348235784007,6.1033787044072945,83.91640358720338,132.70810600883388
1730,83.33045517241379,53.74348235797864,6.636144570152782,83.91640358720338,132.70810600883388
1731,83.33045517241379,53.74348235797564,7.200332396876893,83.91640358720338,132.70810600883388
1732,83.33045517241379,53.74348235811899,7.117991883067946,83.91640358720338,132.70810600883388
1733,83.33045517241379,53.74348235811708,6.94850604102856,83.91640358720338,132.70810600883388
1734,83.33045517241379,53.743482357974145,6.58985749789036,83.91640358720338,132.70810600883388
1735,83.33045517241379,53.74348235796996,7.159363207242587,83.91640358720338,132.70810600883388
1736,83.33045517241379,53.743482357823936,7.360271010260596,83.91640358720338,132.70810600883388
1737,83.33045517241379,53.74348235811013,7.395205153173074,83.91640358720338,132.70810600883388
1738,83.33045517241379,53.74348235826273,5.9567331728362705,83.91640358720338,132.70810600883388
1739,83.33045517241378,53.74348235799715,5.402981439087726,83.91640358720338,132.70810600883388
1740,-5.402981439087653,2.424088490703783,5.402981439087723,83.91640358720338,132.70810600883388
1741,-5.402981439087719,2.4240884993413614,5.402981439087724,83.91640358720338,132.70810600883388
1742,-5.402981439087724,2.424088219827384,5.402981439087724,83.91640358720338,132.70810600883388
1743,-5.402981439087724,2.4240884990177456,5.402981439087724,83.91640358720338,132.70810600883388
1744,-5.402981439087723,2.424088435447524,5.402981439087723,83.91640358720338,132.70810600883388
1745,-5.402981439087718,2.424088714016838,5.402981439087723,83.91640358720338,132.70810600883388
1746,-5.402981439087711,2.4240884984495565,5.402981439087722,83.91640358720338,132.70810600883388
1747,83.33045517241379,53.74348235783161,5.614993264278855,83.91640358720338,132.70810600883388
1748,85.39874761904761,55.286189999999806,8.724062399777264,83.91640358720338,132.70810600883388
1749,85.39874761904792,55.28619000000005,9.505608050413194,83.9164035872034,132.7081060088339
1750,85.39874761904768,55.28618999999986,9.707703656000737,83.91640358720338,132.70810600883388
1751,85.39874761904757,55.286189999999785,9.679741438739743,83.91640358720338,132.70810600883388
1752,83.33045517241388,53.743482357877824,9.803321542994626,83.91640358720338,132.70810600883388
1753,83.33045517241379,53.75357373936215,9.987409028860746,83.91640358720336,132.70810600883385
1754,83.33045517241379,53.75357373899839,9.983775951289418,83.91640358720336,132.70810600883385
1755,83.33045517241379,53.75357373899143,9.970817512394941,83.91640358720336,132.70810600883385
1756,83.3304551724138,53.75357373897261,9.957519339147527,83.91640358720336,132.70810600883385
1757,83.3304551724138,53.75357373894486,9.875414559379372,83.91640358720336,132.70810600883385
1758,83.33045517241382,53.75357373921905,9.836026174489781,83.91640358720336,132.70810600883385
1759,83.33045517241382,53.75357373906531,9.725418375837515,83.91640358720336,132.70810600883385
1760,83.33045517241382,53.7535737381973,9.327460886438857,83.91640358720336,132.70810600883385
1761,83.33045517241379,53.75357373903194,7.507313131243438,83.91640358720336,132.70810600883385
1762,83.33045517241379,53.75357373870553,5.402981439087729,83.91640358720336,132.70810600883385
1763,-5.402981439087717,16.560107066855608,5.402981439087721,83.91640358720336,132.70810600883385
1764,-5.402981439087721,16.560106659342523,5.402981439087722,83.91640358720336,132.70810600883385
1765,-5.402981439087722,16.56010938654716,5.402981439087722,83.91640358720336,132.70810600883385
1766,-5.402981439087722,16.56010938356775,5.402981439087722,83.91640358720336,132.70810600883385
1767,-5.402981439087722,16.5601093866057,5.402981439087722,83.91640358720336,132.70810600883385
1768,-5.402981439087722,16.560106659390325,5.402981439087722,83.91640358720336,132.70810600883385
1769,-5.402981439087721,16.56010706738569,5.402981439087721,83.91640358720336,132.70810600883385
1770,-5.40298143908772,16.560107475255325,5.402981439087721,83.91640358720336,132.70810600883385
1771,-5.402981439087717,16.56010747483575,5.402981439087721,83.91640358720336,132.70810600883385
1772,83.33045517241379,53.753573739423246,5.402981439087723,83.91640358720336,132.70810600883385
1773,83.33045517241379,53.75357373867617,6.618751009361595,83.91640358720336,132.70810600883385
1774,83.3304551724138,53.75357373862764,8.601538117720828,83.91640358720336,132.70810600883385
1775,83.33045517241382,53.7535737380873,9.762716402753972,83.91640358720336,132.70810600883385
1776,83.3304551724138,53.753573739337654,9.689254000624691,83.91640358720336,132.70810600883385
1777,83.33045517241379,53.748259841529915,6.352022650703729,83.91640358720338,132.70810600883385
1778,83.33045517241379,53.74825984176948,6.3031633040540465,83.91640358720338,132.70810600883385
1779,83.33045517241378,53.74825984229116,5.402981439087731,83.91640358720338,132.70810600883385
1780,83.33045517241366,53.74825984084963,5.402981439087723,83.91640358720338,132.70810600883385
1781,-5.402981439087706,9.56437856371186,5.402981439087722,83.91640358720338,132.70810600883385
1782,-5.4029814390876805,9.564378925708139,5.402981439087722,83.91640358720338,132.70810600883385
1783,83.33045517241361,53.748259840454814,5.402981439087721,83.91640358720338,132.70810600883385
1784,83.33045517241375,53.74825984078883,5.402981439087721,83.91640358720338,132.70810600883385
1785,83.33045517241372,53.748259840911075,5.402981439087721,83.91640358720338,132.70810600883385
1786,83.33045517240616,53.748541510344964,5.402981439087721,83.91640358720338,132.70810600883385
1787,-5.402981439087665,9.56437864159029,5.402981439087721,83.91640358720338,132.70810600883385
1788,-5.402981439087711,9.56437828236358,5.402981439087722,83.91640358720338,132.70810600883385
1789,-5.402981439087714,9.564378564812024,5.402981439087722,83.91640358720338,132.70810600883385
1790,-5.402981439087716,9.56437791793433,5.402981439087722,83.91640358720338,132.70810600883385
1791,-5.402981439087717,9.564378644673171,5.402981439087722,83.91640358720338,132.70810600883385
1792,-5.402981439087717,9.564378648246672,5.402981439087722,83.91640358720338,132.70810600883385
1793,-5.402981439087715,9.56437828289019,5.402981439087721,83.91640358720338,132.70810600883385
1794,-5.4029814390877045,9.56437856357367,5.40298143908772,83.91640358720338,132.70810600883385
1795,83.33045517241378,53.74825984177924,5.402981439087722,83.91640358720338,132.70810600883385
1796,83.33045517241378,53.74825984045794,5.402981439087721,83.91640358720338,132.70810600883385
1797,83.33045517241378,53.74825984045514,5.402981439087721,83.91640358720338,132.70810600883385
1798,83.33045517241378,53.748259842056534,5.402981439087721,83.91640358720338,132.70810600883385
1799,83.33045517241379,53.74825984152785,5.402981439087754,83.91640358720338,132.70810600883385
1800,83.33045517241379,53.74825984201668,5.402981439087754,83.91640358720338,132.70810600883385
1801,83.33045517241379,53.77790047244909,9.418451054485411,83.91640358720336,132.70810600883388
1802,83.33045517241379,53.7779004741321,9.37448665586108,83.91640358720336,132.70810600883388
1803,83.33045517241379,53.77790047243902,9.525515909170304,83.91640358720336,132.70810600883388
1804,83.33045517241379,53.777900471604134,9.312495536463487,83.91640358720336,132.70810600883388
1805,83.33045517241379,53.77790047244788,8.784153150661593,83.91640358720336,132.70810600883388
1806,83.3304551724138,53.77790047321407,9.766526232554686,83.91640358720336,132.70810600883388
1807,83.33045517241389,53.77789995665758,9.670034742938723,83.91640358720336,132.70810600883388
1808,83.3304551724138,53.77790059591475,9.418451054485411,83.91640358720336,132.70810600883388
1809,83.3304551724138,53.77790048020196,9.337831328471333,83.91640358720336,132.70810600883388
1810,83.33045517241379,53.777900472445005,7.623140526200841,83.91640358720336,132.70810600883388
1811,83.33045517241379,53.777900471619056,5.998187930056134,83.91640358720336,132.70810600883388
1812,83.33045517241379,53.777900471636734,5.40298143908772,83.91640358720336,132.70810600883388
1813,-5.402981439087712,32.84446739697424,5.4029814390877196,83.91640358720336,132.70810600883388
1814,-5.402981439087719,32.84446774921848,5.4029814390877196,83.91640358720336,132.70810600883388
1815,-5.402981439087719,32.844467749448754,5.4029814390877196,83.91640358720336,132.70810600883388
1816,83.33045517241379,53.777900472487296,5.40298143908772,83.91640358720336,132.70810600883388
1817,83.33045517241376,53.77790047194808,5.4029814390877196,83.91640358720336,132.70810600883388
1818,83.33045517241378,53.77790047249583,5.4029814390877196,83.91640358720336,132.70810600883388
1819,83.33045517241379,53.77790047330453,5.402981439087721,83.91640358720336,132.70810600883388
1820,83.33045517241379,53.77790047413439,6.825255352064145,83.91640358720336,132.70810600883388
1821,85.39874761904761,55.28618999999981,8.998003716613653,83.91640358720338,132.70810600883388
1822,85.39874761904761,55.28618999999982,9.47380002061347,83.91640358720338,132.70810600883388
1823,83.33045517241379,53.77790047329665,9.139896618413642,83.91640358720336,132.70810600883388
1824,83.33045517241379,53.77790047160369,8.961778750465522,83.91640358720336,132.70810600883388
1825,83.33045517241378,53.746746358077836,7.476148158061952,83.91640358720338,132.70810600883382
1826,83.33045517241378,53.7467463582906,7.437910709960206,83.91640358720338,132.70810600883382
1827,83.33045517241378,53.74674635807757,7.200332396876893,83.91640358720338,132.70810600883382
1828,83.33045517241378,53.746746357870336,6.253874089447464,83.91640358720338,132.70810600883382
1829,83.33045517241378,53.74674635828839,6.991485903364502,83.91640358720338,132.70810600883382
1830,83.33045517241378,53.74674635807367,6.991485903364506,83.91640358720338,132.70810600883382
1831,83.33045517241378,53.7467463584997,6.772502846094227,83.91640358720338,132.70810600883382
1832,83.33045517241378,53.746746249092105,5.402981439087723,83.91640358720338,132.70810600883382
1833,83.33045517241378,53.74674635788564,5.402981439087724,83.91640358720338,132.70810600883382
1834,-5.4029814390875925,7.5957874063915,5.402981439087721,83.91640358720338,132.70810600883382
1835,83.33045517241376,53.74674624954467,5.402981439087722,83.91640358720338,132.70810600883382
1836,-5.402981439087718,7.595786811644214,5.402981439087722,83.91640358720338,132.70810600883382
1837,-5.402981439087722,7.5957864670425055,5.402981439087722,83.91640358720338,132.70810600883382
1838,-5.402981439087723,7.595786733698315,5.402981439087722,83.91640358720338,132.70810600883382
1839,-5.4029814390877196,7.595786810386377,5.402981439087722,83.91640358720338,132.70810600883382
1840,-5.402981439087721,7.5957868120242455,5.402981439087722,83.91640358720338,132.70810600883382
1841,-5.4029814390877196,7.5957867328850845,5.402981439087721,83.91640358720338,132.70810600883382
1842,83.33045517241375,53.74674624914789,5.402981439087721,83.91640358720338,132.70810600883382
1843,83.33045517241378,53.74674635809654,5.402981439087722,83.91640358720338,132.70810600883382
1844,83.33045517241378,53.746746358054914,6.995524870173227,83.91640358720338,132.70810600883382
1845,83.33045517241382,53.74674635779187,8.370363642019642,83.91640358720338,132.70810600883382
1846,83.33045517241386,53.746746357672706,8.875305957587017,83.91640358720338,132.70810600883382
1847,83.33045517241378,53.74674635783733,8.254008092782376,83.91640358720338,132.70810600883382
1848,83.33045517241378,53.74674635827728,8.16318808685585,83.91640358720338,132.70810600883382
1849,83.33045517241379,53.74262657874591,9.280019705655057,83.91640358720339,132.70810600883388
1850,83.33045517241379,53.74262657884206,9.246538538495793,83.91640358720339,132.70810600883388
1851,83.33045517241379,53.74262657884853,8.454160160198743,83.91640358720339,132.70810600883388
1852,83.33045517241379,53.74262657884581,8.587342959942436,83.91640358720339,132.70810600883388
1853,83.33045517241379,53.74262657874437,8.712649469379043,83.91640358720339,132.70810600883388
1854,83.33045517241379,53.74262657856462,8.89735402376355,83.91640358720339,132.70810600883388
1855,83.33045517241379,53.74262657857102,8.34177742288574,83.91640358720339,132.70810600883388
1856,83.33045517241379,53.74262657884231,7.972222713679712,83.91640358720339,132.70810600883388
1857,83.33045517241379,53.74262657884015,8.069282738335446,83.91640358720339,132.70810600883388
1858,83.33045517241379,53.74262657869576,8.581306693855652,83.91640358720339,132.70810600883388
1859,83.33045517241379,53.74262657897327,8.342416167587224,83.91640358720339,132.70810600883388
1860,83.33045517241379,53.74262657876126,5.972415447186416,83.91640358720339,132.70810600883388
1861,83.33045517241379,53.742626578850874,7.478040373856118,83.91640358720339,132.70810600883388
1862,83.33045517241379,53.742626578760145,6.5215280665171855,83.91640358720339,132.70810600883388
1863,83.33045517241379,53.742626578771834,5.402981439087742,83.91640358720339,132.70810600883388
1864,-5.402981439087682,1.7244206148921781,5.402981439087724,83.91640358720339,132.70810600883388
1865,83.33045517241379,53.74262657872251,5.95314434117128,83.91640358720339,132.70810600883388
1866,83.33045517241379,53.74262657885616,5.458783790034511,83.91640358720339,132.70810600883388
1867,83.33045517241379,53.74262657872708,5.402981439087729,83.91640358720339,132.70810600883388
1868,83.33045517241379,53.742626578991604,5.402981439087734,83.91640358720339,132.70810600883388
1869,83.33045517241379,53.74262657877043,5.402981439087725,83.91640358720339,132.70810600883388
1870,83.33045517241378,53.742626578918646,5.402981439087724,83.91640358720339,132.70810600883388
1871,83.33045517241376,53.74262657909763,5.402981439087724,83.91640358720339,132.70810600883388
1872,83.33045517241378,53.74262657881459,5.402981439087726,83.91640358720339,132.70810600883388
1873,83.33045517241379,53.746079982364385,8.398623993508805,83.91640358720338,132.70810600883388
1874,83.33045517241379,53.74607998297946,8.535030802929255,83.91640358720338,132.70810600883388
1875,83.33045517241379,53.746079982359596,8.341777422885736,83.91640358720338,132.70810600883388
1876,83.33045517241379,53.74607998256574,8.312851469398794,83.91640358720338,132.70810600883388
1877,83.33045517241379,53.74607998255872,8.481435975399517,83.91640358720338,132.70810600883388
1878,83.33045517241379,53.74607998332608,8.736791408506924,83.91640358720338,132.70810600883388
1879,83.33045517241382,53.74607998386215,9.083001514311578,83.91640358720338,132.70810600883388
1880,85.39874761904727,55.28618999999957,9.374486655861093,83.91640358720338,132.70810600883388
1881,85.39874761904753,55.286189999999735,9.343979897629417,83.91640358720338,132.70810600883388
1882,83.33045517241396,53.746079981894866,9.18944505249581,83.91640358720338,132.70810600883388
1883,83.33045517241379,53.74607998255922,7.853325301920597,83.91640358720338,132.70810600883388
1884,83.33045517241379,53.746079982781836,6.5387184263621805,83.91640358720338,132.70810600883388
1885,83.33045517241379,53.746079982987226,6.4978441046749165,83.91640358720338,132.70810600883388
1886,83.33045517241379,53.746079982780024,6.847095177897432,83.91640358720338,132.70810600883388
1887,83.33045517241379,53.7460799825921,5.402981439087738,83.91640358720338,132.70810600883388
1888,83.33045517241379,53.74607998258145,5.847697772643881,83.91640358720338,132.70810600883388
1889,83.33045517241379,53.74607998257151,6.7934914577215295,83.91640358720338,132.70810600883388
1890,83.33045517241379,53.74607998214684,7.279743896171175,83.91640358720338,132.70810600883388
1891,85.39874761904761,55.28618999999981,8.78877637498467,83.91640358720338,132.70810600883388
1892,85.39874761904792,55.28619000000005,9.229420087115333,83.91640358720339,132.7081060088339
1893,85.39874761904763,55.28618999999982,8.897354023763546,83.91640358720338,132.70810600883388
1894,83.33045517241408,53.74607997575548,8.71264946937904,83.91640358720338,132.70810600883388
1895,83.33045517241379,53.746079982765174,7.768458368754552,83.91640358720338,132.70810600883388
1896,83.33045517241379,53.74607998257898,6.303163304054053,83.91640358720338,132.70810600883388
1897,83.33045517241385,53.74303967472748,9.957519339147705,83.91640358720339,132.70810600883385
1898,83.33045517241388,53.743039675086415,9.952319323539998,83.91640358720339,132.70810600883385
1899,85.39874761904738,55.28618999999963,9.98505862180651,83.91640358720339,132.70810600883385
1900,85.39874761904757,55.28618999999978,9.88537778928374,83.91640358720339,132.70810600883388
1901,85.39874761904761,55.28618999999981,9.84209979271959,83.9164035872034,132.70810600883388
1902,85.39874761904763,55.28618999999981,9.573730453884664,83.91640358720339,132.70810600883388
1903,85.39874761904775,55.286189999999905,9.670034742938757,83.9164035872034,132.70810600883388
1904,85.39874761904791,55.28619000000004,9.607669222417407,83.9164035872034,132.7081060088339
1905,85.398747619048,55.286190000000104,9.607669222417407,83.91640358720343,132.70810600883394
1906,85.3987476190479,55.286190000000026,9.585253688471267,83.9164035872034,132.7081060088339
1907,85.39874761904767,55.28618999999985,9.50437454977698,83.91640358720339,132.70810600883388
1908,83.3304551724138,53.743039674806866,8.48908199208914,83.91640358720339,132.70810600883385
1909,83.33045517241379,53.743039674843565,7.792793501743333,83.91640358720339,132.70810600883385
1910,83.33045517241379,53.743039674853975,6.733813049990956,83.91640358720339,132.70810600883385
1911,83.33045517241379,53.74303967484963,7.262472760959521,83.91640358720339,132.70810600883385
1912,83.33045517241379,53.743039675117785,7.635618364648297,83.91640358720339,132.70810600883385
1913,83.33045517241385,53.743039674690955,8.279303886865875,83.91640358720339,132.70810600883385
1914,85.39874761904791,55.28619000000003,8.991339050632034,83.9164035872034,132.7081060088339
1915,89.84210526315796,61.95122646616477,9.864563127141096,83.91640358720349,141.5948212970532
1916,455.39207236937153,610.2761771254851,9.875414559379434,83.91640358720349,872.6947555094804
1917,455.962514081533,611.1318396937273,9.98950290181291,83.91640358720349,873.8356389338034
1918,89.84210526315789,61.951226466164655,9.993697581070606,83.91640358720349,141.59482129705302
1919,89.84210526315768,61.95122646616434,9.996588789750254,83.91640358720349,141.5948212970526
1920,85.39874761904778,55.28618999999995,9.994994118295994,83.9164035872034,132.7081060088339
1921,142.64079999999996,99.66218999999936,6.103378704407297,125.4034821586328,215.10887000883434
1922,142.64079999999998,99.6621899999994,6.636144570152783,125.4034821586328,215.10887000883434
1923,142.6408,99.66218999999941,7.200332396876894,125.4034821586328,215.10887000883434
1924,142.6408,99.66218999999941,7.117991883067947,125.4034821586328,215.10887000883434
1925,142.6408,99.6621899999994,6.948506041028562,125.4034821586328,215.10887000883434
1926,142.6408,99.66218999999941,6.589857497890362,125.4034821586328,215.10887000883434
1927,142.6408,99.66218999999941,7.159363207242587,125.4034821586328,215.10887000883434
1928,142.6408,99.66218999999941,7.360271010260598,125.4034821586328,215.10887000883434
1929,142.6408,99.66218999999941,7.395205153173075,125.4034821586328,215.10887000883434
1930,142.6408,99.66218999999941,5.956733172836271,125.4034821586328,215.10887000883434
1931,89.84210526315786,65.385761075804,5.402981439087728,125.4034821586328,215.10887000883434
1932,-5.402981439087656,26.342357818604633,5.402981439087726,125.4034821586328,215.10887000883434
1933,-5.402981439087721,26.342358424732847,5.402981439087726,125.4034821586328,215.10887000883434
1934,-5.402981439087726,26.342357212032,5.402981439087727,125.4034821586328,215.10887000883434
1935,-5.402981439087726,26.34235721581671,5.402981439087727,125.4034821586328,215.10887000883434
1936,-5.402981439087726,26.342357820185562,5.402981439087726,125.4034821586328,215.10887000883434
1937,-5.40298143908772,26.34235661129936,5.402981439087725,125.4034821586328,215.10887000883434
1938,-5.402981439087714,26.342356611149423,5.402981439087725,125.4034821586328,215.10887000883434
1939,142.6408,99.66218999999941,5.614993264278856,125.4034821586328,215.10887000883434
1940,142.6408,99.66218999999941,8.724062399777265,125.4034821586328,215.10887000883434
1941,142.64080000000004,99.66218999999943,9.505608050413198,125.4034821586328,215.10887000883434
1942,142.6408,99.66218999999941,9.707703656000737,125.4034821586328,215.10887000883434
1943,142.6408,99.66218999999941,9.679741438739745,125.4034821586328,215.10887000883434
1944,142.6408,99.66218999999941,9.80332154299463,125.4034821586328,215.10887000883434
1945,142.6408,99.66218999999941,9.987409028860746,125.4034821586328,215.10887000883432
1946,142.6408,99.66218999999941,9.983775951289417,125.4034821586328,215.10887000883432
1947,142.6408,99.66218999999941,9.970817512394943,125.4034821586328,215.10887000883432
1948,142.6408,99.66218999999941,9.95751933914753,125.4034821586328,215.10887000883432
1949,142.6408,99.6621899999994,9.875414559379372,125.4034821586328,215.10887000883432
1950,142.6408,99.6621899999994,9.836026174489783,125.4034821586328,215.10887000883432
1951,142.6408,99.66218999999941,9.725418375837515,125.4034821586328,215.10887000883432
1952,142.6408,99.66218999999941,9.32746088643886,125.4034821586328,215.10887000883432
1953,142.6408,99.66218999999941,7.507313131243439,125.4034821586328,215.10887000883432
1954,89.84210526315793,71.27423991429868,5.402981439087731,125.4034821586328,215.10887000883432
1955,-5.402981439087719,52.66186263876246,5.402981439087722,125.4034821586328,215.10887000883432
1956,-5.402981439087721,52.66186393607612,5.402981439087722,125.4034821586328,215.10887000883432
1957,-5.402981439087722,52.66186393287717,5.402981439087722,125.4034821586328,215.10887000883432
1958,-5.402981439087722,52.661863936145934,5.402981439087723,125.4034821586328,215.10887000883432
1959,-5.402981439087722,52.66186393603589,5.402981439087722,125.4034821586328,215.10887000883432
1960,-5.402981439087722,52.66186393255607,5.402981439087722,125.4034821586328,215.10887000883432
1961,-5.402981439087721,52.66186393618646,5.402981439087722,125.4034821586328,215.10887000883432
1962,-5.40298143908772,52.66186458462841,5.402981439087721,125.4034821586328,215.10887000883432
1963,-5.402981439087718,52.66186263877662,5.402981439087721,125.4034821586328,215.10887000883432
1964,89.84210526315793,71.27424049233606,5.402981439087723,125.4034821586328,215.10887000883432
1965,142.6408,99.6621899999994,6.6187510093615955,125.4034821586328,215.10887000883432
1966,142.6408,99.6621899999994,8.601538117720828,125.4034821586328,215.10887000883432
1967,142.6408,99.66218999999941,9.762716402753973,125.4034821586328,215.10887000883432
1968,142.6408,99.66218999999941,9.689254000624693,125.4034821586328,215.10887000883432
1969,142.64079999999993,99.66218999999936,6.352022650703729,125.4034821586328,215.10887000883434
1970,142.64079999999996,99.66218999999936,6.3031633040540465,125.4034821586328,215.10887000883434
1971,85.39874761904768,66.22107634474351,5.402981439087733,125.40348215863277,215.10887000883432
1972,85.39874761904751,66.22107633564208,5.402981439087725,125.40348215863277,215.10887000883432
1973,-5.402981439087707,40.668667980650895,5.402981439087724,125.40348215863277,215.10887000883432
1974,-5.402981439087682,40.668668653949,5.402981439087724,125.40348215863277,215.10887000883432
1975,85.39874761904744,66.22107598744046,5.402981439087723,125.40348215863277,215.10887000883432
1976,85.39874761904758,66.22107651559357,5.402981439087723,125.40348215863277,215.10887000883432
1977,85.39874761904758,66.2210761678153,5.402981439087723,125.40348215863277,215.10887000883432
1978,85.39874761904001,66.221066669684,5.402981439087723,125.40348215863277,215.10887000883432
1979,-5.402981439087667,40.66866730568123,5.402981439087723,125.40348215863277,215.10887000883432
1980,-5.4029814390877124,40.66866865479652,5.402981439087724,125.40348215863277,215.10887000883432
1981,-5.402981439087716,40.668666632633,5.402981439087724,125.40348215863277,215.10887000883432
1982,-5.402981439087718,40.66866864354674,5.402981439087724,125.40348215863277,215.10887000883432
1983,-5.402981439087718,40.66866865477946,5.402981439087724,125.40348215863277,215.10887000883432
1984,-5.402981439087718,40.668667980781606,5.402981439087724,125.40348215863277,215.10887000883432
1985,-5.402981439087717,40.6686666327141,5.402981439087723,125.40348215863277,215.10887000883432
1986,-5.402981439087706,40.66866865473376,5.402981439087722,125.40348215863277,215.10887000883432
1987,89.84210526315789,68.1871673484203,5.402981439087724,125.40348215863277,215.10887000883432
1988,89.84210526315783,68.18716749581868,5.402981439087723,125.40348215863277,215.10887000883432
1989,89.84210526315785,68.18716734652028,5.402981439087723,125.40348215863277,215.10887000883432
1990,85.39874761904765,66.22107651786139,5.402981439087723,125.40348215863277,215.10887000883432
1991,142.64079999999998,99.6621899999994,5.402981439087756,125.40348215863277,215.10887000883434
1992,89.84210526315792,68.18716719671484,5.402981439087756,125.40348215863277,215.10887000883432
1993,142.6408,99.66218999999941,9.418451054485411,125.40348215863278,215.10887000883434
1994,142.6408,99.6621899999994,9.37448665586108,125.40348215863278,215.10887000883434
1995,142.6408,99.66218999999938,9.525515909170304,125.40348215863278,215.10887000883434
1996,142.6408,99.6621899999994,9.312495536463487,125.40348215863278,215.10887000883434
1997,142.6408,99.6621899999994,8.784153150661593,125.40348215863278,215.10887000883434
1998,142.6408,99.66218999999941,9.766526232554686,125.40348215863278,215.10887000883434
1999,142.6408,99.66218999999941,9.670034742938723,125.40348215863278,215.10887000883434
2000,142.6408,99.66218999999941,9.418451054485411,125.40348215863278,215.10887000883434
2001,142.6408,99.6621899999994,9.337831328471331,125.40348215863278,215.10887000883434
2002,142.6408,99.6621899999994,7.623140526200842,125.40348215863278,215.10887000883434
2003,142.6408,99.6621899999994,5.998187930056134,125.40348215863278,215.10887000883434
2004,89.84210526315789,80.5822593243686,5.402981439087722,125.40348215863278,215.10887000883434
2005,-5.402981439087714,75.19354807397374,5.402981439087722,125.40348215863278,215.10887000883434
2006,-5.40298143908772,75.1935493579074,5.402981439087722,125.40348215863278,215.10887000883434
2007,-5.402981439087721,75.19354935781391,5.402981439087722,125.40348215863278,215.10887000883434
2008,89.84210526315786,80.58225926840377,5.402981439087722,125.40348215863278,215.10887000883434
2009,85.39874761904758,80.00987367359238,5.402981439087721,125.40348215863278,215.10887000883434
2010,85.39874761904763,80.00987418665716,5.402981439087722,125.40348215863278,215.10887000883434
2011,142.6408,99.6621899999994,5.402981439087723,125.40348215863278,215.10887000883434
2012,142.6408,99.6621899999994,6.825255352064146,125.40348215863278,215.10887000883434
2013,142.6408,99.6621899999994,8.998003716613654,125.40348215863278,215.10887000883434
2014,142.6408,99.66218999999938,9.47380002061347,125.40348215863278,215.10887000883434
2015,142.6408,99.6621899999994,9.139896618413642,125.40348215863278,215.10887000883434
2016,142.6408,99.6621899999994,8.961778750465522,125.40348215863278,215.10887000883434
2017,142.6408,99.66218999999944,7.476148158061953,125.4034821586328,215.10887000883437
2018,142.6408,99.66218999999943,7.437910709960207,125.4034821586328,215.10887000883437
2019,142.6408,99.66218999999943,7.2003323968768935,125.4034821586328,215.10887000883437
2020,142.6408,99.66218999999943,6.253874089447463,125.4034821586328,215.10887000883437
2021,142.6408,99.66218999999943,6.991485903364504,125.4034821586328,215.10887000883437
2022,142.6408,99.66218999999941,6.991485903364506,125.4034821586328,215.10887000883437
2023,142.6408,99.66218999999941,6.772502846094228,125.4034821586328,215.10887000883437
2024,89.84210526315748,67.38794258086529,5.402981439087725,125.4034821586328,215.10887000883437
2025,89.84210526315789,67.3879644288316,5.402981439087727,125.4034821586328,215.10887000883437
2026,-5.402981439087594,36.96013127870692,5.402981439087723,125.4034821586328,215.10887000883437
2027,85.39874761904763,65.28560419876851,5.402981439087724,125.4034821586328,215.10887000883437
2028,-5.40298143908772,36.96012994932701,5.402981439087724,125.4034821586328,215.10887000883437
2029,-5.402981439087724,36.96013061552727,5.402981439087724,125.4034821586328,215.10887000883437
2030,-5.402981439087725,36.96012994930871,5.402981439087725,125.4034821586328,215.10887000883437
2031,-5.402981439087722,36.96012861700209,5.402981439087725,125.4034821586328,215.10887000883437
2032,-5.402981439087723,36.9601306155332,5.402981439087724,125.4034821586328,215.10887000883437
2033,-5.402981439087721,36.96012928559626,5.402981439087723,125.4034821586328,215.10887000883437
2034,85.39874761904761,65.2856046765575,5.402981439087723,125.4034821586328,215.10887000883437
2035,89.8421052631579,67.38796442908368,5.402981439087725,125.4034821586328,215.10887000883437
2036,142.6408,99.66218999999944,6.995524870173229,125.4034821586328,215.10887000883437
2037,142.6408,99.66218999999943,8.370363642019644,125.4034821586328,215.10887000883437
2038,142.6408,99.66218999999943,8.875305957587015,125.4034821586328,215.10887000883437
2039,142.6408,99.66218999999943,8.254008092782376,125.4034821586328,215.10887000883437
2040,142.6408,99.66218999999941,8.16318808685585,125.4034821586328,215.10887000883437
2041,142.6408,99.66218999999938,9.280019705655057,125.4034821586328,215.10887000883434
2042,142.6408,99.66218999999938,9.246538538495791,125.4034821586328,215.10887000883434
2043,142.6408,99.66218999999938,8.454160160198743,125.4034821586328,215.10887000883434
2044,142.6408,99.66218999999938,8.587342959942436,125.4034821586328,215.10887000883434
2045,142.6408,99.66218999999938,8.712649469379043,125.4034821586328,215.10887000883434
2046,142.6408,99.6621899999994,8.89735402376355,125.4034821586328,215.10887000883434
2047,142.6408,99.66218999999938,8.341777422885736,125.4034821586328,215.10887000883434
2048,142.6408,99.66218999999938,7.972222713679711,125.4034821586328,215.10887000883434
2049,142.6408,99.6621899999994,8.069282738335444,125.4034821586328,215.10887000883434
2050,142.6408,99.66218999999938,8.581306693855652,125.4034821586328,215.10887000883434
2051,142.6408,99.6621899999994,8.342416167587222,125.4034821586328,215.10887000883434
2052,142.64079999999998,99.6621899999994,5.972415447186414,125.4034821586328,215.10887000883434
2053,142.6408,99.66218999999938,7.478040373856117,125.4034821586328,215.10887000883434
2054,142.64079999999998,99.66218999999938,6.521528066517185,125.4034821586328,215.10887000883434
2055,89.84210526315789,65.12842628525625,5.4029814390877435,125.4034821586328,215.10887000883434
2056,-5.402981439087683,24.814594381630297,5.402981439087726,125.4034821586328,215.10887000883434
2057,142.6408,99.66218999999938,5.953144341171279,125.4034821586328,215.10887000883434
2058,142.6408,99.66218999999938,5.458783790034511,125.4034821586328,215.10887000883434
2059,142.64079999999998,99.66218999999938,5.402981439087731,125.4034821586328,215.10887000883434
2060,142.64079999999998,99.66218999999938,5.402981439087736,125.4034821586328,215.10887000883434
2061,89.84210526315793,65.12842618808835,5.402981439087727,125.4034821586328,215.10887000883434
2062,89.84210526315726,65.12842644261178,5.402981439087726,125.4034821586328,215.10887000883434
2063,85.3987476190476,62.66369999678503,5.402981439087726,125.4034821586328,215.10887000883434
2064,85.39874761904761,62.66369999651514,5.402981439087728,125.4034821586328,215.10887000883434
2065,142.6408,99.66218999999941,8.398623993508803,125.4034821586328,215.10887000883432
2066,142.6408,99.66218999999941,8.535030802929253,125.4034821586328,215.10887000883432
2067,142.6408,99.66218999999941,8.341777422885734,125.4034821586328,215.10887000883432
2068,142.6408,99.6621899999994,8.312851469398792,125.4034821586328,215.10887000883432
2069,142.6408,99.6621899999994,8.481435975399515,125.4034821586328,215.10887000883432
2070,142.6408,99.66218999999941,8.736791408506923,125.4034821586328,215.10887000883432
2071,142.6408,99.66218999999941,9.083001514311576,125.4034821586328,215.10887000883434
2072,142.6408,99.66218999999941,9.37448665586109,125.4034821586328,215.10887000883434
2073,142.6408,99.66218999999943,9.343979897629417,125.4034821586328,215.10887000883434
2074,142.6408,99.66218999999941,9.189445052495808,125.4034821586328,215.10887000883434
2075,142.6408,99.6621899999994,7.853325301920597,125.4034821586328,215.10887000883432
2076,142.6408,99.66218999999938,6.53871842636218,125.4034821586328,215.10887000883434
2077,142.6408,99.66218999999941,6.497844104674916,125.4034821586328,215.10887000883434
2078,142.6408,99.6621899999994,6.847095177897431,125.4034821586328,215.10887000883434
2079,89.84210526315795,67.18008961341674,5.402981439087738,125.4034821586328,215.10887000883432
2080,142.6408,99.66218999999943,5.847697772643878,125.4034821586328,215.10887000883434
2081,142.6408,99.66218999999943,6.793491457721529,125.4034821586328,215.10887000883432
2082,142.6408,99.6621899999994,7.279743896171174,125.4034821586328,215.10887000883432
2083,142.6408,99.66218999999941,8.78877637498467,125.4034821586328,215.10887000883434
2084,142.6408,99.66218999999941,9.229420087115331,125.4034821586328,215.10887000883434
2085,142.6408,99.66218999999941,8.897354023763544,125.4034821586328,215.10887000883434
2086,142.6408,99.66218999999944,8.712649469379038,125.4034821586328,215.10887000883434
2087,142.6408,99.66218999999941,7.76845836875455,125.4034821586328,215.10887000883432
2088,142.6408,99.6621899999994,6.303163304054052,125.4034821586328,215.10887000883434
2089,142.6408,99.66218999999941,9.957519339147705,125.40348215863281,215.10887000883434
2090,142.6408,99.66218999999941,9.95231932354,125.40348215863281,215.10887000883434
2091,142.6408,99.66218999999941,9.985058621806512,125.40348215863281,215.10887000883434
2092,142.6408,99.66218999999941,9.88537778928374,125.40348215863281,215.10887000883434
2093,142.6408,99.66218999999941,9.842099792719592,125.40348215863281,215.10887000883434
2094,142.6408,99.66218999999941,9.573730453884666,125.40348215863281,215.10887000883434
2095,142.6408,99.66218999999941,9.670034742938757,125.40348215863281,215.10887000883434
2096,142.64080000000004,99.66218999999943,9.607669222417405,125.40348215863281,215.10887000883434
2097,142.64080000000004,99.66218999999943,9.607669222417405,125.40348215863281,215.10887000883434
2098,142.64080000000004,99.66218999999943,9.585253688471267,125.40348215863281,215.10887000883434
2099,142.6408,99.66218999999941,9.50437454977698,125.40348215863281,215.10887000883434
2100,142.6408,99.66218999999941,8.48908199208914,125.40348215863281,215.10887000883434
2101,142.6408,99.66218999999941,7.7927935017433345,125.40348215863281,215.10887000883434
2102,142.6408,99.66218999999941,6.733813049990956,125.40348215863281,215.10887000883434
2103,142.6408,99.66218999999941,7.262472760959521,125.40348215863281,215.10887000883434
2104,142.6408,99.66218999999941,7.635618364648299,125.40348215863281,215.10887000883434
2105,142.6408,99.66218999999941,8.279303886865877,125.40348215863281,215.10887000883434
2106,142.64080000000004,99.66218999999943,8.991339050632035,125.40348215863281,215.10887000883434
2107,142.64080000000112,99.66219000000031,9.864563127141096,125.40348215863287,215.10887000883454
2108,455.3920723693715,568.7890985540557,9.875414559379434,125.40348215863291,840.6114147475749
2109,455.9625140815331,569.6447611222981,9.989502901812912,125.40348215863291,841.752298171898
2110,142.64080000000075,99.66218999999998,9.993697581070608,125.40348215863281,215.10887000883434
2111,142.64080000000004,99.66218999999943,9.996588789750255,125.40348215863281,215.10887000883434
2112,142.6408,99.66218999999941,9.994994118295995,125.40348215863281,215.10887000883434
2113,201.95114482758615,144.03818999999933,6.103378704407296,169.99299939997928,299.2469996639884
2114,201.9511448275862,144.03818999999933,6.636144570152782,169.9929993999793,299.2469996639884
2115,201.9511448275862,144.0381899999994,7.2003323968768935,169.99299939997928,299.2469996639884
2116,201.9511448275862,144.0381899999994,7.117991883067947,169.99299939997928,299.2469996639884
2117,201.9511448275862,144.0381899999994,6.948506041028561,169.99299939997928,299.2469996639884
2118,201.9511448275862,144.03818999999942,6.589857497890363,169.99299939997928,299.2469996639884
2119,201.9511448275862,144.03818999999942,7.159363207242587,169.99299939997928,299.2469996639884
2120,201.9511448275862,144.03818999999942,7.360271010260598,169.99299939997928,299.2469996639884
2121,201.9511448275862,144.03818999999942,7.395205153173076,169.99299939997928,299.2469996639884
2122,201.9511448275862,144.0381899999994,5.9567331728362705,169.99299939997928,299.2469996639884
2123,89.84210526315786,82.6365415086627,5.4029814390658375,169.99299939997928,299.2469996639884
2124,-5.402981439065765,56.2561299732204,5.402981439065835,169.99299939997928,299.2469996639884
2125,-5.4029814390658295,56.256133702990034,5.402981439065835,169.99299939997928,299.2469996639884
2126,-5.402981439065835,56.256130900097546,5.402981439065835,169.99299939997928,299.2469996639884
2127,-5.402981439065835,56.256130904477686,5.402981439065835,169.99299939997928,299.2469996639884
2128,-5.402981439065835,56.25613090456858,5.402981439065835,169.99299939997928,299.2469996639884
2129,-5.4029814390658295,56.25613370315958,5.402981439065834,169.99299939997928,299.2469996639884
2130,-5.402981439065822,56.25612996651658,5.402981439065833,169.99299939997928,299.2469996639884
2131,201.9511448275862,144.0381899999994,5.614993264278855,169.99299939997928,299.2469996639884
2132,201.9511448275862,144.03818999999942,8.724062399777265,169.99299939997928,299.2469996639884
2133,201.95114482758623,144.0381899999994,9.505608050413196,169.99299939997928,299.2469996639884
2134,201.95114482758623,144.03818999999942,9.707703656000735,169.99299939997928,299.2469996639884
2135,201.9511448275862,144.0381899999994,9.679741438739745,169.99299939997928,299.2469996639884
2136,201.9511448275862,144.03818999999942,9.803321542994627,169.99299939997928,299.2469996639884
2137,201.9511448275862,144.03818999999942,9.987409028860746,169.99299939997928,299.2469996639884
2138,201.9511448275862,144.03818999999942,9.983775951289418,169.99299939997928,299.2469996639884
2139,201.9511448275862,144.03818999999942,9.970817512394943,169.99299939997928,299.2469996639884
2140,201.9511448275862,144.03818999999942,9.957519339147527,169.99299939997928,299.2469996639884
2141,201.9511448275862,144.03818999999942,9.875414559379372,169.99299939997928,299.2469996639884
2142,201.9511448275862,144.03818999999942,9.836026174489781,169.99299939997928,299.2469996639884
2143,201.9511448275862,144.03818999999942,9.725418375837517,169.99299939997928,299.2469996639884
2144,201.9511448275862,144.03818999999942,9.327460886438859,169.99299939997928,299.2469996639884
2145,201.9511448275862,144.03818999999942,7.507313131243438,169.99299939997928,299.2469996639884
2146,89.84210526315793,101.49632375540365,5.40298143906584,169.99299939997928,299.2469996639884
2147,-5.402981439065828,92.51753475653754,5.402981439065831,169.99299939997928,299.2469996639884
2148,-5.40298143906583,92.5175371668201,5.402981439065831,169.99299939997928,299.2469996639884
2149,-5.402981439065831,92.51753716695552,5.402981439065831,169.99299939997928,299.2469996639884
2150,-5.402981439065831,92.51753716695369,5.402981439065832,169.99299939997928,299.2469996639884
2151,-5.402981439065831,92.51753716691354,5.402981439065831,169.99299939997928,299.2469996639884
2152,-5.402981439065831,92.51753716700966,5.402981439065831,169.99299939997928,299.2469996639884
2153,-5.40298143906583,92.51753716718126,5.402981439065831,169.99299939997928,299.2469996639884
2154,-5.4029814390658295,92.51753716705787,5.40298143906583,169.99299939997928,299.2469996639884
2155,-5.402981439065827,92.51753475676178,5.40298143906583,169.99299939997928,299.2469996639884
2156,89.84210526315793,101.496323755459,5.402981439065832,169.99299939997928,299.2469996639884
2157,201.9511448275862,144.03818999999942,6.618751009361596,169.99299939997928,299.2469996639884
2158,201.9511448275862,144.03818999999942,8.601538117720828,169.99299939997928,299.2469996639884
2159,201.9511448275862,144.03818999999942,9.762716402753973,169.99299939997928,299.2469996639884
2160,201.9511448275862,144.03818999999942,9.68925400062469,169.99299939997928,299.2469996639884
2161,201.95114482758612,144.03818999999933,6.35202265070373,169.99299939997925,299.24699966398833
2162,201.95114482758618,144.03818999999936,6.3031633040540465,169.99299939997925,299.24699966398833
2163,85.39874761904768,91.4145619449716,5.402981439065842,169.99299939997925,299.24699966398833
2164,85.39874761904751,91.41456244618735,5.402981439065835,169.99299939997925,299.24699966398833
2165,-5.402981439065817,77.05245149974571,5.402981439065834,169.99299939997925,299.24699966398833
2166,-5.402981439065792,77.05245150015607,5.402981439065833,169.99299939997925,299.24699966398833
2167,85.39874761904747,91.41456193142484,5.402981439065832,169.99299939997925,299.24699966398833
2168,85.39874761904761,91.41456194061664,5.402981439065832,169.99299939997925,299.24699966398833
2169,85.39874761904758,91.41456193961777,5.402981439065832,169.99299939997925,299.24699966398833
2170,85.39874761904002,91.41455486962016,5.402981439065832,169.99299939997925,299.24699966398833
2171,-5.402981439065777,77.05245241177927,5.402981439065832,169.99299939997925,299.24699966398833
2172,-5.402981439065822,77.05245058791581,5.402981439065833,169.99299939997925,299.24699966398833
2173,-5.402981439065826,77.05244967623848,5.402981439065833,169.99299939997925,299.24699966398833
2174,-5.402981439065827,77.05245241086425,5.402981439065834,169.99299939997925,299.24699966398833
2175,-5.402981439065828,77.052452410999,5.402981439065834,169.99299939997925,299.24699966398833
2176,-5.402981439065829,77.05245241085117,5.402981439065833,169.99299939997925,299.24699966398833
2177,-5.402981439065826,77.05244967602005,5.402981439065832,169.99299939997925,299.24699966398833
2178,-5.402981439065815,77.0524487643748,5.402981439065832,169.99299939997925,299.24699966398833
2179,89.8421052631579,92.49436362324799,5.402981439065834,169.99299939997925,299.24699966398833
2180,89.84210526315785,92.494363132552,5.402981439065832,169.99299939997925,299.24699966398833
2181,89.84210526315788,92.49436264838782,5.402981439065832,169.99299939997925,299.24699966398833
2182,85.39874761904767,91.41456245480875,5.402981439065832,169.99299939997925,299.24699966398833
2183,201.95114482758618,144.0381899999994,5.402981439065865,169.99299939997925,299.24699966398833
2184,89.84210526315795,92.49436216725603,5.402981439065865,169.99299939997925,299.24699966398833
2185,201.9511448275862,144.0381899999994,9.418451054485413,169.99299939997928,299.2469996639884
2186,201.9511448275862,144.03818999999942,9.374486655861082,169.99299939997928,299.2469996639884
2187,201.9511448275862,144.0381899999994,9.525515909170306,169.99299939997928,299.2469996639884
2188,201.9511448275862,144.0381899999994,9.31249553646349,169.99299939997928,299.2469996639884
2189,201.9511448275862,144.0381899999994,8.784153150661593,169.99299939997928,299.2469996639884
2190,201.9511448275862,144.0381899999994,9.766526232554687,169.99299939997928,299.2469996639884
2191,201.9511448275862,144.0381899999994,9.670034742938727,169.99299939997928,299.2469996639884
2192,201.9511448275862,144.0381899999994,9.418451054485413,169.99299939997928,299.2469996639884
2193,201.9511448275862,144.0381899999994,9.337831328471333,169.99299939997928,299.2469996639884
2194,201.9511448275862,144.0381899999994,7.623140526200842,169.99299939997928,299.2469996639884
2195,201.9511448275862,144.0381899999994,5.998187930056135,169.99299939997928,299.2469996639884
2196,89.84210526315789,120.60950304237751,5.402981439065831,169.99299939997928,299.2469996639884
2197,-5.402981439065822,118.58846057447575,5.4029814390658295,169.99299939997928,299.2469996639884
2198,-5.4029814390658295,118.58846197039128,5.4029814390658295,169.99299939997928,299.2469996639884
2199,-5.4029814390658295,118.5884619705029,5.4029814390658295,169.99299939997928,299.2469996639884
2200,89.84210526315786,120.60950188552613,5.40298143906583,169.99299939997928,299.2469996639884
2201,85.3987476190476,120.4540103221943,5.4029814390658295,169.99299939997928,299.2469996639884
2202,85.39874761904764,120.45400993560766,5.4029814390658295,169.99299939997928,299.2469996639884
2203,201.9511448275862,144.0381899999994,5.402981439065831,169.99299939997928,299.2469996639884
2204,201.9511448275862,144.0381899999994,6.825255352064147,169.99299939997928,299.2469996639884
2205,201.9511448275862,144.0381899999994,8.998003716613654,169.99299939997928,299.2469996639884
2206,201.9511448275862,144.0381899999994,9.473800020613472,169.99299939997928,299.2469996639884
2207,201.9511448275862,144.0381899999994,9.139896618413644,169.99299939997928,299.2469996639884
2208,201.9511448275862,144.0381899999994,8.961778750465523,169.99299939997928,299.2469996639884
2209,201.9511448275862,144.03818999999936,7.476148158061953,169.9929993999793,299.2469996639884
2210,201.9511448275862,144.03818999999936,7.437910709960207,169.9929993999793,299.2469996639884
2211,201.9511448275862,144.0381899999994,7.200332396876893,169.9929993999793,299.2469996639884
2212,201.9511448275862,144.03818999999936,6.253874089447465,169.9929993999793,299.2469996639884
2213,201.9511448275862,144.0381899999994,6.991485903364503,169.9929993999793,299.2469996639884
2214,201.9511448275862,144.0381899999994,6.991485903364505,169.9929993999793,299.2469996639884
2215,201.9511448275862,144.0381899999994,6.772502846094228,169.9929993999793,299.2469996639884
2216,89.84210526315749,89.82800552981672,5.402981439065833,169.99299939997928,299.2469996639884
2217,89.84210526315792,89.82800462385346,5.402981439065834,169.99299939997928,299.2469996639884
2218,-5.4029814390657025,71.91715806873165,5.402981439065832,169.99299939997928,299.2469996639884
2219,85.39874761904764,88.6227915275046,5.402981439065833,169.99299939997928,299.2469996639884
2220,-5.402981439065828,71.91715620698169,5.402981439065833,169.99299939997928,299.2469996639884
2221,-5.402981439065833,71.91715527470313,5.402981439065833,169.99299939997928,299.2469996639884
2222,-5.402981439065833,71.91715527440923,5.402981439065833,169.99299939997928,299.2469996639884
2223,-5.40298143906583,71.9171562068841,5.402981439065833,169.99299939997928,299.2469996639884
2224,-5.402981439065832,71.9171552747079,5.402981439065833,169.99299939997928,299.2469996639884
2225,-5.4029814390658295,71.91715620701376,5.402981439065832,169.99299939997928,299.2469996639884
2226,85.39874761904763,88.62279201949134,5.402981439065832,169.99299939997928,299.2469996639884
2227,89.84210526315792,89.82800556043183,5.402981439065833,169.99299939997928,299.2469996639884
2228,201.9511448275862,144.0381899999994,6.995524870173229,169.99299939997928,299.2469996639884
2229,201.9511448275862,144.0381899999994,8.370363642019644,169.99299939997928,299.2469996639884
2230,201.9511448275862,144.0381899999994,8.875305957587017,169.99299939997928,299.2469996639884
2231,201.9511448275862,144.0381899999994,8.254008092782376,169.99299939997928,299.2469996639884
2232,201.9511448275862,144.0381899999994,8.163188086855852,169.9929993999793,299.2469996639884
2233,201.9511448275862,144.0381899999994,9.280019705655057,169.99299939997925,299.24699966398833
2234,201.9511448275862,144.03818999999936,9.246538538495793,169.99299939997925,299.24699966398833
2235,201.9511448275862,144.0381899999994,8.454160160198743,169.99299939997925,299.24699966398833
2236,201.9511448275862,144.03818999999936,8.587342959942434,169.99299939997925,299.24699966398833
2237,201.9511448275862,144.0381899999994,8.712649469379041,169.99299939997925,299.24699966398833
2238,201.9511448275862,144.0381899999994,8.89735402376355,169.99299939997925,299.24699966398833
2239,201.9511448275862,144.0381899999994,8.341777422885738,169.99299939997925,299.24699966398833
2240,201.9511448275862,144.0381899999994,7.972222713679713,169.99299939997925,299.24699966398833
2241,201.9511448275862,144.0381899999994,8.069282738335444,169.99299939997925,299.24699966398833
2242,201.9511448275862,144.03818999999936,8.581306693855653,169.99299939997925,299.24699966398833
2243,201.9511448275862,144.03818999999936,8.342416167587222,169.99299939997925,299.24699966398833
2244,201.95114482758615,144.0381899999994,5.972415447186415,169.99299939997925,299.24699966398833
2245,201.9511448275862,144.0381899999994,7.478040373856118,169.99299939997925,299.24699966398833
2246,201.9511448275862,144.0381899999994,6.5215280665171855,169.99299939997925,299.24699966398833
2247,89.8421052631579,81.62762560522106,5.402981439065851,169.99299939997925,299.24699966398833
2248,-5.402981439065791,53.9143233271204,5.402981439065834,169.99299939997925,299.24699966398833
2249,201.9511448275862,144.0381899999994,5.953144341171279,169.99299939997925,299.24699966398833
2250,201.9511448275862,144.0381899999994,5.45878379003451,169.99299939997925,299.24699966398833
2251,201.95114482758615,144.03818999999936,5.402981439065838,169.99299939997925,299.24699966398833
2252,201.95114482758615,144.03818999999936,5.402981439065844,169.99299939997925,299.24699966398833
2253,89.84210526315792,81.62762531240031,5.402981439065836,169.99299939997925,299.24699966398833
2254,89.84210526315728,81.62762526095696,5.402981439065834,169.99299939997925,299.24699966398833
2255,85.3987476190476,79.94022420331227,5.402981439065834,169.99299939997925,299.24699966398833
2256,85.39874761904763,79.94022420397565,5.402981439065837,169.99299939997925,299.24699966398833
2257,201.9511448275862,144.03818999999942,8.398623993508805,169.99299939997925,299.24699966398833
2258,201.9511448275862,144.03818999999942,8.535030802929253,169.99299939997925,299.24699966398833
2259,201.9511448275862,144.03818999999942,8.341777422885734,169.99299939997925,299.24699966398833
2260,201.9511448275862,144.03818999999942,8.31285146939879,169.99299939997925,299.24699966398833
2261,201.9511448275862,144.0381899999994,8.481435975399515,169.99299939997925,299.24699966398833
2262,201.9511448275862,144.0381899999994,8.736791408506924,169.99299939997925,299.24699966398833
2263,201.9511448275862,144.03818999999942,9.083001514311578,169.99299939997925,299.24699966398833
2264,201.9511448275862,144.03818999999942,9.37448665586109,169.99299939997925,299.24699966398833
2265,201.9511448275862,144.03818999999942,9.343979897629417,169.99299939997925,299.24699966398833
2266,201.9511448275862,144.03818999999942,9.189445052495808,169.99299939997925,299.24699966398833
2267,201.9511448275862,144.0381899999994,7.853325301920596,169.99299939997925,299.24699966398833
2268,201.9511448275862,144.03818999999942,6.53871842636218,169.99299939997925,299.24699966398833
2269,201.9511448275862,144.03818999999942,6.4978441046749165,169.99299939997925,299.24699966398833
2270,201.9511448275862,144.03818999999942,6.8470951778974305,169.99299939997925,299.24699966398833
2271,89.84210526315795,89.12985602194284,5.402981439065847,169.99299939997925,299.24699966398833
2272,201.9511448275862,144.03818999999942,5.847697772643879,169.99299939997925,299.24699966398833
2273,201.9511448275862,144.0381899999994,6.793491457721528,169.99299939997925,299.24699966398833
2274,201.9511448275862,144.03818999999942,7.279743896171174,169.99299939997925,299.24699966398833
2275,201.9511448275862,144.03818999999942,8.78877637498467,169.99299939997925,299.24699966398833
2276,201.9511448275862,144.03818999999942,9.229420087115331,169.99299939997925,299.24699966398833
2277,201.9511448275862,144.03818999999942,8.897354023763544,169.99299939997925,299.24699966398833
2278,201.9511448275862,144.03818999999942,8.712649469379038,169.99299939997925,299.24699966398833
2279,201.9511448275862,144.0381899999994,7.76845836875455,169.99299939997925,299.24699966398833
2280,201.9511448275862,144.0381899999994,6.303163304054052,169.99299939997925,299.24699966398833
2281,201.9511448275862,144.03818999999942,9.957519339147703,169.99299939997928,299.2469996639884
2282,201.9511448275862,144.03818999999945,9.95231932354,169.99299939997928,299.2469996639884
2283,201.9511448275862,144.03818999999945,9.985058621806509,169.99299939997928,299.2469996639884
2284,201.9511448275862,144.03818999999942,9.88537778928374,169.99299939997928,299.2469996639884
2285,201.9511448275862,144.03818999999945,9.842099792719592,169.99299939997928,299.2469996639884
2286,201.9511448275862,144.03818999999942,9.573730453884664,169.99299939997928,299.2469996639884
2287,201.9511448275862,144.03818999999945,9.670034742938757,169.99299939997928,299.2469996639884
2288,201.9511448275862,144.03818999999945,9.607669222417407,169.99299939997928,299.2469996639884
2289,201.9511448275862,144.03818999999945,9.607669222417407,169.99299939997928,299.2469996639884
2290,201.9511448275862,144.03818999999945,9.585253688471267,169.99299939997928,299.2469996639884
2291,201.9511448275862,144.03818999999942,9.50437454977698,169.99299939997928,299.2469996639884
2292,201.9511448275862,144.03818999999945,8.489081992089142,169.99299939997928,299.2469996639884
2293,201.9511448275862,144.0381899999994,7.7927935017433345,169.99299939997928,299.2469996639884
2294,201.9511448275862,144.0381899999994,6.733813049990956,169.99299939997928,299.2469996639884
2295,201.9511448275862,144.0381899999994,7.262472760959522,169.99299939997928,299.2469996639884
2296,201.9511448275862,144.03818999999942,7.635618364648299,169.99299939997928,299.2469996639884
2297,201.9511448275862,144.0381899999994,8.279303886865877,169.99299939997928,299.2469996639884
2298,201.9511448275862,144.03818999999945,8.991339050632035,169.99299939997928,299.2469996639884
2299,201.95114482758729,144.0381900000003,9.864563127141096,169.99299939997934,299.24699966398856
2300,455.39207236937153,524.1995813126765,9.875414559379434,169.99299939997942,806.1288547475566
2301,455.9625140815331,525.0552438809187,9.989502901812912,169.99299939997942,807.2697381718797
2302,201.95114482758697,144.03818999999996,9.99369758107061,169.99299939997928,299.2469996639884
2303,201.95114482758623,144.03818999999945,9.996588789750255,169.99299939997928,299.2469996639884
2304,201.9511448275862,144.03818999999945,9.994994118295995,169.99299939997928,299.2469996639884
2305,83.33045517241379,52.022003276901366,9.512924938045613,87.17520364904637,134.53303404346596
2306,83.33045517241379,52.022003259430164,9.660133913221742,87.17520364904637,134.53303404346596
2307,83.33045517241379,52.02200329527757,8.98268281320837,87.17520364904637,134.53303404346596
2308,83.33045517241379,52.02200327731881,9.121204295642606,87.17520364904637,134.53303404346596
2309,83.33045517241379,52.02200325750019,9.21203816827742,87.17520364904637,134.53303404346596
2310,83.33045517241379,52.022003256571814,8.98268281320837,87.17520364904637,134.53303404346596
2311,83.33045517241379,52.022003273456285,8.523284871404089,87.17520364904637,134.53303404346596
2312,83.33045517241379,52.02200329234397,8.016367619230712,87.17520364904637,134.53303404346596
2313,83.33045517241379,52.02200330488813,7.613355857778031,87.17520364904637,134.53303404346596
2314,83.33045517241379,52.022003314116404,7.446393023643248,87.17520364904637,134.53303404346596
2315,83.33045517241368,52.02200518194629,5.230802680600836,87.17520364904637,134.53303404346596
2316,83.33045517241369,52.02200487294092,5.230802680600836,87.17520364904637,134.53303404346596
2317,83.33045517241378,52.02200339525428,5.4346889510455885,87.17520364904637,134.53303404346596
2318,-5.230802680600834,4.219066882644444,5.230802680600837,87.17520364904637,134.53303404346596
2319,83.33045517241378,52.02200347654121,5.230802680600847,87.17520364904637,134.53303404346596
2320,83.33045517241378,52.022003432712694,5.230802680600849,87.17520364904637,134.53303404346596
2321,-5.23080268060082,4.219066865138522,5.230802680600835,87.17520364904637,134.53303404346596
2322,83.3304551724136,52.02200661303492,5.230802680600834,87.17520364904637,134.53303404346596
2323,83.33045517241378,52.0220033660132,5.230802680600852,87.17520364904637,134.53303404346596
2324,83.33045517241361,52.02200648632681,5.230802680600833,87.17520364904637,134.53303404346596
2325,83.33045517241379,52.0220033624353,5.230802680600861,87.17520364904637,134.53303404346596
2326,83.33045517241379,52.02200329596457,7.440408902616016,87.17520364904637,134.53303404346596
2327,83.33045517241379,52.02200325664494,8.586929494026037,87.17520364904637,134.53303404346596
2328,83.33045517241379,52.02200328286415,8.71264946937904,87.17520364904637,134.53303404346596
2329,83.3304551724138,52.14442949071924,9.86488972778942,87.17520364904635,134.53303404346596
2330,83.3304551724138,52.14442945891299,9.859412378016005,87.17520364904635,134.53303404346596
2331,83.3304551724138,52.144429489639705,9.561999218673735,87.17520364904635,134.53303404346596
2332,83.3304551724138,52.144429409885255,9.964584427019766,87.17520364904635,134.53303404346596
2333,83.3304551724138,52.14442936226453,9.95751933914746,87.17520364904635,134.53303404346596
2334,83.3304551724138,52.14442932626748,9.789108167000272,87.17520364904635,134.53303404346596
2335,83.3304551724138,52.144428977516405,9.93082592569472,87.17520364904635,134.53303404346596
2336,83.3304551724138,52.14442928276938,9.498865801568702,87.17520364904635,134.53303404346596
2337,83.3304551724138,52.144429526654896,7.7161362359234555,87.17520364904635,134.53303404346596
2338,83.33045517241379,52.14442960982319,5.230802680600939,87.17520364904635,134.53303404346596
2339,-5.230802680600827,30.004331549938858,5.230802680600831,87.17520364904635,134.53303404346596
2340,-5.230802680600831,30.004331934796458,5.230802680600832,87.17520364904635,134.53303404346596
2341,-5.230802680600832,30.004331935135514,5.230802680600832,87.17520364904635,134.53303404346596
2342,-5.230802680600832,30.004331935065245,5.230802680600832,87.17520364904635,134.53303404346596
2343,-5.230802680600832,30.004331935055617,5.230802680600832,87.17520364904635,134.53303404346596
2344,-5.230802680600831,30.004331934859824,5.230802680600831,87.17520364904635,134.53303404346596
2345,-5.230802680600831,30.004331932219564,5.230802680600831,87.17520364904635,134.53303404346596
2346,-5.2308026806008305,30.004330784315172,5.230802680600831,87.17520364904635,134.53303404346596
2347,-5.23080268060083,30.004330786250666,5.230802680600831,87.17520364904635,134.53303404346596
2348,83.33045517241379,52.14442964771474,5.230802680600831,87.17520364904635,134.53303404346596
2349,83.3304551724138,52.144429536610275,5.890181261970356,87.17520364904635,134.53303404346596
2350,83.3304551724138,52.14442942125594,8.252135100594183,87.17520364904635,134.53303404346596
2351,83.3304551724138,52.14442936021987,9.16023761346355,87.17520364904635,134.53303404346596
2352,83.3304551724138,52.14442946497455,9.212038168277413,87.17520364904635,134.53303404346596
2353,83.33045517241378,52.068804380969944,9.991354107368585,87.17520364904637,134.53303404346596
2354,83.33045517241379,52.068804329398944,9.99556958668845,87.17520364904637,134.53303404346596
2355,83.3304551724138,52.06880421299879,10.000254237100686,87.17520364904637,134.53303404346596
2356,83.33045517241382,52.06880350983744,9.999889066366167,87.17520364904637,134.53303404346596
2357,85.39874761904758,53.554632033235684,9.999119464014747,87.17520364904637,134.53303404346596
2358,85.39874761904761,53.55483759061231,9.994994118294397,87.17520364904637,134.53303404346596
2359,85.39874761904764,53.55502164348347,9.96882763975571,87.17520364904637,134.53303404346596
2360,85.39874761904765,53.55499996291754,9.940692088641056,87.17520364904637,134.53303404346596
2361,85.39874761904764,53.555051674089235,9.842099792719539,87.17520364904637,134.53303404346596
2362,83.33045517241379,52.068804327726234,8.67171909097159,87.17520364904637,134.53303404346596
2363,83.33045517241378,52.068804545960845,6.491692656939947,87.17520364904637,134.53303404346596
2364,83.33045517241378,52.06880463443891,5.230802680600838,87.17520364904637,134.53303404346596
2365,-5.230802680600827,17.890101180325754,5.230802680600833,87.17520364904637,134.53303404346596
2366,-5.230802680600831,17.89010075770984,5.230802680600833,87.17520364904637,134.53303404346596
2367,-5.230802680600831,17.89010075764876,5.230802680600833,87.17520364904637,134.53303404346596
2368,-5.2308026806008225,17.890101602909,5.230802680600833,87.17520364904637,134.53303404346596
2369,-5.23080268060081,17.89010082740358,5.230802680600832,87.17520364904637,134.53303404346596
2370,83.33045517241378,52.0688045781418,5.230802680600841,87.17520364904637,134.53303404346596
2371,83.33045517241378,52.06880447295793,7.291104634995535,87.17520364904637,134.53303404346596
2372,85.39874761904764,53.555050100253325,9.130172877247398,87.17520364904637,134.53303404346596
2373,87.74345975209681,55.28619000000006,9.75061418479522,87.1752036490464,134.533034043466
2374,85.39874761904764,53.55500367268689,9.487063527090111,87.17520364904637,134.53303404346596
2375,85.3987476190476,53.55464851954486,9.698572428593636,87.17520364904637,134.53303404346596
2376,83.3304551724138,52.06880420881137,9.585253688471244,87.17520364904637,134.53303404346596
2377,83.33045517241378,52.064772511153336,7.625298472398266,87.17520364904637,134.53303404346593
2378,83.33045517241378,52.06477250777148,7.514004271685801,87.17520364904637,134.53303404346593
2379,83.33045517241378,52.06477251851507,7.240906385325017,87.17520364904637,134.53303404346593
2380,83.33045517241378,52.06477252751536,6.772502846094222,87.17520364904637,134.53303404346593
2381,83.33045517241378,52.06477251064789,6.9914859033645,87.17520364904637,134.53303404346593
2382,83.33045517241378,52.064772481232,7.514004271685802,87.17520364904637,134.53303404346593
2383,83.33045517241378,52.064772490189625,6.9485060410285575,87.17520364904637,134.53303404346593
2384,83.33045517241378,52.064772485884404,7.117991883067942,87.17520364904637,134.53303404346593
2385,83.33045517241378,52.06477252144412,5.896522083534109,87.17520364904637,134.53303404346593
2386,83.33045517241378,52.0647724998351,6.529757718166647,87.17520364904637,134.53303404346593
2387,83.33045517241378,52.06477258623078,5.230802680600847,87.17520364904637,134.53303404346593
2388,83.33045517241378,52.06477265806414,5.230802680600836,87.17520364904637,134.53303404346593
2389,-5.230802680600829,16.908310446230345,5.230802680600833,87.17520364904637,134.53303404346593
2390,-5.230802680600831,16.90831044973775,5.230802680600833,87.17520364904637,134.53303404346593
2391,-5.230802680600832,16.908310450402425,5.230802680600833,87.17520364904637,134.53303404346593
2392,-5.230802680600831,16.908309168352,5.230802680600833,87.17520364904637,134.53303404346593
2393,-5.23080268060082,16.90830958320102,5.230802680600832,87.17520364904637,134.53303404346593
2394,83.33045517241378,52.06477253848405,5.230802680600881,87.17520364904637,134.53303404346593
2395,83.33045517241378,52.0647725134761,6.238860342186298,87.17520364904637,134.53303404346593
2396,83.33045517241378,52.06477223152387,8.264564172767107,87.17520364904637,134.53303404346593
2397,83.33045517241378,52.06477241897119,7.588579428853961,87.17520364904637,134.53303404346593
2398,83.33045517241378,52.06477243402654,7.69762028946977,87.17520364904637,134.53303404346593
2399,83.33045517241378,52.064772492372626,6.9914859033645,87.17520364904637,134.53303404346593
2400,83.33045517241378,52.06477249424103,7.320875692016868,87.17520364904637,134.53303404346593
2401,83.3304551724138,52.03297007095944,9.296382421433856,87.17520364904637,134.53303404346593
2402,83.3304551724138,52.03297003097447,9.359358077119836,87.17520364904637,134.53303404346593
2403,83.3304551724138,52.03296979471955,9.629259687220449,87.17520364904637,134.53303404346593
2404,83.33045517241386,52.03296896614696,9.639749852039659,87.17520364904637,134.53303404346593
2405,85.39874761904736,53.543810197394095,9.487063527090118,87.17520364904637,134.53303404346593
2406,85.39874761904761,53.543716414363494,9.389379500561464,87.17520364904637,134.53303404346593
2407,85.39874761904765,53.543742599094585,9.50010516623416,87.17520364904637,134.53303404346593
2408,87.74345975209665,55.286189999999934,9.596561989079408,87.17520364904638,134.53303404346596
2409,87.74345975209665,55.28618999999993,9.512924938045607,87.17520364904638,134.53303404346596
2410,85.39874761904795,53.55545500102842,9.46030771345011,87.17520364904637,134.53303404346593
2411,85.39874761904763,53.543712990159584,9.137591716221054,87.17520364904637,134.53303404346593
2412,83.3304551724138,52.032970054353775,8.221887561838079,87.17520364904637,134.53303404346593
2413,83.33045517241379,52.03297018166121,6.993217172159217,87.17520364904637,134.53303404346593
2414,83.33045517241379,52.03297022117545,5.719929429201589,87.17520364904637,134.53303404346593
2415,83.33045517241379,52.03297021245242,5.955594136541275,87.17520364904637,134.53303404346593
2416,83.33045517241379,52.032970142071484,7.612322294725924,87.17520364904637,134.53303404346593
2417,83.33045517241386,52.03296903961115,8.605120559404407,87.17520364904637,134.53303404346593
2418,87.74345975209684,55.28619000000008,9.386558598147628,87.1752036490464,134.533034043466
2419,89.8421052631579,58.43415826659149,9.900145100605847,87.17520364904645,138.7303250655877
2420,89.84210526315798,58.43415826659161,9.916044014660708,87.17520364904645,138.73032506558783
2421,89.84210526315789,58.43415826659147,9.870221477125865,87.17520364904645,138.73032506558766
2422,89.84210526315786,58.43415826659143,9.875414559379397,87.17520364904645,138.7303250655876
2423,87.74345975209678,55.28619000000004,9.899299964403983,87.17520364904638,134.533034043466
2424,85.39874761904764,53.543722811573254,9.870221477125865,87.17520364904637,134.53303404346593
2425,-5.230802680600817,-0.8215577344160373,5.23080268060084,87.17520364904637,134.53303404346596
2426,-5.230802680600809,-0.8215577430498495,5.230802680600839,87.17520364904637,134.53303404346596
2427,-5.2308026806007835,-0.821556990535223,5.2308026806008385,87.17520364904637,134.53303404346596
2428,83.33045517241378,52.0088238444506,5.230802680600844,87.17520364904637,134.53303404346596
2429,83.33045517241378,52.00882376008248,5.230802680600855,87.17520364904637,134.53303404346596
2430,83.33045517241378,52.00882372935443,5.230802680600895,87.17520364904637,134.53303404346596
2431,83.33045517241378,52.00882371991394,5.230802680600882,87.17520364904637,134.53303404346596
2432,83.33045517241378,52.008823701776926,5.404593673694283,87.17520364904637,134.53303404346596
2433,83.33045517241378,52.00882371857085,5.230802680600859,87.17520364904637,134.53303404346596
2434,83.33045517241378,52.00882373417068,5.2308026806008465,87.17520364904637,134.53303404346596
2435,83.33045517241378,52.00882375106262,5.230802680600845,87.17520364904637,134.53303404346596
2436,83.33045517241378,52.008823822383775,5.230802680600839,87.17520364904637,134.53303404346596
2437,83.33045517241376,52.00882399910856,5.230802680600838,87.17520364904637,134.53303404346596
2438,-5.230802680600823,-0.8215574648485515,5.230802680600837,87.17520364904637,134.53303404346596
2439,-5.230802680600829,-0.8215571981898897,5.230802680600837,87.17520364904637,134.53303404346596
2440,-5.230802680600412,-0.8215576872328664,5.230802680600836,87.17520364904637,134.53303404346596
2441,83.33045517241378,52.008823798568926,5.2308026806008385,87.17520364904637,134.53303404346596
2442,83.3304551724138,52.00882364549203,6.648395066997391,87.17520364904637,134.53303404346596
2443,85.39874761904751,53.537794054302154,8.117676817253859,87.17520364904637,134.53303404346596
2444,85.39874761904761,53.53746823554496,8.224076802944623,87.17520364904637,134.53303404346596
2445,83.33045517241385,52.00882315371977,7.661650048172976,87.17520364904637,134.53303404346596
2446,83.3304551724138,52.0088236022524,7.11799188306795,87.17520364904637,134.53303404346596
2447,83.3304551724138,52.00882363845213,7.320875692016877,87.17520364904637,134.53303404346596
2448,83.33045517241379,52.00882367821832,6.905124044152293,87.17520364904637,134.53303404346596
2449,-5.230802680600831,3.5303336220515646,5.2308026806008385,87.17520364904637,134.53303404346593
2450,-5.2308026806008305,3.530333293520578,5.2308026806008385,87.17520364904637,134.53303404346593
2451,-5.230802680600828,3.53033361758412,5.2308026806008385,87.17520364904637,134.53303404346593
2452,-5.2308026806008225,3.530333936823829,5.230802680600838,87.17520364904637,134.53303404346593
2453,-5.230802680600813,3.5303329472446014,5.230802680600837,87.17520364904637,134.53303404346593
2454,-5.230802680600778,3.530333552647262,5.230802680600836,87.17520364904637,134.53303404346593
2455,83.3304551724135,52.0197685291513,5.230802680600836,87.17520364904637,134.53303404346593
2456,83.33045517241374,52.01976453778378,5.230802680600836,87.17520364904637,134.53303404346593
2457,83.33045517241374,52.01976438346242,5.230802680600836,87.17520364904637,134.53303404346593
2458,83.33045517241372,52.01976456834108,5.230802680600836,87.17520364904637,134.53303404346593
2459,14.814674475111765,11.939439944792541,5.230802680600835,87.17520364904637,134.53303404346593
2460,-5.230802680600806,3.530333588981875,5.230802680600836,87.17520364904637,134.53303404346593
2461,-5.230802680600832,3.530332973466977,5.230802680600837,87.17520364904637,134.53303404346593
2462,-5.230802680600835,3.530332977400327,5.230802680600838,87.17520364904637,134.53303404346593
2463,-5.230802680600834,3.530333626466727,5.230802680600837,87.17520364904637,134.53303404346593
2464,-5.230802680600832,3.5303339490442474,5.230802680600836,87.17520364904637,134.53303404346593
2465,-5.230802680600826,3.530333291689467,5.230802680600835,87.17520364904637,134.53303404346593
2466,-5.230802680600771,3.5303338689022805,5.230802680600834,87.17520364904637,134.53303404346593
2467,83.33045517241378,52.01976389991777,5.230802680600835,87.17520364904637,134.53303404346593
2468,83.33045517241378,52.01976387151098,5.230802680600836,87.17520364904637,134.53303404346593
2469,83.33045517241378,52.019763894235254,5.230802680600836,87.17520364904637,134.53303404346593
2470,83.33045517241376,52.019763997272975,5.230802680600836,87.17520364904637,134.53303404346593
2471,83.33045517241366,52.01976572325123,5.230802680600836,87.17520364904637,134.53303404346593
2472,-5.230802680600813,3.5303326232706507,5.230802680600837,87.17520364904637,134.53303404346593
2473,83.33045517241379,52.00512916294039,8.535030802929258,87.17520364904638,134.53303404346593
2474,83.33045517241379,52.00512915551645,8.535030802929258,87.17520364904638,134.53303404346593
2475,83.33045517241379,52.00512913918552,8.663457321730467,87.17520364904638,134.53303404346593
2476,83.33045517241379,52.00512915307503,8.224076802944621,87.17520364904638,134.53303404346593
2477,83.33045517241379,52.005129142086865,8.100933500000808,87.17520364904638,134.53303404346593
2478,83.33045517241379,52.00512916032935,7.51400427168581,87.17520364904638,134.53303404346593
2479,83.3304551724138,52.0051291072126,7.905745714151235,87.17520364904638,134.53303404346593
2480,83.3304551724138,52.0051290735141,7.905745714151235,87.17520364904638,134.53303404346593
2481,83.33045517241379,52.00512915298801,7.034056697805983,87.17520364904638,134.53303404346593
2482,83.33045517241378,52.00512920103281,5.8965220835341245,87.17520364904638,134.53303404346593
2483,83.33045517241378,52.00512922877645,5.2308026806009265,87.17520364904638,134.53303404346593
2484,83.33045517241378,52.005129222440814,5.59626063160615,87.17520364904638,134.53303404346593
2485,83.33045517241378,52.00512924777703,5.2308026806008785,87.17520364904638,134.53303404346593
2486,83.33045517241378,52.00512932074127,5.230802680600841,87.17520364904638,134.53303404346593
2487,83.33045517241378,52.005129253190155,5.230802680600886,87.17520364904638,134.53303404346593
2488,83.33045517241374,52.00512966486026,5.230802680600837,87.17520364904638,134.53303404346593
2489,83.33045517241375,52.00512959335825,5.230802680600835,87.17520364904638,134.53303404346593
2490,83.33045517241378,52.00512922684284,5.230802680600851,87.17520364904638,134.53303404346593
2491,83.33045517241378,52.00512927598407,5.252135319826225,87.17520364904638,134.53303404346593
2492,83.33045517241378,52.00512921021917,5.230802680600853,87.17520364904638,134.53303404346593
2493,83.33045517241378,52.00512925579283,5.230802680600838,87.17520364904638,134.53303404346593
2494,83.33045517241378,52.0051292117066,5.2308026806009025,87.17520364904638,134.53303404346593
2495,83.33045517241378,52.005129292588464,5.230802680600839,87.17520364904638,134.53303404346593
2496,83.33045517241376,52.00512947474617,5.230802680600838,87.17520364904638,134.53303404346593
2497,142.64079999999998,99.66218999999946,9.512924938045611,125.14521402090236,214.9642398517053
2498,142.64079999999998,99.66218999999946,9.66013391322174,125.14521402090236,214.9642398517053
2499,142.64079999999998,99.66218999999946,8.98268281320837,125.14521402090236,214.9642398517053
2500,142.64079999999998,99.66218999999946,9.121204295642608,125.14521402090236,214.9642398517053
2501,142.64079999999998,99.66218999999946,9.21203816827742,125.14521402090236,214.9642398517053
2502,142.64079999999998,99.66218999999947,8.98268281320837,125.14521402090236,214.9642398517053
2503,142.64079999999998,99.66218999999946,8.523284871404089,125.14521402090236,214.9642398517053
2504,142.64079999999998,99.66218999999946,8.016367619230712,125.14521402090236,214.9642398517053
2505,142.64079999999998,99.66218999999947,7.613355857778031,125.14521402090236,214.9642398517053
2506,142.64079999999998,99.66218999999947,7.446393023643248,125.14521402090236,214.9642398517053
2507,85.39874761904753,64.11776629439574,5.230802680600839,125.14521402090236,214.9642398517053
2508,85.39874761904754,64.11776629423959,5.23080268060084,125.14521402090236,214.9642398517053
2509,89.84210526315799,66.3781569919372,5.4346889510455885,125.14521402090236,214.9642398517053
2510,-5.230802680600838,31.88893369256671,5.23080268060084,125.14521402090236,214.9642398517053
2511,89.84210526315782,66.37815711726377,5.230802680600851,125.14521402090236,214.9642398517053
2512,89.84210526315788,66.37815723789925,5.230802680600853,125.14521402090236,214.9642398517053
2513,-5.230802680600823,31.888934332514143,5.2308026806008385,125.14521402090236,214.9642398517053
2514,85.39874761904744,64.11776657511182,5.230802680600838,125.14521402090236,214.9642398517053
2515,142.64079999999998,99.66218999999946,5.230802680600855,125.14521402090236,214.9642398517053
2516,85.39874761904746,64.11776615327351,5.230802680600838,125.14521402090236,214.9642398517053
2517,142.64079999999998,99.66218999999946,5.230802680600864,125.14521402090236,214.9642398517053
2518,142.64079999999998,99.66218999999946,7.440408902616016,125.14521402090236,214.9642398517053
2519,142.64079999999998,99.66218999999947,8.586929494026037,125.14521402090236,214.9642398517053
2520,142.64079999999998,99.66218999999946,8.712649469379038,125.14521402090236,214.9642398517053
2521,142.64079999999998,99.66218999999946,9.86488972778942,125.14521402090233,214.9642398517053
2522,142.64079999999998,99.66218999999947,9.859412378016005,125.14521402090236,214.9642398517053
2523,142.64079999999998,99.66218999999947,9.561999218673735,125.14521402090236,214.9642398517053
2524,142.64079999999998,99.66218999999946,9.964584427019766,125.14521402090233,214.9642398517053
2525,142.64079999999998,99.66218999999947,9.95751933914746,125.14521402090236,214.9642398517053
2526,142.64079999999998,99.66218999999946,9.789108167000272,125.14521402090233,214.9642398517053
2527,142.64079999999998,99.66218999999947,9.93082592569472,125.14521402090233,214.9642398517053
2528,142.64079999999998,99.66218999999947,9.498865801568702,125.14521402090236,214.9642398517053
2529,142.64079999999998,99.66218999999947,7.7161362359234555,125.14521402090233,214.9642398517053
2530,142.64079999999998,99.66218999999946,5.230802680600942,125.14521402090236,214.9642398517053
2531,-5.230802680600829,71.8384016921635,5.230802680600835,125.14521402090233,214.9642398517053
2532,-5.230802680600835,71.83840121953271,5.230802680600835,125.14521402090233,214.9642398517053
2533,-5.230802680600835,71.83840121965149,5.230802680600835,125.14521402090233,214.9642398517053
2534,-5.230802680600835,71.83840121961354,5.230802680600835,125.14521402090233,214.9642398517053
2535,-5.230802680600835,71.83840121892095,5.230802680600835,125.14521402090233,214.9642398517053
2536,-5.230802680600835,71.83840121970348,5.230802680600835,125.14521402090233,214.9642398517053
2537,-5.230802680600835,71.83840121949947,5.230802680600835,125.14521402090233,214.9642398517053
2538,-5.230802680600833,71.8384012195638,5.230802680600835,125.14521402090233,214.9642398517053
2539,-5.230802680600832,71.83840169225654,5.230802680600835,125.14521402090233,214.9642398517053
2540,89.84210526315788,78.79901656959184,5.230802680600835,125.14521402090233,214.9642398517053
2541,142.64079999999998,99.66218999999947,5.890181261970356,125.14521402090233,214.9642398517053
2542,142.64079999999998,99.66218999999946,8.252135100594183,125.14521402090233,214.9642398517053
2543,142.64079999999998,99.66218999999947,9.16023761346355,125.14521402090233,214.9642398517053
2544,142.64079999999998,99.66218999999946,9.212038168277413,125.14521402090233,214.9642398517053
2545,142.64079999999998,99.66218999999947,9.991354107368585,125.14521402090233,214.96423985170526
2546,142.64079999999998,99.66218999999946,9.99556958668845,125.14521402090233,214.96423985170526
2547,142.64079999999998,99.66218999999947,10.000253933426709,125.14521402090233,214.96423985170526
2548,142.64079999999998,99.66218999999947,9.999889066366167,125.14521402090233,214.96423985170526
2549,142.64079999999998,99.66218999999947,9.999119464014747,125.14521402090233,214.96423985170526
2550,142.64079999999998,99.66218999999947,9.994994118294397,125.14521402090233,214.96423985170526
2551,142.64079999999998,99.66218999999948,9.968827639755709,125.14521402090233,214.96423985170526
2552,142.64079999999998,99.66218999999947,9.940692088641056,125.14521402090233,214.96423985170526
2553,142.64079999999998,99.66218999999947,9.842099792719539,125.14521402090233,214.96423985170526
2554,142.64079999999998,99.66218999999947,8.67171909097159,125.14521402090233,214.96423985170526
2555,142.64079999999998,99.66218999999948,6.491692656939947,125.14521402090233,214.96423985170526
2556,89.84210526315788,72.10630793470403,5.230802680600841,125.14521402090233,214.96423985170526
2557,-5.23080268060083,55.33248838563622,5.230802680600836,125.14521402090233,214.96423985170526
2558,-5.230802680600835,55.332487116263174,5.230802680600837,125.14521402090233,214.96423985170526
2559,-5.230802680600835,55.33248711975711,5.230802680600837,125.14521402090233,214.96423985170526
2560,-5.230802680600825,55.33248648516357,5.230802680600836,125.14521402090233,214.96423985170526
2561,-5.230802680600814,55.33248711787408,5.230802680600836,125.14521402090233,214.96423985170526
2562,142.64079999999998,99.66218999999947,5.230802680600845,125.14521402090233,214.96423985170526
2563,142.64079999999998,99.66218999999948,7.291104634995535,125.14521402090233,214.96423985170526
2564,142.64079999999998,99.66218999999948,9.130172877247398,125.14521402090233,214.96423985170526
2565,142.64079999999998,99.66218999999947,9.75061418479522,125.14521402090233,214.96423985170526
2566,142.64079999999998,99.66218999999947,9.487063527090111,125.14521402090233,214.96423985170526
2567,142.64079999999998,99.66218999999947,9.698572428593636,125.14521402090233,214.96423985170526
2568,142.64079999999998,99.66218999999947,9.585253688471246,125.14521402090233,214.96423985170526
2569,142.64080000000004,99.66218999999947,7.625298472398267,125.14521402090233,214.9642398517053
2570,142.64080000000004,99.66218999999948,7.514004271685802,125.14521402090233,214.9642398517053
2571,142.64080000000004,99.66218999999947,7.240906385325017,125.14521402090233,214.9642398517053
2572,142.64080000000004,99.66218999999948,6.7725028460942225,125.14521402090233,214.9642398517053
2573,142.64080000000004,99.66218999999947,6.9914859033645,125.14521402090233,214.9642398517053
2574,142.64080000000004,99.66218999999947,7.514004271685802,125.14521402090233,214.9642398517053
2575,142.64080000000004,99.66218999999948,6.948506041028557,125.14521402090233,214.9642398517053
2576,142.64080000000004,99.66218999999948,7.117991883067942,125.14521402090233,214.9642398517053
2577,142.64080000000004,99.66218999999948,5.896522083534109,125.14521402090233,214.9642398517053
2578,142.64080000000004,99.66218999999947,6.529757718166648,125.14521402090233,214.9642398517053
2579,89.84210526315798,71.65871886909045,5.230802680600851,125.14521402090233,214.9642398517053
2580,89.84210526315785,71.65871867826918,5.230802680600839,125.14521402090233,214.9642398517053
2581,-5.230802680600832,53.90590281855193,5.230802680600837,125.14521402090233,214.9642398517053
2582,-5.230802680600836,53.905902175918364,5.230802680600837,125.14521402090233,214.9642398517053
2583,-5.230802680600836,53.905902176174536,5.230802680600837,125.14521402090233,214.9642398517053
2584,-5.230802680600835,53.90590217811963,5.230802680600837,125.14521402090233,214.9642398517053
2585,-5.230802680600824,53.9059028178105,5.230802680600836,125.14521402090233,214.9642398517053
2586,142.6408,99.66218999999947,5.230802680600886,125.14521402090233,214.9642398517053
2587,142.64080000000004,99.6621899999995,6.238860342186297,125.14521402090233,214.9642398517053
2588,142.64080000000004,99.66218999999947,8.264564172767107,125.14521402090233,214.9642398517053
2589,142.64080000000004,99.66218999999948,7.588579428853962,125.14521402090233,214.9642398517053
2590,142.64080000000004,99.66218999999948,7.697620289469769,125.14521402090233,214.9642398517053
2591,142.64080000000004,99.66218999999947,6.9914859033645,125.14521402090233,214.9642398517053
2592,142.64080000000004,99.66218999999947,7.320875692016869,125.14521402090233,214.9642398517053
2593,142.6408,99.66218999999946,9.296382421433858,125.14521402090233,214.9642398517053
2594,142.6408,99.66218999999947,9.359358077119836,125.14521402090233,214.9642398517053
2595,142.6408,99.66218999999947,9.629259687220449,125.14521402090233,214.9642398517053
2596,142.6408,99.66218999999946,9.639749852039659,125.14521402090233,214.9642398517053
2597,142.6408,99.66218999999947,9.487063527090118,125.14521402090233,214.9642398517053
2598,142.6408,99.66218999999947,9.389379500561464,125.14521402090233,214.9642398517053
2599,142.6408,99.66218999999947,9.50010516623416,125.14521402090233,214.9642398517053
2600,142.6408,99.66218999999947,9.596561989079406,125.14521402090233,214.9642398517053
2601,142.6408,99.66218999999947,9.512924938045607,125.14521402090233,214.9642398517053
2602,142.6408,99.66218999999946,9.46030771345011,125.14521402090233,214.9642398517053
2603,142.6408,99.66218999999947,9.137591716221054,125.14521402090233,214.9642398517053
2604,142.6408,99.66218999999947,8.221887561838079,125.14521402090233,214.9642398517053
2605,142.6408,99.66218999999947,6.993217172159217,125.14521402090233,214.9642398517053
2606,142.6408,99.66218999999947,5.719929429201589,125.14521402090233,214.9642398517053
2607,142.6408,99.66218999999948,5.955594136541275,125.14521402090233,214.9642398517053
2608,142.6408,99.66218999999947,7.612322294725924,125.14521402090233,214.9642398517053
2609,142.6408,99.66218999999947,8.605120559404407,125.14521402090233,214.9642398517053
2610,142.6408,99.66218999999947,9.386558598147628,125.14521402090233,214.9642398517053
2611,142.64080000000084,99.66219000000008,9.900145100605846,125.14521402090237,214.96423985170534
2612,142.64080000000106,99.6621900000003,9.916044014660706,125.1452140209024,214.9642398517055
2613,142.64080000000078,99.66219000000004,9.870221477125865,125.14521402090237,214.9642398517053
2614,142.64080000000004,99.6621899999995,9.875414559379395,125.14521402090233,214.9642398517053
2615,142.6408,99.66218999999947,9.899299964403983,125.14521402090233,214.9642398517053
2616,142.6408,99.66218999999947,9.870221477125865,125.14521402090233,214.9642398517053
2617,-5.23080268060082,21.469002228573927,5.230802680600844,125.14521402090237,214.9642398517053
2618,-5.230802680600812,21.46900167179121,5.230802680600843,125.14521402090237,214.9642398517053
2619,-5.230802680600787,21.469001669321067,5.230802680600842,125.14521402090237,214.9642398517053
2620,89.84210526315749,64.5745211685333,5.230802680600847,125.14521402090237,214.9642398517053
2621,89.84210526315793,64.57452090736248,5.230802680600859,125.14521402090237,214.9642398517053
2622,142.64079999999996,99.66218999999946,5.230802680600899,125.14521402090237,214.96423985170532
2623,142.64079999999998,99.66218999999947,5.230802680600886,125.14521402090237,214.96423985170532
2624,142.6408,99.66218999999947,5.404593673694282,125.14521402090237,214.96423985170532
2625,142.64079999999998,99.66218999999947,5.230802680600862,125.14521402090237,214.96423985170532
2626,142.64079999999996,99.66218999999946,5.23080268060085,125.14521402090237,214.96423985170532
2627,142.64079999999328,99.66218999999441,5.230802680600848,125.14521402090237,214.9642398517053
2628,89.8421052631578,64.57452108555157,5.230802680600843,125.14521402090237,214.9642398517053
2629,85.39874761904761,62.019670849000555,5.230802680600841,125.14521402090237,214.9642398517053
2630,-5.230802680600828,21.469001119440303,5.23080268060084,125.14521402090237,214.9642398517053
2631,-5.230802680600832,21.469001673702447,5.23080268060084,125.14521402090237,214.9642398517053
2632,-5.230802680600416,21.469000514981595,5.230802680600839,125.14521402090237,214.9642398517053
2633,89.84210526315786,64.57452117410315,5.230802680600842,125.14521402090237,214.9642398517053
2634,142.6408,99.66218999999947,6.648395066997391,125.14521402090237,214.9642398517053
2635,142.6408,99.66218999999947,8.117676817253859,125.14521402090237,214.9642398517053
2636,142.6408,99.66218999999948,8.224076802944625,125.14521402090237,214.96423985170532
2637,142.6408,99.66218999999948,7.661650048172974,125.14521402090237,214.96423985170532
2638,142.6408,99.66218999999948,7.117991883067951,125.14521402090237,214.96423985170532
2639,142.6408,99.66218999999948,7.320875692016877,125.14521402090237,214.96423985170532
2640,142.6408,99.66218999999948,6.905124044152291,125.14521402090237,214.96423985170532
2641,-5.230802680600835,30.57013843346893,5.230802680600842,125.14521402090234,214.9642398517053
2642,-5.230802680600834,30.570139069365958,5.230802680600842,125.14521402090234,214.9642398517053
2643,-5.230802680600831,30.570137797220973,5.230802680600842,125.14521402090234,214.9642398517053
2644,-5.230802680600826,30.57013843271587,5.230802680600841,125.14521402090234,214.9642398517053
2645,-5.230802680600816,30.570139703794425,5.23080268060084,125.14521402090234,214.9642398517053
2646,-5.230802680600782,30.570138428362313,5.230802680600839,125.14521402090234,214.9642398517053
2647,85.39874761904736,63.83558288623786,5.2308026806008385,125.14521402090234,214.9642398517053
2648,85.39874761904758,63.83558288599603,5.2308026806008385,125.14521402090234,214.9642398517053
2649,85.39874761904758,63.83558302159516,5.2308026806008385,125.14521402090234,214.9642398517053
2650,85.39874761904758,63.83558275019782,5.2308026806008385,125.14521402090234,214.9642398517053
2651,18.55403220581273,37.216997040867675,5.2308026806008385,125.14521402090234,214.9642398517053
2652,-5.23080268060081,30.570139066840063,5.230802680600839,125.14521402090234,214.9642398517053
2653,-5.230802680600836,30.57013779629865,5.23080268060084,125.14521402090234,214.9642398517053
2654,-5.2308026806008385,30.57013843260183,5.23080268060084,125.14521402090234,214.9642398517053
2655,-5.230802680600838,30.57013906973551,5.23080268060084,125.14521402090234,214.9642398517053
2656,-5.230802680600836,30.570137797629037,5.230802680600839,125.14521402090234,214.9642398517053
2657,-5.2308026806008305,30.570138433004512,5.2308026806008385,125.14521402090234,214.9642398517053
2658,-5.2308026806007755,30.570139698409164,5.230802680600838,125.14521402090234,214.9642398517053
2659,89.84210526315779,66.12722454748315,5.2308026806008385,125.14521402090234,214.9642398517053
2660,89.84210526315786,66.12722442961002,5.2308026806008385,125.14521402090234,214.9642398517053
2661,89.8421052631578,66.12722478116552,5.2308026806008385,125.14521402090234,214.9642398517053
2662,85.39874761904765,63.83558288460881,5.2308026806008385,125.14521402090234,214.9642398517053
2663,85.39874761904751,63.83558275115513,5.2308026806008385,125.14521402090234,214.9642398517053
2664,-5.230802680600816,30.570139703716556,5.23080268060084,125.14521402090234,214.9642398517053
2665,142.64079999999998,99.66218999999946,8.535030802929258,125.14521402090236,214.96423985170534
2666,142.64079999999998,99.66218999999946,8.535030802929258,125.14521402090236,214.96423985170534
2667,142.6408,99.66218999999946,8.663457321730467,125.14521402090236,214.96423985170534
2668,142.64079999999998,99.66218999999946,8.224076802944621,125.14521402090236,214.96423985170534
2669,142.6408,99.66218999999947,8.100933500000808,125.14521402090236,214.96423985170534
2670,142.64079999999998,99.66218999999944,7.51400427168581,125.14521402090237,214.9642398517053
2671,142.6408,99.66218999999944,7.905745714151235,125.14521402090237,214.9642398517053
2672,142.6408,99.66218999999947,7.905745714151235,125.14521402090236,214.96423985170534
2673,142.64079999999998,99.66218999999946,7.034056697805983,125.14521402090236,214.96423985170534
2674,142.64079999999998,99.66218999999946,5.8965220835341245,125.14521402090236,214.96423985170534
2675,142.64079999999998,99.66218999999946,5.23080268060093,125.14521402090236,214.96423985170534
2676,142.64079999999998,99.66218999999944,5.59626063160615,125.14521402090236,214.96423985170534
2677,142.64079999999996,99.66218999999944,5.230802680600882,125.14521402090236,214.96423985170534
2678,89.84210526315785,64.1345860047213,5.230802680600846,125.14521402090237,214.9642398517053
2679,142.64079999999996,99.66218999999944,5.23080268060089,125.14521402090236,214.96423985170534
2680,85.3987476190476,61.5054597704852,5.23080268060084,125.14521402090237,214.9642398517053
2681,85.3987476190476,61.50545977035446,5.230802680600839,125.14521402090237,214.9642398517053
2682,142.64079999999998,99.66218999999944,5.2308026806008545,125.14521402090236,214.96423985170534
2683,142.64079999999998,99.66218999999944,5.252135319826225,125.14521402090236,214.96423985170534
2684,142.64079999999998,99.66218999999946,5.230802680600857,125.14521402090236,214.96423985170534
2685,142.64079999999996,99.6621899999994,5.230802680600841,125.14521402090237,214.9642398517053
2686,142.64079999999998,99.66218999999946,5.230802680600906,125.14521402090236,214.96423985170534
2687,89.84210526315789,64.13458614686665,5.230802680600843,125.14521402090237,214.9642398517053
2688,85.39874761904764,61.50545958178495,5.230802680600841,125.14521402090237,214.9642398517053
2689,201.9511448275862,144.03818999999947,9.512924938045611,169.73473126225073,299.1023695068604
2690,201.9511448275862,144.03818999999947,9.660133913221742,169.73473126225073,299.1023695068604
2691,201.9511448275862,144.03818999999947,8.98268281320837,169.73473126225073,299.1023695068604
2692,201.9511448275862,144.03818999999947,9.121204295642606,169.73473126225073,299.1023695068604
2693,201.9511448275862,144.03818999999947,9.21203816827742,169.73473126225073,299.1023695068604
2694,201.9511448275862,144.03818999999947,8.98268281320837,169.73473126225073,299.1023695068604
2695,201.9511448275862,144.03818999999947,8.52328487140409,169.73473126225073,299.1023695068604
2696,201.9511448275862,144.03818999999947,8.016367619230712,169.73473126225073,299.1023695068604
2697,201.9511448275862,144.03818999999947,7.613355857778031,169.73473126225073,299.1023695068604
2698,201.9511448275862,144.03818999999947,7.446393023643249,169.73473126225073,299.1023695068604
2699,85.39874761904751,84.88596134292199,5.230802680580221,169.73473126225073,299.1023695068604
2700,85.39874761904753,84.88596134401219,5.230802680580222,169.73473126225073,299.1023695068604
2701,89.84210526315799,86.29123072237277,5.4346889510455885,169.73473126225073,299.1023695068604
2702,-5.2308026805802195,64.56398030086042,5.230802680580222,169.73473126225073,299.1023695068604
2703,89.84210526315783,86.29123114881797,5.230802680580233,169.73473126225073,299.1023695068604
2704,89.84210526315789,86.29123202522892,5.230802680580235,169.73473126225073,299.1023695068604
2705,-5.230802680580205,64.56398218107455,5.23080268058022,169.73473126225073,299.1023695068604
2706,85.39874761904744,84.8859622625641,5.2308026805802195,169.73473126225073,299.1023695068604
2707,201.9511448275862,144.03818999999947,5.230802680580238,169.73473126225073,299.1023695068604
2708,85.39874761904744,84.88596134067011,5.2308026805802195,169.73473126225073,299.1023695068604
2709,201.9511448275862,144.03818999999947,5.230802680580247,169.73473126225073,299.1023695068604
2710,201.9511448275862,144.03818999999947,7.440408902616016,169.73473126225073,299.1023695068604
2711,201.9511448275862,144.03818999999947,8.586929494026037,169.73473126225073,299.1023695068604
2712,201.9511448275862,144.03818999999947,8.71264946937904,169.73473126225073,299.1023695068604
2713,201.95114482758618,144.03818999999947,9.864889727789421,169.73473126225073,299.1023695068603
2714,201.95114482758618,144.03818999999945,9.859412378016005,169.73473126225073,299.1023695068603
2715,201.95114482758618,144.03818999999947,9.561999218673735,169.73473126225073,299.1023695068603
2716,201.95114482758618,144.03818999999947,9.964584427019766,169.73473126225073,299.1023695068603
2717,201.95114482758618,144.03818999999945,9.957519339147462,169.73473126225073,299.1023695068603
2718,201.95114482758618,144.03818999999947,9.789108167000276,169.73473126225073,299.1023695068603
2719,201.95114482758618,144.03818999999945,9.930825925694721,169.73473126225073,299.1023695068603
2720,201.95114482758618,144.03818999999947,9.4988658015687,169.73473126225073,299.1023695068603
2721,201.95114482758618,144.03818999999945,7.7161362359234555,169.73473126225073,299.1023695068603
2722,201.95114482758618,144.03818999999945,5.230802680580323,169.73473126225073,299.1023695068603
2723,-5.230802680580212,114.92158865289666,5.230802680580217,169.73473126225073,299.1023695068603
2724,-5.230802680580217,114.92158865292083,5.230802680580217,169.73473126225073,299.1023695068603
2725,-5.230802680580217,114.9215886530012,5.230802680580218,169.73473126225073,299.1023695068603
2726,-5.230802680580218,114.92158865301981,5.230802680580218,169.73473126225073,299.1023695068603
2727,-5.230802680580218,114.92158865296894,5.230802680580218,169.73473126225073,299.1023695068603
2728,-5.230802680580217,114.92158865294772,5.230802680580217,169.73473126225073,299.1023695068603
2729,-5.230802680580217,114.92158865289207,5.230802680580217,169.73473126225073,299.1023695068603
2730,-5.230802680580216,114.92158865299942,5.230802680580217,169.73473126225073,299.1023695068603
2731,-5.230802680580215,114.92158865295895,5.230802680580217,169.73473126225073,299.1023695068603
2732,89.84210526315789,117.6057185716222,5.230802680580217,169.73473126225073,299.1023695068603
2733,201.95114482758618,144.03818999999947,5.890181261970357,169.73473126225073,299.1023695068603
2734,201.95114482758618,144.03818999999947,8.252135100594183,169.73473126225073,299.1023695068603
2735,201.95114482758618,144.03818999999945,9.160237613463549,169.73473126225073,299.1023695068603
2736,201.95114482758618,144.03818999999945,9.212038168277413,169.73473126225073,299.1023695068603
2737,201.95114482758618,144.03818999999947,9.991354107368586,169.7347312622507,299.1023695068603
2738,201.95114482758618,144.03818999999947,9.995569586688452,169.7347312622507,299.1023695068603
2739,201.95114482758618,144.03818999999947,10.00025371162346,169.7347312622507,299.1023695068603
2740,201.95114482758618,144.03818999999945,9.999889066366167,169.7347312622507,299.1023695068603
2741,201.95114482758618,144.03818999999945,9.999119464014747,169.7347312622507,299.1023695068603
2742,201.95114482758618,144.03818999999945,9.9949941182944,169.7347312622507,299.1023695068603
2743,201.95114482758618,144.03818999999947,9.96882763975571,169.7347312622507,299.1023695068603
2744,201.95114482758618,144.03818999999945,9.940692088641054,169.7347312622507,299.1023695068603
2745,201.95114482758618,144.03818999999945,9.842099792719539,169.7347312622507,299.1023695068603
2746,201.95114482758618,144.03818999999945,8.67171909097159,169.7347312622507,299.1023695068603
2747,201.95114482758618,144.03818999999947,6.4916926569399465,169.7347312622507,299.1023695068603
2748,89.84210526315789,103.63291532564811,5.230802680580223,169.73473126225068,299.1023695068603
2749,-5.230802680580212,95.80987998247845,5.230802680580219,169.73473126225068,299.1023695068603
2750,-5.230802680580217,95.80987921259887,5.230802680580219,169.73473126225068,299.1023695068603
2751,-5.230802680580217,95.80987921243755,5.230802680580219,169.73473126225068,299.1023695068603
2752,-5.230802680580207,95.80988075273147,5.230802680580218,169.73473126225068,299.1023695068603
2753,-5.2308026805801955,95.80988229253931,5.230802680580218,169.73473126225068,299.1023695068603
2754,201.95114482758615,144.03818999999947,5.230802680580227,169.7347312622507,299.1023695068603
2755,201.95114482758618,144.03818999999945,7.291104634995535,169.7347312622507,299.1023695068603
2756,201.95114482758618,144.03818999999945,9.130172877247396,169.7347312622507,299.1023695068603
2757,201.95114482758618,144.03818999999947,9.750614184795221,169.7347312622507,299.1023695068603
2758,201.95114482758618,144.03818999999947,9.487063527090111,169.7347312622507,299.1023695068603
2759,201.95114482758618,144.03818999999947,9.698572428593637,169.7347312622507,299.1023695068603
2760,201.95114482758618,144.03818999999947,9.585253688471246,169.7347312622507,299.1023695068603
2761,201.95114482758623,144.03818999999945,7.625298472398267,169.73473126225076,299.1023695068604
2762,201.95114482758623,144.03818999999945,7.514004271685801,169.73473126225076,299.1023695068604
2763,201.95114482758623,144.03818999999945,7.240906385325018,169.73473126225076,299.1023695068604
2764,201.95114482758623,144.03818999999945,6.772502846094222,169.73473126225076,299.1023695068604
2765,201.95114482758623,144.03818999999945,6.9914859033645,169.73473126225076,299.1023695068604
2766,201.95114482758623,144.03818999999945,7.514004271685802,169.73473126225076,299.1023695068604
2767,201.95114482758623,144.03818999999945,6.948506041028557,169.73473126225076,299.1023695068604
2768,201.95114482758623,144.03818999999945,7.117991883067942,169.73473126225076,299.1023695068604
2769,201.95114482758623,144.03818999999945,5.896522083534109,169.73473126225076,299.1023695068604
2770,201.95114482758623,144.03818999999945,6.529757718166648,169.73473126225076,299.1023695068604
2771,89.842105263158,102.5109404975175,5.230802680580234,169.73473126225076,299.1023695068604
2772,89.84210526315786,102.51094151143677,5.230802680580222,169.73473126225076,299.1023695068604
2773,-5.230802680580215,94.08285430685298,5.2308026805802195,169.73473126225076,299.1023695068604
2774,-5.230802680580218,94.08285352311869,5.2308026805802195,169.73473126225076,299.1023695068604
2775,-5.230802680580219,94.08285352315335,5.2308026805802195,169.73473126225076,299.1023695068604
2776,-5.230802680580217,94.08285352308103,5.2308026805802195,169.73473126225076,299.1023695068604
2777,-5.230802680580206,94.08285509545983,5.230802680580219,169.73473126225076,299.1023695068604
2778,201.95114482758623,144.03818999999945,5.230802680580267,169.73473126225076,299.1023695068604
2779,201.95114482758623,144.03818999999945,6.238860342186297,169.73473126225076,299.1023695068604
2780,201.95114482758623,144.03818999999945,8.264564172767107,169.73473126225076,299.1023695068604
2781,201.95114482758623,144.03818999999945,7.588579428853962,169.73473126225076,299.1023695068604
2782,201.95114482758623,144.03818999999945,7.69762028946977,169.73473126225076,299.1023695068604
2783,201.95114482758623,144.03818999999945,6.991485903364501,169.73473126225076,299.1023695068604
2784,201.95114482758623,144.03818999999945,7.32087569201687,169.73473126225076,299.1023695068604
2785,201.9511448275862,144.03818999999945,9.296382421433858,169.7347312622507,299.1023695068604
2786,201.9511448275862,144.03818999999945,9.359358077119838,169.7347312622507,299.1023695068604
2787,201.9511448275862,144.03818999999945,9.62925968722045,169.7347312622507,299.1023695068604
2788,201.9511448275862,144.03818999999945,9.63974985203966,169.7347312622507,299.1023695068604
2789,201.9511448275862,144.03818999999945,9.48706352709012,169.7347312622507,299.1023695068604
2790,201.9511448275862,144.03818999999945,9.389379500561464,169.7347312622507,299.1023695068604
2791,201.9511448275862,144.03818999999945,9.500105166234162,169.7347312622507,299.1023695068604
2792,201.9511448275862,144.03818999999945,9.596561989079406,169.7347312622507,299.1023695068603
2793,201.9511448275862,144.03818999999945,9.512924938045611,169.7347312622507,299.1023695068603
2794,201.9511448275862,144.03818999999945,9.46030771345011,169.7347312622507,299.1023695068603
2795,201.9511448275862,144.03818999999945,9.137591716221054,169.7347312622507,299.1023695068604
2796,201.9511448275862,144.03818999999945,8.22188756183808,169.7347312622507,299.1023695068604
2797,201.9511448275862,144.03818999999945,6.99321717215922,169.7347312622507,299.1023695068604
2798,201.9511448275862,144.03818999999945,5.719929429201591,169.7347312622507,299.1023695068604
2799,201.9511448275862,144.03818999999947,5.955594136541276,169.7347312622507,299.1023695068604
2800,201.9511448275862,144.03818999999945,7.612322294725925,169.7347312622507,299.1023695068604
2801,201.9511448275862,144.03818999999945,8.605120559404405,169.7347312622507,299.1023695068604
2802,201.9511448275862,144.03818999999945,9.386558598147628,169.7347312622507,299.1023695068604
2803,201.951144827587,144.03819000000004,9.900145100605847,169.73473126225073,299.10236950686044
2804,201.95114482758723,144.0381900000003,9.916044014660708,169.7347312622508,299.10236950686055
2805,201.95114482758694,144.03819000000001,9.870221477125867,169.73473126225073,299.1023695068604
2806,201.95114482758623,144.03818999999947,9.875414559379397,169.7347312622507,299.1023695068604
2807,201.9511448275862,144.03818999999945,9.899299964403987,169.7347312622507,299.1023695068604
2808,201.9511448275862,144.03818999999945,9.870221477125865,169.7347312622507,299.1023695068604
2809,-5.230802680580203,48.52428740989238,5.230802680580226,169.73473126225073,299.1023695068604
2810,-5.230802680580195,48.52428830933494,5.230802680580226,169.73473126225073,299.1023695068604
2811,-5.23080268058017,48.52428562323105,5.230802680580225,169.73473126225073,299.1023695068604
2812,89.84210526315749,79.44965242967878,5.23080268058023,169.73473126225073,299.1023695068604
2813,89.84210526315793,79.44965245841405,5.230802680580242,169.73473126225073,299.1023695068604
2814,201.95114482758615,144.03818999999942,5.230802680580282,169.73473126225073,299.1023695068604
2815,201.95114482758615,144.03818999999942,5.230802680580268,169.73473126225073,299.1023695068604
2816,201.95114482758615,144.03818999999942,5.404593673694283,169.73473126225073,299.1023695068604
2817,201.95114482758615,144.03818999999942,5.230802680580244,169.73473126225073,299.1023695068604
2818,201.95114482758612,144.03818999999942,5.230802680580233,169.73473126225073,299.1023695068604
2819,201.95114482757944,144.03818999999442,5.230802680580231,169.73473126225073,299.1023695068604
2820,89.84210526315782,79.4496521001601,5.230802680580226,169.73473126225073,299.1023695068604
2821,85.39874761904763,77.5954028888111,5.230802680580224,169.73473126225073,299.1023695068604
2822,-5.23080268058021,48.524286519834504,5.230802680580223,169.73473126225073,299.1023695068604
2823,-5.230802680580215,48.5242865197965,5.230802680580223,169.73473126225073,299.1023695068604
2824,-5.2308026805797985,48.5242892163337,5.230802680580222,169.73473126225073,299.1023695068604
2825,89.84210526315786,79.44965245555758,5.230802680580224,169.73473126225073,299.1023695068604
2826,201.95114482758615,144.03818999999942,6.6483950669973915,169.73473126225073,299.1023695068604
2827,201.9511448275862,144.03818999999942,8.117676817253859,169.73473126225073,299.1023695068604
2828,201.9511448275862,144.03818999999942,8.224076802944623,169.73473126225073,299.1023695068604
2829,201.9511448275862,144.03818999999942,7.661650048172976,169.73473126225073,299.1023695068604
2830,201.95114482758615,144.03818999999945,7.117991883067951,169.73473126225073,299.1023695068604
2831,201.95114482758615,144.03818999999942,7.320875692016877,169.73473126225073,299.1023695068604
2832,201.95114482758615,144.03818999999942,6.905124044152293,169.73473126225073,299.1023695068604
2833,-5.230802680580216,62.61719903702841,5.230802680580225,169.73473126225073,299.1023695068604
2834,-5.230802680580215,62.61719903713358,5.230802680580225,169.73473126225073,299.1023695068604
2835,-5.230802680580213,62.61719997940204,5.230802680580225,169.73473126225073,299.1023695068604
2836,-5.230802680580209,62.61719809479963,5.230802680580224,169.73473126225073,299.1023695068604
2837,-5.230802680580197,62.61719903757775,5.230802680580222,169.73473126225073,299.1023695068604
2838,-5.230802680580164,62.61719998625844,5.230802680580222,169.73473126225073,299.1023695068604
2839,85.39874761904734,83.9533158876919,5.230802680580221,169.73473126225073,299.1023695068604
2840,85.39874761904758,83.95331636106563,5.230802680580221,169.73473126225073,299.1023695068604
2841,85.3987476190476,83.95331454861852,5.230802680580221,169.73473126225073,299.1023695068604
2842,85.39874761904758,83.95331454535679,5.230802680580221,169.73473126225073,299.1023695068604
2843,20.39016448773349,67.31913042635912,5.230802680580221,169.73473126225073,299.1023695068604
2844,-5.230802680580191,62.61719904268993,5.230802680580222,169.73473126225073,299.1023695068604
2845,-5.230802680580218,62.61719809619521,5.230802680580222,169.73473126225073,299.1023695068604
2846,-5.23080268058022,62.61719715395291,5.230802680580223,169.73473126225073,299.1023695068604
2847,-5.23080268058022,62.617197153917886,5.230802680580223,169.73473126225073,299.1023695068604
2848,-5.230802680580219,62.61719809490829,5.230802680580222,169.73473126225073,299.1023695068604
2849,-5.230802680580212,62.61719715211422,5.230802680580221,169.73473126225073,299.1023695068604
2850,-5.230802680580157,62.61719809604392,5.23080268058022,169.73473126225073,299.1023695068604
2851,89.84210526315782,85.40731417771953,5.230802680580221,169.73473126225073,299.1023695068604
2852,89.84210526315789,85.40731290092383,5.230802680580221,169.73473126225073,299.1023695068604
2853,89.84210526315783,85.40731332463902,5.230802680580221,169.73473126225073,299.1023695068604
2854,85.39874761904764,83.95331500241383,5.230802680580221,169.73473126225073,299.1023695068604
2855,85.39874761904751,83.95331544687427,5.230802680580221,169.73473126225073,299.1023695068604
2856,-5.230802680580199,62.61719903748078,5.230802680580222,169.73473126225073,299.1023695068604
2857,201.9511448275862,144.03818999999945,8.53503080292926,169.73473126225073,299.1023695068604
2858,201.9511448275862,144.03818999999945,8.53503080292926,169.73473126225073,299.1023695068604
2859,201.9511448275862,144.03818999999945,8.66345732173047,169.73473126225073,299.1023695068604
2860,201.9511448275862,144.03818999999945,8.224076802944623,169.73473126225073,299.1023695068604
2861,201.9511448275862,144.03818999999945,8.100933500000808,169.73473126225073,299.1023695068604
2862,201.9511448275862,144.03818999999945,7.5140042716858115,169.73473126225073,299.1023695068604
2863,201.9511448275862,144.03818999999945,7.905745714151236,169.73473126225073,299.1023695068604
2864,201.9511448275862,144.03818999999945,7.905745714151237,169.73473126225073,299.1023695068604
2865,201.9511448275862,144.03818999999945,7.034056697805985,169.73473126225073,299.1023695068604
2866,201.95114482758618,144.03818999999945,5.896522083534126,169.73473126225073,299.1023695068604
2867,201.95114482758618,144.03818999999945,5.230802680580313,169.73473126225073,299.1023695068604
2868,201.95114482758618,144.03818999999945,5.596260631606151,169.73473126225073,299.1023695068604
2869,201.95114482758615,144.03818999999942,5.230802680580265,169.73473126225073,299.1023695068604
2870,89.84210526315786,77.69222520996422,5.230802680580228,169.73473126225073,299.1023695068603
2871,201.95114482758615,144.03818999999942,5.230802680580273,169.73473126225073,299.1023695068604
2872,85.39874761904761,75.72092988448638,5.230802680580223,169.73473126225073,299.1023695068603
2873,85.39874761904761,75.72092988501137,5.230802680580222,169.73473126225073,299.1023695068603
2874,201.95114482758618,144.03818999999945,5.230802680580237,169.73473126225073,299.1023695068604
2875,201.9511448275862,144.03818999999945,5.252135319826226,169.73473126225073,299.1023695068604
2876,201.95114482758618,144.03818999999945,5.23080268058024,169.73473126225073,299.1023695068604
2877,201.95114482758615,144.0381899999994,5.230802680580224,169.73473126225073,299.1023695068604
2878,201.95114482758618,144.03818999999945,5.230802680580288,169.73473126225073,299.1023695068604
2879,89.84210526315789,77.69222521202285,5.230802680580226,169.73473126225073,299.1023695068603
2880,85.39874761904764,75.72092953647113,5.230802680580224,169.73473126225073,299.1023695068603
