iter,rho,price_mean,imb_mean,primal_res,dual_res
1,1.0,493.6117656856699,-416.6117656856699,22358.018892845637,Inf
2,1.0,-551.4216828797657,1045.0334485654357,56162.095558357476,29003.73091978544
3,1.05,1007.3220374960446,-1746.4915634462855,93778.13564999524,51334.13892460639
4,1.1025,-883.7013988030824,2373.998617547884,127602.95678138212,69244.12190104074
5,1.1576250000000001,1160.666579454244,-2875.6392018765837,154656.39118743548,81486.18651360895
6,1.2155062500000002,-613.4588571947613,2307.4543856459522,124652.56040452275,86103.98673836463
7,1.2762815625000004,1109.1425931237666,-2071.6056490616375,115096.48872544807,69076.0851158618
8,1.3400956406250004,-490.51295982625584,2155.46279628314,125960.07070466813,80023.08321421329
9,1.4071004226562505,722.7049571373516,-1511.5633209595314,96839.36471449496,65981.34683946903
10,1.477455443789063,-204.64641059392562,1068.3297503613258,78759.06241654904,55993.70243858347
11,1.5513282159785162,585.7875627536345,-841.9767131282264,70742.89036523587,51652.0248793022
12,1.628894626777442,-198.73407074095545,795.8846100106813,70820.314111447,50856.89910048252
13,1.7103393581163142,608.8999899696911,-780.3159967586838,71429.89892723545,56164.939531123506
14,1.79585632602213,-233.62110382033367,775.2599835959616,71005.20337401518,54544.408603434895
15,1.8856491423232367,634.3803192298741,-760.6725123703368,70356.92837704736,60793.150627183684
16,1.8856491423232367,-124.80280435653965,782.7172502013875,72374.62656048754,56484.61674012445
17,1.9799315994393987,383.25564311985204,-484.3346196338237,44712.008407807516,49423.27881875076
18,1.9799315994393987,35.91135035254035,321.4806064088702,30066.68848004258,30238.039624878733
19,1.9799315994393987,300.0766614250207,-244.4952347400739,22760.759360613716,30702.247609723396
20,1.8856491423232367,105.49920751242657,183.58584894884697,18095.647263441777,22458.884769518325
21,1.79585632602213,241.2508862359839,-158.22032347370913,16033.448380526937,24398.61133469026
22,1.7103393581163142,187.09240815307072,64.34807884184245,8232.956276790559,19085.674076324533
23,1.628894626777442,213.05073306000483,-32.38434344322127,3714.524798246674,18890.82932120612
24,1.5513282159785162,225.68093214171967,-16.06277970252461,2600.983998745824,17500.47577528426
25,1.477455443789063,239.7424140554691,-18.230294059253396,1785.0080979309646,16914.95209232972
26,1.4071004226562505,257.2790876176102,-23.17724830949767,2401.9842988557143,16182.430179000155
27,1.3400956406250004,269.3356102902475,-16.243843524349167,2529.588560369418,15470.5822894879
28,1.2762815625000004,277.6517153261275,-11.421910965952945,1834.8252761044178,15027.820322995978
29,1.2155062500000002,287.2272117787383,-13.407017571568627,2318.263553311629,14602.02095337888
30,1.1576250000000001,298.07769509655276,-15.487168974849768,2309.1910498602642,14075.692324867909
31,1.1025,307.64853864482444,-13.925963244689594,2161.520238432409,13718.531079052376
32,1.05,313.1201902573866,-8.359547390255647,2119.0225042601883,13464.719618567655
33,1.0,311.40013174905937,2.759286813953921,1575.3068379563422,13318.736706201125
34,0.9523809523809523,309.23894015923395,3.640291768408924,1228.0479598542352,13249.203447038244
35,0.9070294784580498,310.8482258527755,-2.846199737837832,1151.7890366687009,13165.143794060852
36,0.863837598531476,313.4066787424145,-4.7511522482514215,754.3637589883921,13116.859697408587
37,0.8227024747918819,313.6374993140277,-0.4500754601791725,784.5492013988141,13072.54143696266
38,0.7835261664684589,312.31422374393185,2.709258320615997,584.6123007239722,13029.908080541141
39,0.7462153966366274,311.7366802791385,1.241578244556698,518.3580432012558,12992.78869840445
40,0.7106813301301212,312.1949633123397,-1.0344571317752578,485.03295181341053,12955.297996384204
41,0.6768393620286869,312.3170068429155,-0.2892562696346183,636.1802204670026,12919.291807697893
42,0.644608916217797,311.4877255250063,2.063760039821381,802.1513725805866,12881.023096765311
43,0.6139132535407591,310.66687821088914,2.1449096242011794,933.8542577422867,12839.449908877748
44,0.5846792890864372,310.55302218832384,0.31238626001707137,1274.89841769598,12786.816708388784
45,0.5568374181775592,310.11024838205066,1.2755783380778691,1669.1049691640292,12723.767016965914
46,0.5303213506452944,308.52960563974557,4.781324672884271,2164.0590437508154,12644.958527538489
47,0.5050679529955184,305.5052271500988,9.605941849440569,3083.122020840281,12522.233349571345
48,0.48101709809096993,300.70810861681696,15.998289871784447,4203.3790462346315,12327.379007702173
49,0.45811152199139993,294.0445457157071,22.65435427088469,5392.084000770876,12066.29346491475
50,0.43629668761085705,284.73774079284834,32.25506128511306,6723.149421682899,11702.03394162932
51,0.4155206548674829,273.7039520795218,38.9828869306374,7920.344357064499,11275.514778827403
52,0.3957339570166504,260.78550713257636,46.52770679028129,8929.459960316977,10747.35983396368
53,0.37688948287300034,246.86226004572495,51.12037299482127,10106.669109258195,10154.647672725725
54,0.37688948287300034,234.48700168555985,53.45506136207472,10510.463038801976,9513.459019697193
55,0.37688948287300034,222.2682743221915,62.0928518125996,10945.473652896168,8775.806418057435
56,0.3957339570166504,209.54488722485019,72.44528875297696,11351.373767756819,8060.375538628256
57,0.4155206548674829,196.43263486469618,71.10422504156053,11291.51675430586,7420.463204675047
58,0.43629668761085705,184.99331178504065,57.357724078111026,10513.382485308603,6859.877737127453
59,0.45811152199139993,175.65229049796216,43.30713188770372,9618.681575277344,6319.908014467899
60,0.48101709809096993,168.03579579249768,32.65078908541517,8604.445980116563,5833.948558542845
61,0.5050679529955184,162.64819000463723,21.355405584702,7781.071581438534,5349.47742869569
62,0.5303213506452944,159.95791126729713,9.860132900098307,6851.7454356037815,4918.869564667844
63,0.5568374181775592,158.78459550924802,3.9762517120264667,5972.63474339416,4562.460995817851
64,0.5846792890864372,157.7364028789036,3.2845323510963857,5125.879559272626,4264.7493789466525
65,0.6139132535407591,156.23620741985013,4.346640924706162,4642.244868648187,3961.6254613033425
66,0.6139132535407591,154.3335482779487,5.3521673647254335,4342.578657797071,3668.494824030894
67,0.6139132535407591,152.01146331610855,6.341756674018038,4051.60436929905,3379.45569352973
68,0.6139132535407591,149.8112519622672,5.8338954990348535,3812.1749911208503,3081.1595827373935
69,0.644608916217797,148.84414503269323,2.371058205769659,3542.9163740881327,2840.0665537907594
70,0.6768393620286869,149.295581908979,-1.0233830712642802,3105.393881792345,2672.334204247084
71,0.6768393620286869,149.8694789319647,-1.2631006064410162,2839.5384625678944,2509.281322071626
72,0.6768393620286869,149.7125363174808,0.33535719636739453,2742.566409328471,2297.761494863875
73,0.6768393620286869,148.7305842758509,2.0371349499099396,2542.4870974513165,2113.9504873378064
74,0.7106813301301212,147.10663843740974,3.115118264703079,2224.1030104293127,2015.8331616291237
75,0.7106813301301212,145.75322356442646,2.5205581349117474,2070.23969803663,1917.629513916185
76,0.7106813301301212,145.31659438894923,0.8131647155339377,2033.264037043752,1747.199881285805
77,0.7106813301301212,145.77559320948876,-0.8299274299635894,1825.0576441349522,1621.5040891791155
78,0.7106813301301212,146.2019436793852,-0.7484418617620545,1635.9605938513478,1548.5597634928758
79,0.7106813301301212,145.73071695907538,0.8272203944007632,1610.7810118964862,1423.4167595871775
80,0.7106813301301212,144.2311797866279,2.5557086084796268,1513.2408544415505,1281.9602594102364
81,0.7106813301301212,142.5991388545889,2.700523257132645,1334.4519961335288,1217.5935886901673
82,0.7106813301301212,142.25765795934075,0.5650453253840327,1314.5592679156173,1115.584675166351
83,0.7106813301301212,142.96923185083426,-1.1431406150878236,1262.466476482799,967.356981046952
84,0.7462153966366274,144.22839306836093,-1.8703998776023456,1020.6078419602117,909.5653656464023
85,0.7462153966366274,144.87492769244065,-0.9324116466388859,956.0753685497049,864.2429570246752
86,0.7462153966366274,144.61902612091305,0.358303978197234,936.0856940949117,734.0872961507235
87,0.7835261664684587,144.50791752691143,0.1438466675948004,740.4589842596596,706.9107671428733
88,0.7835261664684587,145.08630687596104,-0.738187662138412,698.4064123604927,711.05429245765
89,0.7835261664684587,146.3516782450317,-1.614970148060239,694.1841892127469,601.0132317650371
90,0.7835261664684587,147.08523832371108,-0.936229203404505,547.9603173809259,584.4648805024428
91,0.7835261664684587,147.29766447358105,-0.27111557847191337,533.1891237704991,575.0267468125005
92,0.7835261664684587,146.8718284758955,0.5434866324948536,509.67949418568827,518.7127399607151
93,0.7835261664684587,146.7961667587926,0.09656565452552278,404.1156972520316,523.1668529965893
94,0.7462153966366274,146.83224343154595,-0.04834619188500192,430.68879708403426,501.0653904434806
95,0.7462153966366274,147.1727887740206,-0.4563633288854724,398.58946116834187,453.66541398255146
96,0.7462153966366274,147.05306316955813,0.188757365425106,314.00877624150417,469.43618221997696
97,0.7106813301301212,146.85558920571975,0.3173794380132356,370.82245157652153,448.85243482481144
98,0.6768393620286869,146.45844457964677,0.6506833706820488,335.99221249535526,425.4201133891207
99,0.644608916217797,146.25138260184724,0.41907499523542385,262.45725480485515,436.49671193202676
100,0.6139132535407591,146.15427844786439,0.20034627587423287,337.87255523470543,418.2166809701467
101,0.5846792890864372,146.16062473535456,-0.013347971831993198,325.66993823850504,392.7854879722023
102,0.5568374181775592,146.30100732259555,-0.31002597412306065,251.26055976027675,395.9770330287701
103,0.5303213506452944,146.29462961652024,0.01478899417939156,296.83993690281784,388.52589010730895
104,0.5050679529955184,146.2550365941475,0.09359332306720165,313.18362156367635,371.1129179267655
105,0.5050679529955184,146.24372913950185,0.0267295142502155,243.96893808751827,370.0717814864102
106,0.48101709809096993,145.07995755481235,3.3983204925415356,459.69467157542437,312.54982238960207
107,0.5050679529955184,144.460231339122,1.6732850455002117,443.41574030182665,291.51854506748765
108,0.5303213506452944,144.31159095980436,0.3710909326246017,266.0184411496878,301.922260692247
109,0.5303213506452944,144.55810200261445,-0.7240373847157637,265.9489050673892,321.18674687506143
110,0.5050679529955184,145.23644305257392,-2.4611783422966487,389.4038800948055,279.71564853412315
111,0.5303213506452944,145.9582544074004,-2.421542922109665,376.5938893187525,247.7314510844819
112,0.5568374181775592,146.2488410924994,-0.9014001969769571,221.0897423116514,253.62211413488146
113,0.5568374181775592,146.05876301690657,0.6936733959924903,192.87909441160596,258.73450437636956
114,0.5303213506452944,145.75456674895756,1.3713467043182603,311.28520701564685,233.3245200369885
115,0.5568374181775592,145.48821477891448,1.3453679395409883,334.1007529486643,217.79610147752075
116,0.5846792890864372,145.29228484755023,0.9150807581973313,266.03577844522863,220.7261817731033
117,0.6139132535407591,145.234295424618,0.25042685545575416,166.14820584305025,231.2384275135822
118,0.5846792890864372,145.3952618192306,-0.7298886813930267,152.0135709753108,230.6648255597926
119,0.5568374181775592,145.70207394383561,-1.4182278346212123,215.71113982947276,216.51313826171543
120,0.5568374181775592,145.96745308582038,-1.4431828076248345,227.60297755040855,201.98870651064897
121,0.5568374181775592,146.1854868631662,-1.151174378648244,189.3082979052791,196.8572430804426
122,0.5568374181775592,146.28600686599128,-0.5307253454145956,127.4559147863537,197.1006598716826
123,0.5303213506452944,146.2760187292183,0.05537211549339444,118.25637019741055,195.07558442843978
124,0.5050679529955184,146.1900787277098,0.4856843019530724,160.7113295281292,189.94190523699135
125,0.5050679529955184,146.06201155414962,0.7237632615995548,175.16532480196202,186.90750979456988
126,0.5050679529955184,145.9278430400338,0.7582445889992543,151.2717580417536,189.62486440057506
127,0.48101709809096993,145.85840845746816,0.4847355950318208,124.42677155138836,197.3554424672648
128,0.45811152199139993,145.86938476345844,-0.08045899204388149,138.11210533756338,197.80466551356372
129,0.43629668761085705,145.94473341978573,-0.5799401722763579,166.28374681554646,195.71989828642774
130,0.43629668761085705,146.02328865561353,-0.6046204301409039,176.72342568809924,194.32522527543108
131,0.43629668761085705,146.05998031890152,-0.28240675501755846,167.9499828726917,195.08970092843074
132,0.43629668761085705,146.04042153670122,0.15053916116915889,162.7114153814358,198.24374213120416
133,0.4155206548674829,145.99275831438797,0.3851947684574927,162.13075848590802,199.60963793697792
134,0.3957339570166504,145.93206263655543,0.515043659578326,167.06985352874833,199.5759516087681
135,0.3957339570166504,145.8393007845314,0.7871467201924074,178.00570498221273,201.19844022119668
136,0.3957339570166504,145.7230396159557,0.9865542303569123,174.19137687535795,203.46470203505888
137,0.3957339570166504,145.6202148072869,1.026514914355616,159.59927786245805,207.90285105311378
138,0.37688948287300034,145.56180331588234,0.6122868718789378,148.68432438039304,208.84960511268065
139,0.3589423646409527,145.5617664336181,0.00040594157007289606,178.7984431558915,207.35193102375544
140,0.3589423646409527,145.58271254248652,-0.23054160281031655,204.82682052843646,204.8568659325554
141,0.3589423646409527,145.5996653416362,-0.2195171434877615,214.5009245778516,203.24535959973187
142,0.3589423646409527,145.61013421449482,-0.13555856146050646,215.67216997102184,203.0223726798025
143,0.3589423646409527,145.61184490124683,-0.022151213253423504,215.0468378031014,203.25901823467802
144,0.3589423646409527,145.59174598438057,0.26025535834678765,217.6206144461387,205.0330008982655
145,0.3589423646409527,145.54844733576303,0.6596027266118686,226.52637343932435,207.5162668647238
146,0.3589423646409527,145.48379376862795,1.1587284382551313,265.96545667564726,211.39548626590425
147,0.37688948287300034,145.38227732656497,1.7956889517338026,308.1746647287798,217.00154572815424
148,0.3957339570166504,145.24026934668265,2.3923139500575936,336.00667686911845,225.78490238305875
149,0.4155206548674829,145.06434761711157,2.8225107867328454,343.0539212213654,237.82624970798693
150,0.43629668761085705,144.86802670489362,2.9998075131399933,339.82460025826197,251.49968055417423
151,0.45811152199139993,144.6579710233959,2.9678007073569037,329.6273494879725,266.2766278869134
152,0.48101709809096993,144.44538376918067,2.7772245789530423,316.0077172385318,281.47813140218693
153,0.48101709809096993,144.26594174635267,2.275939478800317,297.80175959136443,293.1402164208562
154,0.48101709809096993,144.13990861981856,1.598531736295955,282.57652310110626,301.9068509557598
155,0.48101709809096993,144.06604275765176,0.936872139488499,277.15155138183417,307.51139011151486
156,0.48101709809096993,144.03383582592065,0.4084942103456926,280.450600523783,311.08110979823954
157,0.48101709809096993,144.03045389733202,0.042894438370328754,287.3122597025913,313.5185402462781
158,0.48101709809096993,144.04026688244937,-0.12446226297153232,290.5763468378277,315.4373528311204
159,0.48101709809096993,144.0483904911366,-0.10303518334325625,290.2662405740188,317.81747078094526
160,0.48101709809096993,144.04238588637722,0.07615895547257358,286.76361934462216,320.9822055118925
161,0.48101709809096993,144.01496089199173,0.34784286558978644,260.8828766153539,325.34844393433195
162,0.45811152199139993,143.980037388021,0.46509713377633755,247.4532361687761,327.3158884640065
163,0.43629668761085705,143.94845681862526,0.4416061440267518,254.86164266266823,327.63684798519046
164,0.4155206548674829,143.9212499014459,0.39946964596113893,283.517868835828,327.08531032225676
165,0.4155206548674829,143.88185347714838,0.5784439141896439,313.00481850015944,328.19603966544946
166,0.4155206548674829,143.83430815602958,0.7628232285093001,394.0627496188061,331.29701499163804
167,0.4155206548674829,143.78870950732198,0.7315905667337825,434.51972896883876,332.4874755671056
168,0.43629668761085705,143.7362100248569,0.7788334982853083,420.37541137347995,338.85827834180094
169,0.45811152199139993,143.65897090756448,1.0594985789841767,373.7542610252913,351.0553955456482
170,0.45811152199139993,143.5689644851432,1.19866921499792,311.0480790546873,362.5680762117775
171,0.45811152199139993,143.48647745894607,1.2003922223799341,251.45609003143502,373.3132709853262
172,0.43629668761085705,143.42610145400644,0.9225527285143373,211.9299310767325,377.8051187559441
173,0.4155206548674829,143.3945839244757,0.5056712851145774,207.6425049297134,378.52083943342285
174,0.3957339570166504,143.39082053568742,0.06339930689239763,227.22333881292752,376.5261931159101
175,0.37688948287300034,143.40821248293153,-0.3076400914054849,250.3773631258231,372.9251164164271
176,0.3589423646409527,143.43953356764845,-0.5817291354135877,262.35558726362297,368.9526381318401
177,0.3418498710866216,143.47890554485488,-0.7678219892519444,264.30684111641057,365.16877697847644
178,0.3255713057967825,143.52085818062037,-0.8590567825133205,258.8999911031552,361.74152896849364
179,0.31006791028265,143.56118457029072,-0.8670442470403064,285.427979142935,357.1596471316887
180,0.2953027716977619,143.58963637210715,-0.6423193310560945,511.50546773986423,355.2797937345738
181,0.31006791028265,143.60116708690512,-0.24791805097367564,640.4655411856041,352.3407047276577
182,0.3255713057967825,143.59386112679124,0.14960286699740347,640.0836441528802,352.67785274573157
183,0.3418498710866216,143.5574512344192,0.6893749383329442,567.311044759497,359.9264024401365
184,0.35894236464095275,143.47484827778146,1.4461227702854293,464.7298842358498,373.66196441191784
185,0.3768894828730004,143.33983314148452,2.1855739588295187,366.4351432173118,390.1681254715776
186,0.3768894828730004,143.1991877838113,2.487826698356435,294.4491258523834,404.0864135603415
187,0.35894236464095275,143.09057301398914,2.017311236597981,264.36248112447504,408.06154939420503
188,0.3418498710866216,143.02782039119018,1.2237852169723185,288.2869691294198,408.6134308681369
189,0.3255713057967825,143.00932041307226,0.3788208151544043,325.6023048445659,405.79523815033014
190,0.31006791028265,143.0276034885624,-0.39309830489412717,344.00661450889135,401.19684415694854
191,0.31006791028265,143.05600702888435,-0.6106950419574052,322.4609314242847,399.5014752678406
192,0.2953027716977619,143.0900623205799,-0.7688220353139946,289.32458470912695,396.5195652788313
193,0.2812407349502494,143.12685573800772,-0.8721689962946882,275.6990739636837,393.9413308884836
194,0.26784831900023753,143.16377641956925,-0.918945013340855,277.48215611577893,391.59483985121216
195,0.25509363714308336,143.19959266326114,-0.9360286701776798,296.85855277382745,389.6389788235293
196,0.2429463210886508,143.23261919085868,-0.9062777722409472,317.6784083185545,387.73368130249645
197,0.2313774486558579,143.2601309493123,-0.7926948978376296,336.4736548106112,386.19504232060024
198,0.2313774486558579,143.2627135207439,-0.07441149937872235,351.57650777718993,386.2568497759635
199,0.2313774486558579,143.21052718769366,1.5036421614225415,460.2946185289009,383.8444666525367
200,0.2313774486558579,143.10785952170386,2.95815824132811,582.2509509268705,387.2444668788985
201,0.2429463210886508,142.97714732674527,3.586860789463646,607.7728756727117,394.20463266038433
202,0.25509363714308336,142.8501876828805,3.317987995483957,752.0041301313056,401.75746149549946
203,0.26784831900023753,142.74548297547668,2.6060696789052744,853.8807489667884,405.7292735177988
204,0.2812407349502494,142.66099960773155,2.0026346885115647,887.3624859841312,410.87539683905237
205,0.2953027716977619,142.5931245365556,1.4876963277709667,844.0086966347711,413.7969577275132
206,0.31006791028265,142.5417512558863,1.04115351490824,731.3587278483308,417.03842485129616
207,0.3255713057967825,142.49002765998662,0.969258583021363,595.5063660065348,423.7295601385592
208,0.3418498710866216,142.41189272100982,1.3538473492253202,498.18506004006764,433.7076275117862
209,0.3418498710866216,142.313247527187,1.6594460107765074,468.9389148669609,441.58938681149993
210,0.3418498710866216,142.23455087623591,1.534721478777738,485.2662357375402,445.86295990852153
211,0.3418498710866216,142.16795950700876,1.298647444573413,514.7299888550154,447.1968521788171
212,0.3418498710866216,142.10475399560443,1.2326173319573248,544.1674871933395,444.4401968922323
213,0.35894236464095275,142.0068548672557,1.8182887280830506,580.3870129451626,443.48164039548874
214,0.3768894828730004,141.85775844586362,2.637314618165796,662.979153398287,443.9114371949758
215,0.39573395701665043,141.67560810078533,3.0685656672225567,745.1965520617244,440.6344933106476
216,0.41552065486748296,141.48934781485866,2.9883839105590035,829.6315592219273,442.3729876735851
217,0.4362966876108571,141.32353494281045,2.5336409337446573,816.4654478732521,447.2712600506498
218,0.4581115219914,141.18881376980752,1.9034266994503861,742.5239470234213,453.948982373236
219,0.48101709809097,141.08669705038713,1.3340454682633183,649.1071093340751,461.54277896025104
220,0.5050679529955185,141.01479703569203,0.8685128191213778,566.5256521456708,466.73313380966454
221,0.5303213506452945,140.94327232724225,0.7988713131044237,505.3425295985192,471.68544627204005
222,0.5303213506452945,140.85654363375443,0.9404729512237332,475.78891395215396,474.97251270732585
223,0.5303213506452945,140.7526352579853,1.1267668505832114,468.0663487872867,477.40257224588976
224,0.5303213506452945,140.6344247496213,1.2818570324985386,470.64996020858257,479.7907196366842
225,0.5303213506452945,140.5177385033451,1.265328162910751,461.7661347375592,481.5726662165869
226,0.5303213506452945,140.41629070610185,1.1000847058982708,444.80532927269644,483.5887167618452
227,0.5303213506452945,140.3355137324711,0.8759333932788533,424.59623032073284,485.2898584981832
228,0.5303213506452945,140.27299042991038,0.6779933204898324,400.5917694937049,488.17618332369767
229,0.5050679529955185,140.23915287217585,0.3852758738803769,383.3028711060945,488.7809963632711
230,0.48101709809097004,140.23432551112654,0.05771276548607701,367.87107390229846,487.9446739710298
231,0.45811152199140004,140.25266062692722,-0.2301627615853745,363.60247874669915,486.19478960515806
232,0.43629668761085716,140.28521246767485,-0.42905824674135634,377.42416410368367,481.4149925425154
233,0.41552065486748296,140.33715193210386,-0.7188321085501166,464.0818521132049,476.62218381256844
234,0.41552065486748296,140.38913810901917,-0.8340728883359262,529.3742162077571,469.56969175038165
235,0.41552065486748296,140.44276994935805,-0.8604761233190813,554.4376981597908,461.69476417732886
236,0.4362966876108571,140.47261107277345,-0.4559760099452383,606.2392055277867,462.22567185936043
237,0.4581115219914,140.47052943087724,0.03029308798184063,604.4566443675325,461.4415159368964
238,0.48101709809097,140.43306213420428,0.5041541673771285,555.1881349357128,464.9730812340301
239,0.48101709809097,140.37499960761255,0.7585246658464178,486.4928861682462,468.6971475808549
240,0.48101709809097,140.3196555537617,0.7019521686772903,426.3630930373053,470.6659406397809
241,0.48101709809097,140.26489145865057,0.6945963053686026,399.8179810480542,472.8252363068775
242,0.48101709809097,140.21597931816987,0.6203734763921523,401.05279839354216,472.41620099511925
243,0.48101709809097,140.15819157785444,0.7329464832251055,411.9398197071069,473.24202264526645
244,0.48101709809097,140.0970114830966,0.775973157132831,411.0385323247201,473.43160851833653
245,0.48101709809097,140.01361981099984,1.0576920374451182,400.03490931172695,476.24717865741206
246,0.48101709809097,139.92734921268425,1.0942066828703743,382.42837998118046,477.224070055905
247,0.4581115219914,139.85986192894788,0.89876841276976,380.95513436368583,476.95217427898876
248,0.4362966876108571,139.83141244657816,0.3978226627712303,392.33772869866715,473.315026889691
249,0.41552065486748296,139.82658307091586,0.07090803317834948,413.00121663632126,470.86421402335463
250,0.41552065486748296,139.83741023669253,-0.158971486958687,426.7623612947851,467.8375458927603
251,0.41552065486748296,139.83249682490876,0.07214190614786113,426.1575660511987,468.46688880275843
252,0.41552065486748296,139.81203785340065,0.30039192059864794,421.28906678861176,469.70221213677553
253,0.41552065486748296,139.77046019001054,0.6104702846275444,419.1816020254878,471.4529182556566
254,0.41552065486748296,139.72681453568973,0.6408338719275933,416.98759060301876,471.00940351953363
255,0.41552065486748296,139.6898597111957,0.5425947585259164,410.36692092818436,470.26284029209825
256,0.41552065486748296,139.67133481087623,0.2719946300164995,404.6864330501202,468.8017448078875
257,0.41552065486748296,139.65967899409063,0.17113827979975407,402.8235579064614,467.2408377343505
258,0.41552065486748296,139.65794495781043,0.025460248008634778,402.59994835278525,464.25859214083596
259,0.41552065486748296,139.65576113992395,0.03206423396625395,404.0661152722029,460.6803198019193
260,0.41552065486748296,139.6528941178643,0.04209548180650427,458.3607575732149,457.96441581832437
261,0.41552065486748296,139.65648748974652,-0.05765251923672427,510.1418983719025,452.49542350976213
262,0.41552065486748296,139.68472131067182,-0.4529870431961381,566.616675492368,442.5599557396084
263,0.4362966876108571,139.723022778994,-0.5852511132871011,613.5498056618533,438.95101382863794
264,0.4581115219914,139.75754987281172,-0.4878208136272131,599.6759637565845,436.0404708031758
265,0.48101709809097,139.7706516061327,-0.17116010054502936,537.5818351808812,436.2774810549776
266,0.5050679529955185,139.7482720060093,0.2703333187964012,459.16295460797977,438.6257499217677
267,0.5050679529955185,139.70159569221303,0.5474022522641947,392.3537887917777,440.7345544204887
268,0.5050679529955185,139.6375966299081,0.750556931325068,358.14710710609114,443.9707211470145
269,0.48101709809097004,139.57732093635227,0.7422351962270107,359.71415689918155,444.2391659961501
270,0.45811152199140004,139.5381159487587,0.5069089369209774,371.57069333461067,442.6053800247996
271,0.45811152199140004,139.5039230526675,0.4421040707249387,370.112674622571,442.9968036946827
272,0.45811152199140004,139.47263225248923,0.40458082574110377,354.93317931993414,443.706523776453
273,0.43629668761085716,139.46085970064274,0.15982640763366993,333.5903836749673,441.07626705445847
274,0.41552065486748296,139.47845977768006,-0.250889100325847,313.6472853965595,435.9084789223854
275,0.39573395701665043,139.52824242903432,-0.7451342862191156,382.25767002299364,432.16302604332026
276,0.39573395701665043,139.59772317562982,-1.1704959078957249,450.23914497854753,424.11252213616314
277,0.39573395701665043,139.68562989622174,-1.4809060318313798,466.9301401346702,417.16556475897244
278,0.39573395701665043,139.79197234564046,-1.7393014455359241,437.6478158876109,410.2934250007539
279,0.39573395701665043,139.9141419175537,-1.939965586546458,383.9069997119061,402.9196664728221
280,0.39573395701665043,140.0452035546109,-2.0205487699914166,335.8876689423314,394.59142598773735
281,0.39573395701665043,140.16599082273723,-1.8621510574968332,306.57176187744693,387.45814975515896
282,0.3768894828730004,140.27909826039144,-1.777612057741801,301.6897956002961,378.41001890755035
283,0.35894236464095275,140.3891250940938,-1.7627735001334726,310.32377397403263,369.13043839723497
284,0.35894236464095275,140.47754001234205,-1.4165224033080552,305.09755887972653,364.82673252381136
285,0.35894236464095275,140.52899837979962,-0.8244302181742981,273.7549249378555,363.3040870247893
286,0.3418498710866216,140.5521405365234,-0.38930593744916214,249.39718739372333,361.81475795018497
287,0.3255713057967825,140.56165914145924,-0.16813177505876384,244.16439743290888,361.45029248710307
288,0.31006791028265,140.58019093663995,-0.3437029713623911,243.18981958526223,359.6113601502388
289,0.2953027716977619,140.62421767047576,-0.8573764735580214,242.01932997945485,355.4816817815239
290,0.2812407349502494,140.7012552684112,-1.529360613546115,302.10569938215406,348.2137999346145
291,0.2812407349502494,140.7844214355738,-1.94238327390835,522.0834741720173,341.3516268792451
292,0.2953027716977619,140.87464568464029,-2.0368755441017097,654.7782540687558,334.83429378137544
293,0.31006791028265,140.96312119885684,-1.9022825061325073,688.2184542264667,331.35299774277473
294,0.3255713057967825,141.04432120717544,-1.6142896733412522,628.0946323772557,329.77014720215084
295,0.3418498710866216,141.11142162860477,-1.2334572978760086,509.25950600730386,331.41542749785947
296,0.35894236464095275,141.15249067451415,-0.6980506904721029,370.0372345680231,337.15610955025227
297,0.35894236464095275,141.16161703555974,-0.1506027036158706,253.66403559004374,342.9488685345199
298,0.3418498710866216,141.14904618497462,0.21781565283169574,223.60610334536958,345.2478947465157
299,0.3255713057967825,141.127142787248,0.39849714105519923,272.79040462153586,345.46346143778607
300,0.31006791028265,141.10637823087717,0.3966666393474431,324.9333390189159,344.5651978231678
301,0.31006791028265,141.08297839802242,0.44700849341683174,339.5377752204347,345.8670118568439
302,0.31006791028265,141.05428504530266,0.5481309396501837,316.99384260694177,348.03836156771337
303,0.31006791028265,141.02646347064342,0.5314773079829452,277.20121683186403,348.67838890873026
304,0.2953027716977619,141.01671059298192,0.1956253335591888,244.6349040577361,346.2068478420765
305,0.2812407349502494,141.02237917275545,-0.1193866815377571,251.43234107812066,344.3203980505618
306,0.26784831900023753,141.0372113483536,-0.3280014589495729,295.36392504120465,341.9662991612713
307,0.26784831900023753,141.04608283288783,-0.19618564053653423,340.49358568227905,342.1006170840276
308,0.26784831900023753,141.041887275094,0.10442621180797072,368.6450658322448,339.8353602963082
309,0.26784831900023753,141.0224310801892,0.48425902584015235,436.4206982292922,335.66423395132017
310,0.2812407349502494,140.98996324706124,0.7696332499318381,673.5082493249258,336.30614549755524
311,0.2953027716977619,140.94919657041712,0.9203362458524456,796.1705119788227,332.36217514180106
312,0.31006791028265,140.90478227237043,0.9549370008698413,783.6036424880508,333.38270351401525
313,0.3255713057967825,140.85921276020284,0.9059407065907938,682.3145557320889,337.5173336168771
314,0.3418498710866216,140.81845380182298,0.7492417125932223,544.858951415767,343.4176318277487
315,0.35894236464095275,140.7873324918256,0.5289689947997381,421.95258325154697,348.20035282072035
316,0.3768894828730004,140.7677121926212,0.30835532274120947,354.96780991140724,350.36311323621766
317,0.3768894828730004,140.75635862267544,0.17843426791847913,347.6246025467741,349.3315591452878
318,0.3768894828730004,140.74368931590453,0.2241029505397139,371.3431291973369,348.71748047488074
319,0.3768894828730004,140.72043451739842,0.41134602339963644,392.68727275028533,348.46757837739347
320,0.3768894828730004,140.68944852799999,0.5481003637494251,395.593304249896,346.73845507690476
321,0.3768894828730004,140.6531676383857,0.6230679686356055,381.3618844377964,345.8087775397884
322,0.3768894828730004,140.61660270576908,0.609656278005976,357.52120436055907,345.60822861145596
323,0.3768894828730004,140.57641071585758,0.6506127306418051,334.4070358908189,348.32222036178405
324,0.3768894828730004,140.5319542825409,0.719643927519429,318.6910555023923,351.92837737722004
325,0.3768894828730004,140.48003337234186,0.8404760559601546,317.8352733697865,356.1707758272937
326,0.3768894828730004,140.4287578367321,0.8300289762119374,324.33409561063763,359.04801999124925
327,0.3768894828730004,140.38616901972534,0.6894116610942242,327.3799862882105,361.1831094893133
328,0.3768894828730004,140.35616342573616,0.48571920630962173,324.2857042224302,361.40972553474825
329,0.3768894828730004,140.33992234881666,0.2629044102179112,357.00381131869807,360.48950673178535
330,0.3768894828730004,140.3433527972302,-0.060680006022455005,436.5997384766056,357.85004414628355
331,0.39573395701665043,140.36195801411938,-0.31342970968702033,470.56707864952955,355.121997289568
332,0.41552065486748296,140.38999050166737,-0.4366571113341196,449.49535768687105,353.6913481480924
333,0.4362966876108571,140.41861114282923,-0.4122225394181723,389.9167768939395,353.19895614046715
334,0.4362966876108571,140.4370961694999,-0.25848493255352256,320.9951350576649,353.0723518501564
335,0.4362966876108571,140.4428728189698,-0.08077764101780996,288.699973657571,348.9174384094457
336,0.41552065486748296,140.4440285951088,-0.018543420573453456,370.2237079310109,344.2739794757193
337,0.41552065486748296,140.44839408908976,-0.0700405451941433,432.6147684429361,337.567947588049
338,0.4362966876108571,140.45488884152718,-0.09924061037440177,438.15275538075514,333.9087184295767
339,0.4581115219914,140.46086020336244,-0.08436721040945798,395.1134130596205,332.2498021839652
340,0.4581115219914,140.47022146962843,-0.1284096537347611,319.6248010281224,329.6235522905536
341,0.4581115219914,140.47751136173466,-0.09999635674578072,245.6469684750946,329.1361290197457
342,0.4362966876108571,140.47623493760682,0.018384311950981076,207.82815871751902,328.2984384995882
343,0.41552065486748296,140.4625396475768,0.2071156464466169,224.17479066288905,325.39730427373723
344,0.39573395701665043,140.43623374657346,0.41771892845614284,320.56308023433735,326.5702183109504
345,0.39573395701665043,140.41237435932024,0.4019432218734597,375.7189065475933,322.8327693493621
346,0.39573395701665043,140.4005558457662,0.19909863422946086,372.59292588314787,320.40189749234116
347,0.39573395701665043,140.40754661389562,-0.11433865948435672,331.5269175817973,317.89797847239055
348,0.39573395701665043,140.43748361565488,-0.4753782162605944,277.33213562023553,315.1118824294905
349,0.39573395701665043,140.47992213223867,-0.6738933469874206,232.0397235596592,313.4586583887468
350,0.3768894828730004,140.5290060617482,-0.8183886481732716,218.59661415953508,308.5434559850033
351,0.35894236464095275,140.5732482189925,-0.7745435950692723,238.70691683857552,304.84580841507085
352,0.3418498710866216,140.60410229366323,-0.5671675789974928,268.31174327574996,301.47607839628193
353,0.3418498710866216,140.61056026479963,-0.11871209536419489,283.487839588416,301.4485132408335
354,0.3418498710866216,140.58532419129276,0.4638960288733126,284.9248128388043,303.5957741773046
355,0.3418498710866216,140.52729453524177,1.0667161431271002,283.4059448541583,307.74067488313375
356,0.3418498710866216,140.44041523577755,1.5970377484337581,290.5524845399936,313.71759505508453
357,0.3418498710866216,140.34019428947173,1.8422873506254427,302.2761105105605,318.78349154833427
358,0.3418498710866216,140.2441881050804,1.7648105072393891,312.4019628256936,323.53101291373946
359,0.3418498710866216,140.16592396843126,1.438671597814943,320.192797423842,327.56544693823076
360,0.3418498710866216,140.11311711588584,0.9707092185494735,325.17705319679374,330.11226055965307
361,0.3418498710866216,140.0809365921619,0.5915507084938889,332.08151869765936,333.1225124420868
362,0.3418498710866216,140.06252368469404,0.3590836997019295,340.3793598689075,335.50164717049097
363,0.3418498710866216,140.04754488055045,0.29211271595113203,349.8102481714201,337.5299459833205
364,0.3418498710866216,140.03624873111997,0.22029454810235047,361.9087109654331,337.2804897876401
365,0.3418498710866216,140.02866879107467,0.14782200582478452,375.38339564864793,336.78173439630973
366,0.3418498710866216,140.02397763610784,0.09148567570332966,383.9292455170338,336.15948577940327
367,0.3418498710866216,140.02040621171633,0.06964898324522197,388.8086082720309,333.2713976885809
368,0.3418498710866216,140.016241550327,0.08121813582656574,474.1974223414189,333.9183539631246
369,0.35894236464095275,140.01216876381437,0.0756442057520022,524.6624477639083,331.08993439610606
370,0.3768894828730004,140.00691963358295,0.09285003464685507,514.4641059657437,330.32801497985093
371,0.39573395701665043,139.98427324003706,0.3815087239697095,535.0641731224074,336.0637506025714
372,0.41552065486748296,139.950276380953,0.5454499663783611,533.6034162778483,336.62234488315494
373,0.4362966876108571,139.90876198262305,0.6158690059852665,498.5249215671982,339.24723887931157
374,0.4581115219914,139.86434477598957,0.6092763480512983,440.5313190853193,342.8409803634886
375,0.48101709809097,139.8211911551507,0.5473357231069529,379.01402312369015,345.6119496701401
376,0.48101709809097,139.7874555134002,0.41542086365724534,328.0822995554514,347.7603003823637
377,0.48101709809097,139.7657893816834,0.2667968558739229,313.54445768040574,347.79787087430424
378,0.48101709809097,139.75591222017258,0.12162741695086265,302.5310859621647,345.85444418206964
379,0.48101709809097,139.75537519127056,0.006612976624352049,286.00119996875566,343.3381812068101
380,0.4581115219914,139.76763543468962,-0.1585213346420892,270.86737024547097,338.31932100954424
381,0.4362966876108571,139.78751942705372,-0.2699488700853391,248.47866221480626,334.5620493410389
382,0.41552065486748296,139.80930169398306,-0.3105062177495296,234.95262388807637,331.31744679557863
383,0.39573395701665043,139.82769467147966,-0.2753014912935602,238.7992484854391,328.6801474263275
384,0.3768894828730004,139.8375631345858,-0.1550941244238586,252.17343592485688,326.4511619113765
385,0.35894236464095275,139.83731903020316,0.004028196978909746,271.6621583262971,325.35373357297004
386,0.35894236464095275,139.8198774353986,0.28782022975216603,289.5032486390823,327.5196935976874
387,0.35894236464095275,139.78294616841424,0.6094377187181581,307.1382118719944,330.8331143792664
388,0.35894236464095275,139.7341692013567,0.8049148040913966,321.02974681641837,333.1410981082773
389,0.35894236464095275,139.6833893829353,0.8379657461733753,305.6885488746555,335.6187216493967
390,0.35894236464095275,139.6423628024906,0.6770183542203412,274.01861987682867,337.6702583610186
391,0.3418498710866216,139.6250193672604,0.30051042619764556,273.41529607886827,336.85596179436243
392,0.3255713057967825,139.63635535934,-0.20624016835776585,300.24062366327837,333.28471523809975
393,0.3255713057967825,139.6687034770062,-0.5885220443596723,322.28136768303204,330.3485952591538
394,0.3255713057967825,139.7115875767953,-0.7802073165071366,326.2499909691889,326.8800001921807
395,0.3255713057967825,139.7546905959534,-0.7841902028053306,321.9737997286363,323.0857694490602
396,0.3255713057967825,139.78876599568338,-0.6199471672022101,320.056149705731,320.00705360911536
397,0.3255713057967825,139.80797458263996,-0.3494693874188715,324.28191860736666,315.9139458426946
398,0.3255713057967825,139.8095913829839,-0.03310693776680047,392.1719349048889,313.00715669850393
399,0.3418498710866216,139.79901346372455,0.20628781138678365,463.7532197979688,309.1959997286009
400,0.35894236464095275,139.78562407759242,0.2486821924833261,542.0919284615152,305.0985214769825
401,0.3768894828730004,139.76946123528526,0.2858988826810122,568.8853974296649,303.5876162530344
402,0.39573395701665043,139.74957884773494,0.3251896641093782,546.7690859899194,304.54859698447257
403,0.41552065486748296,139.72637911037268,0.35085263551417606,494.08328347944814,306.9062902040865
404,0.4362966876108571,139.70163488220635,0.34601032839325857,428.0887904766481,309.3504511757164
405,0.4581115219914,139.66957062274787,0.4145814263160789,379.6834896299905,313.173080894214
406,0.48101709809097,139.62593215100287,0.5217129732497187,343.4725970828575,316.19449822784827
407,0.48101709809097,139.57804355753953,0.5558491684865766,315.17551882733943,317.0620581794507
408,0.48101709809097,139.53342239020773,0.5179237259763128,308.21926214014866,316.9742878646504
409,0.48101709809097,139.4956820519327,0.4380570430545504,309.8663909129437,316.0597823676232
410,0.48101709809097,139.4673756671058,0.3285559113556866,303.17017373813866,314.5410205985406
411,0.48101709809097,139.44928229049447,0.2100121890659841,289.7024468579504,312.9407116776186
412,0.48101709809097,139.4398302046001,0.10971159737394796,280.21748387839773,311.2439505613208
413,0.48101709809097,139.43696890951853,0.03321142628889283,275.5619000100129,309.75835238008244
414,0.48101709809097,139.4307095312512,0.07265342231867707,275.13593451398947,310.2259557078958
415,0.48101709809097,139.41793073771123,0.14832512817283158,283.0018027407692,309.9159839771571
416,0.48101709809097,139.39693947391058,0.24364834473589406,294.3975793614305,309.91452123957635
417,0.48101709809097,139.36859982994167,0.32894195456768316,300.2294976982823,310.2196345871031
418,0.48101709809097,139.33633203452152,0.37453652229179546,301.54165523330835,310.7733472665571
419,0.48101709809097,139.30206595211786,0.3977309006986374,307.07682127947953,311.0786295423966
420,0.48101709809097,139.27272638702172,0.40064490575032835,320.7000280509281,310.68657307190017
421,0.48101709809097,139.24494224298687,0.3850749331663939,335.0024498361278,310.1161633834978
422,0.48101709809097,139.219539091943,0.35207551033947715,344.8692652465108,309.1168510682466
423,0.48101709809097,139.1959259057786,0.32726745415185554,351.8804765834673,307.6732001474379
424,0.48101709809097,139.17359444081782,0.309503411964198,349.7472729495233,306.5008371706023
425,0.48101709809097,139.151861523627,0.30120782645866995,348.80011346965955,305.45295685872543
426,0.48101709809097,139.12943423966817,0.31083141739700126,358.7222762265009,304.0399146970778
427,0.48101709809097,139.10311787332765,0.36473223710100466,379.86393888363654,301.5026593661081
428,0.5050679529955185,139.06357788522146,0.5219098126190365,426.59976216378726,304.89786703502307
429,0.5303213506452945,139.01312814848382,0.6342033520652314,451.7960086821427,304.0451060685463
430,0.5568374181775593,138.9555764523511,0.6890305171547292,446.6513930859536,305.3333251182224
431,0.5846792890864373,138.89286071439903,0.6942731067491134,416.8541159873231,307.6785987179996
432,0.6139132535407592,138.8298148819997,0.6453326900803792,379.61156892469563,310.8564453804872
433,0.6446089162177971,138.76665034483497,0.5978250057147168,342.3279790673351,315.3881456639017
434,0.6446089162177971,138.7108599893074,0.5126520079354904,313.65892555315116,317.5741013380419
435,0.6446089162177971,138.66635803063934,0.4089240560043079,300.092273010605,317.96510162515347
436,0.6446089162177971,138.63259700652077,0.3102266805918001,295.53848982324143,316.8530891220157
437,0.6446089162177971,138.60722792520028,0.23311395590637912,282.441141107419,314.9105589914397
438,0.6446089162177971,138.5874319148084,0.18190356344828665,261.6902334815918,313.0443918161468
439,0.6446089162177971,138.57193962052227,0.14235714575041453,245.33464373861187,311.72055835819646
440,0.6139132535407592,138.56535364660274,0.06354374977975537,237.9492187404389,308.50663535170924
441,0.5846792890864373,138.57002867639443,-0.04736161625782393,237.95619516197064,304.64989445347584
442,0.5568374181775593,138.5871515752728,-0.18214142200898967,237.37818176508597,300.568816987236
443,0.5303213506452945,138.6154625565135,-0.31621003775092255,237.76218694075737,296.17022610638986
444,0.5050679529955185,138.65290946188182,-0.43916322159479143,239.49793943336707,291.1520130476664
445,0.48101709809097004,138.69595505302965,-0.5146248813259919,244.64510482616038,284.7896470236503
446,0.48101709809097004,138.7336515365862,-0.4506744560684678,255.26858828429076,280.5882441241731
447,0.48101709809097004,138.7566906261922,-0.2754402585307305,268.22023651477434,277.275506492421
448,0.48101709809097004,138.76127841545323,-0.054848602168816166,281.72839738672513,275.0456348323993
449,0.48101709809097004,138.74256474519856,0.2593625095509006,296.0657943169703,276.2942162481611
450,0.48101709809097004,138.69897103199946,0.6041879920985002,311.84962886421613,278.85224652500847
451,0.48101709809097004,138.63701277316926,0.858711801529567,327.3651675654914,280.9792134567157
452,0.48101709809097004,138.56682032974115,0.9728336574956414,326.6003964363121,284.1046855943025
453,0.48101709809097004,138.4970964645173,0.93819358052659,306.88732778116554,287.6490038888132
454,0.48101709809097004,138.436820998536,0.7874343466600171,291.2421389942255,290.77185169696327
455,0.48101709809097004,138.39323584633814,0.5693932893959683,290.07180279766783,292.26397045815185
456,0.48101709809097004,138.36294580231257,0.3957069537206475,295.9965853539116,294.2745779121836
457,0.48101709809097004,138.34533288871913,0.23009383473767353,294.13384305405026,294.12715590096195
458,0.48101709809097004,138.33959649614906,0.07493981941202797,278.4899079882161,293.5903381918601
459,0.48101709809097004,138.342700447684,-0.04054979931209735,268.5167218210981,292.715298541063
460,0.48101709809097004,138.3505515575739,-0.10256633418123255,267.10704371494427,291.43393796148405
461,0.48101709809097004,138.35446317204875,-0.051101049792124244,267.7192652307079,291.5745670273219
462,0.48101709809097004,138.3526003772512,0.024335417080495306,267.40576741671345,290.5529452912724
463,0.48101709809097004,138.34204718460495,0.1378661487108784,274.4912939068948,288.03358583235416
464,0.48101709809097004,138.32249620970808,0.2709671509872287,330.2181888903948,289.1005907920827
465,0.48101709809097004,138.30247286213697,0.27751401007794163,366.10061623001087,285.85901888465406
466,0.5050679529955185,138.28609440009143,0.20989148578720832,356.51185229858964,285.7752278419563
467,0.5303213506452945,138.2759768070037,0.1198870815862582,318.0400551784148,287.32273202685013
468,0.5303213506452945,138.27701447619287,-0.01193759598098766,277.12543150388467,286.8807960372672
469,0.5303213506452945,138.2851225093084,-0.09327676348702038,252.49250659803778,286.772217681124
470,0.5303213506452945,138.2949701855789,-0.11329003684239503,243.19892007292225,285.377763165275
471,0.5303213506452945,138.30218955229137,-0.08305333140245515,244.21144878953058,283.34188631227937
472,0.5303213506452945,138.2982287672421,0.0455658240413376,254.212552465697,282.8279219779624
473,0.5303213506452945,138.2773047500855,0.24071492699944858,265.89982987825863,283.47661466189896
474,0.5303213506452945,138.24289726472162,0.39583198893454064,272.541239471396,283.4127345891957
475,0.5303213506452945,138.2004415530353,0.48842072068684994,270.48769123097685,284.33101717678437
476,0.5303213506452945,138.15656523751642,0.5047636889268285,262.31648583346566,285.3647071582197
477,0.5303213506452945,138.11663077635419,0.4594156481274708,256.8927168370794,286.4649727684208
478,0.5303213506452945,138.0844560888101,0.3701453456779264,258.0273741648301,287.29311197504063
479,0.5303213506452945,138.06141700697765,0.2650471398450412,262.45201336110034,287.57714107016375
480,0.5303213506452945,138.04705216326198,0.16525661781390513,263.6114992380222,287.13714085065226
481,0.5303213506452945,138.03495792931645,0.1391349767843242,261.7188710768205,287.92778474269323
482,0.5303213506452945,138.01962739201701,0.17636618911534543,260.41881811842376,289.27572093691595
483,0.5303213506452945,138.00222440503103,0.20020814887255808,261.162147634376,289.04241997858117
484,0.5303213506452945,137.9839790322747,0.20989915742473586,258.5060139692495,289.2843237298494
485,0.5303213506452945,137.96570189134061,0.2102646261845068,249.97285325292324,289.6817116752521
486,0.5303213506452945,137.94805382442678,0.2030276073208218,240.3150669355254,289.8715667584544
487,0.5050679529955185,137.93872625113067,0.11267197946079101,225.9685253801766,288.02499448139315
488,0.48101709809097004,137.94142220220843,-0.03419389390539092,210.66309489381183,285.3040697747612
489,0.45811152199140004,137.9572262038764,-0.21047131708505695,213.94157470615446,280.9920611847907
490,0.43629668761085716,137.9847876814282,-0.3854052684370727,231.05529292243742,275.97103779087274
491,0.43629668761085716,138.02240862555223,-0.51074910771657,243.7349772662126,270.1241450372833
492,0.43629668761085716,138.06622748214005,-0.5775661636930747,251.57257352511863,264.1616731069521
493,0.43629668761085716,138.11045076168662,-0.5659191929233708,258.392030791361,258.0265825921692
494,0.43629668761085716,138.14346680842087,-0.49706092284771497,266.19585716466855,251.93550766887108
495,0.43629668761085716,138.1645479275653,-0.32212207492580236,273.71725867592085,248.84065522283933
496,0.43629668761085716,138.17048678790064,-0.09074651116924595,281.26791792517713,246.56344138890017
497,0.43629668761085716,138.15978096113014,0.16358634043471795,288.532259795231,245.70153374822974
498,0.43629668761085716,138.12837275148377,0.4799212789252336,293.4873153082371,247.78595275289666
499,0.43629668761085716,138.07572827638378,0.8044140084013381,295.4079310619159,251.43196914459386
500,0.43629668761085716,138.00991663981407,1.0056098436150334,296.626857044203,254.32307805412012
501,0.43629668761085716,137.94089683963523,1.0546309753382044,298.1018559467433,256.96655846433697
502,0.43629668761085716,137.87837821523175,0.9552922155774309,303.704031462518,259.5525711183981
503,0.43629668761085716,137.82795380128542,0.7704912028623551,316.71403842644924,260.94877815506266
504,0.45811152199140004,137.784854272935,0.6272057680491814,332.3542799743991,263.18814292591526
505,0.48101709809097004,137.7457687217315,0.5417070253651836,343.2975873771173,265.71597849592604
506,0.5050679529955185,137.7078683982178,0.5002669876919664,337.2704559141693,268.35796692286124
507,0.5303213506452945,137.66799402395753,0.48666070954384893,312.56931157340665,271.47946697987044
508,0.5303213506452945,137.63023347190963,0.44743866894675094,287.47923875133574,273.10268201312266
509,0.5303213506452945,137.59632005221857,0.39014813857796343,278.5138996907961,273.4889732293393
510,0.5303213506452945,137.56728576144448,0.3340174657601716,282.4717985527338,272.70134405982503
511,0.5303213506452945,137.54255165218999,0.2845471430765612,285.5279861816124,271.5871434155367
512,0.5303213506452945,137.52034889507942,0.25542585905238774,283.02007095978837,270.3695486635383
513,0.5303213506452945,137.49898705198882,0.23859396298144958,275.2133137620173,269.09339220229276
514,0.5303213506452945,137.4778464875203,0.2292451120462344,265.562764317809,268.1861604169891
515,0.5303213506452945,137.45597530088963,0.2371678692500087,258.3171716771312,267.17928487435455
516,0.5303213506452945,137.42784404431652,0.305051129297309,252.65922914738067,268.3604183726632
517,0.5303213506452945,137.38926208674698,0.41837696430285737,252.48276578804183,269.84432123546765
518,0.5303213506452945,137.3458661695887,0.5455298264658165,288.1419349426558,271.8514187072639
519,0.5303213506452945,137.30110829855903,0.5626509407950558,336.3612756005207,270.5451034183346
520,0.5568374181775593,137.25757540185458,0.5211921862454594,351.7917917541913,270.89066531485093
521,0.5846792890864373,137.2168570079285,0.4507590403305321,338.7083051040459,272.8507032802707
522,0.6139132535407592,137.18119280080447,0.3650563066110809,309.89813450389727,275.4495862966781
523,0.6139132535407592,137.15649235819313,0.24546794852794804,280.6681562336243,275.56929710199734
524,0.6139132535407592,137.13989723692313,0.1649189222158951,261.1235030550985,275.1786345246231
525,0.6139132535407592,137.12804618385462,0.11777334238034187,253.41755508817337,273.819932975687
526,0.6139132535407592,137.1164342473134,0.11539705122167696,255.36757311023644,271.18560499640677
527,0.6139132535407592,137.0965074169194,0.1980287663035143,258.09282216960963,269.89228469706933
528,0.6139132535407592,137.06316042737564,0.3313955641072143,257.8019798927347,269.7818508204679
529,0.6139132535407592,137.01841445055828,0.44467636904558494,260.14618303435833,269.5290569983034
530,0.6139132535407592,136.9661596354544,0.519297668712829,256.9646947184166,269.97198296674907
531,0.6139132535407592,136.91400219245864,0.5183300046111168,234.0177665646876,271.67954125030855
532,0.6139132535407592,136.86814960054784,0.4556736835900919,215.9500460727354,273.6689700340362
533,0.5846792890864373,136.8388459033736,0.30577485877339144,208.5247745755378,273.21071921818833
534,0.5568374181775593,136.8305018947247,0.09142045980094946,206.21532630309326,271.3665325149907
535,0.5303213506452945,136.84259332869377,-0.13910276518140552,206.3175941528472,268.345483098892
536,0.5050679529955185,136.8703470070676,-0.33524924226592784,210.85941343963214,263.46176793946535
537,0.48101709809097004,136.90953769967336,-0.4825943875628127,222.38818987337177,258.15608089620736
538,0.48101709809097004,136.94988568342015,-0.49684527654436517,233.97153486295989,254.2259754237901
539,0.48101709809097004,136.98102812886611,-0.38348823120802933,241.63674525970868,250.81183574884383
540,0.48101709809097004,136.99555881913315,-0.1789309936628167,247.1433998772169,248.2401389060547
541,0.48101709809097004,136.9895685060214,0.07376474604732502,252.26362717406346,246.58092388996752
542,0.48101709809097004,136.96194065590836,0.38290877424349296,258.5245723961773,247.5385828404239
543,0.48101709809097004,136.91376816720793,0.6676476282111078,261.2153218553822,250.34235077233976
544,0.48101709809097004,136.85222371587597,0.8281326482880895,249.63535033361597,252.9913796002489
545,0.48101709809097004,136.78762965886762,0.8691676720853678,243.42532675062603,255.84856964079202
546,0.48101709809097004,136.7276605712503,0.8069347970301917,248.3393828551769,258.28169915169417
547,0.48101709809097004,136.67772762431753,0.6718900353370064,257.0682042028342,260.02986298940954
548,0.48101709809097004,136.64145365742797,0.4880969057977916,263.1973273224005,260.5268083581351
549,0.48101709809097004,136.6197604436,0.30065755685984674,269.8446635285587,260.65217029406165
550,0.48101709809097004,136.6105418671202,0.12776505611985356,267.14244734478575,260.0740574900895
551,0.48101709809097004,136.61054646720834,-6.375501960000917e-5,262.85931012261193,258.99787576280335
552,0.48101709809097004,136.6149323256215,-0.0607858976401737,266.0820917211823,256.96113584255517
553,0.48101709809097004,136.61903846003503,-0.056909056938057784,275.3150295347523,255.15591734765803
554,0.48101709809097004,136.6194891320466,-0.006246098297150916,276.76057271872565,253.2194759019262
555,0.48101709809097004,136.6154701094075,0.055701729453866894,272.6293709319696,251.77206243273253
556,0.48101709809097004,136.60623365212913,0.12801287542622597,274.04811404708965,250.95442593905844
557,0.48101709809097004,136.59115859659119,0.2089330517608001,285.3552895185016,250.23977414826075
558,0.48101709809097004,136.56982616851735,0.29565723905302566,295.04452149055027,249.75743356266437
559,0.48101709809097004,136.5431066498173,0.35953372405056805,287.1167453948676,250.10905580731836
560,0.48101709809097004,136.5140906637649,0.37906275211441187,256.7095146214101,251.08383372618144
561,0.48101709809097004,136.48691811520862,0.3549802174259629,224.66198780998042,252.3166911557486
562,0.48101709809097004,136.45975539484567,0.3548518226161741,197.90618120562075,254.8378020997362
563,0.45811152199140004,136.43603275531794,0.3254063970492008,187.41703843349822,255.6092555163629
564,0.43629668761085716,136.42105407703664,0.21573761270072345,190.5142824525964,254.2350246558414
565,0.41552065486748296,136.41871751870815,0.035336074490716664,197.32900424438785,251.91490017954803
566,0.39573395701665043,136.43038030935477,-0.1851967895377793,203.7325792765103,248.45383773572462
567,0.3768894828730004,136.45507362170918,-0.41171778051586505,213.78001992835198,244.06794782742836
568,0.3768894828730004,136.48572304474288,-0.511025505384465,221.3660989373582,240.89612154814574
569,0.3768894828730004,136.51898170661855,-0.5545299979942274,227.96805403060725,236.22788551446965
570,0.3768894828730004,136.54701889091098,-0.4674709947016353,235.49168847014207,233.246420762354
571,0.3768894828730004,136.56279898608904,-0.2791286021527253,244.6106738386816,230.9927009908099
572,0.3768894828730004,136.56559681360795,-0.049489795569010536,257.21518280451227,229.27496780796344
573,0.3768894828730004,136.5510198046494,0.2578476294503044,273.6232084483505,230.34152848913337
574,0.3768894828730004,136.51735042521153,0.5955659146406019,291.72336788999485,232.83293770832518
575,0.39573395701665043,136.46369823784,0.9038427024062756,307.12397367437103,235.17069685031802
576,0.41552065486748296,136.39568208918865,1.0912598103058322,351.6124156085043,240.40011578398594
577,0.4362966876108571,136.3235693670097,1.1018912012046622,372.7538016452258,242.67998613280832
578,0.4581115219914,136.25498194830863,0.96904681789815,362.2822902380112,246.49714180197776
579,0.48101709809097,136.19839229988762,0.7392830914973902,330.6640032406555,250.4770037195406
580,0.5050679529955185,136.1587548606323,0.47879856848918145,294.0145851622906,253.75982977247452
581,0.5050679529955185,136.14471692931787,0.1646315784959956,268.4120148593068,253.4612094497316
582,0.5050679529955185,136.1517575295576,-0.08016457426657493,262.84128050939023,251.9844686530448
583,0.5050679529955185,136.17090612560565,-0.21802673035324893,267.11082789129813,248.5586342428894
584,0.5050679529955185,136.19486115675096,-0.2648087428444765,255.50909635835694,244.7511487192412
585,0.5050679529955185,136.21575377214512,-0.22422868218012115,238.74106987031135,241.25118862712236
586,0.5050679529955185,136.22668490995173,-0.11731774978227337,220.3287706709232,238.36422358919822
587,0.5050679529955185,136.2241329842503,0.027388382271119876,196.1196181814396,236.57653967176154
588,0.48101709809097004,136.2068114374765,0.19519753318574626,182.62147330254984,235.7980717648896
589,0.45811152199140004,136.17730540769662,0.34913045107617,180.0629817867865,235.70925113674684
590,0.43629668761085716,136.1409210206511,0.4520446306723435,188.97380171086886,235.9256228695555
591,0.41552065486748296,136.10341994942016,0.48921439206372225,207.91902066339767,236.84541209922384
592,0.41552065486748296,136.06781116013605,0.46452892224014336,221.49017728785446,237.98462995080124
593,0.41552065486748296,136.03774849976813,0.3921777600737453,232.88345544306011,239.04294500018267
594,0.41552065486748296,136.01445206636583,0.3039099985701124,242.89941479071797,239.58555366085375
595,0.41552065486748296,136.00083489400402,0.208989063667141,251.76038593919012,239.51823428113832
596,0.41552065486748296,135.99231998306132,0.13661432298610723,261.7766111506035,238.99791184791425
597,0.41552065486748296,135.98575613741104,0.10531118125962131,272.8653181704433,237.51654647821906
598,0.41552065486748296,135.97980492315486,0.09548204461873967,273.27543672728524,236.51377029524272
599,0.41552065486748296,135.97314741554226,0.10681390579259836,272.1401374258842,235.52165689349627
600,0.41552065486748296,135.96102332544703,0.19452045609491783,280.55781567324493,235.92111170901222
601,0.41552065486748296,135.9427372965411,0.2933833924852754,295.05612552581243,235.21985856211745
602,0.4362966876108571,135.91453707352994,0.43090285138432277,297.5327442857823,236.6809422736305
603,0.4581115219914,135.87459608763217,0.5643117356060022,282.62113053064655,239.3035346325016
604,0.4581115219914,135.82905541937217,0.6246870109195323,269.2154496374691,241.03328252712407
605,0.4581115219914,135.78300758387462,0.6132464922323144,253.7978303514467,242.71028349678986
606,0.4581115219914,135.7414517132204,0.5534243170172873,248.876320041198,243.78631175013484
607,0.4581115219914,135.71028705482374,0.4535236057978899,255.6899310403543,244.4629048680703
608,0.4581115219914,135.6868927961593,0.3404448850170103,266.55018962823596,244.21723240135938
609,0.4581115219914,135.67026560463847,0.24196715898048424,274.77572209009884,243.55526296577358
610,0.4581115219914,135.6583749905086,0.17303812949576486,279.666662105561,242.4683876567353
611,0.4581115219914,135.6489564590583,0.13706315308456685,285.15566295001696,241.27418443019656
612,0.4581115219914,135.63871899981925,0.14898059748389844,290.26606352926746,239.77602369251193
613,0.48101709809097,135.62202584741405,0.2313590995885041,287.56397976600505,240.31375799874854
614,0.48101709809097,135.5997451140899,0.29980611239843885,276.10960775736993,239.89769736661697
615,0.48101709809097,135.57414265729147,0.3445027113296431,273.8350109075382,238.31209646017422
616,0.48101709809097,135.54624386484656,0.38666390523518257,321.53707848549396,238.80431551763348
617,0.5050679529955185,135.5143640267176,0.42079932597682856,360.5403760613818,236.93455524692897
618,0.5303213506452945,135.4788860357218,0.44599362195043063,364.2847791995436,237.04926160065634
619,0.5568374181775593,135.4401603254569,0.4501347039412193,341.6827319858619,239.04755495180737
620,0.5846792890864373,135.40051268804797,0.4261219387113304,299.3319039187082,242.1389338598184
621,0.6139132535407592,135.36231610635576,0.3795898193522391,257.6516671625961,244.85693758060913
622,0.6139132535407592,135.32947786375888,0.31683469996659025,230.85293453558975,246.0196564139192
623,0.6139132535407592,135.30049780929042,0.2796095691000148,219.0400157920222,246.91541230085866
624,0.6139132535407592,135.27142214948688,0.2805320023751011,215.55797912567937,247.2219091015424
625,0.6139132535407592,135.24249959281173,0.27905481054259346,209.97951179579857,246.29728036521513
626,0.6139132535407592,135.2151615199981,0.2637671633008604,196.87421400540825,245.47026470651417
627,0.5846792890864373,135.1950737125466,0.20350480539606683,183.26208550970347,243.58627485473937
628,0.5568374181775593,135.1848791642083,0.10844247485584264,174.0160774607252,241.18286311993867
629,0.5303213506452945,135.18553325539258,-0.007305652754618445,172.73266415897868,238.3265969247462
630,0.5050679529955185,135.19650687730564,-0.12869451038700067,178.50028603097292,234.9568340931644
631,0.48101709809097004,135.21571976419727,-0.236587586651465,187.82085828067486,231.05131061063315
632,0.45811152199140004,135.24035724155414,-0.31855532221659477,200.6929067832642,226.69509769434754
633,0.45811152199140004,135.26303737744502,-0.2932474738377024,213.05288407994297,223.5526967920454
634,0.45811152199140004,135.27718029491427,-0.18286375533759403,224.20712864123786,221.1169108704352
635,0.45811152199140004,135.27831777912127,-0.016553235800649012,234.69044695754545,219.31359327606722
636,0.45811152199140004,135.2671602207271,0.16237033791317007,246.76667772318154,218.62773351577715
637,0.45811152199140004,135.2408927858963,0.38225677329435737,259.02001888857876,220.19731880750726
638,0.45811152199140004,135.20018396942214,0.5924149400306511,271.83709168089536,222.56929345167765
639,0.48101709809097004,135.14497655808546,0.7651482876010741,281.4061104900538,226.07142935237766
640,0.5050679529955185,135.08213474396405,0.829483290300687,282.531078814831,228.85089928457032
641,0.5303213506452945,135.0176687170602,0.7867981122345535,275.3122039616152,231.80629905570115
642,0.5303213506452945,134.96466683008893,0.6280388519736426,265.2742520544686,232.84233043419516
643,0.5303213506452945,134.92783332043905,0.4237415559426894,253.50884975467878,234.03675909418496
644,0.5303213506452945,134.90828607653233,0.21832640420051552,241.42797527003455,234.1428162450629
645,0.5303213506452945,134.90335314841607,0.053491933028137637,231.4615690266849,233.09382356756572
646,0.5303213506452945,134.90397657642004,-0.006760359820885438,221.70970304441317,232.72271506326038
647,0.5303213506452945,134.90143579434397,0.02755185996035103,212.14462617984032,232.38318815937438
648,0.5303213506452945,134.88896778443114,0.13520123049303967,205.4821144365303,232.24125531227938
649,0.5303213506452945,134.8669433380703,0.23882979478897665,201.39814143381756,231.94846937896068
650,0.5303213506452945,134.8390147050599,0.3028539097575505,197.5259462535433,232.2602963393077
651,0.5303213506452945,134.80913335583506,0.3240288716672918,197.671517714404,232.94080072415744
652,0.5303213506452945,134.7797850478361,0.31824865251891354,202.14135129701006,233.50952028436723
653,0.5303213506452945,134.75328421039305,0.28737110865712734,209.380295142527,234.05853130007574
654,0.5303213506452945,134.73106376486032,0.24095518042792077,216.81343948040148,234.51648510970992
655,0.5303213506452945,134.71430996047718,0.18167574327211192,207.54109477970246,235.016900550144
656,0.5303213506452945,134.70281232006943,0.12467868904213321,196.02559471037648,235.3955048534596
657,0.5050679529955185,134.6997194294138,0.035215784765625736,199.10661676701307,233.5697793376112
658,0.5050679529955185,134.7015547940852,-0.020897540337185008,208.4755833970944,231.8308036328692
659,0.5050679529955185,134.70576078578702,-0.0478896006962123,211.17851692254547,230.20414346905108
660,0.5050679529955185,134.70905347198965,-0.03749066537512026,198.85640073511817,228.95251907440928
661,0.5050679529955185,134.7096022374611,-0.006248267036105916,189.33888333670555,228.08871532145207
662,0.48101709809097004,134.7101498560843,-0.006546969421440391,191.9674590395818,225.5192288287251
663,0.48101709809097004,134.70863488768248,0.018111969500636465,202.72508633960337,224.2423888518367
664,0.48101709809097004,134.7044275720408,0.05029990888839894,219.40030787838583,223.06519874913488
665,0.48101709809097004,134.6971761728482,0.08669297713075959,226.30069850692226,222.37621185595742
666,0.48101709809097004,134.68673451833305,0.12483357929115688,228.70202006683726,222.3153733010288
667,0.48101709809097004,134.67359679350352,0.15706602931930366,225.2493451683837,222.43723506027368
668,0.48101709809097004,134.65794553232743,0.18711622283690785,226.61319179693118,222.31480988531638
669,0.48101709809097004,134.64221570229083,0.21800791280283355,233.24941182040135,222.2572531789995
670,0.48101709809097004,134.62469805150448,0.2427862523789524,233.1602027149423,222.2097357074767
671,0.48101709809097004,134.60572306035502,0.2629842920312925,234.74365768730343,222.27362334005488
672,0.48101709809097004,134.5855635109121,0.27940170280705723,245.57236395216285,222.20474450438797
673,0.48101709809097004,134.56434900272893,0.29402292582933365,263.20296321288544,221.85282443698236
674,0.48101709809097004,134.5432089415523,0.2929911259634879,280.663253247333,221.19786762350552
675,0.5050679529955185,134.518755935483,0.3227685294524898,290.5634466752884,221.72618531522505
676,0.5303213506452945,134.48925517880423,0.37085384352837863,285.8234496112509,223.1137997160196
677,0.5568374181775593,134.452326495486,0.42924666374567133,271.9895252201361,225.34516591555536
678,0.5846792890864373,134.41090635730194,0.4451722911668291,253.67756040146136,227.05612888473985
679,0.5846792890864373,134.3729679080518,0.395875779515673,241.83671569114526,227.06082904668867
680,0.5846792890864373,134.34017744743696,0.33219236705535377,236.48702891543056,227.36256519177766
681,0.5846792890864373,134.31323608611928,0.2729365315396105,233.7122369188273,227.12944761079208
682,0.5846792890864373,134.2905207485402,0.2301236889441187,231.85273899077,226.4562221222172
683,0.5846792890864373,134.27064245197244,0.20138230040211968,231.7403694118507,225.43611184618035
684,0.5846792890864373,134.2516127930418,0.19278495409663574,231.2378272863436,224.23691462626252
685,0.5846792890864373,134.2326208261092,0.1924031054173926,231.446234691047,223.02146801606136
686,0.5846792890864373,134.2133095209005,0.19563824563373433,227.26134027345748,222.14472990851328
687,0.5846792890864373,134.19375533294956,0.1923289640757453,211.54473604407718,221.9534724209352
688,0.5846792890864373,134.17522661293077,0.18224277764956429,200.60095540444948,221.99081110330638
689,0.5846792890864373,134.15670107123583,0.18221151663641508,201.96139433827582,221.19631757796017
690,0.5846792890864373,134.1369117910048,0.19464125926324527,207.42610773285733,220.58990647069837
691,0.5846792890864373,134.11605037261168,0.20518647968242507,212.13043593851538,220.07182288944924
692,0.5846792890864373,134.09396647312997,0.21721042677494348,216.74700507221354,219.6451525944959
693,0.5846792890864373,134.07073542154666,0.22849346117638628,222.34303762335801,219.25294664441302
694,0.5846792890864373,134.04991685285785,0.23737878272094248,233.18025228512852,218.9680892519523
695,0.5846792890864373,134.0289204195941,0.23940684127404285,247.93523396009243,218.58645226321246
696,0.5846792890864373,134.00759456423873,0.24316299839840122,254.94047457172653,218.25109817426105
697,0.5846792890864373,133.98625885642315,0.2361896492571021,245.21394865029404,218.5432668424178
698,0.5846792890864373,133.96550858889475,0.22301818735857487,235.23014928079826,219.0019125120198
699,0.5846792890864373,133.94618964990048,0.2015870491529564,223.551882957038,219.13729054444616
700,0.5846792890864373,133.92849867185413,0.1792230960635622,205.48532604517848,219.0530483065414
701,0.5846792890864373,133.91384105799872,0.1484928040261198,189.59241822780348,218.92610946171436
702,0.5846792890864373,133.90147972038542,0.1252297749019337,184.74317153827266,218.25508936831187
703,0.5846792890864373,133.8898994007785,0.11731746701192775,189.61648639474433,217.06482148305264
704,0.5846792890864373,133.8774419621359,0.12620335160081367,194.97458145563866,216.32618073397282
705,0.5846792890864373,133.86311075326492,0.14518607266695552,196.301090151768,215.9076705401294
706,0.5846792890864373,133.84654196630893,0.16785444470575714,196.4462851704231,215.79370112292614
707,0.5846792890864373,133.8283569720345,0.18422785711583348,200.55421897880544,215.71167663750904
708,0.5846792890864373,133.80949797731233,0.19105599554135339,205.98438391388035,215.6045125282597
709,0.5846792890864373,133.79059974973956,0.19145345423171112,207.6629074448431,215.31163062921095
710,0.5846792890864373,133.7738205311697,0.16998627739748964,191.37840316968857,215.37298662214596
711,0.5846792890864373,133.76003427281182,0.13966530847253186,172.9126672499815,215.86724813956
712,0.5568374181775593,133.75165351867724,0.08914860073773354,172.60716740193575,214.3099742090578
713,0.5303213506452945,133.74927898875083,0.026521517968243796,187.62311855198607,211.27603760790512
714,0.5303213506452945,133.7487038155667,0.0064242045418613,202.1566732237982,209.21806081140147
715,0.5303213506452945,133.74815708016564,0.006106578233190143,212.5643868317427,205.94499482209324
716,0.5303213506452945,133.74736437761072,0.009965059285277238,222.56649982931546,202.77860973981507
717,0.5303213506452945,133.74658831755548,0.009755846517381251,233.99988210032973,199.47629141470256
718,0.5303213506452945,133.74340182661524,0.04005735938988862,236.66876408068092,197.33560439105779
719,0.5303213506452945,133.73557988581848,0.098329573031322,239.26065840838737,196.05073426029819
720,0.5568374181775593,133.71876158262268,0.2013550412475979,237.48593811256004,196.59866839820947
721,0.5846792890864373,133.68954592848135,0.32342189741750266,232.49888404951832,198.21464903430683
722,0.5846792890864373,133.65196808939874,0.41599260308088737,228.57700137471633,199.16403196028742
723,0.5846792890864373,133.6087801886084,0.46417171908191945,219.56850087154342,200.82080747801933
724,0.5846792890864373,133.5649617599197,0.45723151465459705,212.51082006467342,202.37322066652754
725,0.5846792890864373,133.52543943185535,0.41240305652961085,212.7539602730975,203.56513277459243
726,0.5846792890864373,133.49181553764828,0.34063568479469997,205.76760374365386,204.67913004828463
727,0.5846792890864373,133.46708715155137,0.25051740527463473,196.4652033735116,205.46324194655327
728,0.5846792890864373,133.45138556664048,0.15906902679188167,191.03961052451598,205.58131210093987
729,0.5846792890864373,133.44298492629918,0.08510489171037518,185.57132150338737,205.09423470295323
730,0.5846792890864373,133.4396750677186,0.0335313910168343,178.3324868796109,204.22281483884208
731,0.5846792890864373,133.43945507837006,0.0022286598312494022,170.5448742181131,203.07471611021688
732,0.5846792890864373,133.43993710275276,-0.004883274515235827,165.6929847789684,201.77887980921676
733,0.5568374181775593,133.44256514277723,-0.027955251652195125,167.13474603011807,199.06440957178322
734,0.5568374181775593,133.44459841668095,-0.021628545656451476,170.26224361156528,197.59822353832163
735,0.5568374181775593,133.44349549198176,0.011732141532486612,172.6036296095132,196.26929586139588
736,0.5568374181775593,133.43740384460727,0.06479868409213888,171.86462351751894,195.37048209896628
737,0.5568374181775593,133.4254945565693,0.1266826764419638,170.68660223199535,195.08171964744037
738,0.5568374181775593,133.4082096243881,0.1838650189537081,170.95805019981472,195.10061769844427
739,0.5568374181775593,133.3870897659966,0.22465828171868302,174.6790241433346,195.2743226254063
740,0.5568374181775593,133.36316796879865,0.25446334698318235,181.1975679026283,195.55444724049798
741,0.5568374181775593,133.33729802941667,0.27518632094878814,188.23868467244284,195.64901436004624
742,0.5568374181775593,133.31017040739724,0.28856466918609713,195.2011070220753,195.74143030464575
743,0.5568374181775593,133.28261303108744,0.2931360947440557,199.4024717795014,195.69761270586463
744,0.5568374181775593,133.255950024153,0.2836224188772868,200.22630298923204,195.80340718482785
745,0.5568374181775593,133.2351551086277,0.24896453730153298,205.801490530827,195.23558248833837
746,0.5568374181775593,133.21880068541552,0.19580129589325337,219.68803204819406,194.00223748400674
747,0.5568374181775593,133.2069856215453,0.14145438129124618,237.16316332401888,192.45045186549376
748,0.5846792890864373,133.19663996647316,0.11796387370289359,249.28627431115538,190.92021992582914
749,0.6139132535407592,133.18522690862963,0.12393779064237455,254.2633211503147,189.93313165835565
750,0.6446089162177971,133.1699363355678,0.15813798286240338,249.67362444388235,189.67225398865602
751,0.676839362028687,133.1453663625348,0.2349581903647205,235.02078582855614,191.2903806554368
752,0.7106813301301214,133.1078400171371,0.3318147263003693,223.85503723095434,193.35339084504105
753,0.7106813301301214,133.06113242863265,0.41299693672598514,222.63933846210372,193.8126350316175
754,0.7106813301301214,133.0092706382758,0.4585713207703241,225.18593115072085,194.12092992271548
755,0.7106813301301214,132.9562360509464,0.45528291602373,217.7669749015323,194.72323061287645
756,0.7106813301301214,132.9083067534908,0.399471682544324,198.59821553981732,196.0993263586178
757,0.7106813301301214,132.8702577536683,0.3171233209144843,184.15634415048908,197.08720673776986
758,0.7106813301301214,132.84227355653664,0.23323718281492772,176.64165579507548,196.64902807069203
759,0.7106813301301214,132.82369765108115,0.15482280360919884,171.31668623963188,195.75461067177852
760,0.7106813301301214,132.81188449760867,0.09845794835985239,170.36140396553404,194.7260664385813
761,0.7106813301301214,132.80279362145663,0.07576884671874422,172.11857016382146,193.5423203696588
762,0.7106813301301214,132.79253888489305,0.08546916158951064,171.98257923699236,192.4436821062707
763,0.7106813301301214,132.77771000974695,0.1235927922865034,169.6901955568212,191.6174206988348
764,0.7106813301301214,132.75702152492912,0.17243031461340527,167.65674890009123,191.055509500427
765,0.7106813301301214,132.73056000460227,0.22054627563536908,167.00950415845332,190.4166281429242
766,0.7106813301301214,132.69931116460958,0.260446686100254,168.26400211406127,189.65560567903486
767,0.7106813301301214,132.66583157640085,0.279039087627603,167.5615831481168,189.57006207487908
768,0.7106813301301214,132.6341760870214,0.2638359474367047,168.21411622192576,189.10557356601353
769,0.7106813301301214,132.60580852867878,0.23643234644324684,174.8924565091432,188.5057133794496
770,0.7106813301301214,132.58005513234326,0.21464434305369637,184.56849525574722,187.45556537066423
771,0.7106813301301214,132.55844502997888,0.2027172278035838,192.73869735993696,186.8614055607058
772,0.7106813301301214,132.53689084440077,0.20219269091336764,197.29515824246891,186.53792349687777
773,0.7106813301301214,132.51432324012248,0.21169923678891853,193.90976675739512,186.518248751999
774,0.7106813301301214,132.4891709891523,0.22907277003813384,185.66818532857098,186.485792541872
775,0.7106813301301214,132.46204154459406,0.24707995407328825,183.3250826718045,186.35110508882522
776,0.7106813301301214,132.43293257450063,0.26510837619132743,186.982444949981,185.81427680429493
777,0.7106813301301214,132.40297120504735,0.2728715574179978,189.48024329909563,185.0530929860874
778,0.7106813301301214,132.37268070852292,0.27586906447864235,191.58708144063797,184.27546356270523
779,0.7106813301301214,132.34212834277258,0.27825402433958785,193.40716983189841,183.5224814796556
780,0.7106813301301214,132.3113245173156,0.28054418006452875,193.32493518992328,182.6767227352324
781,0.7106813301301214,132.28224843877143,0.26480881817894736,191.18476536023127,181.90616180138147
782,0.7106813301301214,132.2582903980097,0.21819656493138317,191.27337823534225,180.5137964504703
783,0.7106813301301214,132.24402719482515,0.13379839486234213,197.95654852349728,177.54190813235385
784,0.7106813301301214,132.23885381204354,0.048529793990638184,206.14778775338883,174.6272975117674
785,0.7106813301301214,132.24067933899792,-0.017124664993516052,209.74172674260282,171.72239327805198
786,0.7462153966366275,132.2435823633599,-0.02593553528109695,208.09704146275598,170.07782081738029
787,0.783526166468459,132.2410977093709,0.020525036086314112,202.6686673647552,168.52326103132705
788,0.822702474791882,132.2247955023445,0.1245196501673949,196.57243995710817,168.43034136550148
789,0.822702474791882,132.19288901477353,0.23661008991318996,192.42778743273365,167.88942463562236
790,0.822702474791882,132.14826333236365,0.3309322815286526,188.78819564103023,167.49836535492886
791,0.822702474791882,132.09645765054293,0.38417726195477575,185.77876439814094,167.84055165634675
792,0.822702474791882,132.04364978739827,0.39160917412110563,184.30058335149727,168.10544012533157
793,0.822702474791882,131.9943767003403,0.36539620768826303,181.42300383421176,168.68239698452612
794,0.822702474791882,131.95054271045748,0.32506129872001405,179.81156607835797,169.05879475457292
795,0.822702474791882,131.91112095299277,0.2838265512073251,175.4680888974724,169.45732983217516
796,0.822702474791882,131.8765825575764,0.24142485039696018,167.84579961281108,170.1577015431575
797,0.822702474791882,131.84804060083462,0.19950948946396246,161.7087914308942,170.31519788442722
798,0.822702474791882,131.82550025632412,0.15755796514993628,153.86866100188453,170.11988128364925
799,0.822702474791882,131.80842009053356,0.119391084068672,143.9292528870485,169.81873467813486
800,0.822702474791882,131.79582251498255,0.08805758797111718,137.01789842691738,168.88354473639234
801,0.783526166468459,131.78974134341254,0.04463302984341292,131.95846782773575,166.76146304422704
802,0.7462153966366275,131.79037246226963,-0.00486373123681481,126.74486384158722,164.32550056331712
803,0.7106813301301214,131.79696848806532,-0.05337403748737937,120.11247428796085,161.82540962101123
804,0.676839362028687,131.80769026472615,-0.09109693526217746,115.80703892539731,158.8509094847328
805,0.6446089162177971,131.8202584164307,-0.10885803700384447,119.5867855527229,155.49524002211422
806,0.6139132535407592,131.8324784810259,-0.1078983144397315,126.13829233796638,151.87907515841002
807,0.5846792890864373,131.8436121028502,-0.10021430031281599,128.44071561001925,148.3250778089143
808,0.5846792890864373,131.85047411824667,-0.061765352060810526,128.57369256029668,146.28274852002042
809,0.5846792890864373,131.8496219693581,0.007670235793284736,133.20309271380765,144.7830190477373
810,0.5846792890864373,131.83606323892116,0.12204282715128777,141.0128553662039,145.19305106726867
811,0.5846792890864373,131.81137283586497,0.26145833243357297,148.78148387533636,146.52951009274582
812,0.5846792890864373,131.77634953333413,0.39934488513182903,157.59949748296614,149.14960815574838
813,0.5846792890864373,131.73329668852097,0.490899833085128,167.09903681959747,151.1152716134784
814,0.5846792890864373,131.68754774182705,0.52164149415366,174.1393995301172,153.26958965746908
815,0.5846792890864373,131.6444455697151,0.4914622758886932,177.24476147178981,155.2311086909587
816,0.5846792890864373,131.60749959403063,0.42126770891448756,181.1601039101618,156.61255189063255
817,0.5846792890864373,131.57797234229471,0.336677471872917,188.82652996381017,157.06890968820883
818,0.6139132535407592,131.5519777610615,0.2822828913074047,197.2882402493167,157.9739221185901
819,0.6446089162177971,131.52666865168536,0.26175156997682825,199.11716844753514,158.7558058935504
820,0.676839362028687,131.498650132331,0.2679360126016397,191.56477861929102,160.24999377467788
821,0.676839362028687,131.46947524567497,0.2789941431190979,188.18467411900323,160.61441499893806
822,0.676839362028687,131.4400282531739,0.2900441291598403,192.38903152561568,160.391982800246
823,0.676839362028687,131.40927514903407,0.30290894083170755,199.09727127958828,159.88850009200794
824,0.7106813301301214,131.37376599678177,0.3330996209492153,202.38359887175923,160.52866502412056
825,0.7462153966366275,131.33178553241248,0.37505224861806596,202.91251750333385,161.65022278281168
826,0.783526166468459,131.28242016576942,0.4200273818171444,202.41440507520164,163.22539186394246
827,0.822702474791882,131.2260369598627,0.45689426116433596,200.90019859596006,165.14737925598766
828,0.8638375985314761,131.16323029576097,0.4705926506848361,194.13574293979016,167.50235200732342
829,0.8638375985314761,131.10356442395337,0.43403842555824773,184.5752654708232,168.27110807798576
830,0.8638375985314761,131.0537280415931,0.35197472091909,175.5194742602961,168.47898531131582
831,0.8638375985314761,131.01833511252477,0.2426857325842261,168.8414195977342,167.59973498831354
832,0.8638375985314761,130.99648493311858,0.1498244687813514,165.26155821675627,166.37306519414548
833,0.8638375985314761,130.98553800181904,0.07506200000732258,163.60823402820392,163.46012573169565
834,0.8638375985314761,130.98187352535098,0.025126944268163833,160.96368410413973,159.91649736394342
835,0.8638375985314761,130.9825517711798,-0.0045152068005517325,152.37792895894947,156.34330841515452
836,0.8638375985314761,130.98237022889543,0.0012085602626089869,139.09810136582536,154.18872314034712
837,0.8638375985314761,130.9767074906384,0.03769788651996328,130.1793545064041,152.33926662367156
838,0.8638375985314761,130.96230866858494,0.09585559762037663,126.64510759120259,150.6860399526498
839,0.8638375985314761,130.9383389543073,0.15957078143845088,124.4121576165398,149.89887522027246
840,0.822702474791882,130.90965984387267,0.20046819960044096,123.06657902309595,148.89658369423432
841,0.783526166468459,130.88067948690167,0.2127026219639372,122.81032381838327,148.11378631945632
842,0.7462153966366275,130.85586996743498,0.19119510286857963,122.52705409607222,147.15323308546775
843,0.7106813301301214,130.83830335819528,0.14214633009718625,123.5474216842717,145.7763431433272
844,0.7106813301301214,130.82549656247812,0.10363064303769609,128.1263093268072,144.93575933274388
845,0.7106813301301214,130.81532841340825,0.08227911570427031,132.71459538646621,143.98246918941905
846,0.7106813301301214,130.80603077402446,0.07523508372838966,135.39592146739278,142.83934886866044
847,0.7106813301301214,130.79527345374117,0.08704659955092404,138.24716334294953,142.05767098033886
848,0.7106813301301214,130.7809563908871,0.11585149499868753,142.1837594863381,141.30053352401654
849,0.7106813301301214,130.76441432642153,0.15517563934103742,147.2062871383353,140.8153060396902
850,0.7106813301301214,130.7411868925097,0.2178888804968754,150.8250526156918,141.86456397591954
851,0.7106813301301214,130.71235431963225,0.2704688365474762,153.026861454392,142.40661214803194
852,0.7106813301301214,130.67902618554905,0.31264021036567136,157.67764928554146,142.7140461251291
853,0.7106813301301214,130.64266522595446,0.3410901440913229,165.3782207393471,143.13563845395834
854,0.7106813301301214,130.60504153594036,0.35293540080476155,173.68725940731713,143.4979314028665
855,0.7462153966366275,130.56372249797784,0.3691430843229166,180.25905028162637,144.8793797235844
856,0.783526166468459,130.51757743943244,0.39262724947990885,185.13413093930447,146.35545043213077
857,0.822702474791882,130.4660912033353,0.417212278433466,187.70480344016306,148.23179493970744
858,0.8638375985314761,130.40948797925884,0.43683538181024983,188.5374314508373,150.4364536433389
859,0.9070294784580499,130.3485767586807,0.4476974712492135,189.54006710971342,152.60985471966347
860,0.9523809523809524,130.28462771469574,0.4476433078946894,190.4395841784228,154.70647784986673
861,1.0,130.22046259333345,0.42776747574870655,189.7092799347529,155.81670309968555
862,1.05,130.157704903957,0.38685584451483224,183.32705437218874,156.91415319331367
863,1.05,130.10510447839712,0.3147996568345962,172.73867393248793,156.93054832883686
864,1.05,130.0635491487845,0.24145405267729617,163.87184162310953,157.08200746423526
865,1.05,130.03085500937192,0.1844337740369474,157.6410825202072,156.11442482978916
866,1.05,130.00385679387338,0.14786601810606625,152.61044584647644,154.34766937726562
867,1.05,129.9824360774038,0.11731871869510485,145.42806408789608,151.56565518378883
868,1.05,129.96245882258594,0.10941305075412258,138.98326265953108,149.84314845218677
869,1.05,129.93947992426362,0.1258526955447877,135.51077234523362,147.8957684108654
870,1.05,129.9113239298906,0.15420703542371147,132.5183610803279,146.34027139552836
871,1.05,129.87846408179374,0.1799694833136669,125.40692726493948,145.79335448239536
872,1.05,129.84169384091513,0.2013862399098207,120.24674411650724,145.87459937330195
873,1.0,129.80577279176663,0.2065720835986475,121.61055504679747,144.98817327137016
874,1.0,129.76908721826737,0.21096865307074555,125.46472209201475,144.69471883953966
875,1.0,129.7324224951274,0.21084874838375037,126.88332333151153,144.62634965657594
876,1.0,129.69724312569855,0.20230688732299448,126.45514558207661,144.72723860055683
877,1.0,129.6640668608429,0.19078758331682377,124.78898245219149,145.00386499517663
878,1.0,129.63367938100492,0.17475004695706103,122.37976802821814,145.23149640782162
879,1.0,129.60700208431135,0.1534138031430545,119.03258801729852,145.2409283366811
880,0.9523809523809523,129.58707167277055,0.12034503650066652,116.38151661511652,144.08123780681055
881,0.9070294784580498,129.57445867487942,0.07996860842048525,116.18689062028204,141.91503241921325
882,0.863837598531476,129.56828915296344,0.0410716382278014,119.8704333136295,139.27398937470693
883,0.863837598531476,129.5637824612028,0.030001873097799503,123.21851992418172,137.33028674883022
884,0.863837598531476,129.5568746453565,0.04598659624649544,124.48300766951964,135.6113706805635
885,0.863837598531476,129.54440907846197,0.08298556367401665,124.49863568184779,134.24670601656217
886,0.863837598531476,129.52442725113406,0.13302268706099446,124.9734624041014,133.25475897096953
887,0.863837598531476,129.49717149711952,0.18144655027641537,126.79839341483368,132.79480776922978
888,0.863837598531476,129.4639879899944,0.22090868925292567,127.77729511252375,132.73472525055564
889,0.863837598531476,129.4271777042304,0.24505281941651977,128.67715490963158,133.1857157713772
890,0.863837598531476,129.3887373629964,0.2559043974586084,130.82146854151426,133.5937658205473
891,0.863837598531476,129.35069616251073,0.2532472443372709,133.1231692707403,133.96401313580165
892,0.863837598531476,129.31426199539808,0.24254892861462934,133.90680230809608,134.4485528128426
893,0.863837598531476,129.27991206708177,0.22867376891953342,134.6587412582929,134.74803317111883
894,0.863837598531476,129.24748125756713,0.2158978432950872,136.6042748706796,134.59148866344395
895,0.863837598531476,129.21644007025006,0.2066468736171337,138.52417289761243,134.25853273831933
896,0.863837598531476,129.1862190993523,0.20118654257350188,137.95768255864087,133.8117267747485
897,0.863837598531476,129.15710230696897,0.19383582381418205,136.92012636751875,133.32702589533542
898,0.863837598531476,129.1283203853658,0.19160652765093503,138.35369433262463,132.80351577851405
899,0.863837598531476,129.10279960064096,0.19695665611395868,142.03643075838045,131.9569358724665
900,0.863837598531476,129.0758017091554,0.20835622753980626,145.66238855156044,131.29484001429321
901,0.863837598531476,129.047017413802,0.22214279938973014,147.72600035860367,131.02450664170598
902,0.863837598531476,129.0159762374196,0.23956027873114213,149.918514683726,130.94560507429904
903,0.863837598531476,128.982566984535,0.25783590913720295,153.00176976399226,130.85411701234932
904,0.863837598531476,128.94690037420852,0.2752570651944137,156.65319323349556,130.6083573001959
905,0.863837598531476,128.90955017479382,0.28825016398304365,159.40425411660974,130.38723346789595
906,0.9070294784580498,128.8676814435082,0.3077351749495342,159.5333486862065,131.22605278794438
907,0.9523809523809523,128.82095246297976,0.3271028636988164,158.15468449786133,132.6996326608632
908,0.9523809523809523,128.77325516422138,0.3338810913086239,157.50962812076193,133.51957270471954
909,0.9523809523809523,128.72649494287322,0.327321549437188,156.85795049228054,134.32337807881228
910,0.9523809523809523,128.6822655733546,0.3096055866303258,154.92953273661328,134.92997019528994
911,0.9523809523809523,128.64190224301458,0.28254331238004676,152.12619841756822,135.47922136834086
912,0.9523809523809523,128.60533821685766,0.2559481830984616,150.47471412882166,135.65558977192097
913,0.9523809523809523,128.57200231059312,0.23335134385188966,149.12403365488268,135.50568127707126
914,0.9523809523809523,128.54106620375728,0.21655274785067874,147.86922112247413,135.0449759808921
915,0.9523809523809523,128.5113289406996,0.20209790427563787,144.43377832351473,134.64627782037752
916,0.9523809523809523,128.4820750168481,0.19302240263966147,139.99546073449383,134.3297375534794
917,0.9523809523809523,128.45251228321806,0.18937862376466152,136.97639713605147,133.7019632141784
918,0.9523809523809523,128.42195911311492,0.19002267136559856,133.65773001830993,133.11501214946733
919,0.9523809523809523,128.39098831824177,0.1926200507593733,129.79432774627168,132.82691523979466
920,0.9523809523809523,128.35970010342598,0.19459421531362114,124.87484111178077,132.76401431491857
921,0.9523809523809523,128.3286486344869,0.19312179579768207,118.31977775876913,132.83619241353153
922,0.9523809523809523,128.29851455849223,0.1874161535554111,112.0304312847329,133.0427812563522
923,0.9523809523809523,128.26940036247086,0.18107310252833997,108.58137637165729,132.9913707973946
924,0.9070294784580498,128.24477439478954,0.16081692195508868,108.79181434783418,131.81277209592787
925,0.863837598531476,128.22578520022836,0.13020698525316277,109.87669486071476,130.2174350456293
926,0.863837598531476,128.20946785552715,0.11188638117500335,110.6496948849785,129.1955641688704
927,0.863837598531476,128.19412133682425,0.10522952555960229,110.3308367358129,128.31440542024455
928,0.863837598531476,128.17912732966983,0.10281238954863044,106.11328918541176,127.79824081033621
929,0.8227024747918819,128.16717037887832,0.08608698151394388,101.37748499009155,126.54683878758375
930,0.7835261664684589,128.15947815226767,0.05815116334084585,101.2898669152053,124.54473056567547
931,0.7462153966366274,128.1560459216912,0.026450559794899596,107.07678153997429,122.02152292717018
932,0.7462153966366274,128.15265620132126,0.026122953961273215,113.98489726625031,120.05647563100976
933,0.7462153966366274,128.14606437478338,0.05080005498238486,119.64617005604985,118.66173447403244
934,0.7462153966366274,128.13534095417174,0.09580272809492787,123.26830644365154,117.70937896647209
935,0.7462153966366274,128.1187958343053,0.14781362004423682,127.08611716401063,117.23807985696271
936,0.7462153966366274,128.09704231929072,0.19434527092921938,132.1126078623217,117.2818764051616
937,0.7462153966366274,128.07109677789194,0.23179671281428074,138.19753419193418,117.32378941966725
938,0.7462153966366274,128.04221943167042,0.2579893718949161,144.97139853297497,117.71156897195335
939,0.7835261664684587,128.00871049954702,0.2851122149878103,149.05989664929228,119.29450026916565
940,0.8227024747918817,127.97015862929477,0.31240026160548917,151.39419555849196,121.02618134662335
941,0.8638375985314759,127.92828890364561,0.3231296076974562,154.05227116165867,122.2638838599505
942,0.9070294784580497,127.88500630751838,0.31812708153485414,156.47404598976934,123.2117999595423
943,0.9523809523809522,127.84221357158002,0.2995491515685754,157.33417492280637,124.01006564869603
944,0.9999999999999999,127.80163453822418,0.27052688903892746,155.11953163192945,124.77565151056335
945,1.0499999999999998,127.76284827469021,0.2390893113514547,151.89426224550814,125.20363239851072
946,1.1024999999999998,127.72576480324531,0.21136646095504155,148.73072125468474,125.09046507972074
947,1.1024999999999998,127.69227108004391,0.19090579876824537,145.89077675229726,124.35347764614923
948,1.1024999999999998,127.65952982027082,0.1811815014243871,142.6477807238294,123.34330468176934
949,1.1024999999999998,127.6262375650002,0.17886462647820597,138.66444839028853,122.45673667856497
950,1.1024999999999998,127.59142311235567,0.1815948763398852,133.63271691110432,121.67993875278663
951,1.1024999999999998,127.55482573493731,0.18533470853386041,127.44080980521768,121.250562235021
952,1.1024999999999998,127.51625608626341,0.18963358386832377,122.19355771588432,120.96045660883014
953,1.1024999999999998,127.477872987853,0.1887163809316342,115.52921281390904,120.97282842223723
954,1.1024999999999998,127.4420426759541,0.17616521513995906,104.9626558437479,121.64073164898763
955,1.1024999999999998,127.41016710764444,0.15672111269462444,96.62617387906886,122.48866832437561
956,1.0499999999999998,127.38567912082809,0.1264188838744105,95.58808671177175,121.64078275159926
957,0.9999999999999998,127.36962040932647,0.08704801336722781,94.8951114821016,120.08962183592449
958,0.9523809523809521,127.36171517877796,0.044993730979585894,93.34175246049374,118.27544256082759
959,0.9070294784580496,127.36081787974413,0.005206270652962984,94.89127168123076,115.89246643930686
960,0.8638375985314758,127.36179054937165,-0.005925761873274718,97.72669607843714,113.97107150286438
961,0.8638375985314758,127.35828141824422,0.02137855943532977,99.83045933518441,113.27198468134715
962,0.8638375985314758,127.34665972523908,0.07080244243614489,100.15750990948314,113.34479911904555
963,0.8638375985314758,127.32530823136524,0.13007897517646186,98.48620598668933,114.60399683239656
964,0.8638375985314758,127.29747317113336,0.16957858454021288,97.69514735452303,115.75927777556208
965,0.8638375985314758,127.26699109793209,0.18570489103528934,98.07073822205946,116.94481998618046
966,0.8638375985314758,127.23739173126312,0.1803272082471787,97.93980908957926,118.32636101460506
967,0.8227024747918816,127.21492896777053,0.1436915812832456,98.61364238119023,118.51281288070682
968,0.7835261664684586,127.20254679873683,0.08316759962279971,100.05289733072233,117.8048788328626
969,0.7835261664684586,127.1951622070287,0.0496002570219474,101.53791555412856,118.08718512397921
970,0.7835261664684586,127.18747675710412,0.051621038326198646,103.6578992186388,118.10582622838092
971,0.7835261664684586,127.17570937621402,0.07903823795462031,104.1859797411174,118.4798963672773
972,0.7835261664684586,127.15977997215184,0.10699339474908215,98.22864146610135,118.51031890179212
973,0.7462153966366273,127.14414735698507,0.1102499432448069,95.40605926136735,118.0285484705537
974,0.7106813301301211,127.13103941085481,0.09706679378797216,102.73326718937841,116.54287553968491
975,0.7106813301301211,127.11546554436237,0.1153273954807805,113.54061551557504,116.35232409545563
976,0.7106813301301211,127.09905276577352,0.14298787826782802,119.48139620728709,115.79904768594922
977,0.7106813301301211,127.0807159364874,0.17201173492481733,123.81864708148616,115.6826833207623
978,0.7106813301301211,127.05917711762781,0.20204854080522236,130.4071897756347,115.56859235136238
979,0.7106813301301211,127.03510695046556,0.22579428258280337,138.3286773996,115.57406120273095
980,0.7106813301301211,127.00934278119622,0.24168515645554484,145.6157898048633,115.43236119769621
981,0.7462153966366272,126.97916479297825,0.2696092696913867,151.2895281167615,116.40865752162941
982,0.7835261664684585,126.94363737873459,0.30228655841606106,155.4147389135632,117.80487050469412
983,0.8227024747918815,126.90208806234892,0.33668969166719914,158.39165984577375,119.40355103552763
984,0.8638375985314757,126.85479619803785,0.36497496282056086,160.34998256879797,121.36675882441388
985,0.9070294784580495,126.80221785270611,0.38645083818861187,161.2416286642704,123.36017800108317
986,0.952380952380952,126.74729292231233,0.38447451275617744,160.9759083893932,124.70973668737014
987,0.9999999999999997,126.69293912998934,0.3623586154866323,158.54722198476347,125.91988638436456
988,1.0499999999999996,126.64049999803699,0.323249387901468,152.65395301475945,127.03993078606516
989,1.1024999999999996,126.59218249107784,0.2753976380908452,145.47625420767199,127.80522889974027
990,1.1024999999999996,126.55288485830988,0.21746274140539912,138.81606731518775,127.15992578948912
991,1.1024999999999996,126.52313597484576,0.15982765017581804,135.14513707758783,125.38855811164515
992,1.1024999999999996,126.50004763303184,0.12043057575533268,131.99492140628075,123.50871143389459
993,1.1024999999999996,126.48005764705061,0.10123234195382531,126.0967951360754,121.76910011940664
994,1.1024999999999996,126.4593399946135,0.10186151069739895,119.94228404362453,120.28865597883444
995,1.1024999999999996,126.43571275659447,0.11616693375520132,114.31550397063539,119.0163584495413
996,1.1024999999999996,126.40798807969125,0.13631261946929168,108.73328135821497,118.27515737601581
997,1.1024999999999996,126.37585128398148,0.15800547720862132,105.1830432294145,118.02813441457779
998,1.1024999999999996,126.34007662409749,0.17589159348681746,103.24547359133759,118.04427905811873
999,1.1024999999999996,126.30350383718509,0.17981570723895485,95.44670031078456,118.7582513759422
1000,1.0499999999999996,126.2730657600647,0.1571361404965988,86.09399746627244,119.30239825713541
1001,0.9999999999999996,126.2519156134013,0.1146466981045209,83.23868054449562,119.00911668842006
1002,0.9523809523809519,126.24076749407371,0.06345108834888019,84.75864835707733,117.43363899103176
1003,0.9070294784580494,126.23828742624553,0.014821437425295752,86.78461806669631,115.13706644945474
1004,0.8638375985314756,126.24237595576906,-0.024908408448999254,87.72280716139747,112.58146044837463
1005,0.8227024747918814,126.25075965699972,-0.05206749786241566,88.07271127844365,109.77730120317194
1006,0.7835261664684584,126.26106864294954,-0.06526779442549084,89.68187038662558,106.64263522995518
1007,0.7835261664684584,126.26895511207357,-0.04847617804629248,89.7494744519546,104.40503591478218
1008,0.7835261664684584,126.27109084476183,-0.013127821389609235,87.29523974902948,102.81035080866346
1009,0.7835261664684584,126.26248274363509,0.05291187175096882,88.1270612889483,102.90539400170294
1010,0.7835261664684584,126.2405731774334,0.13467269260884995,92.49457954004173,103.91589455704366
1011,0.7835261664684584,126.2055272583491,0.21541860959634782,97.35546430844187,105.83457642104625
1012,0.7835261664684584,126.16224271950543,0.26605937063030033,100.78838979432156,107.72825752164275
1013,0.7835261664684584,126.1243096668181,0.274311890401502,101.41165529750154,110.26545202282236
1014,0.7835261664684584,126.08929718707425,0.25319184262249145,103.48907481426063,112.08398584362838
1015,0.7835261664684584,126.05939507461088,0.21623635367424895,107.4176265674946,113.0133101639093
1016,0.7835261664684584,126.03552331066385,0.1726280441891072,112.03026519694387,113.45008767695131
1017,0.7835261664684584,126.01983421740307,0.13347679122783548,116.29083074448951,113.24249754231109
1018,0.7835261664684584,126.0074365651317,0.1054859667483389,120.58884146413178,112.47587362285972
1019,0.7835261664684584,125.99653489222668,0.09275736086052705,125.20628124690121,111.43180744950655
1020,0.7835261664684584,125.98547264902199,0.09412358028014535,129.72526027343596,110.35707485714231
1021,0.7835261664684584,125.97294145262939,0.10662223274622024,132.93442779332418,109.35319251252065
1022,0.8227024747918814,125.95571058125513,0.13962821232230407,133.84271260653912,109.6081710822048
1023,0.8638375985314756,125.93196899850449,0.183225664878018,132.25334243461447,110.49714174208692
1024,0.8638375985314756,125.90312900015364,0.21608998764358398,128.35168024323207,111.06353626026667
1025,0.8638375985314756,125.87071583280975,0.23578906492259719,125.21782486807565,111.90918250379072
1026,0.8638375985314756,125.8372278571297,0.24360774089066814,124.83389164363977,112.68773958091667
1027,0.8638375985314756,125.80462320951499,0.23718198507544738,125.06298345403286,113.35040066084652
1028,0.8638375985314756,125.7739096749461,0.2234251136161102,125.15711849111104,113.93842152328924
1029,0.8638375985314756,125.74548949278449,0.20674215838645998,125.79763148055316,114.33646603337353
1030,0.8638375985314756,125.71920326260386,0.19121875899629204,126.96122554645467,114.31653433597153
1031,0.8638375985314756,125.69454830834417,0.17935206852583174,128.00834173055094,113.79778185894837
1032,0.8638375985314756,125.67082979908248,0.17253991443789274,129.0631788239008,113.27438204375095
1033,0.8638375985314756,125.64710153555929,0.17261087165634625,131.3161829822624,112.56230189927861
1034,0.8638375985314756,125.62390850381574,0.1789922224807511,134.49644361139437,111.81643985477936
1035,0.9070294784580494,125.59600482283271,0.20509205522526652,136.79590026348222,111.89558404685039
1036,0.9523809523809519,125.56160711390586,0.24078396248807693,136.82419718736935,112.62825273763698
1037,0.9999999999999996,125.51981349399557,0.2786241327348962,136.08048185754524,113.90168058538565
1038,0.9999999999999996,125.47370292734223,0.3074037776892119,137.01155279983377,114.57652948142174
1039,0.9999999999999996,125.4260223233357,0.31787069337678786,135.66507151405122,115.49438515781146
1040,0.9999999999999996,125.37861203959113,0.30686267795816885,131.7395539058572,116.61020458681256
1041,0.9999999999999996,125.33652348890118,0.2724178038187529,129.56234665905612,116.67066692888329
1042,0.9999999999999996,125.3021485818962,0.22249130747544082,128.4674483043406,115.91500738694411
1043,0.9999999999999996,125.27490004176256,0.1763659555577628,126.81769747400001,115.39307715444836
1044,0.9999999999999996,125.25329007871834,0.1398703109656639,125.28281260434571,114.41070061280703
1045,0.9999999999999996,125.23468384691037,0.12042868484108848,123.82080437332549,113.23979479985746
1046,0.9999999999999996,125.21611384309449,0.12019419945558833,123.2089779826374,111.8566615718454
1047,0.9999999999999996,125.1950596507391,0.13627308967890264,123.1543762317729,110.59555740713499
1048,0.9999999999999996,125.17010645162419,0.1615093793847355,122.8264313889172,109.69690059944979
1049,0.9999999999999996,125.14123010637569,0.18690191099354314,121.01989799051158,109.08427506534494
1050,0.9999999999999996,125.10830979914036,0.20687031284953727,118.28315618755647,109.0917988313812
1051,0.9999999999999996,125.07314997916782,0.22094334981327715,116.85761163250359,109.15059943165302
1052,0.9999999999999996,125.03668584510875,0.22913962396124465,117.07727197264093,109.2991804774495
1053,0.9999999999999996,124.99982113027646,0.23165686261544552,117.59947587939483,109.4465692581612
1054,0.9999999999999996,124.96297504723684,0.2315397809383265,117.87758449845707,109.7151486983239
1055,0.9999999999999996,124.92716172887029,0.22504991589860657,117.21300703667643,109.91228905406072
1056,0.9999999999999996,124.89311221052569,0.21396624466420092,115.509094308061,110.11636924251431
1057,0.9999999999999996,124.861378197186,0.19941567436253316,113.32427048174284,110.20908391645523
1058,0.9999999999999996,124.8318507358812,0.18014539956631243,110.71286001979962,110.26702483568751
1059,0.9999999999999996,124.80536803820978,0.16156946594115182,108.57571527346732,110.2403779736135
1060,0.9999999999999996,124.78133177824704,0.14664388551307156,107.03974765621095,110.02089240779256
1061,0.9999999999999996,124.75876925871269,0.13765267710562543,107.40285945723745,109.55738417191158
1062,0.9999999999999996,124.73665571888795,0.1349134768626187,107.01838682766896,108.94590344607826
1063,0.9999999999999996,124.7142400518365,0.13675673827311327,104.17785696664582,108.59198882339095
1064,0.9999999999999996,124.69135155164484,0.1396414669699872,102.52407373155896,108.54936977532932
1065,0.9999999999999996,124.66783357313203,0.14348187920560695,103.32348541355174,108.3276519290275
1066,0.9999999999999996,124.6433439005517,0.1494101306811892,104.99851652585465,108.00133982350502
1067,0.9999999999999996,124.61808497981947,0.15410327088246337,105.98185759964691,107.8766974820045
1068,0.9999999999999996,124.59198475377148,0.15923602783359164,106.28248523091418,107.69865157769947
1069,0.9999999999999996,124.56507606920823,0.16416838828139288,106.87445701208838,107.58123098997251
1070,0.9999999999999996,124.53798112384291,0.1653047550779109,107.11780793318934,107.58055237140596
1071,0.9999999999999996,124.51137111787398,0.16234616678557492,106.16694079124333,107.66316723237978
1072,0.9999999999999996,124.48559226131927,0.15727537042464348,105.77366520521458,107.65689823348335
1073,0.9999999999999996,124.46088750789659,0.15072232694082185,104.87701404505488,107.65087133710713
1074,0.9999999999999996,124.43739141900676,0.14334833183313425,103.00718296296428,107.60011200399343
1075,0.9999999999999996,124.41582425569226,0.1315800641544676,98.66387447742373,107.64299521133258
1076,0.9999999999999996,124.39661258190725,0.1172093535103228,92.49924597764769,107.93155858678348
1077,0.9999999999999996,124.37894427872469,0.10779333528311451,90.17769016464237,107.82886888584899
1078,0.9999999999999996,124.36169409024608,0.10524244072308009,91.8659659212606,107.32333140176554
1079,0.9999999999999996,124.34389127093512,0.10861401070256493,94.06979114189112,106.72916091793412
1080,0.9999999999999996,124.32504797885065,0.11496187723916183,93.74707161301367,106.47795366199433
1081,0.9999999999999996,124.3052631311007,0.1207062559995104,91.54051008164366,106.53058873486229
1082,0.9999999999999996,124.2847842673111,0.1249404092673499,90.34438654284423,106.60556374283907
1083,0.9999999999999996,124.26408707061817,0.12627244617015054,90.72173604224545,106.45978574617043
1084,0.9999999999999996,124.2436890197682,0.12444737401603133,91.64893566634896,106.18757654817425
1085,0.9999999999999996,124.22410420864905,0.11948584363793918,92.2497488036764,105.96402345877371
1086,0.9999999999999996,124.20523625363408,0.11511234440660917,91.65484221349023,105.78757009344798
1087,0.9999999999999996,124.18646624228822,0.114514795527649,90.36469856901323,105.43766578734065
1088,0.9999999999999996,124.16769682810796,0.11451115225344403,89.24161954666089,105.20131336462417
1089,0.9999999999999996,124.14922083363321,0.11272101494556594,88.33039803006099,105.1391943722136
1090,0.9999999999999996,124.13075667373626,0.11264881284419476,89.38205540881533,104.81062335427565
1091,0.9999999999999996,124.11175191883396,0.11594695291261606,92.8446990897567,104.42654189727875
1092,0.9999999999999996,124.09176079686691,0.12196472352858297,96.51074558819009,104.0205989456037
1093,0.9999999999999996,124.07049889517862,0.12971767994679326,97.96318747158274,103.73154180203832
1094,0.9999999999999996,124.04816521202588,0.13625655906570738,98.9244700768255,103.76235290872282
1095,0.9999999999999996,124.02498640672668,0.14141260228877137,100.70653846635777,103.74955281707169
1096,0.9999999999999996,124.00167161528512,0.1422422461821249,100.82564450459138,103.73819986727868
1097,0.9999999999999996,123.9790174301276,0.13821192397570406,99.20661245019974,103.77455512704178
1098,0.9999999999999996,123.95703726476367,0.13409976669326382,99.81256610303137,103.67717119669598
1099,0.9999999999999996,123.9355962406202,0.13081049608566606,102.38520757888317,103.425391167321
1100,0.9999999999999996,123.91425010324402,0.13023159719512084,104.96013087458388,103.0767912522214
1101,0.9999999999999996,123.89422039286868,0.13353140250215348,107.43442861254282,102.74695889115138
1102,0.9999999999999996,123.87346053069628,0.13839908114934074,109.851449880268,102.51226402561146
1103,0.9999999999999996,123.85191676728053,0.14362508943824545,111.99876645131481,102.32399825842221
1104,0.9999999999999996,123.82977261954996,0.1476276515371587,113.448374293801,102.17845072560532
1105,0.9999999999999996,123.80719233465672,0.1505352326217275,113.94775274103475,102.00031629622828
1106,0.9999999999999996,123.78463211434982,0.15040146871265703,114.05763629163174,102.00235409441007
1107,0.9999999999999996,123.76278149633181,0.14567078678652715,112.95595158374351,101.93239358485151
1108,0.9999999999999996,123.7418475954088,0.13549450435604338,110.20169748923914,102.04156990769322
1109,0.9999999999999996,123.72236523822723,0.12609939923350497,107.999428189998,102.09421076361423
1110,0.9999999999999996,123.70380950552591,0.12010182978196361,106.98855369326017,101.87262223959846
1111,0.9999999999999996,123.68553432794101,0.11484071753494476,104.12150106068334,101.75344101288596
1112,0.9999999999999996,123.6679809010716,0.10709248128410535,97.35061590478965,102.0035323511491
1113,0.9999999999999996,123.65197360078325,0.09765964898422183,90.56900684066498,102.34388828419632
1114,0.9999999999999996,123.6369195369867,0.09184400615173305,87.67321611563627,102.09584719716057
1115,0.9999999999999996,123.62249691699967,0.0879916025811539,86.16886433901387,101.6439302764317
1116,0.9999999999999996,123.60887567674585,0.08310242938885057,83.20189630491166,101.37184583143663
1117,0.9523809523809519,123.59782541517515,0.07078788297079412,80.3315635981,100.1488436547086
1118,0.9070294784580494,123.59013388633015,0.0517354627556076,76.736533169481,98.9128412566275
1119,0.8638375985314756,123.58631539433502,0.0269685035444598,75.31417223114508,97.46240305387842
1120,0.8227024747918814,123.58608230970272,0.0016781496203256592,78.39596050407752,95.46862888532493
1121,0.7835261664684584,123.58855169662557,-0.018124175408169584,83.60444146848504,93.14198455787111
1122,0.7835261664684584,123.59062299911888,-0.015202416990611983,87.7114512980883,91.49126998032412
1123,0.7835261664684584,123.58951085958765,0.008162597669894644,90.47356417503092,90.1645637899335
1124,0.7835261664684584,123.58437312196087,0.04371466537366197,92.76680781645653,89.22010635331816
1125,0.7835261664684584,123.57475458478716,0.08183974435348638,95.5138375393093,88.78588635492616
1126,0.7835261664684584,123.56132519648615,0.11426453789462067,96.71021231072056,88.7606553606849
1127,0.7835261664684584,123.5451680005191,0.13747420876290753,96.34639661822122,89.17958505935518
1128,0.7835261664684584,123.52750086665951,0.15032158138179724,96.79360579987365,89.65518819736651
1129,0.7835261664684584,123.50914799298201,0.15615622862291897,98.7077484045523,90.0115391339421
1130,0.7835261664684584,123.49062884783295,0.15757095671374796,101.13192232875112,90.33313069465572
1131,0.7835261664684584,123.47250162297051,0.1542362858079081,103.01931517419098,90.67565015609989
1132,0.7835261664684584,123.45491165204878,0.14966503714891097,104.54648311899085,90.73953834998157
1133,0.7835261664684584,123.43773250144109,0.14616955453326202,106.59055856802853,90.69002905167581
1134,0.7835261664684584,123.42088777424458,0.14332409830836332,108.28225648494443,90.43183166314066
1135,0.7835261664684584,123.40464653129501,0.1381893261904913,109.4035711866575,90.26009245285682
1136,0.8227024747918814,123.3870495911551,0.1425946048065148,109.6784767148938,90.99923838210823
1137,0.8638375985314756,123.36691935700284,0.15535508206989007,109.85757368635082,91.94282171877634
1138,0.8638375985314756,123.34553041752828,0.16506914039506504,110.98375395286234,92.23174665688909
1139,0.9070294784580494,123.32126105468606,0.17837981689022947,110.99325037775134,93.40828618788875
1140,0.9070294784580494,123.29624543710759,0.18386478920169746,110.61352914880344,94.08198987105098
1141,0.9070294784580494,123.27183571333187,0.17941146975155903,110.92625364115075,94.49966280591332
1142,0.9070294784580494,123.24887068338921,0.16879297007837415,111.53259970288188,94.82378446252858
1143,0.9070294784580494,123.22808490824234,0.15277544732985546,109.62282915016029,95.0607216592075
1144,0.9070294784580494,123.20961129083902,0.1318262989458066,104.9324585903455,95.45557121641032
1145,0.9070294784580494,123.19386348851022,0.10910203328946319,100.44890208262002,95.6503172251332
1146,0.9070294784580494,123.18065054800924,0.09154030792949273,98.94445822544678,95.44262108034577
1147,0.9070294784580494,123.1688616806256,0.08167421554286645,98.29132494821191,94.85683749585827
1148,0.9070294784580494,123.15728235440658,0.07788592000569447,95.05225189712183,94.26600055114064
1149,0.9070294784580494,123.14585714983447,0.07684925292856042,90.20802199901516,93.97785612465783
1150,0.9070294784580494,123.13401969289185,0.07962218241917422,87.36707595464514,93.60539973160063
1151,0.9070294784580494,123.12077858117627,0.08906357316111213,87.58459014667643,92.94969078892453
1152,0.9070294784580494,123.10574438487795,0.10112438220378703,88.94567348206138,92.53218429141289
1153,0.9070294784580494,123.08902094294204,0.11248674026463487,89.6485386840279,92.37993276080218
1154,0.9070294784580494,123.07130048877778,0.11919293483830705,87.3402202404596,92.57515931529421
1155,0.9070294784580494,123.05300270494664,0.1230762222944036,85.40316880995745,92.85042879576659
1156,0.9070294784580494,123.03467611477794,0.12326998210870603,87.15534517848971,92.9841047425149
1157,0.9070294784580494,123.01682936233932,0.12004245380989245,90.01035626084064,92.9015522495628
1158,0.9070294784580494,122.99976909434386,0.11475233042333935,90.4410246510796,92.9646116748585
1159,0.9070294784580494,122.9839067825626,0.10669452808611823,88.16781127652641,93.23632153454353
1160,0.9070294784580494,122.96947932143117,0.09704330479269477,86.83571311853008,93.32005619240667
1161,0.9070294784580494,122.9561665701101,0.08954544200866241,88.84563229815129,93.13664491062053
1162,0.9070294784580494,122.94336396938485,0.08611402054731834,92.01295865960974,92.7025684762842
1163,0.9070294784580494,122.93041825489979,0.08707664536998355,94.14472657419735,92.2827732189692
1164,0.9070294784580494,122.91692079590389,0.09078783961574523,94.68453055669352,92.04350331962428
1165,0.9070294784580494,122.90269387474447,0.09569441454432218,93.53904814203689,92.01560165381153
1166,0.9070294784580494,122.88793001833663,0.09930599737855977,91.76980770727506,92.09335830332401
1167,0.9070294784580494,122.87300426941583,0.10039493356341954,90.22079261726122,92.13488617460891
1168,0.9070294784580494,122.8582864780626,0.09899615040738921,88.52515647222735,92.1582877035792
1169,0.9070294784580494,122.84244284208229,0.10656890921102151,87.3947216016611,92.86805656665605
1170,0.9070294784580494,122.82574049849589,0.11234482662190574,87.17794856497761,93.0629427195576
1171,0.9070294784580494,122.80858304411753,0.11540603433527116,87.16279513496872,93.24494066019966
1172,0.9070294784580494,122.79136483162621,0.11581471109512957,85.07525269796619,93.35627273606404
1173,0.9070294784580494,122.77519334281101,0.1087741428478794,79.79078096301375,93.80501760186868
1174,0.9070294784580494,122.7606696638497,0.09769049393458307,76.4897771409038,94.19542022633614
1175,0.8638375985314756,122.74948328515605,0.07900498255129147,77.12289042739584,93.1603163725992
1176,0.8227024747918814,122.74236900505777,0.05275762335103923,78.82600310834796,91.812751914088
1177,0.8227024747918814,122.73603209675841,0.046992839281989204,81.305253821453,91.77072126496454
1178,0.8227024747918814,122.7292057310913,0.050622525926370836,83.50974367014148,91.11635903246795
1179,0.8227024747918814,122.72103656265718,0.060580396805136695,84.276524757659,90.63970496065203
1180,0.8227024747918814,122.71120962955541,0.07287394200320405,83.34388449677377,90.46577681455675
1181,0.8227024747918814,122.69984026288013,0.08431222224995842,83.1512428475884,90.42717778540568
1182,0.8227024747918814,122.68693705265534,0.09568680114573505,85.15617229421339,90.36834850159904
1183,0.8227024747918814,122.67229266714749,0.1085988974503947,89.28435069089903,90.21187080171792
1184,0.8227024747918814,122.65738149735711,0.12083080050060088,93.43608466199073,90.11728753432865
1185,0.8227024747918814,122.6413399465483,0.1299907017849753,96.86733953973761,90.15743758709608
1186,0.8227024747918814,122.62468432083668,0.13496678100077625,99.81090701007597,90.26703569494198
1187,0.8227024747918814,122.60788259354716,0.13615069687481424,102.50217589258574,90.38761905442436
1188,0.8227024747918814,122.59127399581777,0.13458569562523368,104.93597213779707,90.42869919504905
1189,0.8227024747918814,122.57524494725943,0.12988939136165828,106.92672215324082,90.34841696797048
1190,0.8227024747918814,122.55999873050509,0.1235458116920042,106.38272153992281,90.29201318770174
1191,0.8227024747918814,122.54538046798069,0.11500705153700305,103.88429050122068,90.32762776395744
1192,0.8227024747918814,122.53182124406422,0.10667521951909309,102.40968104167835,90.31626007090061
1193,0.8227024747918814,122.51868980386757,0.10330969340106544,103.12032547761142,89.98068424107335
1194,0.8227024747918814,122.50570248628064,0.10217582975837373,102.71009898818929,89.70485091021396
1195,0.8227024747918814,122.49239975195785,0.1016090533914851,99.37654598006408,89.67222666045453
1196,0.8227024747918814,122.47850859738791,0.10301313563489133,96.65321872648386,89.53929910881325
1197,0.8227024747918814,122.46442914582622,0.10440949642409837,96.48689372205038,89.20242249324122
1198,0.8227024747918814,122.45006993424035,0.10648412291837925,97.5992351809545,88.81237151066293
1199,0.8227024747918814,122.43492705811627,0.11229557228141118,98.65234602298563,88.1078876689932
1200,0.8227024747918814,122.41871994616078,0.11668705271387453,96.6256408390862,88.09592921985897
1201,0.8227024747918814,122.40215032272273,0.11582237134749478,90.18870342103129,88.5256115666885
1202,0.8227024747918814,122.38635064156858,0.11044044209290681,86.42418846483118,89.0230998588895
1203,0.8227024747918814,122.37157107046718,0.10330982951219633,87.11283822607591,89.10637349308182
1204,0.8227024747918814,122.35761017174185,0.09758727484419298,90.62932204677928,88.78018535669035
1205,0.8227024747918814,122.34557800386261,0.09750116838838924,94.72389360073903,88.37961172525331
1206,0.8227024747918814,122.3331325173861,0.1008504439766209,98.8603639265289,87.76715513179968
1207,0.8227024747918814,122.31986671131823,0.1074978012449763,103.08824344709086,87.39889246388584
1208,0.8227024747918814,122.30542260137084,0.1170460394451089,107.3668923233991,87.00845051185789
1209,0.8638375985314756,122.28793138674867,0.1349884488467391,111.00830855112,87.51643168967465
1210,0.9070294784580494,122.26670004201775,0.15605038377200814,113.67896267292818,88.36818677190277
1211,0.9523809523809519,122.2413767513476,0.17726303469115806,115.28395065800083,89.4455416432868
1212,0.9999999999999996,122.21177527644514,0.19734316601635007,116.32493935984915,90.76631973615905
1213,1.0499999999999996,122.17834600037571,0.21224937186941376,116.83140835212248,92.38864095221467
1214,1.1024999999999996,122.14198483345305,0.2198710017999429,116.10223007569527,94.14263083337603
1215,1.1576249999999997,122.10414452436882,0.21157205001317766,112.54347372003411,95.5848813415113
1216,1.1576249999999997,122.07009570496743,0.1848282928613299,108.81388468488967,96.24023192104937
1217,1.1576249999999997,122.0425755340544,0.14503749703080293,104.89274232982528,96.09725764214588
1218,1.1576249999999997,122.02224458621988,0.10402783758599723,100.52529486994027,95.9737709002612
1219,1.1576249999999997,122.00832029956176,0.06917157679197257,95.51613351774424,95.40124544103251
1220,1.1576249999999997,121.99948385271729,0.04389675223430515,89.29526509284526,94.61504203695286
1221,1.1576249999999997,121.99339621613336,0.030241507646793626,83.36442760101666,93.56446217424566
1222,1.1576249999999997,121.98865262962006,0.023564679960307366,74.12598233438547,92.7352367601105
1223,1.1024999999999996,121.9852065901145,0.017974808458467745,66.56013029162041,91.49784759480163
1224,1.0499999999999996,121.9823566810863,0.015608613094937576,64.06339176949605,89.81398363127221
1225,0.9999999999999996,121.97955783469973,0.015626598570680075,63.60288574044672,88.00936506182939
1226,0.9523809523809519,121.97673323838666,0.016558884605721403,62.041242289754926,86.34389011743954
1227,0.9070294784580494,121.97419902618512,0.015599366741064536,60.02352631987174,84.78241044502917
1228,0.8638375985314756,121.97213921624005,0.013313138207646761,58.885800211207815,83.32156847285843
1229,0.8227024747918814,121.97128084407186,0.00582529893276163,59.3018971805613,81.72018681429954
1230,0.7835261664684584,121.97163248543538,-0.0024327339657277056,60.84406130880614,80.0106541004102
1231,0.7462153966366271,121.97351780092261,-0.01329629900363128,59.135127937503384,78.32105357929659
1232,0.710681330130121,121.9769002916181,-0.024318423800707024,55.74381675752255,76.75347993012579
1233,0.6768393620286867,121.98137221806735,-0.03277521418376688,56.90040778768823,75.00761746953813
1234,0.6446089162177968,121.98620875430238,-0.03613577776440747,61.530717499326116,73.02631011888002
1235,0.6446089162177968,121.98711952098142,-0.006804717407181096,65.36921918878998,72.45766380635366
1236,0.6446089162177968,121.98111254703609,0.04488060566039531,68.35214480266272,72.73557502357271
1237,0.6446089162177968,121.96713876980955,0.10440391301781382,70.44709517242518,73.93365322285564
1238,0.6446089162177968,121.94806649183134,0.14249693685592765,73.12539584083116,75.02412855898338
1239,0.6446089162177968,121.9302265600604,0.15681125268228438,77.01827690779558,76.34097014970456
1240,0.6446089162177968,121.9152607889923,0.15476195488811262,80.9834541130991,77.35329309511856
1241,0.6446089162177968,121.9015820062753,0.14146854392723904,84.50607583391701,78.04031162872826
1242,0.6446089162177968,121.88990020620908,0.12081537370775794,87.75025931816242,78.52076073819397
1243,0.6446089162177968,121.88030807589931,0.09920361600618353,91.25586583159158,78.63992946922527
1244,0.6446089162177968,121.87276059175282,0.07805750077347708,95.2115398585354,78.47980947687512
1245,0.6768393620286867,121.86517946201711,0.07467187598767192,98.50588229545555,78.86161028745087
1246,0.710681330130121,121.85603383626038,0.08579209245140122,100.67338456508719,79.35972971913212
1247,0.7462153966366271,121.84410502629717,0.10657164153046234,101.88131603001493,80.07964189813563
1248,0.7835261664684584,121.82868079033405,0.13123778650270057,101.62443459034476,81.09740532163535
1249,0.8227024747918814,121.8093469457776,0.15210620643897002,99.46139028195762,82.56777026541191
1250,0.8638375985314756,121.78644248007238,0.16661816766936624,97.17464996880398,84.38154273473675
1251,0.8638375985314756,121.76353109637748,0.16666849247373725,96.3823304824784,85.54857116867672
1252,0.8638375985314756,121.74231790480184,0.15431502119392992,96.2534909442056,86.44565275058991
1253,0.8638375985314756,121.72398571058329,0.13335725222151515,95.51189831180214,87.09255579753581
1254,0.8638375985314756,121.70887002929013,0.10675609770805342,92.19584474845664,87.5422590985239
1255,0.8638375985314756,121.69748710072636,0.07805158912146462,86.23002042047337,87.82591437452493
1256,0.8638375985314756,121.69031016460461,0.04921152462554831,77.40437403384907,87.94360497333419
1257,0.8638375985314756,121.68674558163289,0.024441984673777326,68.89563595002626,87.79041468454759
1258,0.8227024747918814,121.68727048145325,-0.0037791441916352753,66.06182629490236,86.33758128371
1259,0.7835261664684584,121.69139233064121,-0.03025249587131788,63.69035734378214,84.5021110121165
1260,0.7462153966366271,121.69834232180915,-0.05200025098629146,55.76668003341279,82.73865839953899
1261,0.710681330130121,121.70697580928156,-0.06585056789393981,46.73181867990525,80.98150955937886
1262,0.6768393620286867,121.71633174406524,-0.0727465700943196,43.41154669720596,78.85617331387354
1263,0.6446089162177968,121.7253693632252,-0.071636019613348,45.74063696877999,76.49356071614585
1264,0.6139132535407589,121.73307573325496,-0.06227006841757131,47.386951740879326,74.3304327889872
1265,0.584679289086437,121.73921946367666,-0.05060736324075603,45.01147293919129,72.51107106792377
1266,0.5568374181775589,121.74342995974507,-0.035356307264512346,39.18463632709803,70.88944211564107
1267,0.5303213506452942,121.74640503435863,-0.025467339029292546,34.15029589503932,69.42874183201508
1268,0.5050679529955182,121.7467449502363,-0.0030552479259445303,37.6482277545334,68.81245758982462
1269,0.4810170980909697,121.74360325168915,0.029650281234311234,46.315191374745034,68.32359332474316
1270,0.4581115219913997,121.7367224225159,0.06818586917312794,54.91306625316024,68.2068694036097
1271,0.4362966876108568,121.72668054179456,0.1044859660476472,63.78473058051365,68.35292385197083
1272,0.4362966876108568,121.71464665654716,0.14730919087991992,74.25039267601986,69.37463594297186
1273,0.4362966876108568,121.70217712233041,0.17957889041780423,85.29725904145747,69.74665942430981
1274,0.4581115219913997,121.68742636183967,0.21466040156366112,97.33725154796888,70.9865549028285
1275,0.4810170980909697,121.66963317885683,0.2466049966959267,109.00800393444202,72.38667472132632
1276,0.5050679529955182,121.64897304705826,0.2727043186442834,119.44420083282921,73.8752168950627
1277,0.5303213506452942,121.62577545309398,0.29161682108460635,128.5557631043842,75.49295212595861
1278,0.5568374181775589,121.60067534256393,0.3005079485285504,135.90327812894353,77.2039800516823
1279,0.584679289086437,121.5745214407348,0.2982136511111158,141.6487321545477,78.92023611494966
1280,0.6139132535407589,121.54801890343964,0.2877989373070527,145.933648684264,80.63031145170223
1281,0.6446089162177968,121.52167141058415,0.272490727246573,148.80593241395712,82.2435965704314
1282,0.6768393620286867,121.49600780489016,0.2527788929321947,150.2207523146935,83.70419470008093
1283,0.710681330130121,121.47220124362286,0.22332148280811662,150.0349641299304,84.42135345171026
1284,0.7462153966366271,121.45042017514339,0.18892372114870418,146.6130351329529,84.80493854917387
1285,0.7835261664684584,121.43027542111625,0.161563315084421,141.21387138234826,85.76088566101402
1286,0.8227024747918814,121.4120391656569,0.13523525691479998,134.78735610267884,85.92987386142914
1287,0.8638375985314756,121.39595604725375,0.11028031515518466,126.43881297907458,85.97460969323035
1288,0.9070294784580494,121.38155350360687,0.0913146409043858,119.58161057955273,85.78958431891763
1289,0.9523809523809519,121.3673237030995,0.08342063730449788,113.3479108373612,84.92230388926309
1290,0.9999999999999996,121.35239064660269,0.08094627650652764,105.62026859795327,84.40196663095641
1291,1.0499999999999996,121.33552298464072,0.0845427816766787,100.64173661275416,83.90848863100214
1292,1.0499999999999996,121.31832192312092,0.08370273881168075,94.01571694023957,82.77239905601184
1293,1.0499999999999996,121.30176257672461,0.07823307230587515,80.46624609235135,83.13034874921537
1294,1.0499999999999996,121.28686390919958,0.07038735139943023,70.54352819833836,83.60448428697596
1295,1.0499999999999996,121.27350175140357,0.06312825591063045,70.60766464184844,82.6522397464903
1296,1.0499999999999996,121.26114537518612,0.0583765355782078,70.37760434746816,81.53928566728327
1297,1.0499999999999996,121.24974266800915,0.05387101602362332,62.776318988117545,81.63303827444271
1298,0.9999999999999996,121.24053551673755,0.04567323489826523,56.75602736497924,81.36686569093683
1299,0.9523809523809519,121.23365422764653,0.03584227737504282,56.47208029502174,80.22094825664558
1300,0.9070294784580494,121.22937800883645,0.023387026705764886,58.27485152660324,78.66625080157887
1301,0.8638375985314756,121.227990728956,0.007734482375952823,59.3471263205633,76.96489714325126
1302,0.8227024747918814,121.22917449644059,-0.006727994805358072,60.11480825709986,75.15203612639178
1303,0.7835261664684584,121.231552165831,-0.013775988829137454,61.80394327161803,73.11781003641994
1304,0.7835261664684584,121.2321266052223,-0.0032313076123817435,63.95214925255673,71.61969526396216
1305,0.7835261664684584,121.22903277050725,0.01740328365034978,64.0334212338202,70.3945537658216
1306,0.7835261664684584,121.22012089858035,0.0501306143619534,60.97377414867754,70.73176365401582
1307,0.7835261664684584,121.20494553378975,0.08536369983294546,58.93728274323456,71.9053875322262
1308,0.7462153966366271,121.18645324667757,0.10922297891738061,61.28265134339874,72.76475155425254
1309,0.7462153966366271,121.16405263387892,0.13230714213948555,65.59340694566565,74.18278650499076
1310,0.7462153966366271,121.14274593888086,0.14805413893707917,69.72554052323565,76.17111644407444
1311,0.7462153966366271,121.1216295554596,0.14673171813762081,73.79522568086858,77.50735054774277
1312,0.7462153966366271,121.10293502531295,0.12990295134709962,78.1592984760937,78.50152291809364
1313,0.7462153966366271,121.09034006472902,0.10296327567565162,82.75484557998863,79.05678088792365
1314,0.7462153966366271,121.08211853047855,0.0734509480551815,87.36135058070955,78.94159385920602
1315,0.7462153966366271,121.076811157891,0.0474159124517945,91.30787617068643,78.47807173652521
1316,0.7462153966366271,121.07359586453263,0.028725337419047828,94.03776358835877,77.74599865964096
1317,0.7835261664684584,121.0704600892178,0.026680881456600424,95.79893225717545,77.38971320446727
1318,0.8227024747918814,121.06528008876614,0.041975486159992456,97.90454438210297,77.27772223741682
1319,0.8638375985314756,121.05626375100861,0.06958358664369331,99.66778574615293,77.54850535233383
1320,0.9070294784580494,121.04211898424894,0.10396403568347452,100.25854412645496,78.26059471858164
1321,0.9523809523809519,121.02249461324193,0.13737059704930515,99.45346009789387,79.48153664845003
1322,0.9999999999999996,120.99718295714678,0.16382948928901245,95.51891156981563,81.18608939845205
1323,0.9999999999999996,120.96983548599702,0.17185076287267684,88.46959954848224,82.8655772447627
1324,0.9999999999999996,120.94338661356156,0.16136310005730167,82.13177048700648,84.40028744869456
1325,0.9999999999999996,120.92089437169234,0.13722391697854214,78.81317271766991,85.32258803520065
1326,0.9999999999999996,120.90375522028735,0.10456500971110465,73.29313004559037,85.68383242015437
1327,0.9999999999999996,120.89239686441101,0.06929669762800358,66.0992404794969,85.9516792183301
1328,0.9523809523809519,120.8876494344354,0.03041199661867095,63.79815524118667,84.98671709410358
1329,0.9070294784580494,120.88821373948151,-0.003685126275282613,65.92197175515005,83.2204262369222
1330,0.8638375985314756,120.89227935476242,-0.027065546125721204,68.56777950061748,80.8884580478437
1331,0.8638375985314756,120.89656340486455,-0.02768903569760865,69.87224703317136,79.12252806570307
1332,0.8638375985314756,120.898317795673,-0.01133912735918455,70.29494973796764,77.69210901669334
1333,0.8638375985314756,120.89579769277397,0.016288142637932386,69.91476133321682,76.61965610157645
1334,0.8638375985314756,120.88886661101334,0.04479755505092234,70.03144841392488,76.06205382303497
1335,0.8638375985314756,120.8778142870542,0.07143431690790615,72.00208473772688,75.92029097006903
1336,0.8638375985314756,120.86312738591225,0.09492562418964053,74.7892539002762,76.07676576112448
1337,0.8638375985314756,120.84588682846253,0.11143063206286688,77.03185133295874,76.469197572008
1338,0.8638375985314756,120.82731211775517,0.12005364446814723,78.53265637915445,77.08089304803691
1339,0.8638375985314756,120.80837896194944,0.12237037720648382,79.65589403523286,77.60855401972192
1340,0.8638375985314756,120.79018968964071,0.11756244634407373,80.80338008046986,78.10795079148343
1341,0.8638375985314756,120.7738705839897,0.10547502670357982,80.12388820969944,78.4653227042907
1342,0.8638375985314756,120.76022528118268,0.08819347755456154,76.70513083666232,78.84067914736112
1343,0.8638375985314756,120.74929749259431,0.07062940934513243,75.42258755535373,78.90032856718378
1344,0.8638375985314756,120.7404334403758,0.05729089353542282,77.00627254811175,78.47480466884949
1345,0.8638375985314756,120.7325995059508,0.05063294890908227,78.81379729007904,77.84851573363716
1346,0.8638375985314756,120.72467477051033,0.051219821727838066,79.53129573199288,77.30165443838499
1347,0.8638375985314756,120.71601835151965,0.05594890086039628,78.75073465348638,76.955010185212
1348,0.8638375985314756,120.70626133670828,0.06122559713125361,76.59337130503381,76.8920017259758
1349,0.8638375985314756,120.69584315257634,0.06537445692495708,75.18135608135765,76.95432849790228
1350,0.8638375985314756,120.68484995706473,0.06898267273253321,75.41290694325218,76.89891643132796
1351,0.8638375985314756,120.67349145334855,0.07127499404113125,75.79068871611805,76.8842797308548
1352,0.8638375985314756,120.66191713503241,0.07262923793734678,75.44427819249076,76.97375259212009
1353,0.8638375985314756,120.65068763676435,0.0704654805016191,71.960869873602,77.22471299166273
1354,0.8638375985314756,120.64088528062041,0.061510115522914355,63.75204932142267,77.829077934966
1355,0.8227024747918814,120.63477989408172,0.04022708184454614,57.93107113679775,77.64014953129053
1356,0.7835261664684584,120.63352542213431,0.008678718808432389,53.304117808591286,76.81713007175412
1357,0.7462153966366271,120.63701882066533,-0.025376521793628766,50.4437930724409,75.55548522800397
1358,0.710681330130121,120.64423010166453,-0.05340088513788809,50.07119547227953,73.82418094831267
1359,0.6768393620286867,120.65319330798896,-0.06766303978821436,51.65520977149915,71.45794415979032
1360,0.6446089162177968,120.66261313359892,-0.07249082598182972,54.794837471754434,69.03043984945215
1361,0.6139132535407589,120.6715459087144,-0.07007750975955457,58.99428462260816,66.5570148412074
1362,0.6139132535407589,120.67838342053604,-0.05207785947626061,58.96160629287068,65.00368210437392
1363,0.6139132535407589,120.68181722100013,-0.026153516469481906,53.69301737478791,64.06768690727576
1364,0.6139132535407589,120.68089691982694,0.0070094672480786125,52.84925606361327,63.593707890797226
1365,0.584679289086437,120.67659138329869,0.034432742310629254,56.69236740586779,62.838977470701
1366,0.584679289086437,120.66895715909635,0.061053314257127726,59.15497184180859,62.93549961527741
1367,0.584679289086437,120.65872933501414,0.08179515577515992,59.96233517448498,63.33071658178985
1368,0.584679289086437,120.64707655626157,0.09319097059348391,61.675072782730304,63.77194417070675
1369,0.584679289086437,120.6339945192825,0.10462120231651288,64.81793605396344,64.70503551490948
1370,0.584679289086437,120.6216936284738,0.11573426874690494,67.54106602482798,65.80675506736495
1371,0.584679289086437,120.61106351547512,0.11766420475843302,69.59291403912049,66.35758715617827
1372,0.584679289086437,120.60122928918119,0.11213242858062042,71.17400149899025,66.70048029536892
1373,0.584679289086437,120.59241004232419,0.10055936672309272,72.99026458038394,66.7809497342219
1374,0.584679289086437,120.58475745219083,0.08725684064422362,75.23745221136774,66.78331477151954
1375,0.584679289086437,120.57822224971024,0.07451609343883994,77.68897878079743,66.67426395538786
1376,0.584679289086437,120.57268695647464,0.06311486586359955,77.89773100452327,66.49964988331809
1377,0.584679289086437,120.56771230190517,0.055070210376628875,75.70858406763064,66.37058057247151
1378,0.584679289086437,120.5628815978693,0.051919082791418505,74.05098720820111,66.09624546355184
1379,0.584679289086437,120.5579463035092,0.053043190925405014,75.48608869049806,65.79962122284208
1380,0.584679289086437,120.55286675177263,0.057918381711251125,78.53965973638219,65.42537842888494
1381,0.6139132535407589,120.5457835905903,0.07691815460309627,81.00907317293826,65.70104757771416
1382,0.6446089162177968,120.53571140531581,0.10416843475266084,81.15650795695288,66.34592177063583
1383,0.6768393620286867,120.52196534111144,0.13145111578914376,79.14867553342246,67.49637858109415
1384,0.6768393620286867,120.5067281474434,0.14571051607067903,78.46346324491432,68.29719590642861
1385,0.6768393620286867,120.49186579375657,0.14638976908049942,80.8583810806653,68.95134901579053
1386,0.6768393620286867,120.47774566765361,0.13907904785210587,84.43111233046889,69.3530157666362
1387,0.710681330130121,120.46344619861091,0.13413859289177765,87.10566148823077,70.31163027054528
1388,0.7462153966366271,120.44877784086647,0.13104668178989531,88.66343280884841,71.36565376461182
1389,0.7835261664684584,120.43338703502721,0.13095334483093493,89.70533157520747,72.48119809940574
1390,0.8227024747918814,120.41713562133837,0.1316912994006171,89.83079428629132,73.61765680212693
1391,0.8638375985314756,120.39967837758668,0.13080221228528022,87.12393569900203,74.93340381396045
1392,0.8638375985314756,120.3834920778506,0.11774697729579707,81.25057105797855,75.9624649803378
1393,0.8638375985314756,120.36955907940079,0.09840327505079847,76.69175982486267,76.69175228087475
1394,0.8638375985314756,120.35874830521077,0.07635223602180394,76.3497380882646,76.79793778640567
1395,0.8638375985314756,120.35051647794477,0.05813815063169974,77.77989669989759,76.31177096102745
1396,0.8638375985314756,120.34393721153897,0.0464667647883298,78.40300716292249,75.7953074538696
1397,0.8638375985314756,120.33820421641313,0.04048988437522024,78.01004485420286,75.28358594330298
1398,0.8638375985314756,120.33250315888645,0.040264321703448736,77.647445438788,74.72865944501902
1399,0.8638375985314756,120.32606162938062,0.04549398336572832,78.00116159815042,74.17650862859351
1400,0.8638375985314756,120.31851783278579,0.05327886125338514,78.75691552154375,73.73654936682217
1401,0.8638375985314756,120.30980617974507,0.06152697091002539,77.65633855541014,73.41951967532124
1402,0.8638375985314756,120.29981336339584,0.06851973035671316,74.28473433844847,73.46896517540257
1403,0.8638375985314756,120.28939714849965,0.07142293134188786,71.60459077147637,73.60593939310405
1404,0.8638375985314756,120.27915815757785,0.07020772448591348,69.38029709378809,73.79459311640619
1405,0.8638375985314756,120.26990457159789,0.06345090253035515,64.2249158911128,74.12689901932826
1406,0.8638375985314756,120.2622284586412,0.05263432966215314,60.753749422039775,74.33741605781395
1407,0.8227024747918814,120.25739644544677,0.034789256709115375,61.88988212572127,73.70627155489643
1408,0.8227024747918814,120.25409171036436,0.02379324569492339,64.59834435879559,73.23697126996224
1409,0.8227024747918814,120.25102601238555,0.022072239807158844,66.19988341284824,72.64854069221289
1410,0.8227024747918814,120.24760895366418,0.024601947110630008,64.75666308518434,72.42615502913466
1411,0.8227024747918814,120.24385214058938,0.027048091387186408,62.54453939383612,72.30904225472827
1412,0.8227024747918814,120.23938347676285,0.032173234375146346,62.673383153557026,72.06798165473347
1413,0.8227024747918814,120.23381957133687,0.04005869321563351,65.04940294229299,71.71831326365667
1414,0.8227024747918814,120.22681352771514,0.050441718650990314,67.78264317367538,71.35700626360641
1415,0.8227024747918814,120.21865667537183,0.05872724653077521,69.43575780558633,71.03667142333286
1416,0.8227024747918814,120.21050959563377,0.05865688627748019,69.74839730978337,70.59142551474467
1417,0.8227024747918814,120.20362545085325,0.04956407823279011,71.44258945024812,69.76562740608391
1418,0.8227024747918814,120.19934402140437,0.03469402836047571,75.1455868865964,68.75342844331874
1419,0.8227024747918814,120.19792898335876,0.011466583922912714,74.7704396941892,67.84200996222734
1420,0.8227024747918814,120.19953635748256,-0.012645781835234043,70.69926929477258,67.25077737959842
1421,0.8227024747918814,120.20363684776207,-0.031320398170189515,68.22346427315146,66.41123483981515
1422,0.8227024747918814,120.20798717890084,-0.03322873465160107,68.06116143056042,65.70693997396585
1423,0.8227024747918814,120.21048373077429,-0.01906918280471219,68.48064287817581,64.81135875636994
1424,0.8227024747918814,120.20965902633408,0.00629926415618313,69.15777421428375,63.92442796848371
1425,0.8227024747918814,120.2051127445449,0.03684022619324061,70.77323576260576,63.29349354423872
1426,0.8227024747918814,120.19694667273866,0.06617274212302626,73.36708969910885,62.831919375528145
1427,0.8227024747918814,120.18600846726727,0.08863638076163725,75.85419054639709,62.56206681627591
1428,0.8638375985314756,120.17199015694536,0.10818630990924963,77.01929549719628,63.14809376179754
1429,0.9070294784580494,120.15500116754144,0.12486907211908292,77.16533345453927,64.04967049524372
1430,0.9523809523809519,120.13566524155547,0.13535148190169766,76.81741276804547,65.35258034781349
1431,0.9523809523809519,120.11619730832393,0.1323063423501264,74.45966820176015,66.4027235694219
1432,0.9523809523809519,120.09867940559901,0.1155861241160624,69.5908189607404,67.64743646229635
1433,0.9523809523809519,120.0854307352607,0.08741699723631699,62.31494834456119,68.7869090356259
1434,0.9523809523809519,120.07751615346551,0.05222176695858701,53.004058341252666,69.69746013595179
1435,0.9070294784580494,120.07577454808522,0.01206598128464912,49.2539340193763,69.34957802036054
1436,0.8638375985314756,120.07942759673969,-0.025800042453995864,51.98942994835974,67.90016931828931
1437,0.8227024747918814,120.08704209273019,-0.054822419779213524,55.13381149370705,66.0090475612447
1438,0.8227024747918814,120.09601219302304,-0.06270138190097553,55.01887438508634,64.57994862057602
1439,0.8227024747918814,120.10350336210035,-0.052363589911612884,52.813074199741465,63.303549203610565
1440,0.8227024747918814,120.10792509569978,-0.030908105598690956,50.82347699191933,62.09044984496568
1441,0.7835261664684584,120.10917263548518,-0.008889683370676969,50.57092430051437,60.69809825739226
1442,0.7462153966366271,120.10779213527847,0.010028141155676984,51.07768057885608,59.37431412725764
1443,0.7462153966366271,120.10357483554944,0.030635038497061413,51.5496456278965,58.956893948706586
1444,0.7462153966366271,120.09665434322966,0.050271396926265234,52.12390842965284,58.84592435136944
1445,0.7462153966366271,120.08755033553781,0.06613274939853182,52.810944750519916,58.983301500463334
1446,0.7462153966366271,120.07713338752421,0.07567012636602924,52.720007027672295,59.30480390120869
1447,0.7462153966366271,120.06642560944564,0.07778275549104084,50.013501081334596,59.798404911957086
1448,0.7462153966366271,120.05651813290302,0.07196925634731445,47.39148446878054,60.351651167384354
1449,0.710681330130121,120.04939197721659,0.05435363175692501,48.910442116752826,60.06913413934039
1450,0.6768393620286867,120.04569717046012,0.029590635319525698,52.79611881728921,59.308464736722
1451,0.6768393620286867,120.04414174759266,0.012456930462436726,55.868146863256726,58.788421340028535
1452,0.6768393620286867,120.0435094512304,0.005063878114079618,57.573594546717636,58.24201068662252
1453,0.6768393620286867,120.04258407577757,0.0074110635176732765,59.08385844313059,57.719255707039615
1454,0.6768393620286867,120.04084797136386,0.016357595934700795,60.99848185194246,57.18829196299319
1455,0.6768393620286867,120.03787896508697,0.029243829909787303,63.086330950395606,56.89287653180815
1456,0.6768393620286867,120.03338854738922,0.044229280482957656,65.23331896220519,56.70905625039282
1457,0.6768393620286867,120.02733826148688,0.05959351895234152,67.40874288578522,56.63300433668735
1458,0.6768393620286867,120.02014563815565,0.07084520330575635,67.53094558640286,56.77404039295252
1459,0.6768393620286867,120.01217798392366,0.07619323054564747,65.65964913096718,57.12416422527971
1460,0.6768393620286867,120.00421549848181,0.07392602169306542,61.59565654515844,57.60801077863113
1461,0.6768393620286867,119.99680759521254,0.06677390304109297,57.85340905447355,57.93587728044166
1462,0.6768393620286867,119.99016466613567,0.059878522432489235,57.883666403803694,58.008962187966425
1463,0.6768393620286867,119.9847438355034,0.05339357151678007,61.06098053874949,57.95656221201833
1464,0.6768393620286867,119.97974616251894,0.04922559438072622,64.62593332932538,57.79998990065799
1465,0.6768393620286867,119.97487324557392,0.04799678445074489,66.153725941668,57.586493040398125
1466,0.6768393620286867,119.97011687827786,0.04684880502831443,65.50872636823537,57.51193152316961
1467,0.6768393620286867,119.96538547737441,0.04660289347685141,65.2479173662102,57.49036084679784
1468,0.6768393620286867,119.96052063092421,0.047917292473684786,68.23247760634568,57.317106689592876
1469,0.6768393620286867,119.95521044727818,0.05230373156925726,72.90881378508244,57.02613766174511
1470,0.710681330130121,119.94809186813117,0.06677703817607891,76.83383760808208,57.271563858255384
1471,0.7462153966366271,119.93813510245361,0.08895345519503504,79.79573285121567,57.79873981758056
1472,0.7835261664684584,119.9247835065171,0.11360263815794579,82.19668529850746,58.66749297576678
1473,0.8227024747918814,119.90795180613786,0.1363935800604787,84.30069219573117,59.644195185058386
1474,0.8638375985314756,119.88813420623869,0.15294232722195514,86.03383065991618,60.897031867762486
1475,0.9070294784580494,119.86632142637887,0.1603239319696271,85.43265780463604,62.51530487707268
1476,0.9523809523809519,119.84307424269535,0.1579905687230013,82.75911206782176,64.41228007945246
1477,0.9999999999999996,119.82018630313217,0.14382718800486494,81.10325834409824,65.7211388811553
1478,1.0499999999999996,119.79975296244443,0.12228814820447312,80.90730220759477,66.4794084655091
1479,1.1024999999999996,119.78271203857926,0.09712898033668692,79.53302380535848,66.804132993837
1480,1.1024999999999996,119.77076200487667,0.06612833664057696,76.11563723417609,66.5162197444459
1481,1.1024999999999996,119.76431939426254,0.03461330966220392,73.2055920228931,65.6644574515271
1482,1.1024999999999996,119.76213963349898,0.011369800650095917,70.3076197505111,64.72432631205224
1483,1.1024999999999996,119.76261757870743,-0.00242038752906658,65.45359989822377,63.732678760014394
1484,1.1024999999999996,119.76440690539215,-0.008797498644598712,55.27977564836599,63.27154220901167
1485,1.1024999999999996,119.76571252911384,-0.006419298957911105,47.9971647406055,62.86633002455379
1486,1.0499999999999996,119.76581833849124,-0.0005303295210429936,47.79527296617066,61.23043519538759
1487,0.9999999999999996,119.76459536059612,0.006248738147437353,46.9846804596716,59.654649374635255
1488,0.9523809523809519,119.76261980497719,0.010598692174170843,42.7469474912767,58.742712932298986
1489,0.9070294784580494,119.7606359643109,0.011175297804928559,39.666874994717936,58.03203305099679
1490,0.8638375985314756,119.75943952580263,0.007076719771699263,39.50359124055392,57.0732881135358
1491,0.8227024747918814,119.75983850290649,-0.0024778721154016616,39.8699048343397,55.93729140215085
1492,0.7835261664684584,119.76201113969069,-0.014167960654245328,39.60083011454943,54.83513914402487
1493,0.7462153966366271,119.76597147674258,-0.026327185729708782,38.96113676062954,53.62166413550987
1494,0.710681330130121,119.77157511807371,-0.03797472981127788,38.91470431656923,52.174336404077536
1495,0.6768393620286867,119.7780861562816,-0.04498074879980904,39.293972475412374,50.586471086702
1496,0.6446089162177968,119.78481151441657,-0.04736351523863161,36.78521398798693,49.077806904634116
1497,0.6139132535407589,119.79146158527712,-0.04774268710338588,26.480143507576948,47.90500188003297
1498,0.584679289086437,119.7961859787801,-0.03561360589541344,19.3263237157179,47.37248601527919
1499,0.5568374181775589,119.79789880505272,-0.013557277943231978,24.437611657191127,46.751864885846345
1500,0.5303213506452942,119.79623878846144,0.013796245429014222,28.530646835653265,46.43854845538355
1501,0.5050679529955182,119.79174398734077,0.03922367326168228,28.885395754769537,46.63288103074478
1502,0.4810170980909697,119.78553421275402,0.0568987750569664,29.933112979063807,47.13430289354899
1503,0.4581115219913997,119.77926203885431,0.060344052298891074,32.78060514997563,47.59733716464747
1504,0.4362966876108568,119.77399778353798,0.053179300887429906,35.14395877913889,48.122598598278294
1505,0.4155206548674827,119.77033423896509,0.03885943287768635,37.51978904131019,48.480937085176514
1506,0.39573395701665015,119.76836269267929,0.02195792284901188,40.49426721497135,48.63472630888581
1507,0.3768894828730001,119.76783364181962,0.006186870146143421,44.01330967688184,48.597203389073606
1508,0.3768894828730001,119.76683869802534,0.011635153682730801,47.42735236075407,48.96813983291758
1509,0.3768894828730001,119.76430290912661,0.03488733110361658,51.15542461354778,49.46397985836871
1510,0.3768894828730001,119.75999460313855,0.06973362879419276,55.55208129193064,50.24002700890946
1511,0.3768894828730001,119.75465038435294,0.09453202293148139,59.99436644839778,50.63551926001284
1512,0.3768894828730001,119.74866755546034,0.1058281744726554,64.41645185299117,51.01089053639882
1513,0.39573395701665015,119.74182610806892,0.11525331214978093,68.12627111517733,51.96174175862425
1514,0.4155206548674827,119.73403222020538,0.1214040157776623,65.22771722467634,53.15218016246445
1515,0.4362966876108568,119.72561151888907,0.12128319769826112,55.67826687950555,54.59303228189974
1516,0.4362966876108568,119.71856203096993,0.10153363774009617,44.90390390734847,55.53755299664239
1517,0.4155206548674827,119.71473014576817,0.057950096634241235,41.03634464255854,55.52969083415022
1518,0.39573395701665015,119.71474503161632,-0.00023637664211882342,43.92445827217159,54.942471394043686
1519,0.3768894828730001,119.71858887138025,-0.06222262422138009,48.458559910956936,53.7434923767901
1520,0.3768894828730001,119.72467031662559,-0.0984441354114446,53.38968900151201,52.70320620154584
1521,0.3768894828730001,119.73066697770561,-0.10607284721426938,59.17192408929415,51.604355689645715
1522,0.3768894828730001,119.73581119113729,-0.09099419795380409,65.45475966027298,50.46138213822453
1523,0.39573395701665015,119.73807460457498,-0.03813022019020826,71.02940071545119,50.11133632643127
1524,0.4155206548674827,119.73590031371303,0.03488460138639514,77.13641397885577,50.31646193181239
1525,0.4362966876108568,119.7284587909788,0.11370737612810924,84.41120200585611,51.00482190247497
1526,0.4581115219913997,119.71563666155573,0.18659400324412417,92.69292536109536,52.11864657117253
1527,0.4810170980909697,119.69813941982231,0.2425033926770407,100.76175178959694,53.653928087360846
1528,0.5050679529955182,119.67728628186316,0.2752519119518953,107.33408435156905,55.506872889808506
1529,0.5303213506452942,119.65466510571011,0.28437067607540856,112.14374870454706,57.54014624229459
1530,0.5568374181775589,119.63259193176438,0.2642683271056451,114.93779588394654,59.09805181876724
1531,0.584679289086437,119.61226683431224,0.23175209419963497,116.45081606819136,60.807968312623096
1532,0.6139132535407589,119.59446916660244,0.1932701686778561,117.31744985315515,62.17201870756545
1533,0.6446089162177968,119.58017064355208,0.14787801503211534,117.82206131236458,62.6597984002673
1534,0.6768393620286867,119.56861839761328,0.11378619100193003,118.12777201470853,63.100920439064225
1535,0.710681330130121,119.5593511473326,0.08693301191174901,118.04504007409898,62.873428888590986
1536,0.7462153966366271,119.55084278984788,0.07379943543169719,114.8742320654571,62.886120135512805
1537,0.7835261664684584,119.54244193279938,0.06737586929452725,104.53271624712683,63.43429863675522
1538,0.8227024747918814,119.53426601588134,0.0606304417806535,92.14493118101097,64.05248420711658
1539,0.8638375985314756,119.52617755053981,0.05546178823176443,84.28718566272562,64.23989664209283
1540,0.9070294784580494,119.51795875975108,0.05210856831568875,79.2144175559074,63.93426916163566
1541,0.9523809523809519,119.50918422832217,0.05143972352033123,76.43735685321958,63.4100832884254
1542,0.9999999999999996,119.49905665412184,0.054897630751737106,74.14076688647908,62.93999056002119
1543,0.9999999999999996,119.48830443313858,0.05658601689071568,71.85090141046128,62.12730156570024
1544,0.9999999999999996,119.47842941772743,0.05045584695501144,64.0493767607537,61.69840666537968
1545,0.9999999999999996,119.46999748332512,0.041827673863816056,57.37242768865819,62.08882551743921
1546,0.9999999999999996,119.46335022768532,0.03297454981557561,54.668225735166175,61.91550943947853
1547,0.9999999999999996,119.45830172711383,0.025043723697230923,52.22677576282898,61.55849948242629
1548,0.9999999999999996,119.45430530002122,0.01982478053975224,49.186376641272886,61.18528971123724
1549,0.9523809523809519,119.45225266176615,0.010691489445453546,42.77464611643234,60.61077031099761
1550,0.9070294784580494,119.45243320594766,-0.0009874124271451142,36.97187439979624,60.03031114546298
1551,0.8638375985314756,119.45470353414261,-0.013037461343544304,35.000540945823666,58.95516125537603
1552,0.8227024747918814,119.45881661667876,-0.02407819292762837,32.92801972798163,57.641268528179836
1553,0.7835261664684584,119.46418617902256,-0.03204405208639574,31.632754626195577,56.28107818278176
1554,0.7462153966366271,119.47012866581579,-0.03615170957293312,32.03604700239006,54.724049916316275
1555,0.710681330130121,119.47579362442488,-0.03513253030980427,33.35430890924113,53.1111400927926
1556,0.6768393620286867,119.48077070680594,-0.03146585899762301,33.934393962928795,51.540693358281885
1557,0.6446089162177968,119.48456287598654,-0.024440187963322597,34.741375971467846,50.18651966372741
1558,0.6139132535407589,119.48732775878679,-0.018165428153851318,36.56153004662244,48.81177775909714
1559,0.584679289086437,119.48926881712497,-0.01300048559036008,37.94463221148176,47.60676096632227
1560,0.5568374181775589,119.49094442458498,-0.011783724230083139,33.35796509908236,46.70191036585205
1561,0.5303213506452942,119.49300871005552,-0.015242961052127038,27.474001989871443,45.9715965632443
1562,0.5050679529955182,119.4942641953561,-0.00973420561404931,30.47203116091606,45.51763336297945
1563,0.4810170980909697,119.49370533179003,0.004549712770928278,34.35618438128524,45.10142975314778
1564,0.4581115219913997,119.49095440086668,0.023515118229448698,34.89540935714536,45.042306568090865
1565,0.4362966876108568,119.48655188700515,0.03951459294645024,34.89490622998417,45.20993865369345
1566,0.4155206548674827,119.48130315636263,0.04946526789350513,35.817908683064466,45.491434967601926
1567,0.39573395701665015,119.47599001075082,0.05257594614620656,37.65838249277213,45.87526053586659
1568,0.3768894828730001,119.47105203829976,0.0513066123646551,41.4400004424432,46.10794538190341
1569,0.3768894828730001,119.46516526805019,0.061164828736641655,46.74514489569525,46.78733187738889
1570,0.3768894828730001,119.45875657798659,0.07833845836048083,52.00284200996285,47.59707157446955
1571,0.3768894828730001,119.45271672043728,0.08685873940439409,57.11906526951354,48.009563302052484
1572,0.3768894828730001,119.44746865775883,0.08879058426237031,62.41695111377175,48.30292405999155
1573,0.39573395701665015,119.44149394806635,0.10065195883093493,67.58852268346334,48.98454210754137
1574,0.4155206548674827,119.43398267584435,0.12051181465990239,72.81581198593395,49.7473277429524
1575,0.4362966876108568,119.4246381381856,0.14278567656869193,78.14693012393847,50.68328555683354
1576,0.4581115219913997,119.41330711503619,0.16489468328778786,83.4761677524092,51.695441756331235
1577,0.4810170980909697,119.40019247948997,0.18176256933146376,88.1478239894685,52.7852517936024
1578,0.5050679529955182,119.38578449039912,0.19017888590264856,91.47804876854858,54.013297524961025
1579,0.5303213506452942,119.37052715693487,0.1917998517398808,93.18972895754203,55.3604650839898
1580,0.5568374181775589,119.3550535414587,0.18525593492887643,93.76509864367236,56.79454135187472
1581,0.584679289086437,119.33985166563951,0.17333577687151627,93.86172692727831,58.182919481570316
1582,0.6139132535407589,119.32518802973823,0.15923678485756304,93.84006309988574,59.413917537956685
1583,0.6446089162177968,119.31185606377069,0.1378816998660073,93.77528421932487,60.025796342881094
1584,0.6768393620286867,119.2997577036872,0.11916525310866294,93.52925420587796,60.781368021802265
1585,0.710681330130121,119.28849883673826,0.10253952389965255,89.98900103372408,61.489120324030885
1586,0.7462153966366271,119.27863640040405,0.08305280382966868,82.4859109310689,61.94038726827933
1587,0.7835261664684584,119.27049712838735,0.06337662750813539,77.16966939004145,62.12688769870301
1588,0.8227024747918814,119.26383749197173,0.04794767553995876,75.08139622813934,61.826956875605404
1589,0.8638375985314756,119.25721218404684,0.04410588923212888,73.11947734360349,61.745909848608086
1590,0.8638375985314756,119.25132059115109,0.03807904252163971,66.51618791071364,61.084074695143826
1591,0.8638375985314756,119.2458182215352,0.03452755498300046,58.645416448134846,61.14389975266599
1592,0.8638375985314756,119.24059054732763,0.03280383202805513,52.11718977567088,61.056941466023225
1593,0.8638375985314756,119.23573135802891,0.03049157679228593,45.41751997428309,60.903678596422615
1594,0.8227024747918814,119.23203392311945,0.024361605244353494,43.03767825762108,60.09473290027758
1595,0.7835261664684584,119.2297445285407,0.015838546115877705,42.94313799661267,59.02661808586145
1596,0.7462153966366271,119.22887110001764,0.006344703518032664,42.1825962792008,57.89047003578589
1597,0.710681330130121,119.22925727616821,-0.0029454978536958146,40.772126848113295,56.79894818211927
1598,0.6768393620286867,119.23070208328892,-0.011234020427760309,40.16303426754385,55.614347344357455
1599,0.6446089162177968,119.23305906539143,-0.01868244425161563,40.672304031741504,54.3041523753186
1600,0.6139132535407589,119.23598206230328,-0.02361880067831395,41.50218593365436,52.857027391907096
1601,0.584679289086437,119.23881735778411,-0.023355000698688774,42.21244063451176,51.447539451570265
1602,0.5568374181775589,119.24120954649467,-0.02008764708733367,43.20499369340199,50.112905362782115
1603,0.5568374181775589,119.24167320638975,-0.003893437127500141,43.89534466448171,49.361975713257806
1604,0.5568374181775589,119.23907354385301,0.021829842835400744,44.663700787906265,48.88199983279537
1605,0.5568374181775589,119.2334150131091,0.04751571985763907,44.67826546753991,48.83485993765582
1606,0.5568374181775589,119.2252493182677,0.06856883634355238,44.424038530088666,49.12028978399754
1607,0.5568374181775589,119.21553629528313,0.0815620343849833,44.59593235217924,49.615769464332324
1608,0.5568374181775589,119.20567966792557,0.08276790662719209,43.9191077143352,50.23592678584918
1609,0.5568374181775589,119.19679336215304,0.07461993841945189,42.66022070855229,50.82044063946948
1610,0.5568374181775589,119.18980220982873,0.05870598753554136,41.42885950492758,51.25901297758321
1611,0.5303213506452942,119.18668940874139,0.02744569936787388,40.928134648270735,50.870291472768194
1612,0.5050679529955182,119.1876269675043,-0.008679820196432826,41.84161831479595,50.03602893031611
1613,0.5050679529955182,119.19094996877587,-0.030763995483437452,42.30990285411435,49.30306269119558
1614,0.5050679529955182,119.1948395357171,-0.036009200729928734,41.70918872097569,48.50304066740085
1615,0.5050679529955182,119.19766424951356,-0.026150902565203894,40.57769303830692,47.77322473772839
1616,0.5050679529955182,119.19717091588124,0.004567230764214436,38.92233378864488,47.797707482956056
1617,0.4810170980909697,119.19332687539008,0.0373671077366923,37.34132921362258,47.74513286657524
1618,0.4581115219913997,119.18706365124524,0.06392765646864473,35.55366839490439,48.01686135090136
1619,0.4362966876108568,119.17972806694237,0.07861670564399868,34.161894146315525,48.474295064365585
1620,0.4155206548674827,119.17270210964341,0.07906329935487168,33.68920863193449,49.009990501507595
1621,0.39573395701665015,119.16800570042871,0.05549126922148275,33.77278294035941,48.89158841851247
1622,0.3768894828730001,119.16581493826993,0.02717961224333227,35.19827709915959,48.94679787415683
1623,0.35894236464095247,119.16684893986995,-0.013469719000017793,36.411433500763415,48.27116502048245
1624,0.3418498710866214,119.1700959702466,-0.044413293069757324,37.96794037823807,47.76211340281366
1625,0.3255713057967823,119.17537462370561,-0.07360407346020613,39.67643712194815,46.5845128334061
1626,0.3255713057967823,119.18088921068714,-0.07689386477941562,39.67991656113795,45.725679897313746
1627,0.3255713057967823,119.18480746921345,-0.054635105457313475,37.95005706138111,44.95143911024085
1628,0.3255713057967823,119.18560874885259,-0.011172820091140087,39.063802246169445,44.352790023906465
1629,0.3255713057967823,119.18226587530239,0.05483776191075014,46.126931904271444,44.67350742106499
1630,0.3255713057967823,119.1756972970447,0.1267687550785993,56.832305633356235,45.44338614846561
1631,0.3418498710866214,119.1653306164145,0.20216829095690989,67.46029309318979,47.10241592431406
1632,0.35894236464095247,119.15151054917571,0.2566812688270005,75.23275939919965,48.71099051731955
1633,0.3768894828730001,119.13535966129832,0.2856874249406651,80.23830814867394,50.590939345027216
1634,0.39573395701665015,119.11823357021308,0.2885118614256852,84.11519204104223,52.49825803580398
1635,0.4155206548674827,119.10213679476247,0.25825872933184785,87.53149290002902,53.91759134748749
1636,0.4362966876108568,119.08869758809286,0.20535271909038333,90.87033542491066,54.889020233722285
1637,0.4581115219913997,119.07801133373327,0.155511687243303,94.93426355765918,55.82180283654731
1638,0.4810170980909697,119.06966365917178,0.11569477252305,99.07634703097482,56.53606292001097
1639,0.5050679529955182,119.062597696049,0.09326749111532744,102.96719136626247,56.933115995407725
1640,0.5303213506452942,119.0557321245689,0.08630705981971819,106.07897633283822,57.14615819651612
1641,0.5568374181775589,119.0482067242367,0.0900969186166641,108.39207645286457,57.38466634017348
1642,0.584679289086437,119.03924261423825,0.10221113427197762,109.80700578557227,57.764014099163866
1643,0.6139132535407589,119.02899333614612,0.11129996008403936,109.66978375396832,57.86908337438746
1644,0.6446089162177968,119.01745915931099,0.11581420046884752,106.78218218214147,57.976081634430045
1645,0.6768393620286867,119.00498992045104,0.11576802610053719,95.60242758178573,59.09355523973169
1646,0.710681330130121,118.99289129964971,0.10386232147096573,81.11592624927655,60.29901908841178
1647,0.7462153966366271,118.98115758116734,0.09313894212035095,75.18434148778212,61.346012231972395
1648,0.7835261664684584,118.97027207863376,0.08229147006627076,75.89120058891415,61.2441480691566
1649,0.8227024747918814,118.9603974169358,0.07109503366460075,75.27593970115934,60.85734329872346
1650,0.8638375985314756,118.9515431412929,0.05894453588615845,67.8833177175908,60.96374950727312
1651,0.8638375985314756,118.94495141236504,0.04260422106195369,60.255525121452955,60.817094982956164
1652,0.8638375985314756,118.94141103847011,0.022882444607638046,56.09883146108771,60.0263402255928
1653,0.8638375985314756,118.94027513176451,0.007341688488704811,51.72631371427058,59.4009341784634
1654,0.8638375985314756,118.94043063878397,-0.001005086147424983,48.43640080255958,58.80079001696638
1655,0.8227024747918814,118.94143973354407,-0.006848170113983956,47.164624508735486,57.655622759773934
1656,0.7835261664684584,118.94285656311916,-0.009801945358010045,47.21081038193908,56.404852540246225
1657,0.7835261664684584,118.94340887827036,-0.0038210403198074834,46.42721842162315,55.677292156204466
1658,0.7835261664684584,118.94215912707085,0.008646059613661944,45.0311584905558,55.214690809685685
1659,0.7462153966366271,118.93961360567603,0.018491013429616784,44.190538015253225,54.48957844431576
1660,0.710681330130121,118.93700383480254,0.01990561689510633,40.53367649191067,53.90820813557768
1661,0.6768393620286867,118.93557543441885,0.011439644243426944,33.90862920721003,53.37882014659879
1662,0.6446089162177968,118.9357146266507,-0.001170487710126168,31.519183244143438,52.62214131561953
1663,0.6139132535407589,118.93744362537352,-0.014821720061360545,33.551737811063155,51.54543020751896
1664,0.584679289086437,118.94052979317483,-0.026969664520035942,35.04476324045335,50.30170090004287
1665,0.5568374181775589,118.94453573155418,-0.03568718952469355,34.6471187006753,49.02224138447296
1666,0.5303213506452942,118.94885198039798,-0.03919824581905594,34.27046257666928,47.68292366018024
1667,0.5050679529955182,118.95315167097976,-0.03980608216144699,35.46337837095795,46.230897622151794
1668,0.4810170980909697,118.95651456794205,-0.031737876565012674,37.327338951223716,44.76164933080316
1669,0.4810170980909697,118.95733655895587,-0.007757671324951806,40.27153728944938,43.92681020059309
1670,0.4810170980909697,118.95476780271832,0.02424304678565922,44.31921311112321,43.45103937935382
1671,0.4810170980909697,118.94861265020737,0.06834145147610868,49.04005513702192,43.906996983444856
1672,0.4810170980909697,118.94002196417794,0.11221587526032685,53.66238481250279,44.85436775497196
1673,0.4810170980909697,118.92975554259465,0.1422876875420189,57.5670249549668,45.612360545641806
1674,0.5050679529955182,118.91746551939904,0.16222270188526736,60.08349240154443,46.98045253788292
1675,0.5303213506452942,118.903873168127,0.17086937012173534,61.58755576326978,48.567505140320584
1676,0.5568374181775589,118.88962070875405,0.1706357955088899,62.57266140377987,50.17357981069997
1677,0.584679289086437,118.8753171900706,0.16309247309222477,63.57065332941868,51.67778771569644
1678,0.6139132535407589,118.8617218244506,0.14763612004997484,64.50180417888751,53.09208898600689
1679,0.6446089162177968,118.84927897295323,0.12868631076733006,65.21733773116796,54.382344339652086
1680,0.6446089162177968,118.83943946269034,0.10176206601489396,65.25353397511921,55.017695460400205
1681,0.6446089162177968,118.83264772363577,0.0702414428724645,64.13894095483714,55.350833327924235
1682,0.6446089162177968,118.82878732563117,0.03876209934929879,62.33617072692845,55.368288060285515
1683,0.6446089162177968,118.82758067055028,0.011763082124816925,60.62136711752773,55.09534989799112
1684,0.6446089162177968,118.82807139266423,-0.004783806589294966,59.47257196474234,54.5030023809183
1685,0.6446089162177968,118.82916479814111,-0.010659067884088972,59.0355873672354,53.81832429689742
1686,0.6446089162177968,118.83008136303842,-0.008674890050254389,55.09245631116104,53.22010901684293
1687,0.6446089162177968,118.83027667407167,-0.0017946935886642497,46.86254877916647,52.778883614708086
1688,0.6446089162177968,118.82927745376146,0.009181735688285701,41.68579915412518,52.39508270753523
1689,0.6139132535407589,118.82772515204061,0.014977142839713489,42.49424013100545,51.51048557817597
1690,0.584679289086437,118.82591262945817,0.01782741331546733,45.203517971307846,50.474333501205265
1691,0.584679289086437,118.82360497687479,0.02269735935433551,46.718708227042015,50.12471722232739
1692,0.584679289086437,118.82125895224515,0.02307477497145979,48.17875599643064,49.64683803655974
1693,0.584679289086437,118.81874259036849,0.02475015961742173,50.17275053582682,49.46124591042467
1694,0.584679289086437,118.81628300903948,0.028044791676693177,52.5047186799238,49.320542581279696
1695,0.584679289086437,118.81338532518498,0.03304015162484243,54.17511083982567,49.28854904403478
1696,0.584679289086437,118.80993712681232,0.03931726260875763,55.37330609850176,49.357641911175385
1697,0.584679289086437,118.80587887000719,0.046273308927870994,56.556206010256,49.44055967605848
1698,0.584679289086437,118.80116831481577,0.05371098628308672,58.2846912879186,49.35181549743679
1699,0.584679289086437,118.79596769228594,0.059298862663382516,60.99705946102406,49.248303006800036
1700,0.6139132535407589,118.7893546864435,0.0718125978904674,63.7200142889472,49.5642682647382
1701,0.6446089162177968,118.7807303767762,0.08919423286799319,66.32311334273946,50.016728584645115
1702,0.6768393620286867,118.76989842229369,0.10669153411405809,68.51400012235487,50.70906492543358
1703,0.710681330130121,118.75697045116694,0.12127302424340629,69.73836157250959,51.66808075227729
1704,0.7462153966366271,118.74240927218878,0.13008914980676525,70.1258007712602,52.82767528777341
1705,0.7835261664684584,118.72751663786143,0.12671463072692649,69.74653819321153,53.652946339610416
1706,0.8227024747918814,118.71362463338244,0.11257212179497215,68.93246690070762,54.3567506819516
1707,0.8638375985314756,118.70149569645032,0.09087870948893279,65.16117811134988,55.02715941216336
1708,0.8638375985314756,118.69359486871718,0.057474444368388056,54.588275447146856,55.47382149643045
1709,0.8638375985314756,118.69044262629278,0.022930936855775918,44.53313391418147,55.95898501063604
1710,0.8227024747918814,118.69181300524929,-0.010467239680059335,43.66930262829644,55.0454585616265
1711,0.7835261664684584,118.69647081320214,-0.036268128037522766,47.973013322242686,53.28795329149798
1712,0.7835261664684584,118.70226056781584,-0.043768986963808786,48.89251532634192,51.741395925829586
1713,0.7835261664684584,118.70712157752625,-0.035677597478381645,45.480273868385034,50.64488288857068
1714,0.7835261664684584,118.70939388957198,-0.016677735561867635,41.54450439090018,49.868841805726426
1715,0.7462153966366271,118.7087264575423,0.004993766498622066,41.34588533729907,48.679230498891755
1716,0.7462153966366271,118.70511688452049,0.027007041959055556,43.14883437907482,48.05945738566902
1717,0.7462153966366271,118.69915029777148,0.04464236010997228,43.04903415976228,47.95525685552285
1718,0.7462153966366271,118.69180723553086,0.05494123234025022,39.20094625662202,48.37447876239035
1719,0.710681330130121,118.68538827495229,0.05042840066188086,33.01551376891239,48.60770801592789
1720,0.6768393620286867,118.68115762398004,0.03489851786171262,30.73921600229914,48.52852536402503
1721,0.6446089162177968,118.67976560199635,0.012056886658845755,31.99401934141815,48.021895462462275
1722,0.6139132535407589,118.68134114032009,-0.014328718640295278,33.44002926427456,47.15464176815039
1723,0.584679289086437,118.68545728667523,-0.038161133499979884,34.57678878490806,46.059682319436185
1724,0.5568374181775589,118.69133495063099,-0.05555041203999352,36.27182114941792,44.715179286181446
1725,0.5303213506452942,118.69817574802022,-0.06590848580579106,38.50064815998985,43.09633443680757
1726,0.5303213506452942,118.70429848966461,-0.05727212748141027,39.000071479202575,41.98825691284
1727,0.5303213506452942,118.70789890771707,-0.032697390020703015,38.388101034399334,41.09942733485443
1728,0.5303213506452942,118.70768194640651,0.00197034580069272,38.04366732144926,40.51638157426129
1729,0.5303213506452942,118.70355222401179,0.037504295848597304,38.94485699471269,40.356892846946806
1730,0.5303213506452942,118.6960668798408,0.06797855533170036,41.031875584617346,40.493729174170284
1731,0.5303213506452942,118.68790499744965,0.08720302768688251,43.57254026154555,40.98671547831237
1732,0.5303213506452942,118.68025547726494,0.0961515967098385,45.88148218918894,41.51518364490823
1733,0.5303213506452942,118.67262367786957,0.09593930656202768,47.69050562739776,42.030924195563976
1734,0.5303213506452942,118.66564092197817,0.08778018438468642,49.20723527231117,42.509316124723554
1735,0.5303213506452942,118.6596413208964,0.07542095089413428,50.92832115502379,42.83038718111306
1736,0.5303213506452942,118.65477562637889,0.061166617958501195,53.13639591412219,43.00195774669578
1737,0.5568374181775589,118.650138994853,0.05551149371473652,54.78906484506867,43.48956132141842
1738,0.584679289086437,118.64511948486086,0.0572337699865959,55.62159499782376,44.0607766286499
1739,0.6139132535407589,118.63898920356189,0.06657054845668872,56.15865247036745,44.662020663357566
1740,0.6446089162177968,118.63144976414348,0.07797430068270612,56.97407290868526,45.34256792856633
1741,0.6768393620286867,118.62245393747891,0.08860622051308185,58.09465680672919,46.17407799795488
1742,0.710681330130121,118.61201797362398,0.09789632767402484,59.025385864560576,47.14483170419843
1743,0.7462153966366271,118.60041257198476,0.10368232096300267,59.20920950339149,48.193803552017144
1744,0.7835261664684584,118.58816814169663,0.10418227080024993,58.250398938435325,49.382764366354415
1745,0.7835261664684584,118.57652991196521,0.09614018140012298,56.66800496620581,50.233866995727766
1746,0.7835261664684584,118.56629633204761,0.08207452394024026,54.978424241503426,50.86655010489028
1747,0.7835261664684584,118.55819409239395,0.06308827416742945,53.47530521095521,51.220836238521116
1748,0.7835261664684584,118.5527745348231,0.040970396932815865,48.12434698572951,51.468461665418666
1749,0.7835261664684584,118.55018676150547,0.019562869959442904,39.575302138044044,51.61956126485352
1750,0.7462153966366271,118.55053125315591,-0.0027344773901672188,35.471365260460345,50.88042691151601
1751,0.710681330130121,118.55331929893212,-0.02256044236092883,36.95186479863053,49.54729365803192
1752,0.6768393620286867,118.55774375120131,-0.036497179171047514,38.735202559550906,47.93990696410396
1753,0.6446089162177968,118.56285624047737,-0.042991665464282236,37.793072591012525,46.331926016686246
1754,0.6139132535407589,118.56769755897332,-0.04150186262636157,35.401953047317505,44.774624739239385
1755,0.584679289086437,118.57154911888219,-0.03365833788291742,34.0283569447502,43.323864043137505
1756,0.5568374181775589,118.5741362872209,-0.02304797480431997,34.04315225496277,41.89083258014887
1757,0.5303213506452942,118.57501231291515,-0.007955674417886291,35.67842283657862,40.67345533958322
1758,0.5303213506452942,118.57348892878615,0.013834694830231382,38.10515809150125,40.16286453214638
1759,0.5303213506452942,118.56995283517762,0.037780263677936514,41.123790066790605,39.9520250800281
1760,0.5303213506452942,118.56526509786664,0.05892309798857334,44.30335954981254,40.04354545960074
1761,0.5303213506452942,118.55930485328098,0.07492620060680642,46.87061854578336,40.296278210092794
1762,0.5303213506452942,118.55264405853427,0.08373281267520927,48.383124279877535,40.706467842580466
1763,0.5303213506452942,118.54587736961538,0.08506400770880995,49.30419242861952,41.20606508628765
1764,0.5303213506452942,118.53944371966094,0.08087737679027389,50.66691208551568,41.54931174185428
1765,0.5568374181775589,118.53278221924609,0.07975398440547402,52.73533126748119,42.34351275926542
1766,0.584679289086437,118.52565642624185,0.08125016155320389,54.74032229088744,43.16846707086381
1767,0.6139132535407589,118.51796243375364,0.08355135348331119,56.52678591548589,43.988359053055305
1768,0.6446089162177968,118.50954854532861,0.08701801679893621,58.17990961486069,44.845637262195076
1769,0.6768393620286867,118.50030453160251,0.09105078934714729,59.669362194398225,45.760756731373384
1770,0.710681330130121,118.49030440359743,0.09380789561719913,60.917120878869525,46.69635291024094
1771,0.7462153966366271,118.47954777368088,0.09609941905995056,61.90375796694616,47.65871043832861
1772,0.7835261664684584,118.46818788774023,0.09665608652116105,62.458792408675386,48.663563657034054
1773,0.8227024747918814,118.45622664481705,0.09410333676935885,59.471043067464734,49.7826646509353
1774,0.8227024747918814,118.44535805730673,0.08301653343058621,52.71791422142437,50.74608910346424
1775,0.8227024747918814,118.43623174026483,0.06767835823545991,48.79004676939538,51.337115397494316
1776,0.8227024747918814,118.4291854985775,0.052253068454529226,49.780033681501,51.216636575617535
1777,0.8227024747918814,118.42381935987429,0.03979386819755704,52.23772156520319,50.78193154411876
1778,0.8227024747918814,118.41990252729828,0.03173956317587946,53.42452439289805,50.266655212725915
1779,0.8227024747918814,118.41653214289687,0.027311488698531484,53.4232326007725,49.814080687524154
1780,0.8227024747918814,118.41316456060547,0.027288782150629843,52.69967624286774,49.42553103981194
1781,0.8227024747918814,118.4095442909608,0.02848194420567503,49.67215261609074,49.22784101325504
1782,0.8227024747918814,118.40582033458348,0.029297684474733743,43.71105016408695,49.30253510887248
1783,0.8227024747918814,118.40211439534778,0.02915593723701115,38.57575314436565,49.39494921868911
1784,0.7835261664684584,118.39897706237599,0.02591663577547148,38.15891670563647,48.76701169895926
1785,0.7462153966366271,118.39656458137267,0.020925276865159267,40.750952074089376,47.8628974693594
1786,0.7462153966366271,118.3942066383794,0.0204522273535154,42.802228956687124,47.358566768962696
1787,0.7462153966366271,118.39129829046632,0.025226306535426266,43.690868828566146,46.95720575025083
1788,0.7462153966366271,118.38749745558731,0.032967522667090146,44.1181699628682,46.73370703886062
1789,0.7462153966366271,118.38281871274849,0.04058228402561084,44.09965727728069,46.628064800244196
1790,0.7462153966366271,118.37758768302194,0.04537268694175107,43.66178820326869,46.608784196635625
1791,0.7462153966366271,118.37192211520887,0.04914176522957165,42.865140657311,46.72233385983956
1792,0.7462153966366271,118.36603614408676,0.051053490236551646,42.40325847823177,46.77379985954668
1793,0.7462153966366271,118.36008250100834,0.051640460422452565,42.81318809699744,46.843091536412196
1794,0.7462153966366271,118.35414542488951,0.051496762620399435,43.84457868479528,46.89633087983773
1795,0.7462153966366271,118.3483316421562,0.05042734560845267,44.85874191546932,46.929396857937185
1796,0.7462153966366271,118.34269589113333,0.048883141601175434,45.200784577043,46.93749546911435
1797,0.7462153966366271,118.33720732985034,0.04760645338908154,44.77900518456866,46.948640562318616
1798,0.7462153966366271,118.33180140467282,0.04688968779263071,43.881447288022194,46.908874279106925
1799,0.7462153966366271,118.32641446141449,0.04672504321558402,43.42252355449298,46.910144429641115
1800,0.7462153966366271,118.32104956095014,0.04653384935052672,43.70576044706792,46.88205520351634
1801,0.7462153966366271,118.31571294107704,0.046288550340473814,44.42868419988379,46.816230221517834
1802,0.7462153966366271,118.31037463075886,0.046303212852565306,45.388548133301775,46.730487528952054
1803,0.7462153966366271,118.30498760473573,0.04672576109727107,46.40245751670648,46.64129038377715
1804,0.7462153966366271,118.29944148386757,0.048105711312514995,47.39074132635873,46.53032285059872
1805,0.7462153966366271,118.29382934775545,0.050138660922916085,48.403669539728035,46.445911240085515
1806,0.7462153966366271,118.28784234384881,0.053487718904658525,49.61368746108454,46.30698524928776
1807,0.7462153966366271,118.28150265939895,0.05663855662790193,51.05977565639262,46.2636283522297
1808,0.7462153966366271,118.27485043170951,0.05943080884702145,52.624751577645846,46.23724478805433
1809,0.7462153966366271,118.26791219006955,0.06198604916899302,54.216304268285775,46.20627476052088
1810,0.7462153966366271,118.2607129596257,0.06431771555734989,55.82800295042759,46.164675779244156
1811,0.7835261664684584,118.25250950340217,0.06979946617958571,57.15174751712524,46.58523799899274
1812,0.8227024747918814,118.2428998500641,0.07787062461802984,58.172385669065406,47.16401218567699
1813,0.8638375985314756,118.23163326951261,0.0869498354061826,58.825250251544446,47.88162883062464
1814,0.9070294784580494,118.2186751848731,0.09524192210058999,58.91310212061653,48.750100580734156
1815,0.9523809523809519,118.2046515278067,0.09816559946471402,58.42318400074504,49.34522073145237
1816,0.9523809523809519,118.19123149605585,0.09120409927748076,56.842733820502794,49.55075501456182
1817,0.9523809523809519,118.17987774732654,0.07491397973930693,52.97611812627256,49.67294071461756
1818,0.9523809523809519,118.1717207000858,0.052253976231105406,49.26647034598454,49.50697162532994
1819,0.9523809523809519,118.16673684481854,0.031926535054872494,47.90673955178595,49.186025931353015
1820,0.9523809523809519,118.16394693151703,0.017872161217169037,48.00522401377234,48.45426192721682
1821,0.9523809523809519,118.16213301668563,0.01161992320110128,47.49566667214838,47.532895325315344
1822,0.9523809523809519,118.16015433604868,0.0126754115700971,45.991328093048274,46.81819078753298
1823,0.9523809523809519,118.15721597596438,0.01882311006316611,41.737481998434234,46.418819017409135
1824,0.9523809523809519,118.1531358758826,0.02613708691433904,35.58406475421549,46.45103330489867
1825,0.9070294784580494,118.14874280987702,0.029549041197830878,32.44894467316251,46.024515895244015
1826,0.8638375985314756,118.14461874550346,0.029126640783018687,32.84772254391842,45.314062654639116
1827,0.8227024747918814,118.14126316310909,0.024884113309982248,33.62728917168531,44.51703306984623
1828,0.7835261664684584,118.13889653065372,0.01842783768220701,32.763085594175756,43.76989086486795
1829,0.7462153966366271,118.13760098277857,0.01059220378405779,31.279874815046504,43.03867937119337
1830,0.710681330130121,118.13734870191686,0.0021026609120860505,30.717626402696038,42.14811041173939
1831,0.6768393620286867,118.13819667427111,-0.007204746480235297,31.535922019512117,41.01313043127665
1832,0.6446089162177968,118.14000621358171,-0.01567317946692223,32.60367170788,39.88896247019891
1833,0.6139132535407589,118.14242199013599,-0.02133034700744264,33.33432660735735,38.732460492743435
1834,0.6139132535407589,118.14436957024219,-0.01719635842001619,33.54762959382993,37.965189423939194
1835,0.6139132535407589,118.14501697906097,-0.005716362606529124,34.177169051708894,37.33957794931207
1836,0.6139132535407589,118.14367955290832,0.011808941469735027,35.50965149145625,36.923136854881456
1837,0.6139132535407589,118.14017510238385,0.030942905553641945,37.59897160927811,36.693871586050406
1838,0.6139132535407589,118.13552292084412,0.04832578157636301,40.0418000978849,36.78007677333929
1839,0.6139132535407589,118.12982265242012,0.061900910713503246,42.388430422051286,37.03875889845155
1840,0.6139132535407589,118.12336273457737,0.07015016975649048,44.41429508367168,37.37328771629845
1841,0.6139132535407589,118.11670106494837,0.07234105242718791,46.03126057211595,37.740421798937824
1842,0.6446089162177968,118.10942448190369,0.07525579062064086,47.013727307031644,38.530630986733755
1843,0.6768393620286867,118.10145803045921,0.0784671803624486,47.66886540026019,39.4269042953624
1844,0.710681330130121,118.09277173609429,0.08148325648100042,48.2212856249962,40.36255052442082
1845,0.710681330130121,118.08430788875845,0.0793965544242812,48.938659177249654,40.876879592557906
1846,0.710681330130121,118.07652391353776,0.07301889881932527,49.87042976749844,41.19641021937357
1847,0.7462153966366271,118.06903933478178,0.06686700908535216,50.59174446489921,41.78769111394597
1848,0.7835261664684584,118.06174611620008,0.06205466938069445,50.947774586876804,42.29761277083529
1849,0.8227024747918814,118.05429521377866,0.05861888971773881,49.33117725140627,42.96345086615004
1850,0.8227024747918814,118.04762266544822,0.050966312873068215,43.344669760170014,43.55937463851798
1851,0.8227024747918814,118.04243484427604,0.03962565782942017,35.73713371642794,44.20332399509103
1852,0.7835261664684584,118.03958010032592,0.02289538485684959,32.736921314899995,43.95793169095227
1853,0.7462153966366271,118.03921902553704,0.0030406557358531533,33.85014558013391,43.120382933627674
1854,0.710681330130121,118.04121648586447,-0.017147480697214095,35.04671307111528,41.98084553041916
1855,0.710681330130121,118.04465700742588,-0.028675382489082954,34.372707599560776,41.127312456998965
1856,0.710681330130121,118.04822576090139,-0.02974414462803659,32.74547146636195,40.34959601742263
1857,0.6768393620286867,118.0513550205315,-0.02658756761694598,31.754632284019845,39.207349632216754
1858,0.6446089162177968,118.05392852764845,-0.022290225289351127,31.07543834007539,37.99337534499076
1859,0.6139132535407589,118.0557090430555,-0.015721243513922366,30.558803641009085,36.910355103026404
1860,0.584679289086437,118.05676490633454,-0.009503879456569584,31.2452685430583,35.866031166435874
1861,0.584679289086437,118.0564983943948,0.0023988876204055704,32.6836743583369,35.35026109991116
1862,0.584679289086437,118.05449754819278,0.01800971914911206,34.420212233555155,35.01375140746311
1863,0.584679289086437,118.05119701120424,0.03495094410560429,36.264304787068205,34.89196799773986
1864,0.584679289086437,118.04693321857307,0.04861688234648158,37.224298460739384,35.03289470245969
1865,0.584679289086437,118.04187774903527,0.057643790161713976,37.43189822618478,35.33736592125364
1866,0.584679289086437,118.03648382718363,0.06150291224994893,37.439255731863156,35.71567775325022
1867,0.584679289086437,118.03118242035363,0.06044803169773739,37.77015947697918,36.07918703073056
1868,0.584679289086437,118.02630267309327,0.055640158647177015,38.11518288031863,36.34943535799931
1869,0.584679289086437,118.02219361465801,0.046852562444236155,38.62992327153533,36.532750452800876
1870,0.584679289086437,118.01902485941206,0.0361309787559484,39.42144929572776,36.603426705840576
1871,0.584679289086437,118.01671774378232,0.026306337768364784,40.34904603162188,36.587285737860334
1872,0.584679289086437,118.01507073487412,0.018779627725978482,41.18261831083191,36.48634954636544
1873,0.584679289086437,118.01386537981512,0.013743774652494305,41.228166090371666,36.350448120229615
1874,0.584679289086437,118.01277229006845,0.012463696104578719,40.7037841333516,36.17763696408333
1875,0.584679289086437,118.01146455608102,0.014911126057325615,40.15827618061483,35.98501989133088
1876,0.584679289086437,118.00969843830778,0.02013773825762346,40.21728827786952,35.83588711490198
1877,0.584679289086437,118.00732633282128,0.02704736916804096,41.015280132957834,35.69041864617498
1878,0.584679289086437,118.00431276162955,0.03436152945163866,42.49708242205076,35.538401678237356
1879,0.584679289086437,118.00071187840214,0.0410582153852253,44.054321213486894,35.38043494441497
1880,0.6139132535407589,117.99628429642583,0.048080429938978736,45.033090233274756,35.624463905868886
1881,0.6446089162177968,117.99109169889276,0.05370282044833801,45.442331720241455,35.88153724735525
1882,0.6768393620286867,117.98536467017689,0.05640953168677251,46.17066121522496,36.32363159805703
1883,0.710681330130121,117.979497655753,0.0550365231703815,47.06399117756721,36.661932759775375
1884,0.7462153966366271,117.97372698696591,0.05155498723368493,47.63799222882149,37.099028098410784
1885,0.7835261664684584,117.96823069335966,0.04676545461211652,47.27679433736271,37.56729313432867
1886,0.8227024747918814,117.96299139457707,0.0412194201671087,45.988887386037355,38.002275953006674
1887,0.8638375985314756,117.95756103930613,0.0395030321457744,44.1823773743238,38.71282643076936
1888,0.8638375985314756,117.95221803027246,0.037735566355826776,42.34446825261222,38.958034629581384
1889,0.8638375985314756,117.94690358311917,0.03644062626715006,41.113232010295455,38.94677636567586
1890,0.8638375985314756,117.94177059110041,0.03519640677420873,40.69200280801089,38.716880215551114
1891,0.8638375985314756,117.93677824544862,0.03423200887039509,40.77360349416201,38.31420759713445
1892,0.8638375985314756,117.93186750987101,0.033672416851569194,40.844318910291705,37.85937788647189
1893,0.8638375985314756,117.92700599067868,0.03333494507851638,40.298158253155194,37.45749125001081
1894,0.8638375985314756,117.92202996542991,0.03312631215403946,39.195593660729486,37.19328881491474
1895,0.8638375985314756,117.91711092341153,0.03179316926674234,37.97620453840712,37.014771234595486
1896,0.8638375985314756,117.91227761780452,0.030329155753865127,37.100251807604174,36.953281393531725
1897,0.8638375985314756,117.90756807737141,0.029552525111990156,36.65079921964064,36.920061046578276
1898,0.8638375985314756,117.90288051396573,0.02941461852335318,36.472614015526254,36.95208411464822
1899,0.8638375985314756,117.8981621661586,0.029607791681045784,36.271767137358296,37.04364576429996
1900,0.8638375985314756,117.89337169217862,0.030060385849247615,35.875335732983785,37.17374674321088
1901,0.8638375985314756,117.88858822189985,0.03001643738768354,35.33237286547396,37.25387575449566
1902,0.8638375985314756,117.88398556353677,0.028881836516500257,34.96537915998622,37.251739482148594
1903,0.8638375985314756,117.87924235596405,0.029763787548916436,34.90417494469417,37.12983744951095
1904,0.8638375985314756,117.87420972875597,0.031579905525384394,35.099373353455356,37.038274096305834
1905,0.8638375985314756,117.86884879164761,0.0336400612265747,35.35752099226292,36.94623669744011
1906,0.8638375985314756,117.86315090045952,0.03575445944540879,35.62719674686477,36.85535871692224
1907,0.8638375985314756,117.85728576808327,0.03680390354312638,35.39832538551945,36.804555331925464
1908,0.8638375985314756,117.85145500679099,0.03658822383212452,34.38916520072082,36.80932118722456
1909,0.8638375985314756,117.84606059482122,0.03385011711113791,33.262847090867226,36.846270632483105
1910,0.8638375985314756,117.84121501417394,0.030406182046013697,32.57683401893145,36.90081185303605
1911,0.8638375985314756,117.83689363335353,0.027116810446067695,32.38031743810409,36.89619871241993
1912,0.8638375985314756,117.83294549445412,0.024774704799254997,32.21596285949789,36.81694820382144
1913,0.8638375985314756,117.82921073928847,0.023435714670681503,31.734706444462862,36.764671264281645
1914,0.8638375985314756,117.82554668746496,0.022992048812856384,31.059370745698835,36.76158620095183
1915,0.8638375985314756,117.82179282073957,0.023555640352901717,30.48842916072225,36.730022192813195
1916,0.8227024747918814,117.81845981785433,0.02196044083423738,30.36643685581271,36.25830471073162
1917,0.8227024747918814,117.81527039956258,0.02101439275721396,30.4062197791983,36.096989317296966
1918,0.8227024747918814,117.81204707767057,0.021237776304665622,30.56299091846048,35.91673782252694
1919,0.8227024747918814,117.80850434171344,0.023342327041506572,30.89530424171464,35.70156377993547
1920,0.8227024747918814,117.80449232162638,0.02643433947727885,31.109571708417636,35.531069311291894
1921,0.8227024747918814,117.80001866873734,0.029475938955262158,31.286151638035047,35.47583847530383
1922,0.8227024747918814,117.79515160324938,0.03206805015296506,31.617706362215962,35.47901733132687
1923,0.8227024747918814,117.7900231252767,0.033790440922652605,31.969902549849294,35.50599771165772
1924,0.8227024747918814,117.78471829301557,0.03495240148800154,32.131426872310115,35.541899857538716
1925,0.8227024747918814,117.77948942134854,0.03445191343256921,31.9881574767629,35.68440636421334
1926,0.8227024747918814,117.77454946465987,0.032548314634344266,31.63587844248578,35.823882576390005
1927,0.8227024747918814,117.77006132976094,0.02957135781085726,31.722956263425246,35.88667761297576
1928,0.8227024747918814,117.76616015465507,0.025704005680855246,31.942481141744942,35.868966204553175
1929,0.8227024747918814,117.76289714390202,0.021499277693512238,32.07518829577083,35.810733433868485
1930,0.8227024747918814,117.76011154600867,0.018353706801555427,32.11504223335806,35.7797658743546
1931,0.8227024747918814,117.75755935365957,0.01681584775347292,32.10258057662707,35.72759536541534
1932,0.8227024747918814,117.75497997754802,0.01699495573126476,32.142826292298075,35.65212246476927
1933,0.8227024747918814,117.75206644211161,0.019196659820751093,32.34197980918817,35.51420884502662
1934,0.8227024747918814,117.74865871937632,0.02245275389317744,32.76753198211361,35.398452511320265
1935,0.8227024747918814,117.74471070915537,0.026012592204492296,33.33294946346023,35.29270535436707
1936,0.8227024747918814,117.74027289094637,0.029239831937459788,33.912139596209165,35.213047065024284
1937,0.8227024747918814,117.73550002465078,0.03144739188754744,34.25320598495348,35.17921180441831
1938,0.8227024747918814,117.73067285178489,0.03180520622604352,34.110919507386946,35.19927641744735
1939,0.8227024747918814,117.72605635860577,0.030417082976657916,33.73248303766452,35.272092889719374
1940,0.8227024747918814,117.72178782413765,0.02812445769277928,33.334251098798084,35.35607267590631
1941,0.8227024747918814,117.7179283148881,0.025429478294060833,33.0198139587509,35.41183292608298
1942,0.8227024747918814,117.7144297799803,0.023051095811821517,32.77337861808848,35.402685927056446
1943,0.8227024747918814,117.71109995715605,0.021939488094695946,32.68175079623149,35.29271854941908
1944,0.8227024747918814,117.707896329953,0.021108012224772744,32.7830260170289,35.22427613004224
1945,0.8227024747918814,117.70468393087201,0.021165808246518144,32.93776429821628,35.15788547588015
1946,0.8227024747918814,117.70143228978947,0.021424365374429263,33.10828175163203,35.06000818130727
1947,0.8227024747918814,117.69820990057455,0.021231631095417827,32.58130753716716,35.02038288328113
1948,0.8227024747918814,117.6951177794578,0.020373322548596345,31.37080313455115,35.07137504113681
1949,0.8227024747918814,117.69214481199884,0.019588244664791865,29.878283640524955,35.14529477626242
1950,0.8227024747918814,117.68922158601904,0.01926050873166927,28.619105718862066,35.182948048537924
1951,0.7835261664684584,117.68690801939728,0.016005773740932542,28.077316144719656,34.76194965681509
1952,0.7462153966366271,117.68557810106704,0.009660707529434868,28.23386566445849,34.19173341654577
1953,0.710681330130121,117.68542614120935,0.0011252911797548196,28.834581102991145,33.41769149682167
1954,0.710681330130121,117.68585275814391,-0.003159178226642724,29.31261783654683,32.87422560792972
1955,0.710681330130121,117.68612068579634,-0.001984054399688221,29.45874301970889,32.34892400489733
1956,0.710681330130121,117.6855642414515,0.004120574492694691,29.45937288866559,31.935878459811587
1957,0.710681330130121,117.68380858064575,0.013000996777235506,29.598973068623433,31.69606084825403
1958,0.710681330130121,117.68079092486857,0.02234630567848992,30.070180643271122,31.595656043630456
1959,0.710681330130121,117.67670989823168,0.030220765867755715,30.933471058038737,31.639771318361294
1960,0.710681330130121,117.67176761725214,0.03659851542830095,31.97994100625174,31.75090570056444
1961,0.710681330130121,117.66709030576672,0.04074866675863789,33.13163468486039,31.96568279429937
1962,0.710681330130121,117.6625811646292,0.04229876266938089,34.30247213114249,32.18745823700533
1963,0.710681330130121,117.65818088322432,0.041277585497322314,35.49733190865356,32.30987814037551
1964,0.710681330130121,117.65412239144648,0.03807136997307173,36.942096082447534,32.339201962658045
1965,0.710681330130121,117.65049891114448,0.03399067109615669,38.12990094450139,32.334260396469
1966,0.710681330130121,117.64732673522158,0.02975713387917425,38.564595602336844,32.34259977207897
1967,0.710681330130121,117.64451833309833,0.026344692097355862,38.52641456601078,32.353756036226585
1968,0.710681330130121,117.64196148598377,0.023984937703513034,38.447702601600426,32.34423477606673
1969,0.710681330130121,117.63956500364658,0.022480608730552888,38.56396345453315,32.24897674736324
1970,0.710681330130121,117.63734172745794,0.02085581909793639,38.85480639784309,32.09561754149534
1971,0.7462153966366271,117.63468653482339,0.023721413830638343,39.11429082203951,32.31641796770945
1972,0.7835261664684584,117.63107663439744,0.030714995707269308,39.147601935521685,32.66999489752325
1973,0.7835261664684584,117.62663699899939,0.037774832018405806,39.1830694607263,32.771988998161575
1974,0.7835261664684584,117.62161114863484,0.04276266770755469,39.20137946243923,32.97803896076737
1975,0.7835261664684584,117.61628558405775,0.04531279919800068,39.21813318109119,33.18338953569382
1976,0.7835261664684584,117.61090140254257,0.04581154397965134,39.36820568758366,33.35391115507823
1977,0.7835261664684584,117.6057094602825,0.04417586786739045,39.6875262539443,33.485886932919755
1978,0.7835261664684584,117.60086590291058,0.04121161980451456,40.15785624716396,33.54040388492104
1979,0.7835261664684584,117.59638565183546,0.03812041228368693,40.722258555045336,33.48623160268548
1980,0.8227024747918814,117.59159369538833,0.03883102007473358,40.9424903415931,33.7481908971237
1981,0.8638375985314756,117.58609202972319,0.042459104770613106,40.75914529929028,34.14180078542101
1982,0.8638375985314756,117.58026122207463,0.04499925802792099,40.538824915612864,34.313413471610595
1983,0.8638375985314756,117.57436297088017,0.04551975359333416,40.43969287028104,34.44921733094386
1984,0.8638375985314756,117.56859817005227,0.04448985038921579,40.350791781938085,34.56155731260037
1985,0.8638375985314756,117.56311889792308,0.04228628265697169,40.26549444891618,34.68165048167695
1986,0.8638375985314756,117.55802618500103,0.03930301197574152,40.17856583925325,34.76951430656162
1987,0.8638375985314756,117.5533003299343,0.03647178647759828,40.12203298988043,34.774013919343076
1988,0.8638375985314756,117.54884432616277,0.03438920910685125,40.16914022780711,34.7299083007206
1989,0.8638375985314756,117.54461776462611,0.032618488659105715,40.021669915420624,34.672915602495344
1990,0.8638375985314756,117.54054173180813,0.03145678327267255,39.70541977968576,34.608748226146936
1991,0.8638375985314756,117.5365221765951,0.031020917356531126,39.3413434019265,34.53555320748912
1992,0.8638375985314756,117.5324340644718,0.031550005311717456,39.05587287638241,34.42374973831371
1993,0.8638375985314756,117.52814063429092,0.033134547420809804,38.95269651958904,34.25885736912342
1994,0.8638375985314756,117.52361746484152,0.03490756022574026,39.11358938611437,34.12900958380288
1995,0.8638375985314756,117.51890667043317,0.03635555584659339,39.403169790016065,34.01671267572461
1996,0.8638375985314756,117.51406556903389,0.0373612000490233,39.73759300911479,33.946617711705535
1997,0.8638375985314756,117.50914395318416,0.03798257032044863,39.78010757332999,33.940838725706826
1998,0.8638375985314756,117.50428024351487,0.03753567937280735,39.225595274322465,33.99660597116263
1999,0.8638375985314756,117.4994990809028,0.03582390529945635,38.226018566971526,34.11055090661232
2000,0.8638375985314756,117.49487017423554,0.033672907158369014,37.09817124953472,34.250395749883424
2001,0.8638375985314756,117.49042594669811,0.03138782698733238,36.10196226773738,34.351441639539274
2002,0.8638375985314756,117.48616412008396,0.029222913763425395,35.32786574638751,34.38697842842307
2003,0.8638375985314756,117.4822053391416,0.027144960262481296,34.705708040776685,34.333445949477074
2004,0.8638375985314756,117.47855360389406,0.025039579008875476,34.1420224206868,34.22020263132547
2005,0.8638375985314756,117.47517629650395,0.02315785496412468,33.522990439589776,34.08696078850809
2006,0.8638375985314756,117.47195273181129,0.02210365684816866,32.72353322363215,33.98324071054022
2007,0.8638375985314756,117.46877849105009,0.021765447641872507,31.6999369386802,33.90995438495313
2008,0.8638375985314756,117.46558664613627,0.021886157534842767,30.5183527328356,33.8693229497115
2009,0.8638375985314756,117.46233412895916,0.022302181103648185,29.304377264455393,33.83926548633274
2010,0.8638375985314756,117.4588508156259,0.023884726987885904,28.321397098302345,33.74905715852462
2011,0.8638375985314756,117.45519155684002,0.025091167149563335,27.688384791033698,33.74211367356491
2012,0.8227024747918814,117.45202191212601,0.022820629662208682,27.500127158003615,33.3773143331358
2013,0.7835261664684584,117.44971518718295,0.017438219872593228,27.63932505341362,32.901827480075
2014,0.7835261664684584,117.44798983107496,0.013043227914955402,27.28802948893701,32.67545187423344
2015,0.7835261664684584,117.44666936105185,0.009982398060500703,25.94058588372108,32.50628567222295
2016,0.7462153966366271,117.44595830734777,0.005644143405255717,24.167542683941132,31.990872993738193
2017,0.710681330130121,117.4458453791121,0.0009412120496921577,22.81868719546976,31.366884560677722
2018,0.6768393620286867,117.4463485902014,-0.004275502976442564,22.591922349229677,30.665851254261124
2019,0.6446089162177968,117.44739897939643,-0.009097861686174113,23.44574886008674,29.841248007398598
2020,0.6139132535407589,117.44882571961753,-0.012597549202833689,24.82895875425414,28.928431705713454
2021,0.6139132535407589,117.4499437408603,-0.009584158544718216,25.762320910532967,28.33567993709859
2022,0.6139132535407589,117.45005719616715,-0.0009725876460232523,25.473588104763834,27.872716790595284
2023,0.6139132535407589,117.44890468383443,0.009879830989897422,24.705951667618482,27.648000544556524
2024,0.6139132535407589,117.44653410558709,0.020321615454165352,24.503598787500934,27.60841953148617
2025,0.6139132535407589,117.44315349161738,0.028980075713261815,25.314185414752522,27.729291376585355
2026,0.6139132535407589,117.43909244316674,0.034813052489881854,26.647746805903967,27.949709292595376
2027,0.6139132535407589,117.43484062682997,0.03644839678852048,27.062360372516604,28.26308569001203
2028,0.6139132535407589,117.43085454423752,0.0341704129377521,26.523345003218676,28.6238782765994
2029,0.6139132535407589,117.42747337432358,0.02898484150588148,25.599801349286015,28.937648609165134
2030,0.6139132535407589,117.42487532092524,0.022271630202570572,24.968451633234448,29.12420942452265
2031,0.6139132535407589,117.42307481922126,0.015434674343428491,24.934332105952453,29.150676719482604
2032,0.6139132535407589,117.42193957494567,0.009731801783426046,25.286727399858695,29.03656891949494
2033,0.6139132535407589,117.4211908171209,0.006418673840547188,25.618940868175784,28.806704696206577
2034,0.6139132535407589,117.42051707349712,0.0057756198735259825,25.800542760040564,28.569090368620028
2035,0.6139132535407589,117.41967843400815,0.007189178091434457,25.82768640759128,28.368229842929402
2036,0.6139132535407589,117.4184251527476,0.010743665543147271,25.91796434471697,28.18331101911771
2037,0.6139132535407589,117.41664581544688,0.015253243983515494,26.38336295462283,28.090140805433474
2038,0.6139132535407589,117.41433243242523,0.01983131340095624,26.685539830605222,28.043844390369127
2039,0.6139132535407589,117.41163698234094,0.023106556449253843,26.693382615779175,28.13023994109601
2040,0.6139132535407589,117.40874513376063,0.024790168755933036,26.722183065540627,28.27231019439484
2041,0.6139132535407589,117.4059083051744,0.024318513723023214,26.313290393417486,28.44189465998394
2042,0.6139132535407589,117.40333030185286,0.022099752328020923,25.679854195941576,28.610740576309365
2043,0.6139132535407589,117.40121419308416,0.018140193729029343,24.320575225310613,28.760194492159382
2044,0.6139132535407589,117.39965317898015,0.013381683720581765,22.652538995104695,28.864090115323094
2045,0.584679289086437,117.39917452653113,0.004308375210327497,21.345214710940493,28.51653207957095
2046,0.5568374181775589,117.39992519381877,-0.006887994602868888,21.027139907819556,27.932357114681203
2047,0.5303213506452942,117.40192516151377,-0.018707698518378873,21.66135569098136,27.160987819818736
2048,0.5050679529955182,117.40493386657505,-0.02868990252857419,22.616169763118016,26.21820787263674
2049,0.5050679529955182,117.4081015739864,-0.0293263012958308,22.77726189842903,25.520491175669672
2050,0.5050679529955182,117.41044856509721,-0.021095336213356634,22.210403345115427,24.91390976888498
2051,0.5050679529955182,117.41120957442298,-0.006840139919891285,21.603858334673156,24.49985820011941
2052,0.5050679529955182,117.41014861256328,0.009536187434883242,21.65246227608533,24.339769800776647
2053,0.5050679529955182,117.40746262958983,0.02414227886385469,22.415425382063518,24.4254693130427
2054,0.5050679529955182,117.40367795761517,0.03401756717130184,23.40986611266064,24.709805716759032
2055,0.5050679529955182,117.39947255271277,0.03779921871926165,24.165667276656563,25.113446053694936
2056,0.5050679529955182,117.3954484300295,0.03616980932570052,24.631303983038457,25.509034507703834
2057,0.5050679529955182,117.39208334438291,0.030246221545339323,25.118451224900173,25.850181009033573
2058,0.5050679529955182,117.38967905974717,0.021610304576854884,25.829658111086726,26.04013373980827
2059,0.5050679529955182,117.38856522764377,0.011778115591580986,27.008068686531267,26.02281956138498
2060,0.5050679529955182,117.38823958354025,0.004051169124165296,28.53687258003221,25.887281625313637
2061,0.5050679529955182,117.38829164044641,-0.0006871274233596717,29.957521546722237,25.69797216489386
2062,0.5050679529955182,117.38845902934004,-0.0022094570656896115,31.038212466581136,25.499310973276902
2063,0.5303213506452942,117.3881227020979,0.0042279678377330635,31.605820785349206,25.672828846677252
2064,0.5568374181775589,117.3867588312612,0.016328773799797563,31.98500601396196,25.994890025512287
2065,0.584679289086437,117.38403727476535,0.031031901268041846,32.4833758615858,26.488621627969167
2066,0.6139132535407589,117.37992204799053,0.04468847187636084,33.20229503805678,27.125803901557415
2067,0.6446089162177968,117.37451511220627,0.05591954696080719,33.97200995991752,27.95587453996516
2068,0.6768393620286867,117.3680474523266,0.06370452865197852,34.48883893950828,28.895538434343894
2069,0.6768393620286867,117.36153090128704,0.06418609205423825,34.616205673207546,29.57684128063402
2070,0.6768393620286867,117.35556656444078,0.05874694628095942,34.43600112971723,30.133505167547938
2071,0.6768393620286867,117.35069796629897,0.04795424552130857,34.215252900579806,30.56047205931942
2072,0.6768393620286867,117.34717745652962,0.034675975491104634,34.21740839044409,30.773713859233577
2073,0.6768393620286867,117.34502888142737,0.02116282654117063,34.563624242567776,30.76442579113825
2074,0.6768393620286867,117.34398293921103,0.010302220142840766,35.21760161858303,30.526708145735892
2075,0.6768393620286867,117.34363320480855,0.003444779978862458,36.05823017156066,30.153435495161528
2076,0.6768393620286867,117.34349526663443,0.00135865004155939,36.87162369541108,29.718869266463486
2077,0.710681330130121,117.34270884913498,0.0073771226391276205,37.22807922455716,29.650030109366142
2078,0.7462153966366271,117.3404724397586,0.0199800163730072,37.42696015461764,29.743792320351304
2079,0.7835261664684584,117.33628156943028,0.0356582035392808,37.79729141831355,30.062381144870724
2080,0.8227024747918814,117.32997838921357,0.05107703298823982,38.292668764263425,30.653688558373737
2081,0.8638375985314756,117.32175267155839,0.06348197600412984,38.52977398178192,31.504713209495907
2082,0.9070294784580494,117.31204959287602,0.07131762831542664,38.40063691929019,32.57063852333318
2083,0.9070294784580494,117.3026399084423,0.06916118058755745,37.66647410132008,33.09512173372778
2084,0.9070294784580494,117.29449431455643,0.05812632530213519,36.585224238057876,33.43591411823113
2085,0.9070294784580494,117.28863378215254,0.040602236939149564,35.629716905031096,33.45913873930257
2086,0.9070294784580494,117.28532181041543,0.022945604927489014,35.11711110236472,33.39277135777358
2087,0.9070294784580494,117.28417439877396,0.007949359567213992,34.925687033377194,33.0126419019333
2088,0.9070294784580494,117.28447783838904,-0.002102253907868127,34.7394043820427,32.42641679431349
2089,0.9070294784580494,117.28537266820773,-0.006199452509487221,34.31296453141582,31.767195042819054
2090,0.9070294784580494,117.28604309589339,-0.004509491839698852,33.588986667876235,31.156221965092538
2091,0.9070294784580494,117.28574658225156,0.0019363466974017228,32.658655344653326,30.66540158385782
2092,0.9070294784580494,117.28395106901921,0.011383867327687073,31.69207203982382,30.35287051539453
2093,0.9070294784580494,117.28036166807209,0.022094590863281246,30.84183723053292,30.204432518741505
2094,0.9070294784580494,117.27521019362106,0.03170994882315288,30.17052215871815,30.270703982726257
2095,0.9070294784580494,117.2689935309174,0.03826672500418628,29.535702389356445,30.502463286340518
2096,0.9070294784580494,117.26234753232778,0.04090950603726965,28.7922404325024,30.838092142549733
2097,0.9070294784580494,117.25591297954271,0.03960794942361241,27.870101599218472,31.20544350871422
2098,0.9070294784580494,117.25022144053469,0.035034321219186995,26.803259447246518,31.530313518713395
2099,0.9070294784580494,117.24561237333101,0.028371155974789293,25.713336187325815,31.754269410608583
2100,0.8638375985314756,117.24284174506089,0.017907359449025703,24.82419656515173,31.495083443102942
2101,0.8227024747918814,117.24205910733552,0.0053113309996372015,24.211120887839236,30.98261808280996
2102,0.7835261664684584,117.24310988545146,-0.007269519112788103,23.859046946221586,30.221859172076684
2103,0.7462153966366271,117.24554776753925,-0.01719330764247433,23.700213705652516,29.2317275485671
2104,0.710681330130121,117.24876089918027,-0.02310081653086831,23.741117240249185,28.107927795533616
2105,0.710681330130121,117.25162073868293,-0.019961963084186154,23.427748588629626,27.261540433360288
2106,0.710681330130121,117.25302342395773,-0.009505710871487851,22.922851389781957,26.600332501493405
2107,0.710681330130121,117.25220544420638,0.005543281272349177,22.5550637252094,26.173964476033802
2108,0.710681330130121,117.24899858931252,0.021732198929848442,22.740902811512335,26.037566598762965
2109,0.710681330130121,117.24377137236512,0.03542377884533384,23.41204096542253,26.190155721371458
2110,0.710681330130121,117.23732490754234,0.04368637202432484,23.512059445634957,26.563058088889616
2111,0.710681330130121,117.23160615654051,0.0455938876209152,23.094182991157076,27.09737077025414
2112,0.710681330130121,117.22628229002527,0.04244559197070724,22.58983909986997,27.55298113014404
2113,0.6768393620286867,117.22243645537655,0.032194771264260486,22.314984483984773,27.516068011453218
2114,0.6446089162177968,117.22055327413004,0.016552978682347154,22.710066329463594,27.23290842045599
2115,0.6446089162177968,117.22021311465363,0.0029899684755052805,23.582185369581424,26.99023970825615
2116,0.6446089162177968,117.22091038606652,-0.006128947414962008,24.49208701027708,26.60087523822486
2117,0.6446089162177968,117.22187920945926,-0.008515862717186233,25.255616153168,26.095016742759313
2118,0.6446089162177968,117.22247634489953,-0.005248762024818454,25.490497881920987,25.66972343674067
2119,0.6446089162177968,117.22230484301217,0.0015074847894610086,25.20495553182128,25.391025399131102
2120,0.6446089162177968,117.22114752438694,0.010172717345932626,24.849355963158207,25.2575904002464
2121,0.6446089162177968,117.21898356500667,0.01902099097295401,24.848704085551837,25.248896045615282
2122,0.6446089162177968,117.21601989063369,0.026050407419417727,24.784016550197723,25.351413915257634
2123,0.6446089162177968,117.21259649827094,0.03009128351617064,24.37402475258791,25.559145291503672
2124,0.6446089162177968,117.20901450327216,0.03148538515045486,23.82224190706787,25.773889144171633
2125,0.6446089162177968,117.20560883976869,0.02993544857945866,23.420669318537577,25.976070547070208
2126,0.6446089162177968,117.20254993072545,0.02688751084199187,23.348021572908277,26.075108536821876
2127,0.6446089162177968,117.19999879041231,0.022424273444909954,23.59576572117346,26.143813437192687
2128,0.6446089162177968,117.19797473123081,0.01779128192998923,24.01836716309667,26.119864421968167
2129,0.6446089162177968,117.19635079697325,0.014274223044968575,24.6616519603,26.03108882619804
2130,0.6446089162177968,117.19497049781116,0.012132694422167923,25.519624903298126,25.914392525245656
2131,0.6446089162177968,117.19362387420384,0.011836689594191086,26.0798293288641,25.752742033641624
2132,0.6446089162177968,117.19207246333335,0.013636749576624514,26.440995548998515,25.631876111914412
2133,0.6446089162177968,117.19048490791921,0.01641700773460085,27.002245012849198,25.58242968673713
2134,0.6446089162177968,117.18853265053444,0.02019061310614201,28.08857450370926,25.521312790778975
2135,0.6446089162177968,117.18616994944678,0.024435499088211503,29.735821485515984,25.486007660553646
2136,0.6446089162177968,117.1834106552951,0.028537139157570675,31.706653734033416,25.464958297390393
2137,0.6768393620286867,117.17983127285167,0.035255853842999424,33.25743042436805,25.816032965259726
2138,0.710681330130121,117.17520107813513,0.04343432628437023,34.22378211631987,26.312065832371864
2139,0.7462153966366271,117.1693693082386,0.05210086276970159,34.963232151618726,26.947541457938144
2140,0.7835261664684584,117.16233133683544,0.05988288759495364,35.80267121560932,27.70524252348294
2141,0.8227024747918814,117.15421002027995,0.06581007354276647,36.84778599300475,28.487755202490536
2142,0.8638375985314756,117.14527710467549,0.06893977617753727,38.03214291919813,29.351994220973957
2143,0.9070294784580494,117.13588878650833,0.06900413852860346,38.95003356923355,30.237198528032312
2144,0.9523809523809519,117.12647200448515,0.06591747416213677,39.060213682753364,31.171880953747987
2145,0.9999999999999996,117.11776414910287,0.05805236921529152,38.285248326120175,31.834431799868188
2146,1.0499999999999996,117.11011865670804,0.047128940637147704,37.02570288556038,32.36168814810437
2147,1.0499999999999996,117.10466560349342,0.032635083507286625,35.90448309021976,32.281936249772514
2148,1.0499999999999996,117.10187569303726,0.01669687735120539,35.248473804172654,31.79502779740976
2149,1.0499999999999996,117.10117744806986,0.004178811744808068,34.974310711134194,31.189222507749935
2150,1.0499999999999996,117.1016293979027,-0.002704800403519769,34.74380098757963,30.377853412217366
2151,1.0499999999999996,117.10231404486751,-0.004097431290337263,34.192330267979656,29.579951999014714
2152,1.0499999999999996,117.10241417756956,-0.0005818133784654123,33.162539577070575,28.913906936805247
2153,1.0499999999999996,117.10116493964455,0.00704718549917944,31.777084334088674,28.404250869338707
2154,1.0499999999999996,117.09812434547305,0.01665297296566699,30.3628014096451,28.15753242805218
2155,1.0499999999999996,117.09316594422016,0.026365606270628582,29.179661639251936,28.104585105982785
2156,1.0499999999999996,117.08646730171891,0.034581646700200724,28.360796188360393,28.223856809637407
2157,1.0499999999999996,117.07878755663755,0.03964657482505657,27.79120016976541,28.499730385474635
2158,1.0499999999999996,117.07091381080475,0.040648100946611046,26.962967605012427,28.893494464495507
2159,1.0499999999999996,117.06356524292849,0.03793687721106732,25.811098568601714,29.341751083281164
2160,1.0499999999999996,117.05727498953443,0.03247334373908358,24.524543182452334,29.73395686038305
2161,0.9999999999999996,117.05303606642107,0.022977549338042556,23.47491632681674,29.638376503058133
2162,0.9523809523809519,117.05106596939282,0.011213084191241545,22.901617092949085,29.21212726151062
2163,0.9070294784580494,117.05113351322836,-0.00039189999677741047,22.883967766345478,28.46151571741641
2164,0.8638375985314756,117.05286317635736,-0.010230648026586842,23.20320008471511,27.48800062333772
2165,0.8638375985314756,117.0551504619855,-0.013134840162983075,23.243240658983055,26.686025825476875
2166,0.8638375985314756,117.05677410717304,-0.009052286611311229,22.926681253679504,25.939165315064596
2167,0.8638375985314756,117.05664575404694,0.0006947625368645818,22.571300062779702,25.350452823161355
2168,0.8638375985314756,117.05420973744893,0.013185912356320332,22.437431334829785,25.044339181319287
2169,0.8638375985314756,117.04952817065083,0.025340849295075133,22.577997410172063,25.030908676873675
2170,0.8638375985314756,117.04310425682215,0.034771998187133335,22.86190925671565,25.24736431940434
2171,0.8638375985314756,117.03570152224097,0.04007025628037307,23.19567068178021,25.642717620797402
2172,0.8638375985314756,117.02821660712002,0.040515091260153804,23.49474063507429,26.118100454606193
2173,0.8638375985314756,117.02141933347266,0.036792957260621345,23.77496186893823,26.54524593224474
2174,0.8638375985314756,117.015815477593,0.030333107150196742,24.097245044093757,26.836962878552065
2175,0.8638375985314756,117.01167218172652,0.02242724298632501,24.077332904846003,26.978780505957772
2176,0.8638375985314756,117.008943031248,0.014772616511237895,23.727001437020355,26.9958478489104
2177,0.8638375985314756,117.00730989607067,0.008839996136199643,23.299049314432274,26.8823170429638
2178,0.8638375985314756,117.00621145857592,0.005945731464370832,23.0284503491557,26.618512540495992
2179,0.8638375985314756,117.0051175699536,0.005921108876556779,23.004522004725473,26.32782944909405
2180,0.8638375985314756,117.00359651667107,0.008233308134684295,23.07565638276794,26.05513659034648
2181,0.8638375985314756,117.00136865654312,0.012059182360847843,23.088221613955646,25.863879433512842
2182,0.8638375985314756,116.99834373385433,0.016373601679054457,22.99477987839093,25.787590179097535
2183,0.8638375985314756,116.99461288720651,0.02019469693002534,22.84760820404183,25.82027561823839
2184,0.8638375985314756,116.99040386693737,0.022783002554420208,22.697437284840618,25.928352668391245
2185,0.8638375985314756,116.98601611012154,0.02375048546968769,22.586916231356803,26.069643462953707
2186,0.8638375985314756,116.98174658195629,0.023110525698493253,22.492571883929116,26.207664583408842
2187,0.8638375985314756,116.97779691442392,0.02137915232646862,22.411475466926458,26.274750971001186
2188,0.8638375985314756,116.97431970118022,0.018821804873351628,22.32310406501122,26.321726518256618
2189,0.8638375985314756,116.97136978277514,0.015967611049788725,22.126010861069247,26.323892375537298
2190,0.8638375985314756,116.96890138314674,0.013361198436629609,21.800776058167806,26.291449325763345
2191,0.8227024747918814,116.96741133199235,0.008468771576189797,21.517940607510884,25.88718535584437
2192,0.7835261664684584,116.96696990053147,0.0025576116251398774,21.456013526288213,25.32375489274135
2193,0.7835261664684584,116.96700165028338,-0.00018395502296261808,21.510703006021135,24.96125916651951
2194,0.7835261664684584,116.96689180336732,0.0006364425157539186,21.6036512313222,24.59271559115774
2195,0.7835261664684584,116.96612070593288,0.004467664716418401,21.694111269366477,24.294595525583652
2196,0.7835261664684584,116.9644263194551,0.00981711304511439,21.497918475648206,24.13222446017202
2197,0.7835261664684584,116.96184154858129,0.014975914997358192,20.778761424857002,24.166675816273564
2198,0.7835261664684584,116.95861353468176,0.0187028035096836,19.894379761690978,24.338829123805166
2199,0.7462153966366271,116.95577257962974,0.01728323268111617,19.25237733605412,24.22912560316689
2200,0.710681330130121,116.9540342775992,0.011103889997965825,19.05601218686661,23.974501344045834
2201,0.6768393620286867,116.95372140274493,0.002037382858557773,19.240274226564683,23.487552364562777
2202,0.6446089162177968,116.95491266540586,-0.007907907695771814,19.615069838334435,22.80732712105124
2203,0.6446089162177968,116.95684463041067,-0.012451340013333636,19.642108643754693,22.275144768192575
2204,0.6446089162177968,116.9585323599823,-0.010560451164472046,19.327935604790152,21.72186730201336
2205,0.6446089162177968,116.95905927060244,-0.003296981913063984,19.151043274275562,21.29067652979702
2206,0.6446089162177968,116.95798368733594,0.006730133043659947,19.456605294268545,21.061579395527165
2207,0.6446089162177968,116.95528849862708,0.016864318322872072,20.204364992671294,21.046845803169422
2208,0.6446089162177968,116.95132569942285,0.02479600296986657,21.107400602617936,21.22754148419492
2209,0.6446089162177968,116.94674067952384,0.028689358499812693,21.496341412147892,21.555962487454497
2210,0.6446089162177968,116.94229931449837,0.027790482102648638,21.03706004365603,21.98103013800268
2211,0.6446089162177968,116.93859975077369,0.02314888753529946,20.414296866796107,22.348066263755985
2212,0.6446089162177968,116.93589537027106,0.01692183315882162,20.395089964530175,22.522176730147454
2213,0.6446089162177968,116.93430818392714,0.009931332694009124,21.09922025973488,22.474947843370096
2214,0.6446089162177968,116.93357735272744,0.004572952517770585,22.065054436985896,22.27942959206906
2215,0.6446089162177968,116.93329516130191,0.002077325251470796,22.75040384551482,22.014733851898672
2216,0.6446089162177968,116.93301001304866,0.0020990916565552927,22.92706239710676,21.7788527909185
2217,0.6446089162177968,116.9324636755056,0.003904671543985532,22.391219716574827,21.639524782724887
2218,0.6446089162177968,116.93149390504695,0.0067290721959837145,21.635050769568153,21.59330887192291
2219,0.6446089162177968,116.93008698395053,0.009762386086150127,21.15600904208399,21.596517278619466
2220,0.6446089162177968,116.92831269655736,0.01231147830799265,21.111685344982345,21.619419046939143
2221,0.6446089162177968,116.92626213439478,0.014228501922209999,21.27682504662985,21.631826098601085
2222,0.6446089162177968,116.92408778671043,0.015087428594202852,21.388034112423558,21.67137508830014
2223,0.6446089162177968,116.92198954863484,0.014559316969662915,21.206758189529204,21.72994356916328
2224,0.6446089162177968,116.92012915072408,0.012908984537139467,20.725163339653356,21.790900530887736
2225,0.6446089162177968,116.91860180016708,0.01059802562080326,20.131256527465553,21.83050304009889
2226,0.6446089162177968,116.91744085236222,0.008055619270870255,19.61796383295981,21.824346494137703
2227,0.6446089162177968,116.91660706469897,0.005785510717783914,19.23270336168693,21.77037845000576
2228,0.6446089162177968,116.91601887632086,0.004081339069320341,18.977101249260382,21.667639601698447
2229,0.6446089162177968,116.91556499976012,0.0031493722233237676,18.660537973868767,21.577083514805373
2230,0.6446089162177968,116.91512178186494,0.0030754135565770903,18.08800303026115,21.51145562681675
2231,0.6446089162177968,116.91458833829597,0.0037014741540908683,17.267819845402993,21.480866205047104
2232,0.6139132535407589,116.9144479660147,0.0010227203425478572,16.44474959532384,21.164845602128814
2233,0.584679289086437,116.91499436048313,-0.00405820428284039,15.878077836925522,20.72057159622705
2234,0.5568374181775589,116.9163621440355,-0.010356119718099067,15.865662205565128,20.157670823622958
2235,0.5303213506452942,116.91850460872348,-0.016536569948688316,16.264038572588717,19.46900584806046
2236,0.5303213506452942,116.92070103474913,-0.01645929071069874,16.417705267217144,18.97070490790866
2237,0.5303213506452942,116.92214754823038,-0.010523974709926342,16.299163039580854,18.537645078817935
2238,0.5303213506452942,116.92229242723444,-0.0010540537607096685,15.68252954421089,18.270485302822593
2239,0.5303213506452942,116.92112168335439,0.008517638546349952,13.992911088204053,18.279722616982475
2240,0.5050679529955182,116.91957499516722,0.011815425819167006,12.063930233832522,18.20013128631257
2241,0.4810170980909697,116.91855420137638,0.008187926359674236,10.992654379471503,18.092666119700354
2242,0.4581115219913997,116.91811668954492,0.0036848092377093325,11.170014952815677,18.113152699357354
2243,0.4362966876108568,116.91807953972918,0.00032852707782531353,11.670090091061533,18.019363146765443
2244,0.4155206548674827,116.9182326781089,-0.001421961550151391,11.849579053754729,17.920849968069223
2245,0.39573395701665015,116.91837485470238,-0.00138618504510032,11.901044145160748,17.802480803874147
2246,0.3768894828730001,116.91833623472213,0.00039536156839016853,12.755842999226864,17.711897195755903
2247,0.35894236464095247,116.91801567783617,0.003445694845916552,14.403251958862894,17.649264717792374
2248,0.3418498710866214,116.91743273275785,0.006579435622989808,15.427494154193287,17.63306200449326
2249,0.3418498710866214,116.91635292450788,0.014338004665229538,13.521438190250889,18.01285313932318
2250,0.3255713057967823,116.91548441716425,0.012108904950174172,9.812066842157957,17.939661050385247
2251,0.3100679102826498,116.91540955865769,0.0010958770522418683,6.730951651937961,17.74525207399548
2252,0.2953027716977617,116.91600811319032,-0.009200548038972124,8.413888224558628,17.655399294523914
2253,0.2812407349502492,116.91754226808939,-0.024039822625270702,11.910818693448647,17.17790320331948
2254,0.2678483190002373,116.9200555095114,-0.040146559331082264,14.766473320501966,16.56360356079509
2255,0.2678483190002373,116.92300287373111,-0.045709945591992034,14.744385218967247,16.10912000260526
2256,0.2678483190002373,116.92564505418422,-0.040824700435805265,11.993675203325806,15.689049741796026
2257,0.25509363714308314,116.92778692800296,-0.03499688434686706,8.864169648160171,15.12424644914047
2258,0.2429463210886506,116.92954082749962,-0.030206191494892724,7.745948937403738,14.627498159303151
2259,0.23137744865585771,116.93106807136907,-0.02771353352598768,9.519040490372012,14.152393069460171
2260,0.22035947491034066,116.93254709412625,-0.028270021455032022,11.936403719113601,13.696644605028089
2261,0.22035947491034066,116.93374267921114,-0.023180684877605964,12.649180015029705,13.50267125323988
2262,0.22035947491034066,116.93444471899367,-0.013724963352609778,11.230250279769162,13.391092137835049
2263,0.22035947491034066,116.93458681407016,-0.0027836081506626875,8.456095984637697,13.363997920153208
2264,0.20986616658127683,116.93460459048379,-0.0003717748416646553,6.50203703844889,13.143738711987865
2265,0.199872539601216,116.93494525393194,-0.007626446858640771,8.185893823978315,12.892803286054631
2266,0.1903547996202057,116.93589217814252,-0.022211469600693198,11.37150811737663,12.543942876515924
2267,0.1903547996202057,116.93710355263929,-0.030708852561527302,13.65501093820114,12.325832216854321
2268,0.1903547996202057,116.93828147273076,-0.03259529744642498,14.716995963289996,12.122791950879552
2269,0.199872539601216,116.93890696931847,-0.01892262256891131,15.08320670654692,12.172041577482776
2270,0.20986616658127683,116.93875719844232,0.004756108046326525,17.293465220608304,12.370444880732327
2271,0.22035947491034066,116.93762951556509,0.0341164628898769,22.02275511726914,12.683850762638126
2272,0.23137744865585771,116.93542369022822,0.06355633330386595,28.283465981627174,13.140514943413772
2273,0.2429463210886506,116.93220054293171,0.08844607544171333,34.62245803159321,13.732051440940971
2274,0.25509363714308314,116.92813363727352,0.10628530249424234,40.31005737460594,14.427145140440233
2275,0.2678483190002373,116.92347260252187,0.11601179774766701,45.14446915372368,15.191500426661705
2276,0.2812407349502492,116.91849718844836,0.1179396262159924,49.228209359115546,15.983238383176971
2277,0.2953027716977617,116.91347292294464,0.11342630875283476,52.79344218411599,16.759951321903067
2278,0.3100679102826498,116.90862702913182,0.10418994575317285,55.64487902099451,17.49099342099513
2279,0.3255713057967823,116.90412421088666,0.09220342139053442,57.04229961975798,18.18716067132925
2280,0.3418498710866214,116.90000005488267,0.08042821040861986,57.84785439624477,18.812507041312788
2281,0.35894236464095247,116.89628415100569,0.06901579460563313,58.871448836803836,19.359301518654686
2282,0.3768894828730001,116.89281340703486,0.061392780086334794,60.366088422783214,19.793988362258112
2283,0.39573395701665015,116.88936169283912,0.05814873240798979,62.11582449723885,20.17050622199555
2284,0.4155206548674827,116.8857182071115,0.05845655219924233,63.92138574684279,20.552431181703845
2285,0.4362966876108568,116.88163606241983,0.06237566939399846,65.51989422144015,20.924444467460365
2286,0.4581115219913997,116.8769598191427,0.06805101745909387,66.8523693190546,21.383925857243568
2287,0.4810170980909697,116.87154240133373,0.07508281695115014,67.81659316262835,21.86765204830543
2288,0.5050679529955182,116.86542519186763,0.08074437548233794,68.05335756162161,22.489919816055178
2289,0.5303213506452942,116.85863048970972,0.08541616197544386,67.66714936111795,23.135290704813084
2290,0.5568374181775589,116.85126825639088,0.0881434218620149,67.09233713516578,23.839812598631408
2291,0.584679289086437,116.84348298694705,0.08876968495598876,66.69432136589424,24.52300297994334
2292,0.6139132535407589,116.83539026112919,0.08788131733750523,66.09522113885885,25.15324258818411
2293,0.6446089162177968,116.82716618854555,0.08505490566174573,65.02356867936301,25.853939708303916
2294,0.6768393620286867,116.81904105927052,0.07769913578580293,63.49426963346655,26.27882820497654
2295,0.710681330130121,116.81142725093234,0.06732266899593871,61.67196129412725,26.61094026827968
2296,0.7462153966366271,116.80460093490886,0.05581092895472,59.77370223423291,26.78928187385738
2297,0.7835261664684584,116.79825661364177,0.0479613616397581,57.882359172614166,27.072201443863634
2298,0.8227024747918814,116.79191220732892,0.044347669498595484,56.00381173413473,27.272678712856333
2299,0.8638375985314756,116.78543060517295,0.041892440376307565,54.12060321629344,27.15112329686819
2300,0.9070294784580494,116.77824936292937,0.0429167022525161,52.05456698236721,27.296160590344133
2301,0.9523809523809519,116.77031108147627,0.043865868785414104,49.84451514665173,27.251148142136596
2302,0.9999999999999996,116.76124147520265,0.04634065335933989,47.44873922048819,27.583968852794676
2303,1.0499999999999996,116.75128643305175,0.04703165896515182,44.96285442744481,27.78041499089982
2304,1.1024999999999996,116.74079291486069,0.04583970254030319,42.439630386653675,27.99227514305101
2305,1.1576249999999997,116.7302092058075,0.04274959846088861,39.96619627189606,28.216502507510548
2306,1.2155062499999998,116.71981879363553,0.038806135805873075,37.558299775924155,28.2955673337104
2307,1.2762815625,116.70993711112972,0.034124947806698516,35.24361465602986,28.329529404806102
2308,1.340095640625,116.7006801232857,0.02955862782960899,32.99003044867192,28.24020701182809
2309,1.340095640625,116.69289628638322,0.024130764356704363,30.94422938204133,27.72889832237333
2310,1.340095640625,116.68677894665224,0.0184120746303579,29.076937352747645,27.106610825140475
2311,1.340095640625,116.68158898619093,0.015165856805597795,27.33279650532808,26.63087732210109
2312,1.340095640625,116.67641634820947,0.014674988227980714,25.75782655218408,26.14723931148528
2313,1.340095640625,116.67077002787742,0.016018844678706953,24.166364826779688,25.805201330539543
2314,1.340095640625,116.66435446678938,0.018201212568967763,22.608756613789048,25.705005976944406
2315,1.340095640625,116.65716832681693,0.020387376784938186,21.2342191176555,25.749682114347845
2316,1.2762815625,116.65042295295322,0.020093750329816827,20.246519292608625,25.627275372635864
2317,1.2155062499999998,116.64496810477867,0.01706188233537576,19.61206324340063,25.416437536085336
2318,1.1576249999999997,116.64133133087432,0.011944002247882916,19.252227586981665,25.02729549808341
2319,1.1024999999999996,116.63966095840826,0.005592409583875421,18.87079544263098,24.459230219450802
2320,1.0499999999999996,116.6398651626561,-0.0006969514005340195,18.31653222589896,23.77288230589853
2321,0.9999999999999996,116.64144813525681,-0.0055076101959359745,17.8166933279653,22.96413109080302
2322,0.9523809523809519,116.643687050576,-0.00794107942364687,17.593033419543364,22.048254062819435
2323,0.9070294784580494,116.64584004709742,-0.0077846174299927755,17.60349989445103,21.1020548847629
2324,0.9070294784580494,116.64672466824975,-0.003105374919393178,17.504103266604044,20.533203486990026
2325,0.9070294784580494,116.6455967068074,0.003959596900754943,17.254116198092962,20.24629209078046
2326,0.9070294784580494,116.64252160385048,0.010794844292424305,16.968611016512426,20.29551960872597
2327,0.9070294784580494,116.63819260934979,0.015196506338705697,16.754669596783824,20.59306387906784
2328,0.8638375985314756,116.63445455966576,0.013778155757728783,16.579133324790053,20.70941594389765
2329,0.8227024747918814,116.63262785827025,0.007069730849168741,16.392717469731885,20.661455573261758
2330,0.7835261664684584,116.63327905649922,-0.0026462923992631973,16.244810523341183,20.319787010646102
2331,0.7462153966366271,116.63627722147301,-0.012420303812237677,16.15521001933934,19.66127007237912
2332,0.710681330130121,116.64083441042743,-0.01924534954785108,16.02897533117404,18.738591833028156
2333,0.710681330130121,116.64521070831957,-0.017943138905582696,15.564385793561568,17.968195585962476
2334,0.710681330130121,116.6477399268481,-0.010067941251556354,14.930479008485541,17.365630154866697
2335,0.710681330130121,116.64751239409757,0.0009057289197593793,14.425120261176927,17.09560682218607
2336,0.710681330130121,116.64480772082679,0.010766365692421153,14.128864777470614,17.21121346240146
2337,0.6768393620286867,116.64153164711958,0.013692958164882066,13.815383043248437,17.340237928693888
2338,0.6446089162177968,116.6394463636074,0.009151620985458287,13.399354725299476,17.448345987412605
2339,0.6139132535407589,116.6395634796167,-0.0005396826801596354,13.162208883874492,17.304983162588936
2340,0.584679289086437,116.64200414077386,-0.01146520380192497,13.306039045542288,16.79314023732091
2341,0.5568374181775589,116.64598860879696,-0.019271430438307233,13.699665211271126,15.940438224853516
2342,0.5568374181775589,116.64962780954562,-0.017923944824709024,13.67607551286576,15.197741477492706
2343,0.5568374181775589,116.65160691824406,-0.009834704139951436,13.562203815488397,14.624390034482007
2344,0.5568374181775589,116.65120722563515,0.002022028380505504,13.836030438115557,14.365087760810757
2345,0.5568374181775589,116.64858811328291,0.013043866678126568,14.59207962034411,14.455365719473448
2346,0.5568374181775589,116.64505865959602,0.01959471637099208,15.399938743934593,14.80950475827084
2347,0.5568374181775589,116.64173017959125,0.020819591472949067,16.080713357911094,15.226644349843362
2348,0.5568374181775589,116.63929867018206,0.017871915066437538,16.74011538531271,15.548817387149724
2349,0.5568374181775589,116.63781666165461,0.012815245025115295,17.509035075222382,15.70269104690645
2350,0.5568374181775589,116.63709840989856,0.007306913773477162,18.392813156009705,15.704403288688678
2351,0.5568374181775589,116.63688559853799,0.002547024770403341,19.325065350135755,15.615679646943478
2352,0.584679289086437,116.63664977022911,0.0026889762562437507,20.12903910481043,15.73862953152908
2353,0.6139132535407589,116.63601312388096,0.006913532104306539,20.810746178662836,15.926615887172993
2354,0.6446089162177968,116.63467319224894,0.013857824988190397,21.45526847581412,16.214907430161773
2355,0.6768393620286867,116.63237761999451,0.022610704826304485,22.2070471355956,16.561800259774888
2356,0.710681330130121,116.62906244257312,0.031098583672058824,23.143973912761595,17.080312240220803
2357,0.7462153966366271,116.62481017215663,0.03798966031938791,24.14246480295119,17.720606698937626
2358,0.7835261664684584,116.6198008585262,0.04262196418182881,25.080777061273395,18.45095134825764
2359,0.8227024747918814,116.61427971139423,0.04473992564048012,25.88277540698583,19.233854935939224
2360,0.8638375985314756,116.60852002585648,0.04445037313762966,26.52294062093328,20.005577261901934
2361,0.9070294784580494,116.60277091730731,0.04225594783634651,27.057920092109992,20.754151347413647
2362,0.9523809523809519,116.59723421039483,0.03875694838721407,27.44882725742929,21.45151780265793
2363,0.9999999999999996,116.59202943810922,0.034698481904255195,27.688301866659007,22.082785375724708
2364,1.0499999999999996,116.58717434246755,0.03082600407395676,27.779018232100526,22.6484943522675
2365,1.1024999999999996,116.58255015312054,0.027961840344937074,27.74822849348681,23.112621010242524
2366,1.1576249999999997,116.57800096992649,0.02619836990414098,27.643989642999582,23.567760778408175
2367,1.1576249999999997,116.57388519318064,0.023702418001384156,27.570595756989757,23.720723440312973
2368,1.1576249999999997,116.57027377597029,0.020797853135172416,27.517987063835584,23.77644862798186
2369,1.1576249999999997,116.56715589249264,0.017955633172303406,27.475420680018257,23.745764994778703
2370,1.1576249999999997,116.56444927663935,0.015587176925775539,27.42521466292038,23.648310171955494
2371,1.1576249999999997,116.56201763417818,0.014003627894251459,27.348828530952723,23.509259231412585
2372,1.1576249999999997,116.55968901290778,0.01341033737411996,27.235255241478686,23.354856268248692
2373,1.1576249999999997,116.55731203842447,0.013688799529558003,27.081287575608894,23.20076543227201
2374,1.1576249999999997,116.55475774997636,0.01470993599293412,26.891247580194996,23.071371653114088
2375,1.1576249999999997,116.55193885602846,0.01623377718997043,26.66861172361344,22.978104834173607
2376,1.1576249999999997,116.54882494493563,0.017932756536541188,26.409002156116898,22.92603650460821
2377,1.1576249999999997,116.54537630720772,0.01986041955389061,26.128036197344482,22.873171923261378
2378,1.1576249999999997,116.5416367123241,0.021536017758419627,25.863876645570414,22.88537835611686
2379,1.1576249999999997,116.53769498814339,0.022700063668527212,25.607734362218462,22.93108132331952
2380,1.1576249999999997,116.53365208692901,0.023282733841189163,25.352469287639373,22.99151793674568
2381,1.1576249999999997,116.52958737969513,0.02340831290422971,25.08686692525834,23.028759172854894
2382,1.1576249999999997,116.52553716808936,0.023324833780527004,24.86886113863005,23.04961501866586
2383,1.1576249999999997,116.52158384451498,0.022766863617956566,24.708943782573,23.076967940344048
2384,1.1576249999999997,116.517779663545,0.02190796369002034,24.59859331236018,23.081323517632608
2385,1.1576249999999997,116.51410372081705,0.0211694502562729,24.534184004121926,23.032909939420847
2386,1.1576249999999997,116.5105058674982,0.02071973980556749,24.50102617861096,22.981839288451052
2387,1.1576249999999997,116.50700548586319,0.020158408436875736,24.278141123745883,22.978188945899834
2388,1.1576249999999997,116.50359217455657,0.01965697761415556,23.910688120677513,23.004357968414368
2389,1.1576249999999997,116.50024035205684,0.01930286865943379,23.527610768682575,23.03350553735531
2390,1.1576249999999997,116.49691344858998,0.019159362008832875,23.24125000675321,23.042273074165703
2391,1.1576249999999997,116.4935797530564,0.019198476959739214,23.086584418675063,23.022433188991137
2392,1.1576249999999997,116.4902173199983,0.019363973987578928,23.021178628407476,22.981367024788852
2393,1.1576249999999997,116.4868151922085,0.019592572665677918,22.971060515625656,22.934499334311848
2394,1.1576249999999997,116.48338881275656,0.01973223598284092,22.87461421262816,22.884340690023215
2395,1.1576249999999997,116.47996269910153,0.019730705280306064,22.713466228221613,22.846408348806687
2396,1.1576249999999997,116.47655913275267,0.019600857208417408,22.5040896530109,22.82373206673252
2397,1.1576249999999997,116.47319570359161,0.01936971046186087,22.27618508070746,22.810274124274724
2398,1.1576249999999997,116.46988774794045,0.01905024310509715,22.05019806174725,22.80084494490967
2399,1.1576249999999997,116.46663938242145,0.01870706846048738,21.833162526881427,22.79297650564662
2400,1.1576249999999997,116.46345399244188,0.018344397535617337,21.606783037707036,22.786811652486374
2401,1.1576249999999997,116.46033841075324,0.01794237735963444,21.34952277605425,22.783525445046898
2402,1.1576249999999997,116.45728615514575,0.017577687693723476,21.054757358299568,22.783741332742114
2403,1.1576249999999997,116.45429981628436,0.01719807860299457,20.723512942459983,22.786771184162163
2404,1.1576249999999997,116.45137663846168,0.016834339402713797,20.362703979638063,22.790848877226665
2405,1.1576249999999997,116.44852107409675,0.016444959089858338,19.982014254763197,22.794085446058546
2406,1.1576249999999997,116.44568361685512,0.01634068166365302,19.604452926572737,22.772733894786704
2407,1.1576249999999997,116.4429023783621,0.016016922538053573,19.24009070496579,22.726009449909608
2408,1.1576249999999997,116.4401941280509,0.01559658963386092,18.88819390588527,22.692865724802058
2409,1.1024999999999996,116.43797949893666,0.01339155926985656,18.625034863743448,22.396559055722324
2410,1.0499999999999996,116.43647829225009,0.009531471025717527,18.384336822832115,22.024158500084436
2411,1.0499999999999996,116.4354175388132,0.006734942456617886,18.02273662822709,21.835652450475557
2412,0.9999999999999996,116.43492356329142,0.0031972525679717497,17.699006955970418,21.369322057612138
2413,0.9523809523809519,116.43502687158814,-0.0006816458450965889,17.43449055712627,20.831563485125447
2414,0.9523809523809519,116.43532029200522,-0.001936038193541872,17.09082884747679,20.491484800236496
2415,0.9523809523809519,116.43541139454044,-0.0006011101391017349,16.698448293916655,20.184885430464657
2416,0.9070294784580494,116.43532882561432,0.000555382640824536,16.41736092996415,19.677985785717738
2417,0.9070294784580494,116.43481460942053,0.003458767857399477,16.06708648955452,19.454738547323196
2418,0.8638375985314756,116.43405202596075,0.00522895760431952,15.780339202257862,19.050454405879908
2419,0.8227024747918814,116.43327432339223,0.005436173973832226,15.516963235869861,18.660882160612648
2420,0.7835261664684584,116.43271012108762,0.004020376667382861,15.281427891667635,18.259493426289552
2421,0.7835261664684584,116.43215878768449,0.003928675816690862,14.981805403560791,18.077540609733223
2422,0.7462153966366271,116.43182283070252,0.002440437184441792,14.774569540688264,17.661995014395917
2423,0.7462153966366271,116.43144569737757,0.0027395477370308697,14.524089901947256,17.447637173860684
2424,0.710681330130121,116.43107359085995,0.0027555183895758813,14.525823604358907,16.971463308302518
2425,0.710681330130121,116.43047758104134,0.00441356422933556,14.737145153827027,16.784208098368886
2426,0.710681330130121,116.42946720768859,0.007482003732746121,15.139401532478086,16.64737482429707
2427,0.710681330130121,116.4279323137446,0.01136617685684751,15.726947113305219,16.57423428542141
2428,0.710681330130121,116.42579256832032,0.015845215245701205,16.543061662478486,16.527546769857135
2429,0.710681330130121,116.42352357197787,0.019767461739973513,17.596974775057408,16.57181596234118
2430,0.710681330130121,116.42108351438607,0.022889373791494173,18.81219418495899,16.626323852590605
2431,0.710681330130121,116.41838666905633,0.025298214688936917,20.19435550548838,16.689562123017726
2432,0.7462153966366271,116.41510949655354,0.029278163896505206,21.642626769251383,16.99601948011611
2433,0.7835261664684584,116.41110015864054,0.03411362704186707,23.165646972883746,17.38658807361942
2434,0.8227024747918814,116.40629129925682,0.038967990908380594,24.691075759676494,17.86129119972943
2435,0.8638375985314756,116.40068946037779,0.043232191549102024,26.149182560681997,18.386485686265363
2436,0.9070294784580494,116.3943681127327,0.0464619051909947,27.516756698671824,18.9655464586522
2437,0.9523809523809519,116.3874611347387,0.04834884595811692,28.732541846795158,19.595614124312025
2438,0.9999999999999996,116.38010798941822,0.04902096880312501,29.75715927014743,20.218210463974867
2439,1.0499999999999996,116.37247961032804,0.04843415295370084,30.581491178066738,20.87483132000471
2440,1.1024999999999996,116.36473341816443,0.0468401642545722,31.182734595225426,21.524279000923553
2441,1.1576249999999997,116.35697958611743,0.04465367769941959,31.56785653674972,22.153672415803708
2442,1.2155062499999998,116.3492180721707,0.04256944488065412,31.73812484687073,22.68799228957475
2443,1.2762815625,116.34146039624608,0.04052228051963276,31.735359743331795,23.231259296142966
2444,1.340095640625,116.33367824716954,0.03871439639865789,31.582568538741178,23.739741612391324
2445,1.40710042265625,116.32579985187141,0.03732685633195951,31.26196058699704,24.22138086414331
2446,1.4774554437890626,116.31802605529637,0.035077410095921795,30.786075471873193,24.434033406616805
2447,1.5513282159785158,116.31030000461655,0.032234829484518474,30.14599443378634,24.565588067935696
2448,1.6288946267774416,116.30274575008313,0.029142909973817705,29.341246021549455,24.616483226995626
2449,1.6288946267774416,116.29607841712023,0.02497216640392674,28.555640479732485,24.31282460406556
2450,1.6288946267774416,116.29051482194049,0.0202312340150944,27.767830096192476,23.848757530434312
2451,1.6288946267774416,116.28574067339142,0.016854875728452314,26.93486262286516,23.488501716375232
2452,1.6288946267774416,116.28128220491259,0.015281926359010435,26.052814666044704,23.08687904447931
2453,1.6288946267774416,116.27662998014367,0.015481600861072427,25.130491876473858,22.70678848530337
2454,1.6288946267774416,116.27131843086246,0.017160864724492755,24.18713172426179,22.406874626817764
2455,1.6288946267774416,116.26504976595353,0.01966327183553697,23.245123020930357,22.229408299918546
2456,1.6288946267774416,116.25774368974444,0.022249881441398934,22.320867156104647,22.19237354630875
2457,1.6288946267774416,116.2497793895095,0.02425443301165659,21.419912509166558,22.28687742698887
2458,1.6288946267774416,116.24151429345731,0.025170474821286346,20.543910300880142,22.47337327847169
2459,1.6288946267774416,116.23337326874936,0.02479262868048604,19.69105259631159,22.694428998638006
2460,1.6288946267774416,116.22563901000558,0.023553866009875,18.884427153638597,22.84603850301462
2461,1.5513282159785158,116.2192898976547,0.020302326813093942,18.22244715942743,22.726236451888497
2462,1.4774554437890626,116.21466193364559,0.01553860669489961,17.693089008743524,22.433186875273368
2463,1.40710042265625,116.21159910723311,0.010483264881761024,17.325655780480826,21.891420128466777
2464,1.340095640625,116.20988332495371,0.005986712853885873,17.13822442087788,21.190274214347287
2465,1.2762815625,116.20902514779144,0.003052497221981692,17.1236701426222,20.354768168803858
2466,1.2762815625,116.20797730902179,0.0036185582063047723,17.129606558377912,19.738603043034566
2467,1.2762815625,116.205778354656,0.00737259015018462,17.17526823296377,19.217713113206102
2468,1.2762815625,116.20179203555861,0.01336521456268489,17.321706574242278,18.852559684948453
2469,1.2762815625,116.19582755646904,0.01999753176798327,17.640498005351418,18.740895821372057
2470,1.2762815625,116.18819078369287,0.02560434933246424,18.093704987439445,18.857999208938253
2471,1.2762815625,116.17950250467659,0.029129808827812197,18.60008084107592,19.131277177803884
2472,1.2762815625,116.17050000043636,0.03018333400639111,19.098589223555322,19.47805493420414
2473,1.2762815625,116.16175995624856,0.02930336558726019,19.597631151155618,19.74761876668328
2474,1.2762815625,116.1536700848024,0.02712348535623536,20.141762851466382,19.919352748712207
2475,1.2762815625,116.14750342980349,0.02432397796232273,20.75371574798686,19.991696665575624
2476,1.2762815625,116.14281927129448,0.02173689995376843,21.414735288540307,19.934823208000633
2477,1.2762815625,116.13902346670898,0.01982741477034556,22.059242960738203,19.806679900391856
2478,1.2762815625,116.13547020006929,0.018560515924173734,22.519065384337196,19.689583910487762
2479,1.2762815625,116.13200687232293,0.01809071941550929,22.83160013656759,19.59654908561311
2480,1.2762815625,116.12848370881099,0.018403272002362137,23.088760198283964,19.521205397168767
2481,1.2762815625,116.12477774635485,0.019358123708947832,23.366165330877397,19.45358228472622
2482,1.340095640625,116.12035528133747,0.022000743246941054,23.59622030209977,19.648404419372483
2483,1.40710042265625,116.11493406252569,0.025685059973729944,23.773674213003055,19.936674150392854
2484,1.40710042265625,116.10886447311394,0.028756959176662277,23.945353055542572,20.052448742504602
2485,1.40710042265625,116.10235629872304,0.03083492021910587,24.070134714213385,20.20902754180744
2486,1.40710042265625,116.09570841208316,0.03149685946518495,24.12925363644132,20.40817254195971
2487,1.40710042265625,116.08919962642976,0.030837816304583952,24.12390334318534,20.59031757506937
2488,1.40710042265625,116.08300839211847,0.029333297569976758,24.081081549049845,20.7137467388843
2489,1.40710042265625,116.07727620807772,0.027158374524249337,24.029470522635297,20.79223977781063
2490,1.40710042265625,116.07205415318712,0.024741446104438007,23.954200615924336,20.80270842694243
2491,1.40710042265625,116.06730310579727,0.022509871190158036,23.86508586328781,20.753360490161107
2492,1.40710042265625,116.06291775307929,0.02077725535140878,23.739802873237718,20.66213317317922
2493,1.40710042265625,116.05875700802451,0.019713092198996328,23.574816537784912,20.550565977320552
2494,1.40710042265625,116.05466736542569,0.019376217612648204,23.36798449858187,20.439100593199868
2495,1.40710042265625,116.05052621339149,0.019620262906147427,23.125084367794994,20.337177019900107
2496,1.40710042265625,116.0462482771649,0.020268329384902292,22.85335970111331,20.2593631183685
2497,1.40710042265625,116.04179169010517,0.02111475479620487,22.55605190867229,20.21303795366466
2498,1.40710042265625,116.0371565040923,0.02196093440708336,22.237852014606357,20.19785741611387
2499,1.40710042265625,116.03237914254967,0.022634544370857018,21.901381327165925,20.210093361486376
2500,1.40710042265625,116.02752321366772,0.023006786645572694,21.54700401894862,20.24329186543786
2501,1.40710042265625,116.02266808020948,0.023003018026955757,21.175950520878775,20.288944922559136
2502,1.40710042265625,116.0178971711777,0.022603973177591836,20.791515940966296,20.337729784900066
2503,1.40710042265625,116.0132866620884,0.02184401821431747,20.398492201440718,20.38112666614301
2504,1.40710042265625,116.00885157170337,0.021012906227285535,20.01158262251082,20.367971647604264
2505,1.40710042265625,116.00455397737153,0.020361467040662006,19.68182039523374,20.304471861350873
2506,1.40710042265625,116.00034519342928,0.019940694468781453,19.461538089783552,20.24802559010132
2507,1.40710042265625,115.99626486606859,0.019332083173744862,19.28863530427799,20.198974307972108
2508,1.40710042265625,115.9923355211284,0.01861674725762579,19.100072729468412,20.154680684179734
2509,1.40710042265625,115.98856265974747,0.017875347630767716,18.86673998848508,20.1253932023985
2510,1.40710042265625,115.98491813406034,0.017267309086580734,18.608156564776905,20.08620179024166
2511,1.40710042265625,115.98133473376235,0.01697770460115338,18.399820208601245,20.04214214199663
2512,1.40710042265625,115.9777585118007,0.016943694537054733,18.284253420057595,19.993505695357786
2513,1.40710042265625,115.97405130490317,0.01756428485997819,18.319314483478188,19.890325146011204
2514,1.40710042265625,115.97017125265755,0.01838320460593569,18.529558543788344,19.83131954995015
2515,1.40710042265625,115.96612295756064,0.019180318294877964,18.86631111982536,19.806104418282924
2516,1.40710042265625,115.96191175433725,0.01995215672155736,19.27672979704031,19.792038149647514
2517,1.40710042265625,115.95755288157231,0.02065179662964943,19.723456176186147,19.78833368035012
2518,1.40710042265625,115.95305293695326,0.021320177516030152,20.00771505067851,19.7714118888742
2519,1.40710042265625,115.94844080463191,0.021851708885704903,20.207086293795623,19.82513280543696
2520,1.40710042265625,115.94377500268251,0.022105988903457212,20.437836802359698,19.90042289726439
2521,1.40710042265625,115.93908710304498,0.022210684999494034,20.77814477940267,19.942533496364366
2522,1.40710042265625,115.93441140744719,0.02215286377827551,21.23831325806709,19.926438816455455
2523,1.40710042265625,115.92974664501506,0.022101063799888247,21.766322178076912,19.86942014473008
2524,1.40710042265625,115.9250905693865,0.02205990680614806,22.290033657640073,19.78459782473444
2525,1.40710042265625,115.92042443036817,0.02210758589396396,22.755893016625066,19.698568284060357
2526,1.40710042265625,115.9157228216279,0.022275637022107275,23.14554980990806,19.627002311238172
2527,1.40710042265625,115.9109066420679,0.022818459305525767,23.478984747384466,19.517063889177958
2528,1.4774554437890626,115.90546621163274,0.024548649765879855,23.695691607019175,19.715494975057375
2529,1.5513282159785158,115.8991766280858,0.02702881089107634,23.83657457426359,20.009460594876625
2530,1.5513282159785158,115.89242708003984,0.029005459005800954,24.009525555701728,20.151680456778333
2531,1.5513282159785158,115.88541276017733,0.030143287497156952,24.176659947563476,20.31682061766499
2532,1.5513282159785158,115.87840147179782,0.030130260024179064,24.20183216904828,20.50498733952046
2533,1.5513282159785158,115.87164592626367,0.029031232568172565,24.03906682038814,20.723968679413375
2534,1.5513282159785158,115.86532851231073,0.027148409076477167,23.763235192615547,20.922398589675105
2535,1.5513282159785158,115.85955013217823,0.02483196903137846,23.456348756605557,21.05113740650817
2536,1.5513282159785158,115.85431779817397,0.02248539434529757,23.176201000781084,21.0848587036459
2537,1.5513282159785158,115.84956232530438,0.020436134750398613,22.930447614447846,21.028164794098487
2538,1.5513282159785158,115.84515764920394,0.018928623249394445,22.686974461488358,20.908562720120127
2539,1.5513282159785158,115.84095706556941,0.018051557760832754,22.402473278248106,20.76283645230036
2540,1.5513282159785158,115.83675158864038,0.018072586169319296,22.051277154914537,20.623569917840637
2541,1.5513282159785158,115.8324760309289,0.01837375081744356,21.63646481654551,20.513536896436097
2542,1.5513282159785158,115.82794040649314,0.018923650174133458,21.18101507677802,20.440927099545323
2543,1.5513282159785158,115.82311089262025,0.019562935265543382,20.705135631501125,20.404052229655527
2544,1.5513282159785158,115.81808220126429,0.020369744461966238,20.22536423450131,20.396629894752593
2545,1.5513282159785158,115.81297971651819,0.020668659705332694,19.74416809555879,20.4130230427662
2546,1.5513282159785158,115.80791229526824,0.02052662783133883,19.256074741296437,20.451625698673034
2547,1.5513282159785158,115.8029910808992,0.01993438690979633,18.752786625771282,20.49330899461134
2548,1.5513282159785158,115.79829802174011,0.019010197494749963,18.230074166637724,20.536741350386098
2549,1.5513282159785158,115.79380744101557,0.018190017117655877,17.691034407883,20.571746858931412
2550,1.5513282159785158,115.78958676846939,0.01709669875074867,17.141809014127478,20.592098367949365
2551,1.4774554437890626,115.78609542494382,0.014849522257665686,16.686422172589847,20.347857970306695
2552,1.40710042265625,115.78348039027607,0.01167848880504698,16.31072278768429,20.001285251431746
2553,1.340095640625,115.78172742346072,0.007980589402537023,16.013179808512465,19.551767451322448
2554,1.2762815625,115.78079686378636,0.004318745133228595,15.78054190365397,19.001549188135286
2555,1.2155062499999998,115.78053667950411,0.0012309671926157308,15.585418353207192,18.368405768886973
2556,1.2155062499999998,115.7803833615446,0.0007042408728160865,15.260896521245911,17.91541967752914
2557,1.2155062499999998,115.77980474289372,0.00258037841338121,14.832164688446456,17.512739767957232
2558,1.2155062499999998,115.77841515095068,0.006196953810328765,14.354573623675446,17.216593836534738
2559,1.2155062499999998,115.7760818657629,0.010405400382058182,13.850154916708387,17.073978010490393
2560,1.1576249999999997,115.7732252248118,0.013376297783721115,13.465477178502304,16.79334199491725
2561,1.1024999999999996,115.7703257251304,0.014255834183507924,13.234093026090987,16.603970562401326
2562,1.0499999999999996,115.7678212284719,0.012929428401464015,13.146050233575442,16.404717176571733
2563,0.9999999999999996,115.76601851482982,0.009771807731766755,13.198837336801871,16.14188921606062
2564,0.9523809523809519,115.76504459370805,0.005488723425237947,13.383580954436429,15.78593020133999
2565,0.9523809523809519,115.7645551757787,0.0028004183709435457,13.55924395045539,15.54800595347499
2566,0.9523809523809519,115.76416948616321,0.002246901827843474,13.697348711561219,15.27114459427514
2567,0.9523809523809519,115.76353626900551,0.0037468465871871755,13.88531883664416,15.035037079869962
2568,0.9523809523809519,115.76243929965098,0.00655977708407804,14.176029616603618,14.877266912457278
2569,0.9523809523809519,115.76076904195219,0.010044144329870284,14.580007492858478,14.79409075258263
2570,0.9523809523809519,115.75847511503055,0.013536021092524287,15.076700126858462,14.786631224141162
2571,0.9523809523809519,115.75602108695229,0.0164413340087468,15.622167520317822,14.845932078785696
2572,0.9523809523809519,115.75338471165978,0.018454627047324892,16.181178985884717,14.944734460992908
2573,0.9523809523809519,115.75060994753284,0.019423348888707614,16.72747532219972,15.060490419674931
2574,0.9523809523809519,115.74784517961429,0.019353375429831864,17.249264140831414,15.175919762656836
2575,0.9523809523809519,115.74521165122253,0.018434698742425502,17.745943824225,15.27316499809809
2576,0.9523809523809519,115.74279684622937,0.01690363495195339,18.220219768005556,15.339689660775566
2577,0.9523809523809519,115.74061458270445,0.015275844674626289,18.67312744037038,15.360580577639823
2578,0.9999999999999996,115.73835880165365,0.015038540338618924,19.038068176248405,15.572134623647095
2579,1.0499999999999996,115.73581921490715,0.016124360295049597,19.31979966335805,15.829907366870135
2580,1.1024999999999996,115.73281450735061,0.018169055519756522,19.52604197735805,16.15569328562137
2581,1.1576249999999997,115.72923205614944,0.02063104028313288,19.660365229510663,16.56265259904457
2582,1.1576249999999997,115.725439260485,0.02184239665660128,19.751586002750376,16.81123347460348
2583,1.1576249999999997,115.72168321602491,0.021630749509426176,19.76605283859544,17.055993831417823
2584,1.1576249999999997,115.71818836893424,0.02012653545353032,19.705025868549907,17.266178114445225
2585,1.1576249999999997,115.71512244753605,0.017656387852360192,19.588305412065083,17.41352476290944
2586,1.1576249999999997,115.7125763230284,0.014662920534982445,19.43511323603153,17.481715155732438
2587,1.1576249999999997,115.71055485039535,0.011641493765770406,19.255271705870577,17.475774341989496
2588,1.1576249999999997,115.70898957302286,0.009014302976309787,19.042604724975664,17.406028213586822
2589,1.1576249999999997,115.7077197666541,0.007312709894997877,18.80367356253986,17.269250131971656
2590,1.1576249999999997,115.7065979356135,0.00646053221366686,18.52805770189141,17.131871362729658
2591,1.1576249999999997,115.7054804683728,0.006435401450984873,18.22099813660707,16.99737367416573
2592,1.1576249999999997,115.7042436787429,0.00712256922518137,17.89148983346714,16.883735932015263
2593,1.1576249999999997,115.70280438869466,0.008288752392300126,17.547171341481548,16.80369248217605
2594,1.1576249999999997,115.70112708932477,0.009659428397945133,17.196311038608716,16.763052795557137
2595,1.1576249999999997,115.69916347885516,0.010978903252666643,16.84433770414252,16.761309175789304
2596,1.1576249999999997,115.69701430951253,0.012016396658617663,16.48802983693294,16.793083051371173
2597,1.1576249999999997,115.69475903922572,0.012609626334090329,16.12737561260247,16.849028351765195
2598,1.1576249999999997,115.69248892313938,0.012692631899061427,15.765227882737314,16.916869433292916
2599,1.1576249999999997,115.69029088049166,0.01228965619605492,15.40658146544964,16.9843614898163
2600,1.1576249999999997,115.68823528982041,0.01149318128813967,15.057489868598866,17.041172187546174
2601,1.1576249999999997,115.68636773883881,0.010441817184902133,14.7235617119042,17.080239936899414
2602,1.1576249999999997,115.68470591450787,0.009291562066266086,14.40869188540872,17.09841462106604
2603,1.1576249999999997,115.68324111779245,0.008189944834722438,14.114580934265094,17.096343866945407
2604,1.1024999999999996,115.68226069471,0.005755809949206696,13.905833037905197,16.846497497108377
2605,1.0499999999999996,115.68163577813844,0.0038521594795531498,13.754499951471214,16.747793364627324
2606,0.9999999999999996,115.68121548949202,0.0027203148635200234,13.646074041134149,16.63450007044185
2607,0.9523809523809519,115.68085508301867,0.002449364382080156,13.57474815581839,16.524362805852995
2608,0.9070294784580494,115.68043758006704,0.002979268635364956,13.542686365781814,16.432464404721784
2609,0.8638375985314756,115.6798852561954,0.004138407261528284,13.556552029202498,16.36880674487098
2610,0.8227024747918814,115.67916948608112,0.005631217135727103,13.622428721711145,16.337483026312867
2611,0.8227024747918814,115.67800937769583,0.009126983773488206,13.697053374295896,16.57201064719478
2612,0.7835261664684584,115.67654839260993,0.01206879176840763,13.851255217573874,16.665805271896886
2613,0.7462153966366271,115.67519046350256,0.011778348718650357,14.011307771645377,16.553721736091997
2614,0.7462153966366271,115.67371494134188,0.01279832242833445,14.176954106607692,16.846523543759396
2615,0.7462153966366271,115.6722404943789,0.01278899642358176,14.319881153674814,16.95613286418726
2616,0.7462153966366271,115.67087490858208,0.011844760991559867,14.44248000116589,17.051893130116657
2617,0.7462153966366271,115.66969709811355,0.010216043199507575,14.551412418695213,17.1227157364125
2618,0.7462153966366271,115.66874627000796,0.008247253070149086,14.652955846489172,17.162190152778365
2619,0.7462153966366271,115.66776817096051,0.008483794625111014,14.74757225762905,17.403648233417062
2620,0.7462153966366271,115.6665284731195,0.010752839303784928,14.840960190541358,17.69349067857779
2621,0.7462153966366271,115.66511459738653,0.012263616220777686,14.924552906706985,17.812593662993493
2622,0.7462153966366271,115.6636427246714,0.01276666801996728,14.981007365201037,17.93511639016304
2623,0.7462153966366271,115.6622309612105,0.012245294884221715,15.005440664611328,18.047394009331754
2624,0.710681330130121,115.6610398958556,0.01084756352305403,15.041151842378454,18.132300698943173
2625,0.6768393620286867,115.66011410962226,0.008853125632327855,15.095766457925752,18.18194709331242
2626,0.6446089162177968,115.65946061168037,0.006561746254547272,15.177005553099624,18.188347895388485
2627,0.6446089162177968,115.65875750572381,0.007059858312254106,15.233842422909127,18.39807773212192
2628,0.6139132535407589,115.65830529832547,0.004767625898560487,15.330870654680075,18.185930135372956
2629,0.6139132535407589,115.6580314865756,0.0028867992756849347,15.413511339157472,18.13375891202162
2630,0.6139132535407589,115.65787074136284,0.0016947379505580587,15.50039346960856,18.025110484358105
2631,0.6139132535407589,115.65767940545872,0.002017255832792427,15.877456094274494,17.847570053267766
2632,0.6139132535407589,115.65740090378668,0.002936245159070931,16.52015696967866,17.73925961547181
2633,0.6139132535407589,115.65698505706966,0.004384274970464573,17.19212576416974,17.648561365974405
2634,0.6139132535407589,115.65629856875996,0.0072376512556074045,17.97170660996581,17.497317245275593
2635,0.6139132535407589,115.65533144341248,0.01050230187968568,19.141230078430116,17.445885200467618
2636,0.6139132535407589,115.65404456839723,0.013974558651350142,20.70835765822889,17.39006753385141
2637,0.6139132535407589,115.65246535672065,0.017149129430168823,22.698193740244715,17.36231300711082
2638,0.6446089162177968,115.65025601546355,0.02284942287237642,24.914482899891915,17.523721802200125
2639,0.6768393620286867,115.64725551220694,0.0295540658036797,27.248480930777585,17.812150071936575
2640,0.710681330130121,115.64334456980066,0.036687258085991735,29.54670452713727,18.134882304770777
2641,0.7462153966366271,115.63850573372929,0.043230020832960174,31.72742799091344,18.575036184226096
2642,0.7835261664684584,115.63281288079658,0.04843788824006621,33.642659523515434,19.099098928094893
2643,0.8227024747918814,115.62640923781389,0.05189112045531981,35.221105964399385,19.692818514582655
2644,0.8638375985314756,115.6194782176661,0.053490147990101176,36.46260391352353,20.332140993534185
2645,0.9070294784580494,115.61221362128302,0.05339478341580095,37.40296834850375,20.985650689053642
2646,0.9523809523809519,115.60479219523987,0.05194998230195572,38.083588092241875,21.623016859785185
2647,0.9999999999999996,115.59735655752621,0.0495709180912884,38.51387164847473,22.221421384682024
2648,1.0499999999999996,115.59021238581337,0.04535982039867685,38.6703509246718,22.55498031923745
2649,1.1024999999999996,115.58358952930442,0.040047507234920926,38.567241429180264,22.769757576460847
2650,1.1576249999999997,115.57759666191846,0.03451242780661108,38.171285550827804,22.859575429926903
2651,1.2155062499999998,115.57222465915501,0.029463733120598353,37.52513029446609,22.833573719277695
2652,1.2762815625,115.56718757257619,0.02554491351005274,36.65807494601407,22.686504977197476
2653,1.340095640625,115.56199484321094,0.02434973200680037,35.53867058597901,22.66686767580214
2654,1.40710042265625,115.556183855532,0.02519543889139819,34.23759217222229,22.736064103752785
2655,1.4774554437890626,115.54933607670506,0.027453339096396866,32.80742586861534,22.885986236279123
2656,1.5513282159785158,115.54134827269226,0.02961053991630786,31.34044686113788,22.945880606416974
2657,1.6288946267774416,115.5324004351371,0.030669768159020155,29.84073548938847,23.073419405181383
2658,1.7103393581163138,115.52278555436529,0.03047261898084077,28.312269548423938,23.26189404862359
2659,1.7958563260221296,115.51285072299665,0.02911386436321034,26.764781366688737,23.478553047806198
2660,1.7958563260221296,115.50335160699687,0.02702622082183357,25.289909541874223,23.645179912739213
2661,1.7958563260221296,115.49461959289718,0.024120112736586485,23.869375098684415,23.754315965932964
2662,1.7958563260221296,115.48703849593963,0.02094097778545672,22.506270268237426,23.779512399512384
2663,1.7958563260221296,115.4805384698292,0.017954776616868864,21.208153472260342,23.71799606321629
2664,1.7958563260221296,115.47492722337884,0.015499734131280047,19.95110748942121,23.596009812624988
2665,1.7958563260221296,115.46987480946754,0.013956092115814596,18.720381171823835,23.44655278655075
2666,1.7103393581163138,115.46572228790639,0.0120438711396716,17.585960044793417,23.075045464736224
2667,1.6288946267774416,115.46248524214481,0.009858080090281223,16.53939503489537,22.65798990167454
2668,1.5513282159785158,115.4600464953473,0.00757115765542241,15.589453907494551,22.18980034176456
2669,1.4774554437890626,115.45833729011753,0.005409309924721425,14.738527335353306,21.66548004087706
2670,1.40710042265625,115.45721592678622,0.0036178126817607275,13.99042001189697,21.093846932145397
2671,1.340095640625,115.45650891014634,0.0023253130870587273,13.331191428951618,20.49189687207865
2672,1.2762815625,115.45604229434741,0.0015644558597778,12.745122293945965,19.880793611454944
2673,1.2155062499999998,115.45566653306369,0.0012843044289509108,12.238801832552939,19.281091315533804
2674,1.1576249999999997,115.455293553986,0.0012995485064530065,11.790482488978101,18.7067870468839
2675,1.1024999999999996,115.45491012743209,0.0013618907948110802,11.402340670433144,18.161129009326142
2676,1.0499999999999996,115.45448171267995,0.0015512314083260235,11.089086110975469,17.62231800631382
2677,0.9999999999999996,115.45407623180084,0.001496699543674909,10.888518859237616,17.13785964992868
2678,0.9523809523809519,115.4537640923241,0.0011745324478965417,10.79175382507201,16.662995127144388
2679,0.9070294784580494,115.45306990126242,0.0027427399837346655,10.806262016308034,16.420659727955684
2680,0.8638375985314756,115.45176909706392,0.005396433744854671,10.991492457365421,16.28775619535357
2681,0.8227024747918814,115.44976401931595,0.008734045211485983,11.415081474863644,16.239013374323903
2682,0.7835261664684584,115.4472278981132,0.011599613597321638,12.092000373367865,16.30466912549888
2683,0.7462153966366271,115.44442887813479,0.013442152399209225,12.957775084237461,16.42861085069981
2684,0.710681330130121,115.44164816441209,0.014021949405012949,13.962999320785118,16.568000126432242
2685,0.710681330130121,115.43901846454882,0.015600530744380059,15.026588562392973,16.902910619794966
2686,0.710681330130121,115.43626769987897,0.01631874017323302,16.148818672474892,16.98663411209361
2687,0.710681330130121,115.43395557637021,0.016137092693684213,17.4390088317194,17.082582108431048
2688,0.710681330130121,115.43207059359868,0.015477568104203816,18.842247340627022,17.11947354103801
2689,0.710681330130121,115.43040071607753,0.015664569104977013,20.444938717630023,17.045158224372898
2690,0.710681330130121,115.4286858872319,0.016086242623325572,22.257461266928605,17.008878542891008
2691,0.7462153966366271,115.42657841993136,0.018828051614593357,24.046410573312386,17.173014343351536
2692,0.7835261664684584,115.42383979195633,0.023301735940341534,25.757443318624343,17.39603976343649
2693,0.8227024747918814,115.4202887183196,0.02877568133142885,27.36119265085367,17.698027243998073
2694,0.8638375985314756,115.41584611783011,0.03428576927737163,28.826606073093366,18.074852305362004
2695,0.9070294784580494,115.41053224966689,0.03905693099987479,30.11868911254752,18.532047516642592
2696,0.9523809523809519,115.40444648864012,0.04260032718738949,31.206681439510042,19.066024594061776
2697,0.9999999999999996,115.39774628839841,0.04466800161107458,32.070009708382166,19.655255771962477
2698,1.0499999999999996,115.39057636236191,0.04552333991431513,32.703243819513546,20.274366891460012
2699,1.1024999999999996,115.38315694794395,0.0448641839334624,33.100861839187885,20.89799681668366
2700,1.1576249999999997,115.37567157024225,0.04310767131953263,33.26278714025132,21.50343154475687
2701,1.2155062499999998,115.36824791955031,0.04071637197499671,33.19520036809378,22.073902781696898
2702,1.2762815625,115.36095537513948,0.03809266244017711,32.8826018481051,22.6010590047253
2703,1.340095640625,115.35380122056718,0.035590268611772044,32.34572571866716,23.074233964907112
2704,1.40710042265625,115.34663338737208,0.032971166532264895,31.696060994278515,23.249963350798318
2705,1.4774554437890626,115.33956842408195,0.030048985113694058,30.951972836798873,23.407284377410956
2706,1.5513282159785158,115.3326269125481,0.027299043138438586,30.121513075126124,23.445346950780873
2707,1.6288946267774416,115.32574413031284,0.025028272830481018,29.225331549432592,23.40245476194995
2708,1.7103393581163138,115.31883526393693,0.023229888258538563,28.261763289544735,23.305103581033023
2709,1.7958563260221296,115.31175408354437,0.022015039145388035,27.236813112856865,23.15513804447722
2710,1.7958563260221296,115.30465321355031,0.021433255476885113,26.25204379026056,22.969284172676698
2711,1.7958563260221296,115.2973690165781,0.02134622267611132,25.28974573725136,22.80103459343892
2712,1.7958563260221296,115.28969136205562,0.021843925952885496,24.346192867893755,22.67058213923852
2713,1.7958563260221296,115.2816226397344,0.022287926909782346,23.421481861747306,22.59264149078347
2714,1.7958563260221296,115.2730999741657,0.022856152618148506,22.537465488682155,22.491273760985134
2715,1.7958563260221296,115.26450090114977,0.02306106272056141,21.71914541206825,22.5045886367666
2716,1.7958563260221296,115.25595755734841,0.02291160766766451,20.966287904397372,22.535714890063705
2717,1.7958563260221296,115.24752735667957,0.02260817951091298,20.303837102899493,22.537936879219167
2718,1.7958563260221296,115.23934449406443,0.021944866342232177,19.737779365941538,22.58282259677832
2719,1.7958563260221296,115.2314874219466,0.021071158783474785,19.25239216879807,22.60872510202237
2720,1.7958563260221296,115.22398010143064,0.020133192143045677,18.83260205306615,22.60975356821487
2721,1.7103393581163138,115.21739105301198,0.018554090830353528,18.573480897936175,22.37961411879526
2722,1.6288946267774416,115.21182369663754,0.01646096534090638,18.436295653538735,22.05473293670207
2723,1.6288946267774416,115.20671421931515,0.01510715741138237,18.281201750845298,21.834206702065508
2724,1.6288946267774416,115.20175759051858,0.014655231197813161,18.112502289272673,21.597616414675514
2725,1.6288946267774416,115.19667120954365,0.015038868595316737,17.933900634400572,21.386355352636095
2726,1.6288946267774416,115.19126858220815,0.015973912093820195,17.74967583717466,21.232607877079232
2727,1.6288946267774416,115.18548065210771,0.0171131342005792,17.560476563431575,21.153372442007978
2728,1.5513282159785158,115.17989540100825,0.017339568282398212,17.449573757493706,20.939367726838732
2729,1.5513282159785158,115.17432330128875,0.01729873945539288,17.298148208070682,20.921132952690012
2730,1.4774554437890626,115.1693799230011,0.01611419899117459,17.192666933220483,20.713849650797506
2731,1.40710042265625,115.16531510699113,0.013912816852656423,17.129759158328756,20.438326954915954
2732,1.40710042265625,115.16177600616757,0.012113429355913476,17.017009916742552,20.27738290560369
2733,1.40710042265625,115.15855993244719,0.011007790892869233,16.859355465121507,20.0965196842869
2734,1.40710042265625,115.1554492824176,0.010646952789114789,16.651007042088356,19.927636009446648
2735,1.40710042265625,115.15195751579621,0.011951416589777154,16.38249394132126,20.016485683530806
2736,1.340095640625,115.1482105402375,0.013466177509922813,16.180904574582886,20.024678114477407
2737,1.2762815625,115.14462177618839,0.013542463679545966,16.046728654881733,19.895038463241537
2738,1.2155062499999998,115.14128509718456,0.013220762435549697,15.93238164971011,19.952587635009664
2739,1.1576249999999997,115.13828504877856,0.012481294600717991,15.834634041809224,20.00860845222191
2740,1.1024999999999996,115.13566051713468,0.0114649584317986,15.751027673150181,20.048352426278097
2741,1.0499999999999996,115.13341304355636,0.01030871575593153,15.678759994956664,20.064950269801685
2742,0.9999999999999996,115.13150880778957,0.009171069557294548,15.613924732605751,20.058864689853444
2743,0.9523809523809519,115.12988796884551,0.008196499773818703,15.552065938506836,20.035810679732723
2744,0.9070294784580494,115.12848279905722,0.007461165459469478,15.488197025836095,20.00415561053274
2745,0.8638375985314756,115.12723190684022,0.006974082117787381,15.418315813876788,19.972201318392337
2746,0.8227024747918814,115.1260820811399,0.006731137730114038,15.344120631565339,19.9462746793113
2747,0.7835261664684584,115.12497474156064,0.0068065429224705475,15.2744550611847,19.913502639608826
2748,0.7462153966366271,115.1238737053632,0.007106187471294925,15.350693176851747,19.836478914406484
2749,0.710681330130121,115.12309937212889,0.005247497763944232,15.811922731507734,19.56413560772091
2750,0.6768393620286867,115.12276274718343,0.0023953002391643194,16.552139630359015,19.231979653361883
2751,0.6768393620286867,115.12260640037363,0.001112506829867262,17.20796377405106,19.05008542869534
2752,0.6768393620286867,115.12237540873753,0.0016436521671271877,17.71458217702302,18.871720289390062
2753,0.6768393620286867,115.12152895685678,0.006023042616049226,18.17120018695602,18.935481471219457
2754,0.6768393620286867,115.1196662856099,0.013254088690772844,18.811421848674833,19.092456414734006
2755,0.6768393620286867,115.1173125046809,0.01970428932529834,19.786398799436117,19.170016888114844
2756,0.6768393620286867,115.1148538723359,0.024214159626752402,20.944909446146514,19.31097786957689
2757,0.6768393620286867,115.11214255163603,0.02670570351913203,22.120782488087805,19.460095052486242
2758,0.6768393620286867,115.10945133323959,0.026507701801843295,23.280052420820578,19.53902768365088
2759,0.6768393620286867,115.10694092148995,0.024726810037288813,24.494362050857028,19.64371004960897
2760,0.710681330130121,115.1043417522463,0.024381947609039202,25.525679784984998,19.880279387112306
2761,0.7462153966366271,115.10150968329154,0.02530162173465149,26.440920362404817,20.1041713590654
2762,0.7835261664684584,115.09835737937985,0.026821515745958476,27.347855335343596,20.402320574518978
2763,0.8227024747918814,115.09475766995739,0.029169795341201756,28.18084002210776,20.762625018520726
2764,0.8638375985314756,115.09062854816968,0.03186649739699459,28.874982309154714,21.172445597353743
2765,0.9070294784580494,115.08594806588414,0.034401544798636545,29.411013719506563,21.628947177062788
2766,0.9523809523809519,115.08066726244338,0.036965624085325624,29.827064617955084,22.04592080274703
2767,0.9999999999999996,115.07504273468223,0.03749685174081717,30.167355088982717,22.359250508961104
2768,1.0499999999999996,115.06935451445003,0.03611568401408234,30.343291539603733,22.623926967499
2769,1.1024999999999996,115.06384658448826,0.03330569893726165,30.32439125974477,22.82544085286988
2770,1.1576249999999997,115.05862565043284,0.03006692757686245,30.14696103367395,22.87182976594382
2771,1.2155062499999998,115.05374453123655,0.026771392283531467,29.90080205498177,22.893380403254636
2772,1.2762815625,115.0492034862208,0.0237201839531589,29.580075590593555,22.85282885042066
2773,1.340095640625,115.04491898420375,0.02131440914671629,29.196283110192663,22.74815220382269
2774,1.40710042265625,115.04068119422337,0.020078121467349004,28.77216597130382,22.53017417739914
2775,1.4774554437890626,115.03631521618235,0.019700438612630045,28.311903686588376,22.336236726716447
2776,1.5513282159785158,115.03155447068755,0.019862906108712726,27.731972865110546,22.163443305700994
2777,1.6288946267774416,115.0262671181186,0.02039762351610271,27.004275748927483,22.04028429465722
2778,1.7103393581163138,115.0203674236724,0.021044775469274375,26.143560023599345,21.98605643333369
2779,1.7103393581163138,115.01429841944733,0.02101817444249908,25.353969565047766,21.795065175235425
2780,1.7103393581163138,115.00829102491547,0.020198842488302463,24.62511459874925,21.581303669389037
2781,1.7103393581163138,115.00236465353426,0.019346034876977686,23.867108114694634,21.490785204000126
2782,1.7103393581163138,114.9965146178112,0.018540626123492922,23.095082258407977,21.379685980133196
2783,1.7103393581163138,114.99070949144827,0.017862421417534455,22.295233505674034,21.265499291108085
2784,1.7103393581163138,114.98492849345966,0.01727007593393554,21.4037271720842,21.17412104074604
2785,1.7103393581163138,114.9793327366084,0.01671668904220507,20.4098787719515,21.116852775282947
2786,1.7103393581163138,114.9739417996422,0.016104812861818415,19.343827640327742,21.089350436028937
2787,1.7103393581163138,114.96877506564253,0.015435031923680122,18.253846464906797,21.084269570310106
2788,1.7103393581163138,114.96386099352108,0.014680233213982478,17.183969116808576,21.088272481690545
2789,1.6288946267774416,114.9596720649058,0.013139646680396449,16.251159901975388,20.89614576549578
2790,1.5513282159785158,114.95638404144009,0.010829413464440663,15.419944487431762,20.635363135627827
2791,1.4774554437890626,114.95406923264554,0.008005241713695415,14.665970737523038,20.285890874085812
2792,1.40710042265625,114.95264183507405,0.005032182162130362,13.977398164437348,19.85120524661845
2793,1.340095640625,114.95200195069665,0.0022996671519706522,13.345821932308484,19.332774661013254
2794,1.2762815625,114.95193782942941,0.00023491873095192123,12.768785758700949,18.74928971247524
2795,1.2155062499999998,114.95221055745841,-0.0010185852839267933,12.237190707581687,18.11868530700818
2796,1.1576249999999997,114.95259681240229,-0.0014705972485862793,11.736544686048575,17.478467679301115
2797,1.1024999999999996,114.95291066661905,-0.0012181471127322042,11.251159486259375,16.868869828576425
2798,1.0499999999999996,114.95294931129622,-0.00015290212802787393,10.797695265036538,16.274777924270108
2799,0.9999999999999996,114.95268805036244,0.0010752756472002369,10.446597025641642,15.777859493812402
2800,0.9523809523809519,114.95220694592669,0.0020757224231687725,10.212318301536811,15.34318699956744
2801,0.9070294784580494,114.95164360986982,0.0025424698430609755,10.096888267462457,14.952344944542961
2802,0.8638375985314756,114.95114618916135,0.002346835248057566,10.101598278143268,14.581120599063816
2803,0.8227024747918814,114.95076498168844,0.0018874238999495438,10.256788377541112,14.164252903785982
2804,0.7835261664684584,114.95055749390448,0.0010770406945894114,10.657070757548036,13.77254534295312
2805,0.7462153966366271,114.95054837751127,4.971094245222771e-5,11.259694783293488,13.365244798123037
2806,0.7462153966366271,114.95039022589829,0.0008783295466998532,11.914332645376891,13.122663691301376
2807,0.7462153966366271,114.94945584247078,0.0051791371375900005,12.62233125061207,13.148420415456243
2808,0.7462153966366271,114.94763224990166,0.011589846961125123,13.49077976477615,13.329517958166965
2809,0.7462153966366271,114.94496374958395,0.018510197532260225,14.542002661550175,13.679503349643939
2810,0.7462153966366271,114.941648765127,0.02501315033398455,15.727590458572864,14.133606139263392
2811,0.7462153966366271,114.9381769183976,0.030107396949710204,16.984417931382577,14.689806848384286
2812,0.7462153966366271,114.93441104196809,0.03364423057574011,18.24122330007739,15.263879468894162
2813,0.7462153966366271,114.93043931002519,0.03548333774924212,19.460063635837667,15.853401422871201
2814,0.7835261664684584,114.92627524537824,0.0354301262263557,20.51318905328331,16.442282838217803
2815,0.8227024747918814,114.92209726561897,0.033855736731744655,21.4223468196164,17.022883845476308
2816,0.8638375985314756,114.91801414378959,0.031511492718234536,22.231482256697,17.54414546162972
2817,0.9070294784580494,114.91407827449868,0.028928639288235008,22.99745377206098,18.03327645875494
2818,0.9523809523809519,114.91030899135369,0.026384982015045504,23.699767925916216,18.483173865352175
2819,0.9999999999999996,114.90661959360438,0.024595984995328578,24.33739059447757,18.82461881250051
2820,1.0499999999999996,114.90281592682598,0.024150265259598274,25.003005636197646,19.118285908668025
2821,1.1024999999999996,114.89879609099873,0.02430739729280271,25.646826199389572,19.454422539096942
2822,1.1576249999999997,114.89444753633053,0.025042966810783183,26.211604227033874,19.788128536998386
2823,1.2155062499999998,114.88966813800874,0.02621348551568846,26.65420238355413,20.132942111365736
2824,1.2762815625,114.88434877777573,0.02778571954291154,26.947092155924405,20.442633120368626
2825,1.340095640625,114.87839829453247,0.029602281423713923,27.153243933954567,20.788620565323857
2826,1.40710042265625,114.87183029220976,0.031118377513352,27.268854609540448,21.195568851980095
2827,1.4774554437890626,114.86483923750222,0.03154547338780355,27.31802398970954,21.468784630974003
2828,1.5513282159785158,114.85763111601659,0.03097612919189567,27.268092520427935,21.70786316782093
2829,1.6288946267774416,114.85038686729361,0.029648935353343082,27.1098721795153,21.894154761486234
2830,1.7103393581163138,114.84324385249873,0.02784248541474166,26.849545549497492,22.01469287014678
2831,1.7958563260221296,114.83613251411609,0.026399062031872176,26.501472236540828,21.992991715907774
2832,1.8856491423232362,114.82901457005053,0.025165318070987177,26.09113088560016,21.917039164463894
2833,1.8856491423232362,114.82229407782187,0.02376013677146703,25.730598212949022,21.610944728669075
2834,1.8856491423232362,114.81597912130968,0.022326375112003284,25.386182108864055,21.259730706307508
2835,1.8856491423232362,114.81010986990825,0.020750595536586126,25.044249075619856,20.828903156237473
2836,1.979931599439398,114.80385595639127,0.020444344972306242,24.49927560433221,20.695492062923968
2837,1.979931599439398,114.79724892184824,0.020969625864975642,23.97347430731025,20.43263898711271
2838,1.979931599439398,114.79006195559377,0.022145856707755325,23.470021998262336,20.223382024786183
2839,1.979931599439398,114.78214143636313,0.023695359816727567,22.991645626057775,20.08633344438911
2840,1.979931599439398,114.77344175609853,0.02526828239821703,22.530081512993778,20.026214176730466
2841,1.979931599439398,114.76430211587818,0.02654614917817136,22.082768264644415,20.032859284848694
2842,1.979931599439398,114.75491098350727,0.02727660989485887,21.64868817167574,20.097239064834987
2843,1.979931599439398,114.74539547839146,0.02763785140542916,21.226464728304848,20.19197039542589
2844,1.979931599439398,114.73602607938709,0.027213485179211065,20.81138369615835,20.29204451447029
2845,1.979931599439398,114.72699907348526,0.026219002009352545,20.402723720863392,20.374950225140743
2846,1.979931599439398,114.71842509359377,0.02490318478220313,20.000572281907107,20.4263058251079
2847,1.979931599439398,114.71029450616534,0.023615348260686137,19.600908182086517,20.408377010862125
2848,1.979931599439398,114.70243929927211,0.02281550356308561,19.227937544677154,20.331109092136035
2849,1.979931599439398,114.69484693711378,0.022052069185463118,18.883875496967608,20.26740716060758
2850,1.979931599439398,114.68751469740215,0.021296541713067167,18.46060485488096,20.21236241199186
2851,1.979931599439398,114.68042586235941,0.020589571143536843,17.96569173906003,20.215629179313648
2852,1.979931599439398,114.67352317054267,0.020048916836981907,17.51017715707857,20.223715658535678
2853,1.979931599439398,114.66675800246513,0.01964947817108429,17.16703987973421,20.194845328061636
2854,1.979931599439398,114.66007885295345,0.019399636642830526,16.92389615409872,20.129462908871268
2855,1.979931599439398,114.65347233079156,0.01918868999538308,16.713256004304384,20.06044581288951
2856,1.8856491423232362,114.64739756030795,0.01852642418876977,16.56822366158751,19.845575797082084
2857,1.8856491423232362,114.64152797182481,0.017900674000073794,16.32871055938876,19.796430365619564
2858,1.7958563260221296,114.63627575469027,0.01681874944407286,16.120269667705465,19.585697172618488
2859,1.7103393581163138,114.63172549037509,0.01529948993624072,15.972975849619598,19.306799575243208
2860,1.6288946267774416,114.62790152983236,0.013500287868352423,15.921800343892873,18.942633628184186
2861,1.6288946267774416,114.62438856754476,0.01240232518694852,15.857685199854025,18.671234975181136
2862,1.6288946267774416,114.62095631693475,0.012117376932609029,15.770859125046538,18.39440475353527
2863,1.6288946267774416,114.61740097878763,0.012551930889025936,15.636908733361965,18.158899217164556
2864,1.6288946267774416,114.61357768094767,0.013497948231720475,15.449554470159384,17.997770837459697
2865,1.6288946267774416,114.60942576748279,0.014658108093457854,15.223770793942192,17.922010259782727
2866,1.6288946267774416,114.60496458874613,0.015749952569858235,14.98465359936656,17.92248217758031
2867,1.6288946267774416,114.60028690037555,0.016514328235096264,14.752163777437477,17.978577200197268
2868,1.5513282159785158,114.59591593083033,0.016203047544062897,14.599049560040623,17.883500661303994
2869,1.4774554437890626,114.59212795684984,0.014743996259792525,14.50146469585701,17.73750594148606
2870,1.40710042265625,114.58913273476728,0.012241272136806163,14.450656738690418,17.481440076127686
2871,1.340095640625,114.58692286583597,0.009206956992002783,14.470476691527331,17.093496511974326
2872,1.340095640625,114.58511364083097,0.007537757816464661,14.49493120073273,16.78141822649206
2873,1.340095640625,114.58339513902449,0.007159778572989259,14.512771475733068,16.512739026307315
2874,1.340095640625,114.581470413139,0.008018968092756179,14.522734989444677,16.278426514499426
2875,1.340095640625,114.5791138685743,0.009818050360400319,14.56162942319479,16.103010739802635
2876,1.340095640625,114.57628881272629,0.011815914239621092,14.380360161010271,16.037135714211377
2877,1.340095640625,114.57303232864209,0.013567460261732873,13.957820976667024,16.116431065337927
2878,1.340095640625,114.56949166109955,0.01475145124034787,13.455756744983354,16.276282688568816
2879,1.2762815625,114.56619992524438,0.014400045866867038,13.090062045732147,16.25775374225836
2880,1.2155062499999998,114.56347394434714,0.012521345655742424,12.933365905629888,16.13176326769827
2881,1.1576249999999997,114.56153726239047,0.00947308589485593,12.949195538715816,15.874564703677787
2882,1.1024999999999996,114.56040234901295,0.0057963642106106245,13.029089109338528,15.498658798278631
2883,1.1024999999999996,114.55972662076682,0.0034191164284119997,12.974738815069333,15.188260149276461
2884,1.1024999999999996,114.55916761824314,0.0028048237061554264,12.795484619125856,14.870337253039214
2885,1.1024999999999996,114.55843486971165,0.0037452089361986493,12.573953477865285,14.59793833704287
2886,1.1024999999999996,114.55727561159009,0.006010779457018857,12.44256654097608,14.390039059984838
2887,1.1024999999999996,114.55557775860792,0.008870430630958558,12.471203695858076,14.281308373855664
2888,1.1024999999999996,114.55332326726702,0.011800689452378303,12.637099009507626,14.25455976095194
2889,1.1024999999999996,114.5505781493676,0.014320779694016217,12.878296758647537,14.30233535245733
2890,1.1024999999999996,114.54746285681965,0.01613315109178279,13.138194486818541,14.40762028807709
2891,1.1024999999999996,114.5441328283086,0.01708254798074148,13.391933532524773,14.54480562281497
2892,1.1024999999999996,114.54076055424274,0.01713522467054042,13.644694017746446,14.68404404814247
2893,1.1024999999999996,114.53749322953665,0.016474200620589446,13.912652842032474,14.797916258579574
2894,1.1024999999999996,114.53446598414433,0.015183906150255331,14.014537621289618,14.87567683876263
2895,1.1024999999999996,114.5315247067465,0.014490637009094047,13.82203171126819,15.144715774028514
2896,1.1024999999999996,114.52877840018385,0.013432870772982141,13.66676937994239,15.254318045939772
2897,1.1024999999999996,114.52627550102568,0.012206647063882532,13.786340302677026,15.298878073554976
2898,1.1024999999999996,114.52401353753234,0.011053194149657289,14.183996405686488,15.26899356216277
2899,1.1024999999999996,114.52194405520109,0.010160027185857127,14.671361613808866,15.19775614881113
2900,1.1024999999999996,114.51967435739886,0.011109037637997076,15.073006553393812,15.244185258609358
2901,1.1024999999999996,114.51714604688037,0.01224522077491,15.405521728945859,15.258691840534183
2902,1.1024999999999996,114.51434754326361,0.013305443425063344,15.693114335263019,15.327318062509955
2903,1.1024999999999996,114.51176575932037,0.014139863976284417,16.027594906343943,15.410157098834118
2904,1.1024999999999996,114.50933122706019,0.014721283508303627,16.48526546066977,15.460708848784988
2905,1.1024999999999996,114.50684165462353,0.015054103925285271,17.048706866273942,15.47714806470948
2906,1.1024999999999996,114.50428340221268,0.015469402333176537,17.669264356176615,15.401320296291406
2907,1.1024999999999996,114.50166278260436,0.01584652824395489,18.340584157547486,15.36315681041252
2908,1.1024999999999996,114.49900514587712,0.01607036569741855,19.00148183143992,15.337741659096404
2909,1.1576249999999997,114.49602084032539,0.017186368940762937,19.5547127097486,15.492424275464243
2910,1.2155062499999998,114.49256499263629,0.018954229642151155,20.008583912635586,15.705766638054593
2911,1.2762815625,114.4884785323866,0.02134565689234683,20.3930397828447,15.902860958707208
2912,1.340095640625,114.48370911362777,0.02372675807228478,20.75242475665482,16.23035890722886
2913,1.40710042265625,114.47828816702116,0.025683770299663046,21.06156511164002,16.62318924956215
2914,1.4774554437890626,114.47223761230372,0.02730169063249923,21.30836852803088,17.02533190697882
2915,1.5513282159785158,114.46567653294662,0.0281955350240445,21.47363504320735,17.50642138502121
2916,1.6288946267774416,114.45874599964861,0.02836497497151801,21.514690072435155,18.014399286459312
2917,1.6288946267774416,114.45200705478418,0.027580850447976975,21.548206789442652,18.304192494782882
2918,1.6288946267774416,114.4456188020017,0.026145553667324507,21.601016887091557,18.521369932068055
2919,1.6288946267774416,114.43971010564378,0.02418284670199898,21.67089176947626,18.671985263480334
2920,1.6288946267774416,114.43431875202732,0.02206548959777531,21.7537678736602,18.7201625818804
2921,1.6288946267774416,114.42938470055815,0.020193863937098003,21.839173809037874,18.67720705925949
2922,1.6288946267774416,114.42475361034494,0.018953917734999732,21.915684747626205,18.5295975041484
2923,1.6288946267774416,114.42023138698916,0.01850835235714088,21.9874021526944,18.35630954704644
2924,1.6288946267774416,114.41566301451995,0.018697229373124458,22.04190478292734,18.19297915027314
2925,1.7103393581163138,114.41054669127051,0.019942721601514612,21.944847738017533,18.215004180091615
2926,1.7958563260221296,114.40464962629545,0.021891376236815495,21.742869974005867,18.31886033446012
2927,1.7958563260221296,114.39824102332055,0.02379033289777127,21.579666267087546,18.351825673892208
2928,1.7958563260221296,114.39136350233356,0.025531073532447716,21.43960517505031,18.3585896582478
2929,1.7958563260221296,114.38417443159047,0.026687623944580786,21.328899392100354,18.467445753305423
2930,1.7958563260221296,114.37687142867382,0.027110568593494873,21.23087465292697,18.598679333550308
2931,1.7958563260221296,114.36963434768819,0.02686584994125452,21.13862076425507,18.723673155901512
2932,1.7958563260221296,114.36260637641624,0.02608958252066744,21.049588960930873,18.823444188556834
2933,1.7958563260221296,114.35587443867715,0.02499063219979563,20.962814432285455,18.885820671383424
2934,1.7958563260221296,114.34946592941981,0.023789984994917922,20.876852453904615,18.90655868574824
2935,1.7958563260221296,114.34331805427763,0.022822446142848857,20.79550617455695,18.841447582950728
2936,1.7958563260221296,114.3373476615737,0.02216358705845012,20.735546960906262,18.778836869006536
2937,1.7958563260221296,114.33143674974852,0.02194277919867482,20.690421002100763,18.658451185718008
2938,1.7958563260221296,114.32548997756882,0.022075901780381713,20.66879674292254,18.560225940165182
2939,1.7958563260221296,114.31945506264096,0.022403109648948375,20.65369600715779,18.474138628737943
2940,1.7958563260221296,114.3132941217863,0.022870949326959888,20.638644944081918,18.403462803710624
2941,1.7958563260221296,114.30698850937948,0.023408006217588765,20.620966477778307,18.351821390505258
2942,1.7958563260221296,114.30054103464246,0.023934634575465925,20.597681412406896,18.320241040869465
2943,1.7958563260221296,114.29397553238418,0.024372782177040562,20.565972610591327,18.307160989656378
2944,1.7958563260221296,114.28733287027258,0.0246592188002952,20.522963109075718,18.303112203237777
2945,1.7958563260221296,114.2805870640054,0.025042115635669385,20.484771326920903,18.214188341548176
2946,1.7958563260221296,114.27385022068047,0.025008842958028233,20.338813171740334,18.234256468548654
2947,1.7958563260221296,114.26721525334179,0.024630653883869473,20.133593914121562,18.292378358432174
2948,1.7958563260221296,114.2607409055666,0.02403439399674541,19.951711366584473,18.336391842814685
2949,1.7958563260221296,114.25444794195747,0.023361050725277898,19.84272218082307,18.33671151793657
2950,1.7958563260221296,114.2483269282844,0.02272272966897856,19.802979979544133,18.293616253975937
2951,1.7958563260221296,114.24235483230918,0.022169910026283112,19.785599136236748,18.229695445855068
2952,1.7958563260221296,114.236491390561,0.021766558431348376,19.743438168875375,18.17271478215183
2953,1.7958563260221296,114.23070270058412,0.0214890612091239,19.649622517229986,18.140254617207486
2954,1.7958563260221296,114.22491535637984,0.021484065365237982,19.512198220766997,18.062701502992958
2955,1.7958563260221296,114.21905953528608,0.021738268661270193,19.398087911110853,18.002987791989316
2956,1.7958563260221296,114.2131508556638,0.02193449270461506,19.334330513941257,17.985058667821377
2957,1.7958563260221296,114.20720501658693,0.02207243786977702,19.318847588291824,17.95967325232154
2958,1.7958563260221296,114.20126228847492,0.022060889192202223,19.284989106143584,17.933097135569323
2959,1.7958563260221296,114.1954082105917,0.021731797428639826,19.098896818330346,17.96719396457346
2960,1.7958563260221296,114.18970030919793,0.02118915383546395,18.83460142961239,18.05254655285647
2961,1.7958563260221296,114.18419463224447,0.020438446267100455,18.496243680169947,18.15009408610922
2962,1.7958563260221296,114.17892098994898,0.01957707573488248,18.158531406773342,18.21844766533841
2963,1.7958563260221296,114.17388125498316,0.01870875337776538,17.863241941822057,18.23374883394894
2964,1.7958563260221296,114.16905017555223,0.01793417198223304,17.60780851207922,18.1974107733743
2965,1.7958563260221296,114.16439382996376,0.01728551637065691,17.36313604325899,18.12845025374632
2966,1.7958563260221296,114.15987499767692,0.016775032691976062,17.096525407007192,18.051063402204555
2967,1.7958563260221296,114.15545832646434,0.01639578529970951,16.783653329681762,17.98432823689587
2968,1.7958563260221296,114.15111132167341,0.016137166163962036,16.432239573899523,17.93753662969054
2969,1.7958563260221296,114.14681415734006,0.015952145952359723,16.073148978084767,17.91136347467258
2970,1.7958563260221296,114.14256138394319,0.015787355722777837,15.709545616176397,17.90191294096667
2971,1.7958563260221296,114.1383588719762,0.01560077275696082,15.3513725098678,17.904561284004043
2972,1.7958563260221296,114.13422031157168,0.015363368604304562,14.999584960682618,17.90950099265504
2973,1.7958563260221296,114.13010097647498,0.01529199946563702,14.671377847406745,17.872356030686518
2974,1.7103393581163138,114.12634416968518,0.01464351415395792,14.439209553469956,17.72694491089349
2975,1.6288946267774416,114.12305853212689,0.013447309622458627,14.280199059005499,17.53404143428362
2976,1.5513282159785158,114.12030969424139,0.011812836068118058,14.177062333663908,17.280545074687797
2977,1.4774554437890626,114.11797349176246,0.010234522947697005,14.133053568071576,16.90487898530817
2978,1.4774554437890626,114.11582779400968,0.00939995273845212,14.09711820750572,16.67100302020697
2979,1.4774554437890626,114.1136785456269,0.009415507470738287,14.068498771674584,16.438760139522163
2980,1.4774554437890626,114.11134865155783,0.010206886830494335,14.052040261797195,16.232223720395606
2981,1.4774554437890626,114.1087122741362,0.011569080279991577,14.056021148600925,16.072497658656765
2982,1.4774554437890626,114.10571583566008,0.013231650270904123,14.086248253104326,15.972245391471406
2983,1.4774554437890626,114.10234514742604,0.014919603636414201,14.142542007367572,15.934407586180159
2984,1.4774554437890626,114.0986484835348,0.01634417566192167,14.219114773077933,15.952236010999853
2985,1.4774554437890626,114.094823747254,0.016956320209303835,14.344321911397145,15.909059585354537
2986,1.4774554437890626,114.09089792262114,0.017437403311379995,14.53954835002175,15.8790203568327
2987,1.4774554437890626,114.08690488964142,0.017703191462583055,14.791768050392493,15.9083798823442
2988,1.4774554437890626,114.08280820245808,0.018189105705554848,15.084513879769045,15.88532405083424
2989,1.4774554437890626,114.07866029308532,0.018413236327864978,15.438625667025336,15.888165463085391
2990,1.4774554437890626,114.07450259735629,0.01842571626096395,15.881191747105403,15.914864541346438
2991,1.4774554437890626,114.07044413082569,0.018312865982697563,16.40965409255581,15.920534073213423
2992,1.4774554437890626,114.06641568286278,0.018177414327786738,16.956589730733032,15.896159842117585
2993,1.4774554437890626,114.06245410543195,0.01787567693952992,17.28804942268262,15.904597729684129
2994,1.4774554437890626,114.05850918952542,0.01780049576942522,17.57771667797221,15.884050543782008
2995,1.4774554437890626,114.05454243557847,0.017899034738362414,17.979207119748477,15.872472672869453
2996,1.4774554437890626,114.05052917593197,0.01810888065888252,18.53606898776909,15.813419387327476
2997,1.4774554437890626,114.04642413734527,0.018523011320806897,19.19235658909071,15.716567549203953
2998,1.5513282159785158,114.04186963406171,0.01957248950347606,19.735446577063033,15.76811406693365
2999,1.6288946267774416,114.03672901312677,0.021039302155968345,20.090434073305637,15.904559603715153
3000,1.7103393581163138,114.03092359003041,0.02262873765864979,20.238385296897434,16.152591055483402
3001,1.7958563260221296,114.02434582459222,0.024418306160040613,20.236501158117587,16.401823034840366
3002,1.8856491423232362,114.01701637665968,0.02591308484707301,20.16091653190295,16.7937167094553
3003,1.979931599439398,114.00903650013142,0.026869199355244885,20.043266936884137,17.200977312115192
3004,1.979931599439398,114.0009624269175,0.02718637086995537,20.032850412520492,17.45120141729959
3005,1.979931599439398,113.99302666462796,0.026720661433533306,20.093315164723826,17.668406665838145
3006,1.979931599439398,113.9854106117839,0.02564416146572231,20.182834036032027,17.815923030584464
3007,1.979931599439398,113.9782082260974,0.024251294635723574,20.264414260056025,17.895797818772376
3008,1.979931599439398,113.9714389853901,0.022792843649117028,20.313855829704146,17.914242853801248
3009,1.979931599439398,113.96504997169293,0.021512573797914214,20.33101910467569,17.878597901107756
3010,1.979931599439398,113.95894046582305,0.020571437490153065,20.32380428799599,17.798267682993327
3011,1.979931599439398,113.95298521286051,0.020052049489102726,20.2987163732711,17.68662893542854
3012,1.979931599439398,113.94705633377203,0.019963245498657557,20.257922565653946,17.561623827224427
3013,1.979931599439398,113.94105288158491,0.020214342046833422,20.1933173925203,17.443750248894208
3014,1.979931599439398,113.93484794383598,0.020892768048866334,20.095219722296033,17.351169015362263
3015,1.979931599439398,113.92845270452482,0.021533536185301332,20.00231205650444,17.29511616087571
3016,1.979931599439398,113.92190715436365,0.022039650807472614,19.867718664002684,17.27964530540882
3017,1.979931599439398,113.91526908695438,0.022351167455102763,19.682495615949165,17.297523281524647
3018,1.979931599439398,113.9086104419019,0.022420454842570887,19.457561839315538,17.33679728647574
3019,1.979931599439398,113.90200616730912,0.022237382997292974,19.203158306223596,17.384561574644643
3020,1.979931599439398,113.89553312147122,0.021795520073252146,18.927922820312748,17.430236955324318
3021,1.979931599439398,113.88924729806043,0.021165119753163233,18.636085032396785,17.467040302559866
3022,1.979931599439398,113.88317752752845,0.02043764385166587,18.33280059051524,17.484550663258492
3023,1.979931599439398,113.8772674350161,0.01989998884809465,18.03252717416991,17.432333998109108
3024,1.979931599439398,113.8715207868036,0.01934965232852526,17.745615745157277,17.42394179002417
3025,1.979931599439398,113.86589811141675,0.018932220986528157,17.465336823918,17.365776844138086
3026,1.979931599439398,113.86027587133847,0.018930755250658907,17.21326850135293,17.30839458937799
3027,1.979931599439398,113.85468758003117,0.018816445675425758,16.985179877424944,17.27386618352117
3028,1.979931599439398,113.84914062430099,0.018677263840032095,16.775343295710787,17.240744016208502
3029,1.979931599439398,113.84362590501495,0.018568719874197764,16.578231331293857,17.211660457948728
3030,1.979931599439398,113.83814432940864,0.018457121137868703,16.39013676330183,17.188955776039233
3031,1.979931599439398,113.83267783747128,0.018406332619142183,16.208003080105858,17.15810011719446
3032,1.979931599439398,113.827174151182,0.01853157045380297,16.04935573760359,17.09686293620751
3033,1.979931599439398,113.82164847720249,0.018605605638337647,15.919300127290807,17.08657097312528
3034,1.979931599439398,113.81612394446736,0.018601762931809377,15.811123825089613,17.081871441279006
3035,1.979931599439398,113.8106181562911,0.01853864775873026,15.718998130532333,17.08020548225807
3036,1.979931599439398,113.8051520446508,0.01840505211344815,15.637913372892921,17.079601305903072
3037,1.979931599439398,113.79974099197445,0.018219661991899748,15.56312801970077,17.07866505024141
3038,1.979931599439398,113.79440861736782,0.017954743514512157,15.4799774390705,17.07796348132304
3039,1.979931599439398,113.78918006533078,0.017605160496549466,15.38186473314881,17.082574234310794
3040,1.979931599439398,113.784068609062,0.017210885029971538,15.279877856721036,17.08690719387242
3041,1.979931599439398,113.77908274399267,0.016788004429923474,15.183058789148424,17.08534068091643
3042,1.979931599439398,113.77422151547012,0.016368338259531375,15.092908630425137,17.076499672452933
3043,1.979931599439398,113.76947453355386,0.015983656262304833,15.002424619633903,17.063245591260465
3044,1.979931599439398,113.76482876684882,0.0156428525320651,14.904276433575998,17.05036921749976
3045,1.979931599439398,113.76027609417429,0.015329393789284456,14.788737113201272,17.041731999692345
3046,1.979931599439398,113.75580752076783,0.01504622148805787,14.652424252111267,17.038508812687486
3047,1.979931599439398,113.75141936708145,0.014775438665315043,14.49585871521252,17.03932338727157
3048,1.979931599439398,113.74710736249371,0.014519035536271731,14.323096154742787,17.041508219112117
3049,1.979931599439398,113.74287432125307,0.014253156495639333,14.136325464339683,17.042865501725316
3050,1.8856491423232362,113.73903012271872,0.01359107039269796,14.026567381584838,16.89981110651444
3051,1.7958563260221296,113.73564979924284,0.012548603979416918,13.96913709385661,16.709199960249467
3052,1.7958563260221296,113.7325077344018,0.01166412849223841,13.863194839052799,16.607556614454378
3053,1.7958563260221296,113.72953525065739,0.011034601158566599,13.71212224479708,16.49707653060616
3054,1.7103393581163138,113.72689789893444,0.010280032869835982,13.616938931311854,16.246053086645215
3055,1.7103393581163138,113.72436687837074,0.009865568692257989,13.47017987031071,16.1115778493565
3056,1.7103393581163138,113.72187552055698,0.009780004994501034,13.28641978229003,15.986043096723373
3057,1.6288946267774416,113.71960779218882,0.009497634581662022,13.166223532723798,15.732901567620173
3058,1.6288946267774416,113.71736619824772,0.00945826898679558,13.006083455683116,15.616313970200157
3059,1.5513282159785158,113.7153418561329,0.009108137891860007,12.899190437275584,15.377185779005895
3060,1.5513282159785158,113.71327804968315,0.00942066527525637,12.770843288428793,15.156884461983472
3061,1.5513282159785158,113.71109339958315,0.010047654866167812,12.70582046782903,15.043182633406213
3062,1.5513282159785158,113.70876429765552,0.010764862039736912,12.697792281945524,14.969337301047984
3063,1.5513282159785158,113.70627984683077,0.011519241337822292,12.73549218559811,14.922070097687179
3064,1.5513282159785158,113.70364305790426,0.012244119574104909,12.810759252224559,14.899453937064663
3065,1.5513282159785158,113.70087910196357,0.012836094807848121,12.916120808391668,14.897752246946814
3066,1.5513282159785158,113.69801371715681,0.01329456416848696,13.043266678082867,14.911845560876577
3067,1.5513282159785158,113.69509195929243,0.013534040123339154,13.184488695400907,14.936172129833194
3068,1.5513282159785158,113.6921505125389,0.013599082948131544,13.332540646052815,14.964903348392138
3069,1.5513282159785158,113.68922498380122,0.0135001568998523,13.481716519285566,14.992984794927418
3070,1.5513282159785158,113.68634591818312,0.013265083400901092,13.627488112153769,15.016341149567667
3071,1.5513282159785158,113.68353385626612,0.012942687429030089,13.766596194857366,15.032214488258168
3072,1.5513282159785158,113.68079988678274,0.012577204185710834,13.896352039373054,15.039455015012134
3073,1.5513282159785158,113.67814592938157,0.012210055994801077,14.015049345358365,15.038303312354367
3074,1.5513282159785158,113.67556395241198,0.011885286013998965,14.121224155007399,15.03021783093925
3075,1.5513282159785158,113.67301163147329,0.011822915662668443,14.224653448700849,14.935963363536668
3076,1.5513282159785158,113.67042687182794,0.012020058900198569,14.38617294736753,14.877710948035807
3077,1.5513282159785158,113.66779660235495,0.012253315923809991,14.59722887120621,14.851460398137682
3078,1.5513282159785158,113.66511655967548,0.01249632665703917,14.838222834649235,14.82942752080391
3079,1.5513282159785158,113.66233558092388,0.01274664394357045,15.094695752063059,14.811983381484346
3080,1.5513282159785158,113.65945557831704,0.012978589694886623,15.35281178919274,14.799260196387571
3081,1.5513282159785158,113.656485810519,0.013169088455166822,15.602325243884843,14.791107391874574
3082,1.5513282159785158,113.65343932176475,0.013310946524069027,15.834822099771944,14.787003038934952
3083,1.5513282159785158,113.650335853869,0.013383884769189672,16.043075088932138,14.78613503040063
3084,1.5513282159785158,113.64720263449199,0.01346467431248119,16.22828526090752,14.745487033632315
3085,1.5513282159785158,113.64400289733882,0.013750527323170402,16.423465116319278,14.686058815462623
3086,1.5513282159785158,113.64068413398107,0.014262029674965681,16.64865810383899,14.546709076011336
3087,1.5513282159785158,113.6371665283403,0.01511653306518627,16.973809678070708,14.416270955349171
3088,1.5513282159785158,113.63347823742664,0.015850034723668652,17.393309316063583,14.3830879305584
3089,1.6288946267774416,113.62935387423802,0.016880008159458983,17.754131757532438,14.491606865592535
3090,1.7103393581163138,113.62471119337108,0.018096528991414434,18.054696576088922,14.644804224324941
3091,1.7958563260221296,113.61949331684973,0.019370059270139035,18.288830701643057,14.849292763194331
3092,1.8856491423232362,113.61370280374908,0.020472218189750375,18.423511597534244,15.107598104312068
3093,1.979931599439398,113.60737745658201,0.02129820097106884,18.452723528655085,15.416452118709016
3094,1.979931599439398,113.60098089896898,0.02153797506561899,18.496547872572457,15.634986696570696
3095,1.979931599439398,113.59469172740772,0.021176393376544943,18.524602094617,15.835412522400592
3096,1.979931599439398,113.58865668762996,0.02032070124530853,18.523949856879085,15.996297804999694
3097,1.979931599439398,113.5829736341769,0.019135521162045244,18.49072361184514,16.10306569668684
3098,1.979931599439398,113.57768267474506,0.017815293664105464,18.424264378960846,16.150474696134225
3099,1.979931599439398,113.57276675871738,0.016552477634645416,18.324266166836672,16.142627877532
3100,1.979931599439398,113.56816720974818,0.015487231883827945,18.190405749399112,16.090992375554467
3101,1.979931599439398,113.56379597198519,0.01471848072679261,18.022771815824846,16.01126770029304
3102,1.979931599439398,113.55956184715647,0.014256805066402478,17.82266781962616,15.92024721687573
3103,1.979931599439398,113.55537761300222,0.014088817194271306,17.590139654212496,15.833021024026962
3104,1.979931599439398,113.55117317886356,0.014156832959459702,17.316583314796112,15.761337892942118
3105,1.979931599439398,113.54684144228207,0.014585475520919862,17.011226885171027,15.634167935081557
3106,1.979931599439398,113.54238101598688,0.015018789189236298,16.68654305442461,15.600912557612055
3107,1.979931599439398,113.53768237560374,0.01536008207219736,16.34897154133028,15.59317551387326
3108,1.979931599439398,113.53281746235002,0.015540310606374714,15.996206762490779,15.606190652801418
3109,1.979931599439398,113.52792583251478,0.015522357256074553,15.629267256629344,15.633646543493454
3110,1.979931599439398,113.52309473083498,0.015297226241744255,15.251671481317189,15.667433743153824
3111,1.979931599439398,113.51837612284,0.014910404190896188,14.866985305737476,15.699609896519656
3112,1.979931599439398,113.5138183928111,0.01437851364267695,14.478578377085391,15.725301517256023
3113,1.979931599439398,113.50945137369915,0.01376341990094024,14.089347239136897,15.740666273297343
3114,1.979931599439398,113.50529315510565,0.01310161078784328,13.689573064608723,15.745157195293153
3115,1.979931599439398,113.50134759209145,0.012435813492880657,13.271601935920554,15.739798282466598
3116,1.979931599439398,113.49760657495206,0.011801124646526655,12.841198827614086,15.726449288052601
3117,1.8856491423232362,113.4943486298669,0.010896558543940296,12.485959927330384,15.574283670905205
3118,1.7958563260221296,113.49161237887533,0.009731738690600702,12.192826592413459,15.378304979144188
3119,1.7103393581163138,113.48940624512746,0.008371733939116962,11.955440985748005,15.133824600431232
3120,1.6288946267774416,113.48769496643516,0.006952003208763379,11.772640817501586,14.843364546687322
3121,1.5513282159785158,113.48637605465125,0.00558641053402644,11.647211669423585,14.51297842513201
3122,1.4774554437890626,113.48538064010968,0.004409057412788838,11.576166977306656,14.1476383721554
3123,1.40710042265625,113.48416851235378,0.005860392845537355,12.494864080165414,15.776941405357563
3124,1.340095640625,113.4828844443447,0.006530303092626571,13.656778678823098,15.290014873504823
3125,1.340095640625,113.48145763742627,0.00720646634997409,14.154168405755357,15.395580321830508
3126,1.340095640625,113.47987798170483,0.008016103972690954,13.972453913231151,15.782999704473003
3127,1.340095640625,113.47794034532853,0.009639293980239709,13.444095999225413,16.444478796797107
3128,1.2762815625,113.47577344955661,0.011318796915392108,12.90214390110232,16.930915687773993
3129,1.2155062499999998,113.4734442356275,0.012775000425574766,12.606860198025107,17.2610345620274
3130,1.1576249999999997,113.47105028931385,0.013786538897118976,12.636803787123533,17.41877723951924
3131,1.1024999999999996,113.46870145947865,0.01420305266958799,12.879320453274213,17.433331178467014
3132,1.0499999999999996,113.4664919370637,0.014028713745522855,13.150169340778234,17.353435911035383
3133,0.9999999999999996,113.46450005607787,0.013279206572307897,13.31757623966625,17.22739320012774
3134,0.9523809523809519,113.46276510775269,0.012144638276162844,13.350542737860799,17.0921256005259
3135,0.9070294784580494,113.46123628885242,0.011236818917063612,13.365515821052824,16.90094331005878
3136,0.8638375985314756,113.45988089366092,0.010460262390249418,13.582162876497573,16.7894731385455
3137,0.8227024747918814,113.45866699668906,0.0098366623746754,14.042883218604484,16.72177993220642
3138,0.8227024747918814,113.45736517242533,0.01054917019285602,14.648204208978427,16.86461828845777
3139,0.8227024747918814,113.45583239252029,0.012420690362848437,15.373799887495629,17.091070561429664
3140,0.8227024747918814,113.45390868279581,0.01558854128856964,16.23871559323728,17.350303146087843
3141,0.8227024747918814,113.45146283485408,0.019819623065045082,17.36807034555995,17.622476472297855
3142,0.8227024747918814,113.44857758850824,0.023380233107631987,18.806559079182502,17.838145424370047
3143,0.8227024747918814,113.44542223610758,0.025569003759772398,20.422780166309167,18.079387775276548
3144,0.8227024747918814,113.44215032756179,0.02651350191211868,22.111140623704888,18.27773126618416
3145,0.8638375985314756,113.43861835474237,0.02725800023401646,23.695820937042487,18.56760657882068
3146,0.9070294784580494,113.43481676764803,0.027941665143410985,25.113847002564352,18.836022723896154
3147,0.9523809523809519,113.43072837453492,0.02861875179172056,26.334337561323828,19.09064610582061
3148,0.9999999999999996,113.4263330383525,0.02930224121623889,27.34145964882399,19.34364226870582
3149,1.0499999999999996,113.42158928283186,0.030119082670722185,28.139434367703014,19.57420908024422
3150,1.1024999999999996,113.41654750510563,0.030486940143514947,28.790075845260013,19.681765760485156
3151,1.1576249999999997,113.41131101254683,0.03015652771128718,29.280191513994343,19.78850103044101
3152,1.2155062499999998,113.4059613723681,0.029341081428638147,29.603760489351593,19.866741308151862
3153,1.2762815625,113.4005500576682,0.028266044415624553,29.76434907062928,19.911517190898888
3154,1.340095640625,113.39509476751076,0.027138810057633852,29.740333811676066,19.921697223586936
3155,1.40710042265625,113.3895798051786,0.02612920510563692,29.53049563221354,19.900726967796324
3156,1.4774554437890626,113.38396736130012,0.025324819560693258,29.154043976749428,19.855329285494797
3157,1.5513282159785158,113.3782054158099,0.024761342918385883,28.622496888815647,19.795511253556278
3158,1.6288946267774416,113.37206593471741,0.024395526294767697,27.952050068285242,19.73226238183864
3159,1.7103393581163138,113.36548148576323,0.024191981233253224,27.16877963654369,19.674026768422888
3160,1.7958563260221296,113.35832020490909,0.024328547701762834,26.30876847821316,19.56287786961501
3161,1.8856491423232362,113.35055423524544,0.024394652945682813,25.384266972811563,19.532612022234666
3162,1.979931599439398,113.34220949952936,0.024237343465408696,24.3973808970865,19.518794587576235
3163,2.078928179411368,113.33324191192906,0.024083607152555944,23.30372096740916,19.68134518534744
3164,2.078928179411368,113.3241477771011,0.023712102883506878,22.249226418368842,19.739002636930277
3165,2.078928179411368,113.31503570084818,0.023066877150193003,21.224655447296186,19.81489633031958
3166,2.078928179411368,113.30602117665339,0.022155269705663963,20.232115710350612,19.892162853522063
3167,2.078928179411368,113.29745702079047,0.021048385787500283,19.27736332592467,19.954405802242757
3168,2.078928179411368,113.28936977825407,0.019876261430726256,18.369928322575245,19.987123083402626
3169,2.078928179411368,113.28179469081734,0.01861752229808885,17.473328138170267,19.999076884221587
3170,2.078928179411368,113.27472702741971,0.01737041083687186,16.611038197603023,20.000349805128145
3171,1.9799315994393978,113.2685240877219,0.01600741081323639,15.90695821858516,19.812347045664797
3172,1.885649142323236,113.26314041986657,0.014587843281076493,15.362465286034299,19.53756060043439
3173,1.7958563260221294,113.25848795445292,0.013236869371652324,14.948338266710019,19.183575228339564
3174,1.7103393581163135,113.25434270350068,0.012022783644854703,14.613591455537694,18.776590518832588
3175,1.6288946267774413,113.25059649714628,0.011076383262065233,14.30969544520863,18.338123176851756
3176,1.5513282159785156,113.24713778100181,0.010424933035011701,14.016298397309198,17.887894296052888
3177,1.4774554437890624,113.24386955578504,0.010042050563339603,13.748914359081555,17.4374574348466
3178,1.4071004226562498,113.24070892950482,0.009900010346277237,13.540011786056088,16.991422979752436
3179,1.3400956406249998,113.23759965679082,0.009928265708310728,13.401101744646281,16.557009211319944
3180,1.2762815624999997,113.23451982451782,0.01002521547639158,13.3095913140739,16.14642415149697
3181,1.2155062499999996,113.2315397439288,0.010096917236896255,13.248269600848559,15.767957311988784
3182,1.2155062499999996,113.22844517146756,0.010604207701458673,13.132822919727623,15.590450121156744
3183,1.2155062499999996,113.22501763488617,0.01188610773999527,13.027727583754013,15.405601488429264
3184,1.2155062499999996,113.22120162823573,0.01326356961525824,13.064399836876163,15.370391338555125
3185,1.2155062499999996,113.21705911966346,0.01436440439339728,13.231737311321027,15.406784783761825
3186,1.2155062499999996,113.21243967968816,0.015778561456806926,13.475951203164122,15.640770581169226
3187,1.2155062499999996,113.20725166648504,0.017381154504126545,13.832685384416067,15.946253939672696
3188,1.2155062499999996,113.20180233926419,0.01808263065923909,14.280744421023696,16.182378450471433
3189,1.2155062499999996,113.19639878585606,0.01793073834011803,14.769202801844504,16.40838010869309
3190,1.2155062499999996,113.19112690172021,0.017493817097472192,15.320889923305563,16.51695262169056
3191,1.2155062499999996,113.18611117111419,0.016643816816083224,15.789632793533634,16.591472481118153
3192,1.2155062499999996,113.18142525697913,0.015549379064775298,16.157052237938323,16.63695151814181
3193,1.2155062499999996,113.17700135807402,0.014679927765789181,16.651052726308368,16.597008149465218
3194,1.2155062499999996,113.17333070619661,0.014329894636718125,17.33399971108972,16.450821972562046
3195,1.2155062499999996,113.17016968548563,0.014518047553454849,18.09435768716057,16.274872899490656
3196,1.2155062499999996,113.16737264225647,0.015113363436752989,18.795113953579715,16.142154526298523
3197,1.2155062499999996,113.16444784912852,0.016041563630703276,19.382278038207193,16.050582651672105
3198,1.2762815624999997,113.16104665504776,0.017766163730062384,19.81313113836612,16.16081806026362
3199,1.3400956406249998,113.15707450174591,0.019760546344251256,20.146814406441553,16.384155522908685
3200,1.4071004226562498,113.15248363487368,0.02175095583476821,20.428670677888196,16.675490241826054
3201,1.4774554437890624,113.14722346875112,0.023735249883762757,20.703494438251266,16.97482461143502
3202,1.5513282159785156,113.14135841316339,0.02520444750639701,20.958610348034295,17.358446555803713
3203,1.6288946267774413,113.13498464354767,0.026086277613959395,21.140207083141373,17.772768511544538
3204,1.6288946267774413,113.12858734332038,0.02618258264276913,21.316751848961385,18.05837789418043
3205,1.6288946267774413,113.12233320633861,0.025596650550520513,21.46371670799315,18.294183312085217
3206,1.6288946267774413,113.11634426659236,0.024511263232481127,21.5812832843098,18.458717335332466
3207,1.6288946267774413,113.11068081648551,0.023179113875714287,21.67890289468091,18.538346909911592
3208,1.6288946267774413,113.10525270490493,0.022215930940172494,21.78750637060432,18.41067607676499
3209,1.6288946267774413,113.10001445527693,0.021438872479861756,21.937530614475257,18.31423135621083
3210,1.6288946267774413,113.0948981785171,0.020939667410884176,22.1085563759048,18.174587748243056
3211,1.7103393581163135,113.08949647556797,0.021055092267641583,22.15022152850274,18.160874695737366
3212,1.7958563260221292,113.08365403391696,0.021688600832123563,22.07290924076086,18.19802543690268
3213,1.8856491423232358,113.07731642164377,0.022406474003825692,21.940180448401808,18.16816059521938
3214,1.9799315994393976,113.07047895360195,0.023022573250501468,21.75612292525856,18.185594529395512
3215,1.9799315994393976,113.06354106263987,0.023360709242081255,21.647047328422445,18.096313393124948
3216,1.9799315994393976,113.0565987303226,0.02337566381660662,21.54760243750923,17.936729414589212
3217,2.0789281794113674,113.04931375308418,0.023361324072616697,21.374342480304012,17.853561410146483
3218,2.0789281794113674,113.04207038264263,0.02322790020123882,21.197662684469716,17.813378018459904
3219,2.0789281794113674,113.03488575905183,0.023039511936759006,21.013465737805525,17.759718731148894
3220,2.0789281794113674,113.02777050263883,0.022817066613020073,20.818468300057294,17.698004175294418
3221,2.0789281794113674,113.02072651538522,0.022588522051598916,20.610044935318605,17.635940571248263
3222,2.0789281794113674,113.01368069634053,0.022594396203625283,20.396130634087374,17.486173890667743
3223,2.0789281794113674,113.00661383666419,0.022661868894139285,20.20111370565495,17.420573737764684
3224,2.0789281794113674,112.99953178780986,0.022710577256362066,20.019225457485618,17.380921337016506
3225,2.0789281794113674,112.9924438627505,0.022729420956946158,19.840948687852098,17.357959112867228
3226,2.0789281794113674,112.98536152470518,0.022711504628304978,19.66050873121717,17.34978318838624
3227,2.0789281794113674,112.97829943522314,0.022646571927471885,19.475913524166163,17.35323922189129
3228,2.0789281794113674,112.97128021919318,0.02250908617076127,19.285507829392127,17.36439278137506
3229,2.0789281794113674,112.9643216637946,0.022314560831470587,19.087913312872498,17.378946038492057
3230,2.0789281794113674,112.95745773321701,0.022011119786176123,18.843245621125284,17.394580612339844
3231,2.0789281794113674,112.9506057328218,0.021332876027373535,18.32417205811677,17.51405235267779
3232,2.0789281794113674,112.94385390001747,0.020408753714315647,17.6998697763983,17.706499772446215
3233,2.0789281794113674,112.93743972292825,0.01938812234968342,17.171806886912307,17.835931392074055
3234,2.0789281794113674,112.931395497598,0.018269869786964637,16.794181726312104,17.82924363038304
3235,2.0789281794113674,112.92574548130497,0.01707829479024592,16.489999733722478,17.754458007222105
3236,2.0789281794113674,112.92045796966421,0.01598255258470576,16.212950697269186,17.65481415675168
3237,2.0789281794113674,112.91547048788132,0.015075652835446382,15.907645377759524,17.56737673986869
3238,2.0789281794113674,112.91070963593832,0.014390619198041795,15.543110988612002,17.51564397554158
3239,2.0789281794113674,112.90611552818402,0.0138866018178384,15.124751957779587,17.499657281125607
3240,2.0789281794113674,112.90163196101946,0.013552470962365348,14.68474802957328,17.501710801300916
3241,2.0789281794113674,112.89724012300988,0.013275201399167122,14.260194622963057,17.500991329158015
3242,1.9799315994393976,112.89319878684002,0.012826527078701863,13.945269263548097,17.338235533684784
3243,1.8856491423232358,112.8895643292818,0.012111920326407658,13.72279505852564,17.11428235932201
3244,1.7958563260221292,112.88636936205282,0.011179673251962246,13.557826613921145,16.832892195152965
3245,1.7103393581163135,112.88362136622523,0.010096435396888736,13.414006082589616,16.504893956010477
3246,1.6288946267774413,112.88122580463799,0.008972457640857575,13.267152956707397,16.141587787498953
3247,1.5513282159785156,112.87919428962859,0.007930477406944981,13.110515086855417,15.746873992583343
3248,1.4774554437890624,112.87746434323493,0.007070412162881803,12.960279800631982,15.332523460411082
3249,1.4774554437890624,112.87581273294751,0.006872067553522992,12.76244749678907,15.060725142100996
3250,1.4774554437890624,112.87397627907812,0.007668857499412319,12.504446583081592,15.006350265435742
3251,1.4071004226562498,112.87196495240049,0.008874531580816263,12.302377501845823,14.912559768017521
3252,1.3400956406249998,112.86961731036367,0.011348486127652654,12.650892035058718,13.87589622455064
3253,1.3400956406249998,112.86666894345495,0.014036934240466318,14.088876419782036,13.900444350707296
3254,1.3400956406249998,112.86329820109668,0.016521757033377407,16.158834160301765,14.047345007485722
3255,1.3400956406249998,112.859643520981,0.018181190480692937,18.446823736251282,14.115816386308506
3256,1.4071004226562498,112.85558457205317,0.01923079481943846,20.55319669360694,14.329512356194192
3257,1.4774554437890624,112.85123133999352,0.019642925400372668,22.19145815572246,14.585995146749887
3258,1.5513282159785156,112.8467063405247,0.019445700023158787,23.27623583862533,14.873903566980209
3259,1.6288946267774413,112.84211752609026,0.018780893328887792,23.842065905502448,15.171570363415299
3260,1.7103393581163135,112.83755677954909,0.017777160302603217,23.924689491154897,15.465851058620684
3261,1.7958563260221292,112.83309499928077,0.01656324136727153,23.567553121235942,15.750620364324439
3262,1.8856491423232358,112.8286472689591,0.015266837226581072,22.822324370662294,16.02343017490398
3263,1.9799315994393976,112.82425105871684,0.01395283820644375,21.740198191513674,16.28827460259313
3264,2.0789281794113674,112.81993647502915,0.012661829990039526,20.382360225858807,16.545537020131494
3265,2.182874588381936,112.81572785779525,0.011420115236582262,18.81429074402687,16.797164148518196
3266,2.182874588381936,112.81188352511914,0.010127792511682662,17.199932834736213,16.9002448486729
3267,2.182874588381936,112.8085404409527,0.008807266602386142,15.558692081833364,16.96427125882322
3268,2.182874588381936,112.80568235487254,0.007529552002589194,13.930559381256009,16.98299905743032
3269,2.0789281794113674,112.80346448622407,0.006135061960318231,12.407652476028145,16.82768637203737
3270,1.9799315994393976,112.80182933638852,0.004749304175743596,11.00075059482181,16.567700983929953
3271,1.8856491423232358,112.8005842734888,0.0036865132320367403,9.796909825751769,16.17793656725752
3272,1.7958563260221292,112.79970686920925,0.0026930278076127577,8.872565114042308,15.832627287295505
3273,1.7103393581163135,112.79912363647824,0.0018693915064976233,8.261109916800265,15.4556678360472
3274,1.6288946267774413,112.7987432874427,0.0012750099061768852,7.973087088670526,15.064925446522736
3275,1.5513282159785156,112.79844260700602,0.001058211425606971,7.98518466408953,14.627935168787726
3276,1.4774554437890624,112.7981003133592,0.0012633481632566734,8.318250628269107,14.219298142941115
3277,1.4071004226562498,112.79768653793403,0.0015962881871194768,8.907948964074286,13.867808740221843
3278,1.3400956406249998,112.79718522362921,0.002018554912114645,9.659116067448766,13.54490779121027
3279,1.2762815624999997,112.79668702600314,0.002146833676268282,10.070961285578909,13.289207346090366
3280,1.2155062499999996,112.79625120603227,0.0019993527669951265,10.404006820329057,13.106985572543635
3281,1.1576249999999995,112.79590784492359,0.001680231747746556,11.011616784738532,12.901979198231958
3282,1.1576249999999995,112.79554542815879,0.0017938717774433973,11.909603395230597,12.755318374618541
3283,1.1576249999999995,112.79506795237361,0.0023343073638523787,12.914206681514052,12.595799484947436
3284,1.1576249999999995,112.79447591009013,0.0031861236248391556,13.802113599914605,12.471007920083089
3285,1.1576249999999995,112.79378706352063,0.004159052828187567,14.473202311771976,12.426752021592401
3286,1.1576249999999995,112.79296361416,0.005106823459165632,14.950110211449044,12.450867222585815
3287,1.2155062499999996,112.79187459246523,0.006309659225411204,15.240515974729734,12.642774723327411
3288,1.2762815624999997,112.7904845990858,0.0075751937869234865,15.431165480492435,12.890555585446299
3289,1.2762815624999997,112.78893183147513,0.008352063307487828,15.634803599789159,13.047758226563932
3290,1.2762815624999997,112.78731045262104,0.008598410981590752,15.857913677818278,13.187669079493846
3291,1.3400956406249998,112.78556305048565,0.00873894968274157,16.014893999009747,13.42603129720059
3292,1.3400956406249998,112.78386421337471,0.008451322723754965,16.134701908916536,13.552083339944033
3293,1.3400956406249998,112.7822896367749,0.007833155346490627,16.191033126944482,13.651176024020243
3294,1.3400956406249998,112.78087401741415,0.007042379751722037,16.181532631205833,13.718051604147016
3295,1.3400956406249998,112.77961946052763,0.006241131097739898,16.122680793258713,13.747739760997096
3296,1.3400956406249998,112.77850536439449,0.005563984696459616,16.037149774157847,13.738482599370933
3297,1.3400956406249998,112.7774900398457,0.005101207199891553,15.941249825570411,13.694633117975263
3298,1.3400956406249998,112.77646494522556,0.005177010273302172,15.858984424794528,13.553950836950362
3299,1.3400956406249998,112.77537194512584,0.005534570690734755,15.817094444576584,13.466138208201606
3300,1.3400956406249998,112.77417719978119,0.006058953689842836,15.79312813609379,13.388996841304856
3301,1.3400956406249998,112.77285981139875,0.006690723331944327,15.769982182015985,13.329986134704848
3302,1.3400956406249998,112.77141477763186,0.0073546787450405856,15.736376342608475,13.294167796115314
3303,1.3400956406249998,112.76985392154994,0.007973355286396434,15.678777237715005,13.281408001333775
3304,1.3400956406249998,112.76820373247796,0.008472798989791998,15.599017620088935,13.286859128966258
3305,1.3400956406249998,112.7664954541744,0.008824917011427501,15.503810096985683,13.304122779363796
3306,1.3400956406249998,112.76476123761303,0.009020101105557721,15.398640107811923,13.327229258099518
3307,1.3400956406249998,112.76303008464012,0.009070618107493288,15.28582940606265,13.351520187751921
3308,1.3400956406249998,112.76132550983368,0.009002166402150201,15.165595700184408,13.373657464288769
3309,1.3400956406249998,112.75966230263423,0.00885816273478341,15.038106176882643,13.391307485594243
3310,1.3400956406249998,112.75804860939982,0.008671231530204418,14.904954027462706,13.4029217760035
3311,1.3400956406249998,112.75648578565965,0.00847520915419319,14.768963603688562,13.407708745137958
3312,1.3400956406249998,112.7549692292589,0.00830065971988893,14.633102034073206,13.405782698191441
3313,1.3400956406249998,112.7534911532468,0.008164744969811524,14.499218348689382,13.39822983134868
3314,1.3400956406249998,112.75204377995186,0.008068510964658751,14.3673809406186,13.386921893317583
3315,1.3400956406249998,112.75063035446813,0.00795175698247142,14.23640267605682,13.3621589859519
3316,1.3400956406249998,112.74924808011274,0.007849205819412081,14.104541688618582,13.335325722849367
3317,1.3400956406249998,112.74789612682616,0.007751025448358659,13.96988941398335,13.311188561667391
3318,1.3400956406249998,112.7465743085867,0.007654647024704017,13.83047246442821,13.290116144289508
3319,1.3400956406249998,112.74528789578098,0.007528884179322798,13.684854477994632,13.264372674393051
3320,1.3400956406249998,112.74404091720575,0.007379428282916913,13.534017088048772,13.235072142205954
3321,1.3400956406249998,112.7428366373908,0.007210115168137104,13.37752127970699,13.210375298653739
3322,1.3400956406249998,112.74167797676975,0.007021198484866274,13.217077656776164,13.188930854161272
3323,1.3400956406249998,112.74054866589395,0.006867624614511966,13.055095953564498,13.170352753347704
3324,1.3400956406249998,112.73944582086312,0.00671465910999781,12.876083024294726,13.15470055472884
3325,1.3400956406249998,112.73836164847715,0.00660734460453851,12.695058765930616,13.142011071609081
3326,1.3400956406249998,112.73729498476878,0.006505408014237387,12.495879557713959,13.132379481653718
3327,1.3400956406249998,112.73624143684343,0.006428760933706575,12.28245365571731,13.125548630483253
3328,1.3400956406249998,112.73517707525163,0.006521770161987561,12.067627586352318,13.071160579334904
3329,1.3400956406249998,112.7340752251338,0.006767488013870112,11.909814427504617,13.040236632187012
3330,1.3400956406249998,112.73294099082933,0.006970882547088763,11.80859725464475,13.03183156147401
3331,1.3400956406249998,112.73178237716014,0.007123888603701032,11.752999984050726,13.02602697781247
3332,1.3400956406249998,112.73060327665807,0.007252065738869362,11.73344836907839,13.02205535557468
3333,1.3400956406249998,112.72940882719486,0.0073479757873363815,11.741797979159445,13.019386148725625
3334,1.3400956406249998,112.7282067456311,0.007395965647388279,11.771190334805684,13.017557248589133
3335,1.3400956406249998,112.72700079628794,0.007420551490531481,11.81572733381456,13.01617345635434
3336,1.3400956406249998,112.72580095393133,0.0073900462848442905,11.87080919098807,13.003715998772194
3337,1.3400956406249998,112.72461474301895,0.0073150418029317285,11.933340899662477,12.987798668857495
3338,1.3400956406249998,112.72344512707704,0.007221266317969071,12.000290652451616,12.972400918489804
3339,1.3400956406249998,112.72229369497589,0.0071175681495368,12.067985140127533,12.956781771659797
3340,1.3400956406249998,112.72115826921532,0.007027070657611942,12.132556324856177,12.941209503564977
3341,1.3400956406249998,112.72003437386164,0.006963678839416312,12.190861402467759,12.926399899320872
3342,1.3400956406249998,112.71891790962978,0.006924760319201301,12.24094178894156,12.913099967258798
3343,1.3400956406249998,112.7178318425015,0.006742073417963646,12.281392623797462,12.90189897245935
3344,1.3400956406249998,112.71675263071359,0.006704193415590116,12.312736256880958,12.892899291192213
3345,1.3400956406249998,112.7156689579409,0.006735358073446484,12.334616428331017,12.886290506800263
3346,1.3400956406249998,112.71457586376484,0.006796130764471877,12.346670822715488,12.882089109664182
3347,1.3400956406249998,112.71347482044429,0.006846599747969566,12.348403871637412,12.880120081430258
3348,1.3400956406249998,112.7123695717518,0.006872788862507662,12.33919542545352,12.88004714536889
3349,1.3400956406249998,112.71126572339256,0.006863334094171295,12.31850009749163,12.881449092596375
3350,1.3400956406249998,112.7101695129349,0.006814577439932417,12.285955333746328,12.883843915572731
3351,1.3400956406249998,112.70908290077035,0.006753393305765304,12.24139952443062,12.88673698431768
3352,1.3400956406249998,112.70801175540008,0.006655719267673809,12.185066352537765,12.889731314749152
3353,1.3400956406249998,112.70695813516052,0.006545457058944434,12.116966285406166,12.892423755366671
3354,1.3400956406249998,112.70592426748954,0.00642166758854863,12.038067568530538,12.89459123467552
3355,1.3400956406249998,112.70491197432922,0.0062869277348683444,11.94647411313672,12.896096647732586
3356,1.3400956406249998,112.70392236576025,0.0061456518067929625,11.83866368421564,12.896918085491826
3357,1.3400956406249998,112.70298297344452,0.0058336816727301705,11.70905336561057,12.897178814358593
3358,1.3400956406249998,112.70207483742792,0.005639755314921145,11.56143938430693,12.896773810292958
3359,1.3400956406249998,112.70118799981876,0.005507832084580263,11.398760746603907,12.89596530330166
3360,1.3400956406249998,112.70032028139536,0.005389476174513755,11.22345869946614,12.895040404200007
3361,1.3400956406249998,112.69946750895639,0.005297010005158438,11.037261551724276,12.894152658281564
3362,1.3400956406249998,112.69862981775677,0.005203607891144774,10.841673177135354,12.893470605333231
3363,1.3400956406249998,112.69780641570489,0.005115015724035131,10.637886602537643,12.893042579246384
3364,1.2762815624999997,112.69702119045246,0.005520794746452198,10.786871044289462,11.612752662435962
3365,1.2762815624999997,112.69600595114049,0.006917904941356016,12.341660066554539,10.97678346400471
3366,1.2762815624999997,112.69455986398478,0.008248685569696334,14.743122149691395,10.753695007416743
3367,1.3400956406249998,112.69258606353104,0.009819201922933197,17.244802690400867,10.64189563606823
3368,1.4071004226562498,112.69014500605977,0.011565426470773587,19.5681432633875,10.555970050708906
3369,1.4774554437890624,112.68720678233153,0.013258036491514365,21.43433704118945,10.527658485034411
3370,1.5513282159785156,112.6837801616786,0.014725534835779383,22.747914369712923,10.574449212609526
3371,1.6288946267774413,112.67991266923786,0.015828699115542022,23.536483281478574,10.688825676080677
3372,1.7103393581163135,112.67574071974042,0.01626168310843627,23.86813518721204,10.770739490898212
3373,1.7958563260221292,112.67138034290436,0.01618680653117068,23.77872482115197,10.813800667556729
3374,1.8856491423232358,112.66692680173105,0.01574538646791633,23.336755437968694,10.869857846078908
3375,1.9799315994393976,112.66236726408157,0.014905348525715982,22.597263055742125,10.953630281068033
3376,2.0789281794113674,112.65779412506312,0.013823219655232559,21.611335714867817,11.015456145310388
3377,2.182874588381936,112.65326193238377,0.012667083887568155,20.435169764842563,11.045665648393076
3378,2.292018317801033,112.64878665652112,0.011565424263711222,19.12516639766372,11.041908044004357
3379,2.4066192336910848,112.64435667814355,0.010585633183715417,17.735425839990057,11.008860802547929
3380,2.526950195375639,112.63985470511518,0.00994698811811343,16.265998742620422,11.058752031528575
3381,2.6532977051444213,112.63555566525437,0.009565704663922227,14.782033732624145,11.129054595406725
3382,2.7859625904016423,112.63143887756253,0.009373994120396389,13.356324288744748,11.23179994606618
3383,2.7859625904016423,112.62768864215363,0.009157009150225904,12.092631494582138,11.238383843606783
3384,2.7859625904016423,112.62421541000361,0.008835917722748476,11.007155225829605,11.268363838155071
3385,2.7859625904016423,112.62090033269182,0.008402291859301652,10.108899458781215,11.31031264852985
3386,2.7859625904016423,112.61779347177362,0.007842550131186874,9.397374112287304,11.356466407546515
3387,2.6532977051444213,112.61511872698821,0.007196852322528891,8.907136783631087,11.186848830257885
3388,2.526950195375639,112.6128780470834,0.006403750758595944,8.646297031834123,11.058665176220702
3389,2.4066192336910848,112.61108480607416,0.005458787115058921,8.585467616538836,10.90157165118625
3390,2.292018317801033,112.60963817686772,0.004622324214565035,8.694732566813911,10.587550833223158
