iter,rho,price_mean,imb_mean,primal_res,dual_res
1,1.0,116.67330999826711,-0.2521134382619659,31.15845026584176,Inf
2,1.0,117.06845307787678,-0.39514307960965894,26.907890664387118,38.79309394730424
3,0.9523809523809523,117.5467198020926,-0.5021800604266455,34.56755959969798,35.93877582525551
4,0.9523809523809523,118.03354276929592,-0.6013695477217408,39.11010453223729,22.49136332595122
5,1.0,118.52467459912926,-0.6797672385236203,44.18596722957975,16.34104791360625
6,1.05,118.99465497447373,-0.7288424302397232,48.69496153439597,15.708511993467267
7,1.1025,119.43071373470899,-0.7576885331798912,51.296373691262694,15.710469595173429
8,1.1576250000000001,119.89713643049986,-0.7718556270783391,52.12604990532693,15.008087228870034
9,1.2155062500000002,120.39916733048996,-0.7681752756677298,50.93654142207368,13.84719651943125
10,1.2762815625000004,120.94139205941678,-0.7671542099702158,49.78752864996253,13.321000420164273
11,1.3400956406250004,121.51907131722841,-0.7557246752102142,47.9721415682045,13.538765395690154
12,1.4071004226562505,122.12658494027274,-0.7348629061470411,45.637870484115375,14.615247533504197
13,1.477455443789063,122.75832102338609,-0.7065769478507712,42.97559497094264,15.97908320329912
14,1.5513282159785162,123.40937241070353,-0.673306064124279,40.25787398394719,17.28845435246108
15,1.628894626777442,124.07255860634044,-0.6341707560155769,37.54671305428605,18.549670000950453
16,1.7103393581163142,124.7426694252613,-0.5925033898608957,34.734242563694885,20.023661414880234
17,1.79585632602213,125.42349030731788,-0.55660942237267,32.705853558305904,22.1755490113788
18,1.8856491423232367,126.12147039242345,-0.5276357258063368,31.658343315349647,23.167869213106712
19,1.9799315994393987,126.84075073357268,-0.502762444361968,30.843406391376817,23.630560703185736
20,2.0789281794113688,127.49376818155787,-0.5114241110762798,31.490574203901694,24.44273983946463
21,2.1828745883819374,128.15418542399854,-0.49258991718514283,31.109061785530116,24.987911622617904
22,2.2920183178010345,128.8239415576931,-0.46190992118340785,30.2298741106749,26.20990901003977
23,2.2920183178010345,129.48109819713923,-0.44001984745208506,29.454712151784765,26.98275461904408
24,2.2920183178010345,130.1310585171634,-0.4352013259852184,29.146271281093316,27.33308316668785
25,2.2920183178010345,130.78053720132579,-0.434878831581707,29.019879168185394,27.0451383431416
26,2.2920183178010345,131.42385785326817,-0.4307555278891556,28.826682411072625,26.539102585790125
27,2.2920183178010345,132.05282534791922,-0.42114492106767754,28.524074469915785,26.282286728562205
28,2.2920183178010345,132.68220986048706,-0.4091496587365115,27.496171346995595,27.23128285549805
29,2.2920183178010345,133.22698500503762,-0.41664339390803823,28.069165774307994,28.227249790860544
30,2.2920183178010345,133.75797067933243,-0.4060972231713104,28.739890650988514,28.575084765056353
31,2.2920183178010345,134.20203372480643,-0.3995516449766186,30.084764279798755,30.6784788665322
32,2.2920183178010345,134.63094499279924,-0.38591863119932807,30.516051307934656,30.851358929876977
33,2.2920183178010345,135.05720443943736,-0.3835326195839522,31.26974828540143,30.841340468504796
34,2.2920183178010345,135.48245912350072,-0.38262857106285175,31.72727071267484,30.48480850996523
35,2.2920183178010345,135.89948487776599,-0.3752244817770203,31.52612124616156,30.210367352662523
36,2.2920183178010345,136.25209856395927,-0.37325748805998116,32.57804157403792,29.21880833567865
37,2.2920183178010345,136.5884648425011,-0.3456882275524134,31.81447932951083,29.158984123598497
38,2.2920183178010345,136.91044565677734,-0.321266105888173,31.132849915394704,29.189740430637396
39,2.2920183178010345,137.20502884761044,-0.34579917364047263,32.394037550600274,30.404961980552677
40,2.2920183178010345,137.4938118512465,-0.33899057083447587,32.82917039604817,31.634184685268668
41,2.2920183178010345,137.7625243844558,-0.31543066550341836,32.788207927678584,32.80166445328652
42,2.2920183178010345,138.0130360991647,-0.29406546819121926,32.78639486626781,33.13817937709394
43,2.2920183178010345,138.27325393392908,-0.30545908601759697,33.24030542208774,33.14457489120138
44,2.2920183178010345,138.5496985065711,-0.3245069907303875,33.713777497365975,32.8692226594162
45,2.2920183178010345,138.8010012498332,-0.28640196533522244,31.906099376225185,30.986632646519467
46,2.2920183178010345,139.05751963058626,-0.292346066097926,32.246999901718425,32.1798241035492
47,2.2920183178010345,139.28311710988407,-0.24961793290479733,30.58060992421037,31.17086486045178
48,2.2920183178010345,139.46551084229216,-0.23742832275591788,30.694236123833633,32.648467715190286
49,2.2920183178010345,139.64122572363323,-0.22873422792133177,31.194594362649237,33.22599894112934
50,2.2920183178010345,139.81699200012943,-0.22880113079850864,31.64747049072935,33.21903484491072
51,2.2920183178010345,140.02441900638647,-0.26215049892380493,30.88198394727875,32.485992531282655
52,2.2920183178010345,140.23977278310454,-0.27216851378452017,30.634798376138306,32.97714452309337
53,2.2920183178010345,140.468744051976,-0.2893785792746773,31.42239157227311,32.80658844903969
54,2.2920183178010345,140.71528279728733,-0.3025055493277511,31.94248085160244,31.989404320732437
55,2.2920183178010345,140.9557057965047,-0.28640919090815653,30.910447642113795,29.12809893500902
56,2.2920183178010345,141.194111528993,-0.2757340558305633,29.752729966980798,29.958383899038278
57,2.2920183178010345,141.3966324288965,-0.27556536911217844,28.7853863499924,30.677881266314444
58,2.2920183178010345,141.57287003907126,-0.23281778858374338,26.64423417762423,29.890781474519116
59,2.2920183178010345,141.71776358969456,-0.22518927047813722,25.86396647520483,31.472181298636087
60,2.1828745883819374,141.84038321528502,-0.19427221825188393,24.733760639334466,29.889927766139458
61,2.0789281794113688,141.95141394401656,-0.17932712175019422,24.458135578266923,28.66794625203575
62,2.0789281794113688,142.06330557888577,-0.17545396315012,24.550316420044673,27.520371348027194
63,2.0789281794113688,142.17023300719816,-0.19725851491501203,25.14907392621279,28.12054276628083
64,2.0789281794113688,142.28340783322443,-0.20878364382338002,25.715468049483384,27.856475724076738
65,2.0789281794113688,142.39894698212177,-0.2131453200150379,25.986642728323826,27.50840405523151
66,2.0789281794113688,142.5145490917445,-0.2132614692518936,25.990509256077143,27.036997322196854
67,2.0789281794113688,142.6317890785321,-0.20998350154408005,25.736210613745172,26.475754042912982
68,2.0789281794113688,142.73677518609045,-0.18255932534860164,24.878846650599765,24.317930703970838
69,2.0789281794113688,142.8442397715754,-0.1868691266042019,24.264149779163144,24.746220414858655
70,2.0789281794113688,142.95171198439343,-0.18688238969982365,23.541898756623418,24.83700056215439
71,2.0789281794113688,143.06800666609837,-0.2022236953769468,23.228065441025972,25.150803236310626
72,2.0789281794113688,143.17628756785624,-0.18280447676010736,22.219463219890955,23.784922836489226
73,2.0789281794113688,143.27040950688846,-0.18694200793658378,21.734503507756788,25.454855933575526
74,2.0789281794113688,143.3497058465191,-0.18528926230587958,21.448230744968644,26.17386869361778
75,1.9799315994393987,143.42533754587276,-0.18556252328591682,21.553897970899147,26.241285697613915
76,1.8856491423232367,143.49173240672565,-0.16606302711488455,21.376732522548465,24.484329116880797
77,1.8856491423232367,143.55534848310288,-0.15447853434500117,21.40494058378173,23.897000644785216
78,1.8856491423232367,143.61471022654092,-0.16958560393379907,21.55081352830221,25.069529006343668
79,1.8856491423232367,143.6698476473406,-0.15292960157001179,21.17619151926662,23.619320293746117
80,1.8856491423232367,143.72019288183375,-0.16427994636649995,21.121420850611084,25.03087586794513
81,1.8856491423232367,143.77182183101715,-0.1684687952729814,20.981937121061787,25.265800266754336
82,1.79585632602213,143.82133820373022,-0.16965407932313484,20.822673544854272,25.00750391200108
83,1.7103393581163142,143.8685394816118,-0.1698081533090913,20.674416768241908,24.546731632082874
84,1.7103393581163142,143.91554738351857,-0.16911247686435765,20.433503474335286,24.32934070727756
85,1.7103393581163142,143.96231570474552,-0.16825057747026376,20.11971679813799,24.12815843587696
86,1.7103393581163142,144.0093295487831,-0.16913385387592356,19.790732698118866,23.951286803518727
87,1.628894626777442,144.05591570709592,-0.17084951689326205,19.58519372086832,23.41195965163003
88,1.628894626777442,144.10287521922973,-0.1722187502077213,19.351491710045146,23.148044686245612
89,1.628894626777442,144.1502475374618,-0.17373267032925677,19.113903757507902,23.192709975787654
90,1.5513282159785162,144.19596913016707,-0.17606276034783902,19.005866275354947,22.96330414038101
91,1.477455443789063,144.23448869210478,-0.15120967146666658,18.410290246169424,21.164938915354867
92,1.477455443789063,144.2756656853625,-0.18580139897869893,19.034227688457587,22.223671132901696
93,1.477455443789063,144.32352941322338,-0.21597370019796666,19.88727959011573,22.01055995722743
94,1.477455443789063,144.37130207797085,-0.21556279953377697,19.68553994768133,21.781978337897428
95,1.477455443789063,144.41673116634715,-0.20498796796112245,19.11334404548465,21.977579329160655
96,1.477455443789063,144.45897274997512,-0.19060511009216263,18.47472640191243,22.189431346084277
97,1.4071004226562505,144.50170174030507,-0.20244463788524023,18.67740019423939,21.99330203520931
98,1.4071004226562505,144.54359167862353,-0.19846931388842157,18.387073885100556,22.101247412403808
99,1.3400956406250004,144.58174345256828,-0.1897962741771055,18.01988014878701,21.70548966170407
100,1.2762815625000004,144.61214040709893,-0.154154105215194,17.124232152229872,19.717150827943726
101,1.2762815625000004,144.63884909919173,-0.13150444042369294,16.62306321483667,18.835286784128296
102,1.2762815625000004,144.66300043324355,-0.11544940431729407,16.057468113672932,18.10060689260448
103,1.2762815625000004,144.68736883565833,-0.12728853951333277,15.559789427308859,19.04662997512324
104,1.2155062500000002,144.7111258492441,-0.13029969247120268,15.417392471056576,19.02089554074838
105,1.1576250000000001,144.73377596526151,-0.1304401455130982,15.282493464731262,18.98465486573536
106,1.1025,144.75132492587784,-0.10302540191140055,14.786380556238617,17.5723598349271
107,1.1025,144.76580754526867,-0.08502370687874106,14.612750570338234,17.386659735334824
108,1.1025,144.78205892331542,-0.09826985969301825,14.315098531328596,18.677314607071516
109,1.05,144.79782397049226,-0.10009553763069606,14.221056900532494,18.684211360002937
110,1.0,144.81275661208124,-0.09955094392675447,14.111693214625443,18.63468151783241
111,0.9523809523809523,144.8268200756438,-0.09844424493777082,14.037178470536022,18.46477153151065
112,0.9070294784580498,144.84492182055143,-0.12917264570005246,14.962894207847768,18.068894385537565
113,0.863837598531476,144.86336058357332,-0.13413248526858182,15.19944025012393,17.515552702034995
114,0.863837598531476,144.88043557690366,-0.12421176456476535,14.714331428633903,17.339150487530883
115,0.863837598531476,144.89658163027661,-0.11525551432888584,14.97744552367301,15.928949422428127
116,0.863837598531476,144.91266614189072,-0.1241322183818383,14.224556133394847,17.060828825957827
117,0.863837598531476,144.9318354055269,-0.1479387921121661,14.659452978222664,17.227387724354873
118,0.863837598531476,144.95396447778847,-0.1707811151787494,15.253482143831693,17.383745883863227
119,0.863837598531476,144.97470789017245,-0.1600872850734251,14.664478346109812,17.493168474036786
120,0.863837598531476,144.99636600119499,-0.1671464718164157,14.739922862708394,17.76586318720228
121,0.8227024747918819,145.0157953346757,-0.15744317519413362,14.425035098603793,17.462882333557744
122,0.7835261664684589,145.03191602589249,-0.13385938648005274,14.302228703779875,16.016600361498988
123,0.7835261664684589,145.05131037124096,-0.16501763589983534,15.058399364143412,16.9713647127668
124,0.7835261664684589,145.07357722291414,-0.1894584816361044,16.06086598280201,16.897509304780147
125,0.7835261664684589,145.097805076265,-0.20614375020433504,16.759278416545744,16.808080601722963
126,0.7835261664684589,145.12293966979377,-0.21385878867808614,16.98613207098052,16.86081427988248
127,0.7835261664684589,145.14801560153757,-0.2133596623142324,16.80431469312152,16.94159219590342
128,0.7835261664684589,145.1727886947081,-0.21078294706409675,16.6005158291728,17.04010316375661
129,0.7835261664684589,145.19784763807348,-0.21321511595303164,16.60496458816153,17.154243494041236
130,0.7835261664684589,145.2230780421409,-0.21467399683790653,16.606506039381603,17.274720321835407
131,0.7835261664684589,145.24874367794894,-0.21837718514448973,16.696731155687715,17.404625900375176
132,0.7835261664684589,145.27271265152103,-0.2039410602808104,16.08232716086761,17.339667814550367
133,0.7835261664684589,145.29335163532795,-0.17560769667629902,15.03821331488477,17.347216495002364
134,0.7835261664684589,145.3143610221799,-0.17875928719080242,15.104089080320861,17.295399077594684
135,0.7835261664684589,145.33716035705345,-0.19398913824236597,15.749795424004558,17.10857183230687
136,0.7835261664684589,145.36147950881147,-0.2069205666960677,16.39251212331389,16.861437594798044
137,0.7835261664684589,145.3872181986979,-0.21899876896622214,17.006651318907625,16.62979611372154
138,0.7835261664684589,145.41053603376486,-0.19262215516789177,16.370067613035783,15.260469062506958
139,0.7835261664684589,145.4352684123363,-0.21043652511627797,16.764738054592108,15.923661886224322
140,0.7835261664684589,145.45756817179898,-0.18675924600371516,15.815657410645407,15.880112574456799
141,0.7835261664684589,145.47141963559895,-0.11949385423372287,13.997787397082446,14.96746969395252
142,0.7835261664684589,145.4828495429841,-0.10108416661530803,13.62391041526141,15.48931854622439
143,0.7835261664684589,145.48897654123658,-0.055974006558499254,13.408509480079836,14.55783766732544
144,0.7835261664684589,145.49846373198068,-0.08512928070011164,14.175713287473263,14.8215689501484
145,0.7835261664684589,145.5084765177186,-0.08977664836313873,14.83293334817075,14.671184955367346
146,0.7835261664684589,145.5148987509358,-0.056578468357657966,15.096295777320456,13.696092305929556
147,0.7835261664684589,145.51840144156725,-0.030678856306223197,15.639949642530446,13.293060786396211
148,0.7835261664684589,145.52538879679358,-0.05945221763983909,16.180162504629553,13.677945637675496
149,0.7835261664684589,145.53240258183138,-0.05967709684745432,16.550857734350686,13.37765271010069
150,0.8227024747918819,145.53831096164063,-0.04787781723669713,16.645974878697956,13.262036309013078
151,0.863837598531476,145.5397360953965,-0.010998469760911542,16.866342062936372,12.535527559938476
152,0.9070294784580498,145.53797507964345,0.012943465785195655,17.030214480107347,12.510101601688092
153,0.9523809523809523,145.5365571159999,0.009636646120967483,16.203315499551852,13.174476900800252
154,1.0,145.53479561098536,0.011528191203127728,15.458754600267348,13.342808741980663
155,1.0,145.52946886812043,0.035235399385879634,15.29446621431639,12.521161242796262
156,1.05,145.52137659718193,0.05166773897393146,15.09084120528947,12.318969906047984
157,1.1025,145.51092003308364,0.06344041568726501,14.684492821922053,12.40059390998452
158,1.1025,145.50192233473226,0.05620543368806611,13.846878091191915,13.415974566408295
159,1.1025,145.4896889333186,0.07552802690543133,14.009990141649176,13.132467020958758
160,1.1025,145.4742323906243,0.09364290291912758,14.276976087318118,13.375821247292631
161,1.1025,145.46073409315602,0.08944074193824865,13.826686437291949,14.692349234622318
162,1.1025,145.44626187733323,0.09204261998797145,13.657512349638834,15.307127496721062
163,1.1025,145.43039095831458,0.0975770550902771,13.495633277600957,15.834414532947365
164,1.1025,145.41011524160507,0.12517749538506334,14.147924974001464,15.309477669772386
165,1.1025,145.39010157382063,0.12101991101650839,13.594686570235613,16.487511501544713
166,1.05,145.37159641148978,0.11749309416434402,13.19719478451518,16.57800693059306
167,1.0,145.35026195702,0.14312219842899543,14.107743732269874,15.533293865965833
168,1.0,145.32983245543622,0.13619667722532722,13.159918625905265,16.46582788738329
169,0.9523809523809523,145.31073608363792,0.13604492050312053,13.438558331619152,15.358430766199731
170,0.9523809523809523,145.29024128197432,0.1465720049351373,13.653099165459885,15.29928043163109
171,0.9523809523809523,145.27070591582458,0.13674756304830524,12.217731257100878,16.51394581627031
172,0.9070294784580498,145.251790115941,0.13903112914418567,11.84590106307711,16.62108720486562
173,0.863837598531476,145.23300222708573,0.1449955322407418,11.795737214358388,16.596626035034312
174,0.8227024747918819,145.21378434553455,0.1511938843831561,11.933423993855563,16.25701132104781
175,0.7835261664684589,145.19471193771358,0.1559160070403145,12.227952890383941,15.794762717854018
176,0.7462153966366274,145.17384846031905,0.1860865937311347,14.75781185073673,14.373973577481854
177,0.7462153966366274,145.15398406412237,0.17485552524384085,13.585632788768367,14.953620971613798
178,0.7462153966366274,145.1309874874123,0.1985446422257893,15.245981175854906,14.088352478182316
179,0.7462153966366274,145.1070358814334,0.21398295172218268,16.101858708157597,14.017907714760991
180,0.7462153966366274,145.08595821612693,0.19501304827425756,14.58390001110584,15.09328047201363
181,0.7462153966366274,145.0615957720624,0.21919403625949968,15.986528089339187,14.40473194285735
182,0.7462153966366274,145.03876034373104,0.2043083206729863,15.108072701936633,15.608023755306704
183,0.7462153966366274,145.0170895991813,0.19780219640551436,15.299158090304177,14.707920976400406
184,0.7462153966366274,144.99379593696705,0.20909284807425987,16.023619705377783,14.548741793119545
185,0.7462153966366274,144.971955563952,0.197595134638679,14.967528736579093,15.898122485481277
186,0.7462153966366274,144.94949961461404,0.20062079875916716,14.972782867565073,16.375985969636243
187,0.7462153966366274,144.9272286267004,0.1989683587696747,14.783047981575299,16.811874044405663
188,0.7462153966366274,144.9043515979301,0.20110057696238495,15.125643850865663,15.885873905765116
189,0.7462153966366274,144.88743945464316,0.15109259661667762,12.992868088420822,17.184417987593136
190,0.7106813301301212,144.87185398441846,0.14502061828775017,13.485030428790413,15.75811500588743
191,0.7106813301301212,144.85697365963114,0.1400373569722576,13.782129764639443,15.580543866264057
192,0.7106813301301212,144.84266872846356,0.1355040010794665,13.744580440700034,15.479173273685001
193,0.7106813301301212,144.82502944892528,0.16673605372635467,14.761338747646853,15.511915582289962
194,0.7106813301301212,144.8062411249611,0.17624705727363527,14.656348982553833,16.72701808990393
195,0.7106813301301212,144.78927990855598,0.1591075651497807,13.863050331106923,16.862329906948336
196,0.6768393620286869,144.77243859778477,0.16588190852981607,13.982982208997536,16.53484535604057
197,0.6768393620286869,144.75445945019737,0.1770892631845521,14.345575476298931,16.305326231911046
198,0.6768393620286869,144.7359145237131,0.18402311803493812,14.610357760418974,15.980610378670498
199,0.6768393620286869,144.71723884573305,0.18450752595455583,14.70992274501433,15.583524884149355
200,0.6768393620286869,144.69896969001482,0.17994205258556575,14.71616201186152,15.175813827058596
201,0.6768393620286869,144.68173117710737,0.17204875274094905,14.563962435307932,14.976642135079183
202,0.6768393620286869,144.662444886424,0.1899642344040802,16.157140891767387,13.848556590632908
203,0.6768393620286869,144.64230568967872,0.1983651057654583,16.756170681611874,13.561482366943592
204,0.7106813301301212,144.6239096738697,0.1773374054554296,15.210291325168484,14.546085401539333
205,0.7106813301301212,144.60654876732417,0.16909811078163187,15.053855814122256,14.551068757553335
206,0.7106813301301212,144.5859761529412,0.19298489595630336,16.21293392277445,13.621278437585493
207,0.7106813301301212,144.5663545812596,0.1844610911093941,16.064985988529205,14.529636122528766
208,0.7106813301301212,144.54715103114862,0.18014215651728813,16.272249281700407,14.648447180778696
209,0.7106813301301212,144.527931011797,0.18029664902087666,16.615237676548947,14.719400167471065
210,0.7106813301301212,144.50859816312484,0.18135506358491815,16.97342012496088,14.734087574323377
211,0.7106813301301212,144.49146482735742,0.15604093203788919,16.622899006503005,14.953126161554795
212,0.7106813301301212,144.47483805390684,0.15142744304032765,16.773720896326505,14.966238646083772
213,0.7106813301301212,144.4606005835551,0.1296669938479136,16.559731924586703,15.220101016299356
214,0.7106813301301212,144.44387895497263,0.1568600709726011,17.335240240421694,14.371850304813272
215,0.7462153966366274,144.42679087568362,0.15266440374554968,17.226788285863933,15.684620733800028
216,0.7462153966366274,144.40613679021678,0.1845229993013998,18.100717180256574,14.846401350195297
217,0.7835261664684587,144.38539253253455,0.17650342405076858,17.907406494655273,16.045482342208828
218,0.7835261664684587,144.36500527188093,0.17346589921381828,17.860959117051227,16.094397519389165
219,0.7835261664684587,144.34487381124507,0.1712894135714635,17.72718143285647,15.94142726995026
220,0.7835261664684587,144.32219383022272,0.19297361077791525,18.22829966397273,14.796713048005033
221,0.8227024747918817,144.2972639497887,0.20201616986220208,18.371561111011584,14.73151825648709
222,0.8638375985314759,144.27321251032035,0.18021066417164897,17.328889422582797,16.101061010807992
223,0.8638375985314759,144.2505324692091,0.16993516240391962,17.026667330758688,16.383893420288175
224,0.8638375985314759,144.2283367711929,0.16630611596150727,16.931267748024123,16.59197379067772
225,0.8638375985314759,144.2059859618961,0.16746832111434293,16.79853551473952,16.645404592394073
226,0.8638375985314759,144.1837554582329,0.16656690487478165,16.7245843177398,16.77882943905728
227,0.8638375985314759,144.1615770422786,0.16617662633681304,16.768578430914467,16.814662014701874
228,0.8638375985314759,144.1368019308998,0.19120192206611766,17.53766219360765,15.85121571754954
229,0.8638375985314759,144.1138120565792,0.17742435506889,17.187219740331024,17.126301032309854
230,0.8638375985314759,144.08819924317206,0.1976668874699523,17.880740835021825,16.27643170902942
231,0.8638375985314759,144.06114324027743,0.20880470233907367,18.337403945252213,16.427978524993915
232,0.8638375985314759,144.03321377284746,0.2155456648911418,18.66560786525367,16.674558685780973
233,0.8638375985314759,144.00847726942695,0.19090396514761143,18.316038962952007,18.23641593410903
234,0.8638375985314759,143.98551065062318,0.17724488061767465,18.43572009728422,18.8503826518634
235,0.8638375985314759,143.9636564052468,0.16866013869277666,18.479678947481528,19.36890861957865
236,0.8638375985314759,143.942396052474,0.15929783740214304,17.93423584349454,18.03695839536108
237,0.8638375985314759,143.92487687168756,0.13126628904772583,17.673585840459303,17.738197128934758
238,0.8638375985314759,143.91071831316916,0.10926867536581615,17.062854963010352,18.795647973092628
239,0.8638375985314759,143.89604643243365,0.11323023957612535,17.32338764573121,19.122352012779032
240,0.8638375985314759,143.87553176188015,0.1537106504823488,18.309711437038057,17.835525323227227
241,0.8638375985314759,143.85622002659727,0.14903831704536777,18.262726330872546,18.91169236054547
242,0.8638375985314759,143.83367687681314,0.17397675845923752,19.09485212294369,17.443514359349294
243,0.8638375985314759,143.80988328023406,0.1836270815992121,19.53001052991981,16.972187940469148
244,0.8638375985314759,143.7888077711362,0.15791285578912995,18.591896823991732,17.858387492014646
245,0.8638375985314759,143.77018176131722,0.13955944735678313,18.30968841091331,17.945919972655528
246,0.8638375985314759,143.753439957155,0.1254416248757678,18.242460196576616,18.265851508607746
247,0.8638375985314759,143.73865151303283,0.11412981751286591,18.284783517445305,18.635869412222583
248,0.8638375985314759,143.72122678670723,0.1344753254179535,18.84710473585925,17.533663764246207
249,0.8638375985314759,143.7064443535241,0.11408342809088393,18.66699966063548,18.922926841058946
250,0.8638375985314759,143.6892112347955,0.1329965937878113,19.28187001015434,17.61433249400106
251,0.8638375985314759,143.67453789749686,0.11324148060245141,19.187696318930282,18.997951178554867
252,0.8638375985314759,143.65726869129244,0.1332750988823828,19.851722538435038,17.662621081129885
253,0.8638375985314759,143.6385528777116,0.1444392913102832,20.443682936028527,17.506165592749245
254,0.8638375985314759,143.62303019287177,0.11979632025157798,20.338232996647044,19.188001732380435
255,0.8638375985314759,143.61360208924546,0.0727613897357705,20.34932892963388,19.56539525458131
256,0.8638375985314759,143.605789921668,0.06029040327923228,20.64004895851742,19.686270100539492
257,0.8638375985314759,143.5939935756828,0.09103830014044843,21.165249543815836,18.40457117198506
258,0.8638375985314759,143.58789526635417,0.04706370224393929,21.243405279242392,19.89595488507404
259,0.8638375985314759,143.5828925642309,0.03860835363601488,21.737815953730134,18.434076369601602
260,0.8638375985314759,143.57570787135558,0.05544786726534557,22.261894796698524,18.41690937122384
261,0.9070294784580497,143.56955604481715,0.04521592505775195,22.327637968732578,18.927340171213235
262,0.9070294784580497,143.56978178520654,-0.0016591918621690737,22.56341290848232,21.03346452337323
263,0.9070294784580497,143.5739752604725,-0.03082204320505962,23.09681223623553,21.493167638102427
264,0.9070294784580497,143.58071778741365,-0.049557573017139304,23.473943186880785,21.784306700115128
265,0.9070294784580497,143.5897538995979,-0.06641542455423456,23.888255852958384,22.174309969405723
266,0.9070294784580497,143.60038842933224,-0.07816379354762804,24.265526165836036,22.24665661777023
267,0.9070294784580497,143.61292314229746,-0.09213014029398446,24.687007789904698,22.24200896912043
268,0.9070294784580497,143.62243392543593,-0.06990425606797039,24.795307126500656,20.35840724611163
269,0.9523809523809522,143.631557736833,-0.06386667977952809,24.761318270509612,20.228131611855897
270,0.9999999999999999,143.64589561549397,-0.09558585773980807,24.770845537295997,22.46310388370918
271,0.9999999999999999,143.66283005258475,-0.11289624727187737,25.27039817145678,22.94125691651362
272,0.9999999999999999,143.68182716141828,-0.12664739222346547,25.801367756993656,23.291616892292087
273,0.9999999999999999,143.6975683412306,-0.10494119874870395,25.564687332999654,21.497050598820646
274,0.9999999999999999,143.71658029365076,-0.12674634946781554,26.437062782242613,23.382517317851807
275,0.9999999999999999,143.73310758871872,-0.11018196711981147,26.49874911204394,21.56872612155468
276,1.0499999999999998,143.75038162571244,-0.10967642535677587,26.757523627602882,23.685567775849574
277,1.0499999999999998,143.76936319941046,-0.12051792824169559,27.2376271628597,24.03685354393751
278,1.0499999999999998,143.79142456406447,-0.14007215653300886,27.800244697255472,24.233013049985423
279,1.0499999999999998,143.81649128771718,-0.15915380096969178,28.356570138659848,24.10691574554767
280,1.0499999999999998,143.83925180552725,-0.14451122419092866,28.261855886822563,21.826675100976328
281,1.1024999999999998,143.86778057972143,-0.17250959452255232,28.63081819628599,23.49528247833268
282,1.157625,143.90011545326254,-0.18621386339071316,28.670917473703653,23.763703189525028
283,1.21550625,143.93546993758693,-0.1939081449909533,28.474910299364353,24.064747629033747
284,1.21550625,143.9676971959857,-0.1716080598086694,27.881931464858372,23.97944327598666
285,1.21550625,143.99497137167418,-0.14523321577239345,27.42496123666365,23.883430549860485
286,1.21550625,144.0135483372289,-0.09603993801471317,26.608749491881518,21.968614028741502
287,1.2762815625000001,144.03961701419965,-0.12835322544898303,26.629534543615378,23.032817484244465
288,1.2762815625000001,144.0620530974434,-0.11046757969351237,26.12407082614256,21.102551000976103
289,1.3400956406250002,144.08741242751654,-0.11891489960703956,25.858911136739984,20.738969566368283
290,1.4071004226562502,144.11295413681168,-0.11074443989318764,25.171785171132765,20.68786723542433
291,1.4774554437890628,144.14210747096718,-0.12038459188671165,24.871180009440994,22.69492162123007
292,1.4774554437890628,144.16590932064744,-0.09542367925549604,23.99656578075945,21.15053221468644
293,1.4774554437890628,144.19084362125946,-0.09996377323694428,23.75848809476385,20.704990571676493
294,1.4774554437890628,144.2190067070586,-0.11290825302435568,23.926347982460786,22.051887255515844
295,1.4774554437890628,144.24678191896274,-0.11135323294573085,23.84062055800889,21.958447857102843
296,1.4774554437890628,144.2686095709728,-0.08496014525312592,23.132235622288906,20.17722326609141
297,1.4774554437890628,144.29095981377642,-0.08699423438496315,22.966523979837064,19.393924362406118
298,1.4774554437890628,144.31119388515015,-0.0787574239399509,22.788097889096424,18.650628255269503
299,1.551328215978516,144.33405328003033,-0.0847390626355578,22.680497660260215,19.77184572929956
300,1.551328215978516,144.35635210088967,-0.08266103225420866,22.77550311011835,20.10394235306607
301,1.551328215978516,144.37751637477854,-0.07845530208073875,22.84000377380042,20.36521671957123
302,1.551328215978516,144.39275863472022,-0.056502581397440375,22.39883778573966,19.164233342025792
303,1.551328215978516,144.40966618826954,-0.06267577277248086,22.320592566164784,20.248102514449048
304,1.551328215978516,144.42733045893146,-0.06548089946736636,22.299376701288626,20.38931860863067
305,1.551328215978516,144.4405449579073,-0.04755896587292,21.834827370371013,18.920109130333575
306,1.551328215978516,144.45078186575955,-0.03576953302056759,21.382295831122445,18.42786376695446
307,1.551328215978516,144.46383564302175,-0.04561216370831214,20.958982122423297,19.458931069472698
308,1.551328215978516,144.47789549283164,-0.047696656145583334,20.532876450210544,19.532932368064095
309,1.551328215978516,144.48577810890845,-0.025962134871264562,19.705889344254253,18.110719828192824
310,1.551328215978516,144.4951750951813,-0.030048402961991776,19.236680781724647,19.11590792836787
311,1.551328215978516,144.4981777383382,-0.009321789677754735,18.43340194160715,17.754515991653683
312,1.551328215978516,144.49640349100818,0.005347767446187578,17.761330586727823,17.390931199159713
313,1.551328215978516,144.4906806641704,0.01674679612643318,17.12747941469938,17.14006677818966
314,1.551328215978516,144.4816305474767,0.02648349556721942,16.50463144030203,17.00940438409333
315,1.551328215978516,144.46949520889592,0.03551182779066434,15.983827443274087,17.197805099354547
316,1.551328215978516,144.46257390103372,0.023828152431689602,15.81389329615789,19.194031472445097
317,1.4774554437890628,144.45765837017066,0.020904654926241533,15.889406882765643,19.65898641807414
318,1.4071004226562502,144.44755355154052,0.0438079744324767,15.84583560197284,18.26338782071055
319,1.4071004226562502,144.4397494478522,0.036974871931219774,16.250007711176035,19.81837924828446
320,1.3400956406250002,144.4322079472152,0.03642449119141318,16.4936771407942,18.293756756215025
321,1.3400956406250002,144.4267585378767,0.026319955669597623,16.700088834146907,18.071944916608413
322,1.3400956406250002,144.42364554226515,0.015035373818805632,16.735331898362027,17.884798714486593
323,1.3400956406250002,144.42196019084145,0.008384234540931384,16.647608030466653,19.512099205110722
324,1.3400956406250002,144.41785965693535,0.019805058479915663,16.438945610132187,18.264052057343758
325,1.3400956406250002,144.41783839453993,0.00010577551225592588,16.4053606957897,20.186455359238675
326,1.2762815625000001,144.41615303165054,0.008803506158895748,16.443618926745515,20.270902649339078
327,1.21550625,144.40670078040975,0.0503326245187195,16.45641467970079,18.26099932177209
328,1.21550625,144.39674952730212,0.054579470392703694,16.50798645862251,19.080915967164664
329,1.21550625,144.3861474361609,0.056455447377878096,16.325248097139625,17.484332357526895
330,1.21550625,144.37861748737006,0.041299383368601054,16.1171279851973,18.515126173367303
331,1.21550625,144.37141098913125,0.03837413550592448,16.105268701415085,17.075468713544854
332,1.21550625,144.36213652620074,0.04938591330284391,16.244790750583658,16.859122838244573
333,1.21550625,144.35475105807748,0.04050695268313677,16.29699719666338,18.512170260815896
334,1.21550625,144.34232923105859,0.06614542284712563,16.572834021362187,17.179550509817687
335,1.21550625,144.33090117458713,0.06085365916610483,16.654459767559306,17.24876286947565
336,1.21550625,144.32281738142788,0.04433704425197376,16.803348187419182,19.151477570632505
337,1.21550625,144.31491693429498,0.04333144938810002,17.141322235101185,19.800583772793438
338,1.21550625,144.301354981477,0.07221651874653079,17.150389914756264,18.319436381350716
339,1.21550625,144.28953626033734,0.0648219408697759,17.292780867902913,19.970688583775868
340,1.21550625,144.27358181367214,0.08495639323898906,17.408592398373504,18.368227802188756
341,1.21550625,144.260752901817,0.07036251688049165,17.33644941168659,19.926099596222258
342,1.21550625,144.24960499860651,0.06114271706683622,17.335324100937317,20.050251954921283
343,1.21550625,144.2397548776438,0.05402479262028805,17.31155506042011,20.098695906073214
344,1.21550625,144.231046318893,0.047763685574024634,17.2795372177917,20.077490891222826
345,1.21550625,144.22341511960357,0.04185471027396415,17.217111322584817,20.00181048146292
346,1.21550625,144.21680264452408,0.036267330749375465,17.175469281323032,19.92956800393605
347,1.21550625,144.21115966740743,0.030949941593851164,17.161431550627306,19.869335424941646
348,1.21550625,144.2064114290365,0.026042583057300513,17.17661510823905,19.809061115531748
349,1.21550625,144.19719638926577,0.04906948883296772,17.143704596763065,17.958852168984333
350,1.21550625,144.19105488329342,0.03368421441618466,17.035530611902566,19.3895447453536
351,1.21550625,144.18134379283944,0.051710926533601625,16.995782580139494,17.69272074620926
352,1.21550625,144.1696791123159,0.06211366688911295,16.955214518814035,17.437769620705815
353,1.21550625,144.16222043087097,0.040908504556094696,16.89241957134931,19.23664170046275
354,1.21550625,144.15673871327616,0.030065484209340444,17.002143714089076,19.547956875359734
355,1.21550625,144.15231843270897,0.024243838412175398,17.007391351722713,19.75394820160054
356,1.21550625,144.14317074651038,0.04871083543185758,16.61376382144451,17.997520875953608
357,1.21550625,144.13141687206814,0.06258861871863508,16.98416789600376,18.038917282443297
358,1.21550625,144.12377016602042,0.04193975992997055,16.809509945444386,19.45340699860655
359,1.21550625,144.1125301672095,0.059852264325896895,17.19064725085785,18.133436735799926
360,1.21550625,144.09933647531082,0.07025555324729994,17.56881110400196,17.971332684936936
361,1.21550625,144.09043832896376,0.048803513471960394,17.26234590493368,19.522370411932037
362,1.21550625,144.08366403433604,0.037154859701345924,17.306069747415453,19.78863446421187
363,1.21550625,144.07265920342837,0.058600010500935516,17.795300548340858,18.375008963668677
364,1.21550625,144.065032214838,0.04183161592340976,17.691144810084175,19.778596297938623
365,1.21550625,144.05353530964558,0.061220274137378204,18.282606971127898,18.34285661971401
366,1.21550625,144.04036230217673,0.07224977230063873,18.809855530496794,18.126937176557114
367,1.21550625,144.02593145518298,0.0791486235675049,19.250014552862734,18.222452829166674
368,1.21550625,144.01055209594455,0.08435091270735713,19.62086979672214,18.431147250966756
369,1.21550625,143.99434002612654,0.0889180664053607,20.004425407158866,18.746062202136446
370,1.21550625,143.98242925914593,0.06532678314430143,20.187410721550627,18.994188856015576
371,1.21550625,143.97066960677475,0.06449796738951306,20.55419432493285,18.865452157014957
372,1.21550625,143.95716461483104,0.07407060196097673,21.08035796430693,18.881220114328237
373,1.21550625,143.94130621138856,0.08697831838914177,21.705698156599606,19.09603407228703
374,1.21550625,143.92333225137412,0.09858147590457762,22.349313572687482,19.159735111739785
375,1.21550625,143.90386459817876,0.1067739097482276,22.963108555124016,19.180823135631243
376,1.21550625,143.8835255065971,0.11155347319502837,23.533491878580428,18.94076883310399
377,1.2762815625000001,143.86191336032346,0.11289121412602776,23.795901847053514,18.952887230247104
378,1.3400956406250002,143.839438129842,0.11180908685508582,23.84934269726367,19.251524802912204
379,1.4071004226562502,143.81634109293628,0.10943088606822257,23.78822217165236,19.703972141516374
380,1.4774554437890628,143.79272993653527,0.1065397335679273,23.665428219079853,20.530674560016045
381,1.4774554437890628,143.76957360512708,0.10448744384846399,23.669494553325947,21.177922867970384
382,1.4774554437890628,143.74672785150565,0.10308603537455024,23.75152234538876,21.83273414352993
383,1.4774554437890628,143.73047153555555,0.07335276344387544,23.6554260991888,22.170474756558104
384,1.4774554437890628,143.71526524484176,0.06861477403712239,23.720748566101545,22.058946158516125
385,1.4774554437890628,143.6986708464253,0.07487828024957954,23.86450993449135,22.08390313464094
386,1.4774554437890628,143.68530738494638,0.06029944494574589,23.182084866903548,24.65450146332428
387,1.4774554437890628,143.6675916686428,0.0776096706850366,23.63668396622833,23.06498860684542
388,1.4774554437890628,143.64804061192834,0.08564999840495727,23.885009370493304,23.022995951063024
389,1.4774554437890628,143.63353201015863,0.06546661843846258,23.048040827016425,24.959945358138043
390,1.4774554437890628,143.61676207596986,0.07346635312346038,23.294202771243615,22.712480827402562
391,1.4774554437890628,143.59984747528102,0.07410011352241304,23.365928589793796,22.107945289672664
392,1.4774554437890628,143.58363860894227,0.07100840616130988,23.265290744214028,21.780951036915777
393,1.4774554437890628,143.57382647601904,0.0442749185859386,22.203896603022343,24.071261532419562
394,1.4774554437890628,143.56793297097673,0.026593041286346313,21.605308590424695,24.75250185662138
395,1.4774554437890628,143.55956154532905,0.03667385368714505,21.75202207593205,23.08471607807236
396,1.4774554437890628,143.5505523475614,0.039467829575696695,21.705826418568524,23.018241110231756
397,1.4774554437890628,143.54154496264115,0.0394598877862499,21.48165312987834,22.988913702820426
398,1.4774554437890628,143.53275856673173,0.03849177088583987,21.175171660155147,23.00092588911746
399,1.4774554437890628,143.52421633511779,0.037422126834240683,20.83740751989494,23.031855468715648
400,1.4774554437890628,143.52239150751922,0.007994272799903671,20.525618638861108,23.214143723920344
401,1.4774554437890628,143.5273248050971,-0.02161197401485047,20.340858661505287,23.17450402508816
402,1.4774554437890628,143.53594192534527,-0.03888270780859054,19.726168422190977,25.201852993130178
403,1.4071004226562502,143.5433596524978,-0.03514426799546957,19.34332383072383,25.260226299247584
404,1.3400956406250002,143.54978587270764,-0.03103782823778145,19.435226950934485,23.15549690686169
405,1.3400956406250002,143.56298842931133,-0.06567967341765037,19.40914715410746,25.01882609790506
406,1.2762815625000001,143.578197229663,-0.0771294047647665,19.83204889864098,22.5913237260102
407,1.2762815625000001,143.59641269232057,-0.08968669134064171,20.052823834812777,22.126618662252373
408,1.2762815625000001,143.6112621567036,-0.0709841457940521,19.562999317382815,21.447252130459354
409,1.2762815625000001,143.62084663566247,-0.044481748992232784,18.945331560118802,20.99805877170222
410,1.2762815625000001,143.62852937546197,-0.040130851087169836,18.073144502664345,22.482695411889793
411,1.21550625,143.63199482938734,-0.01845331728592976,17.806107618026882,20.3057412642852
412,1.21550625,143.6339260224834,-0.0099839591506028,17.58290322013448,19.626886699818744
413,1.21550625,143.63601268234774,-0.010473492674513727,17.303123067423044,18.95971700055948
414,1.21550625,143.63914942837425,-0.015285582815785927,17.03771863059466,18.322748751934665
415,1.21550625,143.64864036389793,-0.04624999273845776,17.051664761725597,18.032648839649738
416,1.21550625,143.6598873804889,-0.05321116371311182,16.829655555922216,17.619548806290595
417,1.21550625,143.67029497915215,-0.04780559557191638,16.353932555978055,17.231687299973512
418,1.21550625,143.67861159069787,-0.03708833939736244,15.809409164061707,16.84262827967275
419,1.21550625,143.68933241406165,-0.04781004058559375,15.528035940401903,16.792405793663054
420,1.21550625,143.69880272457675,-0.04100322024923997,15.032027227992552,16.415639111132
421,1.21550625,143.7095963646422,-0.04673278665868607,14.688383056255851,16.397539843437617
422,1.21550625,143.72235202728396,-0.055227676419836065,14.439620992197655,16.413497372059933
423,1.21550625,143.73247562738175,-0.04383174172186166,13.981477380306671,16.333546469101204
424,1.21550625,143.7435842948704,-0.04809674814615295,13.735840340625327,16.619618641511114
425,1.157625,143.75284641642833,-0.04953755834405214,13.587334085249557,17.83002873901507
426,1.1024999999999998,143.76018870743394,-0.04123300748454239,13.56594389319279,17.680373857248657
427,1.0499999999999998,143.76359590338615,-0.019642868161793635,13.48712980025418,15.9873028428309
428,1.0499999999999998,143.7649889996534,-0.008172186481360545,13.62555711183153,15.254171613540887
429,1.0499999999999998,143.7657904390041,-0.004710150928524381,13.553212893964819,14.782380672609344
430,1.0499999999999998,143.77054478237267,-0.02826119778447679,13.448125132012521,14.615326532878846
431,1.0499999999999998,143.77950958615654,-0.052756984203585856,13.594451162418077,14.762821539877558
432,1.0499999999999998,143.7919672726662,-0.07304027273731888,13.90267643210192,14.81779406353823
433,1.0499999999999998,143.80645816833672,-0.08467472564412813,14.002797137121844,14.867911746786259
434,1.0499999999999998,143.82153268409448,-0.08807275145959811,13.813652648458023,14.869978782819613
435,1.0499999999999998,143.8338880264497,-0.0784380706065085,13.368471904285661,16.394543344604944
436,0.9999999999999998,143.8402834726979,-0.04383135605942414,12.662809429081644,15.202941967038635
437,0.9523809523809521,143.84448188138938,-0.029847762283986858,12.687060316887301,15.852160974881805
438,0.9070294784580496,143.84538298912713,-0.007356750493237178,12.948959316748132,14.07208030762895
439,0.9070294784580496,143.8478449859159,-0.02016173084275719,13.186817241329473,13.620406139479673
440,0.9070294784580496,143.85283754969686,-0.04130684789098013,13.39744655042705,13.481305632852353
441,0.9070294784580496,143.8576730687006,-0.03993715079643631,13.391525083618212,13.505056472675623
442,0.9070294784580496,143.86389434539737,-0.05063491177815331,13.564296147130046,13.704394377871978
443,0.9070294784580496,143.87160001238752,-0.06515152559439064,13.887856113304881,13.995566577582466
444,0.9070294784580496,143.87791967349855,-0.05241019028332345,13.726942352738677,14.268650200987377
445,0.9070294784580496,143.88171979986055,-0.030736656066882556,13.576636556239137,14.630065085370237
446,0.9070294784580496,143.88297008730086,-0.009994858460382734,13.547593567650031,14.802601847171934
447,0.9070294784580496,143.88226906255514,0.005637636462130234,13.584524666643437,14.714351247613351
448,0.9070294784580496,143.88039156250477,0.015334684401086414,13.664396031018843,14.488050553422095
449,0.9070294784580496,143.87787462129702,0.020422913337941672,13.79191698416617,14.158687278541747
450,0.9070294784580496,143.8781471428584,-0.002211034391748602,13.887985279037823,14.160317252995052
451,0.9070294784580496,143.87863005431274,-0.0039441185729203335,14.027924764472562,14.066471056830274
452,0.9070294784580496,143.87822504433697,0.0032924575853888233,14.132309644801564,14.01726801683027
453,0.9070294784580496,143.8765784647874,0.0132937088648859,14.229975972695202,14.00674875357471
454,0.9070294784580496,143.87368434340993,0.023124670250388193,14.378341872609653,14.008069845476099
455,0.9070294784580496,143.86971525813837,0.03138079739007387,14.53095197679882,14.036400085610158
456,0.9070294784580496,143.8648970987169,0.03778652939578022,14.649128002162344,14.08078493732083
457,0.9070294784580496,143.86123064827004,0.02780429257274787,14.901174149314409,15.604102976159218
458,0.9070294784580496,143.8596435764901,0.01242196726988117,14.678233826540612,14.500438686433101
459,0.9070294784580496,143.8577709773708,0.01464960696313064,14.685422803965796,14.407243453973027
460,0.9070294784580496,143.85746075343752,0.00241863201671158,14.735779534462495,14.453473584014048
461,0.9070294784580496,143.85609703153224,0.01063776129550234,14.727980101643317,14.61691111782589
462,0.9070294784580496,143.85278541367506,0.025513410720962238,14.807670591390739,14.912117198520814
463,0.9070294784580496,143.84752071140508,0.040132049170888265,14.942412683695217,15.07127843268112
464,0.9070294784580496,143.84081439409437,0.05123056060176566,15.039126176396843,14.990497973824983
465,0.9070294784580496,143.83314993023305,0.058325337818824007,15.097051303790156,14.793954341952448
466,0.9070294784580496,143.8249404348214,0.062414095349313234,15.111285030646762,14.51174132463619
467,0.9070294784580496,143.8199146205415,0.037929392559750835,14.779540662786392,14.5963403447992
468,0.9070294784580496,143.81522918960837,0.03539760054223073,14.70843450959719,14.764070308985243
469,0.9070294784580496,143.8095452442937,0.04215896601164123,14.724736255805217,15.038008582117941
470,0.9070294784580496,143.80610667744142,0.025195666491637604,14.618425335880348,15.222360733602583
471,0.9070294784580496,143.8017943708753,0.031005485435535007,14.569977307959723,15.513203185147946
472,0.9070294784580496,143.79572953690013,0.04514948760749745,14.593004843662557,15.895380495018301
473,0.9070294784580496,143.78758186104642,0.059885417525143286,14.674417186691771,16.102658907052525
474,0.9070294784580496,143.7778928101676,0.07121452395921793,14.731623560041877,16.2571309455026
475,0.9070294784580496,143.77076400326746,0.052396730716169244,14.403699589094689,16.59999981696172
476,0.9070294784580496,143.76361673658738,0.052532410098353646,14.252771526941023,16.926183789125908
477,0.9070294784580496,143.75540344567213,0.06036768822721924,14.126539671221563,17.069034528393452
478,0.8638375985314758,143.74594178774362,0.07089353889609999,14.145939155883486,16.646296913273545
479,0.8638375985314758,143.73526060600773,0.08003108742406312,14.225929850030104,16.32967916864252
480,0.8638375985314758,143.72344492924879,0.08671006357225965,14.301314537979438,15.959114264081116
481,0.8638375985314758,143.71121767633863,0.09077497613628531,14.284809169209018,15.775474800309283
482,0.8638375985314758,143.6987771269031,0.09304553246238395,14.209101496733677,15.658989149110658
483,0.8638375985314758,143.68620375825452,0.09435964450235568,14.107728758683294,15.605764198609291
484,0.8638375985314758,143.67345047457778,0.09567994049599135,14.003374614432987,15.610643676711803
485,0.8638375985314758,143.6604222565578,0.09743030674444428,13.901322811241247,15.660680704778017
486,0.8638375985314758,143.6471936594528,0.09987487423902011,13.687928932005253,15.512337015653017
487,0.8638375985314758,143.633717933981,0.10303014578807854,13.473327784901452,15.318192677134853
488,0.8638375985314758,143.62226254872172,0.08840693573832607,13.341331448955366,16.866189002227593
489,0.8227024747918816,143.6101795108287,0.09976032150441506,13.197655256606495,15.341382864813918
490,0.8227024747918816,143.5973942197445,0.10689838661835757,13.269215971652308,15.149059823913117
491,0.8227024747918816,143.58398562055189,0.11136738562174738,13.326425339031433,14.805884969674002
492,0.8227024747918816,143.5725138507581,0.09438391598033079,13.064041338776706,15.856811626193764
493,0.7835261664684586,143.56107456128822,0.10614624254681164,13.26526921965195,14.332763501671561
494,0.7835261664684586,143.55078065797755,0.09160798180398026,13.070210071213177,15.392866547315744
495,0.7835261664684586,143.53982134114304,0.10315983594821658,13.194761072120578,14.128899955144549
496,0.7835261664684586,143.5284613017921,0.10846251885346005,13.215502115978792,13.929504243899878
497,0.7835261664684586,143.51693540989257,0.11084985159978883,13.12064190391601,13.82849561127476
498,0.7835261664684586,143.5053211521596,0.11189013790415178,12.99696061002569,13.804960245898313
499,0.7835261664684586,143.49358254079598,0.11305153944233515,12.897082405561966,13.809430034960451
500,0.7835261664684586,143.4816895179978,0.11448104189106979,12.850568001703579,13.816377420768328
501,0.7835261664684586,143.47126829063657,0.09395726134368701,12.791363526266043,15.193619865277814
502,0.7835261664684586,143.46017933521017,0.10456107594480082,12.466048528204512,14.104448337970712
503,0.7835261664684586,143.45034063866092,0.0878911362240651,12.388954667631225,15.334344717148676
504,0.7462153966366273,143.44202499735962,0.07883354635820014,12.298548409931783,15.172135673795689
505,0.7106813301301211,143.43466075021166,0.07280016910087582,12.263900868420803,14.832353772576171
506,0.6768393620286868,143.42813691233002,0.06778341851637736,12.421202932566608,14.386192760514273
507,0.6768393620286868,143.42228425103087,0.061876631880064724,12.59906792227072,14.138160532534053
508,0.6768393620286868,143.4151866360896,0.07862805758108478,13.099775271082043,12.79248012369705
509,0.6768393620286868,143.40734401026268,0.08577126570306379,13.269318984713768,12.435714663667177
510,0.6768393620286868,143.39930999399715,0.0885375104496424,13.16844088832036,12.229771705432318
511,0.6768393620286868,143.39131477479083,0.08951376452909526,12.961925216068497,12.33892442592125
512,0.6768393620286868,143.38332083226953,0.09006333158440305,12.880774317165686,12.591449922721852
513,0.6768393620286868,143.37523444603886,0.09078983122605067,12.91795037400443,12.92546660551704
514,0.6768393620286868,143.37055506283986,0.05622887660169199,12.418808541601122,13.196836518362575
515,0.6768393620286868,143.36919260556664,0.016274412683395086,12.269731050582953,13.275723519369077
516,0.6768393620286868,143.37039043208293,-0.014388061385581836,12.313960317865428,13.201773364206014
517,0.6768393620286868,143.37244607453582,-0.022965298382909942,12.535618549214574,14.194369871378617
518,0.6768393620286868,143.37088608613618,0.01817461472874585,12.035422229556985,13.214768606383574
519,0.6768393620286868,143.36630062323187,0.05298222054426983,12.41575732301624,12.936572030899452
520,0.6768393620286868,143.35969946163237,0.07672756803408136,12.859826649325427,12.641990293991627
521,0.6768393620286868,143.351929198545,0.08926266793168963,13.011640123915805,12.311730611335616
522,0.6768393620286868,143.343960130191,0.09263123207015214,12.859269378491087,11.945897156644989
523,0.6768393620286868,143.33615587113883,0.09008473750442805,12.572146045098144,11.567803257372821
524,0.6768393620286868,143.3288233850364,0.08463959050835557,12.205889339233456,11.37820403139229
525,0.6768393620286868,143.32431873730678,0.05669131153631386,11.850762314002685,12.600418274008517
526,0.6768393620286868,143.31953712740923,0.0620250349000959,11.672780517936761,11.868901669889086
527,0.6768393620286868,143.31452453347973,0.06503696511670791,11.630723800472062,11.866036067558305
528,0.6768393620286868,143.30926947580014,0.06814913808701341,11.637049417507184,11.871908128161513
529,0.6768393620286868,143.30367744259894,0.07245206285122005,11.675071372364624,11.882898662203464
530,0.6768393620286868,143.2976849942054,0.07767614768372856,11.714964319027336,11.877363041148914
531,0.6768393620286868,143.29127938859182,0.08326699114816283,11.754301838230836,11.843790910477544
532,0.6768393620286868,143.2879670735162,0.04017831524064792,11.639245348532748,13.073159246034917
533,0.6768393620286868,143.28413003686893,0.04941057863493031,11.217221243233658,11.95582128759286
534,0.6768393620286868,143.27924433831535,0.06294781488973407,11.199191979352124,11.949491260929957
535,0.6768393620286868,143.273343627992,0.07657384260947242,11.340689089085506,11.863894087248719
536,0.6768393620286868,143.2666294701741,0.08757087970129811,11.516105883855122,11.804164148229408
537,0.6768393620286868,143.26068910964216,0.07407357343395025,11.576947334108953,12.71716012990041
538,0.6768393620286868,143.25404978574187,0.0884414925287354,11.557694230019486,11.496954436355688
539,0.6768393620286868,143.24828809241532,0.07518086473913756,11.413166446400158,12.1529987734366
540,0.6768393620286868,143.24176058622308,0.08699311311433812,11.552230007307504,11.099692083062155
541,0.6768393620286868,143.23476070083638,0.09248915793632205,11.652081431247503,10.902298521688959
542,0.6768393620286868,143.22757032630292,0.09527144236834341,11.619626802721596,10.80128240042057
543,0.6768393620286868,143.22160950348703,0.07756559241881271,11.25279998645204,11.831519021621018
544,0.6768393620286868,143.21507206006876,0.08802982093075881,11.100545143245519,10.92650063313675
545,0.6768393620286868,143.2080547818111,0.09536176887087519,10.999186920294145,10.834841057332337
546,0.6768393620286868,143.2006654746501,0.10128954853817684,10.904487703411949,10.78858284604643
547,0.6768393620286868,143.19424080171387,0.08608887752165133,10.624498230264418,11.834355483069723
548,0.6768393620286868,143.18703374064697,0.09993356834411632,10.605523311252094,11.103252448224733
549,0.6768393620286868,143.1790823729249,0.108971391556705,10.698869243415318,11.233956788601972
550,0.6768393620286868,143.17048096633212,0.11572652364373429,10.813100575554024,11.443002096259663
551,0.6768393620286868,143.16153652412967,0.1211524992363693,10.938616003027729,11.70742856699892
552,0.6768393620286868,143.15199417462694,0.12609371560734103,11.09765648126269,12.00058753191449
553,0.6768393620286868,143.14289884816603,0.1056677262685046,11.45496633369882,13.649494301278805
554,0.6768393620286868,143.13580689302913,0.08535368786966796,10.142461534656558,12.792254664777309
555,0.6446089162177969,143.13057887144066,0.06325726881670628,9.971142185852173,13.76121773540076
556,0.613913253540759,143.12420427034334,0.08633189238587276,9.451813939572158,12.533251598453575
557,0.5846792890864371,143.11920758246276,0.07100235554649502,9.011939408489622,12.17709081423091
558,0.556837418177559,143.11617093952705,0.045303281250151074,8.82508990296565,11.82361348409441
559,0.5303213506452943,143.1144997684684,0.026302206910542233,8.89324727473141,11.425282433849516
560,0.5050679529955183,143.11174777844144,0.04556685708797331,8.975300215062166,11.071031436608763
561,0.4810170980909698,143.11094406600594,0.014982916607957798,8.110090157378972,11.969335800726688
562,0.4581115219913998,143.11021274929251,0.014210163525736114,8.378946235387385,11.706423275917494
563,0.43629668761085694,143.11059194580199,-0.00783045411226549,8.338616206004852,11.566034437909316
564,0.4155206548674828,143.11096822020085,-0.00881690505168188,9.340943967448204,10.39076876196933
565,0.4155206548674828,143.11193803482112,-0.022638473146601366,10.090253286561124,10.126597375530586
566,0.4155206548674828,143.11338673367658,-0.03471592229397699,9.053228847314971,10.779113184870726
567,0.4155206548674828,143.1159261311742,-0.060644353243051355,9.364497464349721,10.816180878101019
568,0.4155206548674828,143.1182956984909,-0.058629282710010056,10.135632798359474,9.81914651707735
569,0.4155206548674828,143.12107476493745,-0.0669673857057631,10.719368684256349,9.672496164272914
570,0.4155206548674828,143.12295673842726,-0.04529295277928014,10.420277028679836,9.451330738759738
571,0.4155206548674828,143.12474697535188,-0.0436974516989558,10.274265814858193,9.408483496202297
572,0.4155206548674828,143.12691797553632,-0.05293021524771964,10.28614396289127,9.415771290446637
573,0.4155206548674828,143.1294958578864,-0.06215277083984442,10.401572402135578,9.455300266276527
574,0.4155206548674828,143.13413077894495,-0.10493392841071537,11.409327134627663,10.516077281999083
575,0.4155206548674828,143.13847298280587,-0.09837013419929812,11.069890969186126,9.715805322501762
576,0.4155206548674828,143.14259236527568,-0.09407932904924873,10.980808131277334,9.698195496528154
577,0.4155206548674828,143.14833616712073,-0.12406276036540678,11.958910942490302,10.746147391600617
578,0.4155206548674828,143.15355747140296,-0.11506364166061964,11.379869624400525,9.935676826062222
579,0.4155206548674828,143.1587887872318,-0.11474590808798205,11.433261354315633,9.906739588122525
580,0.4155206548674828,143.16570908931013,-0.1447646648751041,12.347985356325749,10.771582399578675
581,0.4155206548674828,143.1720090815248,-0.1343634535329263,11.758590143995987,9.943457822264872
582,0.4155206548674828,143.17825114525556,-0.13335454487928008,11.738612730156992,9.732408935363216
583,0.43629668761085694,143.18491288088012,-0.13573650840057486,11.721894787982313,9.728844237289671
584,0.4581115219913998,143.1916428488442,-0.13313713848540598,11.498245536211225,9.809070936148256
585,0.4581115219913998,143.2003350297081,-0.16394146429623152,12.422098517702953,10.6666362184576
586,0.4581115219913998,143.20603953124038,-0.11986441422383262,10.825431935258068,9.778222738622175
587,0.4581115219913998,143.20955333175107,-0.07751815717374416,10.010464667928884,9.577502914401421
588,0.4581115219913998,143.21167350210655,-0.046980272034989265,9.676060634993407,9.354437643078844
589,0.4581115219913998,143.21303594325985,-0.029914712336062542,9.480670394718658,9.097133212502463
590,0.4581115219913998,143.21515312607985,-0.05110619854320612,9.705989296843502,8.7994301967173
591,0.4581115219913998,143.21756626493666,-0.0569858929357473,9.921331928427191,8.551139812255144
592,0.4581115219913998,143.2207555692918,-0.07804715057990966,9.295156661758806,8.961537876136001
593,0.4581115219913998,143.2234016582587,-0.06394063878161166,9.413373076804747,8.177825049380761
594,0.4581115219913998,143.2256324514374,-0.05325040687053577,9.815024817467517,8.109702578560368
595,0.4810170980909698,143.22772360634292,-0.045008790406909395,10.367035579538024,8.398069086186796
596,0.5050679529955183,143.22960559429615,-0.03789198520004529,10.554700314783481,8.680573491490064
597,0.5303213506452943,143.2311503578948,-0.03142516312382851,9.659049440423235,8.90898753680804
598,0.5303213506452943,143.2333949355673,-0.046055289183023145,9.359895835077957,9.8637544517341
599,0.5303213506452943,143.23481857152194,-0.030652808774797227,8.161415564898572,9.125960289300549
600,0.5303213506452943,143.2380543227959,-0.06481421100254722,8.62986178266838,10.103969338587424
601,0.5303213506452943,143.2417274164002,-0.07293688485765024,8.458591566023317,10.192293302022431
602,0.5050679529955183,143.24382912214105,-0.04763967563530595,7.249083318809859,9.10211496298593
603,0.4810170980909698,143.24587783299674,-0.048224064747138605,6.825968368960659,9.479437784350516
604,0.4581115219913998,143.2487892682973,-0.07253971919363578,7.380412034140166,9.403430044261553
605,0.43629668761085694,143.25159752291168,-0.07396199147379548,7.3389762648987595,9.068490114092038
606,0.4155206548674828,143.25398979620957,-0.0667779724595075,7.295295765275808,8.722414830525473
607,0.4155206548674828,143.25610372456387,-0.058462554068708324,7.163621691913043,8.547407865326864
608,0.4155206548674828,143.25798886242748,-0.05298245288437638,6.986894664524758,8.41071669540202
609,0.39573395701665026,143.25988168232158,-0.058789188863308146,8.732422614089199,7.626757674356945
610,0.39573395701665026,143.2616094698128,-0.05188126519379926,9.03239016029273,7.42981469099793
611,0.4155206548674828,143.26288409136546,-0.039384535518961,8.11618481436153,7.459347201939516
612,0.4155206548674828,143.2636654772102,-0.025475089629627808,7.335932853355421,7.468080526134743
613,0.4155206548674828,143.2647485930739,-0.03410191054757971,6.035421492237301,8.204078904710396
614,0.39573395701665026,143.26578316938148,-0.034599988549456194,5.840517539269959,8.109787888492182
615,0.3768894828730002,143.26757144673064,-0.06314121444101208,6.53931445580323,8.065553307108768
616,0.3589423646409526,143.26940532277382,-0.06812914806036202,6.8127534592167205,7.814502136094655
617,0.3589423646409526,143.2704871337914,-0.04057154459949117,7.51548355277315,7.046576408229598
618,0.3589423646409526,143.27097633329544,-0.018505879739556284,7.904561676964724,6.880956658640671
619,0.3589423646409526,143.2709959973655,-0.000749625224369045,7.843876394454676,6.801029046194549
620,0.3589423646409526,143.27120710573257,-0.00824319608619353,6.356202517072238,7.434882528356024
621,0.3589423646409526,143.27089972913126,0.012376890710900697,6.999811078130058,6.850551084459724
622,0.3589423646409526,143.27080536053512,0.0037743158685511207,6.396594467089275,7.476369747332214
623,0.3589423646409526,143.27078173965427,0.0009349977270072942,6.5044263308592,7.554175219266615
624,0.3589423646409526,143.27019620380824,0.024254102514377665,7.008620971422854,6.913271772479933
625,0.3589423646409526,143.2697893650281,0.016159170852698405,6.837415208899983,7.528436483107069
626,0.3589423646409526,143.26942880016426,0.013893848767310837,7.155440884953619,7.760011345124605
627,0.3589423646409526,143.26846500339397,0.037804840068482636,7.401203692202529,7.252645984675321
628,0.3589423646409526,143.26704772695172,0.0536471573464531,7.899677719406139,7.244515990347937
629,0.3589423646409526,143.26520797595816,0.06615433037557916,8.315766541306818,7.274510598814919
630,0.3589423646409526,143.26293878831686,0.07785471129047447,8.715394117904317,7.314426615221418
631,0.3589423646409526,143.26021688038875,0.08936056763241569,9.108126038501524,7.358450654034008
632,0.3768894828730002,143.25781526577404,0.0720921220439051,9.486974416838521,8.539825665825466
633,0.3768894828730002,143.25468567697536,0.09383957129109592,9.49759146430167,8.08242451885189
634,0.3768894828730002,143.25234015061517,0.07277537540333343,8.911090616053576,8.186554011698096
635,0.3768894828730002,143.24985231955856,0.07745124301245702,8.881114906039691,8.220346903144268
636,0.3768894828730002,143.24803741066566,0.05665263143221555,8.599486383447186,8.336270362205253
637,0.3768894828730002,143.24590927661973,0.06892149439984058,8.793393641588997,8.480894545563256
638,0.3768894828730002,143.24399674574016,0.06082546172032092,8.95437467768892,8.748351833704177
639,0.3768894828730002,143.24125888986234,0.08069365602818804,9.66236437739718,8.962724160860652
640,0.3768894828730002,143.2387590953711,0.07200713501809675,9.88646414924101,9.264612626346443
641,0.3768894828730002,143.23695760695665,0.05262163392483486,9.749433142262921,9.407194609832787
642,0.3768894828730002,143.23562612145412,0.039088893247613804,9.700526110234172,9.508474099423042
643,0.3768894828730002,143.23530577943293,0.008272265639873932,11.028124498244452,10.597600553443666
644,0.3768894828730002,143.23465828599967,0.01824168378956553,9.813986162850227,9.761587991780038
645,0.3768894828730002,143.2350338657678,-0.009947964948248868,10.751774917010572,10.703728890428605
646,0.3768894828730002,143.23505182351664,-0.0004925794317130164,10.079769856052744,9.81469616411388
647,0.3768894828730002,143.23499785094347,0.0014640812385476013,10.498328774506264,9.586394325093309
648,0.3768894828730002,143.23478168802947,0.005586978010601425,11.018346992553598,9.386853976482268
649,0.3768894828730002,143.23544995954404,-0.017236416951177645,11.041248368304919,10.096698037389904
650,0.3768894828730002,143.23417256985502,0.031221084803980156,11.651655573662058,9.148568826091724
651,0.39573395701665026,143.23229043286395,0.04281005478954948,11.924175751567116,9.052448377880847
652,0.4155206548674828,143.22913062172285,0.06771200847136984,12.053940761277742,9.061629745436656
653,0.43629668761085694,143.22473201452064,0.09005105220705242,12.016298632455053,9.132615271499454
654,0.4581115219913998,143.21933385288565,0.10448809924371474,11.75159607054222,9.21698874263943
655,0.4810170980909698,143.2152102372431,0.08218376394684364,10.553181972113935,9.303047248560183
656,0.4810170980909698,143.21122142871135,0.07955441110093475,10.238420828307426,9.219844778590822
657,0.4810170980909698,143.2068786101168,0.08594406145001164,10.318340776362344,9.079255471631898
658,0.4810170980909698,143.2031813476264,0.07427897711640517,9.868046721452458,9.671561538118267
659,0.4810170980909698,143.19893356667794,0.09191824773220046,10.311601041066329,9.041797404258181
660,0.4810170980909698,143.19395698703295,0.10288933063383077,10.79260649333223,9.074324308142598
661,0.4810170980909698,143.18990349893042,0.08504242626522052,10.635526305636299,9.243622525749963
662,0.4810170980909698,143.18799375524154,0.04102252490399002,10.085122947143097,10.040693356518794
663,0.4810170980909698,143.18552044050423,0.05411108671788787,9.901970545630471,9.174986783500158
664,0.4810170980909698,143.18213658028256,0.07348874784770869,9.975164547973076,9.160040679507715
665,0.4810170980909698,143.17794413018493,0.09182931349883008,10.187140358677647,9.243576570896677
666,0.4810170980909698,143.17526196925658,0.05782710331120838,9.457431373815805,10.349494051877604
667,0.4810170980909698,143.17281473998742,0.051295717289151714,9.29287506753388,10.64533362295746
668,0.4810170980909698,143.16933897675543,0.07727587898233432,8.540255175581468,9.743942937102585
669,0.4810170980909698,143.16501518155064,0.09639420532073958,8.647184419049665,9.434208375869002
670,0.4810170980909698,143.1601320712675,0.10912768664370473,8.894260528874751,9.13725268849192
671,0.4810170980909698,143.15609730437762,0.08989567988882285,7.837387606204177,9.165025515172532
672,0.4810170980909698,143.15329523008367,0.06250727722777048,6.948416709247261,9.153835753746572
673,0.4581115219913998,143.15132285236288,0.04634659309388039,5.895148041918683,9.97073785014339
674,0.43629668761085694,143.1486216486593,0.07103186769501216,6.495628352786635,9.082621191674553
675,0.4155206548674828,143.1452063157625,0.09492544629428715,7.742917343192126,8.760110150017589
676,0.4155206548674828,143.14120615337416,0.11272239011315759,8.64025592846582,8.607505591003187
677,0.4155206548674828,143.1374636201916,0.10346258448118313,7.47824874012317,9.343637039558736
678,0.39573395701665026,143.13450240777485,0.09160895274937726,7.477443308928629,8.511720231312125
679,0.39573395701665026,143.13144084052195,0.09656374316804188,8.022445930483592,8.348633742817858
680,0.39573395701665026,143.12853500257876,0.08657949244194334,6.731270483496544,9.102889621510489
681,0.3768894828730002,143.12520711079972,0.11041696181976575,8.3331346230318,8.149581475430146
682,0.3768894828730002,143.12097341091294,0.12782071888853658,9.432591662710198,7.984093848695928
683,0.3768894828730002,143.11725435508075,0.11834019007767374,8.09192626094157,8.689112736083139
684,0.3768894828730002,143.1127855428707,0.13610076647536173,9.350692059768638,7.943439142675078
685,0.3768894828730002,143.10889683733055,0.1241233103937146,8.325536332383585,8.66217005024586
686,0.3768894828730002,143.10513813717128,0.11898565656916274,8.101133241309054,8.734098133202734
687,0.3768894828730002,143.1006253537363,0.13850193065231098,9.278993835575077,7.951589968753769
688,0.3768894828730002,143.09528647506463,0.15036703187602432,10.111361679039176,7.857750065636816
689,0.39573395701665026,143.08930199768022,0.157310223439422,10.317921135779326,7.994255116279397
690,0.4155206548674828,143.08273730399063,0.16233876596394844,10.44541860205765,8.242870550748345
691,0.43629668761085694,143.0767195619137,0.1411567719665283,10.182137339062976,9.560745330619508
692,0.43629668761085694,143.06992538880993,0.15653266963278137,10.366656649749418,8.9127175447824
693,0.43629668761085694,143.062653504928,0.16668983108337726,10.732036786894447,8.97790653377268
694,0.43629668761085694,143.05477876787708,0.17449326674311463,11.102012485592443,9.055485148466982
695,0.4581115219913998,143.04752350628831,0.153376497366371,11.082794604107418,10.369896859150094
696,0.4581115219913998,143.04069439721866,0.14413334974533878,11.100808064370122,10.664316409514244
697,0.4581115219913998,143.03294551284054,0.16644109681796596,10.907711341971154,9.821254764552881
698,0.4581115219913998,143.0242273425071,0.17896795088694392,11.413139062982005,9.771604374970751
699,0.4581115219913998,143.0164838780369,0.1596855835176927,11.03030192704803,10.798069323870559
700,0.4581115219913998,143.01076860989258,0.11738593649998606,9.737152100461891,11.074862474654074
701,0.4581115219913998,143.00475214057678,0.13127306245898548,9.611266449606271,10.12154159947351
702,0.4581115219913998,142.99958322596575,0.11283278602966483,9.228488537478828,10.11683393733214
703,0.4581115219913998,142.99391005332993,0.12307961293000892,9.565225709333648,10.179359511503948
704,0.4581115219913998,142.98912501595052,0.10740407311082795,9.16817758007353,10.438055647604758
705,0.4581115219913998,142.98516124930129,0.08787889845484233,8.68908581882875,10.56765190712802
706,0.43629668761085694,142.98215028674576,0.0710576208660387,8.309996629762605,10.424110727477265
707,0.4155206548674828,142.98046423526282,0.038179243156287,8.349123296113415,11.407149658220193
708,0.39573395701665026,142.97879777103472,0.04229689820800271,7.840050814477456,10.374643274746672
709,0.3768894828730002,142.9781720342552,0.016203215966322335,7.865424874179355,10.997720622720319
710,0.3589423646409526,142.97732139158848,0.025258796560895014,8.538788641011024,9.776846634922803
711,0.3589423646409526,142.97627093684696,0.03110474567764313,9.36346251136161,9.518702676967402
712,0.3589423646409526,142.9760906424242,0.005226110613188981,8.06148479998388,10.315854664824492
713,0.3418498710866215,142.97554316424015,0.01804296815221713,8.895746415137602,9.249375902062251
714,0.3418498710866215,142.97505602586227,0.016371030245738716,9.021825275797724,9.070472880266472
715,0.3418498710866215,142.97479662834007,0.008882426416728635,8.902004291128089,8.853759682658723
716,0.3418498710866215,142.97551057956036,-0.023544919838930787,7.12060529988988,9.520552300709022
717,0.3255713057967824,142.97685768031084,-0.04733346253740348,6.939472422527093,9.382356291713831
718,0.3100679102826499,142.97777651656344,-0.03688880112362921,8.173450759755022,8.370969767071372
719,0.3100679102826499,142.97870759794097,-0.03713376937669856,8.679366385939298,8.169445666020753
720,0.3100679102826499,142.97958498992148,-0.03636392149346739,8.108772977987634,8.08036895848042
721,0.3100679102826499,142.98137710946315,-0.07016456105323665,6.094469094011803,8.841349936596632
722,0.2953027716977618,142.98283708290367,-0.06449917765166116,6.94105173820926,7.987525715192754
723,0.2953027716977618,142.98425548195303,-0.0609944463653385,5.641339145754051,8.452143350192522
724,0.2812407349502493,142.98524595527564,-0.048360808201635685,7.221443604362439,7.588571374847313
725,0.2812407349502493,142.98637638667512,-0.053646773427622495,8.041713952998869,7.4218157583674085
726,0.2812407349502493,142.98765657521037,-0.06061856692487231,8.059651881805845,7.344387259287397
727,0.2812407349502493,142.98914827596184,-0.07239649906076272,7.634400407550112,7.4330330842623855
728,0.2812407349502493,142.9907955051454,-0.07938896756913015,7.379830037536685,7.463927973217704
729,0.2812407349502493,142.99350588606652,-0.12302499349422512,8.361564432057936,8.407850796178195
730,0.2812407349502493,142.99776120052238,-0.1537442521343543,10.562842054239166,8.728352455654159
731,0.2953027716977618,143.0035401163739,-0.1706705889117386,12.30683562038778,9.261812326242243
732,0.3100679102826499,143.0082387974336,-0.1513904683484715,10.430608059555118,8.937843071292384
733,0.3100679102826499,143.01273403388637,-0.1469656845160556,9.980023568605564,9.03381909706455
734,0.3100679102826499,143.01988372578174,-0.18802855262134782,13.16233503547387,10.090578653989377
735,0.3255713057967824,143.0261335298866,-0.17457193254813513,11.458687583384007,9.607345290101689
736,0.3255713057967824,143.03210324460343,-0.16975363886563807,10.927986591524153,9.660248495746172
737,0.3255713057967824,143.0379839835675,-0.16891688975808541,10.818436362419364,9.717658240527934
738,0.3255713057967824,143.0436804433046,-0.1628241153025995,10.554915213375539,9.781071640735078
739,0.3255713057967824,143.04951261856107,-0.1646733860942697,10.685026271183498,9.829570196805028
740,0.3255713057967824,143.05836798475207,-0.211393792735325,13.810023335789321,10.874540090763482
741,0.3418498710866215,143.06659431099627,-0.2001553593549637,12.52830449351788,10.305410974988344
742,0.3589423646409526,143.07864094260043,-0.23595976951450096,15.266138080133588,11.642600225487847
743,0.3768894828730002,143.08932785432833,-0.21854149910185805,13.520517064164931,11.114846210195768
744,0.39573395701665026,143.10032992589237,-0.2132547207534089,13.189377062851069,11.450020507750164
745,0.39573395701665026,143.1107947228451,-0.20697348390408266,12.926012412054202,11.652431746930862
746,0.39573395701665026,143.12128155030254,-0.20661376491516678,12.975776111780085,11.817693804820685
747,0.39573395701665026,143.1318199102689,-0.21348036326014086,13.388687893198552,11.959611103058181
748,0.39573395701665026,143.14259724150938,-0.21507839015242614,13.590560737175863,12.076047832241018
749,0.39573395701665026,143.15338347616796,-0.21482847296313648,13.617611651008126,11.987880243557337
750,0.39573395701665026,143.16421420374627,-0.2146994645644053,13.682000212107706,11.819200787331148
751,0.39573395701665026,143.17977725594577,-0.2621803853081856,16.304380382619367,12.864299328850743
752,0.4155206548674828,143.19472321203855,-0.24764555092624435,15.135248995980227,12.18092845804506
753,0.43629668761085694,143.20976113385728,-0.23983559522573508,14.53931874033945,12.211984118750925
754,0.43629668761085694,143.2249854425489,-0.24234323876500577,14.567215596473186,12.240693261101663
755,0.43629668761085694,143.24080961647584,-0.24770591507965964,14.813392991939091,12.282152588957732
756,0.4581115219913998,143.25796505826096,-0.25180758841715245,15.04574399321948,12.593587483034113
757,0.4581115219913998,143.27548448381754,-0.2542404963055144,15.217934468349933,12.734797452308845
758,0.4581115219913998,143.2931809925066,-0.25515503036547305,15.316658663644276,12.847394036313418
759,0.4581115219913998,143.31016154102988,-0.2489369912529279,15.064088353272666,12.93690707982919
760,0.4581115219913998,143.32702138237136,-0.2472435437844209,15.059449583485572,12.985670386863902
761,0.4581115219913998,143.343325654744,-0.2410967944720697,14.93449565704853,13.009990069936181
762,0.4581115219913998,143.35907739316175,-0.24224429902196803,15.234561227136211,13.205533930857056
763,0.4581115219913998,143.37877358942404,-0.28662884205803535,18.155325485646568,14.735228463010309
764,0.4810170980909698,143.3991717980615,-0.2744751504596617,17.100357228148596,14.089667270488421
765,0.5050679529955183,143.42047737241307,-0.2650804656604015,16.392012510539402,14.416761523104876
766,0.5050679529955183,143.4408442901707,-0.2553027176221532,15.51438713576978,14.523313663068304
767,0.5050679529955183,143.4629298629258,-0.29151948926348126,17.429632366420723,15.929436755034706
768,0.5050679529955183,143.48328226078442,-0.2699168536812403,15.556961710291196,14.6396415838062
769,0.5050679529955183,143.50240522217712,-0.25695086928158817,14.907576068311243,14.249420843284673
770,0.5050679529955183,143.52157348261804,-0.2558927247850313,15.004680072672093,13.83526793038179
771,0.5050679529955183,143.5437950258172,-0.2933142371219946,16.56769615390563,14.572398117899022
772,0.5050679529955183,143.56511786037288,-0.2755047088980166,15.968168725284999,13.22946979949206
773,0.5303213506452943,143.58645766295461,-0.26770100629514876,15.663553558496782,12.961319975427005
774,0.556837418177559,143.60821713832692,-0.2646148375428931,15.388448359256683,12.84405083597362
775,0.556837418177559,143.6300245540485,-0.26479768379247415,15.411702763993974,12.629139455626756
776,0.5846792890864371,143.65576386950337,-0.2934864284894412,16.729045230947015,13.761805794684815
777,0.613913253540759,143.67703772132222,-0.24769440880976995,14.578469481025172,12.985715670807291
778,0.613913253540759,143.6930439430753,-0.20507953488702396,12.862082367099521,12.816552150965485
779,0.613913253540759,143.70929973897438,-0.2066427059352912,12.963818392825932,12.536851675619136
780,0.613913253540759,143.72481204428001,-0.19599968662549835,12.662764291762384,12.268952068532599
781,0.613913253540759,143.74060692448688,-0.20773588511072086,13.293031746287438,11.980464665799209
782,0.613913253540759,143.75568392879887,-0.2020778770223854,13.0441420208365,11.652292717630576
783,0.613913253540759,143.771699752299,-0.21199267363342425,13.208322130525477,12.126190061373087
784,0.613913253540759,143.78551125093296,-0.19046913151442746,12.308303845609261,11.018950367880144
785,0.613913253540759,143.7981528317595,-0.17491185041977392,11.910416048944201,10.426350438137419
786,0.613913253540759,143.81004201084787,-0.16328892441778203,11.998858212678577,9.914835405578431
787,0.6446089162177969,143.82160698936627,-0.1529821276801465,11.864777966060306,9.65867837237623
788,0.6768393620286868,143.8327734966274,-0.14314700868850952,11.320458932733327,9.51246909621258
789,0.6768393620286868,143.8425712460365,-0.13368171769471507,10.326331043645371,9.15518298391126
790,0.6768393620286868,143.85101706399126,-0.12373913054644305,9.336608847780294,8.98208886992975
791,0.6768393620286868,143.85862682614987,-0.11352259538790707,8.623641634571543,8.902378508676557
792,0.6768393620286868,143.86550822439213,-0.10315555525369215,8.038686360341623,8.859339710576023
793,0.6768393620286868,143.87167649893084,-0.0928250215130299,7.503309051677734,8.825024514427149
794,0.6768393620286868,143.8771764541963,-0.08307598700325775,6.9890430698104575,8.792268279106095
795,0.6446089162177969,143.881842422734,-0.07379503905792244,6.577515775939375,8.560201689547362
796,0.613913253540759,143.88575582713784,-0.06525681066602117,6.361198940302207,8.276568571669781
797,0.5846792890864371,143.88899997822952,-0.05730555691054932,6.3613937474813795,7.96485441784792
798,0.556837418177559,143.89173613446368,-0.0503132130334783,6.380437686983745,7.799817132162023
799,0.5303213506452943,143.89394161157128,-0.043373328128787456,6.343214187257463,7.657635439979716
800,0.5050679529955183,143.8956753145692,-0.03640886065162525,6.254828566441698,7.529598013739353
801,0.4810170980909698,143.89697327279907,-0.02912136903849671,6.184353444069498,7.400182105422432
802,0.4810170980909698,143.8979448851468,-0.021740111901194077,6.021767883997715,7.420355781864337
803,0.4581115219913998,143.89851066294128,-0.013431656117276189,6.022277505219672,7.343432575413832
804,0.43629668761085694,143.8986965383575,-0.004691406303362782,6.086474036812824,7.252554209435344
805,0.43629668761085694,143.89853338821402,0.004096930541413979,5.916215052285763,7.289553635659933
806,0.4155206548674828,143.89802479813218,0.013551031005483872,5.961766133203513,7.213680836165672
807,0.39573395701665026,143.89719720472766,0.023477315158425622,6.153666390349153,7.114088536997699
808,0.39573395701665026,143.89600290527028,0.03369684484039037,6.309548848319835,7.152776773123288
809,0.39573395701665026,143.89521224637417,0.02353572914379354,6.579494764156976,7.97614891095177
810,0.3768894828730002,143.89443382903514,0.02419711435270259,7.028248457834873,8.019918823049622
811,0.3768894828730002,143.89299907582546,0.046805258475523616,6.876307114885085,7.419358910628406
812,0.3768894828730002,143.892047164806,0.031311323678254274,6.610409572219767,7.358321347120321
813,0.3768894828730002,143.89168145619377,0.012218707331458883,6.642989399154401,7.2442553262093154
814,0.3768894828730002,143.89232654906294,-0.023497224270029773,6.747520072658513,7.817548367927166
815,0.3768894828730002,143.89221429841757,0.004322898523437728,6.45666266766218,7.178628497550084
816,0.3768894828730002,143.89114374039838,0.041086624718916505,7.013954572229171,7.203398096191178
817,0.3768894828730002,143.88897535138472,0.07537715954347768,8.192371751072324,7.194053319626374
818,0.3768894828730002,143.88557375895454,0.10309318789694989,9.396465597025372,7.067823937581472
819,0.39573395701665026,143.88109187453733,0.12069987008456307,10.071096830601043,7.051739499196484
820,0.4155206548674828,143.8759177820227,0.12980652270019302,10.296065495412462,7.0616264900427135
821,0.43629668761085694,143.87033060961664,0.13371764959458726,10.27892417287051,7.1030477743840335
822,0.4581115219913998,143.8644569218068,0.1345179534911354,10.230235539255473,7.4407666359093865
823,0.4810170980909698,143.85820763733366,0.13426602948926133,10.385558922081133,7.915945887847686
824,0.5050679529955183,143.85136972270894,0.13492799556927537,10.769561778219456,8.491587452020365
825,0.5303213506452943,143.84373564359825,0.13698714566508696,11.27882782420037,9.161876113625365
826,0.556837418177559,143.83514581855343,0.14030582276622833,11.800664189559146,9.905000128089462
827,0.556837418177559,143.82826892518722,0.11867787195347511,10.843841064322847,10.201185119641996
828,0.556837418177559,143.82134615798194,0.12193292848336343,10.315305679030665,10.184508811158148
829,0.556837418177559,143.81392910718907,0.1355023942456403,10.550720360269668,10.40652268066981
830,0.556837418177559,143.80590028495544,0.1313820829907639,11.686136605562007,11.77913848127957
831,0.556837418177559,143.79647155180646,0.1532674087234539,11.512353942656247,11.09072344886419
832,0.556837418177559,143.78627200674023,0.16735435450229214,11.747396099205796,11.090309993499927
833,0.556837418177559,143.77528674823884,0.1762434002201897,12.01421076437317,11.086896787405541
834,0.556837418177559,143.7637255096379,0.1820701266199184,12.23949497607368,11.0875418297618
835,0.556837418177559,143.75168613337487,0.18631910186220874,12.455020132640412,11.093981446205596
836,0.556837418177559,143.7409379081889,0.16592321892434855,12.461973823396095,12.48611759026881
837,0.556837418177559,143.72920812288143,0.17949020739079724,12.596419983381614,11.713706026695581
838,0.556837418177559,143.71658155630573,0.1876875727275481,12.9672410331404,11.887942479665542
839,0.556837418177559,143.70321364585496,0.1932851462817433,13.33100452039149,12.137810650001494
840,0.556837418177559,143.6922325030696,0.167231294621551,12.288265621027316,12.178367204227603
841,0.556837418177559,143.68352054501375,0.13409987491017966,11.157603194445421,12.157604375480105
842,0.556837418177559,143.6743326023692,0.14095438603421107,11.298247300708404,11.843036293824778
843,0.556837418177559,143.6640528268158,0.16309982516307406,12.148648462668422,11.870519218290818
844,0.556837418177559,143.65122727290057,0.18619232633149035,13.277373760957632,12.007224150105628
845,0.556837418177559,143.64087398458702,0.1470367358948972,12.587168384922661,13.572201020913608
846,0.556837418177559,143.62993858066704,0.16345198592762983,12.52002601410715,12.480248604714257
847,0.556837418177559,143.6176923505202,0.18037665641083242,13.086391630879808,12.206927967610937
848,0.556837418177559,143.60716467746622,0.15984682916026663,12.00053354425636,12.325057868748218
849,0.556837418177559,143.5966173876836,0.1629743846939732,11.915441642827451,12.11105933571919
850,0.556837418177559,143.58523792355925,0.17411168042963568,12.230789945119325,11.885900998135924
851,0.556837418177559,143.5731505563575,0.18548614936715085,12.56082192378334,11.639857183990209
852,0.556837418177559,143.56269056739836,0.16622606233952922,11.32042626498317,11.775862136760251
853,0.556837418177559,143.55395126653713,0.13989675337962584,9.954360293341502,11.69040773355301
854,0.556837418177559,143.54494219954762,0.14328185523965253,9.886129058617986,11.423837032635749
855,0.556837418177559,143.53511053456012,0.1574193953233018,10.364313122800043,11.347291477781035
856,0.556837418177559,143.5253469567882,0.1513325973502454,10.331419405403329,12.435817281245304
857,0.5303213506452943,143.5167620384174,0.14700763733081093,9.7416421738989,11.474827750496448
858,0.5303213506452943,143.50788026559425,0.15387789931607415,10.016665653623084,11.341573576782112
859,0.5303213506452943,143.49848813517517,0.1636908482326929,10.462903246482803,11.274300811458756
860,0.5303213506452943,143.4893862334283,0.15166512855183192,10.12690443189441,12.146007164891756
861,0.5303213506452943,143.48122708121133,0.14067014880682682,9.282520998515704,11.397064110605793
862,0.5050679529955183,143.47575823394985,0.09482129085929601,7.602535929068776,12.256496834626978
863,0.4810170980909698,143.47171653082725,0.08048477402047771,7.137367486192175,10.878754639803052
864,0.4581115219913998,143.4680428873588,0.07639553164698626,6.702730337354596,11.266371620698244
865,0.43629668761085694,143.46458806835568,0.08075189719932305,7.795302740717022,10.218323887119526
866,0.4155206548674828,143.46219704419005,0.057698145318168186,6.498676288223427,10.704237467306928
867,0.39573395701665026,143.4589373924302,0.09035105928066453,9.146161529179059,9.50000106298688
868,0.39573395701665026,143.45560260030922,0.09350047706804142,9.216347455725883,9.391622705232955
869,0.39573395701665026,143.45226140383542,0.09104570925926227,7.895648136698825,9.953262381174765
870,0.3768894828730002,143.44920347230695,0.0927840439356505,8.500346774997304,9.11233035027855
871,0.3768894828730002,143.44625166473736,0.08745266423176033,7.5847314311496445,9.612297823035322
872,0.3589423646409526,143.44235153972238,0.11560616714800358,10.087859978717619,8.48367036147464
873,0.3589423646409526,143.43891680036802,0.10433304954931938,9.55732115584024,8.3728277962342
874,0.3589423646409526,143.4371173130709,0.05567989740322224,6.303923040597888,9.109141103346287
875,0.3418498710866215,143.43586092183875,0.04383180160258589,7.062447557691776,8.235969322252986
876,0.3418498710866215,143.43487186632618,0.034560428016376224,7.515168905821036,7.983318860925767
877,0.3418498710866215,143.43415632593985,0.025315759025319018,7.27572833006867,7.884698992690621
878,0.3418498710866215,143.433490028584,0.02374853813679988,6.7330740319508395,7.8265998223852
879,0.3418498710866215,143.43265959949912,0.030064544894604278,5.57484451909441,8.672388731641451
880,0.3255713057967824,143.4308026366953,0.07692265884499123,7.529634049103409,7.726660153085976
881,0.3255713057967824,143.4287784298041,0.08286172197736254,7.818867223477879,7.733577600118919
882,0.3255713057967824,143.42609916589342,0.1010934389106984,8.7372073438147,7.559745235575433
883,0.3255713057967824,143.42433857420943,0.0669207948901411,7.249872610705091,8.420549800904453
884,0.3255713057967824,143.4222232356352,0.0844702322088641,7.781832341056526,7.641628053887972
885,0.3255713057967824,143.42093380399123,0.050111747162613754,7.208022435014795,8.482793547721274
886,0.3255713057967824,143.41922416704054,0.06999615179573776,7.484348950767054,7.817585232061456
887,0.3255713057967824,143.41693858393612,0.09097093532840438,8.28274851212751,7.768197869353754
888,0.3255713057967824,143.41400849591327,0.10763462931567641,8.974469085341731,7.751920144159728
889,0.3255713057967824,143.4117283375357,0.08744779447025239,8.345628463779505,7.920454480592504
890,0.3255713057967824,143.4093433536124,0.09144763359806009,8.597914110399762,7.941532469934452
891,0.3255713057967824,143.40644612331832,0.10479911053192686,9.113926862665778,7.956677041677792
892,0.3255713057967824,143.40290188907412,0.12022758787465294,9.71848126083134,7.955542271270749
893,0.3418498710866215,143.39926745157834,0.10926721027090554,10.443309963421196,8.945145897949006
894,0.3418498710866215,143.39620637080944,0.09911570998889868,9.414253468854964,8.468239938267915
895,0.3418498710866215,143.392949563325,0.10564974348719842,9.3967405278991,8.43011320590202
896,0.3418498710866215,143.38921044000858,0.11904348947447572,9.861772027817718,8.406148623263022
897,0.3418498710866215,143.385598374275,0.1098646930857636,10.322581427674233,9.074973536011711
898,0.3418498710866215,143.38112071095622,0.13373008441968703,10.51267251280319,8.18731152785293
899,0.3589423646409526,143.3756547597198,0.14800500436849404,11.043096641442672,8.060422863697752
900,0.3768894828730002,143.37052881745345,0.1339741736248796,10.578585967358059,8.808075425014337
901,0.39573395701665026,143.36453428509265,0.1490317549319041,10.909363567086654,8.147405323593448
902,0.4155206548674828,143.35882643651962,0.1350293951309404,10.600845836636145,8.93061080634346
903,0.4155206548674828,143.35245334840255,0.15055437840279937,10.934279119519239,8.261326033699701
904,0.43629668761085694,143.34631616017347,0.13701295067202532,10.69830372026154,9.072226804210173
905,0.43629668761085694,143.33948332233211,0.1523281313455446,11.034821777306421,8.403584114825192
906,0.4581115219913998,143.3316763963448,0.16098865776863264,11.36160816133529,8.382115925038237
907,0.4810170980909698,143.32305258907894,0.1664992395416932,11.557196920396189,8.422406688531074
908,0.5050679529955183,143.3148596540848,0.1499598235106723,11.272072935840248,9.347878959979731
909,0.5303213506452943,143.30667995492234,0.14133626310372324,11.371915644817516,9.792354461844205
910,0.5303213506452943,143.29753186113754,0.15830807366140362,11.354746601382388,9.092795352460529
911,0.556837418177559,143.28734532759128,0.1668377433800065,11.425960448667144,9.070956288313555
912,0.5846792890864371,143.27635573443285,0.1713241355811846,11.43231994763385,9.09569108426669
913,0.613913253540759,143.26465904556613,0.17393557558430073,11.414490332919339,9.151536722382938
914,0.6446089162177969,143.2522816955072,0.17560475466730568,11.394207122010975,9.227277010962968
915,0.6768393620286868,143.2392232266655,0.1767467360990966,11.374812901796583,9.313444074350338
916,0.7106813301301211,143.2255471503038,0.17689305515787226,11.33613065103682,9.585109789923736
917,0.7106813301301211,143.2117554650363,0.17804038423328497,11.358289224577554,9.700120081666999
918,0.7106813301301211,143.1977480991718,0.17988119304186848,11.417862832378992,9.780679765945083
919,0.7106813301301211,143.18342219613436,0.1824065751940683,11.515840112867672,9.834424855611937
920,0.7106813301301211,143.16871159727714,0.1853315288437502,11.638450206487553,9.870303887306365
921,0.7106813301301211,143.15509779249922,0.17065827544432968,11.356095850612114,10.84892874725784
922,0.7106813301301211,143.1403541444648,0.1816416793354701,11.554903687276356,10.078624173108992
923,0.7106813301301211,143.12645799879468,0.170110618659178,11.290224896285523,10.939168003325584
924,0.7106813301301211,143.11250677939876,0.18210432298789414,11.57026339813537,10.113168082347347
925,0.7106813301301211,143.09940746968113,0.17096041356118183,11.234841743643234,10.9169970237765
926,0.7106813301301211,143.08552907996284,0.18213562817126538,11.507884749756167,10.247143988073208
927,0.7106813301301211,143.07095375050704,0.18819372383273184,11.696733025980254,10.161496854473727
928,0.7106813301301211,143.05604797089157,0.19114616407675733,11.777156382042609,10.114055942302146
929,0.7106813301301211,143.04097686966722,0.19268599947983142,11.812617997012739,10.084063613906421
930,0.7106813301301211,143.02765420723017,0.17360344292306504,11.213486151860545,11.252442400286158
931,0.7106813301301211,143.01343607521787,0.18252951782563692,11.421510517322766,10.624125842384093
932,0.7106813301301211,142.9986872950932,0.18702287607906812,11.563131859745344,10.597601386112618
933,0.7106813301301211,142.98365835412054,0.18930097887850203,11.640982258453977,10.583780999244775
934,0.7106813301301211,142.96846042610773,0.19064860809765555,11.688663403796745,10.575226605557651
935,0.7106813301301211,142.9531483279861,0.19149753561766275,11.724264899317237,10.757946709942924
936,0.7106813301301211,142.93774992227762,0.19195378740145752,11.762325155879951,11.012771965352426
937,0.7106813301301211,142.9222325187603,0.19236296492238245,11.82801045600637,11.302516636784391
938,0.7106813301301211,142.90972807541905,0.1451728857875096,10.698110915606103,13.008588807379038
939,0.6768393620286868,142.897861624805,0.1519403854471461,10.35627709231701,12.024056816216437
940,0.6768393620286868,142.8851171305823,0.1611570124031097,10.5795642049052,12.175219637407064
941,0.6768393620286868,142.87145377603048,0.16949712677867182,10.920847051702676,12.410760784863042
942,0.6768393620286868,142.8581943893007,0.15006859693476773,10.990232397719707,14.011165004071119
943,0.6446089162177969,142.84506441334693,0.16377215192992722,10.808080938243648,12.96034557096101
944,0.6446089162177969,142.8317185500323,0.16756159413392321,10.774737156656256,12.875523492324524
945,0.6446089162177969,142.8184729758523,0.16501981232781518,10.601595541991012,12.975598737814455
946,0.613913253540759,142.80630735467517,0.16041426583647328,10.39048106013121,12.8728084367059
947,0.5846792890864371,142.79638753589145,0.13001800109255746,9.61402292204629,14.005827815484103
948,0.556837418177559,142.7871317184499,0.13607762062128848,9.521051626858759,12.728835589329867
949,0.5303213506452943,142.78058146335218,0.1025232808914111,8.979008006353705,12.188447641611786
950,0.5050679529955183,142.77623360410385,0.07388692366257317,8.119465076090568,12.505017912203215
951,0.4810170980909698,142.77146362336012,0.0927347430975749,9.844264650776523,11.14301341900988
952,0.4810170980909698,142.76582891448754,0.10884319479586316,10.585388253297944,10.88833508567869
953,0.4810170980909698,142.75963787031512,0.12056797840359769,10.687332152646086,10.799986181565252
954,0.4810170980909698,142.7548677588609,0.09324807561772033,9.677341949264695,10.759198616859415
955,0.4810170980909698,142.75169537915528,0.06294388589446963,9.103031633183718,10.600415493264485
956,0.4810170980909698,142.749458260779,0.043290673875471586,8.338071178610248,11.530824032844594
957,0.4581115219913998,142.7471687005661,0.04735404964581741,8.632129301974425,11.327914671917602
958,0.43629668761085694,142.74375497926994,0.0803210542837703,10.15092829903111,9.910557231748067
959,0.43629668761085694,142.74091777743527,0.06574380689951119,10.307242234955979,9.759401892381273
960,0.43629668761085694,142.7379193959879,0.06954427540963808,10.606444388560508,9.43736720544729
961,0.43629668761085694,142.73442900964997,0.07924553232405927,10.835352305047019,9.162278292487319
962,0.43629668761085694,142.73206571401437,0.05565058921290963,10.142742153621402,9.090237529751697
963,0.43629668761085694,142.73097643996743,0.025640312797098063,9.851076950500328,8.956543182276826
964,0.43629668761085694,142.73064746737796,0.00771895389181561,9.019396115568746,9.594755587792298
965,0.43629668761085694,142.72924652709386,0.03278203711444864,9.340693269193665,8.766667689064013
966,0.43629668761085694,142.72712052024377,0.05356690057887269,9.76365588980526,8.526589121247412
967,0.43629668761085694,142.72532772895084,0.04669490024797663,9.169958734927798,9.132774685200022
968,0.43629668761085694,142.7228501775672,0.06251186479950911,9.74999828980236,8.245555440824129
969,0.43629668761085694,142.72131630960237,0.039773779274871295,9.210818338225645,8.269334138868855
970,0.43629668761085694,142.72173106219842,-0.010811569752461296,8.59350100696533,9.16236223174428
971,0.43629668761085694,142.72187521524887,-0.003919273490440567,8.528804144348515,8.385010090860906
972,0.43629668761085694,142.72242943776675,-0.01565470131527064,8.709309112253802,8.378945903869912
973,0.43629668761085694,142.7226328641247,-0.005733770861517486,8.451496106882887,8.473717661442084
974,0.43629668761085694,142.72221182690095,0.011830414208965688,8.366612025987903,8.500170594851104
975,0.43629668761085694,142.72190611629773,0.007997932814065311,8.713738587274383,9.403230327803842
976,0.43629668761085694,142.72086452853867,0.029010098846214177,8.575387578092656,8.521660205397716
977,0.43629668761085694,142.71943185954106,0.03974486406552898,8.867662809030584,8.258609377215484
978,0.43629668761085694,142.71783859491984,0.043418643998566084,9.027260611359091,8.14584691965466
979,0.43629668761085694,142.71630353878427,0.04219358036153854,8.949982915623066,8.220286259590866
980,0.43629668761085694,142.71481079207814,0.041053307872831214,8.945040044315657,8.357685156571888
981,0.43629668761085694,142.71335219401735,0.0397665280270276,9.023235259238557,8.55431129946823
982,0.43629668761085694,142.71188071335266,0.0394271899837028,9.181276317433195,8.787144899665934
983,0.43629668761085694,142.71032524926102,0.04067357557999702,9.407884152475532,9.044710074599497
984,0.43629668761085694,142.7086230359798,0.0438603473565439,9.547424476791972,9.154973429320968
985,0.43629668761085694,142.7067130959776,0.04872267923380187,9.643460070805542,9.233121177016509
986,0.43629668761085694,142.7045435630629,0.05476992239280535,9.744699282827932,9.290234377064726
987,0.43629668761085694,142.7030048999753,0.03658470119612935,10.339169765793494,10.346378132005858
988,0.43629668761085694,142.7020020191771,0.02463549319793525,9.722885109904196,9.596093375905433
989,0.43629668761085694,142.70171828622577,0.006635361416492034,10.160203414856142,10.51936479786008
990,0.43629668761085694,142.7015591114452,0.0036211322809822396,10.327490468557528,10.813696929543983
991,0.43629668761085694,142.70025120983382,0.031597033419115385,9.430890391022393,9.88634733480104
992,0.43629668761085694,142.69922329217908,0.023378684194970405,9.655720592594806,10.816396139483636
993,0.43629668761085694,142.6973896745051,0.044148015777455835,9.546778617881007,9.919840662834835
994,0.43629668761085694,142.69515296395514,0.05428891120890152,9.840241419115515,9.839707051538715
995,0.43629668761085694,142.69267747925383,0.05908375399220728,10.00689319518878,9.826542132092229
996,0.43629668761085694,142.6914161727161,0.03034996965774221,9.883424830861149,9.925890608782163
997,0.43629668761085694,142.691376413431,0.0008894549387571813,10.134218041027227,10.99661296360322
998,0.43629668761085694,142.69057714131287,0.018562932704268082,9.883193902680649,10.283836707397143
999,0.43629668761085694,142.69066161095273,-0.00194750490583035,10.137347337181357,10.359270686508815
1000,0.43629668761085694,142.6904898376681,0.003907470830611981,10.15639648066222,10.499460274455352
1001,0.43629668761085694,142.69120876402008,-0.01612334272659167,10.47716576637936,10.649676513306192
1002,0.43629668761085694,142.69298850047315,-0.040090113254723975,10.92100828228132,10.606902766558463
1003,0.43629668761085694,142.6956760926233,-0.05819660379514081,11.360829617232532,10.472975718854086
1004,0.43629668761085694,142.6973632803991,-0.03706287776111001,10.872549207917514,10.49969307447392
1005,0.43629668761085694,142.6975046434149,-0.00315313110738604,10.707815311016386,10.327664891772217
1006,0.43629668761085694,142.6962618368605,0.027710272031589753,11.033341727602911,10.137499290863381
1007,0.43629668761085694,142.6940093442977,0.04856528700363874,11.409897154961481,9.912675815275549
1008,0.43629668761085694,142.6912410941301,0.05870774791436777,11.599899801582394,9.659501191756037
1009,0.4581115219913998,142.6882689448248,0.0596032253604738,11.342757846770716,9.578390791347848
1010,0.4581115219913998,142.68554827734783,0.05501338828425197,10.92163469603152,9.529637999115177
1011,0.4581115219913998,142.6831685391776,0.04844526648283587,10.532250454710718,9.68701993033097
1012,0.4581115219913998,142.68262949689986,0.011065048640274468,10.44510600543327,9.830466089737868
1013,0.4581115219913998,142.68242097526308,0.004257410758559447,10.501441621530363,9.68559492305933
1014,0.4581115219913998,142.6818620780725,0.011515165928703924,10.406509302435765,9.65071336833677
1015,0.4581115219913998,142.68069272646463,0.02425759559955816,10.33571953669737,9.791398875272833
1016,0.4581115219913998,142.67998616108625,0.015025115192066193,10.696072090855077,11.017665112585176
1017,0.4581115219913998,142.67840184833727,0.03457985757231346,10.421626795602323,10.346522230506771
1018,0.4581115219913998,142.67627707948196,0.04578944678118029,10.555142365352843,10.467161109019425
1019,0.4581115219913998,142.674802510503,0.02986072614835557,10.969167279068124,11.569637538319373
1020,0.4581115219913998,142.6742399421297,0.011767362312782638,10.501876758999096,10.874617438289967
1021,0.4581115219913998,142.67356916315958,0.013929357941461084,10.52149958076958,10.953833613073536
1022,0.4581115219913998,142.6723508680877,0.025354502319311557,10.454468614602614,10.929875050222465
1023,0.4581115219913998,142.67047380050928,0.03912227000977189,10.430166088696991,10.91374148229188
1024,0.4581115219913998,142.6690602248999,0.027405579665478984,10.569654084797461,12.08467778410423
1025,0.4581115219913998,142.66673513819669,0.04770070644722395,10.128883093451842,11.087461925849608
1026,0.4581115219913998,142.66496898035615,0.03407955162256102,10.067401710659553,12.142012232767314
1027,0.43629668761085694,142.66251232237533,0.0538880756198469,10.048042082518368,10.888276018809803
1028,0.43629668761085694,142.65964674226336,0.06403559431593817,10.536270173322153,10.688043404715302
1029,0.43629668761085694,142.65796388875677,0.03765629928051822,10.531182691828564,10.673719218160084
1030,0.43629668761085694,142.65628583063653,0.037503024359590555,10.686803050498133,10.435332737078141
1031,0.43629668761085694,142.65413046970903,0.04850223728290306,10.613663947379768,10.54501918872396
1032,0.43629668761085694,142.65385709538083,0.005680107912334274,10.434128471792745,11.839829977665174
1033,0.43629668761085694,142.6526677626674,0.025708829590148734,10.289419272194497,11.049131900970435
1034,0.43629668761085694,142.6519141975446,0.016175112287664856,10.55387352346545,11.12706396499342
1035,0.43629668761085694,142.65192680382356,-0.00026801341993891724,10.854080631394076,11.234078975474125
1036,0.43629668761085694,142.65260180199635,-0.014227109977833004,11.15346852624457,11.331646230054195
1037,0.43629668761085694,142.65391316263702,-0.027888558683390737,11.567523710172694,11.414720305913185
1038,0.43629668761085694,142.6540707279661,-0.003371306748411889,11.497587265395042,11.371790415843106
1039,0.43629668761085694,142.65408458080492,-0.00028774422793119333,11.84340237948798,11.628545579294167
1040,0.43629668761085694,142.65585007658146,-0.03311389407577588,13.115980172392884,12.997165289189214
1041,0.43629668761085694,142.65765419151123,-0.03434366699232701,12.546559054198577,12.076754290303505
1042,0.43629668761085694,142.6599348399823,-0.042700817014670926,12.756433359330588,12.07191408321253
1043,0.43629668761085694,142.66267410039273,-0.051607507708170075,13.057642031341276,11.923014904937029
1044,0.43629668761085694,142.66410326166147,-0.027472195752931212,12.797707779602396,11.668838765796371
1045,0.43629668761085694,142.66555313400326,-0.027948961343338654,12.761696616357176,11.471412125186912
1046,0.43629668761085694,142.66752925787787,-0.0379139468992152,12.822109794102513,11.265474388876607
1047,0.43629668761085694,142.67014193260778,-0.049544596811258404,12.972789463980742,11.056888552861691
1048,0.43629668761085694,142.67468554425812,-0.0869303184095,12.858024762953992,11.861763281343359
1049,0.43629668761085694,142.67870875057983,-0.07750711032158694,12.397606809010103,10.7927503124446
1050,0.43629668761085694,142.68087157924245,-0.04310296267342728,11.635495120192918,10.401328279678102
1051,0.43629668761085694,142.68159756636703,-0.014515513580411948,11.259760727310095,10.08086078328494
1052,0.43629668761085694,142.68111009173464,0.009902992367680758,11.082002039689408,9.783344595636748
1053,0.43629668761085694,142.681437252186,-0.006666304939424316,10.726821350556998,9.499286866709758
1054,0.43629668761085694,142.6828223124123,-0.029338057764891234,9.648934602146365,10.018333827805378
1055,0.43629668761085694,142.68351971433412,-0.014708447102871954,10.061773044975341,9.083830165221285
1056,0.43629668761085694,142.68375615236158,-0.005608177626454077,10.371459857648142,8.726917630042884
1057,0.43629668761085694,142.68380270916666,-0.0010881562407054279,10.52534247744842,8.41269910948256
1058,0.4581115219913998,142.6849371371018,-0.02502856898177238,10.31000065837031,8.471831739122976
1059,0.4810170980909698,142.68715227543646,-0.048717222354618596,9.563340310931949,9.197412449575623
1060,0.4810170980909698,142.68984694039784,-0.059658444201001595,10.07856213065057,8.614755273805972
1061,0.4810170980909698,142.69344060214323,-0.07497193456292052,10.695576656992948,8.431598187908648
1062,0.5050679529955183,142.69663725606276,-0.06521257517551377,10.113546418082775,8.258037950690898
1063,0.5303213506452943,142.69963721050524,-0.06278387645944988,9.115473037108712,8.884211999574836
1064,0.5303213506452943,142.7013338555285,-0.03663918572001323,8.576708062776879,8.064768070911537
1065,0.5303213506452943,142.70279480582695,-0.031277767212527056,8.062455992742606,8.399200084105312
1066,0.5303213506452943,142.7035115187812,-0.015630673506866345,8.245287268377101,7.564574689180782
1067,0.5303213506452943,142.70380811667673,-0.007093685311309559,8.46219978073728,7.203646065680339
1068,0.5303213506452943,142.70396683206883,-0.003809776046401921,8.43153654851695,7.03144761672684
1069,0.5303213506452943,142.70409195467812,-0.0029869030513013347,8.231226810887575,6.918804892473119
1070,0.5303213506452943,142.70422414764133,-0.0031553021220974723,7.992452542374645,6.8641081153905334
1071,0.5303213506452943,142.70432988713262,-0.0025721649968942404,7.8424375819328915,6.838918559710885
1072,0.5303213506452943,142.70437498107609,-0.0011172779307841107,7.69962676145317,6.842455910303181
1073,0.5303213506452943,142.70492227461554,-0.013582044378596898,7.21150095084683,7.4632953702585105
1074,0.5303213506452943,142.7050548899283,-0.0033365999757290995,7.147065465718701,7.082551993219667
1075,0.5303213506452943,142.70487419952585,0.004584051311194706,7.088002199894097,7.055950828672602
1076,0.5303213506452943,142.70442376474423,0.011502127538613809,7.029303109317506,7.041934288839036
1077,0.5303213506452943,142.70371117578648,0.017849841195517455,6.951205265243505,7.1786529867960445
1078,0.5303213506452943,142.70283962691585,0.02396985817914447,6.926328605789676,7.35890857561506
1079,0.5303213506452943,142.70232861903818,0.012455373961469486,7.095907313696345,8.303438077912388
1080,0.5303213506452943,142.70130648425388,0.025399054619845977,6.886506941673564,7.907524000981781
1081,0.5303213506452943,142.70084067017604,0.011560672359166219,6.931348823766567,8.15486252490502
1082,0.5303213506452943,142.7010922302684,-0.006135956806579859,7.094981129690327,8.297486970449372
1083,0.5303213506452943,142.70113204496917,-0.000954621470466425,6.895610047618536,8.441106618224742
1084,0.5050679529955183,142.70056550125886,0.014278854805196363,6.574501492405665,8.431725733984013
1085,0.4810170980909698,142.70000667103514,0.013844884957772318,6.669500564660974,9.006504299396896
1086,0.4581115219913998,142.69869291901966,0.03686996151875921,6.101136131139657,8.105102489771209
1087,0.43629668761085694,142.69695056711046,0.05214475338939394,6.538955778816578,7.748098479629997
1088,0.43629668761085694,142.6956322658695,0.03944175520534961,6.24675546141566,7.75047468141366
1089,0.4155206548674828,142.69435550353106,0.04074279663981895,6.321283944029217,7.6298921763881795
1090,0.39573395701665026,142.69294237045287,0.04804763386321174,6.513254169512868,7.518990383695837
1091,0.39573395701665026,142.69193734598304,0.03367437475330317,6.1479990583147845,7.6300180897519025
1092,0.3768894828730002,142.69085897223937,0.03832039794069682,6.182380541427553,7.554001490793302
1093,0.3589423646409526,142.68951036468357,0.050919345666174634,6.423344820629427,7.4650005662285945
1094,0.3589423646409526,142.68832739160402,0.04272631605622271,5.980741207372172,8.279058149372705
1095,0.3418498710866215,142.686753521211,0.06348040359630203,6.376570130826541,7.557582223201774
1096,0.3418498710866215,142.68487996617665,0.07562215968434409,6.899111355817309,7.552156358131517
1097,0.3418498710866215,142.6828056220718,0.08298516127084209,7.182979720078032,7.619631236198645
1098,0.3418498710866215,142.68057488506804,0.08796310992742763,7.360569305874536,7.730389745812463
1099,0.3418498710866215,142.6782043800824,0.09186750373028793,7.583449375430313,7.865612585587715
1100,0.3418498710866215,142.67662934541943,0.06023946342507807,7.02087591311934,7.970078807286905
1101,0.3418498710866215,142.67512959361613,0.05851687469520873,7.028624470448627,7.81253298825989
1102,0.3418498710866215,142.67334135440555,0.0692685429075951,7.27450838757762,7.8694278075141515
1103,0.3418498710866215,142.67114788679413,0.08387407722158878,7.7372029994462705,7.971812314685443
1104,0.3418498710866215,142.66857219313545,0.09793489322613576,8.25748082096512,7.9732030799323095
1105,0.3418498710866215,142.66554042430795,0.10908788235964732,8.725903205062451,7.959352293290093
1106,0.3418498710866215,142.66215050861672,0.11700472255023214,9.096541919388539,7.941513300787704
1107,0.3418498710866215,142.6593336493387,0.09725565949879221,9.09370972750817,8.792439423202438
1108,0.3418498710866215,142.6576859617093,0.056714770411422685,8.854395464256802,9.12156845668614
1109,0.3418498710866215,142.6557950860254,0.06874899920566559,7.951491808248658,8.383979175736867
1110,0.3418498710866215,142.65452626517566,0.04670482322847188,7.685433168668247,8.281178925518667
1111,0.3418498710866215,142.65400712145814,0.019340282994070618,7.832644058370223,8.182356029349013
1112,0.3418498710866215,142.65320185395515,0.030442579540869215,7.771395617762382,8.063290714611766
1113,0.3418498710866215,142.65174627988154,0.05456646887778237,7.985042805864645,8.131338773370157
1114,0.3418498710866215,142.6501871351323,0.05528565530874627,8.383635180235524,8.85451532288533
1115,0.3418498710866215,142.64780372617017,0.08412187143377237,8.895706823599895,7.972387651548445
1116,0.3418498710866215,142.6460205696566,0.06469442281620481,8.401875002623347,7.987102191287639
1117,0.3418498710866215,142.64419902778783,0.06555511198682075,8.470054189462735,7.924200912032531
1118,0.3418498710866215,142.64214855667993,0.07364870988533355,8.74136650725652,7.770263468805049
1119,0.3418498710866215,142.6405101985311,0.05958905536282827,8.224790044798365,8.381001900318784
1120,0.3418498710866215,142.6384242891488,0.07563308113204162,8.659134064530278,7.636875144595821
1121,0.3418498710866215,142.63606327426152,0.0826747308292543,8.96637203920446,7.533601909166543
1122,0.3418498710866215,142.6336616549454,0.08497910964525313,8.873251894728437,7.5979985534568835
1123,0.3418498710866215,142.63130060883103,0.08523336090052809,8.697324515591227,7.7239316590014
1124,0.3418498710866215,142.62988233448428,0.053192197900223726,8.127667084169826,7.716397226016338
1125,0.3418498710866215,142.62924975704206,0.023852975410710037,8.083970774210364,7.6530279465356745
1126,0.3418498710866215,142.62846416779365,0.02937830558997928,8.151215619463644,7.444093634364849
1127,0.3418498710866215,142.62793993083463,0.019228774832980067,8.310547118524344,7.319453925905788
1128,0.3418498710866215,142.6269971392485,0.0345519019765622,8.317586641696224,7.316327364032478
1129,0.3418498710866215,142.6254121854286,0.057319339374818194,8.681729607615623,7.396908523639456
1130,0.3418498710866215,142.62306470585244,0.07855068173549987,9.3830208834929,7.293904789955124
1131,0.3589423646409526,142.62001275235585,0.09276626062204184,9.837605010198358,7.3151849248116045
1132,0.3768894828730002,142.6165115680954,0.0997137336717691,9.999360135063059,7.36417503040093
1133,0.39573395701665026,142.61353955065627,0.08128681445335781,9.916403066556095,8.227733153156416
1134,0.4155206548674828,142.61121856204352,0.06364825105577056,9.144983649492348,7.964138030962275
1135,0.4155206548674828,142.60898036300338,0.06136423665123751,9.147022916277649,8.164499230732114
1136,0.4155206548674828,142.60658910086417,0.0657623095933299,9.39255513673184,8.415351107104975
1137,0.4155206548674828,142.6038541395492,0.07241612474898945,9.755499930427431,8.689194089912238
1138,0.4155206548674828,142.60072649445965,0.07937124165251196,10.17859686555233,8.977581190994009
1139,0.4155206548674828,142.5972288192303,0.08544752565485278,10.573374455180291,9.26384278898095
1140,0.4155206548674828,142.5934200650249,0.09034812893854698,10.889235907001328,9.53734390685826
1141,0.4155206548674828,142.5893480946003,0.09449743519666391,11.130590792252299,9.780436838738986
1142,0.4155206548674828,142.58648715543546,0.06914770124939054,10.375935757857045,9.796463939179729
1143,0.4155206548674828,142.58368741268526,0.06890372272923495,10.18994500733322,9.749433777204011
1144,0.4155206548674828,142.58053184935667,0.07810465159105617,10.43598926681135,9.840914137586731
1145,0.4155206548674828,142.57910426649272,0.03301528792652746,11.169143221902704,11.008105803924527
1146,0.4155206548674828,142.57844400684172,0.016455221607368304,10.062535386363162,9.950935912616718
1147,0.4155206548674828,142.57724377434158,0.029742992723201085,10.119920849178149,9.842745279583815
1148,0.4155206548674828,142.576141469685,0.026828823823393914,10.303775947731383,9.950511694308991
1149,0.4155206548674828,142.57568122229222,0.011015753282018542,10.477882756931518,10.125995749620389
1150,0.4155206548674828,142.5759543542385,-0.006427538644637803,10.656735851346923,10.190691678387475
1151,0.4155206548674828,142.57666152563522,-0.016481346543701845,10.760399440583061,10.231784667896536
1152,0.4155206548674828,142.5776039600716,-0.02187164527402731,10.806028066483476,10.269220312684114
1153,0.4155206548674828,142.57887909423562,-0.0297794871568467,10.738288444192797,10.305716533101544
1154,0.4155206548674828,142.58027859461032,-0.03314173724990011,10.281510481569878,10.201563336887434
1155,0.4155206548674828,142.58175755263673,-0.03474074028894767,9.529904923151626,10.0632608176288
1156,0.4155206548674828,142.58351052050844,-0.041819643023311065,8.88126002210243,9.908674996033158
1157,0.4155206548674828,142.58539063369685,-0.04561651161983459,8.385910082701576,9.742801933830595
1158,0.4155206548674828,142.58739340847868,-0.04937838238191053,8.10127862188152,9.587761108444155
1159,0.4155206548674828,142.589738256739,-0.058735970179130716,8.12301220887511,9.436969381195292
1160,0.4155206548674828,142.59229424486722,-0.06507197918276406,8.205477315087855,9.285103836497237
1161,0.4155206548674828,142.5949932502313,-0.06985310789274304,8.307114662811493,9.133557410509066
1162,0.4155206548674828,142.5978773788637,-0.07581435559499475,8.423877029968894,8.992596911189263
1163,0.4155206548674828,142.60007860815034,-0.05743745681376256,8.10405149391266,8.795383978299197
1164,0.4155206548674828,142.6022971872965,-0.06105733966186051,7.952879855716636,9.385786512660534
1165,0.4155206548674828,142.60505849718854,-0.07664208292574548,8.085644933653795,9.306394797818399
1166,0.4155206548674828,142.60717321070214,-0.06321179999191905,7.765583678337128,8.389764712051338
1167,0.4155206548674828,142.60978840749112,-0.07692081306597588,7.482198212774494,8.782014118789435
1168,0.4155206548674828,142.61230052700702,-0.07796215249089729,7.753727394440114,8.08077239115501
1169,0.4155206548674828,142.61482575667114,-0.0797913629654064,7.800091657239053,7.936726173607749
1170,0.4155206548674828,142.6174898416525,-0.08326736812372772,7.45029282960842,8.023606738712576
1171,0.4155206548674828,142.6203140830934,-0.08677897639232517,7.138947364334514,8.161757674681414
1172,0.4155206548674828,142.62352511135586,-0.09918373772351383,7.395347402411162,8.362522134962656
1173,0.4155206548674828,142.626872826278,-0.10304583639918856,7.542431036325231,8.391732706988643
1174,0.4155206548674828,142.63051712535355,-0.11189528729384908,7.934187569468994,8.412708443916106
1175,0.4155206548674828,142.63537929402085,-0.13484654161685466,9.313734002684477,9.180385069382307
1176,0.4155206548674828,142.64035142487666,-0.1371154841874504,9.09394757651177,8.639468631317762
1177,0.4155206548674828,142.6449853389057,-0.12982645848484906,8.690483421996891,8.537456670280477
1178,0.4155206548674828,142.64926572397377,-0.11952810292126698,8.276543907578032,8.465152032401072
1179,0.4155206548674828,142.65362098150442,-0.11981546637085327,8.290641035965562,8.592566590431662
1180,0.4155206548674828,142.6578313596739,-0.12393328785144711,8.516691664293537,8.775396668326815
1181,0.4155206548674828,142.6626103882917,-0.13497388440211552,9.145838061435319,9.017568080241888
1182,0.4155206548674828,142.66781043616567,-0.14007797757395962,9.588951056390458,9.26899689008158
1183,0.4155206548674828,142.67322940550739,-0.141448965332283,9.895791623278509,9.543207653666416
1184,0.4155206548674828,142.68027070034532,-0.1537152012277389,11.832304420817483,10.629154903170445
1185,0.4155206548674828,142.6870924314114,-0.1506969612464924,11.69294002091854,10.666722342927596
1186,0.4155206548674828,142.69170488953503,-0.11983840595833234,8.949139775778493,9.652344431421758
1187,0.4155206548674828,142.6956783574905,-0.10370574467050117,8.386058235890818,9.328806264818407
1188,0.4155206548674828,142.69976657050574,-0.10807467777042987,8.691901132734285,9.210193203901781
1189,0.4155206548674828,142.70381302211925,-0.10790025549409116,8.802808665514249,9.130846711662766
1190,0.4155206548674828,142.70777413759205,-0.10597705966494624,8.823363810277021,9.10049070704193
1191,0.4155206548674828,142.71209661777647,-0.11431231546856975,9.20659762405629,9.12829850058291
1192,0.4155206548674828,142.71673634971134,-0.1237286944686113,9.686259098028193,9.16563989187027
1193,0.4155206548674828,142.72185261438148,-0.13081473176487915,10.102525857806363,9.205858955052886
1194,0.4155206548674828,142.7272596172407,-0.13458096916641207,10.377830438031108,9.2422010471734
1195,0.4155206548674828,142.73228894874887,-0.12449301678748854,10.131218223244625,9.39467336760104
1196,0.4155206548674828,142.7373020165675,-0.12226464586525335,10.28250865574319,9.647176813841357
1197,0.4155206548674828,142.74176886474075,-0.11087129579397238,10.103654013909036,9.730118565354333
1198,0.4155206548674828,142.74574435986696,-0.09794914622954695,9.882111367851428,9.786682830790916
1199,0.4155206548674828,142.74966359488843,-0.100088721039,10.11462510150867,10.025931299144139
1200,0.4155206548674828,142.7540587552388,-0.10774360813947872,10.536996404132823,10.296740051722995
1201,0.4155206548674828,142.75822298482308,-0.10290124060173854,10.453161910200198,10.383368638115712
1202,0.4155206548674828,142.76202939764067,-0.09410790534270423,10.205492769947982,10.447765178446748
1203,0.4155206548674828,142.7655165862766,-0.08576288424969518,9.97093106054137,10.50291100088771
1204,0.4155206548674828,142.7693492272054,-0.09217817804727646,10.194235278485065,10.739984043335753
1205,0.4155206548674828,142.77365009629074,-0.10244222295541004,10.459368917424284,10.84453293621249
1206,0.4155206548674828,142.77780439542386,-0.09857179048508279,10.284600004659703,10.886261003340488
1207,0.4155206548674828,142.7821434929657,-0.10234447148291402,10.331799724173397,10.951374945184321
1208,0.4155206548674828,142.7870592257446,-0.11508338043116131,10.67372166224386,11.033397860823618
1209,0.4155206548674828,142.79163848364675,-0.1073318415817201,10.351628174227994,11.020470727855015
1210,0.4155206548674828,142.79558823193094,-0.0924590141310788,9.913814089161086,11.034528572556212
1211,0.4155206548674828,142.79962130033502,-0.09252790628615724,9.986314983660897,11.258913323990322
1212,0.4155206548674828,142.80400897368662,-0.09826760021378331,10.249910876169675,11.533405479013886
1213,0.4155206548674828,142.8080952021654,-0.09077154168899965,9.815430838186176,11.628041079710577
1214,0.4155206548674828,142.81448109522256,-0.12751425388325927,11.959061410393243,12.935896435913257
1215,0.4155206548674828,142.8203418900496,-0.12044670291954909,10.120994228297263,12.202758035543136
1216,0.39573395701665026,142.82530308214814,-0.10618814897091054,8.881071504879767,11.944238463951299
1217,0.3768894828730002,142.83008967466816,-0.10684728750020148,8.714540315062322,11.675177804820816
1218,0.3589423646409526,142.83635715304317,-0.1506035736097512,10.653653974999854,12.443973769621323
1219,0.3589423646409526,142.84138763662457,-0.1284195337557128,9.75442384602803,11.372159503176126
1220,0.3589423646409526,142.84809751611664,-0.16338995240350312,11.296840205778748,12.279788707063542
1221,0.3589423646409526,142.85414289770952,-0.15593697434383288,11.090317502087627,11.254829269003675
1222,0.3589423646409526,142.8596781212685,-0.14167573714819395,11.012014020250492,10.90348788154249
1223,0.3589423646409526,142.86462405029937,-0.1283289856318975,10.863010255764946,10.594487819636429
1224,0.3589423646409526,142.86978318250218,-0.13426197384618424,10.83055469129128,10.508269446731788
1225,0.3589423646409526,142.87473428982085,-0.13092676140579013,10.658620153833086,10.281581994910976
1226,0.3589423646409526,142.87938269158244,-0.12492109484269186,10.488054751174554,10.042001370709821
1227,0.3589423646409526,142.88441478560154,-0.13423871286960734,10.56569422991074,9.994132441430455
1228,0.3589423646409526,142.89071485780894,-0.16264234554120094,11.58279628767501,9.880076473774764
1229,0.3589423646409526,142.89705873968134,-0.16302615138086063,11.635882616547832,9.626297215329437
1230,0.3768894828730002,142.90305884868576,-0.15076918327469407,11.003264538381764,9.556858080306089
1231,0.3768894828730002,142.90837794050174,-0.13599559754948579,10.499059789278064,9.359339344716293
1232,0.3768894828730002,142.91368970763605,-0.1360766243976038,10.478358949155819,9.33088098776082
1233,0.3768894828730002,142.91866861089346,-0.12908611257512115,10.353613222112752,9.12711158996418
1234,0.3768894828730002,142.92518871463238,-0.16147856285612502,11.498782280150891,9.939569593041975
1235,0.3768894828730002,142.93184498241985,-0.1642725861676251,11.539258761340642,9.250055687715642
1236,0.39573395701665026,142.93841697940613,-0.1547880135385884,11.180100975325344,9.170815229773718
1237,0.4155206548674828,142.94556443652985,-0.15932534938598505,11.250273418685603,9.389334787992128
1238,0.4155206548674828,142.95222627982378,-0.14972819185140038,10.833031500609462,9.25988240115841
1239,0.4155206548674828,142.95868935721597,-0.14751606625347025,10.667415395053274,9.278609582225325
1240,0.4155206548674828,142.96513449175808,-0.14815310689053326,10.592059156954566,9.301597685815697
1241,0.4155206548674828,142.9710155826066,-0.13765509008215693,10.099213699371125,9.11626528849903
1242,0.4155206548674828,142.97624835061413,-0.12493847858384195,9.612137878650069,8.887342043930298
1243,0.4155206548674828,142.98101769176716,-0.1144028589214192,9.289001018723116,8.633650635728682
1244,0.4155206548674828,142.9854283031687,-0.1074200851543544,9.148729831385191,8.357666791148878
1245,0.4155206548674828,142.9901292181804,-0.11338293050645996,9.23809068751086,8.24177287009654
1246,0.4155206548674828,142.99491354990835,-0.12838613280878913,9.62579902257835,8.193043608774648
1247,0.4155206548674828,143.00022959075108,-0.13812707186275613,9.941298777974946,8.15797443661924
1248,0.43629668761085694,143.0060140017084,-0.14266920612299855,9.974088542010733,8.307045303299992
1249,0.4581115219913998,143.01202808912257,-0.14285517467426403,9.863448568401983,8.532192507119445
1250,0.4581115219913998,143.01782002217286,-0.14008590225138975,9.686884603919978,8.609014084119506
1251,0.4581115219913998,143.0234301887658,-0.13543347830787145,9.422529920861395,8.653749927071221
1252,0.4581115219913998,143.02876633362905,-0.12959666881563717,9.093149846090082,8.66590652586194
1253,0.4581115219913998,143.03338177138863,-0.11458637345107149,8.44882779771476,8.636211600349718
1254,0.4581115219913998,143.03782411523792,-0.10826761165629734,8.265923020158565,8.79745319831885
1255,0.4581115219913998,143.041773784344,-0.09646288260533063,7.939210974417026,8.77897531198396
1256,0.4581115219913998,143.0456561418863,-0.10103310183732456,8.1044171199164,9.002992056813277
1257,0.4581115219913998,143.0497073662918,-0.10479556197536091,8.18859033269905,9.05729334995063
1258,0.4581115219913998,143.05487071963304,-0.12223569900609237,9.397475920834427,9.896663643358723
1259,0.4581115219913998,143.06021156624092,-0.1254044693498926,9.540822669631556,9.97819793853409
1260,0.4581115219913998,143.06413237302874,-0.0993063025377866,7.541573486825186,8.980829039645577
1261,0.4581115219913998,143.06744083439435,-0.08459938827819785,7.166329286469159,8.636532667223818
1262,0.43629668761085694,143.0702810506478,-0.07695371863811878,7.3361325235905515,8.30910882319261
1263,0.43629668761085694,143.07327597279502,-0.08244380457824704,7.605740382520431,8.17824584830831
1264,0.43629668761085694,143.07622708755196,-0.08235494003216143,7.633224376551703,8.06731643373113
1265,0.43629668761085694,143.07938315719755,-0.08838162944605667,7.735812415548564,8.03928127356821
1266,0.43629668761085694,143.0835576814127,-0.11711937161756777,8.470539236838587,8.768444849243364
1267,0.43629668761085694,143.08702982283478,-0.1028398280931043,7.970542354352364,8.063863411219055
1268,0.43629668761085694,143.090304110935,-0.0980189436456227,7.870773646434534,7.9783662885230315
1269,0.43629668761085694,143.09321462568005,-0.08794629097366974,7.561612333069468,7.904226459773683
1270,0.43629668761085694,143.09604113209213,-0.08563859769683553,7.497811431255716,7.8829273993904
1271,0.43629668761085694,143.09856722652705,-0.07702476950377729,7.293298629925576,7.832966582660362
1272,0.43629668761085694,143.10077566952353,-0.06684212015014405,7.186887008207247,7.661359675148303
1273,0.43629668761085694,143.1029746116055,-0.06676731339701608,7.245572946287246,7.636946771212414
1274,0.43629668761085694,143.1049981619038,-0.06112214344487663,7.288635866578711,7.45329099879794
1275,0.43629668761085694,143.1067745492348,-0.054184305428534765,7.380687305580766,7.241462458436835
1276,0.43629668761085694,143.10836469822868,-0.04761164186305126,7.5189519633023645,7.030853020637215
1277,0.43629668761085694,143.10978666044463,-0.04237946656683356,7.553795448763154,6.936429673433175
1278,0.43629668761085694,143.1110666174527,-0.03810784370280406,7.56159924952703,6.872679034651169
1279,0.43629668761085694,143.11253123951283,-0.0435663848274098,7.568445666321187,6.867603307324027
1280,0.43629668761085694,143.11396951207033,-0.0430346037372135,7.5241255790045996,6.835869940487212
1281,0.43629668761085694,143.1155474940021,-0.04705280584526112,7.55003820788512,6.853210446236895
1282,0.43629668761085694,143.1172829104924,-0.051397470848393786,7.601418099822363,6.8616687179208125
1283,0.43629668761085694,143.11912223846852,-0.054203262127676025,7.639525793478695,6.854457779828195
1284,0.43629668761085694,143.12099285420388,-0.05527792572149414,7.618430234912419,6.963312039508627
1285,0.43629668761085694,143.12286143863125,-0.055276481179506315,7.6103562320004166,7.096498410355812
1286,0.43629668761085694,143.1244159698688,-0.04663272069570952,7.504838463104314,7.214260928885508
1287,0.43629668761085694,143.12590124294147,-0.04410347443417621,7.581692269119296,7.392602568955606
1288,0.43629668761085694,143.1270924574477,-0.03561350300016841,7.5302245925084925,7.414508767383856
1289,0.43629668761085694,143.12829006222543,-0.03539748708864075,7.616820789693043,7.585764414553729
1290,0.43629668761085694,143.1296334776957,-0.03893731426622812,7.669670368471837,7.767423817020983
1291,0.43629668761085694,143.1308697957177,-0.038310446483372416,7.7528054578438015,7.938844773146575
1292,0.43629668761085694,143.13189688758243,-0.031676987664397166,7.698120431845668,7.976451660660555
1293,0.43629668761085694,143.1326596198752,-0.02345024246893789,7.588972850359801,8.001457820810607
1294,0.43629668761085694,143.1331971994163,-0.016562918532588632,7.510664136903248,7.984545318511801
1295,0.43629668761085694,143.1335709715199,-0.011522674818886575,7.4636752565963285,7.979908336133273
1296,0.43629668761085694,143.13416220971695,-0.017899629176347798,7.58641336732391,8.12573722682992
1297,0.43629668761085694,143.1347590113056,-0.017744068314445447,7.739434767760253,8.274106248466113
1298,0.43629668761085694,143.13650654139073,-0.04506290438540476,9.540031432012745,9.384355630249248
1299,0.43629668761085694,143.13767332055968,-0.031774978800322956,8.590547617768172,8.770220175330872
1300,0.43629668761085694,143.13850511800914,-0.022358495790195738,8.398398225769284,8.88550470424395
1301,0.43629668761085694,143.13909968411843,-0.015706409253666394,8.473674007725265,9.04128876338232
1302,0.43629668761085694,143.13953353995947,-0.011552004198691623,8.697474751789132,9.239158858103785
1303,0.43629668761085694,143.13985517468106,-0.008386022519094231,8.935576067585917,9.435202502982822
1304,0.43629668761085694,143.14010557498813,-0.006397070031198692,9.162572547307628,9.629374463096768
1305,0.43629668761085694,143.1408126500606,-0.017634837179290416,9.396013184946817,9.86366687046174
1306,0.43629668761085694,143.14154103126702,-0.018124448110915032,9.300493184831243,9.886401965194967
1307,0.43629668761085694,143.14214547683693,-0.015041214895168912,9.141464629306062,9.885954482897521
1308,0.43629668761085694,143.14309850347087,-0.023654167038486544,9.106848930048397,9.91155287807652
1309,0.43629668761085694,143.14450806799908,-0.03506355773359671,9.098578523949596,9.889476574872901
1310,0.43629668761085694,143.14579296306025,-0.03217759307968209,8.788340704216836,9.82332308991255
1311,0.43629668761085694,143.14677507171427,-0.02470019401061189,8.323873185276415,9.781455808491119
1312,0.43629668761085694,143.14872254265688,-0.045074885876830076,9.110581763471586,10.628712856205082
1313,0.43629668761085694,143.14981031826258,-0.027213221545272257,7.844040823006315,9.546989763279932
1314,0.4155206548674828,143.15051770322157,-0.01896120028776854,7.872018967252725,9.083415258070893
1315,0.4155206548674828,143.15111230723068,-0.01597225412719191,7.931684292769914,8.800018200568388
1316,0.4155206548674828,143.15172121931977,-0.016557291354702984,7.592491157357452,8.693351784503294
1317,0.4155206548674828,143.15239027421532,-0.018315766139106814,7.079295317355991,8.634925835839619
1318,0.39573395701665026,143.15345072447366,-0.031062813394705912,6.9907736024845315,8.473459582418645
1319,0.3768894828730002,143.1545772072953,-0.034632205443680016,7.1438406112624895,8.230149919360022
1320,0.3768894828730002,143.15568612779575,-0.034021272444255034,6.865970067210394,8.24732637837795
1321,0.3589423646409526,143.15667358666505,-0.03215019452518147,6.7211854204502535,8.159960025344898
1322,0.3418498710866215,143.15753391097638,-0.029837533359877398,6.754037184363685,8.043428361876256
1323,0.3418498710866215,143.15868102602528,-0.039917378342533026,6.857728018820463,8.016538584004046
1324,0.3418498710866215,143.160187226563,-0.052583967353831695,7.050886696354641,7.990452404062744
1325,0.3418498710866215,143.1616837711699,-0.05285182111869949,7.058292320590604,7.898991200994355
1326,0.3418498710866215,143.1630704412896,-0.04866837426023194,7.180208812438449,7.948189967689136
1327,0.3418498710866215,143.16426915539583,-0.04213543644799234,7.122808507189104,7.936153138398026
1328,0.3418498710866215,143.16611008073053,-0.06611311197433022,8.436330638266796,8.742575539808145
1329,0.3418498710866215,143.16762430162882,-0.05704663307726905,7.850946099486539,8.091197700995577
1330,0.3418498710866215,143.16897890827752,-0.051415678685152975,7.806458804396506,8.031029559957265
1331,0.3418498710866215,143.17024635775235,-0.048262684683287774,7.883506533455628,8.00521081867705
1332,0.3418498710866215,143.17147726064056,-0.04675907685890864,8.02437944162775,8.010663231867175
1333,0.3418498710866215,143.17306338386246,-0.059009096540677736,8.439345699777157,8.06209802702648
1334,0.3418498710866215,143.17474808207658,-0.06095215574380343,8.678084293862408,8.08415872160002
1335,0.3418498710866215,143.17816265815785,-0.10119509280401373,10.594199816696221,8.901665681932938
1336,0.3418498710866215,143.18088278771,-0.08590990833624014,9.65161361699593,8.117167262168342
1337,0.3418498710866215,143.1836421671763,-0.08629921996567705,9.746712421243794,8.072795052225123
1338,0.3589423646409526,143.18628906034445,-0.07979652045626742,9.629788616802484,8.223587992744802
1339,0.3589423646409526,143.18866059633842,-0.07166960651060855,9.606363050853831,8.280841022632023
1340,0.3589423646409526,143.19083782420327,-0.06518393929873229,9.696780755992322,8.335879067303217
1341,0.3589423646409526,143.19494482832977,-0.10472995182877136,11.726158372754698,9.31555347681609
1342,0.3768894828730002,143.19854552515272,-0.09204446952480351,10.815929620170404,8.772463913191203
1343,0.39573395701665026,143.20199279420828,-0.08382318063337259,10.513795306733616,9.016790044916277
1344,0.39573395701665026,143.20580121503565,-0.09105045390766371,10.693288617373279,9.15586775314843
1345,0.39573395701665026,143.2095754984045,-0.09017524409539356,10.70029249181934,9.237889789501603
1346,0.39573395701665026,143.21318642884702,-0.08645997976306294,10.677079233631165,9.297427096225091
1347,0.39573395701665026,143.21664062796387,-0.08256069689641,10.696027013134684,9.366213741790471
1348,0.39573395701665026,143.21998362337467,-0.07965692768863146,10.729035960152109,9.413672399350972
1349,0.39573395701665026,143.2249414398205,-0.10868644679866939,12.371944830153415,10.435495266174426
1350,0.39573395701665026,143.2309812084232,-0.1254537526124363,13.05748589570865,10.58054838514087
1351,0.4155206548674828,143.23589214699783,-0.10775800247684819,11.42908250776107,9.917111123804235
1352,0.4155206548674828,143.24097395723575,-0.11314945506355271,11.263215024275887,9.906007369327384
1353,0.4155206548674828,143.24649928333002,-0.12499120696750293,11.08599939697624,9.783738068868999
1354,0.4155206548674828,143.25183151641707,-0.12417864070293813,10.454936446642034,9.566133224526386
1355,0.4155206548674828,143.2567571140947,-0.1189724818517171,9.786656900420686,9.518714814708622
1356,0.4155206548674828,143.26139054012495,-0.11211841373870426,9.27881671675427,9.484403310849542
1357,0.4155206548674828,143.26576860925934,-0.10600285221094964,8.968679168758833,9.478722047705803
1358,0.4155206548674828,143.27043652786867,-0.11251811875436905,9.205237284902232,9.521065143245355
1359,0.4155206548674828,143.27554487291127,-0.12203713743818724,9.606671402829754,9.573909310982
1360,0.4155206548674828,143.28050878677416,-0.118908257567496,9.572952254595679,9.580693474310069
1361,0.4155206548674828,143.2870155559462,-0.15097882242755326,11.132250989805586,10.63484760137176
1362,0.4155206548674828,143.29297957589463,-0.1427244848066388,10.479414085831252,9.821320262957403
1363,0.4155206548674828,143.29996914028698,-0.15845612773570994,11.39396010224189,10.747876407032273
1364,0.4155206548674828,143.3051998502828,-0.1306105798460653,10.043351970577227,9.730889329394314
1365,0.4155206548674828,143.30968751595248,-0.11182672103103147,9.770888946321781,9.470846526575892
1366,0.4155206548674828,143.31549044558062,-0.14141199384247788,10.599727026398927,10.361469410424931
1367,0.4155206548674828,143.32058426086238,-0.12437927370522711,10.2704996848917,9.5214779807283
1368,0.4155206548674828,143.32524559100403,-0.11297522633334735,10.347204708702634,9.30370331595131
1369,0.4155206548674828,143.32962149507804,-0.10410281999984791,10.541482620307342,9.089630969933228
1370,0.4155206548674828,143.3337915308129,-0.09799823277000834,10.671314778251672,9.025654453649043
1371,0.4155206548674828,143.3380107413114,-0.09772712818935031,10.827107639509013,9.007855301991048
1372,0.43629668761085694,143.34226846012345,-0.09416197571120605,10.799620960497379,9.217832410785777
1373,0.43629668761085694,143.34672177424196,-0.0990063106268396,11.065340336030399,9.30388419124288
1374,0.43629668761085694,143.35157786664354,-0.10441776274469426,11.44081286091492,9.222615130326355
1375,0.4581115219913998,143.356288153283,-0.09659342345676344,11.424963007470472,9.260468081539885
1376,0.4810170980909698,143.36110538142722,-0.09397866290203766,11.437567730706476,9.515337219494583
1377,0.5050679529955183,143.36557392204801,-0.0824788244906745,11.17795737971271,9.790690753859915
1378,0.5050679529955183,143.36948705579894,-0.07354416877217064,10.977808496534836,9.870807835824374
1379,0.5050679529955183,143.3729837440621,-0.06703099342899302,10.762680839635872,9.931328026442495
1380,0.5050679529955183,143.3764851104864,-0.06779589368562952,10.655488744845007,9.99255372940933
1381,0.5050679529955183,143.37964885230645,-0.06078543479701162,10.425658251684663,9.978812923445375
1382,0.5050679529955183,143.38237256191113,-0.05219664281494263,10.148059005681192,9.82247434546258
1383,0.5050679529955183,143.38522448417737,-0.05492002653359857,10.098844799878865,9.812569720288124
1384,0.5050679529955183,143.38812406735283,-0.05576901318410738,10.111308560592244,9.767936416895692
1385,0.5050679529955183,143.39077622447908,-0.05115398563580644,10.082878301284282,9.580772816441
1386,0.5050679529955183,143.39336225337138,-0.04979846703634495,10.099087876361633,9.517840648272246
1387,0.5050679529955183,143.39574101634489,-0.04582407615665761,10.09536915319889,9.443337180297585
1388,0.5050679529955183,143.39791680388362,-0.04180111464996793,10.12263027929939,9.381395157865034
1389,0.5050679529955183,143.40109366906938,-0.06323870850072141,10.675598205030383,10.217813667322082
1390,0.5050679529955183,143.40407449947645,-0.05958932880122691,10.63029215732001,9.608290141654802
1391,0.5050679529955183,143.4068393343088,-0.054569254730066595,10.767071479764297,9.534299411897127
1392,0.5050679529955183,143.4093374574188,-0.049083540380105053,10.81569378148372,9.49152433643577
1393,0.5050679529955183,143.41209036746199,-0.0531426938471383,11.008417228357812,9.510026014473917
1394,0.5050679529955183,143.41470133785822,-0.04991807939216949,11.115282547384107,9.476474524997158
1395,0.5050679529955183,143.41888774036815,-0.07498165724205577,11.864853322294536,10.39487093549852
1396,0.5050679529955183,143.42204901480366,-0.05686823203307642,11.469161663343778,9.546381085912657
1397,0.5303213506452943,143.4246257723439,-0.04446384443113831,11.387186887212065,9.671957212017206
1398,0.5303213506452943,143.42732429337525,-0.0458591404586634,11.562448182724651,9.885892384099668
1399,0.5303213506452943,143.4306789960345,-0.05712440966957322,11.885554159367972,10.020726797421844
1400,0.5303213506452943,143.4357560965171,-0.08056720001881934,12.753947222916393,11.004661942877817
1401,0.5303213506452943,143.43948482614746,-0.060472420437382664,12.115837638456878,10.159638120610127
1402,0.5303213506452943,143.44225960046728,-0.04554040472934466,11.972385251528038,10.090153335530477
1403,0.5303213506452943,143.44440353999295,-0.035178118199766274,11.975394523397757,10.043864418481082
1404,0.5303213506452943,143.44620302392332,-0.02933105144439787,12.055084081322928,10.031044359918596
1405,0.556837418177559,143.447907729473,-0.026380509538092674,12.0927980168312,10.27940787764008
1406,0.556837418177559,143.44949677609696,-0.024464828307389618,12.155003028714852,10.33710216893858
1407,0.556837418177559,143.4512577255638,-0.02684758366021414,12.274457109897082,10.403682479175833
1408,0.556837418177559,143.45295988113298,-0.025809639452935088,12.341783281117602,10.444803185809848
1409,0.556837418177559,143.4544236920208,-0.02238515950681139,12.237293701628296,10.477339214178379
1410,0.556837418177559,143.45560540359287,-0.018298196236530867,12.085477420638155,10.517892187393063
1411,0.556837418177559,143.456717157863,-0.017345574895637702,11.994460301212163,10.545669817129653
1412,0.556837418177559,143.45754384695152,-0.012940493434586801,11.955065842351866,10.578108214371504
1413,0.556837418177559,143.457969031235,-0.006726597210774708,11.828846160865883,10.58003532569506
1414,0.556837418177559,143.4589601023983,-0.01573784106648014,11.78474768033422,10.685258911344146
1415,0.556837418177559,143.46040879110396,-0.0230192594994978,11.777261797891892,10.74887152601269
1416,0.556837418177559,143.4615120122114,-0.01761849218743978,11.718025206170587,10.711665616552178
1417,0.556837418177559,143.46382810001037,-0.03609051890783228,12.369715775278113,11.94551573455509
1418,0.556837418177559,143.4647276339605,-0.014155963693297573,11.891557020441807,11.198295423422561
1419,0.556837418177559,143.4647162162198,0.0001814421454520327,11.7761303688803,11.203536661948137
1420,0.556837418177559,143.46459816422623,0.001867546097276656,11.829396770015789,11.398451023174001
1421,0.556837418177559,143.46503572407138,-0.0068423747275897775,11.967163061777876,11.711270135446595
1422,0.556837418177559,143.46549642849854,-0.007102327447999849,12.138982854452205,11.971993439864429
1423,0.556837418177559,143.4668507870952,-0.021030063261182345,12.413404802848994,12.36924603287428
1424,0.556837418177559,143.4681578245207,-0.019991417319407605,12.5861694098872,12.602080994370624
1425,0.556837418177559,143.46980945409985,-0.024666630972707788,12.816971580832217,12.906266955770091
1426,0.556837418177559,143.47109428633888,-0.018888715449941217,13.010879909989868,13.11118150462769
1427,0.556837418177559,143.47178447940527,-0.009984096655623765,13.23908635472089,13.32476761923249
1428,0.556837418177559,143.47186069857173,-0.0010992396712629798,13.365020506966049,13.363883597769245
1429,0.556837418177559,143.4714528796802,0.005797859812572415,13.558057079996317,13.324930068058464
1430,0.556837418177559,143.47069194305084,0.010647318765970411,13.77545848623919,13.271651935563517
1431,0.556837418177559,143.4696795252906,0.013860980019470132,14.078735375356008,13.191648442149907
1432,0.556837418177559,143.4685163076,0.015474686935847843,14.488951383035879,13.301956962349328
1433,0.556837418177559,143.46816845144164,0.004520869580041398,14.831174550121748,13.366127125234136
1434,0.556837418177559,143.46871604413505,-0.00699053781761193,15.098885213877592,13.255305974946735
1435,0.556837418177559,143.46893584118024,-0.002781573784103577,15.231023688221223,13.150214158480644
1436,0.556837418177559,143.4684308394132,0.006297308579299478,15.457375281717862,13.220587230124384
1437,0.556837418177559,143.46713260659473,0.015906245471999446,15.731956309215564,13.358718174855586
1438,0.556837418177559,143.46567520482267,0.01751865784553749,16.035270521885753,13.55662745073485
1439,0.556837418177559,143.4648737571792,0.009595232136961312,16.170029959195002,13.681045029032894
1440,0.556837418177559,143.46369620145927,0.014098139259061011,16.14376120141577,13.673494320182398
1441,0.556837418177559,143.4617902142592,0.022862552824391418,16.069156713114094,13.500548269882362
1442,0.556837418177559,143.46019644271007,0.019125447059476067,16.06246900399779,13.513498843001772
1443,0.556837418177559,143.458631390147,0.018737396972870118,16.103918608039365,13.464436065221765
1444,0.556837418177559,143.45647310155525,0.025839841471785377,16.14002975669537,13.256867687961416
1445,0.5846792890864371,143.4546674907369,0.020677461199972057,16.030071626766432,13.568289662127567
1446,0.5846792890864371,143.4528992425443,0.02057943976087791,15.773141686170135,13.448643437010176
1447,0.5846792890864371,143.4515177535531,0.016274742793038314,15.582668225316459,13.338803068952524
1448,0.5846792890864371,143.44940763870346,0.024946943813306442,15.527347558179194,13.082786399087645
1449,0.5846792890864371,143.44635123370315,0.03604678576163792,15.565134773154556,12.839244490247458
1450,0.613913253540759,143.44242542293827,0.044165721932596894,15.540438106129242,12.905135029382949
1451,0.6446089162177969,143.4379028252625,0.04880058044423708,15.430958339702451,13.046613856277052
1452,0.6446089162177969,143.43580030843802,0.022698581179897617,15.42306536946034,14.204378220440535
1453,0.6446089162177969,143.4333726415069,0.026464566967077198,15.274051182948241,13.22970791998694
1454,0.6446089162177969,143.43059029490385,0.030055426623408835,15.414103268025405,13.170311959937964
1455,0.6446089162177969,143.42746661485313,0.03332202255799677,15.608642049118988,13.15496025956083
1456,0.6446089162177969,143.42502771810433,0.02576515088132218,15.76124993273855,13.26103116394282
1457,0.6446089162177969,143.4253173362675,-0.0030069184315239836,16.037404337278435,14.559906736648044
1458,0.6446089162177969,143.42402124122276,0.01360862128608638,15.858154807284258,13.443882043071406
1459,0.6446089162177969,143.42180090717412,0.023360475946564742,15.825832439116729,13.336174739958734
1460,0.6446089162177969,143.41909023046838,0.028684441711534486,15.734800947333158,13.250671377037737
1461,0.6446089162177969,143.41614508375767,0.03131694415359301,15.65876430251332,13.195823541501596
1462,0.6446089162177969,143.41314040218478,0.03203733298119016,15.616080159603769,13.156553114190459
1463,0.6446089162177969,143.41015875463467,0.03183095139821318,15.596840016892289,13.133708571503911
1464,0.6446089162177969,143.40723199264332,0.031200812327212724,15.618935676283794,13.106049725977519
1465,0.6446089162177969,143.40534038931594,0.020116031429553156,15.657329636828806,13.178561939838437
1466,0.6446089162177969,143.40366349153126,0.017817552532254064,15.670702803406243,13.158129014493472
1467,0.6446089162177969,143.40180682191087,0.01974192206984052,15.659400415817617,13.127555767789552
1468,0.6446089162177969,143.39959371980194,0.023562596626714897,15.638973173702325,13.109331606273239
1469,0.6446089162177969,143.3969540459492,0.028160043492632368,15.607986490435616,13.094546821263227
1470,0.6446089162177969,143.39388448152118,0.03272527155523883,15.617928328634266,13.0888457869942
1471,0.6446089162177969,143.39139027786499,0.02655759826922879,15.637706061919395,13.189840494561995
1472,0.6446089162177969,143.3897138238267,0.017788732085522937,15.691938167635536,13.274366497255121
1473,0.6446089162177969,143.38777695552983,0.020515482750075732,15.719845775359948,13.258763475290957
1474,0.6446089162177969,143.38510481933744,0.02829681157884106,15.723564898071965,13.233090774987241
1475,0.6446089162177969,143.3814641819795,0.038542504618497946,15.727779770523025,13.018949405083713
1476,0.6768393620286868,143.37685235779446,0.04663531100900461,15.68189339406179,13.067454019247709
1477,0.7106813301301211,143.37140524665773,0.05269747859978909,15.610892500401137,13.124619441814177
1478,0.7106813301301211,143.36537086093801,0.05824861702640334,15.645836280884982,12.902201077918107
1479,0.7462153966366272,143.35866339000307,0.061815333459682924,15.607186391665143,12.926984536110433
1480,0.7835261664684585,143.3514287922118,0.06439762234357436,15.389244281506256,12.993044080047792
1481,0.7835261664684585,143.34385057666654,0.06810357371458861,15.242976727045773,12.788982678117025
1482,0.7835261664684585,143.33582798962092,0.0722761345332036,15.205204139797639,12.548098883943927
1483,0.8227024747918815,143.32706961934787,0.07538185267545837,15.15793116501098,12.553074509418153
1484,0.8638375985314757,143.32006724891693,0.05713382151673881,14.784570749013623,13.785036708952692
1485,0.8638375985314757,143.3115649698706,0.06973553698911215,14.707474939722992,12.76604780101758
1486,0.8638375985314757,143.30224117589356,0.0769397192833765,14.618371118766207,12.67016151928173
1487,0.8638375985314757,143.29242273193648,0.08173194292067278,14.491313588088538,12.59510865121927
1488,0.8638375985314757,143.28220819409717,0.08560699541096774,14.393498900446987,12.538640814884797
1489,0.8638375985314757,143.27166569591586,0.08885791205567681,14.312132316429212,12.493178733999498
1490,0.8638375985314757,143.26068188264583,0.09265335431597425,14.30042374424876,12.261135754476243
1491,0.8638375985314757,143.24929074718418,0.0960180837046764,14.31103007095986,11.98526412553827
1492,0.8638375985314757,143.23755129437103,0.09929950761308315,14.261252574951804,11.675309800638841
1493,0.9070294784580495,143.22527045402438,0.10040741472581395,14.051733786726379,11.78907522843953
1494,0.9070294784580495,143.21300839692316,0.10161377877780353,13.863674242263256,11.770318278242526
1495,0.9070294784580495,143.20156962314957,0.09656320303230462,13.60928850793347,11.840771654555834
1496,0.9070294784580495,143.1901551674741,0.09696486252971395,13.524101853475386,11.784934620927615
1497,0.9070294784580495,143.17842609935312,0.09967028570386453,13.519649060061417,11.73756954138687
1498,0.9070294784580495,143.16625668750544,0.10321726153488976,13.545182770380752,11.6937627803813
1499,0.9070294784580495,143.1536823228497,0.1064330391387662,13.57304222959684,11.660805706538888
1500,0.9070294784580495,143.1408049730764,0.10912994154194235,13.556581288201304,11.643569247659917
1501,0.9070294784580495,143.12775644174076,0.1112787798195829,13.471529016728498,11.6414841331347
1502,0.9070294784580495,143.1145969478568,0.11321848232526877,13.353326580274533,11.638024084777665
1503,0.9070294784580495,143.10190700970514,0.1081939696721744,13.08238236194163,11.744299136071078
1504,0.9070294784580495,143.08937917590325,0.10808320996513163,12.928499924070332,11.70586598205305
1505,0.9070294784580495,143.07667673837315,0.11022799286441239,12.853622964102449,11.661382326765118
1506,0.9070294784580495,143.06362507871552,0.11332332854934732,12.84626292327017,11.596385762524115
1507,0.9070294784580495,143.05026652548602,0.11644883910877148,12.795423075463253,11.548922761079197
1508,0.9070294784580495,143.03757206415443,0.11273090160269691,12.560348365710354,11.60845419984173
1509,0.9070294784580495,143.0259512200742,0.10310693472642064,12.205145522000805,11.70737977125277
1510,0.9070294784580495,143.01446721822384,0.10303005591860759,12.070422775000692,11.613099683070834
1511,0.9070294784580495,143.00246145667654,0.10774236599627345,12.06691819688154,11.50147453283548
1512,0.9070294784580495,142.98979623287033,0.11317778357858568,12.118387835332948,11.402261304967881
1513,0.9070294784580495,142.9776062488404,0.11026461206465442,11.971819114825113,11.614966380627472
1514,0.9070294784580495,142.96546562403344,0.11022857841177788,11.927241010379745,11.784919276406258
1515,0.9070294784580495,142.95311040392926,0.11125567998921178,11.921550749820291,12.026007150265965
1516,0.9070294784580495,142.94149311562225,0.11183038754100068,11.9194315863885,12.292770543480783
1517,0.9070294784580495,142.9309158283809,0.09017902520642569,11.80780516176787,13.879492917577965
1518,0.9070294784580495,142.91966201763876,0.09900176503890229,11.588942203203905,13.059431832491878
1519,0.9070294784580495,142.90802976415324,0.10066656145818248,11.470986471343904,13.275357834330809
1520,0.9070294784580495,142.89654102638903,0.09889292312649138,11.320313616683991,13.346725097066392
1521,0.9070294784580495,142.88542164902105,0.09544397034283231,11.124312903664933,13.384420898232147
1522,0.8638375985314757,142.8752365229441,0.09251551514164108,11.005562140529484,13.280326425361215
1523,0.8227024747918815,142.865849784942,0.09088900162992629,11.003817038222627,13.08125990127839
1524,0.8227024747918815,142.8567121247671,0.08799812626334638,11.041710426073939,13.15248421003094
1525,0.8227024747918815,142.8478678883092,0.08542434970023051,11.05532977952544,13.113688853626652
1526,0.8227024747918815,142.83921561349578,0.08396960917555454,11.03735905170265,13.051318384388496
1527,0.8227024747918815,142.83070856834638,0.08292006021180552,11.013000557269732,12.994672543937705
1528,0.8227024747918815,142.82230073336152,0.08253765867399754,11.00460920031992,12.902630057449633
1529,0.8227024747918815,142.81615903128525,0.05654064822765106,11.199616151924456,14.171355677866517
1530,0.7835261664684585,142.81130349441372,0.04982748144575744,10.895993387240056,12.959965053490025
1531,0.7835261664684585,142.80623795204045,0.05213487963736564,10.836812185519243,12.545727865147777
1532,0.7835261664684585,142.80059378376868,0.0576197411241512,10.843049970520479,12.279755256094187
1533,0.7835261664684585,142.79444728569308,0.0635461086521263,10.773068038363773,12.125505411552783
1534,0.7835261664684585,142.78770711348986,0.06921756844411342,10.620203513540124,11.851641051913056
1535,0.7835261664684585,142.7804814359289,0.07372811231229331,10.423714955705433,11.580627019789485
1536,0.7835261664684585,142.77291051444215,0.07663604715799263,10.160005897293539,11.333525681989547
1537,0.7835261664684585,142.765124854929,0.07818095350447432,9.858134111889878,11.09191687183019
1538,0.7835261664684585,142.75741580978348,0.07805895461130433,9.524935781497396,10.999932499883563
1539,0.7835261664684585,142.7498356935842,0.07703230417633244,9.20751242052827,10.960115643852806
1540,0.7835261664684585,142.74235639517272,0.07614056756355848,8.93890598169049,10.940997362962339
1541,0.7462153966366272,142.73515452072917,0.07637574228647326,8.784638135818431,10.706668046790845
1542,0.7106813301301211,142.72815254844096,0.07787356777365571,8.743783448840897,10.407504946626412
1543,0.7106813301301211,142.72118430734858,0.07806045452796899,8.697386012970423,10.332571119680336
1544,0.7106813301301211,142.71427359370426,0.07658728648857792,8.639016578152575,10.44437666492908
1545,0.6768393620286868,142.70779963584752,0.07603785926684067,8.704092255114155,10.34774210362922
1546,0.6768393620286868,142.7013787964327,0.0742677048030166,8.740407547452307,10.507452020258844
1547,0.6446089162177969,142.69518026930612,0.0747037136034478,8.788794430787844,10.28025763378411
1548,0.6446089162177969,142.6890009983756,0.07485470715655433,8.807277835506936,10.227648778095801
1549,0.6446089162177969,142.68355421224058,0.06545801046317269,8.588528424451713,10.30944310485795
1550,0.613913253540759,142.67843823457247,0.0646308815935029,8.587619181413693,9.997658973812218
1551,0.613913253540759,142.67325516824877,0.06631781947210234,8.621217137801715,9.871116703950156
1552,0.613913253540759,142.66800128828447,0.067580120290752,8.588519058595557,9.819083296768119
1553,0.613913253540759,142.66402704116388,0.05891417051793932,8.334672675675437,10.023650918673944
1554,0.5846792890864371,142.66020302473348,0.05933414768894555,8.352497254232016,9.762430350999027
1555,0.5846792890864371,142.65623585364656,0.06191901463961064,8.40351788981941,9.705095219858373
1556,0.5846792890864371,142.65210365760984,0.06473918882863665,8.434913940511402,9.668443652345802
1557,0.5846792890864371,142.6478556647659,0.06669163970006865,8.46835937302402,9.6483997417413
1558,0.5846792890864371,142.64349547970394,0.06845992315937553,8.519381816268451,9.647425254572942
1559,0.5846792890864371,142.6409807246614,0.04207946281331469,8.444817067641356,10.649996918503097
1560,0.556837418177559,142.63800383935222,0.05650802826752206,8.30854443059911,9.570354057372972
1561,0.556837418177559,142.63474977681565,0.06237397539115387,8.413155276762817,9.47760328872855
1562,0.556837418177559,142.63137952670394,0.06490298945964236,8.457641722263128,9.433513743414412
1563,0.556837418177559,142.62982858792824,0.028541320970227105,8.208012394054716,10.47414092648485
1564,0.5303213506452943,142.62837739512594,0.03006088777514675,8.035699915493046,9.485783672507974
1565,0.5303213506452943,142.62671202008045,0.035056819531392856,8.078606194700939,9.334465235294562
1566,0.5303213506452943,142.62481030592477,0.040416476039440416,8.109571908328952,9.245634009376419
1567,0.5303213506452943,142.62271450469083,0.04409064091531944,8.078635379795323,9.34014422859703
1568,0.5303213506452943,142.62051193691738,0.0456272639100683,8.066566653456624,9.48538049443495
1569,0.5303213506452943,142.61827721609652,0.0454178400808741,8.139037706447812,9.66822394189997
1570,0.5303213506452943,142.61602331922225,0.04543746887990136,8.150679650303713,9.746974127466185
1571,0.5303213506452943,142.61376055175376,0.04540354216643381,8.093828776037485,9.792646858963252
1572,0.5050679529955183,142.611515386192,0.0469303382861495,8.074652849218586,9.582893561333542
1573,0.5050679529955183,142.6093051879039,0.045586797417945774,8.11690823226017,9.711674818881631
1574,0.5050679529955183,142.6071775938783,0.043117091460823584,8.188749821870047,9.884194485601196
1575,0.4810170980909698,142.60517699268064,0.04281126545706683,8.313429040035338,9.828646950997276
1576,0.4810170980909698,142.60325282385,0.040423696788410804,8.498913786124639,10.011483220504283
1577,0.4810170980909698,142.60148816073075,0.038550145886610515,8.718082316998284,10.214133007218612
1578,0.4810170980909698,142.60151720613743,-0.0005598368931313985,10.266646340585648,11.576617166863652
1579,0.4810170980909698,142.60079234681285,0.014493536650742057,9.599774471392893,10.834474650837466
1580,0.4810170980909698,142.59969803451543,0.02186652713542689,9.523204484607621,10.841514803552036
1581,0.4810170980909698,142.60036992914155,-0.012510675177100536,11.048951170080484,11.983568005601729
1582,0.4810170980909698,142.60005522930015,0.0061232601509121085,10.405582497523053,11.133771752262051
1583,0.4810170980909698,142.5992967025289,0.01481503039676868,10.416995268445174,11.091668143899547
1584,0.4810170980909698,142.59850702385586,0.015385422146905305,10.497149377896893,11.119096337925063
1585,0.4810170980909698,142.59769033877225,0.015896860385568236,10.492656816453072,11.12940032505373
1586,0.4810170980909698,142.59684543959145,0.016453332712674535,10.5614410593029,11.124474632038678
1587,0.4810170980909698,142.5979630107748,-0.0205977925540599,11.663121335019754,12.106545556799036
1588,0.4810170980909698,142.60011246224974,-0.038987660499153136,12.301730120686637,12.195202835923427
1589,0.4810170980909698,142.60063171493482,-0.010116756285128146,11.119005984691102,11.110579393433527
1590,0.4810170980909698,142.60051230950197,0.002313596807710939,10.845019032100318,10.854946496517297
1591,0.4810170980909698,142.60012477992169,0.007557644276666784,10.784740196373921,10.616586602662538
1592,0.4810170980909698,142.59961961749724,0.009850959478098921,10.78558690450696,10.412178400650205
1593,0.4810170980909698,142.5990523706047,0.010995216590171669,10.850746385674764,10.215552495280797
1594,0.4810170980909698,142.5984087271558,0.012332638160136127,10.97692356186665,10.016573413265462
1595,0.4810170980909698,142.5983429821955,0.0012471408442517016,11.087617645030516,10.067246943181457
1596,0.4810170980909698,142.5983470545348,-7.597732495493325e-5,11.273304292268818,9.871086165241621
1597,0.4810170980909698,142.59824464271313,0.0018753055351602606,11.48601375644358,9.795267913415332
1598,0.4810170980909698,142.59795507245224,0.0055106960593203575,11.725010077990714,9.74053505522213
1599,0.5050679529955183,142.59757237866623,0.006761240540938059,12.028222414270758,9.949432105799591
1600,0.5303213506452943,142.59714013660974,0.0072237280278664015,12.110240325648887,10.09714546885674
1601,0.5303213506452943,142.59655439220452,0.00965901333847047,12.273332804797175,9.995486140748364
1602,0.556837418177559,142.59696346012126,-0.006298917903849932,12.51777956160507,10.436554059762978
1603,0.556837418177559,142.59739925829265,-0.006620052467233724,12.688836475862447,10.294712377719124
1604,0.5846792890864371,142.5975340719924,-0.001930061220299543,12.822463513425102,10.321436321327553
1605,0.613913253540759,142.59718061069623,0.0047713772627322555,12.951418570277157,10.362045271144284
1606,0.6446089162177969,142.59625042444998,0.011866696777662951,13.051787661432652,10.391230621619556
1607,0.6768393620286868,142.59482428906517,0.017228919707581225,13.126330673122336,10.461115750980502
1608,0.7106813301301211,142.59298851338787,0.021175729631752238,13.092800824688329,10.539583160430324
1609,0.7462153966366272,142.59080596068702,0.024248835250865592,12.946008571879918,10.634289095089814
1610,0.7835261664684585,142.5895774335947,0.013212451023217713,12.737203358946752,11.108955096913402
1611,0.7835261664684585,142.58827133899632,0.014138202368158801,12.654738480671327,10.94429245297839
1612,0.7835261664684585,142.58636083879617,0.020596934520423243,12.706245263344174,10.701757999364743
1613,0.7835261664684585,142.58363322542684,0.02901815696703711,12.876140881110377,10.406703929941933
1614,0.8227024747918815,142.58009549587203,0.03542440258021193,13.02883340168531,10.332530000933932
1615,0.8638375985314757,142.57588330526752,0.03994677106482475,13.101483408288715,10.300001475749852
1616,0.9070294784580495,142.57136170856364,0.04121815546303156,12.980998756713548,10.498973973348816
1617,0.952380952380952,142.56670161280093,0.040100156428299324,12.715313972488673,10.80509377525584
1618,0.952380952380952,142.56215446727472,0.03988803894046108,12.47310224294434,10.881157448742256
1619,0.952380952380952,142.55770926300914,0.039500065662790185,12.313236435455522,10.954790462315717
1620,0.952380952380952,142.55325169372065,0.0397797757824499,12.260666673462396,10.980405771539871
1621,0.952380952380952,142.54869793810536,0.04063302546201306,12.262213497977472,10.988167144740592
1622,0.952380952380952,142.5439627804197,0.0422016176527806,12.276757049828843,10.953951503709625
1623,0.952380952380952,142.53908669889432,0.04348110179809362,12.27011778357785,10.947398794817671
1624,0.952380952380952,142.5340451677969,0.04511417530409785,12.227220425371579,10.927521269848912
1625,0.952380952380952,142.52883570807944,0.04686379667211626,12.1627989514324,10.89486271958411
1626,0.952380952380952,142.52347027654935,0.04861339082328807,12.076109893043444,10.86335952846153
1627,0.952380952380952,142.51795963387784,0.05032991477744013,11.979932463005419,10.833283135398306
1628,0.952380952380952,142.51230174729335,0.05206378931827624,11.89040856454022,10.801349623745113
1629,0.952380952380952,142.50651066312165,0.053641203020897164,11.812441805124962,10.77331386048487
1630,0.952380952380952,142.5007091884434,0.05400618691662128,11.75366205897452,10.928698550813396
1631,0.952380952380952,142.49571462319162,0.04687465132719381,11.658373238715381,11.289674415439372
1632,0.952380952380952,142.49090108013874,0.0452863827944847,11.629888238095486,11.49605305996323
1633,0.952380952380952,142.48598223748436,0.04587820902881022,11.625525989600582,11.730993348679117
1634,0.952380952380952,142.48292426295734,0.02617269982658847,11.832422504154284,13.167425739033957
1635,0.952380952380952,142.47867270674126,0.037527720876281416,11.510598911208493,12.395785430568948
1636,0.952380952380952,142.4737341072161,0.04301373728386703,11.399861000367093,12.562467349064054
1637,0.952380952380952,142.46872984196807,0.04397976350895633,11.351361586280003,12.823393522737979
1638,0.952380952380952,142.46371908736236,0.043110202349557654,11.332738523429791,13.099014159935985
1639,0.952380952380952,142.4588118844348,0.0412951401499826,11.323535188821802,13.392159464547275
1640,0.952380952380952,142.45407132114948,0.0390605496410331,11.32236227459182,13.677513027763334
1641,0.9070294784580495,142.44960370321735,0.038737201328327545,11.39443176425717,13.647484896829
1642,0.9070294784580495,142.44519124432605,0.03774514359191558,11.490302708079948,13.833256445604777
1643,0.8638375985314757,142.4409831707168,0.038091282305640996,11.638271791557372,13.726248965159664
1644,0.8638375985314757,142.43678999486343,0.038069215577632945,11.718176090261315,13.685582429021192
1645,0.8638375985314757,142.43260003028672,0.038252593826962555,11.733823589512971,13.609544782835751
1646,0.8638375985314757,142.42853058007273,0.037330735904800405,11.677085832171725,13.544510839671444
1647,0.8638375985314757,142.42459560828945,0.0362749275803524,11.574492558395853,13.478116475953994
1648,0.8638375985314757,142.42081419141454,0.03502391674509382,11.416968665629257,13.414793224087576
1649,0.8638375985314757,142.41718427115438,0.033749313619906816,11.203780464982737,13.3636864353879
1650,0.8638375985314757,142.41369314781772,0.03293647368612718,10.89982092638143,13.169892465866278
1651,0.8227024747918815,142.41124421430808,0.024618594008688672,10.675663301667111,12.97768364896195
1652,0.7835261664684585,142.40888528664092,0.02531297924261736,10.53492017852887,12.393868139923056
1653,0.7835261664684585,142.40723439596707,0.017839971592873965,10.319268630584537,12.307211551172454
1654,0.7835261664684585,142.40556818949455,0.018018617923934534,10.04937964296753,11.940035726890402
1655,0.7835261664684585,142.40449055965902,0.011730449842252084,9.752028461782754,11.861871786722572
1656,0.7462153966366272,142.403172172602,0.01542710952348807,9.570572308052055,11.248865598586663
1657,0.7462153966366272,142.40137741801067,0.021146845746335966,9.362429557526614,10.846075188485887
1658,0.7462153966366272,142.3991920935516,0.02581354105294069,9.099037087053494,10.503747004197397
1659,0.7462153966366272,142.3967413485854,0.02893451661092756,8.777793728384287,10.20282819630977
1660,0.7462153966366272,142.39417043167498,0.030299059356773527,8.446864686868983,9.923396765137717
1661,0.7462153966366272,142.39156420826913,0.030612245201126365,8.122979697666212,9.666754600111874
1662,0.7462153966366272,142.38914769562413,0.028640001854644475,7.780402512630142,9.58032553801372
1663,0.7106813301301211,142.38691341397885,0.02779102075363271,7.637049214874056,9.30571462266274
1664,0.6768393620286868,142.38480615411063,0.027597335264730648,7.66840463419463,9.009886741609192
1665,0.6768393620286868,142.38283267838548,0.026145864299274853,7.641886520473062,8.906296946966386
1666,0.6768393620286868,142.38087296494047,0.025807803711511347,7.602393054385879,8.6990671974253
1667,0.6768393620286868,142.3788819397237,0.026158069022933984,7.574583005951631,8.465741724241942
1668,0.6768393620286868,142.37680982163647,0.027205743557735307,7.565615914919568,8.22452097469127
1669,0.6768393620286868,142.37460933179185,0.028897915485654617,7.549737425501544,7.983114131055527
1670,0.6768393620286868,142.37222365815919,0.03148645354352048,7.566865825745425,7.712044825858718
1671,0.6768393620286868,142.36969894439045,0.033776843836666674,7.608084790839881,7.460280861509098
1672,0.6768393620286868,142.36696578504484,0.03618350881288892,7.6884099914518,7.210533299365155
1673,0.6768393620286868,142.36412172700395,0.03744998942152912,7.729813529074777,7.0898385898623975
1674,0.6768393620286868,142.36121434501453,0.03814459143577488,7.75802883979507,7.003034666747519
1675,0.6768393620286868,142.35826934658922,0.03856274805812847,7.77319125513062,6.96022394216151
1676,0.6768393620286868,142.3552961763318,0.03888829566540684,7.78185494369356,6.940255733095783
1677,0.6768393620286868,142.3522995862957,0.039207352050681175,7.779327951296975,6.92673963387071
1678,0.6768393620286868,142.34926756873045,0.0397225109243086,7.769217528304514,6.9287055564488425
1679,0.6768393620286868,142.34617619538938,0.04050138531183256,7.7689770913382326,6.9222171818518135
1680,0.6768393620286868,142.34300542951863,0.04149445896018707,7.777792097851835,6.91973324014612
1681,0.6768393620286868,142.33974252062868,0.04272937963080097,7.772498039455872,6.916562490850909
1682,0.6768393620286868,142.3363775498489,0.04407716887206927,7.770516148960317,6.904445016639477
1683,0.6768393620286868,142.3329074348013,0.04543473751224375,7.773884998790318,6.891323428279673
1684,0.6768393620286868,142.32933050422633,0.04677570669127859,7.783454928750373,6.8733606391451385
1685,0.6768393620286868,142.32565293838078,0.047992577898849656,7.799533727017455,6.852925903998235
1686,0.6768393620286868,142.32187608945196,0.049071202747281266,7.834028956248428,6.826915990714657
1687,0.6768393620286868,142.31930589361423,0.033241004399705384,7.640769790052222,7.453469992266748
1688,0.6768393620286868,142.31608028861135,0.04120425958874811,7.7359580541788056,6.8871568831226675
1689,0.6768393620286868,142.31242819348333,0.04579267486091301,7.881177442964665,6.826586696023494
1690,0.6768393620286868,142.30868229783005,0.04643326541436154,7.972077017911077,6.921458509740694
1691,0.6768393620286868,142.30554527085528,0.03903104679694522,7.942424422551195,7.167182158248085
1692,0.6768393620286868,142.30267772510152,0.03544895353715481,7.993775987735825,7.344007942654781
1693,0.6768393620286868,142.29989985873183,0.03387448497178465,8.103706174320358,7.530190496811075
1694,0.6768393620286868,142.29710886473276,0.03347635828674399,8.23883361358585,7.726691568028593
1695,0.6768393620286868,142.29426986111324,0.0335076400119586,8.372731071442502,7.935781570792982
1696,0.6768393620286868,142.29134794196295,0.03392999141743921,8.509998466749117,8.13397034334858
1697,0.6768393620286868,142.288451820505,0.03321268197504561,8.617035085945291,8.36645271171796
1698,0.6768393620286868,142.2856987019949,0.03128083529937102,8.6974432068988,8.600412573686832
1699,0.6768393620286868,142.2831371058343,0.02866692714491359,8.756786102217665,8.830281685464561
1700,0.6768393620286868,142.28115893844517,0.025375422826186433,8.833336969640028,9.063081003470995
1701,0.6768393620286868,142.27964318526836,0.022328907087330353,8.96632346436487,9.284707059632083
1702,0.6768393620286868,142.27902798108144,0.010109126226310411,9.204338777833822,9.650421786642386
1703,0.6768393620286868,142.27870567386788,0.005204488041908522,9.584169952336628,9.820478352309369
1704,0.6768393620286868,142.27844736734778,0.004094656008741389,10.003652064038889,9.9977277007475
1705,0.6768393620286868,142.27879164446057,-0.0052041185966745784,10.490630706536342,10.318896976280492
1706,0.6768393620286868,142.27928210259896,-0.007106566634895985,10.944167842768184,10.441903841854879
1707,0.6768393620286868,142.27971729282493,-0.006067315395555816,11.37426110620654,10.57825645563358
1708,0.6768393620286868,142.2799792433966,-0.0035644142050081495,11.65391421589289,10.604632081232863
1709,0.6768393620286868,142.28097044233022,-0.013099329951103507,11.999202339118694,10.888927682947848
1710,0.6768393620286868,142.28209291428283,-0.014604694312900568,12.187753412582104,10.880070812745691
1711,0.6768393620286868,142.28312903211707,-0.013350234353308708,12.30724629060939,10.852478594334048
1712,0.6768393620286868,142.28405190711246,-0.011785821326754957,12.41719949265136,10.826537717292107
1713,0.6768393620286868,142.2849376063286,-0.011201956527554284,12.53813695905705,10.792469465087086
1714,0.6768393620286868,142.28585822250872,-0.011501850686288551,12.692626784389518,10.757014432182592
1715,0.6768393620286868,142.28688630347338,-0.012733439391382143,12.803308929920147,10.745411701818329
1716,0.6768393620286868,142.2889109086986,-0.024789190374986787,12.951457438877076,10.877847473867671
1717,0.6768393620286868,142.29380366641968,-0.056508309612769266,13.730363248876651,11.819267647326285
1718,0.6768393620286868,142.29751127692657,-0.0427699289578965,13.3462416108306,10.767361529451485
1719,0.7106813301301211,142.30091679134108,-0.037712780325005746,13.240618723540088,10.865200849010979
1720,0.7462153966366272,142.3044499547796,-0.03749531451913785,13.158656075394582,11.083630702833936
1721,0.7462153966366272,142.30803466306654,-0.038047061930849564,13.157019057620206,11.139860055065906
1722,0.7462153966366272,142.31181843774695,-0.03981668205500673,13.270430406805982,11.327669366221203
1723,0.7462153966366272,142.31680260748712,-0.051427300893702996,13.533929254752211,11.574676378939094
1724,0.7462153966366272,142.32215903750432,-0.05455991473621986,13.709656118608684,11.59222984696666
1725,0.7462153966366272,142.32765067260658,-0.05520045200286009,13.892610112809374,11.728080300953808
1726,0.7462153966366272,142.3330682588844,-0.053993826308703495,14.011561602515416,11.75482992272867
1727,0.7462153966366272,142.33838769492502,-0.05260897443454543,14.119865667825868,11.769221632754215
1728,0.7462153966366272,142.34361546600093,-0.05127002169954891,14.238946871407643,11.769686456866342
1729,0.7835261664684585,142.3492932843213,-0.052640699820090356,14.344828080961168,12.037150868721382
1730,0.7835261664684585,142.35526725517548,-0.05478770703399697,14.50158541101631,12.251061618246707
1731,0.7835261664684585,142.36159532534592,-0.05727539655059618,14.693954535109004,12.482412788455536
1732,0.7835261664684585,142.36828540071443,-0.059669073758538985,14.911358932397969,12.72802516505489
1733,0.7835261664684585,142.37516383206733,-0.06060356080477575,15.094779569062007,12.81144604450948
1734,0.7835261664684585,142.3821225957787,-0.06073072193532265,15.23909429696001,12.866585474855144
1735,0.7835261664684585,142.389111815336,-0.06038763251842894,15.392749087800096,12.889428571232616
1736,0.7835261664684585,142.39609227495404,-0.05991866652950763,15.493780160327601,12.909316109380235
1737,0.8227024747918815,142.40357693838277,-0.06102128525374412,15.535925720648658,13.152440147540444
1738,0.8227024747918815,142.4124069245708,-0.071440421249209,15.65533007499854,13.269732619888755
1739,0.8227024747918815,142.4212938519966,-0.0719848163753462,15.637126284647845,13.076853254096713
1740,0.8227024747918815,142.42982287835937,-0.0692601963177045,15.597749801850235,12.976278506693319
1741,0.8638375985314757,142.4384647838494,-0.0669846198450052,15.562928690653315,13.142261958073707
1742,0.8638375985314757,142.44676083372735,-0.06430638859016838,15.562313003151539,13.135659598716579
1743,0.8638375985314757,142.4546908942094,-0.06137553025973209,15.58612498199756,12.974058207075903
1744,0.9070294784580495,142.46280319165177,-0.06003853327860552,15.523205431447419,13.05632766764155
1745,0.9070294784580495,142.47086881958802,-0.0599108261498246,15.466800682528408,13.087389054784337
1746,0.9070294784580495,142.47895444737694,-0.060204338288980655,15.429561040295201,13.131618972851488
1747,0.9070294784580495,142.48710772821582,-0.06062520681722389,15.450650958928936,13.163469111248533
1748,0.9070294784580495,142.49531530623887,-0.06083469856480973,15.499984805233623,13.208026104041197
1749,0.9070294784580495,142.50371531150697,-0.06193574024917281,15.581377111867287,13.380715108853654
1750,0.9070294784580495,142.5121969838686,-0.06241025257711424,15.613244649519578,13.420015255623355
1751,0.9070294784580495,142.52067151767807,-0.06242509449507745,15.596394836776257,13.467512749907659
1752,0.9070294784580495,142.52903684766812,-0.06199761600416428,15.501570525668289,13.508878393740185
1753,0.9070294784580495,142.53725530062488,-0.061428402155602996,15.370516720817431,13.525012134236025
1754,0.9070294784580495,142.5453126285613,-0.06074295389305902,15.239220231553025,13.53903327189921
1755,0.9070294784580495,142.55336244295557,-0.06109981275621645,15.136086484971619,13.678765012633212
1756,0.9070294784580495,142.5615309079378,-0.062213068752775984,15.084344433948424,13.874877653805093
1757,0.9070294784580495,142.56982911618041,-0.06330105195854124,15.060556331760878,14.066768887178515
1758,0.9070294784580495,142.57810950225453,-0.06331749431679828,15.024308038720774,14.129112371673365
1759,0.9070294784580495,142.5861461780581,-0.06190392201504417,14.915090646088023,14.158985229197915
1760,0.9070294784580495,142.59399337320167,-0.061052510240451816,14.766533010297607,14.200996545229344
1761,0.9070294784580495,142.60161376744315,-0.059979025323196884,14.596396397401595,14.202759915767977
1762,0.9070294784580495,142.60899428962003,-0.058681528565808806,14.449515475547205,14.181406317677826
1763,0.9070294784580495,142.6161616922665,-0.057555680484311936,14.306757724268087,14.154511363764454
1764,0.9070294784580495,142.62316016780633,-0.05671076762826071,14.177691959968419,14.113225240085178
1765,0.9070294784580495,142.63000481259408,-0.055884702206554594,14.06584576631852,14.07102020575647
1766,0.9070294784580495,142.6367731891172,-0.055445730067019396,13.976415790864873,14.02439118367406
1767,0.9070294784580495,142.64348974523955,-0.05509587364625287,13.855970492121648,14.005389358186479
1768,0.9070294784580495,142.65016669433265,-0.054805931792152575,13.702033597351267,13.996456933051814
1769,0.9070294784580495,142.65680415115537,-0.05454891728060913,13.546356524917048,13.979227962275708
1770,0.9070294784580495,142.66342076457283,-0.05444909012647788,13.406931061850273,13.960878496967322
1771,0.9070294784580495,142.66999136205268,-0.05409681808277545,13.274601998227713,13.954065416985994
1772,0.9070294784580495,142.6765386119393,-0.05391000044234533,13.145455682844824,13.952665878266778
1773,0.9070294784580495,142.68303240167114,-0.053476965604277955,13.01510286481929,13.950798905048178
1774,0.9070294784580495,142.6896285950575,-0.05425842277979455,12.990714041052817,13.966700731165915
1775,0.9070294784580495,142.69632100120177,-0.054969329531877935,12.970814031994621,13.987157409229729
1776,0.9070294784580495,142.7031704289498,-0.05618315899252461,12.994328407611881,14.006052416164845
1777,0.9070294784580495,142.7100234843788,-0.05624082499254184,12.95659591902938,13.999101899745773
1778,0.9070294784580495,142.71675271772554,-0.05528333338361333,12.838287386795935,13.98424357613837
1779,0.9070294784580495,142.7233052622497,-0.053873586454054954,12.680634740853597,13.973387584804131
1780,0.9070294784580495,142.72963611656698,-0.05211981200216977,12.498932543337503,13.954911683073616
1781,0.9070294784580495,142.73574752050513,-0.05037133034622315,12.30734268444155,13.938793418349926
1782,0.9070294784580495,142.741624149497,-0.048497941432208216,12.103388279340772,13.921068857324514
1783,0.9070294784580495,142.74726545051033,-0.04664832991767405,11.923742187325136,13.89347189350169
1784,0.9070294784580495,142.7527070704941,-0.045084278510466515,11.76832486096458,13.866622686462755
1785,0.9070294784580495,142.75808577244615,-0.04424036438800866,11.651253917267915,13.967748194547397
1786,0.9070294784580495,142.76345360412796,-0.044032887027094195,11.546873018631041,14.00520084265235
1787,0.8638375985314757,142.76822073731662,-0.04183004915046789,11.5217997488737,13.747566305699419
1788,0.8638375985314757,142.77281721416557,-0.04056691674921016,11.523821446181186,13.668157931063044
1789,0.8638375985314757,142.77746162305175,-0.04077747221680953,11.540069123840796,13.739377582608403
1790,0.8638375985314757,142.7821421691609,-0.04108316135802469,11.522758462358526,13.74325436730426
1791,0.8638375985314757,142.78683466253239,-0.04120480470117862,11.487409692223896,13.737658614730806
1792,0.8638375985314757,142.79150662416518,-0.041089346141942706,11.473948733561665,13.715983351291365
1793,0.8638375985314757,142.79749485754877,-0.05227729037700492,11.562452898562666,13.817916401056243
1794,0.8638375985314757,142.8034192719829,-0.052704069996530024,11.508094087719568,13.55995315349654
1795,0.8638375985314757,142.80904458928097,-0.050966489158723566,11.36538441339618,13.314326966851441
1796,0.8638375985314757,142.81431087505575,-0.04823987670048301,11.32207397889789,13.169071187998506
1797,0.8638375985314757,142.8191732890868,-0.04488514560417633,11.332502183295258,13.06791225266443
1798,0.8638375985314757,142.82388356985138,-0.04342546663368544,11.074673017630895,13.084562709029555
1799,0.8638375985314757,142.8320783571385,-0.07182071715111425,11.481546381355836,14.176926390137618
1800,0.8227024747918815,142.83739259950636,-0.05291466665956016,10.978981804157366,12.720714455109489
1801,0.8227024747918815,142.841731732669,-0.0438575813318719,10.794485581621128,12.531541941770751
1802,0.8227024747918815,142.8459689154067,-0.042689294841927405,10.697492159476889,12.572001506679019
1803,0.8227024747918815,142.85043483738576,-0.044526562045733756,10.621964026092936,12.703932533527965
1804,0.8227024747918815,142.85526893630765,-0.04745362346999134,10.526259169233205,12.903049532609478
1805,0.7835261664684585,142.85995696847277,-0.048493343150616375,10.46147289320705,12.857127993934602
1806,0.7462153966366272,142.86433470758917,-0.047314391753019346,10.398184218324383,12.544235542053858
1807,0.7106813301301211,142.86847258567542,-0.046728487662402764,10.636354215188387,12.238709439746135
1808,0.7106813301301211,142.87280147945904,-0.0488040738628844,10.8585353661413,12.25915434732976
1809,0.7106813301301211,142.877428640225,-0.05181199096770246,10.857192775672436,12.343092017323375
1810,0.7106813301301211,142.88232294317697,-0.05451913251427762,10.844330179072603,12.407422472847323
1811,0.7106813301301211,142.8874568322073,-0.05678892546925351,10.83430176781007,12.494603668263053
1812,0.7106813301301211,142.89260442231895,-0.05698796682043995,10.757043735363437,12.484192426329681
1813,0.7106813301301211,142.89770190619802,-0.05649029055245965,10.657571614496131,12.471586734865209
1814,0.7106813301301211,142.90376975295834,-0.06694561794380763,10.731083755583752,12.527145123933497
1815,0.7106813301301211,142.90959122403981,-0.06547527150836707,10.581296206913208,12.2883930870171
1816,0.7106813301301211,142.9148145629161,-0.05950154611995616,10.383386470352697,12.132760108476448
1817,0.7106813301301211,142.91936855684375,-0.052407374794943014,10.232978438991434,12.009908555583262
1818,0.7106813301301211,142.92329466203861,-0.04555489790269773,10.088984895445403,11.91150159007968
1819,0.7106813301301211,142.9267090286853,-0.039816863312933194,9.9716047363126,11.851757861975123
1820,0.7106813301301211,142.92973379037227,-0.03535381839875111,9.870417612308641,11.82481883013001
1821,0.7106813301301211,142.93248541385188,-0.032146671613422745,9.756036389065637,11.830215388133137
1822,0.6768393620286868,142.93471494086722,-0.027783757460864925,9.709644025795356,11.645300988885575
1823,0.6768393620286868,142.93672831673967,-0.0251081470855369,9.669538526455979,11.636949609763082
1824,0.6446089162177969,142.9383092563751,-0.020520872240981113,9.75774614998195,11.397261254256554
1825,0.6446089162177969,142.93963485119312,-0.017305889700060115,9.893689636877589,11.331773849495162
1826,0.6446089162177969,142.940766152393,-0.014797862506775486,10.002670923969161,11.309939774180933
1827,0.6446089162177969,142.9416923926202,-0.01212709559108099,10.070093575147398,11.299204536045172
1828,0.6446089162177969,142.9424750164408,-0.01021697179527477,10.094464516007172,11.332139189418232
1829,0.6446089162177969,142.94308186305975,-0.007902099233621777,10.113718625901013,11.361024326292565
1830,0.6446089162177969,142.94604049094067,-0.03923226779553248,10.535203729443014,12.556738899027183
1831,0.6446089162177969,142.94753551937896,-0.02068973533121635,10.176196584549059,11.68119369130794
1832,0.6446089162177969,142.9483130226424,-0.010753051067174122,10.135768065830701,11.688619431968927
1833,0.6446089162177969,142.9488956854523,-0.007949189775481386,10.202740796359182,11.849148440024601
1834,0.6446089162177969,142.94940822623101,-0.006909467263491775,10.380550406015226,11.99158436897717
1835,0.6446089162177969,142.9508147510584,-0.018772288656805303,10.673371602691764,12.112195871857033
1836,0.6446089162177969,142.95203382465127,-0.01651306962974671,10.863107171605689,11.934241395554626
1837,0.6446089162177969,142.95287655911986,-0.011470390813617821,10.992612536486718,11.876958762276335
1838,0.6446089162177969,142.9532335578052,-0.0048868688501844055,11.097929521009283,11.809421925365566
1839,0.6446089162177969,142.95313593548113,0.0013416585390808638,11.24684876639055,11.7625057788191
1840,0.6446089162177969,142.9525706287082,0.007871080146841573,11.426468501890811,11.610276446112483
1841,0.6446089162177969,142.95263227472336,-0.0008486068425271473,11.58409094006241,11.743327853060062
1842,0.6446089162177969,142.9526517848046,-0.00026818643151328177,11.760207427290991,11.671131977444514
1843,0.6446089162177969,142.95233366779183,0.004300909831518362,11.956918371401073,11.605500181280469
1844,0.6446089162177969,142.95159319150633,0.00983920516978173,12.165888844286002,11.566768514330981
1845,0.6446089162177969,142.95044730624406,0.015372447470187635,12.411607903900753,11.520342934128177
1846,0.6446089162177969,142.9489944261067,0.01911475161655439,12.655842417358198,11.52460182270556
1847,0.6446089162177969,142.947284137708,0.022097491867507996,12.88713263264863,11.526857726001781
1848,0.6446089162177969,142.94535206052578,0.024549390859403185,13.10429563295471,11.542005297286508
1849,0.6446089162177969,142.94325337060909,0.02627259053150008,13.300724865206702,11.584671412660889
1850,0.6446089162177969,142.94112027983567,0.026352629743775283,13.477685196306561,11.758772859627499
1851,0.6446089162177969,142.93897450641012,0.02602004471371845,13.731113439617134,11.932115921226533
1852,0.6446089162177969,142.9367680169337,0.02609462578182352,14.079288835581034,12.093918536892737
1853,0.6446089162177969,142.93437520410365,0.027674040987373343,14.396803598064093,12.192983849188552
1854,0.6446089162177969,142.9329590068873,0.016155920043185473,14.595600660542562,12.34317673731488
1855,0.6446089162177969,142.93132096295403,0.01837336873993587,14.844537996158971,12.157675500906395
1856,0.6768393620286868,142.92927099319516,0.021645508620500464,15.018283259869687,12.279739196460516
1857,0.7106813301301211,142.92685641117572,0.02398172780751633,15.205924361910087,12.54174288593948
1858,0.7462153966366272,142.92404371642664,0.026339500157409955,15.359501024602087,12.788575069849815
1859,0.7835261664684585,142.92080662438437,0.02873691744521963,15.430770165747232,12.96522990467172
1860,0.7835261664684585,142.91702239613443,0.03329532676288417,15.569217184447778,12.902642755550486
1861,0.8227024747918815,142.91268819635508,0.036037067343953955,15.690721721528714,13.022583440738789
1862,0.8638375985314757,142.90785479894382,0.03794039681575183,15.82868268898037,13.153489449622317
1863,0.9070294784580495,142.90269838133784,0.038240119035879545,15.95635480712393,13.406022565488424
1864,0.9070294784580495,142.89742838683247,0.0387344596145021,16.159746433230683,13.637037951465205
1865,0.9070294784580495,142.89205387806362,0.03950263945127503,16.410336766629783,13.874855809628826
1866,0.9070294784580495,142.88788802700807,0.03061900525827026,16.58486023081252,14.11077807258366
1867,0.9070294784580495,142.88344793555495,0.032634672180294984,16.80009471145235,13.95507176091858
1868,0.952380952380952,142.8781933653649,0.03678199133065308,16.928800999737692,13.991805836163483
1869,0.9999999999999997,142.87231403862282,0.0391955116137758,16.958895838685613,14.308785771116975
1870,0.9999999999999997,142.86603404171836,0.04186664602943832,17.00681752762037,14.443330581688445
1871,0.9999999999999997,142.85930496784763,0.044860492471490744,17.089478520229555,14.467478893204017
1872,0.9999999999999997,142.85469194202173,0.0307535055061329,17.081826104164875,14.706647313223947
1873,0.9999999999999997,142.8501283961287,0.030423639286938923,17.18322960991331,14.50662067661836
1874,0.9999999999999997,142.84485371756742,0.03516452374178172,17.325254516198445,14.31019440141033
1875,1.0499999999999996,142.83859530184301,0.03973597285356942,17.368622801679166,14.246766409419587
1876,1.1024999999999996,142.831437887695,0.04327990414503897,17.33271664454067,14.192732900225812
1877,1.1576249999999997,142.82362809910188,0.04497592682219259,17.272834947779344,14.181593897171481
1878,1.2155062499999998,142.8154038719569,0.045107280169535496,17.132358829606467,14.24721158167006
1879,1.2762815625,142.80677627643632,0.04506631229387538,16.97262732021515,14.452690959409166
1880,1.2762815625,142.79999669690457,0.03541318640533851,16.810280270836497,14.826412047632383
1881,1.2762815625,142.7950157759671,0.026017879250517337,16.744333293633698,14.970449633512942
1882,1.2762815625,142.7895143724468,0.028736624069825873,16.81189849338771,14.697991717176304
1883,1.2762815625,142.78266110097562,0.03579811682390781,16.976560280635603,14.475969656378197
1884,1.2762815625,142.77471594221194,0.041501598587199144,17.13463622717429,14.458753979190481
1885,1.2762815625,142.7657945837238,0.04660078543946369,17.266065399629827,14.35419019793098
1886,1.340095640625,142.75623450374246,0.047559192500904256,17.23138131966153,14.53753592213617
1887,1.340095640625,142.74635123345377,0.04916698972357738,17.214819491913175,14.360871473255653
1888,1.340095640625,142.7361489770776,0.05075387192226661,17.19175431074638,14.124829211302458
1889,1.40710042265625,142.72570875855368,0.04946445591620947,17.05713151106944,14.277230494211407
1890,1.40710042265625,142.71542843634577,0.04870688707265612,16.93437145195232,14.289944604394547
1891,1.40710042265625,142.70537978307928,0.04760926846286952,16.822811360246696,14.459251687898911
1892,1.40710042265625,142.69547344651446,0.04693498964402544,16.734085822244186,14.64805534028039
1893,1.40710042265625,142.68581442155283,0.045763258049778856,16.65962426240187,14.876812123573963
1894,1.40710042265625,142.6778925088964,0.03753303615899064,16.55011997890299,15.084768614388409
1895,1.40710042265625,142.6717317720099,0.029188804567303262,16.459093936409733,15.120944589020873
1896,1.40710042265625,142.66500151836206,0.03188710409706031,16.414572051992955,14.721686823801727
1897,1.40710042265625,142.65721020129845,0.036914290494873596,16.379751332339517,14.550921971420609
1898,1.40710042265625,142.64844593548895,0.041524000553841235,16.33379161662785,14.440026983639155
1899,1.40710042265625,142.6388441470857,0.04549207836058124,16.2541885298053,14.284654029138112
1900,1.40710042265625,142.6286441508102,0.04832631280257678,16.158732606509034,14.031450702096246
1901,1.40710042265625,142.6180656579337,0.05023505050620665,16.062683451194058,13.753864881018764
1902,1.40710042265625,142.60741638765788,0.05085937767397435,15.971656222099112,13.496253887568761
1903,1.40710042265625,142.59671614689017,0.051167938617995484,15.951325413041523,13.197686113342685
1904,1.4774554437890626,142.5860256918568,0.0490934178072144,15.819209223666038,13.28025769674907
1905,1.4774554437890626,142.57597524785447,0.04663468226843739,15.656261732053437,13.42921341690728
1906,1.4774554437890626,142.56647606769943,0.044462150759240794,15.520564191909724,13.63650266467191
1907,1.4774554437890626,142.55728341039855,0.04329237915984795,15.425578622748546,13.729177634062133
1908,1.4774554437890626,142.54821254757627,0.04288340466555857,15.366366525180846,13.790176760982202
1909,1.4774554437890626,142.53902907729227,0.043514329464907575,15.331561038711158,13.681978836656423
1910,1.4774554437890626,142.53128154815798,0.03693005329405503,15.240356661139883,13.773566219769812
1911,1.4774554437890626,142.52358855939826,0.036766368173693116,15.200441875061486,13.461405640213577
1912,1.4774554437890626,142.5154618178042,0.038922562850026085,15.167949327006331,13.226092859397449
1913,1.4774554437890626,142.5068925063957,0.041152755387308906,15.127210615087433,13.111546580374089
1914,1.4774554437890626,142.4979396517,0.043193172151874015,15.057687601994848,12.971283039170041
1915,1.4774554437890626,142.48878166334802,0.04445751490568231,14.96465645071446,12.857970045119632
1916,1.4774554437890626,142.47939079188012,0.04580062713327872,14.895199307070904,12.620743042965634
1917,1.4774554437890626,142.46978956817713,0.04692738973338694,14.863190280064568,12.375109747611855
1918,1.5513282159785158,142.46000946010705,0.045941367287071266,14.728627727990894,12.346434917710518
1919,1.5513282159785158,142.45036263678472,0.04555883947889873,14.649885144597922,12.162947402757277
1920,1.6288946267774416,142.44081868726957,0.04344605563169634,14.474748556113187,12.316857477722118
1921,1.6288946267774416,142.43154281472093,0.042603899469565706,14.346259108169898,12.335983697992125
1922,1.6288946267774416,142.42254085214276,0.0416172272717698,14.252705446431488,12.390786017876652
1923,1.6288946267774416,142.41371120573794,0.04100914210102631,14.187173397932629,12.42632168895266
1924,1.6288946267774416,142.40501696739628,0.04053481987582946,14.133071074721506,12.455064990270085
1925,1.6288946267774416,142.39643299537346,0.040187550176387254,14.07440389336035,12.481936441170477
1926,1.6288946267774416,142.3879512421774,0.039912328654616074,14.002700917448957,12.49582163554941
1927,1.6288946267774416,142.37955758773194,0.03975022866479927,13.913766267439174,12.490271203538352
1928,1.6288946267774416,142.37121886957672,0.0397845755326353,13.810767531481641,12.473221781198067
1929,1.6288946267774416,142.36299923630705,0.03955667555880442,13.691968927979758,12.45592758346409
1930,1.6288946267774416,142.35477870309018,0.03990522205914316,13.573864373795798,12.301612216978691
1931,1.6288946267774416,142.34649790431763,0.04053951569464876,13.459437928587322,12.110208708238648
1932,1.6288946267774416,142.33814817244982,0.04121299730781618,13.349702192188321,11.89588020907373
1933,1.6288946267774416,142.32973630673794,0.04184877565026182,13.244721271285856,11.65883260007983
1934,1.6288946267774416,142.32127043042829,0.04243257093238325,13.146369113726614,11.404589489169654
1935,1.6288946267774416,142.31273678992147,0.043080914471577615,13.052168716521813,11.141988973850513
1936,1.6288946267774416,142.30413155208305,0.04375551550941147,12.958756284733424,10.87588543227457
1937,1.6288946267774416,142.29556461053866,0.04388036792678282,12.864377980583447,10.6345858763944
1938,1.7103393581163138,142.28691156489376,0.04278372563309686,12.692125094765542,10.590306077994198
1939,1.7103393581163138,142.27854860665437,0.041899434682640645,12.525518550707297,10.54745647117528
1940,1.7103393581163138,142.27028470365258,0.041863587861675385,12.387758054030028,10.401841260846314
1941,1.7103393581163138,142.262138216112,0.04171899458713157,12.254074429901413,10.371634714435936
1942,1.7103393581163138,142.25398367884904,0.04214331318096953,12.142681280079096,10.224194074534486
1943,1.7103393581163138,142.24572521806815,0.04294278920733773,12.068486564297704,10.01294899159381
1944,1.7958563260221296,142.2372095972471,0.04266243366373533,11.929585108245213,10.000342954851256
1945,1.7958563260221296,142.22871012611589,0.04301040710090953,11.810628268267324,9.82719042915319
1946,1.8856491423232362,142.2200024123197,0.042570889665760885,11.642782154773382,9.821629034892743
1947,1.8856491423232362,142.21131727541749,0.04296133220204557,11.507057416700375,9.64012172669932
1948,1.8856491423232362,142.2025833871719,0.04362137800843497,11.396555277373352,9.4409858311878
1949,1.979931599439398,142.19360238907544,0.04330963625601741,11.241289194570289,9.40933990842198
1950,1.979931599439398,142.18477964649298,0.0430830945964682,11.101272677837816,9.368294513847262
1951,1.979931599439398,142.17609424316802,0.04289976919459762,10.975165743727084,9.345588871177114
1952,1.979931599439398,142.16751703641506,0.042815206493969804,10.85985154565331,9.337204061237449
1953,1.979931599439398,142.1590429769436,0.04273868606276236,10.748463694149294,9.339629904858006
1954,1.979931599439398,142.15068979983383,0.04261044388345538,10.627024550845812,9.350171513120936
1955,1.979931599439398,142.14377179165413,0.036001928327184136,10.416728879981353,9.791301986635217
1956,1.979931599439398,142.1372718669925,0.0342974349619528,10.27360193243091,9.75466074801205
1957,1.979931599439398,142.13070486759844,0.035003188618874415,10.170338797772171,9.697251889749362
1958,1.979931599439398,142.12386701177124,0.03672564952579827,10.093144869158,9.62180373281468
1959,1.979931599439398,142.11672101436176,0.038625809988968536,10.029084887272926,9.547620893410098
1960,1.979931599439398,142.10934057876204,0.040177639909401965,9.958034475088189,9.491803711626334
1961,1.979931599439398,142.10184756910309,0.04114887132092585,9.871301518499502,9.451654100827692
1962,1.979931599439398,142.09446711633117,0.04105729473193827,9.744705705837365,9.548996118081497
1963,1.979931599439398,142.0872565521633,0.040340982954734345,9.588286009215194,9.689443229346093
1964,1.979931599439398,142.08010248858866,0.039275325553871684,9.414723053388142,9.874362215586432
1965,1.979931599439398,142.073025603452,0.03805391105544331,9.232211804813534,10.08135482559929
1966,1.979931599439398,142.0660357935523,0.036826165790606574,9.044587170061456,10.289278277597155
1967,1.979931599439398,142.05911989995803,0.035723357369035175,8.844839960656884,10.494749748199094
1968,1.979931599439398,142.05227047372364,0.03485958847105042,8.625264955828113,10.651431766558947
1969,1.8856491423232362,142.0457152668431,0.03522387351952406,8.46567264690196,10.59289435693043
1970,1.7958563260221296,142.03936623578832,0.03610614788747948,8.34116741631836,10.509473159824289
1971,1.7103393581163138,142.0331958722779,0.037283953033202116,8.246270569515175,10.385627640719946
1972,1.6288946267774416,142.02719858862199,0.03865116062648451,8.179586331910222,10.224104968043047
1973,1.5513282159785158,142.02117359240663,0.040408985846217646,8.118701025290454,10.01530433340762
1974,1.4774554437890626,142.01539691722675,0.04145844134811873,8.038514618004108,9.827421869710887
1975,1.40710042265625,142.00972802208767,0.04235802759717625,7.962916913922999,9.62253260498186
1976,1.340095640625,142.0041785422414,0.0432254279857529,7.902565644373308,9.410046023467734
1977,1.340095640625,141.99944089011345,0.03634151420516786,7.687929170950375,9.555181061366731
1978,1.2762815625,141.99506627026724,0.03512998387534855,7.589529026818202,9.304503718700833
1979,1.2155062499999998,141.99073754165656,0.03640520669114349,7.5518110882063665,9.056904267695462
1980,1.2155062499999998,141.98632527751502,0.03747848546792326,7.487798023987364,8.96731428343231
1981,1.2155062499999998,141.98186605470482,0.03802670886405635,7.402045476223295,8.93209539994166
1982,1.1576249999999997,141.97749747205316,0.039815809030642954,7.368637573313604,8.775204190537847
1983,1.1576249999999997,141.97310968105913,0.04021925375508901,7.303417554209356,8.725375839528812
1984,1.1576249999999997,141.96876336103128,0.040056088303282875,7.224974208327771,8.678114662828285
