iter,rho,price_mean,imb_mean,primal_res,dual_res
1,1.0,23.548744685185962,1.4512553148140301,78.22509396264108,Inf
2,1.0,900.1984909549705,-876.649746269785,47045.96381195922,35202.25235964505
3,1.05,1480.554462110554,-552.7199725291264,29663.060448765315,13606.415092180343
4,1.1025,1985.2784946599368,-457.7995760085095,24575.721797985567,4223.189019459729
5,1.1576250000000001,2479.4458724967526,-426.88036094315305,22913.79675193924,1531.2315745100454
6,1.2155062500000002,2909.638174183716,-353.9202712342809,19086.080277402958,4253.825610549697
7,1.2762815625000004,3118.731429796726,-163.8300370048701,9029.508339612903,6408.544627732151
8,1.3400956406250004,3118.0860224078106,0.4816129307125433,1521.5028704296421,4844.895759753731
9,1.2762815625000004,2986.7626528816077,121.05328975598208,6533.495555563122,2488.05053897135
10,1.3400956406250004,2827.531882499732,164.45737367095714,8862.365224118856,4105.958247621543
11,1.4071004226562505,2661.2186213484747,163.59270540242773,8909.434135077618,4218.911122488518
12,1.477455443789063,2512.5123784887655,163.8921042895995,9122.18461479706,2622.4087849365887
13,1.5513282159785162,2367.152187194975,179.50067718748733,10302.425198665534,1285.0997689769079
14,1.628894626777442,2215.2780016294614,210.13400733032137,12073.84099763315,2116.0818552329306
15,1.7103393581163142,2064.374527047934,233.9394128421142,13382.471228818804,1501.3126260526199
16,1.79585632602213,1905.7580435592995,234.18721087271894,13311.029704742998,1408.680241196008
17,1.8856491423232367,1750.9189033995967,211.38252633718912,11955.577951809983,1354.8491189325825
18,1.9799315994393987,1603.6120680488452,185.94508734668275,10497.369594645583,1596.3833426253964
19,2.0789281794113688,1464.428524029502,162.45129444990013,9151.291182733561,1762.6888510290883
20,2.1828745883819374,1332.0879581196446,142.82418325118567,7996.634289753733,2027.5522338622227
21,2.2920183178010345,1206.5989885976069,125.2240630837433,6941.9062795808095,2220.6581853630955
22,2.406619233691086,1087.7132562525408,109.69465122478123,6009.8587674302435,2361.896877911731
23,2.5269501953756404,976.8102015444155,94.61776799338708,5133.536331130708,2351.047622171506
24,2.6532977051444226,875.473899683596,79.94065785859638,4320.585137976862,2208.215343189128
25,2.785962590401644,791.4628084961633,63.80820035756199,3513.822563602958,1773.5032132562337
26,2.9252607199217264,729.5701761669447,47.20725675634743,2824.7791500582443,1324.7829315030494
27,3.071523755917813,675.0227015470398,36.96578926451531,2393.243029175268,949.7116576758485
28,3.225099943713704,622.7036276332673,31.15158609001932,2108.4050266301792,813.4951253408854
29,3.386354940899389,572.3814948344609,27.158148005096752,1873.997634755714,776.8870174711459
30,3.5556726879443583,524.3279770172725,23.79940846270658,1656.3100143909248,730.5012115963909
31,3.7334563223415764,478.6510387821467,20.85799767563147,1457.9064101193248,686.3918535011295
32,3.9201291384586554,435.21053703082686,18.322006420924144,1283.1619807822335,652.9256554129961
33,4.116135595381588,393.75291823702185,16.161326850827116,1132.0809228493174,631.7026568847928
34,4.321942375150668,354.22481535882036,14.24572331847287,997.5585946699221,611.5074611057449
35,4.538039493908202,316.8640195770223,12.449236050402849,871.8527803939961,577.6833122927267
36,4.764941468603612,283.3520004464199,10.325028947395452,723.5108254170281,446.458220156102
37,5.003188542033793,253.59310757216915,8.477683243508983,594.5708972600296,353.0722614270686
38,5.253347969135483,226.27743304720414,7.195223154924229,504.97226629015455,326.07142379945515
39,5.516015367592257,199.8523617345563,6.436078795686474,449.27870796902397,335.84054700765927
40,5.791816135971871,173.98676541205475,5.825066926859916,405.30664095994285,353.5207151428494
41,5.791816135971871,151.74364797571246,4.863363951859975,338.47506477212124,243.17852715317179
42,6.081406942770465,132.19203599522416,3.9527297704057225,282.1030749878137,275.2570965275036
43,6.081406942770465,119.91087923285987,2.9210224389533543,230.97725919458284,338.43649869357654
44,5.791816135971871,111.11970537901514,2.1954916020376882,203.85198783444528,333.68510877959847
45,5.516015367592257,105.51850994988482,1.7279692522829337,201.14954868118906,356.30738338544637
46,5.253347969135483,100.31111756639156,1.9844765045755177,247.68849581876535,430.92700984047735
47,5.003188542033793,95.02239749995063,2.1162430128403544,287.10040912528666,432.6048138754575
48,4.764941468603612,89.93368563389824,2.1380217397373076,311.64364927755986,434.24933795617693
49,4.538039493908202,85.79407273941754,1.8262208050365605,303.20896193960374,428.2462401979615
50,4.321942375150668,82.62462182064905,1.425376716182854,280.1604303967069,411.84040096034386
51,4.116135595381588,80.25877069335527,1.0846387515740705,257.35931198267747,395.9406439845397
52,3.9201291384586554,78.40591839778024,0.865945536641611,241.1379290673231,383.1904872109241
53,3.7334563223415764,76.91473798570134,0.7317610132839542,228.27041013619493,378.65429705904455
54,3.5556726879443583,75.80638394605174,0.6718741916607543,219.54773719893322,388.54674916922744
55,3.386354940899389,74.83948777234396,0.7240351749846148,218.33630186040955,406.16603854811166
56,3.225099943713704,73.90206621262222,0.8671318432999947,222.9617327937777,421.22507225684535
57,3.071523755917813,72.75231369615607,1.1167188966722112,231.29445727422197,420.68753053718825
58,2.9252607199217264,71.3157657543026,1.4223670891364515,233.64220764896996,399.3114639267614
59,2.785962590401644,69.60152354177742,1.7302777786448922,227.73027305956074,360.195875275639
60,2.6532977051444226,67.6729046279701,1.9844590476343462,217.27246256264914,315.8442100266941
61,2.5269501953756404,65.61584724629839,2.1577155944168243,207.91878679896436,282.6413066029311
62,2.406619233691086,63.50806786892133,2.2538500522440907,199.01559181562283,262.2701181061986
63,2.2920183178010345,61.3956951340309,2.3030930072185964,190.46232234032797,246.7467503901786
64,2.1828745883819374,59.37891451425866,2.278100749723014,183.05621161441707,225.27735127328737
65,2.0789281794113688,57.41033720909759,2.2630138872405445,167.0400606198482,194.25546366355243
66,2.0789281794113688,55.53226665961543,2.112479101459995,142.48525680667072,171.1387774599571
67,1.9799315994393987,53.77242499075995,2.0010231037119084,132.88523036370316,163.05289528687004
68,1.8856491423232367,52.09199037789789,1.930547112391726,134.49713138416465,153.30892406493865
69,1.8856491423232367,50.434026349207144,1.8427260082415684,136.37793714966548,137.53253393502487
70,1.8856491423232367,48.816650617774464,1.795675088973022,136.4429119893993,121.33887959723755
71,1.8856491423232367,47.26977978361671,1.7165241874871546,137.1842183447743,110.38879879123121
72,1.9799315994393987,45.69212086536704,1.618735714011724,133.8879290087456,101.94152626719352
73,2.0789281794113688,44.0998526626925,1.510602638258979,126.32530957901122,99.3983733810689
74,2.1828745883819374,42.59034289676914,1.3241665850587294,113.28440405782432,114.03149562643998
75,2.1828745883819374,41.515772777162965,1.1089757604397255,101.64448859590534,131.74496144064355
76,2.0789281794113688,40.588797623032484,1.004487846432238,97.97947603975183,133.2172076380151
77,1.9799315994393987,39.72985912320334,0.9488350875864537,99.72565415261374,123.40812798701008
78,1.8856491423232367,38.92693297148705,0.9041830152422051,99.92927217249411,113.75944939365364
79,1.8856491423232367,38.1778825555927,0.8189446802653265,92.86817010400587,110.4853166041055
80,1.8856491423232367,37.52255679522263,0.7164745308299469,86.24123136840389,111.32936306221183
81,1.79585632602213,36.94224621687988,0.6661826273622597,83.33015223141649,113.24791673256483
82,1.7103393581163142,36.39046812920552,0.6650994129357948,79.22154049422463,115.3285637312852
83,1.628894626777442,35.843259558547125,0.6925710037959948,77.25465807688434,114.62590898197469
84,1.5513282159785162,35.28833409995198,0.7159754611530234,76.50058433096122,112.33127981478465
85,1.477455443789063,34.71888882177811,0.7489754088928291,73.97386993721547,110.00837485324097
86,1.4071004226562505,34.12725522758003,0.7932689638940865,71.70906464270084,107.46145081153723
87,1.3400956406250004,33.52211986320866,0.8271270906191966,71.23734009188144,105.14075091625048
88,1.2762815625000004,32.926885204026824,0.8542740648053497,70.46909566381915,103.79630641339531
89,1.2155062500000002,32.343167760497174,0.879631921233655,70.10239353570499,103.49699159104418
90,1.1576250000000001,31.780888311720076,0.8896922734526868,70.88265909165365,104.32640902328244
91,1.1025,31.22584773431456,0.9221501514178438,69.79988190543952,103.14715318709618
92,1.05,30.638023246107586,0.9955811297215422,76.05027011858525,100.01132124289255
93,1.0,30.020675930875218,1.065885661737782,77.76959814574037,96.52430737992034
94,0.9523809523809523,29.40993071856391,1.1072110887194644,75.62955588657195,94.8180957482207
95,0.9070294784580498,28.81733560604626,1.128022389366461,75.40226699696245,93.45567119183855
96,0.863837598531476,28.24931950280174,1.1352972913010988,76.50885131727343,92.58504278660742
97,0.8227024747918819,27.707278742196145,1.137549224333653,76.00188591610052,92.29474638477298
98,0.7835261664684589,27.18994967595774,1.1399726493550244,75.66481317115594,91.37407890074401
99,0.7462153966366274,26.681776256394986,1.1415411494069705,77.47032609004737,89.3077695963787
100,0.7462153966366274,26.201514380343532,1.0788417357127433,75.40404493750994,88.11006848105585
101,0.7462153966366274,25.769251282185483,0.9710191342595683,69.1630767295089,88.71564346451366
102,0.7106813301301212,25.3909494298248,0.8922928088704274,65.47004059392407,89.58119938906827
103,0.6768393620286869,25.05212081373203,0.8391475021258752,64.43534204073147,89.99602741040127
104,0.644608916217797,24.738944287005467,0.8143980526658361,63.292043160797405,89.68614325241425
105,0.6139132535407591,24.437668767257556,0.8226226566891812,70.48092223357735,88.68624899146833
106,0.5846792890864372,24.143234850802056,0.8441389838628174,75.14569809742476,88.8271333090559
107,0.5846792890864372,23.86574806451222,0.7955517374964347,65.56430203222398,89.71427675082779
108,0.5568374181775592,23.612070143292396,0.7636565667639369,60.948129545095455,89.75474989742285
109,0.5303213506452944,23.37485180168702,0.749813033098684,60.33885736998876,88.82115087177743
110,0.5050679529955184,23.145906483694127,0.7598463560744466,59.964139071180995,87.89529650480613
111,0.48101709809096993,22.907653465290814,0.8302745560242853,70.02268864933318,86.75591060668134
112,0.45811152199139993,22.681143923284477,0.9750798750157185,111.0136768930519,88.43657558647529
113,0.48101709809096993,22.445477604684676,0.9380471858705761,105.95662777431345,89.35250989972258
114,0.48101709809096993,22.22414821023723,0.8553208095960027,93.36554439772833,90.51309925257712
115,0.48101709809096993,22.02581057399826,0.7441454847286753,86.64509873468727,90.50296358687021
116,0.48101709809096993,21.862785362083528,0.6116563534977548,79.27010500918179,90.20652685742691
117,0.48101709809096993,21.73960357897351,0.46216728927686435,71.56726817570124,90.44935423385033
118,0.45811152199139993,21.640320210212444,0.39112765268279875,66.23350336339976,90.10694829665645
119,0.43629668761085705,21.53971594783015,0.4161478902340273,85.89395516359502,90.33351520933645
120,0.43629668761085705,21.45970645384973,0.3893623137559345,93.35560929418821,91.29179646667127
121,0.43629668761085705,21.38935534240082,0.3423602645925424,81.83971126932082,91.67882263533056
122,0.43629668761085705,21.32682027238789,0.30432387882716083,73.15360473793052,91.48736795326255
123,0.4155206548674829,21.259560840850956,0.3436804922940663,71.16607953909234,90.1519864573473
124,0.3957339570166504,21.181015642767196,0.42141561881072626,72.61277686262544,88.39468516473545
125,0.37688948287300034,21.091275902358788,0.5055511427392994,74.89532768198045,86.82828437164463
126,0.37688948287300034,21.00318378644824,0.4818147646838811,61.697181344846214,84.6201871320684
127,0.3589423646409527,20.919654270134018,0.47970288285911616,71.23487283288394,83.65329105596159
128,0.3589423646409527,20.841882930469747,0.4466341658250167,61.71501302670637,83.8736679959244
129,0.3418498710866216,20.761057167559198,0.48738423072160303,59.982459608400056,84.18454925570828
130,0.3255713057967825,20.666402656188602,0.5993110398812902,60.43562687263915,83.353539675766
131,0.31006791028265,20.550962225239118,0.7451109979691094,65.72025953496279,81.57134197862307
132,0.2953027716977619,20.414473191856548,0.8980755373561433,75.31907570407638,79.60997745659738
133,0.2953027716977619,20.306439651598502,0.8362859320269406,94.3634159607449,75.81553514753881
134,0.31006791028265,20.23839726874423,0.5901568773229084,134.3591231315314,74.92684173818624
135,0.3255713057967825,20.20895906145504,0.28608236837347606,147.48438537481184,75.9352923736505
136,0.3418498710866216,20.234522527333752,-0.278350011450931,161.31656540487205,75.09405153474705
137,0.35894236464095275,20.301601307838048,-0.8183676291980725,194.47548292140883,75.65412445575478
138,0.3768894828730004,20.39887849889158,-1.3297380026066201,234.45803915133303,76.68877235942949
139,0.39573395701665043,20.51889845365236,-1.8382318772087463,276.55244655575825,78.22026467619011
140,0.41552065486748296,20.666107686207667,-2.3618438029634943,319.0429667801025,78.0536676214803
141,0.4362966876108571,20.85476758879132,-2.8827463503752604,365.96776092778543,79.02050576079583
142,0.4581115219914,21.0866362902554,-3.3742686417804597,407.42277510940556,81.03497899864372
143,0.48101709809097,21.3630103710725,-3.8304124311304792,443.5184389284893,83.12410378133315
144,0.5050679529955185,21.691005566130347,-4.329387007728764,477.05309543662776,84.59197941551477
145,0.5303213506452945,22.073234531699452,-4.8049981406431925,507.7589881144509,84.9542032663628
146,0.5568374181775593,22.516253962822216,-5.303994986217063,537.3504385905537,85.35649622629946
147,0.5846792890864373,23.01800749255939,-5.721125399888448,564.8472867280084,87.42489618966555
148,0.6139132535407592,23.57842713962789,-6.0857636790026906,589.1691579725353,89.25394739435107
149,0.6446089162177971,24.19589355936216,-6.385953862353412,608.8362413262854,91.28986007613884
150,0.676839362028687,24.873387117597424,-6.67311030497803,622.6402489280862,91.92597958380732
151,0.7106813301301214,25.625444744388542,-7.0548040301307955,631.9701471302697,89.33298520728611
152,0.7462153966366275,26.45461011345597,-7.407739309629928,635.6955129999325,84.98181661293673
153,0.783526166468459,27.35941612465593,-7.698581531557837,634.1670955473372,79.66451476670184
154,0.822702474791882,28.3362665710198,-7.915785485803892,625.9155975533353,73.41196144913815
155,0.8638375985314761,29.396585275318998,-7.944669514979609,611.2019529586462,69.92477052009801
156,0.9070294784580499,30.524137462002418,-7.811771676994247,590.9986531831594,66.7275401604161
157,0.9523809523809524,31.70383707982893,-7.55714586057221,566.709337765835,63.73522496029738
158,1.0,32.92188431597712,-7.214794620447893,539.3703437633422,61.07492629339181
159,1.05,34.165949196749885,-6.813595520624879,509.5625377528832,59.27122221089772
160,1.1025,35.418938688534396,-6.345330147601427,476.8226158377136,58.58922097874122
161,1.1576250000000001,36.65635624985098,-5.794240881653976,440.11638999118355,63.19759347560978
162,1.2155062500000002,37.87490025703149,-5.2758806831101674,401.49922049579436,64.24582420521229
163,1.2762815625000004,39.066997266368325,-4.772421809196352,362.3618208951063,66.36485845158298
164,1.3400956406250004,40.22504645166577,-4.286745541679227,324.5498159151131,68.40469017374343
165,1.4071004226562505,41.34122245606004,-3.8203825920789094,288.83152061107444,70.40122247281136
166,1.477455443789063,42.411849212180314,-3.388330340048376,256.29776416475374,72.40512114991236
167,1.5513282159785162,43.436759571059426,-2.999210934489134,227.66998942278977,74.73817696378346
168,1.628894626777442,44.41808364504536,-2.6552600269548345,203.0364814062085,77.24293750011807
169,1.7103393581163142,45.360389719336915,-2.357545434938902,182.21857350950984,79.73672666777699
170,1.79585632602213,46.269093379226405,-2.1021506386158495,164.7465617256957,81.99232521052633
171,1.8856491423232367,47.14950962902063,-1.8832287808615573,150.1044533976679,83.8656758643303
172,1.9799315994393987,48.006860942980126,-1.6956933892569137,139.07966571688027,79.7972891757111
173,2.0789281794113688,48.847494598894485,-1.5373358649696665,129.39447811957527,79.32013334094111
174,2.1828745883819374,49.66920144509576,-1.3894802147957652,118.75633643709934,80.4088354185051
175,2.2920183178010345,50.464627522481976,-1.2436803220326629,108.77870635844214,82.3005608858411
176,2.406619233691086,51.224860493967185,-1.0990795197607466,100.07234851376295,83.93195399462533
177,2.406619233691086,51.913497943688746,-0.9665755971387063,93.44150402117089,84.30949512733135
178,2.406619233691086,52.53925651383775,-0.8527363397040731,88.74093786596322,84.15736994804108
179,2.406619233691086,53.11608037844342,-0.7631571192261785,85.61960795988166,83.97010598204697
180,2.406619233691086,53.644595926235525,-0.6992436125974215,83.51032024719116,84.04465177753777
181,2.406619233691086,54.145737752822455,-0.6630272708347141,82.11487472303821,84.64714285297309
182,2.406619233691086,54.63446797170999,-0.6466063018733909,80.9190421213998,85.72614711012035
183,2.406619233691086,55.122531175427845,-0.6457238186638947,80.07365239227725,84.44828593009099
184,2.406619233691086,55.666378740454135,-0.6985712430189704,80.74495618995681,79.3301129485654
185,2.406619233691086,56.23056675092185,-0.724698509498411,79.8824374569829,76.86677032060113
186,2.406619233691086,56.791688254395275,-0.7207595866447735,79.18939849879852,74.34851252066625
187,2.406619233691086,57.33987096745419,-0.7041397330602539,79.84684615947864,71.50151368431224
188,2.406619233691086,57.79286226271574,-0.6845488516781003,81.65291716555785,68.48072746152555
189,2.406619233691086,58.17319817414223,-0.6761810531132352,85.29729568929675,66.34042628456
190,2.5269501953756404,58.5146976952817,-0.6802640779189291,90.14750339392455,65.4495639204417
191,2.6532977051444226,58.82591014871994,-0.6946022434761682,95.82302004434702,65.08794589853767
192,2.785962590401644,59.12414753994964,-0.7136668962154933,101.71471259758745,65.07054813046932
193,2.9252607199217264,59.44438580813514,-0.729822737974858,106.9914282783767,65.22693261066645
194,3.071523755917813,59.76968061981245,-0.706044377377925,105.48551886436994,78.07941765879187
195,3.225099943713704,60.11565191447887,-0.694333956990258,100.73158339272382,78.74895482359257
196,3.386354940899389,60.48133457049421,-0.6785880031617034,93.0676538687672,82.89009909810257
197,3.386354940899389,60.844576090950106,-0.6544252912596203,84.30465527405981,87.05084276542763
198,3.386354940899389,61.161561852356684,-0.6240451595472709,75.44640050545428,90.7856991676152
199,3.225099943713704,61.454414101281834,-0.6053605656385894,68.70442740020857,92.37164189269757
200,3.071523755917813,61.73200788198691,-0.6025104644347994,64.2057681331014,93.21937068136911
201,2.9252607199217264,62.00281021921281,-0.6171582938042012,62.0241457389103,93.76835251605873
202,2.785962590401644,62.272202843651726,-0.6446428375528905,61.56780767946632,94.10892017223973
203,2.6532977051444226,62.54137004268358,-0.6763085763299598,61.64352502425448,93.94829357798166
204,2.5269501953756404,62.807753205682154,-0.7027790878402368,61.52342026082578,93.2779919279411
205,2.406619233691086,63.0755574553363,-0.7202472310199669,61.96417730607681,87.36710176968457
206,2.2920183178010345,63.34372482096545,-0.7352281606769293,64.13987512946916,80.6134231294806
207,2.1828745883819374,63.59807394974366,-0.732210176904999,64.46293968018118,81.40609044990765
208,2.0789281794113688,63.83994191700982,-0.7310938997426046,62.919983115913006,80.45835862985278
209,1.9799315994393987,64.07134256948925,-0.7344270831030567,61.26411999002451,79.49345396496183
210,1.8856491423232367,64.29413580872057,-0.7424640182472994,60.66780504994782,78.48852417832093
211,1.79585632602213,64.50885213775578,-0.7513248895626817,61.30249448683096,77.22179311919128
212,1.7103393581163142,64.7169438616442,-0.7645516145904744,63.070560998533075,75.9344452787728
213,1.628894626777442,64.93433593459417,-0.8142312752021313,65.47526126421494,70.0152205834125
214,1.628894626777442,65.1620291526486,-0.9318925620330314,72.6242754707975,62.20797599572099
215,1.628894626777442,65.4137307853555,-1.0301531217106834,83.14011664392741,59.890945076691935
216,1.7103393581163142,65.69583352123844,-1.0995975137693088,92.7270683889663,58.95650304004182
217,1.79585632602213,66.00335937135992,-1.1416126693632953,100.44520001507934,58.57306217905596
218,1.8856491423232367,66.32377641765244,-1.13282667173088,101.84613398640293,55.016842621442954
219,1.9799315994393987,66.64866857424214,-1.0939507764870273,100.21215978479883,54.384798397089
220,2.0789281794113688,66.98189698967354,-1.037466442668429,97.24353851670107,54.33117725129907
221,2.1828745883819374,67.31608512297221,-0.9620475343382219,92.89830384438089,54.548988036521024
222,2.2920183178010345,67.64554191455952,-0.8769552802632401,87.82834600232273,54.69756430151171
223,2.406619233691086,67.96680902241981,-0.790712715052004,82.38701225498248,54.80151045139936
224,2.5269501953756404,68.28024038173436,-0.7132936885498692,76.72751241970454,54.665434487083864
225,2.6532977051444226,68.59188455511486,-0.6557803857624422,71.2070338248463,54.22027287987048
226,2.785962590401644,68.90420201070991,-0.6076718877791066,66.16070501574713,54.50141812023881
227,2.9252607199217264,69.22113632765064,-0.5701847924417213,61.62745439166952,54.99855764085051
228,2.9252607199217264,69.54391181228455,-0.5637800203108119,58.40851516428198,52.60613256278774
229,2.9252607199217264,69.88055509355506,-0.5708761054546149,56.724631926108486,51.833378676565495
230,2.9252607199217264,70.22695888570509,-0.587427876270084,56.11597537384776,48.60933282327237
231,2.9252607199217264,70.59078815328101,-0.6169778126576243,57.04124942061252,45.22639942719789
232,3.071523755917813,70.98292955485519,-0.6333230754024556,57.7497492111395,44.00864864949864
233,3.225099943713704,71.3915722024722,-0.6285459112707094,57.169930745783255,43.95937202966913
234,3.386354940899389,71.81794990531405,-0.6064029116381914,55.255018779863065,45.95609399167747
235,3.5556726879443583,72.25712152167871,-0.5775299785314033,52.98762803688729,45.206028188592036
236,3.5556726879443583,72.6883173878743,-0.5505257441739202,50.876812804666734,44.332646057240524
237,3.5556726879443583,73.11329167566817,-0.5267790248301927,49.00589305055607,43.48566546622847
238,3.5556726879443583,73.53683115063924,-0.5097092187854588,47.6323512978632,42.54685120224469
239,3.5556726879443583,73.95918376619817,-0.49347659324174875,46.55600261059792,41.68177815972845
240,3.5556726879443583,74.37227831351788,-0.48265947075606513,45.87009993426084,40.8728017112363
241,3.5556726879443583,74.7861217578632,-0.4835344816812353,45.76038481594575,40.137119863262456
242,3.5556726879443583,75.20915696276418,-0.49427413030135864,46.1471533164255,39.547484641392764
243,3.5556726879443583,75.64417807033772,-0.5082784532293783,46.73205431341115,39.10683344691782
244,3.5556726879443583,76.0915382352017,-0.5226954018433857,47.37041665438045,38.71755884975077
245,3.7334563223415764,76.56687122386096,-0.5289322245101151,47.39390842872353,38.59377557747799
246,3.9201291384586554,77.06084369961113,-0.5234985972821513,46.64309555079463,38.57655150074574
247,4.116135595381588,77.58535814398779,-0.5293963286757221,46.30423731739413,42.405264356472465
248,4.116135595381588,78.1176905388614,-0.5372870442416857,46.45682054566064,46.55919293275544
249,4.116135595381588,78.64906258212254,-0.5363177542186797,46.277318299988494,46.121918191271284
250,4.116135595381588,79.17183081037886,-0.5276338597616406,45.9330712793662,45.91541293862268
251,4.116135595381588,79.68358639313315,-0.5165187147731626,45.79526155789319,45.24848643124653
252,4.116135595381588,80.1843479658837,-0.5054223787317481,45.987634428634166,44.137052067536466
253,4.116135595381588,80.67776297103873,-0.4980074334329746,46.58277242559354,42.782379933920545
254,4.116135595381588,81.16688952955423,-0.49367907235344544,47.48468674577302,41.47899949195957
255,4.116135595381588,81.5814505706023,-0.49225828370642766,48.562116251872375,40.27632644098561
256,4.321942375150668,82.01120761106034,-0.486002214389807,47.85700245587502,39.123308474545134
257,4.538039493908202,82.4661505633797,-0.4757137075686365,45.715830183270974,41.179307150694015
258,4.538039493908202,82.93261944177247,-0.4735590857069768,44.52460437800893,39.854003150295576
259,4.538039493908202,83.41134704392438,-0.4718486785661453,43.594241197904616,39.222454863063945
260,4.538039493908202,83.90011938321967,-0.46771755443008056,42.54499341253137,38.793416021140175
261,4.538039493908202,84.39476801874821,-0.45955409532649044,41.17069116353932,38.36631193832624
262,4.538039493908202,84.89174495511621,-0.44826913290779913,39.46656168054731,37.95356182088983
263,4.538039493908202,85.39114053138549,-0.437330802254366,37.623949060520005,37.468497581437866
264,4.538039493908202,85.87800403681592,-0.4263562144640308,35.744691514122074,37.0562983040274
265,4.538039493908202,86.35362697341445,-0.41651262109108544,34.05119820299955,36.81794149932712
266,4.538039493908202,86.82052329378543,-0.40887054683754276,32.69265776350762,36.709746428121704
267,4.538039493908202,87.28161403509269,-0.40378648388187116,31.70358925215418,36.69702289660486
268,4.538039493908202,87.74150898783923,-0.40273930766445937,31.121571146149428,36.68652318582775
269,4.538039493908202,88.20530328860893,-0.4061540455601537,30.895005886434944,36.705651336757924
270,4.538039493908202,88.67601416838832,-0.4122110336291114,30.903264170222297,36.902088973968254
271,4.538039493908202,89.15261288622968,-0.417367132452522,30.9365507015624,37.23039735844374
272,4.321942375150668,89.61604332794182,-0.42612717716879633,31.292547694314273,37.22064230513779
273,4.321942375150668,90.08423304207952,-0.4305033578024579,31.408379085860112,37.416790377787365
274,4.321942375150668,90.55045792678028,-0.42869668489927254,31.165481428236745,37.482455748646586
275,4.116135595381588,90.99280145637712,-0.42707451166794086,30.97828265221968,37.076298892603674
276,4.116135595381588,91.43018520982635,-0.4222859393605136,30.582782628663978,36.85846325097611
277,3.9201291384586554,91.84548446929,-0.42101195652798823,30.42056576048775,36.38927697680507
278,3.9201291384586554,92.26013274771026,-0.4203520208395042,30.23510832044915,36.291487406874545
279,3.7334563223415764,92.65747832642457,-0.4229518774359427,30.270046262115834,35.90639471029573
280,3.7334563223415764,93.05849090439546,-0.4268551905798985,30.337590932085405,35.875031427329915
281,3.7334563223415764,93.46109815284215,-0.4285526270377282,30.291668174455157,35.77845923106336
282,3.7334563223415764,93.86202649013639,-0.426765521147907,30.083968825258975,35.54575786820713
283,3.7334563223415764,94.27495784279141,-0.4267398559109241,29.85538968737756,33.14572023070639
284,3.7334563223415764,94.7181238430272,-0.4446461707555255,30.84489012985629,22.267097880676292
285,3.9201291384586554,95.1808163249406,-0.44213130543722406,31.432657537262596,18.728068543244138
286,4.116135595381588,95.64630556998637,-0.42362265306630176,31.041770155360403,16.936615857712585
287,4.321942375150668,96.10956441808004,-0.38982233967678703,29.684669016425,17.77846437238611
288,4.538039493908202,96.55655866246823,-0.34779105509237057,27.662525367660695,17.55124489533907
289,4.764941468603612,96.97271514109691,-0.2993964270707065,25.09953227538493,17.81605328358834
290,5.003188542033793,97.34690403651997,-0.248916866110299,22.244803460481112,18.12639882574025
291,5.253347969135483,97.67861688834968,-0.20403243084110378,19.57919042283193,17.88077222931881
292,5.253347969135483,97.96268167709127,-0.16963563353009053,17.556991801106495,16.457682894899936
293,5.253347969135483,98.22079544884032,-0.1496489360052641,16.38457220528454,14.934006688141803
294,5.253347969135483,98.47228113747191,-0.14254984094874257,15.987820684602223,13.905115479573544
295,5.253347969135483,98.72710141823048,-0.14343634873814,16.141116515261274,13.505614260229747
296,5.253347969135483,98.95534449198863,-0.1511485249280445,16.68913385186868,13.287533104239099
297,5.516015367592257,99.17134593437348,-0.16027092088876632,17.43663486967864,13.591073215993069
298,5.791816135971871,99.37910240345794,-0.17272070895563785,18.470673722482154,14.16704461128015
299,6.081406942770465,99.57802921296978,-0.18529979923104384,19.624014589036108,15.292646292511796
300,6.385477289908988,99.77054239423077,-0.20092495395416587,20.602771553388518,18.379489778278298
301,6.385477289908988,99.98026633838,-0.21895929844913892,21.843435736871992,19.5451487225239
302,6.385477289908988,100.20470373865942,-0.23432067287446567,23.05086412242675,18.579992559839
303,6.704751154404438,100.44847221479282,-0.24238381660971137,23.648618493958697,17.110913980893802
304,7.03998871212466,100.70510549270188,-0.24302432707704724,23.600383983883308,15.161164316469215
305,7.391988147730893,100.97581366245754,-0.2370345302955332,22.988514291904654,13.30580338366966
306,7.761587555117438,101.25594890818684,-0.22680440460025816,21.939516330155204,11.66520645107976
307,8.149666932873311,101.5442605125208,-0.2158337366619921,20.644049262649666,10.631857410216334
308,8.557150279516977,101.83824142350535,-0.2034931592973941,19.20220539124098,9.366092673961695
309,8.985007793492827,102.13779670333824,-0.19172605576713952,17.65159636520605,9.393254457335416
310,9.434258183167469,102.43215652126143,-0.17622554018291944,15.91493280218806,10.21235195286253
311,9.905971092325842,102.69223382302938,-0.16041873616049365,14.282886026645295,9.65795069624252
312,10.401269646942135,102.93245145448672,-0.15046128048726756,13.005355064350102,8.75312118682898
313,10.921333129289241,103.1677162504224,-0.14592358637901623,12.143587709352284,8.413465066372892
314,11.467399785753704,103.4030780269155,-0.1418735847765046,11.553762344097624,7.709092732537359
315,12.04076977504139,103.64226786289092,-0.13820100916121902,11.145357971274967,8.523111410661674
316,12.64280826379346,103.8908819780891,-0.13597291583540866,10.887028579513537,9.045425687644926
317,13.274948676983135,104.14291296175094,-0.13379504195456648,10.682197586352347,10.27789594994772
318,13.274948676983135,104.36560306576374,-0.13403888076866244,10.687092811234857,11.084035089355746
319,13.274948676983135,104.57277542566236,-0.13760758416131785,10.923892847788617,11.816756424216587
320,13.274948676983135,104.79683229816526,-0.14375872178270788,11.334492490661168,12.601361072726679
321,13.274948676983135,105.0308884233803,-0.149198235210601,11.705941036676881,12.683809589989627
322,13.274948676983135,105.26639108976455,-0.1534724445774407,11.986737573658447,12.04540985852776
323,13.274948676983135,105.51370830102648,-0.15862068411072802,12.239133904745913,10.262273638203155
324,13.274948676983135,105.76850049406615,-0.1619061966220224,12.35318115418472,8.870852744240445
325,13.938696110832291,106.03513139026074,-0.15999620385544946,12.095684053444728,7.821970052613325
326,14.635630916373906,106.30248757399903,-0.1546985201654048,11.598643252243651,6.840627037988494
327,15.367412462192602,106.5620040495709,-0.1470559131965615,10.951132533158416,6.320156158975411
328,16.135783085302233,106.80972187064474,-0.13861621105981214,10.253999612155186,5.820128203985821
329,16.942572239567344,107.0452801830971,-0.13037061133942485,9.586107116973913,5.59563341258222
330,17.78970085154571,107.27326426329336,-0.12384377999760413,9.030823286487244,5.225968756397124
331,18.679185894123,107.494538770373,-0.11769832551263924,8.52769375132693,5.408018383777532
332,19.613145188829147,107.70909916587172,-0.11167049937164249,8.058516078084496,5.73762719931664
333,20.593802448270605,107.91839898545359,-0.10621750139116845,7.641704205813182,6.071812864807092
334,21.623492570684135,108.12386030035414,-0.10131667658401437,7.271768660003387,6.214447094697454
335,21.623492570684135,108.32232085078971,-0.09979887562349472,7.13081992888965,5.627105437331186
336,22.704667199218342,108.52576368731877,-0.09716192266095319,6.942417138182903,5.772288137635289
337,23.83990055917926,108.7303009677489,-0.09351680520092036,6.705338306524058,6.10185290664168
338,23.83990055917926,108.93056392102966,-0.09109916189005635,6.5431501891703565,5.287660691690747
339,25.031895587138223,109.13086971477254,-0.08761640101951071,6.29190608653023,5.309613603359917
340,25.031895587138223,109.32260139850904,-0.08454422951639291,6.059639964557603,5.896517875081549
341,25.031895587138223,109.5110214854317,-0.08316789915367762,5.914089432571541,7.1217946740427465
342,23.83990055917926,109.69730275646683,-0.08441593843645186,5.930950224624793,8.56905821018956
343,22.704667199218342,109.87373647931045,-0.08728762795066268,6.046867863373413,9.555204923023108
344,21.623492570684135,110.04753603531819,-0.0911971141973595,6.239559501278161,9.45949528076125
345,20.593802448270605,110.21992346586853,-0.09653250985164331,6.527240327013184,9.307256775137958
346,19.613145188829147,110.38723453138094,-0.10296700843760946,6.893800625058404,8.63313120832145
347,18.679185894123,110.55284587910472,-0.11131478471022724,7.382377245399149,8.058070944417315
348,18.679185894123,110.7265347052737,-0.11765255637530546,7.762956155274078,6.581273196303828
349,18.679185894123,110.89708365732693,-0.12195497260128647,8.035591257406155,5.216586807230045
350,19.613145188829147,111.08012945543136,-0.12335042750364301,8.12078665714243,4.49843107020788
351,20.593802448270605,111.27000042429009,-0.12263259905404357,8.069420197001884,4.162939550109325
352,21.623492570684135,111.46377037182107,-0.12099722625993115,7.948980015683543,4.18541553690716
353,22.704667199218342,111.66141264442616,-0.1195162135229064,7.817432006565911,4.804720982577502
354,23.83990055917926,111.86723954568531,-0.1175768358160667,7.651823477935208,5.342497760561842
355,25.031895587138223,112.0789973353408,-0.11501379068121713,7.4412779920094785,5.698373483999943
356,26.283490366495137,112.29370684736462,-0.11161328846432589,7.18897393000611,5.6825528298309615
357,27.597664884819896,112.51003723186176,-0.10791398978274015,6.926993444430554,5.871991079085642
358,27.597664884819896,112.72009024693672,-0.10650296405330575,6.815099941582464,5.659905186497268
359,28.977548129060892,112.93272771991883,-0.1030793473259264,6.590928837291211,5.319137691378759
360,30.42642553551394,113.1429038226814,-0.09846569225225667,6.305947528491587,5.192308875341969
361,31.947746812289637,113.34799771771544,-0.09344368425869433,5.99553872481527,5.71425866862623
362,31.947746812289637,113.54787594463363,-0.0908290762075359,5.836181626795373,5.82733999361395
363,31.947746812289637,113.74475196017465,-0.08938581584571281,5.74605603960163,5.841338997103499
364,31.947746812289637,113.93961513787278,-0.08835688458197993,5.678588115903675,5.44038425096004
365,31.947746812289637,114.13117833309943,-0.08765222346137122,5.627300643394953,5.002178372476739
366,31.947746812289637,114.32081552283562,-0.08735588500327587,5.5896205399309915,4.415419084183564
367,33.54513415290412,114.51356546619441,-0.08483433893576339,5.4093743649447354,4.10459226487795
368,35.222390860549325,114.70361863943326,-0.08117233083728376,5.154244831975703,4.141829957555165
369,36.983510403576794,114.88973776013206,-0.07743453244754155,4.892464956308333,4.439737523326319
370,36.983510403576794,115.07255377308522,-0.07582188510125834,4.764900570295688,4.11987875255171
371,36.983510403576794,115.25144714498056,-0.0752298067265998,4.699357567421664,4.1017947411617515
372,36.983510403576794,115.42710809848906,-0.07479994541577863,4.640963385280002,3.974970864235491
373,36.983510403576794,115.60042494363523,-0.07451790658903186,4.596362961749297,3.9091399471020005
374,36.983510403576794,115.7729176126886,-0.07452433605755314,4.574111152469325,3.880442762997091
375,36.983510403576794,115.94335224119733,-0.07417046684138058,4.541099449406138,3.69920805392038
376,38.83268592375563,116.115546614968,-0.07173103581794064,4.386513987337856,3.901794316736761
377,38.83268592375563,116.28171216686327,-0.07049810444855543,4.3069637641483025,3.5902659215628754
378,38.83268592375563,116.44647666254964,-0.07025142980530451,4.285644363960206,3.2681764260758728
379,40.77432021994342,116.61581914286184,-0.06848789340153504,4.177661501912843,3.3282425489447376
380,42.81303623094059,116.78522901660018,-0.06575606670938952,4.017277084318219,3.561458851936506
381,42.81303623094059,116.95131588581208,-0.06446624987342915,3.944974901014678,3.220290322725185
382,44.95368804248762,117.12411448910365,-0.06201700838523327,3.8030165270725016,3.4432408698660053
383,44.95368804248762,117.29811989624413,-0.060631191670719016,3.7259548697072127,3.1084405651607856
384,44.95368804248762,117.46946974078593,-0.05970587602934997,3.6760452245940978,2.9295602902500613
385,47.201372444612005,117.64787642971092,-0.057480160153149294,3.545500688906171,3.271631738226977
386,47.201372444612005,117.82269072229352,-0.056322739888635516,3.4792313146815412,3.4579771793208676
387,47.201372444612005,117.96935271478574,-0.05559112865125464,3.4354533222756634,3.607389248381963
388,47.201372444612005,118.12020022614914,-0.0555122506779869,3.4265816603864043,2.7679728473110523
389,49.561441066842605,118.27857115341307,-0.05388893759420545,3.324241160490625,2.546416852199957
390,52.039513120184736,118.44227863100302,-0.05150698813563147,3.1782488923190866,2.6934244675539
391,52.039513120184736,118.60651307413642,-0.050167753741026104,3.0986621350095787,2.182511191155792
392,54.641488776193974,118.77606589179393,-0.04788934546015754,2.9638503620433454,2.673796889549453
393,54.641488776193974,118.94620265320948,-0.04665463830527672,2.892151338163385,2.465228100508557
394,54.641488776193974,119.1131829470496,-0.0457890766722519,2.8407594887979655,2.6213338830272233
395,54.641488776193974,119.25382699648726,-0.0453731678369864,2.8149086600599795,2.9186355475965198
396,54.641488776193974,119.37451690140045,-0.045806779461233495,2.8383577404942235,3.0112159258695996
397,54.641488776193974,119.5011840017087,-0.04667511726783881,2.8909128734270597,2.4693873115694176
398,54.641488776193974,119.61149714641604,-0.04782224153258979,2.959684414478508,2.4373296050508437
399,57.37356321500368,119.72731292339449,-0.04781686391514976,2.960161828102373,2.6305624488856005
400,57.37356321500368,119.83199324627928,-0.04865438227126884,3.0135080226161057,3.81600864247279
401,54.641488776193974,119.99465015011556,-0.05152173476938399,3.1914030157921784,6.201342806040525
402,52.039513120184736,120.15943691628947,-0.054142559665261616,3.35768294866609,6.277353155655049
403,49.561441066842605,120.32200659633351,-0.05660145134655563,3.5150166124014284,6.220056041866885
404,47.201372444612005,120.4831168912725,-0.058945253365506,3.6666276481666675,6.215070608236485
405,44.95368804248762,120.64220411672419,-0.0612145534710538,3.8128756013422738,6.204996399472204
406,42.81303623094059,120.79964128401213,-0.06355582507792702,3.9592235620327867,6.029272217746511
407,40.77432021994342,120.95164719142547,-0.06594647893290755,4.106017081779501,5.719181968288513
408,38.83268592375563,121.09684793859982,-0.06854347900915621,4.2625452309367935,5.3582113815776635
409,36.983510403576794,121.24128319590176,-0.07121347779204745,4.421684211645203,5.386633877575433
410,35.222390860549325,121.37455407418497,-0.0741888279184296,4.600269923816706,4.863570981293858
411,35.222390860549325,121.50983234170198,-0.07579832803754055,4.691262024118919,3.9566834204944437
412,35.222390860549325,121.64636767118427,-0.07616480072565991,4.7120730702407,3.631734610954806
413,36.983510403576794,121.78441124060818,-0.07358832616270274,4.559340380638516,3.649734652792404
414,38.83268592375563,121.91881817268508,-0.0697522494068273,4.330436623199051,3.9136482192288495
415,38.83268592375563,122.04839585517038,-0.06741700751627087,4.1936458187650665,3.5922274339300495
416,38.83268592375563,122.17543470114258,-0.0657121709082339,4.0952885944218,3.7205024610160615
417,38.83268592375563,122.3012084702751,-0.06426716328531724,4.013378771516585,3.841238144399278
418,38.83268592375563,122.4246468377265,-0.06307383305274777,3.936097862875767,2.851977641086991
419,40.77432021994342,122.5519017309879,-0.06012388316790834,3.749356222804763,2.924935216486255
420,42.81303623094059,122.68206411795592,-0.05686322822162289,3.5379995005763645,3.31567662152138
421,42.81303623094059,122.78866093042211,-0.05478621531834447,3.400929492406234,3.6411732943774586
422,42.81303623094059,122.87746869188373,-0.0536981197578756,3.3267190653632497,3.7294298777474646
423,42.81303623094059,122.96853437534426,-0.05345959726171646,3.3065587030822683,3.441462449020128
424,42.81303623094059,123.0622915250524,-0.053436512023135,3.308009952020079,3.3561106808506764
425,42.81303623094059,123.15617363482468,-0.053507732511212845,3.3161294965422794,3.4200272470583184
426,42.81303623094059,123.25273315289883,-0.053430787039979125,3.3136108074352046,3.1045973144633052
427,42.81303623094059,123.3489643384186,-0.053249105656869807,3.301597515835782,3.0769416540575
428,42.81303623094059,123.44485296782803,-0.053059553731383935,3.289022977800362,3.0774255091509004
429,42.81303623094059,123.54050865854936,-0.052930658126976456,3.2793852401586165,3.132083784029769
430,42.81303623094059,123.63612157307335,-0.0529069881052661,3.274541857224202,3.2685326092632314
431,42.81303623094059,123.73147017728192,-0.05276073314819062,3.264405202490214,3.1980773723151197
432,42.81303623094059,123.82667128809997,-0.05267911832553865,3.2566387698561976,3.1957077664653157
433,42.81303623094059,123.92162796609902,-0.05254386249414694,3.2466151136226262,3.1556768511040696
434,42.81303623094059,124.0162152630204,-0.05233946709022719,3.2340785776702745,3.0319982494774695
435,42.81303623094059,124.11031253544378,-0.052068314177301026,3.2173891117576847,2.8847311647294727
436,42.81303623094059,124.20403762228167,-0.051862366911269414,3.205016346142234,2.856715970652861
437,42.81303623094059,124.29783775410228,-0.05190389272423289,3.2005566838314983,3.1657150515001495
438,42.81303623094059,124.38148926022663,-0.05210344853728273,3.20290280267162,3.5991439045668487
439,42.81303623094059,124.46580882262602,-0.05251955623643586,3.2216170420703083,3.6629136487852723
440,42.81303623094059,124.55082875888547,-0.052955793371503565,3.2417564140783877,3.7418455076602712
441,42.81303623094059,124.63916909061352,-0.05342130647287963,3.264288690181996,3.6020415668262524
442,42.81303623094059,124.73094781619847,-0.05388405582216764,3.2889154306154547,3.4474633217793498
443,42.81303623094059,124.82595593675404,-0.05415539860536545,3.3066699786591367,3.153947369721457
444,42.81303623094059,124.92148768778185,-0.05445387221777646,3.3274342822062537,3.0243126825562197
445,42.81303623094059,125.01784191428597,-0.05492268990406097,3.3537991554994426,2.949068173581191
446,42.81303623094059,125.11439711508109,-0.05503724687853584,3.354248469692973,2.7508046369924952
447,44.95368804248762,125.20896589704873,-0.05327119494336028,3.236517850292496,4.238539831888098
448,42.81303623094059,125.30761652501347,-0.0541603680840466,3.277129511177565,4.566342239946003
449,40.77432021994342,125.41430571102124,-0.05591192002499476,3.37018494443128,5.022911261175546
450,38.83268592375563,125.54072732854587,-0.057728885032001985,3.4652174945649317,6.0528091756805615
451,36.983510403576794,125.66200712478482,-0.059240905021668046,3.5483010003207425,5.941346516134316
452,35.222390860549325,125.77924398874764,-0.06097230780662508,3.6462037361824042,5.859208690147371
453,33.54513415290412,125.89440651973146,-0.06270704489220853,3.745436292503819,5.704982912380092
454,31.947746812289637,126.00474666476146,-0.06464726311215235,3.8604047602690406,5.404990851256252
455,30.42642553551394,126.10997254201607,-0.06681129829594223,3.9916655073352008,5.0843597787761095
456,28.977548129060892,126.20795863359581,-0.06917243242225454,4.135384402730344,4.661729742124671
457,28.977548129060892,126.29898661137975,-0.0697408202646299,4.170290646302822,3.922887368240005
458,28.977548129060892,126.39070359710357,-0.07002635055329749,4.184723423122382,3.4314880442865796
459,30.42642553551394,126.48443405128901,-0.06811372604142497,4.065350919167536,3.1692620138312937
460,31.947746812289637,126.58129940982157,-0.06574101660754254,3.9140432858260423,3.3127166221979785
461,31.947746812289637,126.67662887978913,-0.06469863285775014,3.8422223030614004,3.201985168528624
462,31.947746812289637,126.77179575820206,-0.06458828449115178,3.8210456098726073,3.5730045057794584
463,31.947746812289637,126.8669242116467,-0.06456220606105426,3.809642161170535,3.5887925537456002
464,31.947746812289637,126.96173472956721,-0.06434642815152107,3.7908895017556,3.2632179106181263
465,31.947746812289637,127.05601774951137,-0.0639884234555905,3.768496256331219,2.914218817346794
466,33.54513415290412,127.15444066260847,-0.06176431320883738,3.6393492071570477,2.909631423165861
467,35.222390860549325,127.25572380379981,-0.05876950596238639,3.466010939300897,3.102309295814681
468,35.222390860549325,127.35712444878314,-0.057123968441914356,3.3725492058715276,2.8821369010974407
469,35.222390860549325,127.45665319646353,-0.056069436663712224,3.31325512081065,3.003776729058273
470,35.222390860549325,127.55496025575798,-0.05538119953445635,3.27542842674402,3.3028396918854126
471,35.222390860549325,127.65215905965704,-0.054756864785554624,3.2411398949176884,3.308695493801895
472,35.222390860549325,127.73392261358883,-0.05418991722519163,3.2071676952216013,3.4308349045298097
473,35.222390860549325,127.81819719344337,-0.0542273146686304,3.205221032368202,3.317907641238293
474,35.222390860549325,127.90570419998615,-0.05466723465693832,3.2268072804555543,3.204700284604194
475,35.222390860549325,127.99437629099728,-0.055395084329161265,3.2651751460527136,3.145206854328567
476,35.222390860549325,128.08409422438166,-0.05604844127389231,3.302533558747624,2.9987582192117053
477,35.222390860549325,128.17456754929898,-0.05652034824245311,3.33349113069371,2.785195940523119
478,35.222390860549325,128.26561961336336,-0.056881897220143925,3.3601564220714875,2.797455447194176
479,36.983510403576794,128.3616472167929,-0.055469448055180476,3.2840620489376944,3.1351900993598596
480,36.983510403576794,128.4423839595341,-0.054866853202308774,3.2550870059380355,3.4084133547260556
481,36.983510403576794,128.52000021429052,-0.05500368946936473,3.2691813598344948,4.095236332552403
482,35.222390860549325,128.61166894648215,-0.057432406623657783,3.41436869956531,4.863754182082137
483,33.54513415290412,128.70529708520326,-0.060575601338823976,3.5972606604339115,4.945444840983442
484,31.947746812289637,128.79887689882935,-0.06425116295943699,3.8075631169569526,4.750616402347649
485,30.42642553551394,128.89392477531516,-0.06799663725041821,4.023852335169058,4.647889969853535
486,30.42642553551394,128.9871399238921,-0.06953132159469612,4.114569649007289,4.327824513467643
487,30.42642553551394,129.07980495627683,-0.07005671364839984,4.149946185209194,4.270018450857629
488,30.42642553551394,129.17100571568,-0.0700910501080305,4.160299055461234,4.200485776589702
489,30.42642553551394,129.26134118615767,-0.06984929291573334,4.156718391257686,4.175033140606445
490,30.42642553551394,129.35065624079087,-0.06945749116876006,4.142726052533976,4.151157452389616
491,30.42642553551394,129.43999044441546,-0.06891598364803248,4.118917667478759,4.184672176949459
492,30.42642553551394,129.52709776270663,-0.06824257746618725,4.08411646451653,4.120622719729578
493,30.42642553551394,129.6118501202959,-0.06758151178104564,4.048438216930867,4.007630237868375
494,30.42642553551394,129.6953525602082,-0.06697385366078806,4.015792202235355,3.8717489161737473
495,30.42642553551394,129.77810576773376,-0.06637292534925364,3.985933646729537,3.7075425094587624
496,30.42642553551394,129.86016145243323,-0.06581347113776038,3.9585147111972745,3.425664737748792
497,30.42642553551394,129.94154246810604,-0.06527234701359229,3.929402244833761,3.156559094394805
498,31.947746812289637,130.02634353091264,-0.06288989863839857,3.788192499703704,3.013790172910725
499,33.54513415290412,130.11395696521865,-0.06007915005335411,3.6157465345985043,2.591791350615363
500,35.222390860549325,130.20348334174972,-0.0567645970424838,3.4154133495129044,2.5124913525251484
501,36.983510403576794,130.29460977538722,-0.053424984155431086,3.212995039987007,2.5576809704286014
502,38.83268592375563,130.38689015162865,-0.05002451202677309,3.0093364763273924,2.9256719649824214
503,38.83268592375563,130.47814162501768,-0.048025972205451024,2.890306537520052,2.854628817099005
504,38.83268592375563,130.55339520156818,-0.04659555610506666,2.805178572495848,3.0712555966670196
505,38.83268592375563,130.62958565504755,-0.045801604021113086,2.7576819665570143,2.94731867445753
506,38.83268592375563,130.70489620861272,-0.04527265550316753,2.7259769900664694,2.968346306701547
507,38.83268592375563,130.78147147952834,-0.04469217045913255,2.693553192173377,2.805278676935898
508,38.83268592375563,130.859267852708,-0.04408237967553896,2.6609588934760757,2.71590912104954
509,38.83268592375563,130.93828536277138,-0.04347021573927968,2.6287370906594534,2.655047051572585
510,38.83268592375563,131.00446358368322,-0.042831631472627696,2.594967820240358,2.7111044599353593
511,38.83268592375563,131.07227896199794,-0.04261284139041666,2.5852907871090913,2.4358143582231766
512,38.83268592375563,131.1401896368708,-0.04267272245600639,2.5903858160297863,2.2443738975183662
513,38.83268592375563,131.20826699026577,-0.04277745748218959,2.5977637352024425,2.01372324860429
514,40.77432021994342,131.27984467489154,-0.041587558692787505,2.531470934395642,2.004407509791469
515,42.81303623094059,131.35396793160103,-0.039821145567885234,2.4286787932124474,2.1763572404592084
516,42.81303623094059,131.42668964493132,-0.03906819615092955,2.3841929641981254,1.9910164979023295
517,42.81303623094059,131.49882729707016,-0.0387544216791089,2.3646031726128127,2.001766035411493
518,42.81303623094059,131.57064216527087,-0.038581012863047125,2.352343770625025,2.10180141776416
519,42.81303623094059,131.64214586521,-0.03841384432254718,2.3425246843964564,2.08678956053019
520,42.81303623094059,131.71357654775116,-0.03837461727611609,2.338676574728859,1.9755645056795852
521,42.81303623094059,131.78500125349865,-0.038371406370629996,2.3366344323262322,1.8598033903139353
522,44.95368804248762,131.8597873217923,-0.037149539543052265,2.2627908727857906,1.9911563733846915
523,44.95368804248762,131.93334522137044,-0.03653945395766313,2.226949127836885,1.8280865674291202
524,47.201372444612005,132.01004024959713,-0.03522681845731806,2.1477029895724784,2.0654244615951467
525,47.201372444612005,132.08534974582693,-0.03459042930337243,2.1093813415367175,1.9013966385351562
526,47.201372444612005,132.15977746054452,-0.03418541794912829,2.0864032442822147,1.7415400279984423
527,47.201372444612005,132.233658498148,-0.033934323505354205,2.0724863952661874,1.5921913364666178
528,49.561441066842605,132.31110188967833,-0.03289001336169728,2.0084994863637045,1.6686188569050262
529,52.039513120184736,132.3921094583041,-0.03181110531544319,1.9381818468187326,1.8479379080382758
530,52.039513120184736,132.47175398735553,-0.031275849213032676,1.9033858588908559,1.841258502603276
531,52.039513120184736,132.5504461266739,-0.030901852429607225,1.879887113342675,1.758938588861916
532,52.039513120184736,132.62822897020004,-0.030544778335194787,1.8578448504573317,1.6261886597043242
533,52.039513120184736,132.70498800609107,-0.03014273624135945,1.8333945803159244,1.5872346824333945
534,52.039513120184736,132.78080114221476,-0.02977128802208021,1.812620697616804,1.470980107299108
535,54.641488776193974,132.85996522385247,-0.028744503814844693,1.7522607983668648,1.6962058416754904
536,54.641488776193974,132.93741816031059,-0.02812318644312833,1.7176441418282096,1.676167222521003
537,54.641488776193974,133.0136221748204,-0.027669702477070273,1.6920002687779812,1.6804113114305574
538,54.641488776193974,133.08901593064184,-0.02737549728357364,1.6750097163012785,1.5952026404838502
539,54.641488776193974,133.1638039131896,-0.027155540810652686,1.6624588711142085,1.5993073564854352
540,54.641488776193974,133.23808014929983,-0.026969725512598793,1.6514685523272414,1.6440825077645422
541,54.641488776193974,133.3007854490756,-0.026786252661861347,1.640283994417357,1.696915805791461
542,54.641488776193974,133.35567568361768,-0.026788061975839304,1.6412068684792465,1.9171179061984889
543,54.641488776193974,133.4110487493035,-0.027023697890171505,1.656877115954121,2.537160760983258
544,52.039513120184736,133.46597997995494,-0.028148472757356904,1.7281508466280202,3.727039152674182
545,49.561441066842605,133.5279770983729,-0.02975187788064239,1.8274746406897675,4.512730886654603
546,47.201372444612005,133.59587232888245,-0.031557771376442924,1.9356791349161069,4.8922039571777365
547,44.95368804248762,133.66600061583026,-0.03325691177320603,2.0380548632387843,5.034684077763503
548,42.81303623094059,133.73708164189244,-0.03482113182184223,2.1329382134000814,5.117537292771502
549,40.77432021994342,133.80613157688342,-0.036581006003057116,2.2378501919415523,4.824029054669824
550,38.83268592375563,133.87444584926254,-0.03829806998903824,2.3435953592282965,4.786589051521883
551,36.983510403576794,133.94156985682054,-0.039995661677387,2.4509059302511114,4.728744783946855
552,35.222390860549325,134.00707299155394,-0.041701552594530095,2.558899467958623,4.64707885951829
553,33.54513415290412,134.07097725094897,-0.04343259276915918,2.665959682125818,4.5706033319924835
554,31.947746812289637,134.13355818543457,-0.04522166671933987,2.776004479649551,4.51382024283035
555,30.42642553551394,134.1959005711227,-0.04709279750471269,2.891476183745074,4.4017946961931855
556,28.977548129060892,134.2569693170025,-0.04897795580568004,3.007235974027151,4.22640660044014
557,27.597664884819896,134.31713416392193,-0.05086204337348056,3.120791761720669,4.210088651342872
558,26.283490366495137,134.37590731807495,-0.05283701902625264,3.2421622536201617,4.035849790843916
559,25.031895587138223,134.4358305419503,-0.0550660646785469,3.3783303879576354,3.683818666461879
560,25.031895587138223,134.49830926241987,-0.055742157268942175,3.4194096956708644,3.0542739872729667
561,25.031895587138223,134.56092166882186,-0.055861428954112204,3.4193609997395114,2.470427396263108
562,26.283490366495137,134.62619461428824,-0.05384660574787152,3.2942161753617762,2.2319389548201762
563,27.597664884819896,134.69296871900542,-0.0509338695592103,3.1175859976461093,2.1825309058730706
564,28.977548129060892,134.76061080037297,-0.04770776118547661,2.9215766882567475,2.234938813913234
565,30.42642553551394,134.82912692501483,-0.04468259023400256,2.7344761594891756,2.576962921097265
566,30.42642553551394,134.88496384572835,-0.04283986410172401,2.6160858149113686,2.9783593193635425
567,30.42642553551394,134.93302926087551,-0.042126026352632295,2.563916357173433,3.295020871647139
568,28.977548129060892,134.98009028814994,-0.04330803702675963,2.6251051128834666,3.2841321816864126
569,27.597664884819896,135.02814002036385,-0.045076495319539965,2.7289368982157303,3.1488714578195536
570,27.597664884819896,135.07698226109795,-0.045819964740772,2.7733081115260063,3.093030052428941
571,27.597664884819896,135.12751867601983,-0.04602845268875836,2.788702417223545,2.95493964779395
572,27.597664884819896,135.1794968894631,-0.04596275682424031,2.7900957759069933,2.8557695491594886
573,27.597664884819896,135.2312975074463,-0.04580571454816833,2.7841352918921447,2.8219231510637086
574,27.597664884819896,135.2830517394525,-0.04576469683641581,2.7841695776825235,2.760147733069669
575,27.597664884819896,135.3308549834809,-0.04619061719207987,2.8032496759379715,2.971318385626337
576,27.597664884819896,135.380462042144,-0.04653745701822423,2.82273479986451,2.8282415532232137
577,27.597664884819896,135.43026817662124,-0.04672421435467467,2.8350823664416054,2.6953263038195514
578,27.597664884819896,135.48017021174803,-0.0468141808327955,2.841608765881662,2.6323013596146065
579,27.597664884819896,135.53017596341599,-0.04691147956817466,2.845778358790334,2.461089567794604
580,27.597664884819896,135.5803430634232,-0.04706284394267592,2.858061544593926,2.3909960521731706
581,27.597664884819896,135.63070475102035,-0.04724539077869862,2.872719440819443,2.299484301518265
582,28.977548129060892,135.68363316938266,-0.04591150859556356,2.795517629540047,2.4208472346918053
583,28.977548129060892,135.7360265395202,-0.04544739362805172,2.7674648581024535,2.311820473595669
584,28.977548129060892,135.7882342030189,-0.0452863067825908,2.7626505146058506,2.1065680616106963
585,30.42642553551394,135.8429095675476,-0.043852848690954016,2.680071536230631,2.3706482092647887
586,30.42642553551394,135.89668768198396,-0.04313320149923404,2.6396053190291755,2.5197208003099067
587,30.42642553551394,135.94541346686927,-0.042704794951702596,2.6174410036397417,2.7024544794564997
588,30.42642553551394,135.9940430445313,-0.04262047594587927,2.614896120567341,2.8349293758773695
589,30.42642553551394,136.04268624013793,-0.04263241113643978,2.6184061373622596,3.0505396393478166
590,30.42642553551394,136.09147766478446,-0.04276232368221423,2.629052670774665,3.2326575325233318
591,28.977548129060892,136.13941451011016,-0.04411401094586519,2.7085016126768604,3.3154033015746203
592,27.597664884819896,136.18705241057032,-0.04603085143520973,2.8246127652996753,3.463835050585367
593,26.283490366495137,136.2345773154189,-0.04821775107839423,2.9608715754557737,3.566156618781829
594,25.031895587138223,136.28203816975224,-0.050560405136571875,3.1066074286775347,3.727011100778703
595,25.031895587138223,136.33033535823566,-0.05145135819779557,3.167792922371958,3.745338322670057
596,25.031895587138223,136.37887062431363,-0.051704984050185164,3.190634784373372,3.680878334060792
597,25.031895587138223,136.4273586527528,-0.05165466143831417,3.1953582685179778,3.6108203499797287
598,25.031895587138223,136.47717988186093,-0.05152905838800003,3.194431208828994,3.4572035138641257
599,25.031895587138223,136.52828278472262,-0.05131521051026319,3.1874739463112958,3.2375097280842278
600,25.031895587138223,136.5804938540437,-0.0509009522924477,3.1684089807320985,3.0305161789669537
601,25.031895587138223,136.63208002237573,-0.05029173176032491,3.1374643789401646,2.8139828355019003
602,25.031895587138223,136.68291651919958,-0.04956087153922655,3.0990833087227925,2.566317065955629
603,26.283490366495137,136.73544310016067,-0.04734955792087868,2.9670000219435346,2.4863047021909135
604,26.283490366495137,136.78787283152596,-0.045885683327413176,2.8790271402708827,2.259920309936383
605,27.597664884819896,136.84156435647634,-0.04344890004373177,2.7328062941739417,2.1548339551109628
606,28.977548129060892,136.89589814296875,-0.04065523683316591,2.5657451191539047,2.0816983841651386
607,30.42642553551394,136.9506223633522,-0.037861654050976384,2.398592393186981,1.9765810398912804
608,31.947746812289637,137.0057428124253,-0.035261941705141256,2.242991709851377,1.8785364608529576
609,31.947746812289637,137.06000778722424,-0.033703566244902,2.1554709464497837,1.800301888437541
610,31.947746812289637,137.11402806396623,-0.032574355464856465,2.089681420485372,1.9030700907353244
611,31.947746812289637,137.15905776845733,-0.031944728231160124,2.0476159516320296,2.336770545814074
612,31.947746812289637,137.19707401332278,-0.03172856214171831,2.0303010375500783,2.517723895105453
613,30.42642553551394,137.23544869140713,-0.03264960976013507,2.0898915315260083,2.273094436418276
614,30.42642553551394,137.275412783139,-0.033011554225507174,2.1213619736491034,2.1211819259418068
615,30.42642553551394,137.31545993726778,-0.0330801662895251,2.137079016308458,1.994996187598272
616,30.42642553551394,137.35554647785014,-0.03311270069707495,2.142637348300463,1.7890540003433688
617,30.42642553551394,137.395631321886,-0.03311129929803943,2.1463239013411233,1.7043565977977164
618,31.947746812289637,137.43762100854397,-0.03207097289841271,2.087847891826983,1.7783490913592974
619,31.947746812289637,137.47908644005025,-0.03167055617461985,2.0645684416275962,1.6783748627403459
620,33.54513415290412,137.5224870558983,-0.030650592159146475,2.0012945618853752,1.690013745533234
621,33.54513415290412,137.56518527946469,-0.03015454529568231,1.9718016843119206,1.5024188169831019
622,35.222390860549325,137.60957511304616,-0.028986779727985763,1.896933598013274,1.4901758080398206
623,36.983510403576794,137.65523928579663,-0.02757182568209677,1.8066095589834992,1.4937029109579607
624,38.83268592375563,137.7019285695647,-0.02606637372518411,1.7131840207987832,1.4902526648244245
625,38.83268592375563,137.7487210660879,-0.02536310373410517,1.6700592789344162,1.3018016842207418
626,40.77432021994342,137.796778719648,-0.02408586344325422,1.5894811554073875,1.6022431327231685
627,40.77432021994342,137.83630415655523,-0.02330544559465911,1.5414295158427114,1.6768881668883788
628,40.77432021994342,137.87108333305363,-0.022745804261626805,1.5089120084621148,1.7457049990351015
629,40.77432021994342,137.90523584588382,-0.02233596220753765,1.4851723164559991,1.8258860710119558
630,38.83268592375563,137.9382100292409,-0.022643593541717393,1.5073921734578555,1.837923153852564
631,36.983510403576794,137.970438977005,-0.023238427008824183,1.5482655896753312,2.1353366030770373
632,35.222390860549325,138.00224467381312,-0.02407990752925474,1.6035719741131818,2.373601512771203
633,33.54513415290412,138.03383189672113,-0.02511022732460166,1.6706685954637104,2.532516341979492
634,31.947746812289637,138.06550573734955,-0.02643803818318385,1.7550070430102938,2.590738028684787
635,30.42642553551394,138.09723503764607,-0.027808546672306506,1.8444725354091827,2.5512872903834842
636,28.977548129060892,138.12895697219577,-0.029192195657468122,1.9400716658748158,2.512589728271767
637,27.597664884819896,138.160600931666,-0.03057646082478976,2.041177482787609,2.4879094853786534
638,26.283490366495137,138.19228424494204,-0.03214521139487434,2.1524628316472665,2.4922000514038696
639,26.283490366495137,138.2257682294352,-0.03298265423722196,2.209478148656328,2.418449009423292
640,26.283490366495137,138.25982081740412,-0.03354274444516628,2.2445305575990697,2.428026215723989
641,26.283490366495137,138.29322031090098,-0.03388641110817501,2.2646234756061787,2.491595023379223
642,26.283490366495137,138.32676187025822,-0.034030548088834996,2.2788030063663065,2.681081256464099
643,26.283490366495137,138.36041645825483,-0.03414522452669554,2.2873900895206516,2.6908394355358634
644,26.283490366495137,138.39421498573813,-0.034291262448600604,2.293908455109002,2.6549603861281916
645,26.283490366495137,138.42909968422018,-0.03436239639984592,2.2949050219473324,2.4522372056241255
646,26.283490366495137,138.46410117135787,-0.03447743646766727,2.299773552769952,2.4442338757378996
647,26.283490366495137,138.5004097523845,-0.03472326236224839,2.311707915842877,2.3876482766956615
648,26.283490366495137,138.53709122599304,-0.0350798735705459,2.328139926244353,2.398048587948251
649,26.283490366495137,138.57226101031648,-0.03568251028371401,2.3542946838222245,2.536725300666828
650,26.283490366495137,138.60801026135627,-0.03627042480916323,2.3819210528633437,2.541513479306387
651,26.283490366495137,138.64422408029012,-0.036741765449328175,2.4053820142596747,2.531658309591316
652,26.283490366495137,138.68080867593426,-0.03711794756218703,2.426521622035033,2.520715348671346
653,26.283490366495137,138.71876944438543,-0.03739241071085798,2.4485326387816246,2.405436940559168
654,26.283490366495137,138.75686984708494,-0.037529954321591466,2.4617867811753853,2.3216581631579736
655,26.283490366495137,138.79496774736123,-0.03752748936538566,2.464460512743287,2.2363452087892126
656,26.283490366495137,138.83292513108472,-0.037389076660041994,2.4603119228906074,2.0836861454080897
657,26.283490366495137,138.87073311813003,-0.03724191678481468,2.455822936326032,1.9510881791558357
658,27.597664884819896,138.91028926048307,-0.036027645207082376,2.3847102060983887,1.8317948746433454
659,28.977548129060892,138.9512146156488,-0.03446576157899699,2.2904159851357115,1.6780914454917166
660,30.42642553551394,138.99336046774047,-0.032818878587947097,2.1872334208198736,1.547767299532663
661,31.947746812289637,139.0366024737792,-0.031134952527351455,2.0746291922335653,1.537315186427405
662,33.54513415290412,139.0808329405018,-0.029446750261628137,1.9599207754595602,1.651631954495062
663,33.54513415290412,139.12529974339407,-0.028741837631641263,1.9023052183647615,1.692380523849756
664,33.54513415290412,139.1691655151917,-0.02835335145741785,1.866378926722386,1.874203633350133
665,33.54513415290412,139.20604785682053,-0.02804646865740427,1.841960583245252,2.1116217530016526
666,33.54513415290412,139.24129104603864,-0.028016533630939446,1.8384061515090082,2.3120067856263584
667,31.947746812289637,139.27592137609204,-0.02890580902358501,1.8959084377695978,2.577896579773222
668,30.42642553551394,139.31044635811884,-0.030258769184271807,1.9856292014507866,2.8932237962408878
669,28.977548129060892,139.3451197439591,-0.03190827665226786,2.095199503132663,3.2549159294157395
670,27.597664884819896,139.37990625742952,-0.03361300179140817,2.2128592036689563,3.582234108103695
671,26.283490366495137,139.41480039391303,-0.03540284388615671,2.335794980643692,3.782639202012656
672,25.031895587138223,139.44979753328127,-0.037282715828307014,2.4626742295395334,3.828582796665291
673,23.83990055917926,139.48495821241994,-0.03932978277469548,2.5972617305130563,3.795109573913689
674,22.704667199218342,139.52022879966694,-0.041425359156344294,2.734285068798535,3.749221160635494
675,21.623492570684135,139.5555621185996,-0.043573989498973606,2.8755245161027068,3.7281233503822793
676,20.593802448270605,139.59197773644325,-0.04578072310059296,3.0194501039461223,3.6361932223781315
677,19.613145188829147,139.62941330733713,-0.04797682457823184,3.1625039854151877,3.502270967993719
678,19.613145188829147,139.66855254717692,-0.04869924199368944,3.2132217163422796,3.20572987796912
679,19.613145188829147,139.70761609406566,-0.04860506056972059,3.2157860491447523,2.908970898370208
680,19.613145188829147,139.746312827405,-0.04814865053513397,3.1960976662083023,2.666616572853418
681,19.613145188829147,139.78453561119994,-0.0475589358741822,3.16516755475068,2.4573689909289214
682,20.593802448270605,139.824236691801,-0.045675742807704686,3.0488425243373625,2.2496353146085766
683,21.623492570684135,139.8647629840208,-0.043111550153846406,2.8877423525697354,2.173323845577007
684,22.704667199218342,139.9055676880451,-0.04013659032496781,2.696272231526157,2.070247883363893
685,23.83990055917926,139.94611801403295,-0.03688060779842653,2.4879039455972363,2.12157279308326
686,23.83990055917926,139.98532716573555,-0.034622142651827274,2.343790635328641,2.089971384304365
687,23.83990055917926,140.0237982481125,-0.03298098907402511,2.2361357472394396,2.0097983956904533
688,23.83990055917926,140.06221477933337,-0.03197497354421708,2.160687569826644,1.9665914631116224
689,23.83990055917926,140.099688549744,-0.0311902917677202,2.0873054118220717,2.127036937948046
690,23.83990055917926,140.13072854734426,-0.03039448568684287,2.0226072680181506,2.343359196505277
691,23.83990055917926,140.15740832897802,-0.029843280671524298,1.9826576666701416,2.4063386209951423
692,22.704667199218342,140.18411443758657,-0.03045278230830227,2.0228457498569097,2.3069915144198427
693,22.704667199218342,140.21179673475385,-0.03064652723757986,2.040352394382404,2.233312796934568
694,22.704667199218342,140.23784451705072,-0.03059316050852517,2.0468316626148453,2.3441098158667444
695,22.704667199218342,140.26386358560302,-0.03055943617100431,2.0558281278075663,2.4663605931860313
696,22.704667199218342,140.28987301049455,-0.030548109676761363,2.0637745855995426,2.4696628354952983
697,22.704667199218342,140.31660095122137,-0.03047767731463188,2.0671403951303335,2.3852614097736202
698,22.704667199218342,140.34401502653898,-0.030349584098401255,2.0647718523661798,2.256413314123516
699,22.704667199218342,140.3720754955686,-0.030160382403195404,2.0555824969238974,2.0966244379809607
700,22.704667199218342,140.40062762588818,-0.02979498767874498,2.0328416036324097,1.863327553523942
701,22.704667199218342,140.42872627243767,-0.029321764028020326,2.003835234965043,1.6355561040640598
702,23.83990055917926,140.45785456281945,-0.028105619646702548,1.9255346813320895,1.5789441749746111
703,25.031895587138223,140.48761264648545,-0.02654951585540103,1.8258308887533066,1.5602324241002699
704,25.031895587138223,140.5171901918948,-0.02561984810146735,1.7676755987141153,1.4369704516425417
705,26.283490366495137,140.54770407966026,-0.024439113112134495,1.6876274844518553,1.4745247644126867
706,26.283490366495137,140.57833318894455,-0.023816889385654526,1.6467737392362163,1.3286518977338937
707,27.597664884819896,140.60993735670786,-0.02272314851391075,1.578157508341105,1.4938188984945906
708,27.597664884819896,140.64083143431566,-0.022212599266640452,1.5461846972291036,1.6082657785471826
709,27.597664884819896,140.66689448251608,-0.022046031821969504,1.5325566632111556,1.7494508840312328
710,27.597664884819896,140.6897477123352,-0.02208228356947311,1.5344386246911834,1.8774600333276141
711,26.283490366495137,140.71262928393813,-0.023215152715071637,1.6051182027576527,1.9656372964604392
712,25.031895587138223,140.73655318112714,-0.024743987998512424,1.7032998935805905,1.8844989727397012
713,25.031895587138223,140.7622384743375,-0.02579200308201764,1.7673833369621068,1.803270113898558
714,25.031895587138223,140.78736859563656,-0.026771307256524865,1.8220247054305072,1.8488078794355636
715,25.031895587138223,140.8131411668818,-0.027455714016861924,1.8584388020079055,1.6009262422986728
716,25.031895587138223,140.83944045580333,-0.028016830319417214,1.888176605698038,1.549418342126712
717,26.283490366495137,140.8667281744222,-0.027685535153757327,1.861901050881877,1.5366853719321667
718,27.597664884819896,140.89544646993332,-0.026941255519024605,1.808777199069148,1.5429822462299339
719,27.597664884819896,140.92400544799625,-0.026791796367328313,1.7952583488922962,1.5260963911217078
720,27.597664884819896,140.95269129286092,-0.02691081286409777,1.8012445185593862,1.594983712515532
721,27.597664884819896,140.98155135223573,-0.02707424727238084,1.8168032478859724,1.6871079695181117
722,27.597664884819896,141.00968278591608,-0.027182428946125527,1.8314236285127101,1.8999976152189417
723,27.597664884819896,141.03793398875922,-0.027298157735233444,1.8453557958085112,2.2464063632850646
724,26.283490366495137,141.06584258404723,-0.028315463330823673,1.9178260493602703,2.575103093241895
725,25.031895587138223,141.0937539578238,-0.02973419644223406,2.0160073275736066,2.8645603304393865
726,23.83990055917926,141.1218762970904,-0.03145688654391536,2.131543546305436,3.0830836684864003
727,22.704667199218342,141.15020586160423,-0.03327311724394143,2.254416142106753,3.2973398199753947
728,21.623492570684135,141.1786867203873,-0.03512335322631097,2.380855018703412,3.4133150222712167
729,20.593802448270605,141.20727416037596,-0.03701753160675498,2.511943766038814,3.513553792952182
730,19.613145188829147,141.23593001885052,-0.038961432173670485,2.649698809237493,3.5411979590730454
731,18.679185894123,141.2646676417601,-0.04102623183182556,2.7907108090660646,3.4935562738902717
732,17.78970085154571,141.2933702473165,-0.043025052597841396,2.9270363562663126,3.45027124145991
733,17.78970085154571,141.32339951527715,-0.04370263346013454,2.9777158147112517,3.2394034308076067
734,17.78970085154571,141.35432189664758,-0.043691662456729376,2.9804305884026863,3.0600532584929914
735,17.78970085154571,141.38586860961556,-0.04327554314495829,2.9536991113457893,2.886821078648747
736,17.78970085154571,141.4169574026434,-0.04264737202146672,2.9111077649789308,2.6671754241695695
737,17.78970085154571,141.4475320454672,-0.04194206464590735,2.8619649381686374,2.4435281894741667
738,17.78970085154571,141.47757934666728,-0.04121866137977792,2.808051932034948,2.2662127999458703
739,18.679185894123,141.50864901248045,-0.039409277348706744,2.6843075901190088,2.05270369306987
740,19.613145188829147,141.54029907864197,-0.03712017266575301,2.5303000773039246,1.9013918422170617
741,20.593802448270605,141.57216205698356,-0.03455375185380296,2.3600462305161,1.8247716272337482
742,21.623492570684135,141.60405805622938,-0.031982950824032436,2.1891105703995772,1.7611753604039926
743,22.704667199218342,141.63568547612982,-0.029323753403387037,2.013532748936787,1.923337023737438
744,22.704667199218342,141.66623411940836,-0.027498594485446424,1.8928502705396444,1.8976127743835562
745,22.704667199218342,141.69077460597646,-0.025988595706617237,1.7949546489408692,2.048854809695048
746,22.704667199218342,141.71197418943262,-0.02489894348753907,1.7244744025542507,2.117942527290451
747,21.623492570684135,141.7327596912189,-0.02488663507139039,1.7253299684354524,2.0117180865560913
748,21.623492570684135,141.75275629566048,-0.02466034491730386,1.71491022484844,2.2557588342846904
749,20.593802448270605,141.77210312454034,-0.025051975617031434,1.750062198932677,2.332935248533966
750,19.613145188829147,141.79171524765206,-0.02588861846363467,1.8088837940403175,2.2419044114153017
751,18.679185894123,141.81175731297174,-0.026969867442105746,1.879280751626004,2.1409257997342626
752,18.679185894123,141.83287889242484,-0.02759468908831431,1.9195804294010541,2.059487439283059
753,18.679185894123,141.85422235996984,-0.02788457900495183,1.940017971354802,2.0419984538874423
754,18.679185894123,141.87618649664188,-0.027859673774318743,1.9408658322403918,1.9163804732911516
755,18.679185894123,141.89817736160487,-0.027893576380036478,1.9400175199554384,1.96482138831596
756,18.679185894123,141.9176545921768,-0.02780596639463354,1.9363758324450318,2.1399808595653433
757,18.679185894123,141.93706819187776,-0.027715126074574,1.936712354389326,2.236040450116287
758,18.679185894123,141.9564611089737,-0.027685599298785075,1.9414943264588995,2.3905305839627515
759,17.78970085154571,141.9754186536216,-0.02841725828683576,1.997871623842382,2.5106384257591974
760,16.942572239567344,141.99423637501164,-0.029618047167785724,2.080110014436375,2.4813475560585108
761,16.942572239567344,142.0138724411663,-0.0300058993454645,2.1077114988980523,2.346496089777716
762,16.942572239567344,142.03360267939732,-0.030149803823062045,2.1184169783764166,2.3828813631507093
763,16.942572239567344,142.0527941956108,-0.030206379436171153,2.1239397007467953,2.4463922965944236
764,16.942572239567344,142.0722108539286,-0.030560740589976248,2.147081125677344,2.5522934862475988
765,16.942572239567344,142.091932382175,-0.03104058890640282,2.1739632551721946,2.5746832663159473
766,16.942572239567344,142.1125188722127,-0.03145824337115773,2.1991264256530947,2.476643555854782
767,16.942572239567344,142.13393815841528,-0.03177751487498046,2.218019067885869,2.340060814494813
768,16.942572239567344,142.15614418003594,-0.031985155793774575,2.232645387209507,2.272789729960952
769,16.942572239567344,142.17662451171645,-0.03223490332061058,2.255448904745853,2.400699200682865
770,16.942572239567344,142.19751469551832,-0.032879987771185386,2.301466478691152,2.845755968621986
771,16.135783085302233,142.21823639747728,-0.03424554705433822,2.3999048144993496,2.9205490869205546
772,15.367412462192602,142.23905724643413,-0.03612987158474364,2.524719474884344,2.8957661716742598
773,15.367412462192602,142.26114821581294,-0.03721735742467999,2.593963243956076,2.814366905245478
774,15.367412462192602,142.2837003525545,-0.03799430072135855,2.632031144220251,2.765320714334396
775,15.367412462192602,142.30657927076783,-0.03854483984099124,2.6562545361003047,2.754022109539831
776,15.367412462192602,142.33038315460968,-0.03893510563086858,2.672709963001404,2.683160077954515
777,15.367412462192602,142.35418759056148,-0.03893600869603098,2.6714377676867067,2.4632926808307936
778,15.367412462192602,142.37785640150162,-0.03871417203325286,2.6617049049726327,2.208200243819005
779,16.135783085302233,142.40251236122918,-0.03728970289810414,2.5728361038851104,2.0264811059931533
780,16.942572239567344,142.42785601189624,-0.035441301428828544,2.4556580608819134,1.8692017821760099
781,17.78970085154571,142.45370226493046,-0.033420393214147165,2.3274718592813914,1.8164725886308422
782,18.679185894123,142.47991917301715,-0.0313450459863805,2.20053742573709,1.9441729810271735
783,18.679185894123,142.50597744025282,-0.03024793622841915,2.138652616959478,2.0202840142188854
784,18.679185894123,142.53136750236303,-0.029472296549881972,2.1023240268603653,2.0927921583125646
785,18.679185894123,142.55251421076863,-0.02887846241374701,2.076012542988511,2.2452175084285906
786,18.679185894123,142.57252842927485,-0.028572577869644317,2.076704515011974,2.6816644533907716
787,17.78970085154571,142.59221048741654,-0.029503300148610103,2.1543706140741676,2.831189146076258
788,16.942572239567344,142.61196837913224,-0.031097822985031925,2.273265400543153,2.9887875532023274
789,16.135783085302233,142.63208732774257,-0.0332494117849696,2.4196131081023813,3.1426957946165652
790,15.367412462192602,142.65328615298742,-0.035714333879824416,2.5840465514309656,3.029296264111601
791,15.367412462192602,142.67605961697438,-0.03724968714369438,2.6703252726452282,2.941067676981905
792,15.367412462192602,142.70013590775235,-0.03823366143176152,2.7196811065350732,2.7607984307004076
793,15.367412462192602,142.72453984981126,-0.03875397862937083,2.7628811123745036,2.730012025807416
794,15.367412462192602,142.74918560330863,-0.03913798033261802,2.8022957232211048,2.610969107592415
795,15.367412462192602,142.7739107777991,-0.039264102557551486,2.8344690063286495,2.6278518861765026
796,15.367412462192602,142.79853747472956,-0.039107718099399294,2.856173112633379,2.777768396575383
797,15.367412462192602,142.82286552622787,-0.03863346280622704,2.8579262428435888,2.809763344349628
798,15.367412462192602,142.8468919129907,-0.038154412795357875,2.853073993021652,2.6716147966262755
799,15.367412462192602,142.87065190165393,-0.03773136695149157,2.8539759516876813,2.540520450202249
800,15.367412462192602,142.89212489581814,-0.03726152201098563,2.8837803336525347,3.002934627263036
801,15.367412462192602,142.91410542544025,-0.037031296060619015,2.910873881798063,2.91153205455329
802,15.367412462192602,142.9361540842701,-0.03714607549978442,2.940678092486724,2.7393567834401793
803,15.367412462192602,142.9582791976486,-0.037274880904922036,2.964411366238363,2.5437660011761603
804,15.367412462192602,142.98068831445795,-0.037753350500968764,2.997631570316721,2.2535492953020775
805,16.135783085302233,143.00397578646192,-0.03736489845928404,2.9600131124903357,2.003211239881097
806,16.942572239567344,143.02839525568788,-0.03622856705994063,2.8762521696883248,1.8272354230040864
807,17.78970085154571,143.05369210909708,-0.034702032895126106,2.7682061849476773,1.680459732988333
808,18.679185894123,143.0796709302153,-0.03295196584309139,2.646214371091261,1.577574402111271
809,19.613145188829147,143.10629604192238,-0.0312267512733861,2.522938742794757,1.4366955331817897
810,20.593802448270605,143.1334824891234,-0.029482295732072405,2.406625198937744,1.3223979255360132
811,21.623492570684135,143.16105993257906,-0.027652622233347825,2.2915142408374125,1.3958662668317046
812,22.704667199218342,143.1889069392405,-0.02581869652747472,2.1691043064655613,1.5571799670365667
813,23.83990055917926,143.21708866465718,-0.02415999552464673,2.0494355427685735,1.8846505650184102
814,23.83990055917926,143.24016528142639,-0.02327461375288734,1.9920877574193354,2.278197265722732
815,23.83990055917926,143.26064186002003,-0.02290454586738049,1.9862262058877709,2.85301034028389
816,22.704667199218342,143.28065909849627,-0.023510277483879755,2.0523247250513665,2.9138386321009375
817,21.623492570684135,143.30060651718273,-0.024599687734587157,2.1536574197527614,2.9464403662560885
818,20.593802448270605,143.3206103424327,-0.025902712300959557,2.2727553015969444,2.910730870960604
819,19.613145188829147,143.34129490616266,-0.027304273761834412,2.4030491624703307,2.8284380928886366
820,19.613145188829147,143.36309006360958,-0.027932322668392236,2.466003540694663,2.7331516188257536
821,19.613145188829147,143.3859574071855,-0.02845283411522534,2.501976248335531,2.676361680633581
822,19.613145188829147,143.40903553673374,-0.028715105869043463,2.519715329882994,2.6309007207426816
823,19.613145188829147,143.43214796978398,-0.028757788214152667,2.5235483595783483,2.67774710487011
824,19.613145188829147,143.45520173882764,-0.028684795159964003,2.525874066979398,2.631879071380163
825,19.613145188829147,143.47812590877328,-0.028523540678324258,2.5274270323376324,2.582320711536237
826,19.613145188829147,143.50089836736402,-0.028334772883736894,2.52583139062523,2.5384178723206827
827,19.613145188829147,143.52350620519525,-0.028129942482321722,2.521339655644794,2.4701488656011636
828,19.613145188829147,143.54609817779803,-0.02811020207348349,2.520375608315101,2.3640118682402393
829,19.613145188829147,143.56864218629758,-0.02805052244038243,2.5159756419157344,2.248262013096396
830,19.613145188829147,143.59114720849465,-0.02800201349179116,2.5108153004756133,2.139748279433913
831,19.613145188829147,143.6136135838392,-0.027953926905605987,2.5047829661999788,2.0551093956887274
832,20.593802448270605,143.63713945537089,-0.027066307544860023,2.4301654829535284,1.9981504035763105
833,21.623492570684135,143.66157118479765,-0.025990281144226163,2.3294330637121416,1.919897756004319
834,22.704667199218342,143.68677199838478,-0.02478818937640205,2.21021815404316,1.940020695157953
835,22.704667199218342,143.71207962546634,-0.024168207733551928,2.14399444655837,1.842262997129053
836,22.704667199218342,143.73769108903204,-0.02374598510603293,2.0988044218935413,1.771777943976396
837,22.704667199218342,143.76292707080748,-0.023397852521586424,2.0617299503394353,1.6964540887646429
838,23.83990055917926,143.78904527303183,-0.02239095156609279,1.9778816607017151,1.6603011561403676
839,23.83990055917926,143.81520583375286,-0.021774043891350896,1.9254936454069689,1.5883697530002845
840,25.031895587138223,143.84234388174417,-0.02088546399373782,1.841076819892351,1.610262745935895
841,25.031895587138223,143.8694855452197,-0.020279850944974046,1.785128387104682,1.6600500262318347
842,25.031895587138223,143.8919741078943,-0.019768379532178276,1.7410805234151403,1.9954044521737386
843,25.031895587138223,143.91084193819395,-0.019512477138725743,1.7180440920296873,2.105172062410775
844,23.83990055917926,143.92884174787605,-0.020134099287244005,1.7654022347690712,2.219688015796919
845,22.704667199218342,143.94686922888675,-0.02117330426971828,1.8475951474953511,2.3882728783949085
846,21.623492570684135,143.9650038120891,-0.02236405075703124,1.9485334202496372,2.5055607429964515
847,20.593802448270605,143.98326520819234,-0.023646461792366392,2.056872447245531,2.5440193027694598
848,19.613145188829147,144.00164169267234,-0.0249852627621213,2.165771350744016,2.6269990345544696
849,18.679185894123,144.02016572765598,-0.026445171059783855,2.2873284431174823,2.6827904653250685
850,18.679185894123,144.03918139176437,-0.027147027664922538,2.3517315725411887,2.6409287688319663
851,18.679185894123,144.05906084794785,-0.027553581840111255,2.38897505476883,2.560948284596444
852,18.679185894123,144.07970058508155,-0.027774132339096723,2.413627898347113,2.431217078228173
853,18.679185894123,144.10046680785564,-0.02794433939616901,2.4264449978818257,2.307535238652477
854,18.679185894123,144.12128295458467,-0.028011520219058866,2.42838946722865,2.2140412831317717
855,18.679185894123,144.14198261985962,-0.027854775426563696,2.4157124695521794,2.2393606232635133
856,18.679185894123,144.16246196229855,-0.02755829511931001,2.3939415460946023,2.2945148151377683
857,18.679185894123,144.18259736341062,-0.027095465972403282,2.3597028793790753,2.303802392398351
858,18.679185894123,144.2024578242636,-0.02672548901516029,2.325527720919674,2.239303288586792
859,18.679185894123,144.22207848994546,-0.026402805505670052,2.291352423123461,2.172740439264581
860,18.679185894123,144.24145292934102,-0.026071467881657533,2.2585823341048905,2.1345958552174933
861,18.679185894123,144.2606110663477,-0.025780397741758214,2.2323165428733036,1.966553632374297
862,18.679185894123,144.27958627591983,-0.02553423904599688,2.206434697803502,1.811889347273331
863,19.613145188829147,144.29942000635833,-0.02467824214818737,2.1266734608219924,1.665300729001932
864,20.593802448270605,144.31997841042715,-0.023652262421221388,2.0281280645510766,1.5851119490478067
865,21.623492570684135,144.34112298264066,-0.022493429216813108,1.9260410975575997,1.8022157948999222
866,21.623492570684135,144.36232958804726,-0.02190234916351743,1.8675071972304842,1.8682345793430521
867,21.623492570684135,144.38004610224795,-0.02152677113597375,1.8237372536818806,1.9733979216727358
868,21.623492570684135,144.39759383788103,-0.02132169368367928,1.7967800276425623,1.9875072235756186
869,21.623492570684135,144.41548762556278,-0.021108903385108332,1.7732123062071203,1.942768234616587
870,21.623492570684135,144.43313636254737,-0.020819822527376443,1.748756564230846,1.961426065254031
871,21.623492570684135,144.45104979176566,-0.020516576766079334,1.7241959161795095,1.9200313814886882
872,21.623492570684135,144.46921860673535,-0.020202985163807696,1.6988222372893602,1.8194309333460599
873,21.623492570684135,144.48764326132329,-0.019890746058510336,1.6734750871300477,1.712054205555513
874,21.623492570684135,144.506307596626,-0.019562620107196702,1.643795533970982,1.5296247787185624
875,21.623492570684135,144.5247054110249,-0.01928327197552509,1.6162417725850702,1.5234032446841863
876,21.623492570684135,144.54283597937598,-0.01900316380021622,1.5863287120917497,1.5708970545647534
877,21.623492570684135,144.55817132546707,-0.01890989639256161,1.5747146486895456,1.6390432889944104
878,21.623492570684135,144.59030657730392,-0.02097089483509851,1.6635296990231287,7.606154513050051
879,20.593802448270605,144.65263050411446,-0.023628222605093965,1.9061614003484668,13.747174718663754
880,19.613145188829147,144.72289499518004,-0.023883468761810297,2.003635976058368,17.337190158799693
881,18.679185894123,144.78515762142567,-0.022221748705908744,1.9083851164336545,20.225758469331574
882,17.78970085154571,144.83801089875857,-0.019806695186156128,1.707927781934092,21.94535977220117
883,16.942572239567344,144.8821606169079,-0.017372300390221074,1.4747500193443448,22.509911296566482
884,16.135783085302233,144.9189652792988,-0.01520622920143361,1.2643683312952634,22.135466496459706
885,15.367412462192602,144.95123983147442,-0.013593490664042958,1.1083003663155229,21.075899418730756
886,14.635630916373906,144.98047027297955,-0.012550418788413904,1.003663406536625,19.385403557593328
887,13.938696110832291,145.0083710526074,-0.01221212542064781,0.9705841191441748,17.517142935297088
888,13.274948676983135,145.03559185121023,-0.012532493038887694,1.0029607747836238,15.602991802589123
889,12.64280826379346,145.0609814497988,-0.013525543488868053,1.1015541366691055,13.746675278251969
890,12.04076977504139,145.08546684761933,-0.015332851493532976,1.2792181574682475,11.921554099152749
891,11.467399785753704,145.10960766439572,-0.01805256834994138,1.5509290094590233,10.176857068255593
892,10.921333129289241,145.1333237826579,-0.021682272820695223,1.897716913452116,8.48577652042808
893,10.401269646942135,145.15564736562547,-0.02595615753256373,2.315387484259395,6.801870532825778
894,9.905971092325842,145.17541297824897,-0.031044317524053403,2.811676763598306,5.133163517767511
895,9.434258183167469,145.19351086265345,-0.03695551962918347,3.3995138107382976,3.5059316825532996
896,9.434258183167469,145.21116833005317,-0.04241905514561263,3.980067675890206,2.3522135870856014
897,9.905971092325842,145.23019794619177,-0.046314206783496216,4.45141062005638,2.1517932640246102
898,10.401269646942135,145.2532326661966,-0.04918729892659677,4.832477575939477,2.8409075083016098
899,10.921333129289241,145.27966287925616,-0.050923849077989254,5.100702886738193,3.7712547672401437
900,11.467399785753704,145.3085861513011,-0.051559076002179835,5.250535302081079,4.736164216219816
901,11.467399785753704,145.34123200028222,-0.052723578110275414,5.430204946179908,5.7954128195902594
902,11.467399785753704,145.3793477846602,-0.05379107355682313,5.59023285699921,6.632174363604329
903,11.467399785753704,145.4210624264801,-0.05428643503448216,5.6864214537846145,7.1921457898886825
904,10.921333129289241,145.46439479741034,-0.05603663465831819,5.869692163259999,7.5996045108127115
905,10.401269646942135,145.5085469853658,-0.05815910072962302,6.082222575835762,7.833835204053816
906,9.905971092325842,145.55298183535157,-0.060146352290989,6.296200847940949,8.004673233119453
907,9.434258183167469,145.59683999297107,-0.061881281060239796,6.510313336548369,8.06323970022503
908,8.985007793492827,145.63940074243354,-0.06345665584926109,6.728446035019432,8.01198019711759
909,8.985007793492827,145.6817950039551,-0.06322534375115878,6.789719912630303,7.776540390244022
910,8.985007793492827,145.72336386485097,-0.062093440856116976,6.758533525071403,7.5379929890053745
911,8.985007793492827,145.76359508367193,-0.06047835630523143,6.67520717257739,7.27209121847247
912,8.985007793492827,145.80247295278258,-0.05841667339729146,6.546867602532136,7.063574237521619
913,8.985007793492827,145.83990993400363,-0.056146472178263365,6.3820970487152815,6.870684491879082
914,8.985007793492827,145.8754900192349,-0.05396001318063224,6.202763004641337,6.5965881484450986
915,8.985007793492827,145.90913114130586,-0.05184302612630274,6.003498061317673,6.302710184613787
916,8.985007793492827,145.93989228994644,-0.049948621217493896,5.807497447065304,5.805451361951571
917,8.985007793492827,145.96932278995087,-0.04806767595140682,5.605537662750676,5.451720558003498
918,8.985007793492827,145.99727283847352,-0.046091332792202976,5.390124965025071,5.085860778135792
919,8.985007793492827,146.02369806641747,-0.04417341800085049,5.162452241271057,4.73012291976479
920,8.985007793492827,146.0486011124334,-0.04237376055468624,4.923983033894244,4.419765284510212
921,8.985007793492827,146.0718878464264,-0.0405099055123113,4.675964574266551,4.161688336221743
922,8.985007793492827,146.09357853843417,-0.0387054510673127,4.425760518774918,3.9497328909868754
923,8.985007793492827,146.11379323232515,-0.037040863057190815,4.184422058180047,3.760513524332189
924,8.985007793492827,146.13299740838357,-0.03551815168743673,3.9638318552056915,3.5560981329449466
925,8.985007793492827,146.15209260155757,-0.03428794920712792,3.763479951865403,3.3163546658128444
926,8.985007793492827,146.17123829059867,-0.03337730216173837,3.576686678783221,3.0066932105614463
927,8.985007793492827,146.19061835665642,-0.03280184391746921,3.4231134107359416,2.435142112410131
928,9.434258183167469,146.21061353933507,-0.031292615019860893,3.1810075077698707,2.0565225765903916
929,9.905971092325842,146.23103034600211,-0.029544576802455088,2.9045720453277912,1.8041118955358086
930,10.401269646942135,146.25171460610036,-0.02767600648255413,2.617457201779897,1.719277574048917
931,10.921333129289241,146.27246103121038,-0.025667299741301934,2.332234969242892,1.7481323020274357
932,11.467399785753704,146.29107578907508,-0.025803943141186055,2.128077029182454,3.8506293967782756
933,10.921333129289241,146.33413072318606,-0.030649709691813853,2.4325090471387245,9.681733612423884
934,10.401269646942135,146.38141634963378,-0.032895103660238345,2.736369487056609,12.23840515587765
935,9.905971092325842,146.42533065199285,-0.033001617330709214,2.8553844605904177,13.99484445227599
936,9.434258183167469,146.46649255475418,-0.032006088083036774,2.8190996997839,14.631246548264748
937,8.985007793492827,146.5034899817607,-0.030675205780353536,2.703389759424039,14.40760583864465
938,8.557150279516977,146.53661038053596,-0.029682744024661378,2.6243492908822903,13.587869463468925
939,8.149666932873311,146.5688357614966,-0.03129130068113553,2.631961956548331,12.784577333109668
940,7.761587555117439,146.6053525970575,-0.03686447157722315,3.0187612195091935,13.698114794904415
941,7.391988147730894,146.64406897273275,-0.04097519831101223,3.463014512064222,13.719510260412275
942,7.039988712124661,146.6840590721693,-0.044061665123791914,3.80619905263646,13.434101666288566
943,6.7047511544044385,146.723727191611,-0.0468031116482615,4.065143064659047,12.788983029163518
944,6.385477289908989,146.76178790558112,-0.04978739577757335,4.329118411148226,11.759225571765649
945,6.081406942770466,146.79723007675983,-0.05367450563802158,4.684579039782243,10.354414368512764
946,5.791816135971872,146.82916243320668,-0.05900884633312949,5.1950962762677255,8.650459835541453
947,5.516015367592258,146.85658261685523,-0.06606291581280725,5.895620783687761,6.76378890285369
948,5.516015367592258,146.88696789782932,-0.07373673813561406,6.715166086058124,5.2213035451000485
949,5.791816135971872,146.91913744491575,-0.07920604397547142,7.415762680500666,4.197876245325421
950,6.081406942770466,146.95686144129212,-0.08308296914360203,8.013603673667458,3.5311934978583386
951,6.385477289908989,146.99985898745578,-0.08541618710481844,8.461285812839034,3.17394916453979
952,6.7047511544044385,147.04657259245124,-0.08583315051765984,8.712281638415774,3.068976682482226
953,7.039988712124661,147.09512310115448,-0.08440504995559986,8.76959688007556,3.110591507869089
954,7.391988147730894,147.14383392494756,-0.08160023237682851,8.667603904478176,3.261175191661634
955,7.761587555117439,147.19307883116468,-0.07819247395866663,8.455412788579874,3.4476921941823275
956,8.149666932873311,147.24172032095552,-0.07404561358009001,8.154915436005515,3.802665254063259
957,8.557150279516977,147.28902302932968,-0.06953726437438533,7.8082518453296,4.2329103750657335
958,8.985007793492827,147.33450078523313,-0.06494118988459367,7.4325470514473375,4.739617888967388
959,9.434258183167469,147.37801893207012,-0.06054225636114664,7.05414121261137,5.323291541863194
960,9.905971092325842,147.4195702312384,-0.05639697515215955,6.685511358843266,6.006574941561452
961,9.905971092325842,147.45486582792188,-0.053844003646084666,6.496974299670968,6.997938033547354
962,9.905971092325842,147.49497550276084,-0.05255245953249603,6.466882941125683,8.269614753100408
963,9.434258183167469,147.5374288750002,-0.052632730288231754,6.607034790381905,9.176451565027063
964,8.985007793492827,147.58005504051837,-0.05294636246728695,6.800349134478701,9.617183882160369
965,8.557150279516977,147.62159337649047,-0.053161182985529826,7.002433169527888,9.80057459371056
966,8.149666932873311,147.66106138446622,-0.053102022068195046,7.200087420810907,9.788598783875662
967,7.761587555117439,147.69903826242628,-0.053255557557057166,7.402385620922298,9.57398575562149
968,7.391988147730894,147.73434592640777,-0.052805335476818774,7.56220715075025,9.425815435639073
969,7.039988712124661,147.76740511385137,-0.05172590756086154,7.700862569463233,9.184676892922234
970,7.039988712124661,147.79804173448977,-0.04920805888843852,7.638203524914101,8.686548079503805
971,7.039988712124661,147.82591630937284,-0.04583855432519211,7.447049402676391,8.237258940361208
972,7.039988712124661,147.85753237702855,-0.049146403917925935,7.120633415695905,9.807772497971426
973,6.7047511544044385,147.89140443191494,-0.051449662699192635,6.93092713523204,10.53907726168457
974,6.385477289908989,147.92482573375418,-0.0517058578103982,6.738055991592271,10.86466875634395
975,6.081406942770466,147.95889368817225,-0.053362026992820936,6.5213135876159924,11.267716547354038
976,5.791816135971872,147.99894385473957,-0.058426625931752005,6.453714699923053,12.702961815498753
977,5.516015367592258,148.0392372657822,-0.0607224561914511,6.437022133247625,12.911760925805567
978,5.253347969135484,148.0772676632548,-0.060590603188777216,6.433879215480354,12.450260400617376
979,5.003188542033794,148.11138972122112,-0.05949730893797485,6.4792727921812014,11.596924084288663
980,4.764941468603613,148.1409387560058,-0.0589146123719684,6.671815851825867,10.338969874206304
981,4.538039493908203,148.16532412144767,-0.05997032590758072,7.058387590995097,8.544800528272349
982,4.321942375150669,148.18822193724367,-0.06346235222452837,7.729279925587323,6.584427867359811
983,4.321942375150669,148.2115780825869,-0.06790602601267019,8.54161753199142,5.002178515611059
984,4.538039493908203,148.239686597779,-0.07148837805143281,9.299517790224385,3.858525979032862
985,4.764941468603613,148.271999534998,-0.07346200434450598,9.907916380253434,3.1235245734558363
986,5.003188542033794,148.3075588252298,-0.0739819744193936,10.311136509325461,2.6443660815787773
987,5.253347969135484,148.3451762682308,-0.07321991211940845,10.496636057169935,2.38822932357819
988,5.516015367592258,148.3834305807076,-0.07100728713411733,10.4828229925497,2.276283813677819
989,5.791816135971872,148.42094668016404,-0.06757922175451542,10.287644904570723,2.2926552005911214
990,6.081406942770466,148.45788485246425,-0.06343305549566455,9.97802805383613,2.463193096081887
991,6.385477289908989,148.49354131007053,-0.05888753813550393,9.593414774101312,2.7195290054766157
992,6.7047511544044385,148.52744172272776,-0.05420835340960349,9.161586170055037,3.0917075706206867
993,7.039988712124661,148.55928279367964,-0.04955979960591633,8.702890169894005,3.715953802009748
994,7.391988147730894,148.58920293357312,-0.04542421960715507,8.250019956557331,4.367772979263522
995,7.761587555117439,148.6174318500546,-0.04169699367727615,7.840464547737009,5.117112453849219
996,8.149666932873311,148.6442279342618,-0.03834310888754086,7.483587098629761,5.9503483716015495
997,8.557150279516977,148.6697768330776,-0.035279820573083064,7.170428365327391,6.8216324345337656
998,8.557150279516977,148.69192240474152,-0.03329816047238347,7.0388409526431195,7.747240012106355
999,8.557150279516977,148.71438635998197,-0.03190874145776707,7.039015505691465,8.830262831092105
1000,8.149666932873311,148.73717615777238,-0.03118189061801031,7.2190172902263585,9.625524584122358
1001,7.761587555117439,148.7587639974141,-0.030478326028202475,7.464182116569663,9.794758930841736
1002,7.391988147730894,148.77889707565996,-0.029721420985255174,7.7256408460870505,9.54923024938034
1003,7.039988712124661,148.79708462262923,-0.02863505414933478,7.945729002154494,9.127586272500631
1004,7.039988712124661,148.81306938976675,-0.026598202607989417,7.937842506629219,8.384875658218228
1005,7.039988712124661,148.82673977475486,-0.023849958840677754,7.76423174201858,7.706021601456588
1006,7.039988712124661,148.83843203747898,-0.02061569081135717,7.458797668847469,7.161134179161227
1007,7.039988712124661,148.84797568797984,-0.017274916606503894,7.053903199960103,6.593878728771162
1008,7.039988712124661,148.85530999567405,-0.013814044021405606,6.581607724586325,6.139890902284688
1009,7.039988712124661,148.8606095319433,-0.01048339311905138,6.084045818611805,5.740836080677601
1010,7.039988712124661,148.8642104190921,-0.007516961966871073,5.597400888531701,5.357091385883741
1011,7.039988712124661,148.86667371629414,-0.0054403424483899735,5.136562839426294,4.98265129946965
1012,7.039988712124661,148.86830001746776,-0.0038015841589751354,4.711738411864007,4.628593674405788
1013,7.039988712124661,148.86934814843752,-0.002595051317405852,4.31894012537869,4.311879998106402
1014,7.039988712124661,148.87390532732965,-0.00794231330148691,3.8913318769999354,7.218346357886139
1015,6.7047511544044385,148.88018159746554,-0.012136811508174658,3.74123028750063,8.036298290903174
1016,6.385477289908989,148.88760004370457,-0.015008027422263995,3.746524766223944,8.308492153466615
1017,6.081406942770466,148.8956139426541,-0.016919847020267418,3.824157489199699,8.115819492133168
1018,5.791816135971872,148.90346637297586,-0.018215913426229472,3.9254651618182064,7.52991651991997
1019,5.516015367592258,148.9107459713232,-0.019476969825999765,4.086686832129878,6.655414740652641
1020,5.253347969135484,148.91729546354406,-0.02132690236190804,4.38346283516468,5.574693855625604
1021,5.003188542033794,148.9235489295505,-0.023869637347204393,4.848062603627034,4.344215212839384
1022,5.003188542033794,148.93016986653407,-0.026401934247467156,5.379762204839212,3.2877198071482674
1023,5.253347969135484,148.93842004549515,-0.028710045458581825,5.871101117922641,2.493903274285756
1024,5.516015367592258,148.94823756254206,-0.03041886853248946,6.279996189796245,1.8798135597835859
1025,5.791816135971872,148.95943197767426,-0.03152547233498553,6.580384626115193,1.4624924421343557
1026,6.081406942770466,148.97168360053766,-0.03197524024549711,6.762417461229015,1.2213119174411229
1027,6.385477289908989,148.98455574721874,-0.03171449059134175,6.822226199353512,1.1183202294725216
1028,6.7047511544044385,148.99786493139064,-0.03142288309199249,6.780301108757638,1.1247099755073005
1029,7.039988712124661,149.0111865644671,-0.030510139165553864,6.656831371243798,1.2453489123176638
1030,7.391988147730894,149.0245370883012,-0.029086720676363784,6.4704025250084864,1.505340413054234
1031,7.761587555117439,149.03761571132497,-0.027322740852069156,6.239344825301878,1.8342905789218098
1032,8.149666932873311,149.0502378425429,-0.02543565435119257,5.980871635823448,2.119561928736522
1033,8.557150279516977,149.0624815157153,-0.023888722081630762,5.711721086257408,2.3657491050221866
1034,8.985007793492827,149.0743226372923,-0.02246148068585368,5.43220456317427,2.6879544417258083
1035,9.434258183167469,149.0855141407796,-0.02073806164374736,5.141802692931148,3.1205787346823235
1036,9.905971092325842,149.095951670279,-0.01893235943549479,4.856927102341078,3.5673525141501483
1037,10.401269646942135,149.10558283164804,-0.017145041688766238,4.57595980062119,4.096527528518742
1038,10.401269646942135,149.11449376932435,-0.01584928804752629,4.408737332188613,4.579897245868297
1039,10.401269646942135,149.12182293441978,-0.014770961434217078,4.304549697701506,4.755201242689814
1040,10.401269646942135,149.1286892508529,-0.013833499869227318,4.230359796261874,5.12190628319108
1041,9.905971092325842,149.1352377521796,-0.013344035473297704,4.270127661017084,5.317211254134323
1042,9.434258183167469,149.14137653046086,-0.012962485594417148,4.34365559980035,5.387808405703518
1043,8.985007793492827,149.14707452229487,-0.012499306083913522,4.421464788300237,5.445574459117072
1044,8.557150279516977,149.15238343622124,-0.01222584347107866,4.504787822490853,5.287942313572252
1045,8.557150279516977,149.1572667635669,-0.011744030780404192,4.479296201960245,4.916106556983029
1046,8.557150279516977,149.161624103546,-0.011139970439631892,4.387979762294254,4.489756778289775
1047,8.557150279516977,149.1656070561279,-0.010431803754623499,4.254944594051845,4.143740487142206
1048,8.557150279516977,149.16931619593257,-0.009774331697603817,4.10579335017645,3.8141710768474213
1049,8.557150279516977,149.17278133118424,-0.009043497350782569,3.9552713708206504,3.460234249425683
1050,8.557150279516977,149.1760391786715,-0.00825486071288857,3.800510880060759,3.2526174389708142
1051,8.557150279516977,149.17903047645217,-0.007358705530050259,3.6554821314439403,3.1984219713195814
1052,8.557150279516977,149.18177048283857,-0.006544193406067469,3.5143167965655517,2.9516738830281137
1053,8.557150279516977,149.18425308220523,-0.005756704889020773,3.3748692439285795,2.8001639140880754
1054,8.985007793492827,149.18653118168615,-0.004884425472649638,3.1660568624861183,2.5742148390828
1055,9.434258183167469,149.18858051784463,-0.004062819062023188,2.9431371637896477,2.3926298081089334
1056,9.905971092325842,149.19047239968094,-0.00346802134994153,2.714035596874789,2.2592381778859014
1057,10.401269646942135,149.19223158413286,-0.0029817594823224485,2.5050431234312627,2.131913687540197
1058,10.401269646942135,149.19376984932802,-0.0025313676176857017,2.3997314901704567,2.097912150369145
1059,10.401269646942135,149.19517886496624,-0.0022511404662257503,2.3254852846012333,1.9984326328876922
1060,10.401269646942135,149.19656606000672,-0.0021517265785437937,2.267736577696017,1.9353028226022073
1061,10.401269646942135,149.19804200439225,-0.0022227075541651547,2.2149907611277415,1.841139956835845
1062,10.921333129289241,149.1996605354565,-0.0022537557494091884,2.123406547743109,1.8197154163486393
1063,10.921333129289241,149.20138570146838,-0.0023322734966047124,2.058842023070342,1.7119401817010145
1064,11.467399785753704,149.20336412636016,-0.0024730997154626937,1.9838660108447936,1.816638637809646
1065,11.467399785753704,149.2054399714389,-0.002519299346859574,1.9367788328190894,1.7682776524593478
1066,11.467399785753704,149.2075432692459,-0.002478268629739075,1.8894598307458088,1.6120531730797167
1067,11.467399785753704,149.20951921979204,-0.0023282182086713436,1.8710875450149398,1.655248898566457
1068,11.467399785753704,149.2114179366812,-0.0022372155229440005,1.8595309013003654,1.6483888314877102
1069,11.467399785753704,149.2133966150307,-0.002331432318323184,1.8508033010436993,1.5896094444682543
1070,11.467399785753704,149.21551871683437,-0.0025004249573582467,1.8303218977773303,1.430317570830528
1071,12.04076977504139,149.2178849474929,-0.002577971808872132,1.771703192978856,1.379004498492029
1072,12.64280826379346,149.2204412776136,-0.0025752031816161924,1.7108983609676034,1.5555725493125379
1073,12.64280826379346,149.22303976572388,-0.002617672418557721,1.6771819212688965,1.5295748291181217
1074,12.64280826379346,149.22570222025132,-0.0026821110914540054,1.66063366681331,1.4613877921106957
1075,12.64280826379346,149.22843508985983,-0.002753046038197028,1.6541328903132042,1.3683270191562862
1076,13.274948676983135,149.23143772373285,-0.0027968580102385628,1.6199794515775767,1.3461828904817932
1077,13.938696110832291,149.2346262978406,-0.002746237104510365,1.5730597297935014,1.4445091856131966
1078,13.938696110832291,149.23784491297175,-0.0027721106675348416,1.5436260006768954,1.4009652540851225
1079,13.938696110832291,149.24111704199908,-0.002818200813934614,1.5239194509336413,1.3482302808816278
1080,13.938696110832291,149.24437843873955,-0.002808957370452979,1.5097546021530095,1.291427182621837
1081,13.938696110832291,149.24758377537222,-0.002760674237366641,1.4990853995806823,1.2371359226880552
1082,14.635630916373906,149.25086547483474,-0.0026134476044802667,1.456512474554938,1.2292787823406368
1083,14.635630916373906,149.25397335494057,-0.0024750230514244582,1.4278270785758034,1.1940690424759248
1084,14.635630916373906,149.2569378686373,-0.0023608503178520084,1.4088177911016866,1.1496630997021688
1085,15.367412462192602,149.25992896318988,-0.002202513655995977,1.3634801580699838,1.1424313631749268
1086,15.367412462192602,149.26285473431275,-0.002091662413510341,1.3272712853297288,1.1493827641344614
1087,15.367412462192602,149.26559827112467,-0.0019613813208902444,1.3154122255455167,1.3194736706251238
1088,15.367412462192602,149.2678763584932,-0.0019160317152212337,1.3121392036656274,1.4188980204826493
1089,15.367412462192602,149.2698691571191,-0.0019718633126076827,1.3232579516073784,1.490721640412921
1090,15.367412462192602,149.2716368851611,-0.0020578320047610573,1.3489626121282232,1.6511677087440637
1091,14.635630916373906,149.27318809093882,-0.002230664486442693,1.4264181074861202,1.9402863786673372
1092,13.938696110832291,149.27456919540055,-0.002453362603423444,1.5478563631770557,2.2297978468832067
1093,13.274948676983135,149.2759041742197,-0.0026817004000898,1.708248170225071,2.52935506679442
1094,12.64280826379346,149.27725027057403,-0.0028392349256466808,1.9110073370066256,2.752158461874645
1095,12.04076977504139,149.2786110887977,-0.003013801164029416,2.1187387555660244,2.89197527401897
1096,11.467399785753704,149.27995649575627,-0.0031286533622213774,2.3121443472838146,3.060237856628211
1097,10.921333129289241,149.2813950751033,-0.0035125854570399974,2.504099443853589,3.1034703782302224
1098,10.401269646942135,149.2829477024781,-0.00398060987440148,2.6947704201432026,3.061713781530853
1099,10.401269646942135,149.28461324316038,-0.004145724111271123,2.8044559853136506,2.9163850770527864
1100,10.401269646942135,149.286327913571,-0.004143702629622848,2.84686356998559,2.8267477603368167
1101,10.401269646942135,149.28807936894776,-0.0042325978247708266,2.838918711451177,2.7739181021152124
1102,10.401269646942135,149.29001013699113,-0.0046659279646314505,2.812707366113649,2.600503350538078
1103,10.401269646942135,149.2920651668096,-0.004821573934577611,2.7554221652737056,2.510734287414378
1104,10.401269646942135,149.29416035419524,-0.004772614416502919,2.67560853714682,2.410974712365224
1105,10.401269646942135,149.2962359937435,-0.004590375260817255,2.599623458570497,2.1548798317030906
1106,10.921333129289241,149.29831972561252,-0.004261000288232689,2.4570799262860405,1.9429476689587548
1107,11.467399785753704,149.3003681635134,-0.0038731650879205246,2.280745239214148,1.7913734951978797
1108,12.04076977504139,149.30236581772658,-0.003492504687279584,2.091333817366993,1.6759030232618384
1109,12.64280826379346,149.3042988934332,-0.003124920846739175,1.9042369932397443,1.5863302814372566
1110,13.274948676983135,149.30619269137978,-0.0028307223624674193,1.727890987848352,1.566218660513689
1111,13.274948676983135,149.30801578088975,-0.0026456622586053316,1.5963952938461405,1.462693389727087
1112,13.274948676983135,149.30988950180475,-0.0026399402018589097,1.4880845267956442,1.4034514919749765
1113,13.274948676983135,149.31184357339032,-0.0026729598172059096,1.3952342897777739,1.3762539668400882
1114,13.274948676983135,149.31398469013305,-0.0028435121167965623,1.3157181022426658,1.338802517891212
1115,13.274948676983135,149.31620903417655,-0.0029540422122956637,1.2431332314155084,1.3224570301299063
1116,13.274948676983135,149.31848376738265,-0.0030209615873251316,1.1814767915690885,1.3019720681947804
1117,13.274948676983135,149.32076748960554,-0.0030328994597180426,1.1254521148555408,1.277174912301894
1118,13.274948676983135,149.32310458676776,-0.0030133826197269406,1.0758150026837192,1.2045254173497242
1119,13.274948676983135,149.32504201077754,-0.0029388895373557195,1.0118058222100728,1.375090398029493
1120,12.64280826379346,149.3266296200891,-0.002974901536968311,0.9957570490601628,1.4601884245243961
1121,12.04076977504139,149.32802061459165,-0.0030806325033458037,1.0170170968928887,1.4970232184570649
1122,11.467399785753704,149.32938633303112,-0.0031758863444745484,1.079317156097037,1.5041163746859578
1123,10.921333129289241,149.33072415342298,-0.0032665618773202077,1.144504707215616,1.5546979277107382
1124,10.401269646942135,149.33206503307184,-0.0034377332622889333,1.2188564561994173,1.561578918278096
1125,9.905971092325842,149.3334774023913,-0.0036913287585383357,1.2974981142288984,1.5175460862959214
1126,9.905971092325842,149.33493755028573,-0.003816201499266035,1.334209788897119,1.5096023079546979
1127,9.905971092325842,149.3364484268955,-0.00394878464337149,1.3593989876201211,1.5066076429643565
1128,9.905971092325842,149.33815988835548,-0.0043427452145959715,1.38058345028045,1.4638585205779435
1129,9.905971092325842,149.34007875187083,-0.004727201200864172,1.3908784755481731,1.4027466426708972
1130,9.905971092325842,149.34208627973675,-0.0049456295675768085,1.4012859603665688,1.3422651746427294
1131,9.905971092325842,149.3441423182142,-0.005065137505267802,1.3945113742754567,1.2936722306917714
1132,9.905971092325842,149.34624461723595,-0.005179102306831279,1.3783700839903166,1.2399320366544342
1133,9.905971092325842,149.3483528265687,-0.005193662607889691,1.353075272210907,1.152423276085713
1134,9.905971092325842,149.35043698228623,-0.005134405512016342,1.3285088646979253,1.0371343670225983
1135,10.401269646942135,149.35260304954792,-0.004934071248794592,1.2748854145830295,1.0304083578321428
1136,10.921333129289241,149.35481050489474,-0.004649421093729167,1.1999405487407786,1.041554976125102
1137,10.921333129289241,149.35698728644755,-0.004451276559038408,1.1595787460960285,1.0007753205619014
1138,10.921333129289241,149.3591730600925,-0.004339479989313983,1.1303946725456377,1.0087637555902136
1139,10.921333129289241,149.3614068842987,-0.004305705015706914,1.1077803664115689,1.0042641805639172
1140,10.921333129289241,149.36365221062277,-0.004327875393512878,1.089656096029949,0.9899154644321159
1141,10.921333129289241,149.36591231230574,-0.004356354956073015,1.0758963299626514,0.9624582681770141
1142,10.921333129289241,149.36818401767795,-0.004378721113335704,1.0663938166980422,0.9081790477849675
1143,10.921333129289241,149.3704727347078,-0.004411511151165027,1.061164233630279,0.8411881957483343
1144,11.467399785753704,149.3728819674976,-0.004293856454872478,1.0396048928737844,0.8198178071712829
1145,12.04076977504139,149.37492059031953,-0.004070965420170699,1.01985863444387,1.1034147792220663
1146,12.04076977504139,149.37670479265677,-0.003951469040814329,1.0148709904916104,1.1538148280571219
1147,12.04076977504139,149.37847646496627,-0.003923718815494256,1.0222007526057941,1.1729315580809456
1148,12.04076977504139,149.3802664133713,-0.003964194844699777,1.035948509985249,1.204550006036837
1149,12.04076977504139,149.3821596435593,-0.004192932784993985,1.048178897031979,1.2891158083388417
1150,11.467399785753704,149.38409903509407,-0.004509924530480595,1.084194073237729,1.3874201843201692
1151,10.921333129289241,149.3861241769858,-0.004944797776919903,1.1390130501330225,1.4805165687658557
1152,10.401269646942135,149.38820124421835,-0.005325163313233351,1.2067085690353117,1.5135735298775985
1153,9.905971092325842,149.39030352611718,-0.005659298832168188,1.282394547908767,1.4963340365934374
1154,9.905971092325842,149.39252176216533,-0.005797519391558027,1.3361087668096634,1.4205237519096243
1155,9.905971092325842,149.39482039377702,-0.005832659200794923,1.3753495113442034,1.3310118476218613
1156,9.905971092325842,149.39695232398185,-0.0057391114507185335,1.404164565350503,1.2203069982488433
1157,9.905971092325842,149.39904612780234,-0.005636476023121793,1.430676982648296,1.110803101759945
1158,10.401269646942135,149.40116555173284,-0.0054337569738044005,1.421475366965886,1.0319500509194137
1159,10.921333129289241,149.40339962795395,-0.00529607149402862,1.3890093687617409,0.993798225004006
1160,11.467399785753704,149.4057294980924,-0.005106943398705709,1.3305132993764937,1.050248234831162
1161,12.04076977504139,149.40812221306288,-0.004849464365611469,1.2598550355846256,1.043894627352896
1162,12.64280826379346,149.41054920741658,-0.004548257536132727,1.1705686372952833,1.0866615527347476
1163,12.64280826379346,149.41293085677447,-0.004333281265943207,1.107217510909729,1.134598201182184
1164,12.64280826379346,149.41520572331476,-0.0041389957463359725,1.0619149229987126,1.1411868477977092
1165,12.64280826379346,149.41740132415504,-0.00399477612312888,1.0313122399654335,1.1540572214508358
1166,12.64280826379346,149.41952522868525,-0.0038643285925591287,1.0134054255017104,1.1349075852528094
1167,12.64280826379346,149.4215869009468,-0.003751100370063348,0.9996045754471479,1.145310328695579
1168,12.64280826379346,149.42332845297602,-0.0036733442820232336,0.9801370766401085,1.2450087921011161
1169,12.04076977504139,149.4250168638362,-0.0037393198645739546,0.9938563618070455,1.3194413666549405
1170,11.467399785753704,149.4266767824108,-0.00386002896487473,1.0256967053036548,1.36318074255213
1171,10.921333129289241,149.4283269031487,-0.00402910699247721,1.0688450791610815,1.379138867927832
1172,10.401269646942135,149.4300225991355,-0.0042207841646570345,1.1123142098167196,1.3300140142207613
1173,10.401269646942135,149.43179257001574,-0.004277342715964711,1.123776846667723,1.2097252168976358
1174,10.401269646942135,149.4336025910355,-0.004246726783134886,1.1163172612970926,1.0981804615095245
1175,10.401269646942135,149.43534335413403,-0.004084231725710197,1.09871067416474,1.0433013301977692
1176,10.401269646942135,149.43699215001908,-0.003868455431153301,1.082026184894396,1.084112872181038
1177,10.401269646942135,149.4384080986569,-0.0036301943537942016,1.0641333236317068,1.3064143266591275
1178,9.905971092325842,149.4397077553701,-0.003498648646145291,1.081742786877894,1.5842082292283324
1179,9.434258183167469,149.44092406677078,-0.003437999051244124,1.1046855027119633,1.6649108638383237
1180,8.985007793492827,149.44206860336888,-0.003396878072054853,1.1158679241551215,1.6783704621524642
1181,8.557150279516977,149.44318168237754,-0.0033676607947640096,1.1389985778575231,1.626779026358589
1182,8.149666932873311,149.44417389677636,-0.0032466419613310354,1.1820100273482923,1.9038840693110914
1183,7.761587555117439,149.44508952122513,-0.003145832188953681,1.2189232601059423,1.9287454375913897
1184,7.391988147730894,149.4459927009018,-0.0031633292875570557,1.2578004956165805,1.850779361991972
1185,7.039988712124661,149.44690061010652,-0.0032416396756911425,1.2995881227182309,1.6752648667811425
1186,6.7047511544044385,149.44781787572236,-0.0033386393550947032,1.3447225784982633,1.520582846060184
1187,6.7047511544044385,149.44875728691926,-0.0033196546230589478,1.3767379625152156,1.3578254172931103
1188,6.7047511544044385,149.44955404946822,-0.0031689470371517024,1.425509505904691,1.294864756107624
1189,6.7047511544044385,149.45030383718344,-0.0029821150123079793,1.4707282735881049,1.2364798241385175
1190,6.7047511544044385,149.45100170173026,-0.002775602079860039,1.5077500554891339,1.0990603349455674
1191,7.039988712124661,149.45168024050238,-0.0025702267428069506,1.5185642637172252,1.049337126268445
1192,7.391988147730894,149.4523336985405,-0.0023573560096094683,1.5142784488267838,1.058955774295929
1193,7.761587555117439,149.45296386160788,-0.002165065889464173,1.4964321958993532,1.0138782486900557
1194,8.149666932873311,149.45357100038322,-0.001986629327873709,1.4696237546757815,1.0009688828422874
1195,8.557150279516977,149.45416503452094,-0.001797271766760369,1.4377232959566435,0.9956242457868212
1196,8.985007793492827,149.45473156116472,-0.001584879194719482,1.4050330032255156,0.992211602859225
1197,9.434258183167469,149.4552513461558,-0.0013445378604533135,1.3641644665129826,0.9739446412311565
1198,9.905971092325842,149.45567362968683,-0.001010012902187639,1.3057387434701766,1.1389111986689566
1199,9.905971092325842,149.45590970499333,-0.0006355097795046937,1.2655988487773773,1.4515421319671347
1200,9.905971092325842,149.45602642081136,-0.00031419653707105667,1.256828401015023,1.9174154622913793
1201,9.434258183167469,149.45601448625712,3.3733948485537016e-5,1.3000054660369547,2.748954311715989
1202,8.985007793492827,149.45590426305074,0.00032713221514228707,1.3678458437392034,3.1328357525496853
1203,8.557150279516977,149.4557178040421,0.0005810626279767324,1.4802071474462783,3.8424312965278626
1204,8.149666932873311,149.45546816726812,0.0007899159714202754,1.6166198203374795,4.162114718989307
1205,7.761587555117439,149.45515253311984,0.0009915672279496117,1.7703547942179636,4.401872886087145
1206,7.391988147730894,149.45479287017864,0.0011960612221030113,1.9188679005286282,4.366236530927325
1207,7.039988712124661,149.45438153654547,0.0014536058005563174,2.0656034682283635,4.1885588929858475
1208,6.7047511544044385,149.45390352213457,0.0017920602586507467,2.2244619994616843,3.9194440621901463
1209,6.385477289908989,149.45330416494897,0.0022906008094090206,2.4121207921499455,3.5866247347229225
1210,6.081406942770466,149.4525800432516,0.0028211574734771836,2.620016656572657,3.2384781660806863
1211,5.791816135971872,149.4516842225864,0.0035578605254701873,2.8656769626206113,2.9517466265026577
1212,5.791816135971872,149.45083308867655,0.003918788809648799,3.1141681376741555,2.8197224802838154
1213,5.791816135971872,149.4498369894281,0.004586237892038497,3.4005555656919304,2.6805578646441615
1214,6.081406942770466,149.44865668468148,0.0051755775495707845,3.6995877162590256,2.7197823926893676
1215,6.385477289908989,149.44728234783108,0.0057394272994264715,3.9928525975432394,2.7716279871735243
1216,6.7047511544044385,149.44560488418506,0.00627873555242863,4.276854748486581,2.875035929597375
1217,7.039988712124661,149.44357121288257,0.006786210184118967,4.5688587365525,3.1494021892429678
1218,7.391988147730894,149.44118274256365,0.007187412650313924,4.825165864269486,3.392064321918435
1219,7.761587555117439,149.43845259671497,0.007497741210786381,5.035366434229219,3.6747682155942254
1220,8.149666932873311,149.4354052060907,0.0077246670957464405,5.1955883528343625,3.9707466516246037
1221,8.557150279516977,149.43208114233832,0.007872591219927975,5.296009110028575,4.172497961073624
1222,8.985007793492827,149.42853274533772,0.007929215827061556,5.345763553155405,4.31909515531649
1223,9.434258183167469,149.42478229785766,0.007965680769609228,5.356469948260893,4.4025348832841065
1224,9.905971092325842,149.42085856193845,0.007961551243541256,5.3398770642011035,4.419350721701523
1225,10.401269646942135,149.41677479133335,0.00794491893958303,5.304100598747144,4.361862980652672
1226,10.921333129289241,149.41254023982776,0.007918314536182476,5.2556357202259125,4.239876295397416
1227,11.467399785753704,149.408173981062,0.00785984031077756,5.199445544622863,4.066123116263992
1228,12.04076977504139,149.4036275673958,0.007833336252743954,5.173615702377772,4.158144801791746
1229,12.64280826379346,149.39888837574654,0.00781793901973756,5.146295039574458,4.162536862756878
1230,13.274948676983135,149.39393804786172,0.007790723912647311,5.137472853831018,4.398262437579623
1231,13.274948676983135,149.3888278127254,0.007898122894817413,5.231309144851854,4.193490823218942
1232,13.938696110832291,149.38342727683514,0.007883437634740946,5.275034569265367,4.561976139777333
1233,13.938696110832291,149.37780079627476,0.008036798233716662,5.390857439339192,4.520886717991667
1234,13.938696110832291,149.37189729973773,0.008252779925699678,5.508243599895345,4.208486328625521
1235,14.635630916373906,149.36563739779837,0.00830913247304889,5.524928191484205,4.508992736461357
1236,15.367412462192602,149.3592481528394,0.00815160684320826,5.47434048321349,4.699788932939514
1237,15.367412462192602,149.35277813458777,0.008235810187024968,5.486869975333479,4.182742877397401
1238,16.135783085302233,149.34604879023837,0.008194855466583611,5.462200611960315,4.6122967440393925
1239,16.135783085302233,149.33928402988346,0.00820972187597098,5.481004568506456,3.994941328349427
1240,16.942572239567344,149.33228996442142,0.008125770492233573,5.452705405053991,4.355962993195586
1241,17.78970085154571,149.32508446303646,0.008036162363956932,5.409698955099496,4.883352210449748
1242,17.78970085154571,149.31775674582062,0.008165957350943564,5.414011677508744,4.0913042988886765
1243,18.679185894123,149.3101831716387,0.00813241028772143,5.35118416596655,4.198161533202125
1244,19.613145188829147,149.30263709535424,0.007861200882002864,5.253047081881073,4.195271226926359
1245,20.593802448270605,149.29483040462986,0.007696113005406838,5.132725171546977,4.0379010089651635
1246,21.623492570684135,149.28687486644205,0.007449724210784393,4.996378352483262,3.8457953458467053
1247,22.704667199218342,149.27882867762978,0.00715829243061497,4.862730581720645,3.7612411733693474
1248,23.83990055917926,149.2705276631174,0.006980450090093419,4.7568630475406275,4.045934707911377
1249,23.83990055917926,149.26224697387255,0.007023232412774662,4.716310048643338,3.247868572852518
1250,25.031895587138223,149.25372185377734,0.007017170147332931,4.628306384997433,3.224255001750413
1251,26.283490366495137,149.24484340833257,0.006900466730190461,4.53226758253219,3.2784743527634825
1252,27.597664884819896,149.23576603332876,0.0068311213755599355,4.45795884314444,3.760536793133069
1253,27.597664884819896,149.22660757265425,0.006928036352999712,4.43486195859444,3.0904769244110306
1254,28.977548129060892,149.21720621666992,0.006888959453649621,4.360289742353512,3.1454149888982927
1255,30.42642553551394,149.207217195618,0.006931997080598674,4.257126091335416,3.1347473171105182
1256,31.947746812289637,149.19736811679033,0.006501763149974504,4.137994425668034,3.0389447263610068
1257,33.54513415290412,149.1872890090051,0.0063250431279523334,4.006687799938851,2.993510099543588
1258,35.222390860549325,149.1767366731916,0.006122989030674159,3.869183993008633,2.9623091353993694
1259,36.983510403576794,149.16538190315137,0.0060920954229248415,3.7222330198662923,3.0470942151443614
1260,38.83268592375563,149.15398875717173,0.005652043455851233,3.5659641653270886,3.1190883411042516
1261,38.83268592375563,149.14259163742278,0.0056540148092283655,3.469374310848901,3.532174882696945
1262,38.83268592375563,149.13203731461104,0.005721123222552214,3.4118162469648867,4.333606593108277
1263,36.983510403576794,149.1187992505905,0.006014945844203368,3.4651602128063463,6.386509179286242
1264,35.222390860549325,149.10389711892915,0.006361758200691359,3.5510310767056867,7.1380345418439894
1265,33.54513415290412,149.08873783913415,0.006721689223011267,3.639181284197248,7.216005346383495
1266,31.947746812289637,149.07350769662588,0.007047161359443748,3.734066447989649,7.260654260818554
1267,30.42642553551394,149.05794991098887,0.007484804052190845,3.8382951244255294,7.332340974256424
1268,28.977548129060892,149.04226709292814,0.007917815891676571,3.9525629161681453,7.336405178253819
1269,27.597664884819896,149.02721646644017,0.008063236084361956,4.078383278753854,7.259372886235195
1270,26.283490366495137,149.01170799317265,0.00856186728071152,4.216911126093631,7.396797957571022
1271,25.031895587138223,148.98855284494064,0.009273452093489985,4.342949949752931,10.706280899485003
1272,23.83990055917926,148.96516864994948,0.009676169689316822,4.366727741450805,10.880296934327893
1273,22.704667199218342,148.94122312267376,0.009999107664327322,4.321697710172945,11.320725475651686
1274,21.623492570684135,148.9178001609737,0.01002323497631191,4.227454391809292,11.599367136591727
1275,20.593802448270605,148.89523409717958,0.010142442109951737,4.110923856219321,11.59586020950004
1276,19.613145188829147,148.87319046040415,0.010375616553110145,4.006425688741942,11.287846749208803
1277,18.679185894123,148.85181683040156,0.010785601725458003,3.9344869618626928,10.733163713896474
1278,17.78970085154571,148.8309954465166,0.011429238377768986,3.915417683496829,10.058615816693552
1279,16.942572239567344,148.81037034525067,0.01231898793330824,3.966390054850173,9.423647973350674
1280,16.135783085302233,148.78955458887725,0.013435875935497658,4.092732980718783,8.889478427025894
1281,15.367412462192602,148.76824942735078,0.014745008704291834,4.289241963650285,8.451658515558588
1282,14.635630916373906,148.74612687661568,0.016329032358046804,4.5446755850589735,8.078467235001046
1283,13.938696110832291,148.7237051807697,0.01775915886885329,4.843009178828238,7.674540049266824
1284,13.274948676983135,148.70041021606178,0.01955884861057057,5.19046466889602,7.380353062011985
1285,12.64280826379346,148.67617243707434,0.021564082317702907,5.580481952496323,7.100227771484675
1286,12.04076977504139,148.65089852530724,0.02382198347423325,6.006632765530768,6.832144784437601
1287,12.04076977504139,148.62475190281654,0.025731690109235858,6.352908123265764,6.260569005078868
1288,12.04076977504139,148.59988525655447,0.027531394519929947,6.643476014242658,5.966647187716885
1289,12.04076977504139,148.5763044820678,0.029433559581608065,6.932704941543435,6.053101173272629
1290,12.04076977504139,148.55065395557895,0.0315134933049474,7.255573112778862,6.338142760980073
1291,12.04076977504139,148.5221243488081,0.03356490021232332,7.57674048645675,6.434225828968586
1292,12.04076977504139,148.49090361263495,0.03540998138633148,7.85940063940664,6.287141597778064
1293,12.64280826379346,148.45709051194174,0.03611098839117585,7.94928943633967,5.571009727404262
1294,13.274948676983135,148.42192637494247,0.03604382240687879,7.887920249529105,5.05001189766406
1295,13.938696110832291,148.38522151797648,0.03552352625008088,7.724570327330718,4.849349301475436
1296,14.635630916373906,148.34763978985202,0.03466514612370482,7.494178834466223,4.874639226203483
1297,15.367412462192602,148.3095888053555,0.033739185585388035,7.20850360787879,4.938032705611594
1298,16.135783085302233,148.27196935791656,0.03226977394333466,6.889755067637397,5.165204503540618
1299,16.942572239567344,148.23491775410076,0.03085297411662341,6.562521613139944,5.500442479125655
1300,16.942572239567344,148.19865106840822,0.03028606670370354,6.353141660361759,5.894717542637072
1301,16.942572239567344,148.16226528595368,0.030310302190643273,6.227623748560302,6.368908324470063
1302,16.942572239567344,148.12992504823083,0.029929721385778436,6.154160699880251,6.74442847711344
1303,16.942572239567344,148.09485897679332,0.03021720068796561,6.165169475429103,7.351564598583083
1304,16.942572239567344,148.0580004624243,0.030688380216696735,6.207671425750743,7.608705130044658
1305,16.135783085302233,148.02003153438253,0.03158847912103334,6.370188384912304,7.995319294500498
1306,15.367412462192602,147.9822082680557,0.03303222413826077,6.600206996224371,7.997361095130458
1307,14.635630916373906,147.94399658663104,0.03493960374919483,6.875210764067727,7.78674116865587
1308,14.635630916373906,147.90788404790362,0.03554607596885724,7.022741732625297,6.775422793437496
1309,14.635630916373906,147.8703742857424,0.036377891733001294,7.127662471570423,5.915788474552755
1310,15.367412462192602,147.8323426109539,0.03556017066184074,7.040972633826569,4.792968648322201
1311,16.135783085302233,147.79374296860937,0.03444120210628346,6.8222793405201285,4.282407899745841
1312,16.942572239567344,147.75529780166826,0.03317388937927108,6.522939547126914,4.231553970714101
1313,17.78970085154571,147.71784570423526,0.03150245601730649,6.1873288873512005,4.323054835334576
1314,18.679185894123,147.6812306866919,0.030008244202599184,5.871696620263333,4.496814936011361
1315,19.613145188829147,147.64511691541827,0.028752043988500356,5.588851139868089,4.6480577628219475
1316,20.593802448270605,147.60925012232403,0.0276452530508999,5.337819420421593,4.806348254877494
1317,20.593802448270605,147.57359591936847,0.027338415265142916,5.209452363551598,4.949444027942465
1318,20.593802448270605,147.54089260713243,0.027989577399904528,5.160265444270462,5.490743405412647
1319,20.593802448270605,147.50879111880585,0.027629126922973313,5.173687467071106,6.055467866323422
1320,20.593802448270605,147.47356543301174,0.02824027685903035,5.242853589505297,6.5010005693841055
1321,19.613145188829147,147.43578722054534,0.02997503201168568,5.413748793465548,6.897008249887714
1322,18.679185894123,147.39889872112104,0.030627274359989236,5.606420609875753,6.719140318405524
1323,18.679185894123,147.36479440761673,0.031547049079989946,5.718127237593649,5.855236162491313
1324,18.679185894123,147.33024778050688,0.03231681875539233,5.789897770813189,5.321826784580205
1325,18.679185894123,147.2962749705399,0.031658874061801436,5.812056807935457,4.798218024151569
1326,19.613145188829147,147.2618862190016,0.031047500463396865,5.713395836295472,4.011038187701312
1327,20.593802448270605,147.22718950081742,0.02992795595139809,5.529544605508427,3.663687469579862
1328,21.623492570684135,147.19252990735643,0.0287038516880356,5.325186057922391,4.343844176572308
1329,22.704667199218342,147.15506331533163,0.02738138325485282,5.11290678656109,6.468445246077686
1330,21.623492570684135,147.11861095095938,0.02709806786996529,5.034725794057109,6.677098373446827
1331,20.593802448270605,147.0830781305685,0.027126329195655666,4.9956051614039625,6.826975589081355
1332,19.613145188829147,147.04879197491206,0.02785889601967816,4.981664725318968,6.734942408418294
1333,18.679185894123,147.0177884921869,0.0274859505362866,4.986240450669931,6.292609655984202
1334,17.78970085154571,146.9893722964324,0.028218708461997574,5.050449113617737,5.726799101994937
1335,17.78970085154571,146.96182736587932,0.02856683794022672,5.098557331666393,5.32384534581416
1336,17.78970085154571,146.93387824407125,0.028896219353147727,5.184845702672446,4.722780469351481
1337,17.78970085154571,146.9052346252548,0.02916447097757248,5.2648072777786465,4.376515439227054
1338,18.679185894123,146.87634224500934,0.028301567978202474,5.211853758816074,4.90320950319572
1339,18.679185894123,146.84835157341152,0.027770929291956233,5.14567440713231,4.9636722238685405
1340,18.679185894123,146.82102368240027,0.027397836707447876,5.092244415399597,4.782108630637841
1341,18.679185894123,146.79405985600113,0.027178279677300854,5.064994236002546,4.4092333484446735
1342,18.679185894123,146.7671366872063,0.027110701751594708,5.069963249064978,3.9345368312194617
1343,19.613145188829147,146.73951323344468,0.026540788760867903,5.060509558548504,4.150756096160121
1344,20.593802448270605,146.7115717592002,0.025772537795456824,5.0203376794069445,4.225345123945712
1345,20.593802448270605,146.68356839078075,0.025602515857802367,5.064871468325103,3.588184410270709
1346,21.623492570684135,146.6547858058709,0.025036406505955257,5.070015644552078,3.881451668615401
1347,22.704667199218342,146.62560175575953,0.02432975498148159,5.03813763122496,4.07663118863722
1348,23.83990055917926,146.59617505521697,0.023584023343801174,4.991103488222364,4.342827208721858
1349,23.83990055917926,146.5669424918587,0.023400588773292184,4.997042189382662,3.384132693576644
1350,25.031895587138223,146.53715661362315,0.02286671816706824,4.962381770724051,3.522167605298137
1351,26.283490366495137,146.50718275782012,0.022193157627323778,4.900245279470271,3.5645942418944645
1352,27.597664884819896,146.47726206325945,0.021449005899561977,4.82024936453956,3.5005900414532607
1353,28.977548129060892,146.4473755517651,0.02079160042121288,4.730456025874906,3.2872164640747132
1354,30.42642553551394,146.41763820569776,0.02007814472889165,4.641998891040041,3.165769494865956
1355,31.947746812289637,146.3874849639833,0.019215359562136887,4.547632647986165,2.9871585145677853
1356,33.54513415290412,146.3570226045899,0.01836682148099152,4.444295128573929,2.808675995673221
1357,35.222390860549325,146.32644945581913,0.01748843247967258,4.33147806574033,2.703034191545841
1358,36.983510403576794,146.29536772022988,0.016908541885602497,4.211331363144929,2.3100689272032287
1359,38.83268592375563,146.26483799500852,0.015837983534517087,4.083351774435421,2.6859816853508094
1360,40.77432021994342,146.23366969261082,0.015167810868311331,3.950278595385774,2.3954306980573934
1361,42.81303623094059,146.20142345286627,0.014509829548865108,3.8110990164584084,2.5019867984556177
1362,44.95368804248762,146.1681261622051,0.013853694473367975,3.664293810731728,2.678765186659211
1363,47.201372444612005,146.13382316999073,0.013196604140565801,3.509377595950869,2.900805751714705
1364,49.561441066842605,146.0985684505818,0.01254067529850659,3.353029759929307,3.007978378702516
1365,49.561441066842605,146.06935792029313,0.012224304977087198,3.2555891829265207,3.5457893002930616
1366,49.561441066842605,146.0365824322102,0.012151473835211184,3.2152710773069817,5.344948540912595
1367,47.201372444612005,145.9969729692196,0.012444945993958031,3.259513086791193,7.237316261971599
1368,44.95368804248762,145.9567595440739,0.012774411877147044,3.315964781613193,7.516074266426212
1369,42.81303623094059,145.91649856825396,0.013121702531341583,3.3836205482695854,7.6920893432255175
1370,40.77432021994342,145.87605069263827,0.013506596294710753,3.463369583793871,7.8829597257739215
1371,38.83268592375563,145.83563802257515,0.013934011095669035,3.5557385822040204,8.016230610739235
1372,36.983510403576794,145.79535488147502,0.014421155334747058,3.662723156435604,8.106649218303232
1373,35.222390860549325,145.7557850720579,0.01500451822444264,3.784918024123341,8.036173612681722
1374,33.54513415290412,145.7174343355063,0.01564714256969633,3.941718416582005,7.61374191628923
1375,31.947746812289637,145.67922775602253,0.01644196566562136,4.110612390029169,7.579371638416448
1376,30.42642553551394,145.64531900944135,0.01735410024152344,4.333904455603442,6.496964445939114
1377,28.977548129060892,145.61142202945564,0.01845232487213657,4.585903258207689,6.413573395017276
1378,27.597664884819896,145.5776012842671,0.019679964229281657,4.834815730072955,6.299967674191197
1379,26.283490366495137,145.54313443751005,0.020980439150982556,5.078127856993861,6.1392950622818345
1380,25.031895587138223,145.50928899685346,0.022358238228392894,5.321394369570129,5.76695012775448
1381,25.031895587138223,145.47509482610485,0.023165265158186846,5.4596044333350395,4.66059301679651
1382,25.031895587138223,145.43972368362108,0.02367961230780769,5.524854911026341,3.888520172255954
1383,26.283490366495137,145.40351191523905,0.02342952597262151,5.444315818486564,2.769317518538037
1384,27.597664884819896,145.36658474974593,0.022798149455092363,5.2756616045138465,2.5212325665882487
1385,28.977548129060892,145.3297407768446,0.021971720582602265,5.05017488280365,2.781973013411518
1386,30.42642553551394,145.29343825138008,0.02106571013649745,4.798861784992621,3.0308572766756177
1387,31.947746812289637,145.25779862241447,0.02015912884119611,4.552106317771932,3.2907103823415915
1388,33.54513415290412,145.2228366949464,0.019278650124903634,4.317607955257884,3.4869928094069764
1389,35.222390860549325,145.18856487558543,0.01843155509313183,4.093295679237565,3.5314489658111157
1390,35.222390860549325,145.15447521994497,0.018101969044701585,3.95122980194626,3.2865759204838305
1391,36.983510403576794,145.11879502634324,0.017518780940787296,3.793840023102222,3.5732341633318514
1392,36.983510403576794,145.08894222174277,0.01724419370000167,3.68883147068478,3.9398681896778927
1393,36.983510403576794,145.05819965922313,0.017231201442474663,3.6464866236408975,4.880011450941754
1394,35.222390860549325,145.02125157350616,0.01780112479706308,3.705183925251381,6.324874390911319
1395,33.54513415290412,144.98305412170924,0.018485977132497736,3.7921231739838164,6.61132773687957
1396,31.947746812289637,144.945933783689,0.01919734552425482,3.888722182616707,6.496160496904387
1397,30.42642553551394,144.90940174385298,0.019947631357867153,3.99421851860343,6.272211130920541
1398,28.977548129060892,144.87404367772453,0.02074617222747862,4.102204920065036,5.950324890974746
1399,27.597664884819896,144.8398932037706,0.021595597702919415,4.21194474105756,5.6282546067391435
1400,26.283490366495137,144.80720409960833,0.022489929926123083,4.32549887695349,5.273624699803379
1401,25.031895587138223,144.77549619986016,0.023464404309187406,4.440985911953473,4.99809285872425
1402,25.031895587138223,144.74566297492387,0.023896801067534282,4.483008755628224,4.1197361998717374
1403,25.031895587138223,144.71549117877325,0.024117793215526578,4.492341367065137,3.5388491238132795
1404,26.283490366495137,144.68503584552462,0.02360791454357591,4.411899238404089,2.8642653090736463
1405,27.597664884819896,144.65436075774332,0.02277377368935761,4.259357993031223,3.06110317702915
1406,28.977548129060892,144.62408180817022,0.021806475413474975,4.059963551104988,3.6258781300236107
1407,28.977548129060892,144.59744890712457,0.021397960671314102,3.9034834020765232,4.281480504900837
1408,28.977548129060892,144.56718606711172,0.02131765305625461,3.7985649506535504,5.258173303019882
1409,27.597664884819896,144.53605964416016,0.021801426556877196,3.774336330172159,5.552623221512399
1410,26.283490366495137,144.50484327587705,0.022531894144398597,3.808187223326163,5.657543155280618
1411,25.031895587138223,144.47454914595505,0.02337757624527309,3.8631102110996607,5.55637440946491
1412,23.83990055917926,144.44512283764413,0.024331308560969312,3.938859148637416,5.286337538881236
1413,22.704667199218342,144.41711977364213,0.025412278434986283,4.035425952268406,4.910193392248094
1414,21.623492570684135,144.39072284828237,0.026662511444154397,4.156837207251745,4.497187693601208
1415,21.623492570684135,144.3643934034635,0.027402774954568266,4.237392142527836,4.002231258317564
1416,21.623492570684135,144.3371890775315,0.027925177495582106,4.296289386006936,3.5806113030532
1417,21.623492570684135,144.3093348460754,0.02831054936654193,4.339047280415734,3.21836025563194
1418,22.704667199218342,144.28079008404364,0.027893931921435466,4.298123502923277,3.08498066155148
1419,23.83990055917926,144.25145593672275,0.027088670716059117,4.205536931867661,3.207731693246221
1420,25.031895587138223,144.22180882703572,0.026084140681150756,4.08145468469224,3.4235552893784758
1421,25.031895587138223,144.19305470390356,0.025653804074734134,4.005767823311088,3.0258555738883697
1422,26.283490366495137,144.16291038119877,0.024867415567450597,3.9201002832851386,3.395516037915009
1423,26.283490366495137,144.13318548417766,0.024521412345553568,3.8857543919039093,3.25699149054451
1424,26.283490366495137,144.10361721085994,0.0243922063667976,3.875479167137056,3.0379315711294943
1425,27.597664884819896,144.0735585310255,0.023615966560996328,3.813107798109886,3.4378108999253247
1426,27.597664884819896,144.04412987556591,0.023120980265796672,3.763025520561522,3.346139592915367
1427,27.597664884819896,144.0150719455043,0.022829715358344178,3.7243060628296925,3.175533609501884
1428,27.597664884819896,143.98624715867848,0.02264654354607026,3.700077657200655,2.983320593262691
1429,28.977548129060892,143.95600208527136,0.021971714223923557,3.6242041561101868,3.423389810711842
1430,28.977548129060892,143.92621622176685,0.021638118447453416,3.5765683672032385,3.097225430228173
1431,28.977548129060892,143.89665382709057,0.021475778182385566,3.550919556139262,2.803791135698117
1432,30.42642553551394,143.86651840465876,0.020849578683816074,3.4824223856527663,3.1490329611890866
1433,30.42642553551394,143.83677488011944,0.020578439098354915,3.449111717547218,2.7463084459481375
1434,31.947746812289637,143.80559513848647,0.019946467242746724,3.3799015019123644,3.03069382145713
1435,31.947746812289637,143.77489416157596,0.01964018937281788,3.347597741211042,2.603801864963818
1436,33.54513415290412,143.74278736609185,0.01899170316833499,3.2777687178605683,2.8058166579928776
1437,33.54513415290412,143.7112021363143,0.018683188384084223,3.2390546133305307,2.344856361970923
1438,35.222390860549325,143.6781736745357,0.018064617753475953,3.163844938446214,2.5371328099405557
1439,36.983510403576794,143.64395108419913,0.01730719883766989,3.0646700220303424,2.7351809046562594
1440,36.983510403576794,143.6094043468657,0.0169622600796488,3.0028048532554212,2.2074541513244195
1441,38.83268592375563,143.57339919618786,0.01634612399188636,2.9124775519704116,2.3856340209485225
1442,40.77432021994342,143.5361679401558,0.01562900464270971,2.8143806335769916,2.4948465460800584
1443,40.77432021994342,143.49863221886466,0.01529787730593965,2.750253856586381,1.8993916734664777
1444,42.81303623094059,143.45957631695913,0.014717923972303924,2.658254341329745,2.0954218558496045
1445,44.95368804248762,143.41925527653657,0.014049636562437594,2.5487171463235567,2.277421063657782
1446,44.95368804248762,143.37868319126136,0.013725351174287997,2.4754890684134527,1.5849447223843345
1447,47.201372444612005,143.33651533583802,0.013190192259081258,2.372216482693601,1.490935804515178
1448,49.561441066842605,143.29299405321535,0.012587653335281255,2.256860695544871,1.6221317527780699
1449,52.039513120184736,143.24845216430003,0.011912013983879168,2.1387127457880992,1.7217698700345136
1450,54.641488776193974,143.20285738442178,0.011274704382165495,2.0187785461465455,1.8454397926078083
1451,54.641488776193974,143.1572056402773,0.01095999081547542,1.934266309097715,1.6237720837435656
1452,54.641488776193974,143.1190201214819,0.01078530882844949,1.8718995228482123,1.9983066299940135
1453,54.641488776193974,143.0865434784573,0.010791606371175167,1.8506610985551777,3.0006880365124378
1454,52.039513120184736,143.05004769467055,0.011302980753388593,1.90399317768764,5.334485656900607
1455,49.561441066842605,143.01230279745852,0.01196084021902486,1.9966413045415399,6.440354548058393
1456,47.201372444612005,142.97226039337724,0.012710397962579802,2.1101305736487923,7.163621123859737
1457,44.95368804248762,142.93076375757272,0.013492195556676152,2.233730080035991,7.343298360041006
1458,42.81303623094059,142.8878894641234,0.01430197563725629,2.3478059913561515,7.51538361096855
1459,40.77432021994342,142.8460760723928,0.015058660016614706,2.462465911222527,7.09628998721475
1460,38.83268592375563,142.80450453394914,0.01585911806146887,2.573188030499601,6.829225047306778
1461,36.983510403576794,142.76382872050493,0.016675587931209417,2.681049592571294,6.478307020585802
1462,35.222390860549325,142.7240312955574,0.01751989507892308,2.7866965977557556,6.150097204677933
1463,33.54513415290412,142.68486076497655,0.018416964455386983,2.891861647980123,5.870187689993233
1464,31.947746812289637,142.6464328678756,0.01935942949056919,2.995841865898901,5.584916979623264
1465,30.42642553551394,142.60954179466293,0.020366791825327555,3.103451924591634,5.195333091665842
1466,28.977548129060892,142.57382913577962,0.021441259293285844,3.2188058888439333,4.870109238913125
1467,27.597664884819896,142.53811778844647,0.022556745066679717,3.3322757518272583,4.718985957101162
1468,26.283490366495137,142.5045666872378,0.02371393753204676,3.4509821677402517,4.299065503603566
1469,25.031895587138223,142.47102904976188,0.024977630285519078,3.5655171503083367,4.159146922233646
1470,25.031895587138223,142.4367385554405,0.025621351996228833,3.613660485470966,3.3042173237971255
1471,25.031895587138223,142.4020611689195,0.025910432145882654,3.61310133661134,2.6076747350958827
1472,26.283490366495137,142.36532261105035,0.02538188534488215,3.5148209773834576,1.6425339207283316
1473,27.597664884819896,142.32729340810388,0.024293633357595084,3.3571336840081294,1.286419739248445
1474,28.977548129060892,142.28831789740627,0.023021866985446456,3.1544248598191116,1.6174022400190444
1475,30.42642553551394,142.2486857974875,0.021645582935694522,2.923847502724066,2.019502030927637
1476,31.947746812289637,142.20868198501626,0.020202125329873262,2.694548867488588,2.3956643951667433
1477,31.947746812289637,142.16935849162599,0.019280156108936908,2.501424388964591,1.9666681000646233
1478,33.54513415290412,142.1293865377004,0.018121214786198773,2.2985113693498884,2.2073014210927298
1479,33.54513415290412,142.089946326575,0.017359369054334668,2.132035396325953,1.9320882687459218
1480,33.54513415290412,142.050801472983,0.016727542943988025,1.9980593747659843,1.8721238448910837
1481,33.54513415290412,142.01279589759687,0.01624070180489229,1.8839737130639103,1.9652995297526659
1482,33.54513415290412,141.9812164626279,0.015876066519366423,1.790030353387354,2.1416820718287704
1483,33.54513415290412,141.95467514316235,0.01569792097340748,1.7357300847121278,2.325317871190369
1484,31.947746812289637,141.9324533632972,0.016235618707904305,1.751824413018497,3.036859766450428
1485,30.42642553551394,141.91275177759772,0.017267083116344346,1.8247649922872933,3.8465578000453373
1486,28.977548129060892,141.8904672437685,0.018585710320403574,1.943009357204349,4.44108405826686
1487,27.597664884819896,141.86646403821695,0.020024793934820977,2.0788843832321144,4.661815605514619
1488,26.283490366495137,141.84226675072983,0.021489474153173996,2.219364185586934,4.598160197219489
1489,25.031895587138223,141.81825857157904,0.022961745170657702,2.3645989764873803,4.352608507187212
1490,23.83990055917926,141.79413914268338,0.024481103855233322,2.5036119350748534,4.1810308745172495
1491,22.704667199218342,141.7699139235289,0.02603812048648929,2.6372969475500705,3.977682818799214
1492,21.623492570684135,141.74483207933113,0.02748232415549326,2.7466748126292666,3.61522042193431
1493,20.593802448270605,141.71914584040692,0.02869105937988401,2.8316712138640523,3.03750662276372
1494,20.593802448270605,141.69245849142635,0.028941049528494044,2.8533877009498796,2.139969658112435
1495,21.623492570684135,141.6645124333168,0.028022241766467122,2.792034001874395,1.3869691834567934
1496,22.704667199218342,141.63599567562244,0.026439664478494104,2.67775666015975,2.2047143297115674
1497,23.83990055917926,141.6122332759326,0.024685269099780104,2.5128492188195604,2.982724362667126
1498,23.83990055917926,141.5887917981167,0.023642605301158585,2.3829704423133053,2.87558149178527
1499,22.704667199218342,141.56590077748135,0.0235357247258936,2.3092869083934393,2.3127862658329863
1500,22.704667199218342,141.54613138971507,0.023219176442483284,2.242621507228741,2.4559555253204564
1501,22.704667199218342,141.52598570484807,0.02297197860985683,2.182811734813356,2.2222384904771535
1502,22.704667199218342,141.5060347331461,0.022749948597310027,2.138043814413553,2.227521446700487
1503,22.704667199218342,141.48567607168405,0.022538674057553987,2.100000094262084,2.1628071538483415
1504,22.704667199218342,141.46490669386986,0.022323660252799204,2.064699108641356,2.10790031322114
1505,22.704667199218342,141.44611251383355,0.022073793458719158,2.0354239287151334,2.163284270986129
1506,22.704667199218342,141.42741158063686,0.02196427490145779,2.0231477113618133,2.3826225939426
1507,22.704667199218342,141.40873455788304,0.02193619204948979,2.0268612030410154,3.1513892107286527
1508,21.623492570684135,141.39047487084088,0.022518332142745213,2.0864186816933468,3.1625554524212767
1509,20.593802448270605,141.3723938432015,0.023412904841648322,2.1683281918005775,3.1003621151396854
1510,19.613145188829147,141.3544087140416,0.02445316340886196,2.273065634015935,3.09668071250383
1511,18.679185894123,141.33595037058132,0.02558387274141763,2.3826490253125368,2.9462048387997664
1512,17.78970085154571,141.31696147870474,0.026830283358840794,2.4975039362207894,2.7249011604220157
1513,17.78970085154571,141.29758564308986,0.02737701405852843,2.5760797737448846,2.714687929667745
1514,17.78970085154571,141.2773837125472,0.027712856096978784,2.630434912909607,2.620293945084032
1515,17.78970085154571,141.25706525988534,0.027872700262002375,2.6692326934943456,2.5568621088681454
1516,17.78970085154571,141.23666206727287,0.027988945887625623,2.696129870234718,2.3322845109807417
1517,17.78970085154571,141.21622884457238,0.028030140936127088,2.730659674549824,2.2742195814439468
1518,18.679185894123,141.19519898779376,0.02747485625621447,2.706604614269231,2.187190615780253
1519,19.613145188829147,141.17383326436146,0.026584433935335217,2.6707834508949175,2.4006017072079686
1520,19.613145188829147,141.15274260503915,0.02624218370996812,2.6552432257061973,1.9163149497761218
1521,20.593802448270605,141.13120142931967,0.025526420506797768,2.6344362548739833,2.14858789248978
1522,21.623492570684135,141.10863811602763,0.024722755034441008,2.5815199564885463,1.8948090808856428
1523,22.704667199218342,141.08585964361,0.02377000586036869,2.549781692085484,2.373550045034001
1524,22.704667199218342,141.06340782380175,0.02342913425596545,2.53720437796359,1.7854064511755992
1525,23.83990055917926,141.04043486587787,0.022831387815005696,2.4947745600835516,1.675580843262719
1526,25.031895587138223,141.01711620153696,0.02207139412136994,2.4569543970405534,1.88064798308713
1527,26.283490366495137,140.99356199227955,0.021232704948803457,2.4150621049261467,2.035556205704106
1528,26.283490366495137,140.97028629632308,0.02098164193582903,2.383326975884743,1.4763267219267195
1529,27.597664884819896,140.946544416599,0.02038274152649003,2.3706396398078056,1.8731566747886188
1530,28.977548129060892,140.921705875781,0.019717282180440242,2.320915309049613,1.7135721921171643
1531,30.42642553551394,140.89581052251202,0.019007118803080293,2.243213994364696,1.6800645323068473
1532,31.947746812289637,140.8698170602815,0.01817060048935652,2.201066788506444,1.9768768649607162
1533,31.947746812289637,140.8442824015172,0.017849876208178243,2.1580310715412385,1.5970463253251188
1534,33.54513415290412,140.8175980816853,0.017247841941259376,2.111852472014558,1.634007255381302
1535,35.222390860549325,140.78994002140834,0.016530036833513288,2.048482753845405,1.695645033183641
1536,36.983510403576794,140.76147586370814,0.01572982589301324,1.9921039292692262,1.8098991484350255
1537,36.983510403576794,140.73287662659334,0.015344148838646553,1.9454549238800458,1.551062867867962
1538,38.83268592375563,140.7031293367171,0.01475737916243025,1.8645617173180662,1.8619413910782499
1539,38.83268592375563,140.67409985766798,0.014401279276162733,1.8404460220863872,1.3905524965167793
1540,40.77432021994342,140.64388584230764,0.013859378392551205,1.7700080449631816,1.7130226391173995
1541,40.77432021994342,140.61870709433896,0.01358784272751366,1.7012091895380912,2.5542366756559742
1542,38.83268592375563,140.59363480094123,0.013793120059161446,1.7682609066392656,1.6383383568543697
1543,38.83268592375563,140.57204129270914,0.013975673175425326,1.7786499633839756,2.4200124994717247
1544,36.983510403576794,140.55183404223277,0.014570277586556725,1.8306953761118308,3.5608823447652482
1545,35.222390860549325,140.53152200076,0.015378128117893346,1.9416678797111637,3.8143604521182053
1546,33.54513415290412,140.50870241032564,0.016337894660422386,2.0591284043879394,4.468980507190221
1547,31.947746812289637,140.48499082514996,0.01733049495962762,2.183937694184292,4.5965885169489145
1548,30.42642553551394,140.45998816050803,0.01832871163470489,2.30092242774446,4.812044799383391
1549,28.977548129060892,140.438381955501,0.019304046909379004,2.441787229803381,3.9882244884251854
1550,27.597664884819896,140.41393214093608,0.020496962941048254,2.5516056972353045,4.639166466619339
1551,26.283490366495137,140.3920353264989,0.021568970073592396,2.7190301119838542,3.2761303950035887
1552,25.031895587138223,140.37066484857448,0.02276613088818363,2.847989506606229,3.4519105433362736
1553,23.83990055917926,140.3491884882566,0.024022874608415554,2.963936015584175,3.613932761573174
1554,22.704667199218342,140.32703324236203,0.025263466501384762,3.1012504522963455,3.1480081398091824
1555,22.704667199218342,140.30436895152656,0.02584392676230365,3.205214995658579,2.004516535328918
1556,23.83990055917926,140.28093329729987,0.02545095890765186,3.1854969693046815,1.3454753359468121
1557,25.031895587138223,140.25645645680385,0.024578529835729786,3.076725111976331,1.5936296492213204
1558,26.283490366495137,140.23121183628808,0.023439204444978066,2.945089518042146,1.6494596455950308
1559,27.597664884819896,140.20538160260915,0.022175623108348516,2.812747001575772,2.082574728779096
1560,28.977548129060892,140.18267861625839,0.0208924843005525,2.6849676938813447,3.0082289372435502
1561,28.977548129060892,140.16007128053636,0.020198506361090343,2.56461935001366,2.5074920642343805
1562,28.977548129060892,140.13730151651794,0.019751094946652396,2.434884014832008,2.2596202141388164
1563,28.977548129060892,140.11631099629142,0.019316582740146564,2.389337141010172,2.5489145043981236
1564,28.977548129060892,140.09494339810303,0.019090863834548017,2.328130647946991,1.9131403425890308
1565,30.42642553551394,140.07260380906945,0.01845519028417586,2.2435711593429977,2.041203814269097
1566,30.42642553551394,140.0500175977175,0.018115466032232033,2.1725936043334952,1.6957890295519413
1567,31.947746812289637,140.02648700550813,0.017450684106667908,2.0915139047960536,2.0472202721677637
1568,31.947746812289637,140.00607239114913,0.017040003460664248,2.07271176697952,2.3534335882981754
1569,31.947746812289637,139.98515962439322,0.016947387798613513,2.02066108219653,1.7566750680755097
1570,31.947746812289637,139.96432210347166,0.016886409720135456,2.040204357658745,1.87885696995851
1571,31.947746812289637,139.9434105258204,0.016946424166364722,2.0366150837233277,1.4628879029944106
1572,33.54513415290412,139.92189797703168,0.016603278120806593,2.005345381011216,1.616935541537223
1573,35.222390860549325,139.89936640046733,0.016079296059098316,1.9585083112444766,1.7729084753417097
1574,35.222390860549325,139.8771157850979,0.015878792635764603,1.9360581470816907,1.5762576589579702
1575,36.983510403576794,139.85374480321323,0.015421473991567592,1.8938240136744648,1.7493520965062916
1576,36.983510403576794,139.83065873884297,0.015233469565357873,1.8724588072817094,1.6042889235848785
1577,36.983510403576794,139.80763759564968,0.015190630961168466,1.8505790892748866,1.734973320656999
1578,36.983510403576794,139.78655143651477,0.015204007699524564,1.8293353507237753,2.1576433875470395
1579,36.983510403576794,139.76482491555552,0.015209451952318915,1.8859255732975635,1.7960940297819534
1580,36.983510403576794,139.74296722029996,0.01530127931670827,1.893287387406753,1.6423141351603656
1581,36.983510403576794,139.7209791267901,0.015392563419983891,1.9016594261678046,1.7532237911678386
1582,36.983510403576794,139.69887161184533,0.015476163301448864,1.909897299626407,1.8706998563431756
1583,36.983510403576794,139.6773090092444,0.015547543479512113,1.916912171323221,1.9928092986877057
1584,36.983510403576794,139.6556501113391,0.015616976444540211,1.9246590917005124,2.1055377651871754
1585,36.983510403576794,139.6338856701883,0.01569307756408296,1.9163614356713106,2.557191878651966
1586,35.222390860549325,139.6119483369118,0.016124880642847856,1.97925028229937,2.1981334113534285
1587,35.222390860549325,139.58973120947502,0.01633054134839089,2.0024504947609554,2.2362686182318563
1588,35.222390860549325,139.56673412594884,0.016411497591250896,2.0158980055016924,2.1507274065831794
1589,35.222390860549325,139.543036516292,0.016418851224435874,2.020204188181479,2.0749257726948573
1590,35.222390860549325,139.51869737934115,0.01637216737042134,2.01976679512891,1.9209303315001096
1591,35.222390860549325,139.49449811246348,0.01627808119745518,2.012088008185247,1.775315012335083
1592,35.222390860549325,139.47048533690338,0.01615263438847886,2.0003601569342453,1.6253400834732965
1593,36.983510403576794,139.4453749602462,0.015618082219008568,1.950031590341413,1.348794356302222
1594,38.83268592375563,139.41948043634972,0.014892097954223478,1.87608974636926,1.5675140690239027
1595,38.83268592375563,139.39356418156447,0.014470481087752833,1.8201993979240554,1.3701265613737983
1596,40.77432021994342,139.36678950459256,0.013823195340178361,1.7441900171374498,1.692845212684462
1597,40.77432021994342,139.3399707272726,0.013442682922749277,1.6875308604880976,1.4321708808341214
1598,40.77432021994342,139.31287154845643,0.01318760366625154,1.643020166301695,1.2618576657284837
1599,42.81303623094059,139.28474992934005,0.01265387540531604,1.5782091035324204,1.5310423737094034
1600,42.81303623094059,139.25652736344318,0.012329415916342464,1.5294020493386067,1.3326392709194164
1601,42.81303623094059,139.22798957502746,0.012104005055696199,1.4905845416580628,1.2170760632758042
1602,44.95368804248762,139.2035133483948,0.011631749045747557,1.4207216424460904,1.6575746253097428
1603,44.95368804248762,139.1787851370574,0.011409222164724921,1.4047120896522536,1.0903636494717108
1604,47.201372444612005,139.15293294457064,0.011028950571046803,1.3625673548407582,1.1436963287315105
1605,47.201372444612005,139.12745880354655,0.01086766789078448,1.33137312101387,1.3621402703103271
1606,47.201372444612005,139.10141327681137,0.010787796108832876,1.3300335192818629,0.9255605394952316
1607,49.561441066842605,139.07882803426426,0.010481323341142988,1.2788336645087282,2.0588141585994415
1608,47.201372444612005,139.0562357800845,0.010688161313487725,1.3013748393163915,1.5624657839664116
1609,44.95368804248762,139.03715278513727,0.011152194701584427,1.3615398516906891,1.652277997303984
1610,42.81303623094059,139.01821618489944,0.01179491226967552,1.4234360459902737,2.528534508626743
1611,40.77432021994342,138.99745334054595,0.012537759134291023,1.467797409178516,4.35919640067329
1612,38.83268592375563,138.97749309130515,0.013307609159316128,1.6029080717245152,2.6903147637485434
1613,36.983510403576794,138.9575227879611,0.014399428737215628,1.690740947614838,3.3315808348099845
1614,35.222390860549325,138.92762324227962,0.015066286212625514,1.7092391439476589,6.04735944840835
1615,33.54513415290412,138.87533473077463,0.01565748775601942,1.6369110910543516,10.685156925023794
1616,31.947746812289637,138.84268041361125,0.015466449366038157,1.9191162628563572,6.88650335461537
1617,30.42642553551394,138.82391812326765,0.01549991085060479,1.944996322075923,2.285635385132094
1618,30.42642553551394,138.8061366089532,0.015584272772939133,1.8436614453731381,2.569826545890784
1619,28.977548129060892,138.7886089979607,0.01612983119616718,1.9835634037699998,3.16525629387183
1620,27.597664884819896,138.77057665237928,0.016916534260461486,2.03790457649991,1.3828079235574138
1621,28.977548129060892,138.7515862485336,0.016966961414297464,2.039710262878689,1.1918472358623549
1622,30.42642553551394,138.73143540882614,0.016647019810001083,1.99326228007002,1.2743847460423456
1623,31.947746812289637,138.7109110430397,0.01614818792829272,1.9718132942101942,1.7508698965609872
1624,31.947746812289637,138.69065359561088,0.015938181546320734,1.9440347706603907,1.3790607479585806
1625,33.54513415290412,138.66938206668036,0.015474842297525448,1.8977612970367426,1.5744697615694359
1626,35.222390860549325,138.64726263140727,0.014879044279989312,1.8393693383682324,1.7943704313673745
1627,35.222390860549325,138.62494345283312,0.014576121630185283,1.799988315436503,1.6931721432625404
1628,35.222390860549325,138.6029006030951,0.014395657877317714,1.770977495952609,1.6561173004704497
1629,35.222390860549325,138.58405468982994,0.014268131003969012,1.7298406959559547,1.912718467209112
1630,35.222390860549325,138.56524627876385,0.014239738307824053,1.7142779251361755,1.8886465012515818
1631,35.222390860549325,138.54585596856475,0.014252709463236968,1.7232267032141826,1.7073704168730894
1632,35.222390860549325,138.5269876498135,0.014285094066769519,1.7599563308547035,1.9702786897311353
1633,35.222390860549325,138.50807736533875,0.014316866071268277,1.7412877311807677,2.058495383304694
1634,35.222390860549325,138.48853915014138,0.01436142597919571,1.7709631622321338,1.7889323087194948
1635,35.222390860549325,138.4689678930722,0.014385713171882348,1.772509810156006,1.7122912746123096
1636,35.222390860549325,138.4499350542813,0.014409651229128774,1.7382628537425218,2.7640012332647816
1637,33.54513415290412,138.43077695197346,0.014786128041315847,1.7767874073158754,2.2294491083901393
1638,31.947746812289637,138.41240916111616,0.015331527417957395,1.8171473284903863,2.7135571837816665
1639,30.42642553551394,138.393635784681,0.015974341375874276,1.920304584678092,2.6096102009286573
1640,28.977548129060892,138.3755400440337,0.016652654040264635,1.9466010874360948,3.272072584397911
1641,27.597664884819896,138.35701853978935,0.017375424605220017,2.062447886703847,2.527235368893718
1642,26.283490366495137,138.3386294852467,0.018113729202391887,2.123226508448913,2.488797070360679
1643,26.283490366495137,138.3193290660928,0.018457717130090402,2.177761421029428,2.0627192530235106
1644,26.283490366495137,138.30101793471925,0.018578081899258397,2.1248663006426023,3.5213021498378128
1645,25.031895587138223,138.28264023677937,0.019007669765174217,2.2458549607135474,2.6325582071824436
1646,25.031895587138223,138.26352334480168,0.019196313344369307,2.2467961566961425,1.6971939204683233
1647,26.283490366495137,138.24389013336102,0.01877597891709805,2.2256554350801405,1.7780321139137953
1648,27.597664884819896,138.22348634333494,0.018042452349483876,2.1321643384607443,1.5914244292737676
1649,28.977548129060892,138.20482419696037,0.017173890435401042,2.071814280637794,2.355868608852703
1650,28.977548129060892,138.18618218300654,0.016655692738865656,1.9831669339179303,1.5763711138776026
1651,30.42642553551394,138.16799918160152,0.01593614855942482,1.9232505023751485,2.3092944703734224
1652,28.977548129060892,138.15019831958747,0.015904166198360048,1.8914321312605167,1.5307457318999327
1653,30.42642553551394,138.13148687118095,0.015457909289106129,1.8276754726333246,1.4335778395154675
1654,31.947746812289637,138.11208791563277,0.014818190444404926,1.7497521327650882,1.4923779461582685
1655,31.947746812289637,138.09261508202968,0.014441381876275293,1.7008583555870505,1.3502748828502467
1656,33.54513415290412,138.07516937005073,0.013868449116425877,1.6711922919642648,2.3250942247233573
1657,31.947746812289637,138.05797443092783,0.013934516885950909,1.636944000574205,1.608659298520724
1658,31.947746812289637,138.0412268255603,0.013979164553371642,1.6553215972812187,1.7823191527436917
1659,31.947746812289637,138.0239088396887,0.014034232097751233,1.6540982758846403,1.5353442213258859
1660,31.947746812289637,138.00653511276295,0.01407940379942314,1.656596324616318,1.5701423149620741
1661,31.947746812289637,137.98911445660585,0.014117434534019029,1.661316175117916,1.5943544398408107
1662,31.947746812289637,137.97165491651515,0.014148945481787233,1.6671969147786596,1.6053429562188222
1663,31.947746812289637,137.95416843655735,0.014170777140036438,1.6734069569505552,1.60475144696448
1664,31.947746812289637,137.9366699935477,0.01418047181505634,1.6791985130885574,1.59574565565473
1665,31.947746812289637,137.91968722833218,0.0141754516129511,1.6640046151800103,1.9778395877235693
1666,31.947746812289637,137.90221084044225,0.014162598681844527,1.6642026332604702,1.7935806008658974
1667,31.947746812289637,137.8852833591837,0.01412930629758301,1.6613318211313284,1.8445067305393754
1668,31.947746812289637,137.86840886436,0.014085078715422819,1.7094121708441674,2.158587845137038
1669,30.42642553551394,137.85198488632943,0.01439448570687793,1.7087183746003187,2.146996001285632
1670,28.977548129060892,137.83534257273016,0.014869062026201797,1.7869171167154476,1.8935135021670315
1671,28.977548129060892,137.81795009459864,0.015086695086334787,1.8121198610717757,1.5218655696342342
1672,28.977548129060892,137.80149477638062,0.015143050884037655,1.7851779710464486,2.2482031597059273
1673,27.597664884819896,137.78499004352113,0.015483447653349419,1.8612608471722585,1.8357051359483354
1674,27.597664884819896,137.76832703413777,0.0156319302912228,1.8786036388538294,1.3781014121828195
1675,28.977548129060892,137.7511989340665,0.015303087568413422,1.8559256935852184,1.2982218760242044
1676,30.42642553551394,137.7333693578524,0.014729376678521058,1.8085463667613901,1.4211136336180812
1677,31.947746812289637,137.71656077822087,0.014030059547169453,1.7047063836352672,2.319354512498789
1678,30.42642553551394,137.70016240784074,0.013953439189039418,1.7354741385732049,2.1268260030054105
1679,28.977548129060892,137.68378666487266,0.01420475214075828,1.7451322439139905,1.456484102293853
1680,28.977548129060892,137.6673205423115,0.014283149787823893,1.7472151931426307,1.4799257997137663
1681,28.977548129060892,137.65180245339087,0.014280563100402323,1.7165244213216564,2.0960049364842814
1682,27.597664884819896,137.63621852555414,0.014619620501988706,1.7861630693972892,1.7920205279525478
1683,27.597664884819896,137.62091622526734,0.014786082180670403,1.7800635442798367,2.0785008417595954
1684,27.597664884819896,137.60506389004524,0.014871419288275295,1.832801990785424,1.7178144239298
1685,27.597664884819896,137.5891847229178,0.014896590880311391,1.8441156897599253,1.483330994185935
1686,28.977548129060892,137.57291854127652,0.014533007223494494,1.8234748765755178,1.5030702778354388
1687,30.42642553551394,137.55698338216067,0.013966069590645456,1.754459807246227,1.9676551156686977
1688,30.42642553551394,137.54140575850607,0.013652714380487908,1.7604563985615855,1.9560509868288172
1689,30.42642553551394,137.52558926451096,0.0134583182370768,1.7409820840930081,1.6032839780183832
1690,30.42642553551394,137.50994788263122,0.013309314635014906,1.7267198900829752,1.597113088884987
1691,30.42642553551394,137.4944569822765,0.01318126930135346,1.715846576378998,1.5952065541626204
1692,30.42642553551394,137.47910490273264,0.013063146115993293,1.7075729230163812,1.5952553071953615
1693,30.42642553551394,137.46433446411143,0.012945272285554449,1.6690143476420263,2.2196523691611705
1694,28.977548129060892,137.44960608049837,0.01315906278189581,1.6810446478573489,2.026517784550818
1695,27.597664884819896,137.43559387721865,0.013539506175075279,1.7821709545745343,2.175232714143559
1696,26.283490366495137,137.42134827318844,0.014032315426060095,1.8386608630518406,1.465979232279183
1697,27.597664884819896,137.40652253193147,0.013908349236993404,1.8461394997552152,1.3431568029277003
1698,28.977548129060892,137.391451359351,0.013465327315849299,1.7957619180473137,1.8113803793767551
1699,28.977548129060892,137.37670551275386,0.013174665071315279,1.8135791667550516,1.7981818395292593
1700,28.977548129060892,137.36219306870834,0.012966131744750302,1.799581676978303,1.3973132597964926
1701,30.42642553551394,137.347937510604,0.012494014969680617,1.7215257869321046,2.290746551721095
1702,28.977548129060892,137.33395913637344,0.012488967487617743,1.7175781923258067,1.57286127422965
1703,28.977548129060892,137.32047373012276,0.012409981401799748,1.7708350522715852,2.3116802416779336
1704,27.597664884819896,137.3070160625828,0.01262492962867579,1.7563258758027214,1.9300188151221969
1705,27.597664884819896,137.29311569981738,0.012660419044227163,1.7650899736341026,1.402081809317483
1706,28.977548129060892,137.27974898579,0.012300754563816064,1.7969244039739156,2.4083528677152577
1707,27.597664884819896,137.26655952890522,0.01237331539927078,1.8175312285001468,1.3382215461679867
1708,28.977548129060892,137.2534455392617,0.012068184269344476,1.7587854686786224,1.9712393578190421
1709,28.977548129060892,137.24055880908404,0.011859048134113565,1.7906702005224764,2.103040138936392
1710,28.977548129060892,137.2274360930761,0.01172448031995192,1.78740856862569,1.372834974364752
1711,30.42642553551394,137.21410621695603,0.011342445104546062,1.7597722689039264,1.5926582359060688
1712,30.42642553551394,137.20142728952135,0.011112206762389555,1.7117255684944894,2.0050992069819857
1713,30.42642553551394,137.1885452117727,0.010961411672412404,1.711023510079432,1.4064401640446176
1714,31.947746812289637,137.1758541076959,0.010593217857768414,1.7242836081951038,2.340589312624391
1715,30.42642553551394,137.16335029001425,0.010639548662975102,1.7358238479464325,1.3463948384777231
1716,31.947746812289637,137.15092586924953,0.010370618278797306,1.6874797502849666,2.2167235353457735
1717,30.42642553551394,137.1386357953804,0.01045767319478384,1.7476696094055102,1.9261775440593982
1718,30.42642553551394,137.12596378332012,0.010468607703796224,1.7643557373976513,1.3862495111010864
1719,31.947746812289637,137.11302730416142,0.010178180351959594,1.7530442654989473,1.66854835230134
1720,31.947746812289637,137.1003298867689,0.009990091016342786,1.7491635514169686,1.660451885142253
1721,31.947746812289637,137.08780484139925,0.009854471925877937,1.7507971503206712,1.662744066328497
1722,31.947746812289637,137.0753895076145,0.009768152898610882,1.770420135891775,1.5892488136455134
1723,31.947746812289637,137.0637776574602,0.00969236858127662,1.7585312124675045,2.5293963082624917
1724,30.42642553551394,137.0521540494657,0.00989057470647853,1.8595256029042617,2.0229790144145063
1725,30.42642553551394,137.04007162260638,0.009981539340260711,1.9102678441819676,1.2425486378814494
1726,31.947746812289637,137.02765681471598,0.009767739134741622,1.928818051597683,1.5214444807300929
1727,33.54513415290412,137.0151034587081,0.00940642495965362,1.9270274718278464,1.8490673280165273
1728,33.54513415290412,137.00353182349357,0.00919885839915098,1.9145606692549535,2.1217637873933306
1729,33.54513415290412,136.9921082158078,0.00908118408174251,1.9209732466116904,2.2245685622203464
1730,33.54513415290412,136.98077452839598,0.009009702060987657,1.99335842691181,2.2925629239780636
1731,33.54513415290412,136.9691833354057,0.0089460250786761,2.035876001985153,1.5823141126624318
1732,35.222390860549325,136.9573946393058,0.008665197139096442,2.0396669801783625,1.8774928240529167
1733,35.222390860549325,136.94619108514462,0.008482145504545003,2.010621601440663,3.15066007263034
1734,33.54513415290412,136.93508936110612,0.00856825537698412,2.0786338192855083,1.4497911388707765
1735,35.222390860549325,136.9240382755683,0.008366712399179911,2.1231498257090333,2.111083376782611
1736,35.222390860549325,136.91318508884723,0.008216884359378845,2.108742990041887,2.909724524617041
1737,33.54513415290412,136.902428495818,0.008301884981198427,2.1491145708107133,2.7368435124893615
1738,31.947746812289637,136.89161510040003,0.008507777690650808,2.2815630511436673,2.0673266285747465
1739,31.947746812289637,136.88076399655085,0.008537445980464615,2.3231080718531936,2.1707004979440496
1740,31.947746812289637,136.87058893364258,0.008493087555864351,2.4119872860986318,1.8322657085099696
1741,33.54513415290412,136.86026792911116,0.008204670944176179,2.4031905309026524,1.9944096614183893
1742,35.222390860549325,136.8499514847567,0.007810519844479538,2.3829972210041213,2.085319880766718
1743,35.222390860549325,136.8399592997962,0.00756502494869844,2.41608537358186,2.163081033497082
1744,35.222390860549325,136.83020900382832,0.007381892203386058,2.4433432764343572,1.8267671486747135
1745,36.983510403576794,136.8204321340275,0.007049534378308397,2.404991854431325,2.3349763773111802
1746,36.983510403576794,136.81096384306068,0.006827036059055559,2.3820881971685304,2.9063038296713306
1747,35.222390860549325,136.8016623786612,0.0068369751853842664,2.4696233286099836,1.804774879729896
1748,36.983510403576794,136.79220741888335,0.006618857971910281,2.4965701708983357,1.746588222246923
1749,38.83268592375563,136.7827724597712,0.006290339703888323,2.487379693406036,2.000433793681673
1750,40.77432021994342,136.77344567130768,0.005922115934209327,2.456988329163868,2.32201436528021
1751,40.77432021994342,136.7645064184019,0.005676047256897851,2.428765516483546,2.083103037795063
1752,40.77432021994342,136.75582570308376,0.005511886830829818,2.4407815130618595,1.4154205342624102
1753,42.81303623094059,136.74715220480272,0.005245051731191176,2.413707980794252,2.238729461352833
1754,42.81303623094059,136.73875242387857,0.005079528934042542,2.4343116956250084,1.6786131216083515
1755,44.95368804248762,136.7303719065959,0.004826552184746635,2.423834044171712,1.9388716301908486
1756,47.201372444612005,136.72236324472442,0.00452453616310177,2.3666772848945516,3.38039169389368
1757,44.95368804248762,136.71462936380007,0.004454137926431666,2.388517164796216,2.227933598809042
1758,44.95368804248762,136.7070301159494,0.004376599329030759,2.4250010782324654,1.734807526018326
1759,47.201372444612005,136.69937972978812,0.004196239216612242,2.444416592215616,1.5280935739213404
1760,49.561441066842605,136.6917964325937,0.003961372283003753,2.430746592918945,1.8441999365008495
1761,52.039513120184736,136.68434434704957,0.003707456930374479,2.3968511746861636,2.2488596306008573
1762,52.039513120184736,136.67722969408197,0.0035395822143588756,2.38552746380962,1.6781194785481448
1763,54.641488776193974,136.67019815565658,0.0033316497473368303,2.355869688481082,2.0868279300457
1764,54.641488776193974,136.6634592719834,0.0031929854789473446,2.3486491199823156,1.5507149755230178
1765,57.37356321500368,136.65679124446677,0.0030089645289191422,2.3227210189379335,1.9618166812540394
1766,57.37356321500368,136.65040955920816,0.00287975185018431,2.3181874104486417,1.4895442334298354
1767,60.24224137575386,136.64413868639085,0.002694997572972962,2.2893750930182004,2.139680817282116
1768,60.24224137575386,136.63815631397924,0.0025710103840181514,2.280447086676259,2.056414675578282
1769,60.24224137575386,136.63240110889885,0.0024733819638109622,2.289509740793412,1.8824367824296773
1770,63.25435344454156,136.6266973316038,0.002334552509650973,2.27846807656795,1.747721606319597
1771,66.41707111676864,136.62109635951492,0.0021833089547812416,2.25087810821974,2.1271720285903766
1772,66.41707111676864,136.6157882075698,0.0020691650469263382,2.241820594147151,1.6765028659441676
1773,69.73792467260708,136.61060151715944,0.0019255411958753773,2.212725793428921,2.1296421060804027
1774,69.73792467260708,136.6057068840459,0.0018171159164931418,2.2033645104371526,1.7367300233881342
1775,73.22482090623744,136.60114614273394,0.0016609090580694522,2.170607334374524,2.463412191994322
1776,73.22482090623744,136.59688511473675,0.0015517608899846597,2.1587016529774345,2.444007270949767
1777,73.22482090623744,136.59267494857625,0.0014885808431557832,2.1718445585592723,1.8311393996531191
1778,73.22482090623744,136.58869607668854,0.0014068025449744503,2.186616044288507,2.08270931354683
1779,73.22482090623744,136.58490813043971,0.0013392973117747292,2.2070924499154048,2.1129545527763685
1780,73.22482090623744,136.58132615191127,0.0012664736769693657,2.2288896533488165,2.2120490077336656
1781,73.22482090623744,136.57795621634267,0.0011915020307828132,2.2512994320004918,2.2571299344144244
1782,73.22482090623744,136.57480364585774,0.0011146486508102449,2.2734376811365626,2.2635438400239485
1783,73.22482090623744,136.57204543660686,0.00100447151363843,2.2865406048385704,2.7899144019863544
1784,69.73792467260708,136.56951766331204,0.0009665800664253154,2.350112246881549,3.202784278421377
1785,66.41707111676864,136.5669720062307,0.0008891990251047884,2.421604686359471,4.626445412033173
1786,63.25435344454156,136.56486809752553,0.0008588993569928939,2.5173997064244187,4.035368567600076
1787,60.24224137575386,136.5628273903325,0.0008144945158409318,2.617190030530057,4.463932803811141
