AgentID,Group,Objective_Value
Cons_Elec_01,power,-9.297476531159744e8
Gen_Conv_01,power,-1.8495697959634297e7
Gen_VRES_01,power,7.005972794723153e6
Prod_H2_Green,H2,4.458388164918423e6
Offtaker_Green,offtaker,4.360518059546053e6
Offtaker_Grey,offtaker,34181.87741303444
Offtaker_Import,offtaker,-2.473899777940958e9
Demand_GC_Elec_01,elec_GC_demand,5695.321908303311
