AgentID,Group,elec_net_sum,H2_net_sum,elec_GC_net_sum,H2_GC_net_sum,EP_net_sum
Cons_Elec_01,power,-805.5922847200002,0.0,0.0,0.0,0.0
Gen_Conv_01,power,0.0,0.0,0.0,0.0,0.0
Gen_VRES_01,power,1359.0204448232346,0.0,1359.0204448232346,0.0,0.0
Prod_H2_Green,H2,-553.800564929471,369.20037661964744,-1157.3934551278894,217.52041427734193,0.0
Offtaker_Green,offtaker,0.0,-369.9193454328115,0.0,-161.42553423995486,369.9193454328115
Offtaker_Grey,offtaker,0.0,0.0,0.0,-56.094874517711915,107.19119450002718
Offtaker_Import,offtaker,0.0,0.0,0.0,0.0,0.0
Demand_GC_Elec_01,elec_GC_demand,0.0,0.0,-201.39807118000004,0.0,0.0
