AgentID,Group,elec_net_sum,H2_net_sum,elec_GC_net_sum,H2_GC_net_sum,EP_net_sum
Cons_Elec_01,power,-5365.058907607555,0.0,0.0,0.0,0.0
Gen_Conv_01,power,4905.407317109682,0.0,0.0,0.0,0.0
Gen_VRES_01,power,6271.767058668979,0.0,6271.767058668979,0.0,0.0
Prod_H2_Green,H2,-5813.95823947579,3875.9721596505256,-5770.985612355103,3875.972159649837,0.0
Offtaker_Green,offtaker,0.0,-3872.7392203728555,0.0,-1638.5647965109831,2904.5544152796424
Offtaker_Grey,offtaker,0.0,0.0,0.0,-2247.8634138195703,4001.449619302929
Offtaker_Import,offtaker,0.0,0.0,0.0,0.0,0.0
Demand_GC_Elec_01,elec_GC_demand,0.0,0.0,-506.5997764408345,0.0,0.0
