AgentID,Group,elec_net_sum,H2_net_sum,elec_GC_net_sum,H2_GC_net_sum,EP_net_sum
Cons_Elec_01,power,-5329.015098019607,0.0,0.0,0.0,0.0
Gen_Conv_01,power,5450.091645106842,0.0,0.0,0.0,0.0
Gen_VRES_01,power,4549.999903547564,0.0,4549.999903547564,0.0,0.0
Prod_H2_Green,H2,-4660.210218888108,3106.806812592072,-4636.288436299582,3106.8068101098356,0.0
Offtaker_Green,offtaker,0.0,-3037.7330644402623,0.0,-1299.52352731096,2278.2997983301966
Offtaker_Grey,offtaker,0.0,0.0,0.0,-2002.4249263741553,3565.3299969480045
Offtaker_Import,offtaker,0.0,0.0,0.0,0.0,960.0
Demand_GC_Elec_01,elec_GC_demand,0.0,0.0,0.0,0.0,0.0
