AgentID,Group,elec_net_sum,H2_net_sum,elec_GC_net_sum,H2_GC_net_sum,EP_net_sum
Cons_Elec_01,power,-5366.399999999999,0.0,0.0,0.0,0.0
Gen_Conv_01,power,4735.843278354895,0.0,0.0,0.0,0.0
Gen_VRES_01,power,6488.8163295284385,0.0,6488.8163295284385,0.0,0.0
Prod_H2_Green,H2,-5849.147432094665,3899.431621396443,-5805.441454276743,3899.4316213961956,0.0
Offtaker_Green,offtaker,0.0,-3906.8402481733356,0.0,-1656.1813970152098,2930.1301861300017
Offtaker_Grey,offtaker,0.0,0.0,0.0,-2234.540366559863,3982.01050713891
Offtaker_Import,offtaker,0.0,0.0,0.0,0.0,0.0
Demand_GC_Elec_01,elec_GC_demand,0.0,0.0,-686.690541171749,0.0,0.0
