AgentID,Group,Type,YearIndex,Capacity_MW,Investment_MW
Gen_VRES_01,power,VRES,1,162.31066472885107,62.310664728851066
Prod_H2_Green,H2,GreenProducer,1,41.752148018364736,1.7521480183647355
Offtaker_Green,offtaker,GreenOfftaker,1,31.19994956597694,1.1999495659769401
