AgentID,Group,Type,YearIndex,Capacity_MW,Investment_MW
Gen_VRES_01,power,VRES,1,100.00000000000017,1.7053025658242404e-13
Prod_H2_Green,H2,GreenProducer,1,40.00000000000017,1.7053025658242404e-13
Offtaker_Green,offtaker,GreenOfftaker,1,30.00000000000998,9.979572723750607e-12
