AgentID,H2_total,H2_GC_total,GC_per_H2
Prod_H2_Green,3899.431621396443,3899.4316213961956,0.9999999999999366
