AgentID,H2_total,H2_GC_total,GC_per_H2
Prod_H2_Green,3875.9721596505256,3875.972159649837,0.9999999999998224
