AgentID,H2_total,H2_GC_total,GC_per_H2
Prod_H2_Green,369.20037661964744,217.52041427734193,0.5891662849017969
