AgentID,H2_total,H2_GC_total,GC_per_H2
Prod_H2_Green,3106.806812592072,3106.8068101098356,0.9999999992010329
